t_ns,util_gpu_pct,util_mem_pct,mem_used_mib,power_w,sm_clock_mhz
261658932347038,2,0,962,116.604,1980
261658986625785,2,0,962,116.604,1980
261659041856690,0,0,6852,121.33,1980
261659092028233,0,0,6852,121.33,1980
261659142201696,0,0,6852,126.083,1980
261659192389451,0,0,6852,126.083,1980
261659242525295,18,0,6852,130.888,1980
261659292644550,18,0,6852,130.888,1980
261659342817981,18,0,6852,136.446,1980
261659393052447,18,0,6852,136.446,1980
261659443264205,13,0,6852,140.542,1980
261659493502332,13,0,6852,140.542,1980
261659543735704,13,0,6852,145.205,1980
261659593953435,13,0,6852,145.205,1980
261659644181094,13,0,6852,149.737,1980
261659698511396,13,0,6852,149.737,1980
261659754645990,13,0,6852,150.173,1980
261659804880441,13,0,6852,150.173,1980
261659855175836,14,0,6852,149.911,1980
261659905405438,14,0,6852,149.911,1980
261659955600083,14,0,6852,149.978,1980
261660005810238,14,0,6852,149.978,1980
261660057906500,12,0,6852,150.058,1980
261660144033979,12,0,6872,150.143,1980
261660225515134,12,0,6872,150.143,1980
261660296596186,0,0,6872,150.033,1980
261660445669838,0,0,6872,149.813,1980
261660495787281,0,0,6872,149.813,1980
261660545951893,0,0,6872,149.714,1980
261660596060033,0,0,6872,149.714,1980
261660647657330,0,0,6872,149.635,1980
261660698036311,0,0,6872,149.635,1980
261660831045986,0,0,6872,149.609,1980
261660988034401,0,0,6872,149.415,1980
261661125540359,0,0,6872,149.327,1980
261661209551818,0,0,6872,149.272,1980
261661274836431,0,0,6872,149.289,1980
261661335070630,0,0,6872,149.328,1980
261661405411889,0,0,6872,149.328,1980
261661475752812,0,0,6872,149.353,1980
261661541035744,0,0,6872,149.353,1980
261661665416498,0,0,6872,149.321,1980
261662023699252,0,0,6872,149.248,1980
261662088997479,0,0,6872,149.243,1980
261662164403930,0,0,6872,149.197,1980
261662229683390,0,0,6872,149.197,1980
261662294960811,0,0,6872,149.191,1980
261662360252152,0,0,6872,149.165,1980
261662425536596,0,0,6872,149.165,1980
261662802916800,0,0,6872,149.118,1980
261662929301020,0,0,6872,149.114,1980
261662979426524,0,0,6872,149.105,1980
261663032467467,0,0,6872,149.105,1980
261663082578181,0,0,6872,149.112,1980
261663132775989,0,0,6872,149.112,1980
261663182889301,0,0,6872,149.138,1980
261663233009493,0,0,6872,149.138,1980
261663283116831,0,0,6872,149.114,1980
261663333224864,0,0,6872,149.114,1980
261663383330616,0,0,6872,149.125,1980
261663433437994,0,0,6872,149.125,1980
261663486219134,0,0,6872,149.122,1980
261663536326084,0,0,6872,149.087,1980
261663586431605,0,0,6872,149.087,1980
261663636539294,0,0,6872,149.099,1980
261663687646343,0,0,6872,149.099,1980
261663737765697,0,0,6872,149.096,1980
261663788498125,0,0,6872,149.096,1980
261663838644371,0,0,6872,149.095,1980
261663889278043,0,0,6872,149.095,1980
261663941395973,0,0,6872,149.102,1980
261663992172876,0,0,6872,149.102,1980
261664042289327,0,0,6872,149.086,1980
261664093066520,0,0,6872,149.086,1980
261664143339438,0,0,6872,149.072,1980
261664193450401,0,0,6872,149.072,1980
261664243691891,0,0,6872,149.087,1980
261664299809635,0,0,6872,149.087,1980
261664575543225,0,0,6872,149.104,1980
261664625678046,0,0,6940,149.104,1980
261664675793590,0,0,7036,149.097,1980
261664972932053,0,0,7036,149.184,1980
261665023058855,0,0,7520,149.184,1980
261665073356737,1,0,7520,149.217,1980
261665123562040,1,0,7520,149.217,1980
261665173716068,1,0,7520,149.251,1980
261665224098053,1,0,7520,149.251,1980
261665274226855,0,0,7520,149.259,1980
261665326674033,0,0,7520,149.259,1980
261665376782862,0,0,7520,149.261,1980
261665426887678,0,0,7520,149.261,1980
261665477540850,0,0,7520,149.298,1980
261665527649062,0,0,7520,149.298,1980
261665587941507,0,0,7520,149.308,1980
261665640843481,0,0,7520,149.343,1980
261665690952400,0,0,7520,149.343,1980
261665741320103,0,0,7520,149.347,1980
261665791431727,0,0,7520,149.347,1980
261665844011999,0,0,7520,149.354,1980
261665945641533,0,0,7520,149.332,1980
261665996769213,0,0,7520,149.332,1980
261666046937759,0,0,7520,149.325,1980
261666097080839,0,0,7520,149.325,1980
261666147194903,0,0,7520,149.334,1980
261666197308825,0,0,7520,149.334,1980
261666247421660,0,0,7520,149.321,1980
261666297529510,0,0,7520,149.321,1980
261666347637044,0,0,7520,149.347,1980
261666397755449,0,0,7520,149.347,1980
261666448033635,0,0,7520,149.328,1980
261666498166813,0,0,7520,149.328,1980
261666548286288,0,0,7520,149.344,1980
261666598401530,0,0,7520,149.344,1980
261666648513053,0,0,7520,149.348,1980
261666699699272,0,0,7520,149.348,1980
261666749816220,0,0,7990,149.376,1980
261666800099332,0,0,9952,149.376,1980
261666850213812,1,0,10136,149.36,1980
261666900321446,1,0,10136,149.36,1980
261666950433201,1,0,10136,149.363,1980
261667000549063,1,0,10582,149.363,1980
261667050661244,0,0,10582,149.375,1980
261667100769905,0,0,10582,149.375,1980
261667150880910,0,0,10582,149.373,1980
261667202563882,0,0,10582,149.373,1980
261667252674529,0,0,10582,149.389,1980
261667302784061,0,0,10582,149.389,1980
261667352891657,0,0,10582,149.38,1980
261667403006592,0,0,10582,149.38,1980
261667453122533,12,0,10582,149.513,1980
261667503230353,12,0,10582,149.513,1980
261667553333328,12,0,10582,149.598,1980
261667603436779,12,0,10582,149.598,1980
261667653538215,13,0,10582,149.686,1980
261667703638558,13,0,10582,149.686,1980
261667753742755,13,0,10582,149.771,1980
261667803865226,13,0,10582,149.771,1980
261667921896104,13,0,10582,149.872,1980
261668244375976,0,0,10582,149.822,1980
261668558029644,0,0,10116,149.597,1980
261668879492330,0,0,10156,149.231,1980
261668929624406,0,0,10156,149.231,1980
261668979731154,0,0,10156,149.256,1980
261669029832314,0,0,10156,149.256,1980
261669079932555,0,0,10156,149.259,1980
261669130046025,0,0,10156,149.259,1980
261669180156102,0,0,10156,149.264,1980
261669230260929,0,0,10156,149.264,1980
261669280364007,0,0,10156,149.255,1980
261669330463579,0,0,10156,149.255,1980
261669380561087,0,0,10156,149.23,1980
261669430661935,0,0,10156,149.23,1980
261669480759381,0,0,10156,149.258,1980
261669530951369,0,0,10156,149.258,1980
261669581042936,0,0,10156,149.279,1980
261669631141421,0,0,10156,149.279,1980
261669681308328,0,0,10156,149.284,1980
261669731434801,0,0,10156,149.284,1980
261669781542926,0,0,10156,149.293,1980
261669831653695,0,0,10156,149.293,1980
261669881767395,0,0,10156,149.286,1980
261669931877831,0,0,10156,149.286,1980
261669981994052,0,0,10156,149.309,1980
261670032105111,0,0,10156,149.309,1980
261670082205284,0,0,10156,149.329,1980
261670132306526,0,0,10156,149.329,1980
261670182407332,0,0,10156,149.307,1980
261670232494634,0,0,10156,149.307,1980
261670282602196,0,0,10156,149.301,1980
261670332708802,0,0,10156,149.301,1980
261670382818928,0,0,10156,149.313,1980
261670432924169,0,0,10156,149.313,1980
261670483032991,0,0,10156,149.328,1980
261670533141123,0,0,10156,149.328,1980
261670583252024,0,0,10156,149.315,1980
261670633355968,0,0,10156,149.315,1980
261670683454912,0,0,10156,149.336,1980
261670733556345,0,0,10156,149.336,1980
261670783661249,0,0,10156,149.359,1980
261670833767529,0,0,10156,149.359,1980
261670883873887,0,0,10156,149.352,1980
261670933981716,0,0,10156,149.352,1980
261670984081733,0,0,10156,149.321,1980
261671034180263,0,0,10156,149.321,1980
261671084278694,0,0,10156,149.297,1980
261671134375582,0,0,10156,149.297,1980
261671184475656,0,0,10156,149.31,1980
261671234575494,0,0,10156,149.31,1980
261671284675361,0,0,10156,149.329,1980
261671334773532,0,0,10156,149.329,1980
261671384874876,0,0,10156,149.336,1980
261671434973120,0,0,10156,149.336,1980
261671491853868,0,0,10156,149.32,1980
261671542790229,0,0,10156,149.343,1980
261671603405507,0,0,10156,149.343,1980
261671653523000,0,0,10156,149.331,1980
261671710093158,0,0,10156,149.331,1980
261671760430714,0,0,10156,149.349,1980
261671814641227,0,0,10156,149.349,1980
261671864872507,0,0,10282,149.374,1980
261671915030140,0,0,10282,149.374,1980
261671968170796,0,0,10574,152.839,1980
261672675550120,0,0,10574,158.861,1980
261673007821272,0,0,10254,155.961,1980
261673339921443,0,0,10282,150.842,1980
261673390093715,0,0,10366,150.842,1980
261673440252325,8,3,10344,151.803,1980
261673490369390,8,3,10348,151.803,1980
261673540472761,8,3,10352,153.278,1980
261673590574913,8,3,10374,153.278,1980
261673640720688,10,3,10378,154.211,1980
261673690866001,10,3,10380,154.211,1980
261673741084073,10,3,10368,155.694,1980
261673791243595,10,3,10384,155.694,1980
261673841435824,9,3,10374,157.217,1980
261673891601241,9,3,10400,157.217,1980
261673941733534,9,3,10382,158.121,1980
261673991883710,9,3,10386,158.121,1980
261674042027751,9,2,10392,159.182,1980
261674092141323,9,2,10416,159.182,1980
261674142281181,9,2,10398,160.357,1980
261674192424110,9,2,10416,160.357,1980
261674556778886,0,0,10406,159.746,1980
261674905805853,0,0,10406,155.823,1980
261674955986544,0,0,18718,156.348,1980
261675006102384,0,0,18718,156.348,1980
261675056306145,0,0,18718,155.508,1980
261675106449867,0,0,18718,155.508,1980
261675160498890,0,0,18718,153.992,1980
261675210629837,0,0,18718,153.992,1980
261675260746978,0,0,18718,152.352,1980
261675310863438,0,0,18718,152.352,1980
261675361139409,0,0,18718,152.315,1980
261675412795729,0,0,18718,152.315,1980
261675462918379,0,0,18718,152.361,1980
261675513053615,0,0,18718,152.361,1980
261675563195889,0,0,18718,152.338,1980
261675613306938,0,0,18718,152.338,1980
261675663424249,0,0,18718,152.351,1980
261675713537300,0,0,18718,152.351,1980
261675763648283,0,0,18718,152.309,1980
261675813755664,0,0,18718,152.309,1980
261675863935236,0,0,18718,152.315,1980
261675914583053,0,0,18718,152.315,1980
261675964736954,0,0,18718,150.886,1980
261676014875747,0,0,19038,150.886,1980
261676064988869,17,9,19038,157.631,1980
261676115104617,17,9,19038,157.631,1980
261676165211488,17,9,19038,159.056,1980
261676215321589,17,9,19040,159.056,1980
261676265482756,3,1,19040,159.868,1980
261676315625479,3,1,19042,159.868,1980
261676365796065,3,1,19042,160.216,1980
261676415908025,3,1,19042,160.216,1980
261676466022011,1,0,19042,160.06,1980
261676516205738,1,0,19042,160.06,1980
261676566455222,1,0,19042,161.965,1980
261677097771110,0,0,19042,161.097,1980
261677148025994,0,0,18874,154.954,1980
261677198166754,0,0,18872,154.954,1980
261677248316602,11,3,18848,156.284,1980
261677298456258,11,3,18848,156.284,1980
261677348624132,11,3,18848,157.096,1980
261677398888770,11,3,18864,157.096,1980
261677449029030,10,3,18860,158.304,1980
261677499212500,10,3,18860,158.304,1980
261677549500543,10,3,18868,158.41,1980
261677599770659,10,3,18868,158.41,1980
261677649930599,12,4,18848,158.936,1980
261677700085651,12,4,18868,158.936,1980
261677750222711,12,4,18868,159.895,1980
261677800385053,12,4,18848,159.895,1980
261677850498210,10,3,18848,160.698,1980
261677900655349,10,3,18848,160.698,1980
261677950843977,10,3,18872,162.352,1980
261678000959236,10,3,18854,162.352,1980
261678051118765,12,5,18856,164.944,1980
261678101259743,12,5,18858,164.944,1980
261678614356882,0,0,18858,159.584,1980
261678664477279,0,0,18858,158.628,1980
261678715036448,0,0,18858,158.628,1980
261678777173284,0,0,18858,157.797,1980
261678827541818,0,0,18858,157.797,1980
261678877715740,0,0,18858,156.868,1980
261678928782799,0,0,18858,156.868,1980
261678978893436,0,0,18858,155.519,1980
261679029044100,0,0,18858,155.519,1980
261679079158518,0,0,18858,152.537,1980
261679129671905,0,0,18858,152.537,1980
261679179805711,0,0,18858,150.933,1980
261679229914800,0,0,18858,150.933,1980
261679280031246,0,0,18858,150.884,1980
261679330202768,0,0,18858,150.884,1980
261679380329344,0,0,18858,150.898,1980
261679430513887,0,0,18858,150.898,1980
261679480638205,0,0,18858,150.891,1980
261679530747367,0,0,18858,150.891,1980
261679580856421,0,0,18858,150.882,1980
261679630964826,0,0,18858,150.882,1980
261679681300525,0,0,18858,150.882,1980
261679731768280,0,0,18858,150.882,1980
261679782067450,0,0,18858,150.872,1980
261679832178489,0,0,18858,150.872,1980
261679884812963,0,0,18858,150.836,1980
261680451168680,0,0,18858,150.789,1980
261680509089209,0,0,18858,150.789,1980
261680559360561,0,0,18858,150.784,1980
261680689887087,0,0,18858,150.82,1980
261680844741798,0,0,18858,150.81,1980
261680896183094,0,0,18858,150.81,1980
261680946839261,0,0,18858,150.962,1980
261680997791742,0,0,18858,150.962,1980
261681048468880,2,2,18858,151.53,1980
261681098583361,2,2,18858,151.53,1980
261681148691315,2,2,18858,151.765,1980
261681343070166,9,4,18894,154.924,1980
261681393842167,9,4,18894,154.924,1980
261681443971309,52,25,18894,168.535,1980
261681495550733,52,25,18894,168.535,1980
261681545666746,52,25,18894,188.966,1980
261681595869416,52,25,18894,188.966,1980
261681646692289,74,37,18894,207.773,1980
261681696919272,74,37,18894,207.773,1980
261681747077314,74,37,18894,228.122,1980
261681797245228,74,37,18894,228.122,1980
261681847543037,80,39,18894,247.086,1980
261681897703166,80,39,18894,247.086,1980
261681948313077,80,39,18894,267.965,1980
261681998425992,80,39,18894,267.965,1980
261682048536677,96,47,18894,289.899,1980
261682099159407,96,47,18894,289.899,1980
261682158212084,96,47,18894,314.917,1980
261682208329688,96,47,18894,314.917,1980
261682258440088,16,7,18894,311.543,1980
261682308555841,16,7,19068,311.543,1980
261682358672731,16,7,23894,323.978,1980
261682408782001,16,7,25086,323.978,1980
261682458888825,78,40,25086,343.482,1980
261682508995436,78,40,25086,343.482,1980
261682559118114,78,40,25086,374.131,1980
261682609224490,78,40,25086,374.131,1980
261682659331068,89,45,25086,393.725,1980
261682709464517,89,45,25898,393.725,1980
261682759581596,89,45,34392,386.057,1980
261682809688646,89,45,36836,386.057,1980
261682859794396,34,20,36836,379.667,1980
261682909908228,34,20,36958,379.667,1980
261682960017217,34,20,42810,399.407,1980
261683010187155,34,20,42810,399.407,1980
261683060294500,96,53,42810,415.42,1980
261683110400466,96,53,42810,415.42,1980
261683160507370,96,53,42810,432.804,1980
261683210618328,96,53,42810,432.804,1980
261683260732978,94,52,42810,472.263,1980
261683310848826,94,52,42810,472.263,1980
261683360953234,94,52,42810,506.375,1980
261683411055952,94,52,42810,506.375,1980
261683461161306,94,53,42810,513.367,1980
261683511272472,94,53,42810,513.367,1980
261683561381344,94,53,42810,509.597,1980
261683611753193,94,53,42810,509.597,1980
261683841478949,94,54,42810,537.104,1980
261683906997449,45,37,42810,537.104,1980
261683961401629,45,37,42810,500.85,1980
261684026496719,45,37,42810,500.85,1980
261684107567371,2,2,42810,460.157,1980
261684159392215,2,2,42810,437.067,1980
261684209694050,2,2,42810,437.067,1980
261684260887616,70,36,42810,413.837,1980
261684311963587,70,36,42810,413.837,1980
261684363296776,70,36,42810,396.469,1980
261684413946846,70,36,42810,396.469,1980
261684464104075,78,41,42810,371.84,1980
261684514244310,78,41,42810,371.84,1980
261684565114484,78,41,42810,351.983,1980
261684615447719,78,41,42810,351.983,1980
261684666567627,90,46,42810,337.61,1980
261684716765349,90,46,42810,337.61,1980
261684767162353,90,46,42810,312.281,1980
261684817284794,90,46,42810,312.281,1980
261684867430747,97,51,42810,322.894,1980
261684917552024,97,51,42812,322.894,1980
261684967676027,97,51,44004,351.218,1980
261685017786539,97,51,44004,351.218,1980
261685067906587,97,50,44004,393.782,1980
261685118020352,97,50,44004,393.782,1980
261685168317000,97,50,44004,429.634,1980
261685218429115,97,50,49050,429.634,1980
261685268545994,78,42,50242,443.929,1980
261685318672132,78,42,50242,443.929,1980
261685368789260,78,42,54856,467.037,1980
261685418901555,78,42,54856,467.037,1980
261685469728583,95,55,54856,481.964,1980
261685524181167,95,55,54856,481.964,1980
261685574293736,95,55,54856,501.704,1980
261685624402489,95,55,54856,501.704,1980
261685674506467,94,54,54856,520.656,1980
261685724610688,94,54,54856,520.656,1980
261685774714567,94,54,54856,540.007,1980
261685824838433,94,54,54856,540.007,1980
261685874982061,96,53,54856,558.274,1980
261685925119425,96,53,54856,558.274,1980
261685975236178,96,53,54856,575.886,1980
261686025356452,96,53,54856,575.886,1980
261686075490827,97,55,54856,570.586,1980
261686125622939,97,55,54856,570.586,1980
261686176920490,97,55,54856,562.511,1980
261686227576218,97,55,54856,562.511,1980
261686278538114,67,49,54856,551.387,1980
261686329166732,67,49,54856,551.387,1980
261686379922782,67,49,54856,510.458,1980
261686430102278,67,49,54856,510.458,1980
261686480292249,4,2,54856,475.112,1980
261686530461436,4,2,54856,475.112,1980
261686581995253,4,2,54856,453.196,1980
261686632429249,4,2,54856,453.196,1980
261686682541074,72,37,54856,434.187,1980
261686732680556,72,37,54856,434.187,1980
261686783593282,72,37,54856,409.089,1980
261686833801053,72,37,54856,409.089,1980
261686883971103,81,42,54856,393.298,1980
261686934738837,81,42,54856,393.298,1980
261686985435257,81,42,54856,372.246,1980
261687035630402,81,42,54856,372.246,1980
261687085946235,97,50,54856,350.525,1980
261687136066636,97,50,54856,350.525,1980
261687186228470,97,50,54856,338.55,1980
261687236362846,97,50,54858,338.55,1980
261687286503724,67,34,54858,331.759,1980
261687336630128,67,34,54858,331.759,1980
261687386743385,67,34,54858,376.385,1980
261687436855041,67,34,54858,376.385,1980
261687486966224,97,49,54858,422.193,1980
261687537051032,97,49,54860,422.193,1980
261687587170086,97,49,54860,440.305,1980
261687637287227,97,49,54860,440.305,1980
261687687389523,94,50,54860,461.429,1980
261687737491812,94,50,54860,461.429,1980
261687787596727,94,50,54860,479.353,1980
261687837714600,94,50,54860,479.353,1980
261687887833535,93,54,54860,502.735,1980
261687937952714,93,54,54860,502.735,1980
261687988070617,93,54,54860,521.858,1980
261688038183761,93,54,54860,521.858,1980
261688088292076,94,53,54860,541.255,1980
261688138372970,94,53,54860,541.255,1980
261688188496822,94,53,54860,555.19,1980
261688238624698,94,53,54860,555.19,1980
261688288740812,94,53,54860,577.103,1980
261688338851188,94,53,54860,577.103,1980
261688388959638,94,53,54860,569.949,1980
261688439048744,94,53,54860,569.949,1980
261688490404149,84,58,54860,554.242,1980
261688541161445,84,58,54860,554.242,1980
261688592150804,84,58,54860,517.38,1980
261688642422369,84,58,54860,517.38,1980
261688693311616,2,2,54860,481.371,1980
261688743441671,2,2,54860,457.206,1980
261688793602386,2,2,54860,457.206,1980
261688843769917,2,2,54860,437.581,1980
261688893935422,70,36,54860,437.581,1980
261688944095908,70,36,54860,417.048,1980
261688994223323,70,36,54860,417.048,1980
261689044474636,83,43,54860,399.97,1980
261689094888659,83,43,54860,399.97,1980
261689145689141,83,43,54860,378.142,1980
261689196451596,83,43,54860,378.142,1980
261689246882211,99,51,54860,361.753,1980
261689297468149,99,51,54860,361.753,1980
261689347662755,99,51,54860,341.456,1980
261689399078516,99,51,54860,341.456,1980
261689449203777,70,36,54860,333.078,1980
261689499311936,70,36,54860,333.078,1980
261689549430889,70,36,54860,378.729,1980
261689599549707,70,36,54860,378.729,1980
261689649664594,97,50,54860,431.415,1980
261689699779522,97,50,54860,431.415,1980
261689749889896,97,50,54860,455.557,1980
261689800026168,97,50,54860,455.557,1980
261689850144674,94,48,54860,474.774,1980
261689900256338,94,48,54860,474.774,1980
261689950369075,94,48,54860,496.258,1980
261690000476594,94,48,54860,496.258,1980
261690050593662,93,54,54860,513.015,1980
261690100701548,93,54,54860,513.015,1980
261690150809058,93,54,54860,535.764,1980
261690200917780,93,54,54860,535.764,1980
261690251026752,94,53,54860,555.827,1980
261690301138709,94,53,54860,555.827,1980
261690351244129,94,53,54860,572.738,1980
261690401346028,94,53,54860,572.738,1980
261690451458730,94,53,54860,594.737,1980
261690501565049,94,53,54860,594.737,1980
261690551669208,94,53,54860,582.952,1980
261690601774259,94,53,54860,582.952,1980
261690651896752,94,63,54860,573.973,1980
261690702688638,94,63,54860,573.973,1980
261690753660720,94,63,54860,531.985,1980
261690804323150,94,63,54860,531.985,1980
261690856438073,2,2,54860,498.896,1980
261690906646070,2,2,54860,498.896,1980
261690956845967,2,2,54860,467.872,1980
261691006971709,2,2,54860,467.872,1980
261691057105064,70,36,54860,444.596,1980
261691108606398,70,36,54860,444.596,1980
261691158724093,70,36,54860,421.958,1980
261691208862450,70,36,54860,421.958,1980
261691258985106,72,38,54860,404.051,1980
261691309614675,72,38,54860,404.051,1980
261691360719377,72,38,54860,377.995,1980
261691411373976,72,38,54860,377.995,1980
261691461960790,82,41,54860,362.969,1980
261691513081870,82,41,54860,362.969,1980
261691563266882,82,41,54860,341.02,1980
261691614007399,82,41,54860,341.02,1980
261691664163038,93,49,54860,325.797,1980
261691714297949,93,49,54860,325.797,1980
261691764413421,93,49,54860,344.095,1980
261691814545929,93,49,54860,344.095,1980
261691864677027,97,51,54860,388.398,1980
261691914811794,97,51,54860,388.398,1980
261691964946407,97,51,54860,423.155,1980
261692015059117,97,51,54860,423.155,1980
261692065169642,94,50,54860,448.186,1980
261692115284707,94,50,54860,448.186,1980
261692165408398,94,50,54860,468.719,1980
261692215515686,94,50,54860,468.719,1980
261692265627213,94,52,54860,492.74,1980
261692315736133,94,52,54860,492.74,1980
261692365846034,94,52,54860,512.433,1980
261692416212796,94,52,54860,512.433,1980
261692466319225,94,55,54860,535.417,1980
261692516423642,94,55,54860,535.417,1980
261692566531012,94,55,54860,555.021,1980
261692616648106,94,55,54860,555.021,1980
261692666756942,94,54,54860,572.768,1980
261692716863201,94,54,54860,572.768,1980
261692766971026,94,54,54860,599.111,1980
261692817101276,94,54,54860,599.111,1980
261692867213667,96,53,54860,595.441,1980
261692917327997,96,53,54860,595.441,1980
261692967438286,96,53,54860,591.245,1980
261693017548640,96,53,54860,591.245,1980
261693067657488,94,54,54860,588.782,1980
261693117770182,94,54,54860,588.782,1980
261693168467532,94,54,54860,571.792,1980
261693219497205,94,54,54860,571.792,1980
261693270143914,2,2,54860,525.098,1980
261693320313273,2,2,54860,525.098,1980
261693370455579,2,2,54860,487.177,1980
261693422356250,2,2,54860,487.177,1980
261693472489631,67,34,54860,465.923,1980
261693524376833,67,34,54860,465.923,1980
261693574564545,67,34,54860,441.846,1980
261693624742759,67,34,54860,441.846,1980
261693675872889,71,37,54860,419.26,1980
261693726016609,71,37,54860,419.26,1980
261693776509618,71,37,54860,396.304,1980
261693827036728,71,37,54860,396.304,1980
261693877460298,86,44,54860,380.003,1980
261693927907899,86,44,54860,380.003,1980
261693978192738,86,44,54860,353.659,1980
261694028300692,86,44,54860,353.659,1980
261694078751071,100,52,54860,331.759,1980
261694128865170,100,52,54860,331.759,1980
261694178974183,100,52,54860,328.722,1980
261694229098568,100,52,54860,328.722,1980
261694279213698,98,53,54860,377.762,1980
261694329318051,98,53,54860,377.762,1980
261694379421468,98,53,54860,428.229,1965
261694429935332,98,53,54860,428.229,1965
261694480043364,91,47,54860,449.309,1965
261694530146945,91,47,54860,449.309,1965
261694580254312,91,47,54860,471.569,1965
261694630356083,91,47,54860,471.569,1965
261694680464049,94,53,54860,490.233,1980
261694730573711,94,53,54860,490.233,1980
261694780675894,94,53,54860,511.351,1980
261694830786545,94,53,54860,511.351,1980
261694880901749,96,54,54860,534.866,1980
261694931005350,96,54,54860,534.866,1980
261694981106175,96,54,54860,559.144,1980
261695031209053,96,54,54860,559.144,1980
261695081313595,93,55,54860,578.225,1980
261695131416197,93,55,54860,578.225,1980
261695181518552,93,55,54860,596.861,1980
261695231619513,93,55,54860,596.861,1980
261695281722988,95,53,54860,587.35,1980
261695331850163,95,53,54860,587.35,1980
261695381953996,95,53,54860,578.636,1980
261695432067572,95,53,54860,578.636,1980
261695482170222,95,54,54860,581.782,1980
261695533085684,95,54,54860,581.782,1980
261695584176328,95,54,54860,560.224,1980
261695634807398,95,54,54860,560.224,1980
261695685581364,2,2,54860,519.1,1980
261695735766109,2,2,54860,519.1,1980
261695785928540,2,2,54860,478.088,1980
261695836081625,2,2,54860,478.088,1980
261695887742589,67,34,54860,455.06,1980
261695939220278,67,34,54860,455.06,1980
261695989383782,67,34,54860,434.797,1980
261696040549217,67,34,54860,434.797,1980
261696090970784,72,37,54860,412.943,1980
261696142202332,72,37,54860,412.943,1980
261696192446492,72,37,54860,391.254,1980
261696243568497,72,37,54860,391.254,1980
261696293751340,87,45,54860,376.634,1980
261696344025880,87,45,54860,376.634,1980
261696394258857,87,45,54860,355.824,1980
261696444478017,87,45,54860,355.824,1980
261696494674489,98,51,54860,339.674,1980
261696544796001,98,51,54860,339.674,1980
261696594915127,98,51,54860,327.354,1980
261696645051236,98,51,54860,327.354,1980
261696695194805,95,50,54860,374.109,1980
261696745306598,95,50,54860,374.109,1980
261696795426987,95,50,54860,417.523,1980
261696845546296,95,50,54860,417.523,1980
261696895660289,98,51,54860,445.839,1980
261696945776894,98,51,54860,445.839,1980
261696995906787,98,51,54860,459.308,1980
261697046021418,98,51,54860,459.308,1980
261697096129329,94,52,54860,485.662,1980
261697146234564,94,52,54860,485.662,1980
261697196343727,94,52,54860,505.353,1980
261697246448658,94,52,54860,505.353,1980
261697296607281,94,55,54860,529.314,1980
261697346712122,94,55,54860,529.314,1980
261697396875064,94,55,54860,549.462,1980
261697446978019,94,55,54860,549.462,1980
261697497108077,93,54,54860,567.63,1980
261697547244104,93,54,54860,567.63,1980
261697597364436,93,54,54860,603.081,1980
261697647474219,93,54,54860,603.081,1980
261697697592433,95,53,54860,598.936,1980
261697747718142,95,53,54860,598.936,1980
261697797837924,95,53,54860,592.966,1980
261697847944231,95,53,54860,592.966,1980
261697899808130,93,54,54860,589.714,1980
261697950896429,93,54,54860,577.238,1980
261698001583331,93,54,54860,577.238,1980
261698052594643,2,2,54860,532.152,1980
261698108009769,2,2,54860,532.152,1980
261698159252951,2,2,54860,493.321,1980
261698209733514,2,2,54860,493.321,1980
261698260076110,67,34,54860,469.926,1980
261698310230609,67,34,54860,469.926,1980
261698360354597,67,34,54860,449.749,1980
261698410546079,67,34,54860,449.749,1980
261698460713596,74,38,54860,422.4,1980
261698511657610,74,38,54860,422.4,1980
261698561808313,74,38,54860,401.693,1980
261698612427671,74,38,54860,401.693,1980
261698663019318,88,46,54860,376.876,1980
261698713351295,88,46,54860,376.876,1980
261698763471494,88,46,54860,358.617,1980
261698813608910,88,46,54860,358.617,1980
261698863753671,100,53,54860,341.149,1980
261698914043247,100,53,54860,341.149,1980
261698964161650,100,53,54860,338.625,1980
261699014267513,100,53,54860,338.625,1980
261699064378322,97,49,54860,392.094,1980
261699114491120,97,49,54860,392.094,1980
261699164608560,97,49,54860,433.735,1980
261699214724048,97,49,54860,433.735,1980
261699264840959,87,46,54860,458.044,1980
261699314968365,87,46,54860,458.044,1980
261699365078601,87,46,54860,479.894,1980
261699417588654,87,46,54860,479.894,1980
261699467708000,94,54,54860,502.701,1980
261699517819186,94,54,54860,502.701,1980
261699567949584,94,54,54860,528.305,1980
261699618086596,94,54,54860,528.305,1980
261699668229118,93,53,54860,545.82,1980
261699718349609,93,53,54860,545.82,1980
261699768461673,93,53,54860,566.343,1980
261699818577074,93,53,54860,566.343,1980
261699868683580,93,52,54860,586.919,1980
261699918967788,93,52,54860,586.919,1980
261699969123356,93,52,54860,599.63,1980
261700019233358,93,52,54860,599.63,1980
261700069343614,93,53,54860,585.368,1980
261700119448614,93,53,54860,585.368,1980
261700171003627,93,53,54860,573.932,1980
261700221776190,93,53,54860,573.932,1980
261700272835588,24,24,54860,539.489,1980
261700323933981,24,24,54860,539.489,1980
261700374640509,24,24,54860,496.087,1980
261700425162305,24,24,54860,496.087,1980
261700475316069,32,16,54860,465.956,1980
261700525467845,32,16,54860,465.956,1980
261700576282240,32,16,54860,442.767,1980
261700626428170,32,16,54860,442.767,1980
261700676805328,74,38,54860,419.281,1980
261700726959873,74,38,54860,419.281,1980
261700778063437,74,38,54860,403.7,1980
261700828180253,74,38,54860,403.7,1980
261700878908412,84,43,54860,384.095,1980
261700929816628,84,43,54860,384.095,1980
261700979995712,84,43,54860,365.888,1980
261701030168152,84,43,54860,365.888,1980
261701080538526,97,50,54860,353.233,1980
261701130653331,97,50,54860,353.233,1980
261701180768820,97,50,54860,337.708,1980
261701230896482,97,50,54860,337.708,1980
261701281011959,70,37,54860,360.469,1980
261701331120103,70,37,54860,360.469,1980
261701381227797,70,37,54860,409.295,1980
261701431336998,70,37,54860,409.295,1980
261701481887790,98,51,54860,445.871,1980
261701531996063,98,51,54860,445.871,1980
261701582104533,98,51,54860,470.99,1980
261701632211643,98,51,54860,470.99,1980
261701682320661,95,51,54860,491.933,1980
261701733526744,95,51,54860,491.933,1980
261701783633327,95,51,54860,511.448,1980
261701833733486,95,51,54860,511.448,1980
261701883835789,93,54,54860,533.968,1980
261701933940315,93,54,54860,533.968,1980
261701984045637,93,54,54860,550.123,1980
261702034146963,93,54,54860,550.123,1980
261702084248299,96,53,54860,568.871,1980
261702134369633,96,53,54860,568.871,1980
261702184471468,96,53,54860,591.63,1980
261702234573042,96,53,54860,591.63,1980
261702284675228,98,56,54860,598.201,1980
261702334782436,98,56,54860,598.201,1980
261702384887808,98,56,54860,591.488,1980
261702434990503,98,56,54860,591.488,1980
261702485096846,94,54,54860,583.598,1980
261702535199293,94,54,54860,583.598,1980
261702585908761,94,54,54860,579.244,1980
261702636714450,94,54,54860,579.244,1980
261702687786531,12,12,54860,540.799,1980
261702738847415,12,12,54860,540.799,1980
261702790291141,12,12,54860,498.974,1980
261702840703635,12,12,54860,498.974,1980
261702891362590,41,20,54860,468.524,1980
261702941541808,41,20,54860,468.524,1980
261702992072634,41,20,54860,446.929,1980
261703042460112,41,20,54860,446.929,1980
261703092596768,72,37,54860,425.357,1980
261703142760692,72,37,54860,425.357,1980
261703194088814,72,37,54860,404.133,1980
261703244681271,72,37,54860,404.133,1980
261703295536180,79,41,54860,382.114,1980
261703345804927,79,41,54860,382.114,1980
261703395997921,79,41,54860,364.362,1980
261703446467279,79,41,54860,364.362,1980
261703496857278,99,51,54860,352.615,1980
261703547477781,99,51,54860,352.615,1980
261703597609680,99,51,54860,332.301,1980
261703647718774,99,51,54860,332.301,1980
261703697826320,74,38,54860,365.451,1980
261703747958076,74,38,54860,365.451,1980
261703798064675,74,38,54860,413.605,1980
261703848215060,74,38,54860,413.605,1980
261703898322944,98,49,54860,445.816,1980
261703948430724,98,49,54860,445.816,1980
261703998536457,98,49,54860,467.968,1980
261704048640650,98,49,54860,467.968,1980
261704098770880,93,51,54860,490.666,1980
261704148877888,93,51,54860,490.666,1980
261704198980004,93,51,54860,513.999,1980
261704249082496,93,51,54860,513.999,1980
261704299191589,95,52,54860,537.22,1980
261704349304489,95,52,54860,537.22,1980
261704399412681,95,52,54860,559.901,1980
261704449523797,95,52,54860,559.901,1980
261704499626199,98,54,54860,575.891,1980
261704549727143,98,54,54860,575.891,1980
261704599827820,98,54,54860,598.193,1980
261704649933269,98,54,54860,598.193,1980
261704700046677,93,53,54860,599.81,1980
261704750157066,93,53,54860,599.81,1980
261704800258278,93,53,54860,590.562,1980
261704851871159,93,53,54860,584.774,1980
261704902866046,93,60,54860,584.774,1980
261704953600468,93,60,54860,545.168,1980
261705004677950,93,60,54860,545.168,1980
261705061850837,2,2,54860,502.039,1980
261705112215290,2,2,54860,502.039,1980
261705162387223,2,2,54860,466.564,1980
261705212577528,2,2,54860,466.564,1980
261705262738487,69,35,54860,444.832,1980
261705314210240,69,35,54860,444.832,1980
261705364358155,69,35,54860,421.212,1980
261705414499727,69,35,54860,421.212,1980
261705464769333,73,38,54860,400.672,1980
261705515139018,73,38,54860,400.672,1980
261705565296869,73,38,54860,381.602,1980
261705615452551,73,38,54860,381.602,1980
261705665912731,85,43,54860,366.186,1980
261705716127995,85,43,54860,366.186,1980
261705766762963,85,43,54860,342.916,1980
261705817506214,85,43,54860,342.916,1980
261705877817376,98,51,54860,324.951,1980
261705931570273,98,51,54860,324.951,1980
261705981686262,98,51,54860,341.38,1980
261706031857310,98,51,54860,341.38,1980
261706082067517,97,50,54860,397.056,1980
261706132201070,97,50,54860,397.056,1980
261706182319392,97,50,54860,431.257,1980
261706232427674,97,50,54860,431.257,1980
261706282541410,90,45,54860,453.735,1980
261706332650492,90,45,54860,453.735,1980
261706382754501,90,45,54860,480.845,1980
261706432858075,90,45,54860,480.845,1980
261706482965021,98,55,54860,506.376,1980
261706533077110,98,55,54860,506.376,1980
261706583188427,98,55,54860,527.549,1980
261706633291660,98,55,54860,527.549,1980
261706683399876,93,53,54860,547.072,1980
261706733506582,93,53,54860,547.072,1980
261706783613697,93,53,54860,561.379,1980
261706834484342,93,53,54860,561.379,1980
261706884587018,98,56,54860,581.737,1980
261706934687352,98,56,54860,581.737,1980
261706984803283,98,56,54860,606.494,1980
261707034909107,98,56,54860,606.494,1980
261707085020010,94,53,54860,599.745,1980
261707135126484,94,53,54860,599.745,1980
261707185225029,94,53,54860,590.438,1980
261707235324592,94,53,54860,590.438,1980
261707286197813,94,60,54860,590.558,1980
261707337310723,94,60,54860,590.558,1980
261707388249309,94,60,54860,544.314,1980
261707438859305,94,60,54860,544.314,1980
261707489006680,2,2,54860,493.535,1980
261707539228874,2,2,54860,493.535,1980
261707589425965,2,2,54860,470.353,1980
261707641097901,2,2,54860,470.353,1980
261707691220777,70,36,54860,448.124,1980
261707742472016,70,36,54860,448.124,1980
261707793318200,70,36,54860,428.755,1980
261707843792575,70,36,54860,428.755,1980
261707894429229,83,42,54860,408.057,1980
261707944597182,83,42,54860,408.057,1980
261707995131734,83,42,54860,380.497,1980
261708045535434,83,42,54860,380.497,1980
261708095712626,100,53,54860,366.302,1980
261708145902933,100,53,54860,366.302,1980
261708196027067,100,53,54860,349.431,1980
261708246158836,100,53,54860,349.431,1980
261708296268693,75,40,54860,337.722,1980
261708346378210,75,40,54860,337.722,1980
261708396483909,75,40,54860,382.078,1980
261708446593980,75,40,54860,382.078,1980
261708496703078,98,52,54860,426.533,1980
261708546825134,98,52,54860,426.533,1980
261708596931745,98,52,54860,461.73,1980
261708647554668,98,52,54860,461.73,1980
261708697661394,98,54,54860,484.249,1980
261708747777584,98,54,54860,484.249,1980
261708797903099,98,54,54860,506.841,1980
261708848013554,98,54,54860,506.841,1980
261708898112839,94,55,54860,529.149,1980
261708948218856,94,55,54860,529.149,1980
261708998326639,94,55,54860,543.951,1980
261709048448984,94,55,54860,543.951,1980
261709098572350,98,57,54860,565.387,1980
261709148681368,98,57,54860,565.387,1980
261709198826211,98,57,54860,582.203,1980
261709248952464,98,57,54860,582.203,1980
261709300389761,94,55,54860,596.664,1980
261709350496161,94,55,54860,596.664,1980
261709400600765,94,55,54860,589.633,1980
261709450711939,94,55,54860,589.633,1980
261709500826078,98,59,54860,583.214,1980
261709550934022,98,59,54860,583.214,1980
261709602755279,98,59,54860,582.482,1980
261709653561314,98,59,54860,582.482,1980
261709704423625,55,43,54860,550.629,1980
261709755308631,55,43,54860,550.629,1980
261709806429189,55,43,54860,509.393,1980
261709858215040,13,6,54860,477.636,1980
261709908420277,13,6,54860,477.636,1980
261709958532164,13,6,54860,456.524,1980
261710009230991,13,6,54860,456.524,1980
261710060720263,72,37,54860,433.375,1980
261710110861202,72,37,54860,433.375,1980
261710161007465,72,37,54860,412.271,1980
261710212104497,72,37,54860,412.271,1980
261710262321472,80,42,54860,394.479,1980
261710312487411,80,42,54860,394.479,1980
261710362668142,80,42,54860,377.763,1980
261710412956259,80,42,54860,377.763,1980
261710463101906,96,50,54860,355.41,1980
261710513239695,96,50,54860,355.41,1980
261710573470707,96,50,54860,333.09,1980
261710623581704,96,50,54860,333.09,1980
261710673720332,74,41,54860,357.67,1980
261710723832942,74,41,54860,357.67,1980
261710773938118,74,41,54860,408.274,1980
261710824049879,74,41,54860,408.274,1980
261710874201693,97,55,54860,449.365,1980
261710924324351,97,55,54860,449.365,1980
261710975172539,97,55,54860,471.679,1980
261711025279343,97,55,54860,471.679,1980
261711075387229,94,53,54860,492.122,1980
261711125494795,94,53,54860,492.122,1980
261711175607597,94,53,54860,512.361,1980
261711225741167,94,53,54860,512.361,1980
261711275853311,95,56,54860,534.232,1980
261711325959761,95,56,54860,534.232,1980
261711376061275,95,56,54860,552.606,1980
261711426165434,95,56,54860,552.606,1980
261711476313917,98,57,54860,568.974,1980
261711526446128,98,57,54860,568.974,1980
261711576565562,98,57,54860,590.123,1980
261711626676141,98,57,54860,590.123,1980
261711676823374,94,55,54860,601.274,1980
261711726936523,94,55,54860,601.274,1980
261711777044686,94,55,54860,591.111,1980
261711829489189,94,55,54860,591.111,1980
261711880413777,84,59,54860,566.844,1980
261711931460351,84,59,54860,566.844,1980
261711982394030,84,59,54860,523.017,1980
261712044142902,84,59,54860,523.017,1980
261712094712762,2,2,54860,487.385,1980
261712144864878,2,2,54860,487.385,1980
261712195762985,2,2,54860,461.37,1980
261712246917815,2,2,54860,461.37,1980
261712297618077,70,36,54860,443.662,1980
261712347782436,70,36,54860,443.662,1980
261712397892325,70,36,54860,422.592,1980
261712448045319,70,36,54860,422.592,1980
261712498807778,89,45,54860,402.307,1980
261712549327939,89,45,54860,402.307,1980
261712599686593,89,45,54860,387.002,1980
261712649818037,89,45,54860,387.002,1980
261712700322982,100,53,54860,362.266,1980
261712750689858,100,53,54860,362.266,1980
261712800806131,100,53,54860,342.18,1980
261712850916546,100,53,54860,342.18,1980
261712901035748,78,41,54860,351.726,1980
261712951146574,78,41,54860,351.726,1980
261713001249513,78,41,54860,400.524,1980
261713051355206,78,41,54860,400.524,1980
261713101460440,98,51,54860,447.086,1980
261713151564880,98,51,54860,447.086,1980
261713201671631,98,51,54860,467.975,1980
261713251776581,98,51,54860,467.975,1980
261713301878716,94,52,54860,490.535,1980
261713351991287,94,52,54860,490.535,1980
261713402097130,94,52,54860,510.784,1980
261713452198994,94,52,54860,510.784,1980
261713502301107,94,54,54860,531.233,1980
261713552403720,94,54,54860,531.233,1980
261713602516084,94,54,54860,547.369,1980
261713652619423,94,54,54860,547.369,1980
261713702718466,95,53,54860,566.71,1980
261713752821088,95,53,54860,566.71,1980
261713802923019,95,53,54860,592.456,1980
261713853047370,95,53,54860,592.456,1980
261713903153368,98,56,54860,596.372,1980
261713953258324,98,56,54860,596.372,1980
261714003376425,98,56,54860,587.666,1980
261714053484566,98,56,54860,587.666,1980
261714103584974,94,54,54860,582.256,1980
261714153689451,94,54,54860,582.256,1980
261714204350409,94,54,54860,573.929,1980
261714255091731,94,54,54860,573.929,1980
261714305997475,6,6,54860,533.224,1980
261714356172925,6,6,54860,533.224,1980
261714406619395,6,6,54860,490.738,1980
261714456741869,6,6,54860,490.738,1980
261714507394754,52,26,54860,466.022,1980
261714557630031,52,26,54860,466.022,1980
261714608063490,52,26,54860,447.929,1980
261714658539978,52,26,54860,423.726,1980
261714708750933,79,40,54860,423.726,1980
261714758958442,79,40,54860,407.671,1980
261714809128501,79,40,54860,407.671,1980
261714859637767,94,49,54860,385.442,1980
261714910158228,94,49,54860,385.442,1980
261714960312341,94,49,54860,365.155,1980
261715010459872,94,49,54860,365.155,1980
261715068531957,100,53,54860,347.585,1980
261715118655450,100,53,54860,347.585,1980
261715168774572,100,53,54860,350.38,1980
261715218879146,100,53,54860,350.38,1980
261715268983457,97,51,54860,400.828,1980
261715319089812,97,51,54860,400.828,1980
261715369194742,97,51,54860,443.238,1980
261715419295950,97,51,54860,443.238,1980
261715469401146,88,48,54860,472.331,1980
261715519504890,88,48,54860,472.331,1980
261715569619549,88,48,54860,493.794,1980
261715619724375,88,48,54860,493.794,1980
261715669826102,94,55,54860,512.072,1980
261715719927052,94,55,54860,512.072,1980
261715770033681,94,55,54860,533.754,1980
261715820139562,94,55,54860,533.754,1980
261715870243071,94,54,54860,554.056,1980
261715920386568,94,54,54860,554.056,1980
261715970490220,94,54,54860,574.526,1980
261716020595373,94,54,54860,574.526,1980
261716070700423,95,53,54860,596.037,1980
261716120801817,95,53,54860,596.037,1980
261716170902450,95,53,54860,598.382,1980
261716221010073,95,53,54860,598.382,1980
261716271119462,95,53,54860,587.891,1980
261716321230060,95,53,54860,587.891,1980
261716371332471,95,53,54860,584.065,1980
261716424713119,95,53,54860,584.065,1980
261716475835214,73,52,54860,559.691,1980
261716526520554,73,52,54860,559.691,1980
261716577574557,73,52,54860,517.25,1980
261716630955964,73,52,54860,517.25,1980
261716682051144,2,2,54860,479.973,1980
261716732306957,2,2,54860,479.973,1980
261716783555130,2,2,54860,457.262,1980
261716834599835,2,2,54860,457.262,1980
261716885201779,72,37,54860,435.332,1980
261716936046354,72,37,54860,435.332,1980
261716986984314,72,37,54860,414.668,1980
261717037163549,72,37,54860,414.668,1980
261717087942746,87,45,54860,399.09,1980
261717138090274,87,45,54860,399.09,1980
261717188223786,87,45,54860,381.661,1980
261717238391298,87,45,54860,381.661,1980
261717288541488,100,53,54860,358.878,1980
261717338667572,100,53,54860,358.878,1980
261717388785597,100,53,54860,334.21,1980
261717438979759,100,53,54860,334.21,1980
261717489219332,69,35,54860,352.399,1980
261717539338288,69,35,54860,352.399,1980
261717589453788,69,35,54860,399.095,1980
261717639563923,69,35,54860,399.095,1980
261717689674961,98,49,54860,446.71,1980
261717739781708,98,49,54860,446.71,1980
261717789892937,98,49,54860,467.113,1980
261717840009151,98,49,54860,467.113,1980
261717890132798,95,50,54860,486.418,1980
261717940251609,95,50,54860,486.418,1980
261717990371076,95,50,54860,503.788,1980
261718040474141,95,50,54860,503.788,1980
261718090575989,94,53,54860,523.849,1980
261718140688411,94,53,54860,523.849,1980
261718190794965,94,53,54860,543.079,1980
261718240908268,94,53,54860,543.079,1980
261718291013922,94,53,54860,566.62,1980
261718341119208,94,53,54860,566.62,1980
261718391224272,94,53,54860,579.294,1980
261718441331080,94,53,54860,579.294,1980
261718491438204,98,55,54860,592.469,1980
261718541540387,98,55,54860,592.469,1980
261718591642526,98,55,54860,584.327,1980
261718642447959,98,55,54860,584.327,1980
261718692552617,94,53,54860,578.04,1980
261718743296612,94,53,54860,578.04,1980
261718794206262,94,53,54860,560.389,1980
261718845484543,94,53,54860,560.389,1980
261718896658065,2,2,54860,520.182,1980
261718946857042,2,2,54860,520.182,1980
261718998273996,2,2,54860,485.774,1980
261719048426214,2,2,54860,485.774,1980
261719098581667,60,30,54860,463.683,1980
261719150210327,60,30,54860,463.683,1980
261719200350047,60,30,54860,438.224,1980
261719251767949,60,30,54860,438.224,1980
261719303098116,71,37,54860,415.118,1980
261719354118566,71,37,54860,415.118,1980
261719404453046,71,37,54860,397.685,1980
261719454622828,71,37,54860,397.685,1980
261719504848482,91,47,54860,377.008,1980
261719554994239,91,47,54860,377.008,1980
261719605628167,91,47,54860,355.807,1980
261719656005790,91,47,54860,355.807,1980
261719706123349,100,52,54860,336.345,1980
261719756250999,100,52,54860,336.345,1980
261719806359223,100,52,54860,337.976,1980
261719856464564,100,52,54860,337.976,1980
261719906584397,98,50,54860,387.022,1980
261719956715693,98,50,54860,387.022,1980
261720006844939,98,50,54860,434.945,1980
261720056957628,98,50,54860,434.945,1980
261720107070644,88,44,54860,457.154,1980
261720157176187,88,44,54860,457.154,1980
261720207277651,88,44,54860,479.069,1980
261720257378005,88,44,54860,479.069,1980
261720307481634,93,54,54860,501.048,1980
261720357585860,93,54,54860,501.048,1980
261720407686804,93,54,54860,522.076,1980
261720457786975,93,54,54860,522.076,1980
261720507888159,94,53,54860,542.769,1980
261720557997864,94,53,54860,542.769,1980
261720608107284,94,53,54860,560.851,1980
261720658217347,94,53,54860,560.851,1980
261720708333918,94,53,54860,577.388,1980
261720758441410,94,53,54860,577.388,1980
261720808573341,94,53,54860,595.831,1980
261720858679502,94,53,54860,595.831,1980
261720908780865,96,52,54860,586.556,1980
261720960471201,96,52,54860,586.556,1980
261721011457795,96,52,54860,573.541,1980
261721062142081,96,52,54860,533.014,1980
261721113036370,19,19,54860,533.014,1980
261721164032938,19,19,54860,488.84,1980
261721214433139,19,19,54860,488.84,1980
261721264609052,42,21,54860,465.995,1980
261721316017839,42,21,54860,465.995,1980
261721366733489,42,21,54860,444.668,1980
261721417895493,42,21,54860,444.668,1980
261721469094704,75,39,54860,421.746,1980
261721519846789,75,39,54860,421.746,1980
261721570779341,75,39,54860,402.523,1980
261721621586878,75,39,54860,402.523,1980
261721671873185,94,49,54860,387.132,1980
261721722022698,94,49,54860,387.132,1980
261721772565515,94,49,54860,373.8,1980
261721822695157,94,49,54860,373.8,1980
261721872903300,100,53,54860,353.385,1980
261721923017816,100,53,54860,353.385,1980
261721973165512,100,53,54860,345.913,1980
261722023275764,100,53,54860,345.913,1980
261722073383301,97,51,54860,391.617,1980
261722123487487,97,51,54860,391.617,1980
261722173593613,97,51,54860,438.653,1980
261722223700114,97,51,54860,438.653,1980
261722273805942,89,48,54860,463.508,1980
261722323908618,89,48,54860,463.508,1980
261722374017735,89,48,54860,483.945,1980
261722424127678,89,48,54860,483.945,1980
261722474236235,95,53,54860,505.435,1980
261722524343427,95,53,54860,505.435,1980
261722574454022,95,53,54860,525.565,1980
261722624555741,95,53,54860,525.565,1980
261722674668209,98,55,54860,541.548,1980
261722724771854,98,55,54860,541.548,1980
261722774884845,98,55,54860,557.816,1980
261722824996258,98,55,54860,557.816,1980
261722875111542,93,54,54860,580.961,1980
261722925224032,93,54,54860,580.961,1980
261722975325722,93,54,54860,590.715,1980
261723025440965,93,54,54860,590.715,1980
261723075553939,93,52,54860,576.091,1980
261723125657497,93,52,54860,576.091,1980
261723176573589,93,52,54860,558.571,1980
261723227760720,93,52,54860,558.571,1980
261723278687089,5,4,54860,516.59,1980
261723329765675,5,4,54860,516.59,1980
261723380460003,5,4,54860,476.971,1980
261723430575562,5,4,54860,476.971,1980
261723481503675,50,26,54860,458.903,1980
261723531767047,50,26,54860,458.903,1980
261723583011966,50,26,54860,438.033,1980
261723634338123,50,26,54860,438.033,1980
261723685593484,74,38,54860,415.357,1980
261723735721268,74,38,54860,415.357,1980
261723785835450,74,38,54860,396.686,1980
261723835994305,74,38,54860,396.686,1980
261723886181203,93,49,54860,380.168,1980
261723936328826,93,49,54860,380.168,1980
261723986443131,93,49,54860,359.158,1980
261724036838038,93,49,54860,359.158,1980
261724087253394,100,53,54860,345.39,1980
261724137369914,100,53,54860,345.39,1980
261724187479841,100,53,54860,340.372,1980
261724237596525,100,53,54860,340.372,1980
261724287701255,97,49,54860,389.714,1980
261724337831211,97,49,54860,389.714,1980
261724387961171,97,49,54860,437.263,1980
261724438071201,97,49,54860,437.263,1980
261724488192733,88,47,54860,461.993,1980
261724538305690,88,47,54860,461.993,1980
261724588408664,88,47,54860,481.943,1980
261724638509847,88,47,54860,481.943,1980
261724688609883,96,52,54860,501.085,1980
261724738710603,96,52,54860,501.085,1980
261724788816561,96,52,54860,525.003,1980
261724838935721,96,52,54860,525.003,1980
261724889043067,98,55,54860,539.426,1980
261724939150056,98,55,54860,539.426,1980
261724989251417,98,55,54860,554.46,1980
261725039353504,98,55,54860,554.46,1980
261725089457540,93,53,54860,573.411,1980
261725139565928,93,53,54860,573.411,1980
261725189671901,93,53,54860,588.197,1980
261725239775256,93,53,54860,588.197,1980
261725289890519,94,53,54860,577.035,1980
261725342131285,94,53,54860,577.035,1980
261725393142439,94,53,54860,557.328,1980
261725443954464,94,53,54860,557.328,1980
261725494955657,2,2,54860,521.405,1980
261725547518596,2,2,54860,521.405,1980
261725598787099,2,2,54860,478.639,1980
261725649654656,2,2,54860,478.639,1980
261725699768392,53,26,54860,458.823,1980
261725750667117,53,26,54860,458.823,1980
261725800817748,53,26,54860,438.166,1980
261725850931213,53,26,54860,438.166,1980
261725902234559,75,39,54860,417.104,1980
261725953536454,75,39,54860,417.104,1980
261726004490911,75,39,54860,397.998,1980
261726054724979,75,39,54860,397.998,1980
261726105396658,91,47,54860,384.329,1980
261726155527955,91,47,54860,384.329,1980
261726205701438,91,47,54860,362.259,1980
261726256021070,91,47,54860,362.259,1980
261726306154623,100,53,54860,348.395,1980
261726356304288,100,53,54860,348.395,1980
261726406410634,100,53,54860,345.668,1980
261726456527536,100,53,54860,345.668,1980
261726506641672,97,51,54860,395.96,1980
261726556747410,97,51,54860,395.96,1980
261726606858409,97,51,54860,438.444,1980
261726656963431,97,51,54860,438.444,1980
261726708148258,90,46,54860,459.938,1980
261726758252487,90,46,54860,459.938,1980
261726808355083,90,46,54860,482.69,1980
261726858475237,90,46,54860,482.69,1980
261726908589396,98,57,54860,501.858,1980
261726958717290,98,57,54860,501.858,1980
261727008825752,98,57,54860,518.449,1980
261727058935150,98,57,54860,518.449,1980
261727109041206,93,53,54860,541.228,1980
261727159144957,93,53,54860,541.228,1980
261727209254666,93,53,54860,561.826,1980
261727259373287,93,53,54860,561.826,1980
261727309479406,95,52,54860,577.1,1980
261727359598723,95,52,54860,577.1,1980
261727409702141,95,52,54860,591.606,1980
261727459819098,95,52,54860,591.606,1980
261727509936089,98,55,54860,581.555,1980
261727560045759,98,55,54860,581.555,1980
261727613096268,98,55,54860,573.745,1980
261727664119748,98,55,54860,573.745,1980
261727714585123,63,47,54860,551.18,1980
261727765308624,63,47,54860,551.18,1980
261727815698195,63,47,54860,509.909,1980
261727866292311,8,4,54860,477.931,1980
261727916421500,8,4,54860,477.931,1980
261727966603886,8,4,54860,454.236,1980
261728017654009,8,4,54860,454.236,1980
261728068873787,71,36,54860,432.81,1980
261728119896750,71,36,54860,432.81,1980
261728170044749,71,36,54860,415.049,1980
261728220195478,71,36,54860,415.049,1980
261728270611431,98,51,54860,394.696,1980
261728320800027,98,51,54860,394.696,1980
261728370950520,98,51,54860,374.732,1980
261728421045703,98,51,54860,374.732,1980
261728471216594,100,53,54860,353.591,1980
261728522948450,100,53,54860,353.591,1980
261728573066349,100,53,54860,337.046,1980
261728623180418,100,53,54860,337.046,1980
261728673301584,95,49,54860,367.291,1980
261728723420693,95,49,54860,367.291,1980
261728773526532,95,49,54860,409.603,1980
261728823629732,95,49,54860,409.603,1980
261728873733172,90,46,54860,450.691,1980
261728923841601,90,46,54860,450.691,1980
261728973949421,90,46,54860,468.721,1980
261729024115393,90,46,54860,468.721,1980
261729074263067,93,52,54860,489.68,1980
261729124377767,93,52,54860,489.68,1980
261729174497589,93,52,54860,511.305,1980
261729224660178,93,52,54860,511.305,1980
261729274786910,93,53,54860,525.081,1980
261729324927056,93,53,54860,525.081,1980
261729375044010,93,53,54860,542.966,1980
261729425150222,93,53,54860,542.966,1980
261729475253147,98,57,54860,562.251,1980
261729525362778,98,57,54860,562.251,1980
261729575483994,98,57,54860,585.703,1980
261729625626644,98,57,54860,585.703,1980
261729676030912,94,54,54860,578.94,1980
261729726141456,94,54,54860,578.94,1980
261729776247498,94,54,54860,572.596,1980
261729826366295,94,54,54860,572.596,1980
261729877295710,92,62,54860,555.521,1980
261729928323450,92,62,54860,555.521,1980
261729979308872,92,62,54860,515.607,1980
261730041048450,92,62,54860,515.607,1980
261730091742531,2,2,54860,481.376,1980
261730141935253,2,2,54860,481.376,1980
261730192304779,2,2,54860,457.884,1980
261730242438806,2,2,54860,457.884,1980
261730292591568,74,38,54860,440.434,1980
261730343571572,74,38,54860,440.434,1980
261730393706172,74,38,54860,422.71,1980
261730443861719,74,38,54860,422.71,1980
261730494013922,95,49,54860,405.024,1980
261730544350830,95,49,54860,405.024,1980
261730594462405,95,49,54860,381.74,1980
261730644597784,95,49,54860,381.74,1980
261730694715683,100,53,54860,358.572,1980
261730744832078,100,53,54860,358.572,1980
261730794960440,100,53,54860,341.331,1980
261730845091093,100,53,54860,341.331,1980
261730895211716,86,43,54860,362.495,1980
261730945321378,86,43,54860,362.495,1980
261730995428680,86,43,54860,406.41,1980
261731045551349,86,43,54860,406.41,1980
261731095669897,90,44,54860,449.415,1980
261731145797350,90,44,54860,449.415,1980
261731195902280,90,44,54860,470.738,1980
261731246011121,90,44,54860,470.738,1980
261731296115776,93,52,54860,499.297,1980
261731346226074,93,52,54860,499.297,1980
261731396327026,93,52,54860,518.74,1980
261731446433243,93,52,54860,518.74,1980
261731496678389,93,53,54860,541.62,1980
261731546811698,93,53,54860,541.62,1980
261731596918484,93,53,54860,560.704,1980
261731647031580,93,53,54860,560.704,1980
261731697147976,93,54,54860,585.412,1980
261731747262179,93,54,54860,585.412,1980
261731797373630,93,54,54860,603.024,1980
261731847479715,93,54,54860,603.024,1980
261731897582855,94,53,54860,590.476,1980
261731947690832,94,53,54860,590.476,1980
261731997866284,94,53,54860,581.234,1980
261732048461713,94,53,54860,581.234,1980
261732099031079,63,47,54860,553.057,1980
261732150051237,63,47,54860,553.057,1980
261732200171360,63,47,54860,508.735,1980
261732250736974,63,47,54860,508.735,1980
261732300867645,11,5,54860,468.147,1980
261732351031272,11,5,54860,468.147,1980
261732402318272,11,5,54860,446.14,1980
261732454222715,11,5,54860,446.14,1980
261732504412568,70,36,54860,422.52,1980
261732554608120,70,36,54860,422.52,1980
261732604754506,70,36,54860,406.385,1980
261732654917638,70,36,54860,406.385,1980
261732705034691,83,43,54860,383.089,1980
261732755292509,83,43,54860,383.089,1980
261732805399855,83,43,54860,372.097,1980
261732855905186,83,43,54860,372.097,1980
261732906033905,100,53,54860,353.314,1980
261732956156056,100,53,54860,353.314,1980
261733006287260,100,53,54860,335.071,1980
261733056410728,100,53,54860,335.071,1980
261733106513468,71,35,54860,358.965,1980
261733156616667,71,35,54860,358.965,1980
261733206719410,71,35,54860,403.915,1980
261733256903114,71,35,54860,403.915,1980
261733307013208,98,48,54860,444.603,1980
261733357120626,98,48,54860,444.603,1980
261733407224145,98,48,54860,469.047,1980
261733457326624,98,48,54860,469.047,1980
261733507427698,94,51,54860,487.992,1980
261733557528703,94,51,54860,487.992,1980
261733607632550,94,51,54860,508.271,1980
261733657734104,94,51,54860,508.271,1980
261733707836721,94,54,54860,528.268,1980
261733757949851,94,54,54860,528.268,1980
261733808053771,94,54,54860,546.012,1980
261733858160112,94,54,54860,546.012,1980
261733908261672,93,52,54860,566.093,1980
261733958366380,93,52,54860,566.093,1980
261734008480564,93,52,54860,588.711,1980
261734058586273,93,52,54860,588.711,1980
261734108799615,94,52,54860,586.509,1980
261734158907020,94,52,54860,586.509,1980
261734209011933,94,52,54860,579.382,1980
261734261749593,94,52,54860,579.382,1980
261734312366929,95,55,54860,567.09,1980
261734363059959,95,55,54860,567.09,1980
261734413745233,95,55,54860,525.807,1980
261734470211704,2,2,54860,486.278,1980
261734521231932,2,2,54860,486.278,1980
261734571495834,2,2,54860,462.522,1980
261734621650985,2,2,54860,462.522,1980
261734671783951,69,35,54860,437.812,1980
261734721911158,69,35,54860,437.812,1980
261734772028475,69,35,54860,417.605,1980
261734822505507,69,35,54860,417.605,1980
261734873323401,78,40,54860,399.182,1980
261734923826697,78,40,54860,399.182,1980
261734973946315,78,40,54860,380.195,1980
261735024056139,78,40,54860,380.195,1980
261735074516536,100,53,54860,359.085,1980
261735124652299,100,53,54860,359.085,1980
261735174849456,100,53,54860,338.9,1980
261735224961508,100,53,54860,338.9,1980
261735275075183,79,41,54860,330.531,1980
261735325185538,79,41,54860,330.531,1980
261735375309749,79,41,54860,379.925,1980
261735425415380,79,41,54860,379.925,1980
261735475518903,97,50,54860,421.273,1980
261735525638359,97,50,54860,421.273,1980
261735575747644,97,50,54860,454.523,1980
261735625863305,97,50,54860,454.523,1980
261735675970641,93,51,54860,473.94,1980
261735726112922,93,51,54860,473.94,1980
261735776231876,93,51,54860,499.206,1980
261735826335587,93,51,54860,499.206,1980
261735876462797,94,53,54860,518.37,1980
261735935672919,94,53,54860,518.37,1980
261735985846517,94,53,54860,536.898,1980
261736035966075,94,53,54860,536.898,1980
261736086045744,96,52,54860,551.775,1980
261736136203901,96,52,54860,551.775,1980
261736186334064,96,52,54860,571.388,1980
261736236453029,96,52,54860,571.388,1980
261736286562385,98,56,54860,590.634,1980
261736336663980,98,56,54860,590.634,1980
261736386768522,98,56,54860,580.706,1980
261736436875835,98,56,54860,580.706,1980
261736486983665,96,54,54860,570.67,1980
261736537964452,96,54,54860,570.67,1980
261736588592312,96,54,54860,544.363,1980
261736639241092,96,54,54860,544.363,1980
261736690127516,2,2,54860,505.522,1980
261736741847361,2,2,54860,505.522,1980
261736792228594,2,2,54860,468.64,1980
261736842787784,2,2,54860,468.64,1980
261736894190850,69,35,54860,444.848,1980
261736945673585,69,35,54860,444.848,1980
261736996943630,69,35,54860,432.101,1980
261737047144064,69,35,54860,432.101,1980
261737097326613,74,38,54860,414.314,1980
261737147483878,74,38,54860,414.314,1980
261737197611426,74,38,54860,391.281,1980
261737247767544,74,38,54860,391.281,1980
261737297947059,94,48,54860,375.414,1980
261737348042971,94,48,54860,375.414,1980
261737398168862,94,48,54860,356.814,1980
261737458368341,94,48,54860,356.814,1980
261737508501827,100,53,54860,335.84,1980
261737558617564,100,53,54860,335.84,1980
261737608735282,100,53,54860,356.993,1980
261737658849065,100,53,54860,356.993,1980
261737708962341,98,49,54860,408.399,1980
261737761361637,98,49,54860,408.399,1980
261737811467116,98,49,54860,447.863,1980
261737861567210,98,49,54860,447.863,1980
261737911667349,90,47,54860,471.401,1980
261737961765229,90,47,54860,471.401,1980
261738011878448,90,47,54860,491.489,1980
261738061980622,90,47,54860,491.489,1980
261738112043899,97,53,54860,509.405,1980
261738162161367,97,53,54860,509.405,1980
261738212265820,97,53,54860,527.357,1980
261738262377169,97,53,54860,527.357,1980
261738312487496,98,55,54860,545.013,1980
261738362645389,98,55,54860,545.013,1980
261738412756418,98,55,54860,563.517,1980
261738462863365,98,55,54860,563.517,1980
261738512968353,96,54,54860,584.15,1980
261738563074677,96,54,54860,584.15,1980
261738613178927,96,54,54860,593.149,1980
261738663298746,96,54,54860,593.149,1980
261738713408654,97,53,54860,585.677,1980
261738765410432,97,53,54860,585.677,1980
261738816407539,97,53,54860,575.488,1980
261738867093071,97,53,54860,575.488,1980
261738917949167,23,23,54860,533.056,1980
261738968284805,23,23,54860,533.056,1980
261739018900841,23,23,54860,491.569,1980
261739069010223,23,23,54860,491.569,1980
261739120137233,41,20,54860,464.132,1980
261739171609114,41,20,54860,464.132,1980
261739222399619,41,20,54860,443.533,1980
261739272521342,41,20,54860,425.257,1980
261739323624534,76,39,54860,425.257,1980
261739373761008,76,39,54860,402.694,1980
261739424209496,76,39,54860,402.694,1980
261739474353705,99,51,54860,387.523,1980
261739524460939,99,51,54860,387.523,1980
261739574570146,99,51,54860,362.877,1980
261739624697932,99,51,54860,362.877,1980
261739674831489,100,53,54860,348.308,1980
261739724951849,100,53,54860,348.308,1980
261739775071757,100,53,54860,337.505,1980
261739825188611,100,53,54860,337.505,1980
261739875294359,98,51,54860,388.934,1980
261739925394532,98,51,54860,388.934,1980
261739975500580,98,51,54860,436.772,1980
261740025603692,98,51,54860,436.772,1980
261740075707408,91,46,54860,463.933,1980
261740125815043,91,46,54860,463.933,1980
261740175921919,91,46,54860,489.085,1980
261740226027324,91,46,54860,489.085,1980
261740276127881,98,56,54860,509.268,1980
261740326225730,98,56,54860,509.268,1980
261740376333531,98,56,54860,533.887,1980
261740426434632,98,56,54860,533.887,1980
261740476539406,96,55,54860,554.44,1980
261740526647137,96,55,54860,554.44,1980
261740576750559,96,55,54860,572.919,1980
261740626852628,96,55,54860,572.919,1980
261740676962237,94,55,54860,595.645,1980
261740727063299,94,55,54860,595.645,1980
261740777163043,94,55,54860,606.687,1980
261740827260677,94,55,54860,606.687,1980
261740877381264,95,54,54860,598.575,1980
261740927501063,95,54,54860,598.575,1980
261740977604409,95,54,54860,592.975,1980
261741029136748,95,54,54860,592.975,1980
261741079960872,83,57,54860,572.133,1980
261741130741053,83,57,54860,572.133,1980
261741181527610,83,57,54860,526.73,1980
261741231767267,83,57,54860,526.73,1980
261741283377798,2,2,54860,489.99,1980
261741333530230,2,2,54860,489.99,1980
261741384954879,2,2,54860,467.151,1980
261741436269543,2,2,54860,467.151,1980
261741486382440,71,37,54860,442.567,1980
261741536562750,71,37,54860,442.567,1980
261741587522313,71,37,54860,426.209,1980
261741637630337,71,37,54860,426.209,1980
261741688535075,85,44,54860,406.0,1980
261741738647131,85,44,54860,406.0,1980
261741788767972,85,44,54860,384.061,1980
261741838894347,85,44,54860,384.061,1980
261741889012952,100,53,54860,363.056,1980
261741939139953,100,53,54860,363.056,1980
261741989255649,100,53,54860,333.785,1980
261742039359404,100,53,54860,333.785,1980
261742089464548,77,40,54860,352.007,1980
261742139570123,77,40,54860,352.007,1980
261742189671405,77,40,54860,400.402,1980
261742239770912,77,40,54860,400.402,1980
261742289869883,98,50,54860,442.268,1980
261742339972731,98,50,54860,442.268,1980
261742390054190,98,50,54860,463.608,1980
261742440154198,98,50,54860,463.608,1980
261742490256949,95,52,54860,484.927,1980
261742540359935,95,52,54860,484.927,1980
261742590461911,95,52,54860,506.885,1980
261742640580344,95,52,54860,506.885,1980
261742690680906,95,56,54860,528.639,1980
261742741159507,95,56,54860,528.639,1980
261742791285254,95,56,54860,543.099,1980
261742841399457,95,56,54860,543.099,1980
261742891512213,96,55,54860,564.303,1980
261742941615694,96,55,54860,564.303,1980
261742991723643,96,55,54860,587.092,1980
261743041832430,96,55,54860,587.092,1980
261743091940203,96,55,54860,595.52,1980
261743142047447,96,55,54860,595.52,1980
261743192149824,96,55,54860,587.089,1980
261743242251018,96,55,54860,587.089,1980
261743292910772,96,58,54860,576.086,1980
261743343628899,96,58,54860,576.086,1980
261743394298917,96,58,54860,536.8,1980
261743445048614,96,58,54860,536.8,1980
261743496145474,2,2,54860,495.273,1980
261743546276844,2,2,54860,495.273,1980
261743597642659,2,2,54860,468.628,1980
261743647796299,2,2,54860,468.628,1980
261743697915948,71,37,54860,446.036,1980
261743748361276,71,37,54860,446.036,1980
261743798524830,71,37,54860,422.778,1980
261743848683469,71,37,54860,422.778,1980
261743899499616,93,48,54860,402.797,1980
261743949626469,93,48,54860,402.797,1980
261743999758755,93,48,54860,386.421,1980
261744049910039,93,48,54860,386.421,1980
261744100093473,100,52,54860,365.191,1980
261744150230449,100,52,54860,365.191,1980
261744200357980,100,52,54860,337.074,1980
261744250469204,100,52,54860,337.074,1980
261744300575466,78,40,54860,359.599,1980
261744350676150,78,40,54860,359.599,1980
261744400780251,78,40,54860,405.263,1980
261744450893734,78,40,54860,405.263,1980
261744500999185,98,48,54860,447.306,1980
261744551128819,98,48,54860,447.306,1980
261744601268863,98,48,54860,468.893,1980
261744651382334,98,48,54860,468.893,1980
261744701498725,94,52,54860,491.381,1980
261744751613048,94,52,54860,491.381,1980
261744801723804,94,52,54860,505.349,1980
261744851829512,94,52,54860,505.349,1980
261744901944444,95,54,54860,525.326,1980
261744952050668,95,54,54860,525.326,1980
261745002162595,95,54,54860,545.375,1980
261745052270626,95,54,54860,545.375,1980
261745102365260,95,52,54860,568.582,1980
261745152473744,95,52,54860,568.582,1980
261745202584901,95,52,54860,584.927,1980
261745252699707,95,52,54860,584.927,1980
261745302810759,96,55,54860,580.725,1980
261745352925919,96,55,54860,580.725,1980
261745403900138,96,55,54860,564.915,1980
261745454648293,96,55,54860,564.915,1980
261745508392213,22,23,54860,521.063,1980
261745563553747,22,23,54860,521.063,1980
261745613755885,22,23,54860,482.871,1980
261745663914838,22,23,54860,482.871,1980
261745714045962,42,21,54860,462.156,1980
261745764287726,42,21,54860,462.156,1980
261745815892991,42,21,54860,442.597,1980
261745866013330,42,21,54860,442.597,1980
261745916133434,68,35,54860,421.02,1980
261745966299536,68,35,54860,421.02,1980
261746016422945,68,35,54860,399.959,1980
261746066567501,68,35,54860,399.959,1980
261746116730118,86,45,54860,385.058,1980
261746166863945,86,45,54860,385.058,1980
261746216992366,86,45,54860,363.097,1980
261746267371586,86,45,54860,363.097,1980
261746324801134,100,52,54860,349.872,1980
261746374907192,100,52,54860,349.872,1980
261746425020966,100,52,54860,340.228,1980
261746475135902,100,52,54860,340.228,1980
261746525235655,92,47,54860,393.274,1980
261746575341556,92,47,54860,393.274,1980
261746625442632,92,47,54860,434.728,1980
261746675543398,92,47,54860,434.728,1980
261746725655281,90,46,54860,457.552,1980
261746775762496,90,46,54860,457.552,1980
261746825866764,90,46,54860,480.352,1980
261746875973222,90,46,54860,480.352,1980
261746926074350,98,56,54860,498.753,1980
261746976176958,98,56,54860,519.489,1980
261747026277525,98,56,54860,519.489,1980
261747076399079,96,55,54860,534.648,1980
261747126502863,96,55,54860,534.648,1980
261747176605717,96,55,54860,557.115,1980
261747226709659,96,55,54860,557.115,1980
261747276811271,96,55,54860,580.404,1980
261747326912655,96,55,54860,580.404,1980
261747377018566,96,55,54860,599.966,1980
261747427120770,96,55,54860,599.966,1980
261747477218258,96,55,54860,590.579,1980
261747527315270,96,55,54860,590.579,1980
261747577413831,96,55,54860,575.832,1980
261747629882347,96,55,54860,575.832,1980
261747680620208,24,25,54860,535.522,1980
261747731396164,24,25,54860,535.522,1980
261747781508015,24,25,54860,494.582,1980
261747831910319,24,25,54860,494.582,1980
261747882305135,38,19,54860,472.722,1980
261747932415821,38,19,54860,472.722,1980
261747983356006,38,19,54860,449.616,1980
261748033472042,38,19,54860,449.616,1980
261748084114266,73,38,54860,430.608,1980
261748134688057,73,38,54860,430.608,1980
261748184838824,73,38,54860,407.343,1980
261748234963114,73,38,54860,407.343,1980
261748285156002,89,46,54860,383.219,1980
261748335306753,89,46,54860,383.219,1980
261748385412159,89,46,54860,363.799,1980
261748435547593,89,46,54860,363.799,1980
261748485717168,100,53,54860,350.39,1980
261748535847570,100,53,54860,350.39,1980
261748585955769,100,53,54860,338.343,1980
261748636056344,100,53,54860,338.343,1980
261748686161009,97,49,54860,386.158,1980
261748736273622,97,49,54860,386.158,1980
261748786384596,97,49,54860,432.454,1980
261748836487775,97,49,54860,432.454,1980
261748886587985,90,45,54860,460.773,1980
261748936686873,90,45,54860,460.773,1980
261748986787616,90,45,54860,483.84,1980
261749036892675,90,45,54860,483.84,1980
261749086994811,98,55,54860,506.346,1980
261749137108273,98,55,54860,506.346,1980
261749187210836,98,55,54860,526.271,1980
261749237309603,98,55,54860,526.271,1980
261749287424952,95,54,54860,549.959,1980
261749337523301,95,54,54860,549.959,1980
261749387624418,95,54,54860,568.71,1980
261749437723689,95,54,54860,568.71,1980
261749487821394,97,52,54860,592.277,1980
261749537946643,97,52,54860,592.277,1980
261749588041529,97,52,54860,606.02,1980
261749638143849,97,52,54860,606.02,1980
261749688247587,98,56,54860,596.396,1980
261749738348088,98,56,54860,596.396,1980
261749790661631,98,56,54860,588.384,1980
261749841398991,98,56,54860,588.384,1980
261749892159597,42,36,54860,549.483,1980
261749943111850,42,36,54860,549.483,1980
261749993720403,42,36,54860,502.968,1980
261750045150693,42,36,54860,502.968,1980
261750095359920,27,14,54860,478.605,1980
261750146613991,27,14,54860,478.605,1980
261750198255402,27,14,54860,451.133,1980
261750248592496,27,14,54860,451.133,1980
261750298697673,71,37,54860,429.082,1980
261750349500735,71,37,54860,429.082,1980
261750399672348,71,37,54860,410.693,1980
261750450544922,71,37,54860,410.693,1980
261750500692879,93,48,54860,383.905,1980
261750551243584,93,48,54860,383.905,1980
261750601667965,93,48,54860,370.897,1980
261750651804597,93,48,54860,370.897,1980
261750701907402,100,53,54860,345.6,1980
261750752012877,100,53,54860,345.6,1980
261750802125798,100,53,54860,334.951,1980
261750852226244,100,53,54860,334.951,1980
261750902324911,98,51,54860,384.347,1980
261750952424005,98,51,54860,384.347,1980
261751002524542,98,51,54860,426.805,1980
261751052628925,98,51,54860,426.805,1980
261751102981220,90,46,54860,457.055,1980
261751153081992,90,46,54860,457.055,1980
261751203180772,90,46,54860,478.61,1980
261751253296987,90,46,54860,478.61,1980
261751303397947,96,53,54860,497.271,1980
261751353500932,96,53,54860,497.271,1980
261751403604044,96,53,54860,516.905,1980
261751453709137,96,53,54860,516.905,1980
261751503810108,96,54,54860,534.259,1980
261751553910512,96,54,54860,534.259,1980
261751604020035,96,54,54860,554.786,1980
261751654119782,96,54,54860,554.786,1980
261751704215810,97,55,54860,570.787,1980
261751754315190,97,55,54860,570.787,1980
261751804415107,97,55,54860,588.07,1980
261751854528567,97,55,54860,588.07,1980
261751904630491,97,54,54860,577.399,1980
261751954735130,97,54,54860,577.399,1980
261752006524348,97,54,54860,571.037,1980
261752057294168,97,54,54860,571.037,1980
261752108056630,62,46,54860,536.07,1980
261752158883113,62,46,54860,536.07,1980
261752209875908,62,46,54860,494.832,1980
261752260034610,62,46,54860,494.832,1980
261752310173719,13,6,54860,467.213,1980
261752361388353,13,6,54860,467.213,1980
261752411520919,13,6,54860,449.505,1980
261752462648979,13,6,54860,449.505,1980
261752513677968,71,37,54860,431.431,1980
261752565127188,71,37,54860,431.431,1980
261752615838939,71,37,54860,409.787,1980
261752665969159,71,37,54860,409.787,1980
261752716677001,83,43,54860,391.309,1980
261752766823101,83,43,54860,391.309,1980
261752816959841,83,43,54860,373.966,1980
261752867064690,83,43,54860,373.966,1980
261752917553609,100,53,54860,355.111,1980
261752967668794,100,53,54860,355.111,1980
261753017781227,100,53,54860,330.788,1980
261753067894303,100,53,54860,330.788,1980
261753117996660,73,38,54860,367.497,1980
261753168103014,73,38,54860,367.497,1980
261753218207075,73,38,54860,419.215,1980
261753268310922,73,38,54860,419.215,1980
261753318417022,98,51,54860,448.999,1980
261753368515230,98,51,54860,448.999,1980
261753418613297,98,51,54860,474.059,1980
261753468713862,98,51,54860,474.059,1980
261753518816185,96,52,54860,492.673,1980
261753568914658,96,52,54860,492.673,1980
261753619014480,96,52,54860,512.056,1980
261753669112111,96,52,54860,512.056,1980
261753719210146,98,56,54860,534.02,1980
261753769315066,98,56,54860,534.02,1980
261753819415697,98,56,54860,550.905,1980
261753869519411,98,56,54860,550.905,1980
261753919625034,96,55,54860,574.153,1980
261753969724785,96,55,54860,574.153,1980
261754019822322,96,55,54860,605.504,1980
261754069930990,96,55,54860,605.504,1980
261754120032587,97,54,54860,599.977,1980
261754170132348,97,54,54860,599.977,1980
261754220232408,97,54,54860,593.581,1980
261754270330998,97,54,54860,593.581,1980
261754321068786,97,55,54860,586.844,1980
261754372159583,97,55,54860,586.844,1980
261754423112957,97,55,54860,549.764,1980
261754474073966,97,55,54860,549.764,1980
261754524221782,2,2,54860,507.676,1980
261754576441751,2,2,54860,507.676,1980
261754626571369,2,2,54860,480.195,1980
261754676746004,2,2,54860,480.195,1980
261754727953300,70,36,54860,460.069,1980
261754780226145,70,36,54860,434.996,1980
261754830396605,70,36,54860,434.996,1980
261754881106011,74,39,54860,415.104,1980
261754931225287,74,39,54860,415.104,1980
261754981379590,74,39,54860,393.996,1980
261755032051999,74,39,54860,393.996,1980
261755082786803,92,47,54860,366.737,1980
261755132926507,92,47,54860,366.737,1980
261755183074727,92,47,54860,347.01,1980
261755233229631,92,47,54860,347.01,1980
261755283380073,100,53,54860,326.126,1980
261755333511643,100,53,54860,326.126,1980
261755383621346,100,53,54860,363.777,1980
261755433725069,100,53,54860,363.777,1980
261755483882990,98,51,54860,410.867,1980
261755534013080,98,51,54860,410.867,1980
261755584127616,98,51,54860,443.036,1980
261755634245476,98,51,54860,443.036,1980
261755684977606,90,48,54860,466.749,1980
261755735090096,90,48,54860,466.749,1980
261755785201745,90,48,54860,491.329,1980
261755835304814,90,48,54860,491.329,1980
261755885410925,97,53,54860,511.961,1980
261755936503502,97,53,54860,511.961,1980
261755987023736,97,53,54860,528.955,1980
261756037189998,97,53,54860,528.955,1980
261756087316050,98,55,54860,548.295,1980
261756137420758,98,55,54860,548.295,1980
261756187531129,98,55,54860,568.574,1980
261756237641508,98,55,54860,568.574,1980
261756287743602,95,54,54860,599.712,1980
261756337846557,95,54,54860,599.712,1980
261756387946052,95,54,54860,594.509,1980
261756438044281,95,54,54860,594.509,1980
261756488146231,96,55,54860,587.653,1980
261756538246724,96,55,54860,587.653,1980
261756588351876,96,55,54860,579.946,1980
261756639127023,96,55,54860,579.946,1980
261756690100773,29,28,54860,537.15,1980
261756740787983,29,28,54860,537.15,1980
261756790933680,29,28,54860,494.413,1980
261756841102574,29,28,54860,494.413,1980
261756891267278,31,15,54860,473.027,1980
261756943065295,31,15,54860,473.027,1980
261756994461928,31,15,54860,448.305,1980
261757045096049,31,15,54860,448.305,1980
261757095625361,71,37,54860,428.573,1980
261757146836313,71,37,54860,428.573,1980
261757197969853,71,37,54860,410.46,1980
261757248062344,71,37,54860,410.46,1980
261757298206473,89,45,54860,389.341,1980
261757348972294,89,45,54860,389.341,1980
261757399111205,89,45,54860,371.975,1980
261757449368962,89,45,54860,371.975,1980
261757499470302,100,52,54860,355.864,1980
261757549583489,100,52,54860,355.864,1980
261757599693077,100,52,54860,340.087,1980
261757649862073,100,52,54860,340.087,1980
261757700018376,81,43,54860,391.07,1980
261757750130151,81,43,54860,391.07,1980
261757800239887,81,43,54860,432.823,1980
261757850344256,81,43,54860,432.823,1980
261757900451539,98,50,54860,463.306,1980
261757950560496,98,50,54860,463.306,1980
261758000667590,98,50,54860,482.099,1980
261758050772846,98,50,54860,482.099,1980
261758100879681,96,53,54860,504.292,1980
261758150983284,96,53,54860,504.292,1980
261758201083426,96,53,54860,524.725,1980
261758251185333,96,53,54860,524.725,1980
261758301288526,97,56,54860,541.79,1980
261758351388485,97,56,54860,541.79,1980
261758401493769,97,56,54860,558.986,1980
261758451612467,97,56,54860,558.986,1980
261758501713422,96,55,54860,579.581,1980
261758551812755,96,55,54860,579.581,1980
261758601920751,96,55,54860,604.145,1980
261758652026565,96,55,54860,604.145,1980
261758702125720,95,54,54860,598.346,1980
261758752226730,95,54,54860,598.346,1980
261758802322889,95,54,54860,593.043,1980
261758852420600,95,54,54860,593.043,1980
261758903287533,98,57,54860,581.879,1980
261758954313245,98,57,54860,581.879,1980
261759005043239,98,57,54860,541.343,1980
261759055871449,98,57,54860,541.343,1980
261759106340701,2,2,54860,499.222,1980
261759156482107,2,2,54860,499.222,1980
261759207892598,2,2,54860,475.112,1980
261759258029124,2,2,54860,475.112,1980
261759308143536,70,36,54860,453.858,1980
261759358264559,70,36,54860,453.858,1980
261759409446707,70,36,54860,434.761,1980
261759459568468,70,36,54860,434.761,1980
261759509723927,85,44,54860,408.248,1980
261759559842470,85,44,54860,408.248,1980
261759609979465,85,44,54860,389.52,1980
261759660149133,85,44,54860,389.52,1980
261759710590994,100,53,54860,366.31,1980
261759760732810,100,53,54860,366.31,1980
261759810860907,100,53,54860,342.11,1980
261759860976261,100,53,54860,342.11,1980
261759911102785,71,37,54860,339.55,1980
261759961226908,71,37,54860,339.55,1980
261760011330387,71,37,54860,393.235,1980
261760061429688,71,37,54860,393.235,1980
261760111537376,98,50,54860,434.829,1980
261760161639944,98,50,54860,434.829,1980
261760211737354,98,50,54860,461.697,1980
261760261849493,98,50,54860,461.697,1980
261760311951620,97,50,54860,487.352,1980
261760362054794,97,50,54860,487.352,1980
261760412156823,97,50,54860,508.185,1980
261760462259409,97,50,54860,508.185,1980
261760512362310,98,57,54860,527.133,1980
261760562464467,98,57,54860,527.133,1980
261760612567071,98,57,54860,553.418,1980
261760662666248,98,57,54860,553.418,1980
261760712765514,95,54,54860,570.98,1980
261760762868588,95,54,54860,570.98,1980
261760812966526,95,54,54860,590.131,1980
261760863044436,95,54,54860,590.131,1980
261760913152284,96,54,54860,596.167,1980
261760963254473,96,54,54860,596.167,1980
261761014107687,96,54,54860,589.26,1980
261761064208150,96,54,54860,589.26,1980
261761115219072,95,63,54860,567.128,1980
261761166089313,95,63,54860,567.128,1980
261761216939805,95,63,54860,524.905,1980
261761267046288,95,63,54860,524.905,1980
261761318086098,2,2,54860,483.636,1980
261761368201296,2,2,54860,483.636,1980
261761420084056,2,2,54860,460.426,1980
261761471030089,2,2,54860,460.426,1980
261761522438006,70,36,54860,439.587,1980
261761572561704,70,36,54860,439.587,1980
261761622777209,70,36,54860,415.943,1980
261761672899197,70,36,54860,415.943,1980
261761723017470,80,41,54860,395.05,1980
261761773779442,80,41,54860,395.05,1980
261761823908218,80,41,54860,383.805,1980
261761874067742,80,41,54860,383.805,1980
261761924177524,99,51,54860,364.184,1980
261761974348314,99,51,54860,364.184,1980
261762024473656,99,51,54860,339.691,1980
261762074599954,99,51,54860,339.691,1980
261762124706155,73,38,54860,343.003,1980
261762174806513,73,38,54860,343.003,1980
261762224909390,73,38,54860,391.725,1980
261762275019391,73,38,54860,391.725,1980
261762325129338,98,49,54860,438.896,1980
261762375237878,98,49,54860,438.896,1980
261762425338755,98,49,54860,463.409,1980
261762475457682,98,49,54860,463.409,1980
261762525569989,98,52,54860,485.34,1980
261762575676762,98,52,54860,485.34,1980
261762625787413,98,52,54860,505.234,1980
261762675892193,98,52,54860,505.234,1980
261762725996664,96,54,54860,530.431,1980
261762776106968,96,54,54860,530.431,1980
261762826220667,96,54,54860,550.368,1980
261762876323342,96,54,54860,550.368,1980
261762926424316,96,55,54860,572.542,1980
261762976531217,96,55,54860,572.542,1980
261763026636287,96,55,54860,597.097,1980
261763076745135,96,55,54860,597.097,1980
261763126847964,96,54,54860,609.614,1980
261763176946208,96,54,54860,609.614,1980
261763227048613,96,54,54860,601.675,1980
261763277151356,96,54,54860,601.675,1980
261763327257791,96,53,54860,595.739,1980
261763377836555,96,53,54860,595.739,1980
261763429192961,96,53,54860,578.676,1980
261763479852721,96,53,54860,578.676,1980
261763530932723,9,9,54860,533.379,1980
261763581329680,9,9,54860,533.379,1980
261763631460521,9,9,54860,496.216,1980
261763683098766,9,9,54860,496.216,1980
261763734364488,50,25,54860,473.29,1980
261763784502894,50,25,54860,451.862,1980
261763835112397,50,25,54860,451.862,1980
261763885356807,79,40,54860,426.837,1980
261763935495896,79,40,54860,426.837,1980
261763985675189,79,40,54860,409.36,1980
261764035840327,79,40,54860,409.36,1980
261764085987173,95,49,54860,387.411,1980
261764136106585,95,49,54860,387.411,1980
261764186213276,95,49,54860,361.735,1980
261764236320903,95,49,54860,361.735,1980
261764286436079,100,53,54860,336.501,1980
261764336549485,100,53,54860,336.501,1980
261764386654717,100,53,54860,356.366,1980
261764436773012,100,53,54860,356.366,1980
261764486873130,99,50,54860,402.808,1980
261764536974185,99,50,54860,402.808,1980
261764587106896,99,50,54860,447.374,1980
261764637209019,99,50,54860,447.374,1980
261764687309004,89,46,54860,473.208,1980
261764737431256,89,46,54860,473.208,1980
261764787542768,89,46,54860,493.681,1980
261764837655652,89,46,54860,493.681,1980
261764887773796,96,56,54860,510.071,1980
261764937884600,96,56,54860,510.071,1980
261764987989129,96,56,54860,528.627,1980
261765038092580,96,56,54860,528.627,1980
261765088207437,96,54,54860,546.308,1980
261765138331619,96,54,54860,546.308,1980
261765188438001,96,54,54860,566.828,1980
261765238550963,96,54,54860,566.828,1980
261765288655598,97,53,54860,585.071,1980
261765338798679,97,53,54860,585.071,1980
261765388901254,97,53,54860,589.822,1980
261765439006116,97,53,54860,589.822,1980
261765489105355,98,55,54860,577.299,1980
261765539205577,98,55,54860,577.299,1980
261765589305750,98,55,54860,571.41,1980
261765640201836,98,55,54860,571.41,1980
261765691079228,63,47,54860,538.834,1980
261765742097172,63,47,54860,538.834,1980
261765793029397,63,47,54860,497.94,1980
261765844831602,63,47,54860,497.94,1980
261765901952899,11,6,54860,468.211,1980
261765952669954,11,6,54860,468.211,1980
261766003192873,11,6,54860,447.652,1980
261766053330350,11,6,54860,447.652,1980
261766104499716,67,35,54860,428.351,1980
261766155074441,67,35,54860,428.351,1980
261766205812908,67,35,54860,407.933,1980
261766255936681,67,35,54860,407.933,1980
261766306096493,94,49,54860,389.292,1980
261766356248027,94,49,54860,389.292,1980
261766406354068,94,49,54860,372.876,1980
261766456536799,94,49,54860,372.876,1980
261766506695326,100,53,54860,352.645,1980
261766556776685,100,53,54860,352.645,1980
261766606904944,100,53,54860,336.989,1980
261766657030627,100,53,54860,336.989,1980
261766707137013,90,46,54860,371.149,1980
261766757263483,90,46,54860,371.149,1980
261766807373604,90,46,54860,417.444,1980
261766857480812,90,46,54860,417.444,1980
261766907586073,91,46,54860,452.37,1980
261766957711583,91,46,54860,452.37,1980
261767007822565,91,46,54860,475.691,1980
261767058652131,91,46,54860,475.691,1980
261767108761512,96,54,54860,495.421,1980
261767158867745,96,54,54860,495.421,1980
261767208971670,96,54,54860,520.018,1980
261767259072388,96,54,54860,520.018,1980
261767309172295,95,54,54860,539.425,1980
261767359278864,95,54,54860,539.425,1980
261767409378809,95,54,54860,562.111,1980
261767459478699,95,54,54860,562.111,1980
261767509586707,96,55,54860,586.222,1980
261767559693374,96,55,54860,586.222,1980
261767609797485,96,55,54860,603.93,1980
261767659909891,96,55,54860,603.93,1980
261767710014347,95,54,54860,592.735,1980
261767760115064,95,54,54860,592.735,1980
261767812279197,95,54,54860,588.841,1980
261767863175257,95,54,54860,588.841,1980
261767913846864,70,50,54860,555.647,1980
261767964584828,70,50,54860,555.647,1980
261768015937519,70,50,54860,512.346,1980
261768066107697,70,50,54860,512.346,1980
261768116221221,10,5,54860,483.928,1980
261768167455848,10,5,54860,483.928,1980
261768219124947,10,5,54860,463.406,1980
261768269230253,10,5,54860,463.406,1980
261768319349620,72,37,54860,441.214,1980
261768369481758,72,37,54860,441.214,1980
261768420364924,72,37,54860,420.484,1980
261768470562222,72,37,54860,420.484,1980
261768520716469,88,45,54860,396.345,1980
261768571201622,88,45,54860,396.345,1980
261768621939089,88,45,54860,375.777,1980
261768672099664,88,45,54860,375.777,1980
261768722245185,100,52,54860,362.126,1980
261768772349464,100,52,54860,362.126,1980
261768822459417,100,52,54860,333.564,1980
261768872566766,100,52,54860,333.564,1980
261768922667883,72,37,54860,372.13,1980
261768972769208,72,37,54860,372.13,1980
261769022897274,72,37,54860,414.06,1980
261769073006674,72,37,54860,414.06,1980
261769123109003,98,50,54860,449.547,1980
261769173211170,98,50,54860,449.547,1980
261769223314111,98,50,54860,472.907,1980
261769273418728,98,50,54860,472.907,1980
261769323523071,95,52,54860,495.54,1980
261769373630197,95,52,54860,495.54,1980
261769423732147,95,52,54860,515.237,1980
261769473834092,95,52,54860,515.237,1980
261769523935078,96,56,54860,532.898,1980
261769574038468,96,56,54860,532.898,1980
261769624137265,96,56,54860,550.229,1980
261769674255771,96,56,54860,550.229,1980
261769724356359,96,55,54860,569.551,1980
261769774456173,96,55,54860,569.551,1980
261769824553732,96,55,54860,591.208,1980
261769874652516,96,55,54860,591.208,1980
261769924753436,97,53,54860,585.308,1980
261769974853901,97,53,54860,585.308,1980
261770024955713,97,53,54860,580.55,1980
261770076568663,97,53,54860,580.55,1980
261770127450529,98,55,54860,572.547,1980
261770178289602,98,55,54860,572.547,1980
261770229193850,98,55,54860,529.463,1980
261770280192785,98,55,54860,529.463,1980
261770331016604,2,2,54860,486.774,1980
261770381137054,2,2,54860,486.774,1980
261770431256846,2,2,54860,463.57,1980
261770482079019,2,2,54860,463.57,1980
261770532217588,70,36,54860,443.165,1980
261770583119976,70,36,54860,443.165,1980
261770634299461,70,36,54860,422.909,1980
261770684411717,70,36,54860,422.909,1980
261770735118307,80,41,54860,406.423,1980
261770785247342,80,41,54860,406.423,1980
261770835372489,80,41,54860,392.335,1980
261770885514763,80,41,54860,392.335,1980
261770935681060,99,52,54860,370.933,1980
261770985885514,99,52,54860,370.933,1980
261771036074194,99,52,54860,348.716,1980
261771086203591,99,52,54860,348.716,1980
261771136318882,76,40,54860,337.553,1980
261771186422603,76,40,54860,337.553,1980
261771236542116,76,40,54860,381.287,1980
261771286655809,76,40,54860,381.287,1980
261771336753737,99,55,54860,432.591,1980
261771386855309,99,55,54860,432.591,1980
261771436959542,99,55,54860,458.339,1980
261771487067019,99,55,54860,458.339,1980
261771537170473,90,52,54860,484.473,1980
261771587271962,90,52,54860,484.473,1980
261771637372936,90,52,54860,507.13,1980
261771687472539,90,52,54860,507.13,1980
261771737671184,97,57,54860,523.538,1980
261771787773325,97,57,54860,523.538,1980
261771837871537,97,57,54860,547.247,1980
261771887978446,97,57,54860,568.03,1980
261771938090526,96,58,54860,568.03,1980
261771988195146,96,58,54860,585.723,1980
261772038298703,96,58,54860,585.723,1980
261772088399957,96,58,54860,610.999,1980
261772138501164,97,56,54860,610.999,1980
261772188618224,97,56,54860,605.729,1980
261772238717907,97,56,54860,605.729,1980
261772288820632,98,59,54860,600.416,1980
261772338920195,98,59,54860,600.416,1980
261772389023072,98,59,54860,598.728,1980
261772439979910,98,59,54860,598.728,1980
261772490797289,78,57,54860,567.614,1980
261772541700794,78,57,54860,567.614,1980
261772592236785,78,57,54860,523.149,1980
261772643360101,78,57,54860,523.149,1980
261772693514741,4,2,54860,494.667,1980
261772743633012,4,2,54860,494.667,1980
261772793937699,4,2,54860,473.905,1980
261772844079313,4,2,54860,473.905,1980
261772894203026,75,38,54860,449.529,1980
261772944367620,75,38,54860,449.529,1980
261772994865273,75,38,54860,430.916,1980
261773045344442,75,38,54860,430.916,1980
261773096072708,98,51,54860,405.988,1980
261773146258165,98,51,54860,405.988,1980
261773196437721,98,51,54860,383.712,1980
261773246610790,98,51,54860,383.712,1980
261773296750786,100,53,54860,362.054,1980
261773346884347,100,53,54860,362.054,1980
261773396994903,100,53,54860,344.499,1980
261773447108330,100,53,54860,344.499,1980
261773497208366,95,49,54860,381.302,1980
261773547319097,95,49,54860,381.302,1980
261773597418064,95,49,54860,424.12,1980
261773647530820,95,49,54860,424.12,1980
261773697639487,90,46,54860,457.138,1980
261773747741694,90,46,54860,457.138,1980
261773797842226,90,46,54860,480.728,1980
261773847960323,90,46,54860,480.728,1980
261773898068929,98,56,54860,499.079,1980
261773948172158,98,56,54860,499.079,1980
261773998274809,98,56,54860,520.432,1980
261774048386634,98,56,54860,520.432,1980
261774098485663,95,55,54860,536.691,1980
261774148586647,95,55,54860,536.691,1980
261774198690403,95,55,54860,556.229,1980
261774248802179,95,55,54860,556.229,1980
261774299343812,96,55,54860,580.671,1980
261774349446580,96,55,54860,580.671,1980
261774399544536,96,55,54860,605.044,1980
261774449643577,96,55,54860,605.044,1980
261774499743231,96,56,54860,593.471,1980
261774549841712,96,56,54860,593.471,1980
261774600596980,96,56,54860,574.744,1980
261774651641854,96,56,54860,574.744,1980
261774702356826,26,26,54860,533.942,1980
261774753150961,26,26,54860,533.942,1980
261774803280557,26,26,54860,491.206,1980
261774853401541,26,26,54860,491.206,1980
261774905156698,37,18,54860,467.863,1980
261774955391529,37,18,54860,467.863,1980
261775005514141,37,18,54860,447.675,1980
261775056735645,37,18,54860,447.675,1980
261775107542167,74,38,54860,429.939,1980
261775157661532,74,38,54860,429.939,1980
261775207894998,74,38,54860,405.729,1980
261775258054229,74,38,54860,405.729,1980
261775308220010,97,50,54860,382.418,1980
261775358325323,97,50,54860,382.418,1980
261775408469108,97,50,54860,357.46,1980
261775458648500,97,50,54860,357.46,1980
261775512905474,100,53,54860,337.519,1980
261775563044641,100,53,54860,337.519,1980
261775613168213,100,53,54860,346.0,1980
261775663276632,100,53,54860,346.0,1980
261775713374747,98,51,54860,393.668,1980
261775763475101,98,51,54860,393.668,1980
261775813576404,98,51,54860,444.287,1980
261775863677218,98,51,54860,444.287,1980
261775913777213,89,48,54860,467.989,1980
261775963882295,89,48,54860,467.989,1980
261776013984713,89,48,54860,489.201,1980
261776064049103,89,48,54860,489.201,1980
261776114147623,95,56,54860,503.628,1980
261776164265728,95,56,54860,503.628,1980
261776214364185,95,56,54860,526.98,1980
261776264465749,95,56,54860,526.98,1980
261776314633899,96,55,54860,545.366,1980
261776364766034,96,55,54860,545.366,1980
261776414837084,96,55,54860,566.313,1980
261776464942176,96,55,54860,566.313,1980
261776515055774,96,55,54860,584.521,1980
261776565170042,96,55,54860,584.521,1980
261776615275122,96,55,54860,589.392,1980
261776665378499,96,55,54860,589.392,1980
261776715482803,96,56,54860,580.44,1980
261776765591500,96,56,54860,580.44,1980
261776816472870,96,56,54860,570.317,1980
261776867368305,96,56,54860,570.317,1980
261776918465697,40,34,54860,530.333,1980
261776969164771,40,34,54860,530.333,1980
261777019329558,40,34,54860,488.429,1980
261777069440348,40,34,54860,488.429,1980
261777119962655,27,13,54860,463.542,1980
261777170102274,27,13,54860,463.542,1980
261777220212193,27,13,54860,440.368,1980
261777270593136,27,13,54860,440.368,1980
261777321668914,66,34,54860,419.656,1980
261777372917869,66,34,54860,419.656,1980
261777423045397,66,34,54860,399.801,1980
261777473478593,66,34,54860,399.801,1980
261777523613557,87,44,54860,383.605,1980
261777574154719,87,44,54860,383.605,1980
261777628658061,87,44,54860,363.886,1980
261777678792994,87,44,54860,363.886,1980
261777739448434,100,53,54860,344.8,1980
261777789567573,100,53,54860,344.8,1980
261777839685033,100,53,54860,333.239,1980
261777889803916,100,53,54860,333.239,1980
261777939909839,76,40,54860,375.893,1980
261777990020714,76,40,54860,375.893,1980
261778040124785,76,40,54860,427.187,1980
261778090231411,76,40,54860,427.187,1980
261778140337665,98,51,54860,454.012,1980
261778190451079,98,51,54860,454.012,1980
261778240561880,98,51,54860,478.554,1980
261778290662002,98,51,54860,478.554,1980
261778340761119,96,53,54860,501.886,1980
261778390861750,96,53,54860,501.886,1980
261778440965971,96,53,54860,520.223,1980
261778491042231,96,53,54860,520.223,1980
261778541139731,98,57,54860,544.591,1980
261778591239370,98,57,54860,544.591,1980
261778641502157,98,57,54860,561.355,1980
261778691626234,98,57,54860,561.355,1980
261778741739161,96,55,54860,582.437,1980
261778791853623,96,55,54860,607.273,1980
261778841979485,96,55,54860,607.273,1980
261778892043066,95,56,54860,601.886,1980
261778942159135,95,56,54860,601.886,1980
261778992269533,95,56,54860,594.36,1980
261779042377026,95,56,54860,594.36,1980
261779092490945,95,56,54860,591.432,1980
261779143191333,96,55,54860,591.432,1980
261779193943928,96,55,54860,558.508,1980
261779245013587,96,55,54860,558.508,1980
261779295889044,3,2,54860,514.632,1980
261779346841367,3,2,54860,514.632,1980
261779396951077,3,2,54860,484.414,1980
261779447114852,3,2,54860,484.414,1980
261779498353295,69,35,54860,463.259,1980
261779548466988,69,35,54860,463.259,1980
261779599579541,69,35,54860,436.63,1980
261779651148589,69,35,54860,436.63,1980
261779701273365,75,39,54860,415.152,1980
261779752005851,75,39,54860,415.152,1980
261779802268635,75,39,54860,395.309,1980
261779852378000,75,39,54860,395.309,1980
261779902518613,96,50,54860,375.017,1980
261779952689101,96,50,54860,375.017,1980
261780002796026,96,50,54860,360.299,1980
261780054629219,96,50,54860,360.299,1980
261780104742806,100,53,54860,337.427,1980
261780154854097,100,53,54860,337.427,1980
261780204956414,100,53,54860,370.993,1980
261780255060776,100,53,54860,370.993,1980
261780305195614,98,49,54860,413.346,1980
261780355308256,98,49,54860,413.346,1980
261780405419492,98,49,54860,448.056,1980
261780455526377,98,49,54860,448.056,1980
261780505630161,90,47,54860,473.743,1980
261780555740244,90,47,54860,473.743,1980
261780606521652,90,47,54860,496.52,1980
261780656625424,90,47,54860,496.52,1980
261780706732135,97,53,54860,516.292,1980
261780756833752,97,53,54860,516.292,1980
261780806933208,97,53,54860,533.084,1980
261780857034968,97,53,54860,533.084,1980
261780907132523,96,53,54860,550.694,1980
261780957230014,96,53,54860,550.694,1980
261781007327224,96,53,54860,574.756,1980
261781057425899,96,53,54860,574.756,1980
261781107945768,96,54,54860,598.578,1980
261781158056452,96,54,54860,598.578,1980
261781208156752,96,54,54860,596.429,1980
261781258259936,96,54,54860,596.429,1980
261781308363595,96,55,54860,592.263,1980
261781358463093,96,55,54860,592.263,1980
261781409036634,96,55,54860,589.189,1980
261781459884720,96,55,54860,589.189,1980
261781510530682,41,35,54860,545.125,1980
261781561544783,41,35,54860,545.125,1980
261781611697898,41,35,54860,501.858,1980
261781663077841,41,35,54860,501.858,1980
261781713238265,27,13,54860,476.246,1980
261781763362340,27,13,54860,476.246,1980
261781813545316,27,13,54860,455.922,1980
261781863726311,27,13,54860,455.922,1980
261781914523936,70,36,54860,435.693,1980
261781964870007,70,36,54860,435.693,1980
261782015623783,70,36,54860,415.063,1980
261782065754923,70,36,54860,415.063,1980
261782115854747,91,47,54860,392.293,1980
261782166218517,91,47,54860,392.293,1980
261782216321487,91,47,54860,369.326,1980
261782270209150,91,47,54860,369.326,1980
261782320338187,100,53,54860,343.291,1980
261782370447842,100,53,54860,343.291,1980
261782420549688,100,53,54860,347.831,1980
261782470651485,100,53,54860,347.831,1980
261782520754669,98,49,54860,392.088,1980
261782570857955,98,49,54860,392.088,1980
261782620962067,98,49,54860,436.939,1980
261782671072622,98,49,54860,436.939,1980
261782721172574,80,42,54860,462.909,1980
261782771274468,80,42,54860,462.909,1980
261782821376470,80,42,54860,481.424,1980
261782871835796,80,42,54860,481.424,1980
261782921938361,95,53,54860,499.925,1980
261782972041706,95,53,54860,499.925,1980
261783022141678,95,53,54860,522.617,1980
261783072240735,95,53,54860,522.617,1980
261783122339447,96,54,54860,537.874,1980
261783172439516,96,54,54860,537.874,1980
261783222542308,96,54,54860,556.168,1980
261783272641372,96,54,54860,556.168,1980
261783322738959,97,52,54860,577.185,1980
261783372839388,97,52,54860,577.185,1980
261783423147879,97,52,54860,583.875,1980
261783474229027,97,52,54860,583.875,1980
261783525143800,95,61,54860,559.11,1980
261783576050564,95,61,54860,559.11,1980
261783626797964,95,61,54860,511.805,1980
261783678177916,95,61,54860,511.805,1980
261783728324750,2,2,54860,479.725,1980
261783778467516,2,2,54860,479.725,1980
261783829746157,2,2,54860,456.934,1980
261783881872502,2,2,54860,456.934,1980
261783932824426,70,36,54860,437.029,1980
261783983104531,70,36,54860,437.029,1980
261784034256377,70,36,54860,418.93,1980
261784084727284,70,36,54860,418.93,1980
261784134861252,77,40,54860,396.782,1980
261784185030587,77,40,54860,396.782,1980
261784235163697,77,40,54860,376.821,1980
261784285751622,77,40,54860,376.821,1980
261784335855973,95,49,54860,359.785,1980
261784386029108,95,49,54860,359.785,1980
261784436189514,95,49,54860,338.545,1980
261784486309728,95,49,54860,338.545,1980
261784536429945,76,40,54860,352.423,1980
261784586532185,76,40,54860,352.423,1980
261784636658884,76,40,54860,401.51,1980
261784686771939,76,40,54860,401.51,1980
261784736880810,98,49,54860,446.985,1980
261784786979645,98,49,54860,446.985,1980
261784837099032,98,49,54860,468.559,1980
261784887205490,98,49,54860,468.559,1980
261784937302215,95,52,54860,491.885,1980
261784987400271,95,52,54860,491.885,1980
261785037505123,95,52,54860,512.799,1980
261785087641323,95,52,54860,512.799,1980
261785137741118,96,54,54860,534.393,1980
261785187840750,96,54,54860,534.393,1980
261785237942805,96,54,54860,555.433,1980
261785288043136,96,54,54860,555.433,1980
261785338142614,96,54,54860,579.877,1980
261785388259954,96,54,54860,579.877,1980
261785438362288,96,54,54860,597.411,1980
261785488467328,96,54,54860,597.411,1980
261785538567363,95,55,54860,611.834,1980
261785588677988,95,55,54860,611.834,1980
261785638775456,95,55,54860,602.962,1980
261785691106635,95,55,54860,602.962,1980
261785741946022,96,53,54860,588.551,1980
261785792688869,96,53,54860,588.551,1980
261785843575268,96,53,54860,549.244,1980
261785893945796,96,53,54860,549.244,1980
261785946221511,2,2,54860,506.127,1980
261785996367069,2,2,54860,479.404,1980
261786046519004,2,2,54860,479.404,1980
261786098157089,70,36,54860,455.14,1980
261786149179937,70,36,54860,455.14,1980
261786200264491,70,36,54860,430.998,1980
261786250463773,70,36,54860,430.998,1980
261786300581012,77,40,54860,411.106,1980
261786351113763,77,40,54860,411.106,1980
261786401705373,77,40,54860,388.433,1980
261786452184082,77,40,54860,388.433,1980
261786502428728,100,52,54860,366.654,1980
261786552571732,100,52,54860,366.654,1980
261786602733696,100,52,54860,350.614,1980
261786652859206,100,52,54860,350.614,1980
261786702960942,83,44,54860,339.752,1980
261786753060194,83,44,54860,339.752,1980
261786803157561,83,44,54860,388.661,1980
261786853268974,83,44,54860,388.661,1980
261786903367588,98,51,54860,436.021,1980
261786953469137,98,51,54860,436.021,1980
261787003568632,98,51,54860,458.003,1980
261787053668269,98,51,54860,458.003,1980
261787103766316,90,50,54860,474.308,1980
261787153864821,90,50,54860,474.308,1980
261787203964618,90,50,54860,495.565,1980
261787254074085,90,50,54860,495.565,1980
261787304175884,97,54,54860,518.74,1980
261787354278816,97,54,54860,518.74,1980
261787404377347,97,54,54860,532.806,1980
261787454475358,97,54,54860,532.806,1980
261787504578524,98,56,54860,554.113,1980
261787554676248,98,56,54860,554.113,1980
261787604773514,98,56,54860,579.509,1980
261787654874093,98,56,54860,579.509,1980
261787704971510,96,55,54860,590.122,1980
261787755067064,96,55,54860,590.122,1980
261787805177340,96,55,54860,583.216,1980
261787855284388,96,55,54860,583.216,1980
261787905398841,96,57,54860,578.364,1980
261787955515416,96,57,54860,578.364,1980
261788006483066,96,57,54860,564.506,1980
261788057403300,96,57,54860,564.506,1980
261788108241047,37,33,54860,526.867,1980
261788158930630,37,33,54860,526.867,1980
261788210582900,37,33,54860,489.432,1980
261788261674122,37,33,54860,489.432,1980
261788312402472,30,15,54860,467.516,1980
261788362550838,30,15,54860,467.516,1980
261788413434183,30,15,54860,445.38,1980
261788463928554,30,15,54860,445.38,1980
261788514047343,71,37,54860,420.317,1980
261788564646967,71,37,54860,420.317,1980
261788614792626,71,37,54860,400.661,1980
261788665141804,71,37,54860,400.661,1980
261788715290204,90,47,54860,385.309,1980
261788765412913,90,47,54860,385.309,1980
261788815513773,90,47,54860,364.205,1980
261788865637072,90,47,54860,364.205,1980
261788916198780,100,53,54860,342.291,1980
261788966313504,100,53,54860,342.291,1980
261789016426195,100,53,54860,350.3,1980
261789066530091,100,53,54860,350.3,1980
261789116632546,98,51,54860,394.577,1980
261789166741143,98,51,54860,394.577,1980
261789216850834,98,51,54860,441.053,1980
261789266960565,98,51,54860,441.053,1980
261789317061211,90,46,54860,465.348,1980
261789367162587,90,46,54860,465.348,1980
261789417265151,90,46,54860,488.123,1980
261789467375230,90,46,54860,488.123,1980
261789517477736,95,54,54860,510.23,1980
261789567578221,95,54,54860,510.23,1980
261789617681319,95,54,54860,526.353,1980
261789667783371,95,54,54860,526.353,1980
261789717897268,96,54,54860,546.719,1980
261789768008462,96,54,54860,546.719,1980
261789818631151,96,54,54860,571.927,1980
261789868733475,96,54,54860,571.927,1980
261789918830427,96,55,54860,596.022,1980
261789968930807,96,55,54860,596.022,1980
261790019035064,96,55,54860,602.577,1980
261790069147868,96,55,54860,602.577,1980
261790119247587,96,55,54860,595.081,1980
261790169349200,96,55,54860,595.081,1980
261790220902857,96,55,54860,588.698,1980
261790271756604,96,55,54860,588.698,1980
261790322727139,73,52,54860,551.56,1980
261790373646458,73,52,54860,551.56,1980
261790423756839,73,52,54860,511.978,1980
261790474934297,73,52,54860,511.978,1980
261790525056131,6,3,54860,486.489,1980
261790576360333,6,3,54860,486.489,1980
261790626510952,6,3,54860,460.691,1980
261790677095105,6,3,54860,460.691,1980
261790727199741,72,37,54860,438.112,1980
261790777323496,72,37,54860,438.112,1980
261790827450177,72,37,54860,418.206,1980
261790877756728,72,37,54860,418.206,1980
261790928082456,82,42,54860,397.839,1980
261790978817578,82,42,54860,397.839,1980
261791028948153,82,42,54860,378.872,1980
261791079090072,82,42,54860,378.872,1980
261791129239105,100,52,54860,355.763,1980
261791180229658,100,52,54860,355.763,1980
261791230338190,100,52,54860,334.189,1980
261791280453207,100,52,54860,334.189,1980
261791330557894,75,40,54860,371.824,1980
261791380657925,75,40,54860,371.824,1980
261791430759086,75,40,54860,421.721,1980
261791480859482,75,40,54860,421.721,1980
261791530961221,98,52,54860,450.649,1980
261791581062919,98,52,54860,450.649,1980
261791631167114,98,52,54860,475.399,1980
261791681266825,98,52,54860,475.399,1980
261791731368739,95,53,54860,493.645,1980
261791781469765,95,53,54860,493.645,1980
261791831566831,95,53,54860,512.878,1980
261791881693700,95,53,54860,512.878,1980
261791931797462,96,55,54860,536.141,1980
261791982737255,96,55,54860,536.141,1980
261792032841429,96,55,54860,551.683,1980
261792082946843,96,55,54860,551.683,1980
261792133041582,96,55,54860,576.269,1980
261792183139066,96,55,54860,576.269,1980
261792233237276,96,55,54860,595.672,1980
261792283334413,96,55,54860,595.672,1980
261792333431777,98,58,54860,593.938,1980
261792383531129,98,58,54860,593.938,1980
261792433632739,98,58,54860,586.71,1980
261792483733707,98,58,54860,586.71,1980
261792534586575,96,55,54860,579.99,1980
261792585218232,96,55,54860,579.99,1980
261792636181498,96,55,54860,547.265,1980
261792687153990,96,55,54860,547.265,1980
261792737287821,2,2,54860,506.761,1980
261792787973864,2,2,54860,506.761,1980
261792838086036,2,2,54860,478.043,1980
261792888668465,2,2,54860,478.043,1980
261792939178163,68,34,54860,458.356,1980
261792989330011,68,34,54860,458.356,1980
261793040515710,68,34,54860,433.247,1980
261793091548909,68,34,54860,433.247,1980
261793142055863,77,40,54860,415.384,1980
261793192733085,77,40,54860,415.384,1980
261793242834141,77,40,54860,391.285,1980
261793292957188,77,40,54860,391.285,1980
261793343111353,100,53,54860,371.788,1980
261793393217173,100,53,54860,371.788,1980
261793443321931,100,53,54860,343.216,1980
261793493445425,100,53,54860,343.216,1980
261793543560417,77,42,54860,350.36,1980
261793593670753,77,42,54860,350.36,1980
261793643774290,77,42,54860,391.59,1980
261793693881265,77,42,54860,391.59,1980
261793743985990,98,54,54860,435.961,1980
261793794122328,98,54,54860,435.961,1980
261793844226182,98,54,54860,465.565,1980
261793895170995,98,54,54860,465.565,1980
261793945272673,95,53,54860,483.733,1980
261793995377646,95,53,54860,483.733,1980
261794045480454,95,53,54860,505.084,1980
261794095585876,95,53,54860,505.084,1980
261794145686044,95,56,54860,525.094,1980
261794195787560,95,56,54860,525.094,1980
261794245896748,95,56,54860,548.027,1980
261794295998473,95,56,54860,548.027,1980
261794346472724,98,57,54860,563.665,1980
261794396573213,98,57,54860,563.665,1980
261794446670779,98,57,54860,584.226,1980
261794496829418,98,57,54860,584.226,1980
261794546943633,95,56,54860,589.935,1980
261794597046899,95,56,54860,589.935,1980
