t_ns,util_gpu_pct,util_mem_pct,mem_used_mib,power_w,sm_clock_mhz
261833587544140,0,0,962,109.581,1980
261833640407705,0,0,962,114.173,1980
261833691899240,0,0,6852,114.173,1980
261833742042838,1,0,6852,118.943,1980
261833792158710,1,0,6852,118.943,1980
261833842347964,1,0,6852,123.732,1980
261833892544656,1,0,6852,123.732,1980
261833942722393,12,0,6852,128.576,1980
261833992849788,12,0,6852,128.576,1980
261834043016548,12,0,6852,133.472,1980
261834093240499,12,0,6852,133.472,1980
261834143467504,10,0,6852,139.061,1980
261834193687961,10,0,6852,139.061,1980
261834243911266,10,0,6852,143.156,1980
261834297286474,10,0,6852,143.156,1980
261834347501784,12,0,6852,148.953,1980
261834397732788,12,0,6852,148.953,1980
261834447948362,12,0,6852,150.144,1980
261834498141389,12,0,6852,150.144,1980
261834548372839,13,0,6852,149.983,1980
261834598593215,13,0,6852,149.983,1980
261834648827828,13,0,6852,150.113,1980
261834699070633,13,0,6852,150.113,1980
261834750336567,12,0,6852,150.213,1980
261834860962124,12,0,6872,150.252,1980
261835007436743,12,0,6872,150.183,1980
261835161516518,0,0,6872,149.91,1980
261835211653464,0,0,6872,149.91,1980
261835261804571,0,0,6872,149.826,1980
261835312009426,0,0,6872,149.826,1980
261835363339544,0,0,6872,149.735,1980
261835413536054,0,0,6872,149.735,1980
261835493982355,0,0,6872,149.631,1980
261835709527700,0,0,6872,149.438,1980
261835981710827,0,0,6872,149.24,1980
261836062105006,0,0,6872,149.281,1980
261836130189746,0,0,6872,149.281,1980
261836226813532,0,0,6872,149.387,1980
261836287507318,0,0,6872,149.792,1980
261836684223607,0,0,6872,151.417,1980
261836760145970,0,0,6872,151.835,1980
261836820386634,0,0,6872,151.835,1980
261836885690448,0,0,6872,152.293,1980
261836950992951,0,0,6872,152.672,1980
261837016291377,0,0,6872,152.672,1980
261837091716153,0,0,6872,153.047,1980
261837157037750,0,0,6872,153.429,1980
261837621761275,0,0,6872,153.572,1980
261837678788729,0,0,6872,153.561,1980
261837728968234,0,0,6872,153.561,1980
261837781949748,0,0,6872,153.547,1980
261837832070059,0,0,6872,153.547,1980
261837882260081,0,0,6872,153.537,1980
261837932825508,0,0,6872,153.518,1980
261837982934990,0,0,6872,153.518,1980
261838033059771,0,0,6872,153.522,1980
261838083210600,0,0,6872,153.522,1980
261838133333659,0,0,6872,153.522,1980
261838183444806,0,0,6872,153.522,1980
261838236752213,0,0,6872,153.486,1980
261838286863798,0,0,6872,153.486,1980
261838336970864,0,0,6872,153.456,1980
261838392943150,0,0,6872,153.456,1980
261838443083915,0,0,6872,153.467,1980
261838493202648,0,0,6872,153.467,1980
261838544721998,0,0,6872,153.485,1980
261838594838008,0,0,6872,153.485,1980
261838644948348,0,0,6872,153.501,1980
261838695098289,0,0,6872,153.501,1980
261838745428720,0,0,6872,153.535,1980
261838795552933,0,0,6872,153.535,1980
261838845669492,0,0,6872,153.537,1980
261838899304570,0,0,6872,153.537,1980
261839210521555,0,0,6872,153.58,1980
261839260672302,0,0,7036,153.579,1980
261839558236542,0,0,7036,152.566,1980
261839608427005,0,0,7520,152.566,1980
261839660022095,0,0,7520,152.125,1980
261839714775323,0,0,7520,152.125,1980
261839764940328,0,0,7520,151.663,1980
261839815056735,0,0,7520,151.663,1980
261839866045149,0,0,7520,151.253,1980
261839916157239,0,0,7520,151.253,1980
261839966268845,0,0,7520,150.879,1980
261840026508187,0,0,7520,150.879,1980
261840077413849,0,0,7520,150.428,1980
261840127574898,0,0,7520,150.428,1980
261840177741351,0,0,7520,149.93,1980
261840229084941,0,0,7520,149.93,1980
261840279290006,0,0,7520,149.567,1980
261840329418291,0,0,7520,149.567,1980
261840384834842,0,0,7520,149.252,1980
261840434978429,0,0,7520,149.237,1980
261840486491771,0,0,7520,149.237,1980
261840536605266,0,0,7520,149.257,1980
261840586728735,0,0,7520,149.257,1980
261840636921052,0,0,7520,149.263,1980
261840687052339,0,0,7520,149.263,1980
261840739259321,0,0,7520,149.271,1980
261840789409263,0,0,7520,149.271,1980
261840839677973,0,0,8644,149.272,1980
261840889804705,0,0,10136,149.272,1980
261840939924025,0,0,10136,149.299,1980
261840990059827,0,0,10136,149.299,1980
261841040184244,0,0,10582,149.314,1980
261841091828351,0,0,10582,149.314,1980
261841141999271,0,0,10582,149.36,1980
261841192128695,0,0,10582,149.36,1980
261841242258390,0,0,10582,149.386,1980
261841292372978,0,0,10582,149.386,1980
261841342487408,9,0,10582,149.431,1980
261841392596559,9,0,10582,149.431,1980
261841442709661,9,0,10582,149.58,1980
261841492817629,9,0,10582,149.58,1980
261841542923348,15,0,10582,149.684,1980
261841593034127,15,0,10582,149.684,1980
261841643145338,15,0,10582,149.778,1980
261841693258340,15,0,10582,149.778,1980
261841765125622,10,0,10582,149.894,1980
261842216876245,0,0,10582,149.859,1980
261842665796698,0,0,10116,149.491,1980
261843125014950,0,0,10156,149.339,1980
261843175164297,0,0,10156,149.323,1980
261843226833122,0,0,10156,149.323,1980
261843302953707,0,0,10156,149.335,1980
261843353059408,0,0,10156,149.328,1980
261843403163146,0,0,10156,149.328,1980
261843453264467,0,0,10156,149.334,1980
261843503368433,0,0,10156,149.334,1980
261843553481524,0,0,10156,149.331,1980
261843603593798,0,0,10156,149.331,1980
261843653702684,0,0,10156,149.341,1980
261843703809723,0,0,10156,149.341,1980
261843753918415,0,0,10156,149.331,1980
261843804036773,0,0,10156,149.331,1980
261843854140243,0,0,10156,149.343,1980
261843904250390,0,0,10156,149.343,1980
261843954353950,0,0,10156,149.34,1980
261844004459205,0,0,10156,149.34,1980
261844054562061,0,0,10156,149.353,1980
261844104666780,0,0,10156,149.353,1980
261844154769699,0,0,10156,149.366,1980
261844204874192,0,0,10156,149.366,1980
261844254979592,0,0,10156,149.372,1980
261844305087479,0,0,10156,149.372,1980
261844355196141,0,0,10156,149.328,1980
261844405299748,0,0,10156,149.328,1980
261844455401758,0,0,10156,149.32,1980
261844505510478,0,0,10156,149.32,1980
261844555612615,0,0,10156,149.347,1980
261844605716829,0,0,10156,149.347,1980
261844655828726,0,0,10156,149.354,1980
261844705938474,0,0,10156,149.354,1980
261844756046276,0,0,10156,149.358,1980
261844806150064,0,0,10156,149.358,1980
261844856257355,0,0,10156,149.377,1980
261844906382102,0,0,10156,149.377,1980
261844956487977,0,0,10156,149.368,1980
261845006609166,0,0,10156,149.368,1980
261845056712639,0,0,10156,149.361,1980
261845106814694,0,0,10156,149.361,1980
261845156915418,0,0,10156,149.354,1980
261845207020802,0,0,10156,149.354,1980
261845257123503,0,0,10156,149.352,1980
261845307225876,0,0,10156,149.352,1980
261845357327086,0,0,10156,149.375,1980
261845407432902,0,0,10156,149.375,1980
261845457537860,0,0,10156,149.381,1980
261845507641992,0,0,10156,149.381,1980
261845557744386,0,0,10156,149.364,1980
261845607890465,0,0,10156,149.364,1980
261845658008337,0,0,10156,149.376,1980
261845711344972,0,0,10156,149.376,1980
261845761505780,0,0,10156,149.389,1980
261845821780211,0,0,10156,149.389,1980
261845887116070,0,0,10156,149.383,1980
261845939587616,0,0,10156,149.384,1980
261845990387785,0,0,10156,149.384,1980
261846040539094,0,0,10184,149.439,1980
261846090666089,0,0,10282,149.439,1980
261846140794239,0,0,10574,150.474,1980
261846190921692,0,0,10574,150.474,1980
261847237489938,0,0,10574,150.865,1980
261847681182466,0,0,10254,150.806,1980
261848129152907,0,0,10282,150.737,1980
261848179517178,0,0,10364,150.737,1980
261848229658152,0,0,10344,150.737,1980
261848279800150,0,0,10348,152.587,1980
261848329918526,0,0,10352,152.587,1980
261848380097248,10,3,10374,153.996,1980
261848430412105,10,3,10360,153.996,1980
261848480522432,10,3,10378,155.211,1980
261848530634780,10,3,10378,155.211,1980
261848580744652,9,2,10384,156.363,1980
261848630881340,9,2,10392,156.363,1980
261848681037357,9,2,10398,157.538,1980
261848731190209,9,2,10380,157.538,1980
261848781350626,11,3,10384,158.388,1980
261848831489540,11,3,10388,158.388,1980
261848881604987,11,3,10394,159.389,1980
261848931750184,11,3,10398,159.389,1980
261848981873789,9,2,10404,160.404,1980
261849032069138,9,2,10404,160.404,1980
261849482830043,0,0,10406,157.26,1980
261849950519550,0,0,10406,152.308,1980
261850001608774,0,0,18718,152.308,1980
261850051789839,0,0,18718,151.744,1980
261850101913696,0,0,18718,151.744,1980
261850152052975,0,0,18718,151.384,1980
261850202175508,0,0,18718,151.384,1980
261850252378470,0,0,18718,151.369,1980
261850303723527,0,0,18718,151.369,1980
261850353847377,0,0,18718,151.382,1980
261850403962081,0,0,18718,151.382,1980
261850455711384,0,0,18718,151.359,1980
261850505825260,0,0,18718,151.359,1980
261850555937401,0,0,18718,151.395,1980
261850606049246,0,0,18718,151.395,1980
261850658327253,0,0,18718,151.363,1980
261850709041585,0,0,18718,151.363,1980
261850759151880,0,0,18718,151.366,1980
261850810908905,0,0,18718,151.366,1980
261850861026837,0,0,19038,151.369,1980
261850911134048,0,0,19038,151.369,1980
261850961278396,18,9,19040,161.046,1980
261851011428548,18,9,19040,161.046,1980
261851061536002,18,9,19042,161.015,1980
261851111642975,18,9,19042,161.015,1980
261851161765300,2,0,19042,161.343,1980
261851211876808,2,0,19042,161.343,1980
261851261985001,2,0,19042,161.316,1980
261851312089073,2,0,19042,161.316,1980
261851717553364,0,0,19042,163.088,1980
261851767671042,3,1,18874,163.982,1980
261851817831861,3,1,18848,163.982,1980
261851868012534,3,1,18868,166.088,1980
261851918141173,3,1,18848,166.088,1980
261851968281311,11,3,18864,158.625,1980
261852018457717,11,3,18848,158.625,1980
261852068598341,11,3,18848,159.561,1980
261852118857701,11,3,18860,159.561,1980
261852169009644,9,2,18848,160.101,1980
261852219147905,9,2,18868,160.101,1980
261852269285161,9,2,18868,160.96,1980
261852319423784,9,2,18848,160.96,1980
261852369561028,10,3,18868,160.157,1980
261852419665372,10,3,18848,160.157,1980
261852469778579,10,3,18848,160.886,1980
261852519901196,10,3,18870,160.886,1980
261852570025186,11,4,18852,161.923,1980
261852620150432,11,4,18874,161.923,1980
261852670262131,11,4,18856,162.863,1980
261853059574189,0,0,18858,157.246,1980
261853109688722,0,0,18858,157.246,1980
261853162066379,0,0,18858,156.311,1980
261853220257457,0,0,18858,156.311,1980
261853270500558,0,0,18858,155.65,1980
261853320606112,0,0,18858,155.65,1980
261853371357146,0,0,18858,154.78,1980
261853421478717,0,0,18858,154.78,1980
261853472035324,0,0,18858,153.835,1980
261853522145169,0,0,18858,153.835,1980
261853572249542,0,0,18858,152.946,1980
261853622353715,0,0,18858,152.946,1980
261853672511643,0,0,18858,151.789,1980
261853722639503,0,0,18858,151.789,1980
261853772753307,0,0,18858,150.887,1980
261853822859140,0,0,18858,150.887,1980
261853872969944,0,0,18858,150.885,1980
261853926153429,0,0,18858,150.885,1980
261853976263912,0,0,18858,150.878,1980
261854026368629,0,0,18858,150.878,1980
261854076961690,0,0,18858,150.884,1980
261854137196962,0,0,18858,150.884,1980
261854187355226,0,0,18858,150.865,1980
261854598499861,0,0,18858,150.845,1980
261854648616001,0,0,18858,150.835,1980
261854699293069,0,0,18858,150.835,1980
261854808547694,0,0,18858,150.82,1980
261854956583211,0,0,18858,150.812,1980
261855008373576,0,0,18858,150.812,1980
261855059447373,0,0,18858,151.043,1980
261855110496983,0,0,18858,151.043,1980
261855161125405,2,2,18858,151.616,1980
261855211260058,2,2,18858,151.616,1980
261855261369004,2,2,18898,151.952,1980
261855435915343,10,5,18898,156.712,1980
261855497036785,10,5,18898,156.631,1980
261855548272493,58,28,18898,171.925,1980
261855598418368,58,28,18898,171.925,1980
261855648530337,58,28,18898,191.921,1980
261855698772457,58,28,18898,191.921,1980
261855748948658,75,37,18898,212.488,1980
261855799204145,75,37,18898,212.488,1980
261855849655759,75,37,18898,230.892,1980
261855901664949,75,37,18898,230.892,1980
261855951768884,89,43,18898,253.896,1980
261856001898846,89,43,18898,253.896,1980
261856052036548,89,43,18898,274.204,1980
261856102189431,89,43,18898,274.204,1980
261856152327428,98,49,18898,293.074,1980
261856202442756,98,49,18898,293.074,1980
261856252564328,98,49,18898,310.741,1980
261856302676751,98,49,18898,310.741,1980
261856352794424,2,0,18942,310.159,1980
261856402900772,2,0,22714,310.159,1980
261856452999918,2,0,25098,332.559,1980
261856503105427,2,0,25098,332.559,1980
261856553207553,98,50,25098,364.285,1980
261856603322238,98,50,25098,364.285,1980
261856653429244,98,50,25098,390.073,1980
261856703555246,98,50,25098,390.073,1980
261856753675001,42,21,25098,388.197,1980
261856803790047,42,21,34384,388.197,1980
261856853895981,42,21,36828,385.231,1980
261856904003347,42,21,36828,385.231,1980
261856954114993,73,39,36828,397.432,1980
261857004221884,73,39,42762,397.432,1980
261857055233666,73,39,42762,418.833,1980
261857105332831,73,39,42762,418.833,1980
261857155432720,95,54,42762,438.778,1980
261857205537406,95,54,42762,438.778,1980
261857255641208,95,54,42762,465.172,1980
261857305742630,95,54,42762,465.172,1980
261857355849303,97,52,42762,502.159,1980
261857405950726,97,52,42762,502.159,1980
261857456072389,97,52,42762,528.418,1980
261857506175268,97,52,42762,528.418,1980
261857556274240,99,55,42762,528.798,1980
261857606377184,99,55,42762,528.798,1980
261857656478912,99,55,42762,527.259,1980
261857706580477,99,55,42762,527.259,1980
261857756679024,96,54,42762,541.453,1980
261857806784426,96,54,42762,541.453,1980
261857856892528,96,54,42762,556.651,1980
261857907650735,96,54,42762,556.651,1980
261857958737486,26,25,42762,528.633,1980
261858009488071,26,25,42762,528.633,1980
261858060587451,26,25,42762,491.644,1980
261858110721819,26,25,42762,491.644,1980
261858161922671,24,12,42762,458.384,1980
261858212048998,24,12,42762,458.384,1980
261858263554740,24,12,42762,433.557,1980
261858315076424,24,12,42762,433.557,1980
261858366411829,76,37,42762,411.203,1980
261858416530098,76,37,42762,411.203,1980
261858466642726,76,37,42762,386.415,1980
261858516756376,76,37,42762,386.415,1980
261858567053556,87,43,42762,369.558,1980
261858617993751,87,43,42762,369.558,1980
261858668147329,87,43,42762,343.905,1980
261858718689319,87,43,42762,343.905,1980
261858769305627,99,49,42762,328.8,1980
261858820017236,99,49,42762,328.8,1980
261858882795607,99,49,42762,320.871,1980
261859159934334,99,49,43956,347.267,1980
261859218724143,0,0,43956,347.267,1980
261859282517572,0,0,43956,361.938,1980
261859332627537,0,0,43956,361.938,1980
261859401850358,97,50,43956,386.673,1980
261859453126647,97,50,48746,402.172,1980
261859504230577,97,50,48746,402.172,1980
261859554330481,89,48,54652,419.913,1980
261859604428548,89,48,54652,419.913,1980
261859654539654,89,48,54652,437.684,1980
261859704645755,89,48,54652,437.684,1980
261859755645870,95,55,54652,458.067,1980
261859805757160,95,55,54652,458.067,1980
261859855872004,95,55,54652,476.7,1980
261859905978551,95,55,54652,476.7,1980
261859956059021,95,54,54652,497.391,1980
261860006164488,95,54,54652,497.391,1980
261860056270445,95,54,54652,524.182,1980
261860106374422,95,54,54652,524.182,1980
261860156480651,95,55,54652,558.916,1980
261860206584171,95,55,54652,558.916,1980
261860256687569,95,55,54652,578.33,1980
261860306792304,95,55,54652,578.33,1980
261860356896313,95,54,54652,574.852,1980
261860407026915,95,54,54652,574.852,1980
261860457665743,95,54,54652,555.161,1980
261860508576188,95,54,54652,555.161,1980
261860559626672,2,2,54652,519.056,1980
261860609805749,2,2,54652,519.056,1980
261860659922730,2,2,54652,479.051,1980
261860711481586,2,2,54652,479.051,1980
261860761617909,68,35,54652,457.899,1980
261860812029668,68,35,54652,457.899,1980
261860862385935,68,35,54652,436.206,1980
261860913153056,68,35,54652,436.206,1980
261860963292445,77,39,54652,411.364,1980
261861013412390,77,39,54652,411.364,1980
261861063539673,77,39,54652,394.83,1980
261861113736026,77,39,54652,394.83,1980
261861163860877,90,47,54652,374.396,1980
261861214121595,90,47,54652,374.396,1980
261861264226761,90,47,54652,353.401,1980
261861314366688,90,47,54652,353.401,1980
261861367074690,100,53,54652,337.932,1980
261861417187243,100,53,54654,337.932,1980
261861467299600,100,53,54654,337.938,1980
261861517405470,100,53,54654,337.938,1980
261861567518468,98,50,54654,392.259,1980
261861617621357,98,50,54654,392.259,1980
261861667736132,98,50,54654,435.317,1980
261861717850257,98,50,54654,435.317,1980
261861767986624,76,41,54654,452.526,1980
261861818087719,76,41,54654,452.526,1980
261861868186654,76,41,54654,474.413,1980
261861918287158,76,41,54654,474.413,1980
261861968388271,96,54,54654,497.749,1980
261862018490026,96,54,54654,497.749,1980
261862068590050,96,54,54654,517.634,1980
261862118691029,96,54,54654,517.634,1980
261862168790541,96,55,54654,537.324,1980
261862218891695,96,55,54654,537.324,1980
261862268990242,96,55,54654,549.425,1980
261862319090439,96,55,54654,549.425,1980
261862369191729,97,54,54654,575.066,1980
261862419293807,97,54,54654,575.066,1980
261862469394074,97,54,54654,588.914,1980
261862519492693,97,54,54654,588.914,1980
261862570371111,96,54,54654,580.395,1980
261862621135194,96,54,54654,580.395,1980
261862672183158,96,54,54654,555.291,1980
261862723222301,96,54,54654,555.291,1980
261862774073600,2,2,54654,518.907,1980
261862824192459,2,2,54654,518.907,1980
261862874595092,2,2,54654,480.794,1980
261862924699044,2,2,54654,480.794,1980
261862976041220,69,35,54654,462.284,1980
261863026187667,69,35,54654,462.284,1980
261863077607059,69,35,54654,439.374,1980
261863127730551,69,35,54654,439.374,1980
261863179005797,70,37,54654,418.171,1980
261863230211096,70,37,54654,418.171,1980
261863280838270,70,37,54654,394.853,1980
261863331546489,70,37,54654,394.853,1980
261863381679252,77,40,54654,371.874,1980
261863432772300,77,40,54654,371.874,1980
261863484328310,77,40,54654,352.05,1980
261863535345536,77,40,54654,352.05,1980
261863585567465,93,47,54654,339.265,1980
261863645819415,93,47,54654,336.426,1980
261863695937600,93,47,54654,336.426,1980
261863746062092,59,31,54654,364.905,1980
261863796168821,59,31,54654,364.905,1980
261863846272814,59,31,54654,412.847,1980
261863896376919,59,31,54654,412.847,1980
261863946479674,99,52,54654,440.658,1980
261863996590017,99,52,54654,440.658,1980
261864046697921,99,52,54654,466.518,1980
261864096808194,99,52,54654,466.518,1980
261864146919448,97,51,54654,491.877,1980
261864197027604,97,51,57034,491.877,1980
261864247152969,97,51,57034,514.02,1980
261864297266992,97,51,57034,514.02,1980
261864347371240,95,55,57034,534.015,1980
261864397478419,95,55,57034,534.015,1980
261864447586390,95,55,57034,553.124,1980
261864497687371,95,55,57034,553.124,1980
261864547789155,96,54,57034,576.051,1980
261864597890897,96,54,57034,576.051,1980
261864648004161,96,54,57034,589.495,1980
261864698109560,96,54,57034,589.495,1980
261864748211401,98,56,57034,608.598,1980
261864798311433,98,56,57034,608.598,1980
261864848411770,98,56,57034,602.189,1980
261864898511025,98,56,57034,602.189,1980
261864948612096,95,55,57034,599.382,1980
261864998720730,95,55,57034,599.382,1980
261865050494372,95,55,57034,597.381,1980
261865101253644,95,55,57034,597.381,1980
261865152285406,9,9,57034,562.353,1980
261865203287749,9,9,57034,562.353,1980
261865257056738,9,9,57034,511.794,1980
261865308054644,9,9,57034,511.794,1980
261865358191145,48,23,57034,482.542,1980
261865408305282,48,23,57034,482.542,1980
261865459637449,48,23,57034,459.971,1980
261865510447500,48,23,57034,459.971,1980
261865560585621,73,38,57034,435.383,1980
261865610847838,73,38,57034,435.383,1980
261865660964589,73,38,57034,413.254,1980
261865711129327,73,38,57034,413.254,1980
261865761304770,81,41,57034,389.601,1980
261865811883465,81,41,57034,389.601,1980
261865862838072,81,41,57034,372.822,1980
261865912974690,81,41,57034,372.822,1980
261865963167988,96,48,57034,352.287,1980
261866013294793,96,48,57034,352.287,1980
261866063537884,96,48,57034,335.353,1980
261866113660683,96,48,57036,335.353,1980
261866163772251,62,32,57036,355.102,1980
261866213882344,62,32,57036,355.102,1980
261866263990140,62,32,57036,407.758,1980
261866314105092,62,32,57036,407.758,1980
261866364213996,99,50,57036,438.906,1980
261866414319187,99,50,57036,438.906,1980
261866464428750,99,50,57036,463.377,1980
261866514541836,99,50,57036,463.377,1980
261866564642376,96,49,57036,484.734,1980
261866614742960,96,49,57036,484.734,1980
261866664856101,96,49,57036,506.077,1980
261866714971077,96,49,57036,506.077,1980
261866765091218,98,55,57036,532.626,1980
261866815199530,98,55,57036,532.626,1980
261866865310543,98,55,57036,551.531,1980
261866915422941,98,55,57036,551.531,1980
261866965528783,95,54,57036,574.725,1980
261867015632720,95,54,57036,574.725,1980
261867065738669,95,54,57036,588.594,1980
261867115842283,95,54,57036,588.594,1980
261867165948080,96,55,57036,602.896,1980
261867216055926,96,55,57036,602.896,1980
261867266156176,96,55,57036,596.294,1980
261867316260398,96,55,57036,596.294,1980
261867366363438,96,54,57036,595.819,1980
261867417479628,96,54,57036,595.819,1980
261867468522646,96,54,57036,572.043,1980
261867519216667,96,54,57036,572.043,1980
261867570198181,2,2,57036,526.964,1980
261867627040968,2,2,57036,526.964,1980
261867678173302,2,2,57036,490.5,1980
261867730004011,2,2,57036,490.5,1980
261867781239753,71,36,57036,467.757,1980
261867832605470,71,36,57036,467.757,1980
261867884244983,71,36,57036,441.053,1980
261867934387143,71,36,57036,441.053,1980
261867985318599,74,38,57036,420.47,1980
261868035482742,74,38,57036,420.47,1980
261868086097289,74,38,57036,400.287,1980
261868137157315,74,38,57036,400.287,1980
261868187262084,85,43,57036,383.806,1980
261868237435622,85,43,57036,383.806,1980
261868287758877,85,43,57036,365.185,1980
261868337875236,85,43,57036,365.185,1980
261868388843099,100,53,57036,336.621,1980
261868438955669,100,53,57036,336.621,1980
261868489071133,100,53,57036,342.441,1980
261868539173863,100,53,57036,342.441,1980
261868589283700,98,52,57036,388.478,1980
261868639385569,98,52,57036,388.478,1980
261868689491134,98,52,57036,434.209,1980
261868739597992,98,52,57036,434.209,1980
261868789701997,91,47,57036,458.723,1980
261868839807191,91,47,57036,458.723,1980
261868889909558,91,47,57036,481.793,1980
261868940096407,91,47,57036,481.793,1980
261868990196594,98,56,57036,504.184,1980
261869040296363,98,56,57036,504.184,1980
261869090394790,98,56,57036,527.368,1980
261869140495637,98,56,57036,527.368,1980
261869190677126,96,55,57036,551.752,1980
261869240779092,96,55,57036,551.752,1980
261869290878423,96,55,57036,569.779,1980
261869340979008,96,55,57036,569.779,1980
261869391078784,97,56,57036,590.982,1980
261869441177900,97,56,57036,590.982,1980
261869491281353,97,56,57036,608.507,1980
261869541383423,97,56,57036,608.507,1980
261869591483304,96,55,57036,603.054,1980
261869641581865,96,55,57036,603.054,1980
261869691678715,96,55,57036,600.132,1980
261869742786225,96,55,57036,600.132,1980
261869793847247,80,56,57036,588.028,1980
261869844797740,80,56,57036,588.028,1980
261869895679272,80,56,57036,541.198,1980
261869947062174,2,1,57036,498.207,1980
261869997218273,2,1,57036,498.207,1980
261870048090346,2,1,57036,475.987,1980
261870099928301,2,1,57036,475.987,1980
261870151540288,72,37,57036,451.172,1980
261870201660110,72,37,57036,451.172,1980
261870252671579,72,37,57036,432.535,1980
261870302824229,72,37,57036,432.535,1980
261870352927564,86,45,57036,412.514,1980
261870403890672,86,45,57036,412.514,1980
261870454052094,86,45,57036,390.222,1980
261870504198827,86,45,57036,390.222,1980
261870554331524,100,52,57036,363.659,1980
261870604460796,100,52,57036,363.659,1980
261870664276855,100,52,57036,341.754,1980
261870714575545,100,52,57036,341.754,1980
261870764704187,65,35,57036,335.463,1980
261870814808557,65,35,57036,335.463,1980
261870864925787,65,35,57036,386.005,1980
261870915038459,65,35,57036,386.005,1980
261870965247053,98,55,57036,435.379,1980
261871015351315,98,55,57036,435.379,1980
261871065450639,98,55,57036,458.577,1980
261871115556415,98,55,57036,458.577,1980
261871165669701,95,54,57036,481.435,1980
261871215809416,95,54,57036,481.435,1980
261871265914594,95,54,57036,507.7,1980
261871316178452,95,54,57036,507.7,1980
261871366281740,95,56,57036,527.139,1980
261871416394450,95,56,57036,527.139,1980
261871466501475,95,56,57036,545.044,1980
261871516603289,95,56,57036,545.044,1980
261871566707502,95,55,57036,568.479,1980
261871616894323,95,55,57036,568.479,1980
261871667043829,95,55,57036,584.582,1980
261871717147356,95,55,57036,584.582,1980
261871767246987,95,56,57036,602.445,1980
261871817347304,95,56,57036,602.445,1980
261871867449247,95,56,57036,597.746,1980
261871917561492,95,56,57036,597.746,1980
261871968509072,85,59,57036,581.947,1980
261872019553289,85,59,57036,581.947,1980
261872070207718,85,59,57036,541.766,1980
261872121155105,85,59,57036,541.766,1980
261872172362576,2,2,57036,499.605,1980
261872222795866,2,2,57036,499.605,1980
261872272929089,2,2,57036,468.918,1980
261872324339734,2,2,57036,468.918,1980
261872374505561,71,36,57036,447.614,1980
261872424654519,71,36,57036,447.614,1980
261872474788825,71,36,57036,428.829,1980
261872524972250,71,36,57036,428.829,1980
261872576248138,79,41,57036,410.296,1980
261872626390141,79,41,57036,410.296,1980
261872676641297,79,41,57036,391.979,1980
261872726804454,79,41,57036,391.979,1980
261872776957038,90,46,57036,366.691,1980
261872827443736,90,46,57036,366.691,1980
261872877714035,90,46,57036,346.597,1980
261872927823409,90,46,57036,346.597,1980
261872978012959,75,40,57036,327.544,1980
261873028186434,75,40,57036,327.544,1980
261873078389381,75,40,57036,377.687,1980
261873128494613,75,40,57036,377.687,1980
261873178596909,98,50,57036,426.768,1980
261873228706654,98,50,57036,426.768,1980
261873278810764,98,50,57036,449.262,1980
261873328985710,98,50,57036,449.262,1980
261873379088494,96,52,57036,470.8,1980
261873429189631,96,52,57036,470.8,1980
261873479289900,96,52,57036,495.831,1980
261873529389539,96,52,57036,495.831,1980
261873579493292,95,54,57036,512.8,1980
261873629620268,95,54,57036,512.8,1980
261873679727767,95,54,57036,535.056,1980
261873729828589,95,54,57036,535.056,1980
261873781528678,95,53,57036,552.229,1980
261873831635942,95,53,57036,552.229,1980
261873881756764,95,53,57036,575.303,1980
261873931880516,95,53,57036,575.303,1980
261873981991739,96,56,57036,594.29,1980
261874032101607,96,56,57036,594.29,1980
261874082208928,96,56,57036,589.98,1980
261874132314409,96,56,57036,589.98,1980
261874182501309,94,53,57036,581.902,1980
261874233374514,94,53,57036,581.902,1980
261874284138172,94,53,57036,563.616,1980
261874334978935,94,53,57036,563.616,1980
261874385735392,2,2,57036,521.817,1980
261874435848288,2,2,57036,521.817,1980
261874485957572,2,2,57036,483.47,1980
261874536089139,2,2,57036,483.47,1980
261874586229731,69,35,57036,457.665,1980
261874636883255,69,35,57036,457.665,1980
261874688246964,69,35,57036,436.079,1980
261874738368743,69,35,57036,436.079,1980
261874789515978,73,38,57036,415.769,1980
261874840760727,73,38,57036,415.769,1980
261874891716278,73,38,57036,398.029,1980
261874941823298,73,38,57036,398.029,1980
261874991977853,89,46,57036,379.424,1980
261875042114620,89,46,57036,379.424,1980
261875092831730,89,46,57036,366.388,1980
261875142968509,89,46,57036,366.388,1980
261875198457911,99,51,57036,341.843,1980
261875248564327,99,51,57036,341.843,1980
261875298672975,99,51,57036,336.581,1980
261875348799285,99,51,57036,385.751,1980
261875398905780,97,52,57036,385.751,1980
261875449030256,97,52,57036,428.317,1980
261875499145122,97,52,57036,428.317,1980
261875549248170,90,47,57036,452.729,1980
261875599351887,90,47,57036,452.729,1980
261875649553311,90,47,57036,475.515,1980
261875699654125,90,47,57036,475.515,1980
261875749755488,95,54,57036,496.956,1980
261875799863851,95,54,57036,496.956,1980
261875849981438,95,54,57036,516.517,1980
261875900136849,95,54,57036,516.517,1980
261875951440620,97,55,57036,537.033,1980
261876001542217,97,55,57036,537.033,1980
261876051695405,97,55,57036,551.123,1980
261876101823271,97,55,57036,551.123,1980
261876151927681,95,55,57036,571.179,1980
261876202383708,95,55,57036,571.179,1980
261876252485527,95,55,57036,598.31,1980
261876302595961,95,55,57036,598.31,1980
261876352706338,97,54,57036,591.528,1980
261876402804623,97,54,57036,591.528,1980
261876452903527,97,54,57036,587.429,1980
261876503005883,97,54,57036,587.429,1980
261876553104745,98,57,57036,589.676,1980
261876603916696,98,57,57036,589.676,1980
261876654788212,98,57,57036,561.075,1980
261876705784257,98,57,57036,561.075,1980
261876756397982,2,2,57036,518.934,1980
261876809940963,2,2,57036,518.934,1980
261876860305625,2,2,57036,484.584,1980
261876910414917,2,2,57036,484.584,1980
261876960548379,71,36,57036,461.984,1980
261877011738520,71,36,57036,461.984,1980
261877062697834,71,36,57036,443.3,1980
261877112842818,71,36,57036,443.3,1980
261877163875628,74,38,57036,420.095,1980
261877213993783,74,38,57036,420.095,1980
261877264963446,74,38,57036,400.439,1980
261877315819235,74,38,57036,400.439,1980
261877366145420,87,44,57036,382.253,1980
261877416261059,87,44,57036,382.253,1980
261877466362329,87,44,57036,359.745,1980
261877516467361,87,44,57036,359.745,1980
261877566569026,100,52,57036,335.376,1980
261877616672614,100,52,57036,335.376,1980
261877666774701,100,52,57036,341.045,1980
261877716888276,100,52,57036,341.045,1980
261877766989533,98,52,57036,394.3,1980
261877817089121,98,52,57036,394.3,1980
261877867189125,98,52,57036,433.471,1980
261877917290221,98,52,57036,433.471,1980
261877967392357,90,47,57036,457.981,1980
261878018060140,90,47,57036,457.981,1980
261878068162337,90,47,57036,480.792,1980
261878118264081,90,47,57036,480.792,1980
261878168364862,98,56,57036,502.152,1980
261878218463728,98,56,57036,502.152,1980
261878268988583,98,56,57036,525.821,1980
261878319095598,98,56,57036,525.821,1980
261878369196686,96,55,57036,548.996,1980
261878419298139,96,55,57036,548.996,1980
261878469397978,96,55,57036,570.129,1980
261878519531530,96,55,57036,570.129,1980
261878569631147,96,56,57036,592.226,1980
261878619730507,96,56,57036,592.226,1980
261878669828651,96,56,57036,612.535,1980
261878719930238,96,56,57036,612.535,1980
261878770248721,96,55,57036,607.312,1980
261878820353882,96,55,57036,607.312,1980
261878870460659,96,55,57036,599.116,1980
261878920570530,96,55,57036,599.116,1980
261878971472425,88,61,57036,589.149,1980
261879022078743,88,61,57036,589.149,1980
261879073185031,88,61,57036,548.532,1980
261879123767780,88,61,57036,548.532,1980
261879174780193,2,2,57036,503.767,1980
261879224952902,2,2,57036,503.767,1980
261879275470880,2,2,57036,476.322,1980
261879326854164,2,2,57036,476.322,1980
261879376990904,70,36,57036,451.561,1980
261879427114910,70,36,57036,451.561,1980
261879477241911,70,36,57036,433.203,1980
261879527370606,70,36,57036,433.203,1980
261879578565098,78,39,57036,408.725,1980
261879629518143,78,39,57036,408.725,1980
261879679913281,78,39,57036,385.126,1980
261879730058723,78,39,57036,385.126,1980
261879780623200,94,49,57036,362.466,1980
261879831072020,94,49,57036,362.466,1980
261879881627960,94,49,57036,349.26,1980
261879931744256,94,49,57036,349.26,1980
261879981859164,77,41,57036,323.16,1980
261880031963329,77,41,57036,323.16,1980
261880082069966,77,41,57036,367.694,1980
261880132171012,77,41,57036,367.694,1980
261880182269257,99,54,57036,411.994,1980
261880232407751,99,54,57036,411.994,1980
261880282509217,99,54,57036,451.285,1980
261880332672342,99,54,57036,451.285,1980
261880382797264,86,50,57036,470.935,1980
261880432905715,86,50,57036,470.935,1980
261880483015611,86,50,57036,495.536,1980
261880533135450,86,50,57036,495.536,1980
261880583242359,95,58,57036,517.068,1980
261880633350249,95,58,57036,517.068,1980
261880683456354,95,58,57036,538.953,1980
261880733562567,95,58,57036,538.953,1980
261880783686400,96,57,57036,562.578,1980
261880833802331,96,57,57036,562.578,1980
261880883905871,96,57,57036,582.814,1980
261880934011497,96,57,57036,582.814,1980
261880984111839,97,57,57036,599.925,1980
261881034214008,97,57,57036,599.925,1980
261881084314106,97,57,57036,607.791,1980
261881134417286,97,57,57036,607.791,1980
261881184527365,96,57,57036,603.655,1980
261881234638545,96,57,57036,603.655,1980
261881284745916,96,57,57036,598.408,1980
261881336290023,96,57,57036,598.408,1980
261881386935713,96,67,57036,591.638,1980
261881437867315,96,67,57036,591.638,1980
261881488558577,96,67,57036,549.978,1980
261881538664620,96,67,57036,549.978,1980
261881590181107,2,2,57036,505.227,1980
261881640408973,2,2,57036,505.227,1980
261881690559735,2,2,57036,475.213,1980
261881741120343,2,2,57036,475.213,1980
261881791888700,71,36,57036,455.289,1980
261881843286186,71,36,57036,455.289,1980
261881893402193,71,36,57036,433.395,1980
261881943529268,71,36,57036,433.395,1980
261881993633519,76,39,57036,412.679,1980
261882043799153,76,39,57036,412.679,1980
261882094542549,76,39,57036,387.952,1980
261882144898598,76,39,57036,387.952,1980
261882195014719,92,47,57036,366.842,1980
261882245148791,92,47,57036,366.842,1980
261882295293435,92,47,57036,344.8,1980
261882345412364,92,47,57036,344.8,1980
261882395515389,81,43,57036,328.073,1980
261882445614899,81,43,57036,328.073,1980
261882495714250,81,43,57036,375.251,1980
261882545816210,81,43,57036,375.251,1980
261882595932731,98,51,57036,418.733,1980
261882646048476,98,51,57036,418.733,1980
261882696150185,98,51,57036,451.336,1980
261882746263242,98,51,57036,451.336,1980
261882796368079,98,53,57036,474.705,1980
261882846469540,98,53,57036,474.705,1980
261882896572126,98,53,57036,496.154,1980
261882946673434,98,53,57036,496.154,1980
261882996772018,96,54,57036,521.606,1980
261883046880568,96,54,57036,521.606,1980
261883097617805,96,54,57036,541.821,1980
261883147733201,96,54,57036,541.821,1980
261883197834418,97,53,57036,560.884,1980
261883247934890,97,53,57036,560.884,1980
261883298060616,97,53,57036,579.511,1980
261883348169596,97,53,57036,579.511,1980
261883398273869,98,55,57036,602.358,1980
261883448376315,98,55,57036,602.358,1980
261883498477393,98,55,57036,606.512,1980
261883548581254,98,55,57036,606.512,1980
261883598684194,95,54,57036,599.2,1980
261883649698965,95,54,57036,599.2,1980
261883700320413,95,54,57036,582.355,1980
261883751273280,95,54,57036,582.355,1980
261883802284248,2,2,57036,541.418,1980
261883852741638,2,2,57036,541.418,1980
261883902906848,2,2,57036,497.038,1980
261883953018930,2,2,57036,497.038,1980
261884003736065,66,33,57036,472.49,1980
261884053878067,66,33,57036,452.906,1980
261884103998619,66,33,57036,452.906,1980
261884154222626,80,41,57036,429.42,1980
261884205083240,80,41,57036,429.42,1980
261884255234836,80,41,57036,408.528,1980
261884305821161,80,41,57036,408.528,1980
261884355977636,98,51,57036,382.934,1980
261884406130309,98,51,57036,382.934,1980
261884456281533,98,51,57036,361.242,1980
261884506427645,98,51,57036,361.242,1980
261884556559476,100,53,57036,344.554,1980
261884606687724,100,53,57036,344.554,1980
261884656831841,100,53,57036,348.254,1980
261884706940027,100,53,57036,348.254,1980
261884757047393,98,49,57036,391.464,1980
261884807159837,98,49,57036,391.464,1980
261884857267504,98,49,57036,434.252,1980
261884907447185,98,49,57036,434.252,1980
261884957591088,92,48,57036,461.415,1980
261885007704457,92,48,57036,461.415,1980
261885058968280,92,48,57036,487.078,1980
261885109078871,92,48,57036,487.078,1980
261885159189164,95,54,57036,511.453,1980
261885209306512,95,54,57036,511.453,1980
261885259418972,95,54,57036,529.923,1980
261885309521524,95,54,57036,529.923,1980
261885359622511,95,54,57036,544.867,1980
261885409733040,95,54,57036,544.867,1980
261885459838760,95,54,57036,563.033,1980
261885509940612,95,54,57036,563.033,1980
261885560042930,96,55,57036,588.849,1980
261885610143941,96,55,57036,588.849,1980
261885660243702,96,55,57036,596.697,1980
261885710345693,96,55,57036,596.697,1980
261885760448593,96,54,57036,586.959,1980
261885811143202,96,54,57036,586.959,1980
261885861915711,96,54,57036,562.484,1980
261885927680040,96,54,57036,562.484,1980
261885979298544,2,2,57036,518.872,1980
261886029466375,2,2,57036,518.872,1980
261886079611117,2,2,57036,486.199,1980
261886131081222,2,2,57036,486.199,1980
261886182668469,70,36,57036,453.586,1980
261886233154976,70,36,57036,453.586,1980
261886283288499,70,36,57036,438.109,1980
261886333547329,70,36,57036,438.109,1980
261886384422852,76,39,57036,415.721,1980
261886435538454,76,39,57036,415.721,1980
261886486259010,76,39,57036,396.157,1980
261886536713604,76,39,57036,396.157,1980
261886587319643,98,51,57036,374.505,1980
261886637453242,98,51,57036,374.505,1980
261886687559790,98,51,57036,350.327,1980
261886740093623,98,51,57036,350.327,1980
261886790198365,96,51,57036,331.389,1980
261886840310903,96,51,57036,331.389,1980
261886890415464,96,51,57036,361.641,1980
261886940519171,96,51,57036,361.641,1980
261886990619027,98,50,57036,411.104,1980
261887040739860,98,50,57036,411.104,1980
261887090887654,98,50,57036,448.343,1980
261887141035871,98,50,57036,448.343,1980
261887191146443,90,49,57036,471.108,1980
261887241252559,90,49,57036,471.108,1980
261887291378974,90,49,57036,495.987,1980
261887341493022,90,49,57036,495.987,1980
261887391600068,96,54,57036,513.393,1980
261887441706661,96,54,57036,513.393,1980
261887491809058,96,54,57036,531.887,1980
261887541913965,96,54,57036,531.887,1980
261887592025467,96,55,57036,551.672,1980
261887642132427,96,55,57036,551.672,1980
261887692237320,96,55,57036,567.271,1980
261887742336926,96,55,57036,567.271,1980
261887792437664,96,54,57036,594.773,1980
261887842540471,96,54,57036,594.773,1980
261887892657208,96,54,57036,585.682,1980
261887942768533,96,54,57036,585.682,1980
261887992872458,95,54,57036,578.223,1980
261888043079074,95,54,57036,578.223,1980
261888094135249,95,54,57036,557.212,1980
261888145132632,95,54,57036,557.212,1980
261888196179803,2,2,57036,524.017,1980
261888249306790,2,2,57036,524.017,1980
261888299434038,2,2,57036,475.638,1980
261888349571358,2,2,57036,475.638,1980
261888399720350,65,32,57036,451.376,1980
261888449863678,65,32,57036,451.376,1980
261888500496124,65,32,57036,427.194,1980
261888550606819,65,32,57036,427.194,1980
261888601701663,77,39,57036,411.964,1980
261888651876892,77,39,57036,411.964,1980
261888702599366,77,39,57036,394.434,1980
261888752756516,77,39,57036,394.434,1980
261888802996036,95,49,57036,377.363,1980
261888853231098,95,49,57036,377.363,1980
261888903424474,95,49,57036,357.756,1980
261888962654968,100,53,57036,342.451,1980
261889012767040,100,53,57036,342.451,1980
261889062870889,100,53,57036,350.563,1980
261889112975006,100,53,57036,350.563,1980
261889163081420,98,49,57036,395.515,1980
261889213181949,98,49,57036,395.515,1980
261889263369267,98,49,57036,445.07,1980
261889313498248,98,49,57036,445.07,1980
261889363604125,90,47,57036,469.39,1980
261889413707580,90,47,57036,469.39,1980
261889463809292,90,47,57036,489.303,1980
261889513921758,90,47,57036,489.303,1980
261889564027993,95,53,57036,512.72,1980
261889614128005,95,53,57036,512.72,1980
261889664229623,95,53,57036,531.738,1980
261889714331212,95,53,57036,531.738,1980
261889764432589,96,55,57036,549.436,1980
261889814534048,96,55,57036,549.436,1980
261889864646312,96,55,57036,566.987,1980
261889914746302,96,55,57036,566.987,1980
261889964864004,95,54,57036,592.067,1980
261890014974792,95,54,57036,592.067,1980
261890065079678,95,54,57036,599.116,1980
261890115183083,95,54,57036,599.116,1980
261890165286568,95,54,57036,589.245,1980
261890215388882,95,54,57036,589.245,1980
261890266417427,95,54,57036,569.141,1980
261890317404192,95,54,57036,569.141,1980
261890368156788,2,2,57036,524.933,1980
261890418914184,2,2,57036,524.933,1980
261890470689435,2,2,57036,491.831,1980
261890520804252,2,2,57036,491.831,1980
261890571839018,61,31,57036,465.628,1980
261890621975727,61,31,57036,465.628,1980
261890672180009,61,31,57036,443.902,1980
261890722377170,61,31,57036,443.902,1980
261890772533592,73,38,57036,426.316,1980
261890823327244,73,38,57036,426.316,1980
261890874379103,73,38,57036,407.837,1980
261890925332845,73,38,57036,407.837,1980
261890975847425,86,44,57036,385.894,1980
261891026876051,86,44,57036,385.894,1980
261891077447506,86,44,57036,362.284,1980
261891127600745,86,44,57036,362.284,1980
261891178307733,100,52,57036,345.575,1980
261891228420964,100,52,57036,345.575,1980
261891278528775,100,52,57036,336.12,1980
261891328634588,100,52,57036,336.12,1980
261891378735920,95,47,57036,383.294,1980
261891428855800,95,47,57036,383.294,1980
261891478955371,95,47,57036,428.476,1980
261891529043414,95,47,57036,428.476,1980
261891579147589,99,49,57036,451.661,1980
261891629251164,99,49,57036,451.661,1980
261891679350414,99,49,57036,478.418,1980
261891729452883,99,49,57036,478.418,1980
261891779568055,95,52,57036,502.699,1980
261891829670280,95,52,57036,502.699,1980
261891879770080,95,52,57036,524.776,1980
261891929869590,95,52,57036,524.776,1980
261891979968719,97,52,57036,546.28,1980
261892030069968,97,52,57036,546.28,1980
261892080171318,97,52,57036,561.949,1980
261892130270745,97,52,57036,561.949,1980
261892180368392,98,54,57036,577.825,1980
261892230467169,98,54,57036,577.825,1980
261892280565876,98,54,57036,606.278,1980
261892330667730,98,54,57036,606.278,1980
261892380769089,96,54,57036,603.354,1980
261892430873087,96,54,57036,603.354,1980
261892480971571,96,54,57036,601.667,1980
261892531072203,96,54,57036,601.667,1980
261892581721402,96,59,57036,592.256,1980
261892632578521,96,59,57036,592.256,1980
261892683438777,96,59,57036,547.827,1980
261892734275927,96,59,57036,547.827,1980
261892784400362,2,2,57036,505.831,1980
261892834528992,2,2,57036,505.831,1980
261892886062111,2,2,57036,481.402,1980
261892937351419,2,2,57036,481.402,1980
261892988846080,70,36,57036,457.554,1980
261893039342835,70,36,57036,457.554,1980
261893089463817,70,36,57036,432.344,1980
261893140638155,70,36,57036,432.344,1980
261893190802094,84,43,57036,416.597,1980
261893240978816,84,43,57036,416.597,1980
261893291109711,84,43,57036,394.864,1980
261893341249221,84,43,57036,394.864,1980
261893392102205,98,51,57036,376.72,1980
261893442226500,98,51,57036,376.72,1980
261893492555636,98,51,57036,360.965,1980
261893542660808,98,51,57036,360.965,1980
261893592762830,78,41,57036,345.916,1980
261893642871592,78,41,57036,345.916,1980
261893692982772,78,41,57036,391.537,1980
261893743092358,78,41,57036,391.537,1980
261893793194113,98,51,57036,438.973,1980
261893843297059,98,51,57036,438.973,1980
261893893402224,98,51,57036,462.961,1980
261893943514828,98,51,57036,462.961,1980
261893993617076,95,52,57036,487.779,1980
261894043718274,95,52,57036,487.779,1980
261894093820518,95,52,57036,509.782,1980
261894143920685,95,52,57036,509.782,1980
261894194020981,96,55,57036,530.553,1980
261894244120351,96,55,57036,530.553,1980
261894294305584,96,55,57036,547.672,1980
261894344436676,96,55,57036,547.672,1980
261894394542847,95,53,57036,566.752,1980
261894444648828,95,53,57036,566.752,1980
261894494749698,95,53,57036,582.986,1980
261894544859585,95,53,57036,582.986,1980
261894594974426,98,56,57036,599.291,1980
261894645074440,98,56,57036,599.291,1980
261894695172048,98,56,57036,587.628,1980
261894745270773,98,56,57036,587.628,1980
261894795373829,96,55,57036,581.143,1980
261894846312541,96,55,57036,581.143,1980
261894897329368,96,55,57036,558.963,1980
261894948243074,96,55,57036,558.963,1980
261894999138053,2,2,57036,514.754,1980
261895050617999,2,2,57036,514.754,1980
261895100852656,2,2,57036,480.803,1980
261895150966160,2,2,57036,480.803,1980
261895202328661,70,35,57036,457.199,1980
261895252454809,70,35,57036,457.199,1980
261895302877885,70,35,57036,431.187,1980
261895352980426,70,35,57036,431.187,1980
261895404391006,72,38,57036,414.351,1980
261895454495480,72,38,57036,414.351,1980
261895504626631,72,38,57036,394.65,1980
261895554770584,72,38,57036,394.65,1980
261895605419232,85,43,57036,375.975,1980
261895655530998,85,43,57036,375.975,1980
261895705636376,85,43,57036,356.437,1980
261895755783915,85,43,57036,356.437,1980
261895807223592,100,52,57036,336.973,1980
261895857332941,100,52,57036,336.973,1980
261895907440662,100,52,57036,340.426,1980
261895957561494,100,52,57036,340.426,1980
261896007662210,99,51,57036,386.358,1980
261896057770481,99,51,57036,386.358,1980
261896107876701,99,51,57036,427.934,1980
261896157978876,99,51,57036,427.934,1980
261896208082190,94,50,57036,452.53,1980
261896258183597,94,50,57036,452.53,1980
261896308285241,94,50,57036,475.623,1980
261896358385146,94,50,57036,475.623,1980
261896408484467,96,54,57036,495.883,1980
261896458588767,96,54,57036,495.883,1980
261896508721256,96,54,57036,523.45,1980
261896558823017,96,54,57036,523.45,1980
261896608926624,97,54,57036,544.677,1980
261896659036902,97,54,57036,544.677,1980
261896709140983,97,54,57036,560.475,1980
261896759244199,97,54,57036,560.475,1980
261896809345305,96,55,57036,581.192,1980
261896859449118,96,55,57036,581.192,1980
261896909553828,96,55,57036,603.838,1980
261896959657533,96,55,57036,603.838,1980
261897009757254,97,54,57036,598.646,1980
261897059861758,97,54,57036,598.646,1980
261897109962856,97,54,57036,595.714,1980
261897160066250,97,54,57036,595.714,1980
261897210821965,98,56,57036,594.896,1980
261897261412284,98,56,57036,559.216,1980
261897312087695,98,56,57036,559.216,1980
261897362886477,2,2,57036,514.947,1980
261897413298324,2,2,57036,514.947,1980
261897463420399,2,2,57036,484.85,1980
261897514699833,2,2,57036,484.85,1980
261897565367425,71,36,57036,462.397,1980
261897616363280,71,36,57036,462.397,1980
261897666964755,71,36,57036,442.602,1980
261897718186791,71,36,57036,442.602,1980
261897768313375,85,44,57036,421.418,1980
261897818758760,85,44,57036,421.418,1980
261897868889244,85,44,57036,400.141,1980
261897919078330,85,44,57036,400.141,1980
261897969257443,100,53,57036,376.907,1980
261898019407857,100,53,57036,376.907,1980
261898069521271,100,53,57036,354.047,1980
261898119625892,100,53,57036,354.047,1980
261898169732287,81,42,57036,344.147,1980
261898219847896,81,42,57036,344.147,1980
261898269958303,81,42,57036,389.703,1980
261898320062455,81,42,57036,389.703,1980
261898370161453,98,49,57036,433.653,1980
261898420261217,98,49,57036,433.653,1980
261898470362745,98,49,57036,463.704,1980
261898520526812,98,49,57036,463.704,1980
261898570629762,95,52,57036,491.611,1980
261898620728247,95,52,57036,491.611,1980
261898670836533,95,52,57036,512.426,1980
261898720937863,95,52,57036,512.426,1980
261898771057432,96,54,57036,531.943,1980
261898821168081,96,54,57036,531.943,1980
261898871269114,96,54,57036,547.418,1980
261898921371050,96,54,57036,547.418,1980
261898971470977,97,53,57036,565.151,1980
261899021588036,97,53,57036,565.151,1980
261899071691079,97,53,57036,590.295,1980
261899121789876,97,53,57036,590.295,1980
261899171891825,99,55,57036,600.828,1980
261899221993144,99,55,57036,600.828,1980
261899272099538,99,55,57036,592.23,1980
261899322258248,99,55,57036,592.23,1980
261899372398559,96,54,57036,586.528,1980
261899423870472,96,54,57036,586.528,1980
261899474559766,96,54,57036,562.13,1980
261899525451534,96,54,57036,562.13,1980
261899576042859,2,2,57036,517.464,1980
261899627718236,2,2,57036,517.464,1980
261899679441746,2,2,57036,477.769,1980
261899729585038,2,2,57036,477.769,1980
261899781242421,66,33,57036,457.564,1980
261899832795380,66,33,57036,457.564,1980
261899883832794,66,33,57036,435.305,1980
261899933985212,66,33,57036,435.305,1980
261899984741471,78,40,57036,417.699,1980
261900034888770,78,40,57036,417.699,1980
261900085051692,78,40,57036,397.241,1980
261900135974169,78,40,57036,397.241,1980
261900186134871,88,46,57036,382.972,1980
261900236616698,88,46,57036,382.972,1980
261900287276008,88,46,57036,359.569,1980
261900337386661,88,46,57036,359.569,1980
261900387492629,100,53,57036,338.815,1980
261900437600202,100,53,57036,338.815,1980
261900487701155,100,53,57036,346.51,1980
261900537804513,100,53,57036,346.51,1980
261900587907492,98,51,57036,397.092,1980
261900638011178,98,51,57036,397.092,1980
261900688119680,98,51,57036,444.491,1980
261900738228674,98,51,57036,444.491,1980
261900788336081,90,48,57036,469.393,1980
261900838436397,90,48,57036,469.393,1980
261900888534260,90,48,57036,493.939,1980
261900938636918,90,48,57036,493.939,1980
261900988736890,97,53,57036,516.908,1980
261901038839254,97,53,57036,516.908,1980
261901088941291,97,53,57036,532.683,1980
261901139064344,97,53,57036,532.683,1980
261901189172202,96,56,57036,553.589,1980
261901239277237,96,56,57036,553.589,1980
261901289393206,96,56,57036,566.122,1980
261901339496109,96,56,57036,566.122,1980
261901389626915,96,55,57036,592.231,1980
261901439733155,96,55,57036,592.231,1980
261901489837195,96,55,57036,609.877,1980
261901539940520,96,55,57036,609.877,1980
261901590043307,96,54,57036,601.926,1980
261901640149616,96,54,57036,601.926,1980
261901691035422,96,54,57036,581.761,1980
261901741787765,96,54,57036,581.761,1980
261901792830154,2,2,57036,539.811,1980
261901842943803,2,2,57036,539.811,1980
261901894098600,2,2,57036,500.654,1980
261901944218508,2,2,57036,500.654,1980
261901995806712,66,33,57036,474.305,1980
261902046494915,66,33,57036,474.305,1980
261902096657968,66,33,57036,458.068,1980
261902147556165,66,33,57036,458.068,1980
261902197722482,76,39,57036,429.167,1980
261902248520068,76,39,57036,429.167,1980
261902299170030,76,39,57036,415.163,1980
261902349281167,76,39,57036,415.163,1980
261902399938739,95,49,57036,390.195,1980
261902450069233,95,49,57036,390.195,1980
261902500172489,95,49,57036,371.019,1980
261902550337707,95,49,57036,371.019,1980
261902600446081,100,53,57036,347.279,1980
261902650551813,100,53,57036,347.279,1980
261902700740213,100,53,57036,352.885,1980
261902750861668,100,53,57036,352.885,1980
261902800966531,98,51,57036,395.456,1980
261902851069686,98,51,57036,395.456,1980
261902901169952,98,51,57036,444.21,1980
261902951271470,98,51,57036,444.21,1980
261903001379984,90,49,57036,463.222,1980
261903051481823,90,49,57036,463.222,1980
261903101580441,90,49,57036,484.95,1980
261903151681790,90,49,57036,484.95,1980
261903201782354,97,53,57036,506.321,1980
261903251881914,97,53,57036,506.321,1980
261903301981588,97,53,57036,522.661,1980
261903352091775,97,53,57036,522.661,1980
261903402194929,98,55,57036,544.192,1980
261903452295115,98,55,57036,544.192,1980
261903502393820,98,55,57036,561.355,1980
261903552493635,98,55,57036,561.355,1980
261903602594878,96,55,57036,587.339,1980
261903652696808,96,55,57036,587.339,1980
261903702797326,96,55,57036,591.529,1980
261903752898331,96,55,57036,591.529,1980
261903802997363,97,54,57036,583.721,1980
261903853663182,97,54,57036,583.721,1980
261903904654800,97,54,57036,575.201,1980
261903955301193,97,54,57036,575.201,1980
261904005934754,22,22,57036,536.574,1980
261904056250154,22,22,57036,536.574,1980
261904106845001,22,22,57036,496.335,1980
261904156949950,22,22,57036,496.335,1980
261904208298645,37,18,57036,466.765,1980
261904258431101,37,18,57036,466.765,1980
261904308566108,37,18,57036,445.991,1980
261904359856692,37,18,57036,445.991,1980
261904410268160,74,38,57036,427.589,1980
261904460853092,74,38,57036,427.589,1980
261904511800659,74,38,57036,408.166,1980
261904561924725,74,38,57036,408.166,1980
261904612056196,96,50,57036,389.289,1980
261904662169600,96,50,57036,389.289,1980
261904712284132,96,50,57036,366.77,1980
261904762431114,96,50,57036,366.77,1980
261904812542189,100,53,57036,347.115,1980
261904862654713,100,53,57036,347.115,1980
261904912753368,100,53,57036,339.793,1980
261904962853042,100,53,57036,339.793,1980
261905012958786,98,50,57036,387.515,1980
261905063061028,98,50,57036,387.515,1980
261905113174950,98,50,57036,435.456,1980
261905163285018,98,50,57036,435.456,1980
261905213386153,91,45,57036,463.673,1980
261905263489109,91,45,57036,463.673,1980
261905313590835,91,45,57036,486.437,1980
261905363691905,91,45,57036,486.437,1980
261905413790088,98,55,57036,507.251,1980
261905463889796,98,55,57036,507.251,1980
261905513989690,98,55,57036,532.567,1980
261905564089457,98,55,57036,532.567,1980
261905614185951,96,54,57036,554.851,1980
261905664288396,96,54,57036,554.851,1980
261905714388842,96,54,57036,571.993,1980
261905764490639,96,54,57036,571.993,1980
261905814590163,97,53,57036,591.797,1980
261905866392947,97,53,57036,611.502,1980
261905916498121,97,53,57036,611.502,1980
261905967582889,98,55,57036,603.644,1980
261906017687328,98,55,57036,603.644,1980
261906067788795,98,55,57036,596.091,1980
261906118557569,98,55,57036,596.091,1980
261906169180651,56,43,57036,564.466,1980
261906220067312,56,43,57036,564.466,1980
261906271140117,56,43,57036,520.536,1980
261906323518370,56,43,57036,520.536,1980
261906374030239,15,7,57036,489.015,1980
261906424451480,15,7,57036,489.015,1980
261906476207247,15,7,57036,467.345,1980
261906527542810,15,7,57036,467.345,1980
261906578258394,72,37,57036,443.546,1980
261906628444350,72,37,57036,443.546,1980
261906678547615,72,37,57036,418.533,1980
261906728975989,72,37,57036,418.533,1980
261906779613263,91,47,57036,397.83,1980
261906829781841,91,47,57036,397.83,1980
261906880496566,91,47,57036,381.172,1980
261906930997064,91,47,57036,381.172,1980
261906981619705,100,53,57036,360.127,1980
261907034239831,100,53,57036,360.127,1980
261907084348893,100,53,57036,340.433,1980
261907134458925,100,53,57036,340.433,1980
261907184564477,82,43,57036,373.511,1980
261907234664989,82,43,57036,373.511,1980
261907284763090,82,43,57036,421.391,1980
261907334863463,82,43,57036,421.391,1980
261907384974899,98,50,57036,454.039,1980
261907435077442,98,50,57036,454.039,1980
261907485178286,98,50,57036,475.608,1980
261907535278960,98,50,57036,475.608,1980
261907585377320,96,53,57036,493.035,1980
261907635481769,96,53,57036,493.035,1980
261907685581252,96,53,57036,510.967,1980
261907735681123,96,53,57036,510.967,1980
261907785780722,96,53,57036,533.137,1980
261907835879919,96,53,57036,533.137,1980
261907885979128,96,53,57036,548.538,1980
261907936085754,96,53,57036,548.538,1980
261907986184742,97,56,57036,571.335,1980
261908036287456,97,56,57036,571.335,1980
261908086399068,97,56,57036,590.356,1980
261908136501495,97,56,57036,590.356,1980
261908186613545,95,54,57036,582.337,1980
261908236717079,95,54,57036,582.337,1980
261908287947005,95,54,57036,576.185,1980
261908338053534,95,54,57036,576.185,1980
261908388970376,82,57,57036,555.626,1980
261908439774939,82,57,57036,555.626,1980
261908490457746,82,57,57036,513.794,1980
261908540565779,82,57,57036,513.794,1980
261908591406695,2,2,57036,477.621,1980
261908641922432,2,2,57036,477.621,1980
261908692504478,2,2,57036,455.456,1980
261908743751252,2,2,57036,455.456,1980
261908795175268,71,37,57036,436.284,1980
261908846350402,71,37,57036,436.284,1980
261908896470209,71,37,57036,412.985,1980
261908946608916,71,37,57036,412.985,1980
261908997322921,83,42,57036,393.861,1980
261909047452187,83,42,57036,393.861,1980
261909097577111,83,42,57036,377.54,1980
261909147677042,83,42,57036,377.54,1980
261909197826588,100,52,57036,356.725,1980
261909247928178,100,52,57036,356.725,1980
261909298038468,100,52,57036,335.328,1980
261909348152245,100,52,57036,335.328,1980
261909398252032,73,39,57036,347.395,1980
261909448353951,73,39,57036,347.395,1980
261909498462048,73,39,57036,401.183,1980
261909548575621,73,39,57036,401.183,1980
261909598680758,99,53,57036,447.724,1980
261909648779667,99,53,57036,447.724,1980
261909698881869,99,53,57036,472.854,1980
261909748984216,99,53,57036,472.854,1980
261909799086412,98,56,57036,491.415,1980
261909849184161,98,56,57036,491.415,1980
261909899282953,98,56,57036,517.68,1980
261909949436130,98,56,57036,517.68,1980
261909999662111,97,55,57036,538.209,1980
261910049800951,97,55,57036,538.209,1980
261910099904306,97,55,57036,562.944,1980
261910150011104,97,55,57036,562.944,1980
261910200117657,98,57,57036,579.873,1980
261910250223682,98,57,57036,579.873,1980
261910300324567,98,57,57036,609.068,1980
261910350428622,98,57,57036,609.068,1980
261910400530549,97,55,57036,619.58,1980
261910450635916,97,55,57036,619.58,1980
261910500739766,97,55,57036,610.416,1980
261910550839480,97,55,57036,610.416,1980
261910600939505,98,57,57036,604.187,1980
261910651044426,98,57,57036,604.187,1980
261910701143640,98,57,57036,602.726,1980
261910752249259,98,57,57036,602.726,1980
261910803270187,88,62,57036,593.972,1980
261910853985892,88,62,57036,593.972,1980
261910904687125,88,62,57036,547.937,1980
261910956657265,88,62,57036,547.937,1980
261911006799810,2,2,57036,509.119,1980
261911057972004,2,2,57036,509.119,1980
261911109122475,2,2,57036,485.069,1980
261911160475059,2,2,57036,485.069,1980
261911211551529,71,37,57036,462.502,1980
261911261682096,71,37,57036,462.502,1980
261911312014415,71,37,57036,440.155,1980
261911362157757,71,37,57036,440.155,1980
261911412534770,88,44,57036,419.475,1980
261911462659076,88,44,57036,419.475,1980
261911512790867,88,44,57036,392.837,1980
261911562901516,88,44,57036,392.837,1980
261911613021520,100,52,57036,370.833,1980
261911670948313,100,52,57036,346.426,1980
261911721053582,100,52,57036,346.426,1980
261911771154341,75,40,57036,355.318,1980
261911821272367,75,40,57036,355.318,1980
261911871377187,75,40,57036,399.587,1980
261911921478380,75,40,57036,399.587,1980
261911971579953,98,53,57036,449.061,1980
261912021679926,98,53,57036,449.061,1980
261912071781274,98,53,57036,474.559,1980
261912121881077,98,53,57036,474.559,1980
261912171981318,98,55,57036,496.567,1980
261912222080287,98,55,57036,496.567,1980
261912272180469,98,55,57036,523.348,1980
261912322280093,98,55,57036,523.348,1980
261912372395292,96,56,57036,548.067,1980
261912422496129,96,56,57036,548.067,1980
261912472605918,96,56,57036,567.23,1980
261912522707515,96,56,57036,567.23,1980
261912572809251,98,57,57036,587.095,1980
261912622913272,98,57,57036,587.095,1980
261912673018218,98,57,57036,610.375,1980
261912723121883,98,57,57036,610.375,1980
261912773221772,96,55,57036,622.31,1980
261912823323140,96,55,57036,622.31,1980
261912873425224,96,55,57036,616.382,1980
261912923524139,96,55,57036,616.382,1980
261912973622150,98,57,57036,611.531,1980
261913023721639,98,57,57036,611.531,1980
261913073820844,98,57,57036,612.662,1980
261913125695851,98,57,57036,612.662,1980
261913176351473,82,58,57036,593.064,1980
261913227334542,82,58,57036,593.064,1980
261913278264928,82,58,57036,550.157,1980
261913333912585,82,58,57036,550.157,1980
261913384047245,2,2,57036,508.448,1980
261913435339770,2,2,57036,508.448,1980
261913486694767,2,2,57036,480.182,1980
261913537168551,2,2,57036,480.182,1980
261913587758476,73,37,57036,459.366,1980
261913637859803,73,37,57036,459.366,1980
261913687990555,73,37,57036,434.996,1980
261913738124131,73,37,57036,434.996,1980
261913788286721,94,49,57036,417.254,1980
261913838397487,94,49,57036,417.254,1980
261913888502575,94,49,57036,393.71,1980
261913938640825,94,49,57036,393.71,1980
261913988782438,100,53,57036,368.126,1980
261914038923344,100,53,57036,368.126,1980
261914089061983,100,53,57036,341.943,1980
261914139168673,100,53,57036,341.943,1980
261914189267432,89,49,57036,362.789,1980
261914239368476,89,49,57036,362.789,1980
261914289477397,89,49,57036,410.2,1980
261914339597210,89,49,57036,410.2,1980
261914389696860,91,50,57036,450.469,1980
261914439798727,91,50,57036,450.469,1980
261914489899221,91,50,57036,472.029,1980
261914540011336,91,50,57036,472.029,1980
261914590114523,98,57,57036,491.988,1980
261914640215692,98,57,57036,491.988,1980
261914690315967,98,57,57036,511.41,1980
261914740424858,98,57,57036,511.41,1980
261914790524111,96,56,57036,531.149,1980
261914840625332,96,56,57036,531.149,1980
261914890726494,96,56,57036,552.037,1980
261914940839434,96,56,57036,552.037,1980
261914990940723,96,56,57036,579.877,1980
261915041041856,96,56,57036,579.877,1980
261915091141337,96,56,57036,602.244,1980
261915141241685,96,56,57036,602.244,1980
261915191340835,96,56,57036,593.159,1980
261915241440448,96,56,57036,593.159,1980
261915292120188,96,56,57036,585.67,1980
261915343010829,96,56,57036,585.67,1980
261915393630329,22,22,57036,543.313,1980
261915444428858,22,22,57036,543.313,1980
261915495184055,22,22,57036,499.963,1980
261915545319850,22,22,57036,499.963,1980
261915595458781,39,19,57036,474.653,1980
261915646849429,39,19,57036,474.653,1980
261915697395601,39,19,57036,450.973,1980
261915748811215,39,19,57036,450.973,1980
261915798916351,71,37,57036,433.289,1980
261915849751191,71,37,57036,433.289,1980
261915913407382,71,37,57036,408.45,1980
261915964024464,71,37,57036,408.45,1980
261916014162835,86,44,57036,388.446,1980
261916064345525,86,44,57036,388.446,1980
261916115015432,86,44,57036,369.556,1980
261916165596833,86,44,57036,369.556,1980
261916215959338,100,52,57036,356.468,1980
261916266080598,100,52,57036,356.468,1980
261916316200452,100,52,57036,328.443,1980
261916366312465,100,52,57036,328.443,1980
261916416429445,78,41,57036,376.916,1980
261916466532648,78,41,57036,376.916,1980
261916516631236,78,41,57036,420.299,1980
261916566743168,78,41,57036,420.299,1980
261916616845643,98,50,57036,452.363,1980
261916666959350,98,50,57036,452.363,1980
261916717062485,98,50,57036,477.082,1980
261916767161731,98,50,57036,477.082,1980
261916817260229,96,53,57036,502.711,1980
261916867360756,96,53,57036,502.711,1980
261916917460319,96,53,57036,522.689,1980
261916967559253,96,53,57036,522.689,1980
261917017658301,97,54,57036,539.97,1980
261917067759278,97,54,57036,539.97,1980
261917117858880,97,54,57036,557.961,1980
261917167966499,97,54,57036,557.961,1980
261917218041266,96,54,57036,580.888,1980
261917268139654,96,54,57036,580.888,1980
261917318238694,96,54,57036,602.056,1980
261917368398746,96,54,57036,602.056,1980
261917418536992,95,54,57036,604.895,1980
261917468658284,95,54,57036,604.895,1980
261917518773063,95,54,57036,598.38,1980
261917568899065,95,54,57036,598.38,1980
261917619607944,96,59,57036,588.952,1980
261917670642805,96,59,57036,588.952,1980
261917721639794,96,59,57036,548.167,1980
261917771755595,2,2,57036,504.766,1980
261917822978479,2,2,57036,504.766,1980
261917873098602,2,2,57036,474.971,1980
261917924042219,2,2,57036,474.971,1980
261917975071639,71,36,57036,455.964,1980
261918025203251,71,36,57036,455.964,1980
261918075938655,71,36,57036,434.093,1980
261918126318590,71,36,57036,434.093,1980
261918177010550,78,40,57036,415.81,1980
261918227186165,78,40,57036,415.81,1980
261918277291420,78,40,57036,391.622,1980
261918327442865,78,40,57036,391.622,1980
261918377562515,97,50,57036,367.629,1980
261918427759002,97,50,57036,367.629,1980
261918478023908,97,50,57036,347.166,1980
261918528329321,97,50,57036,347.166,1980
261918578439221,80,43,57036,330.629,1980
261918628540204,80,43,57036,330.629,1980
261918678651439,80,43,57036,378.463,1980
261918728753173,80,43,57036,378.463,1980
261918778854001,98,52,57036,425.323,1980
261918830353237,98,52,57036,425.323,1980
261918880456561,98,52,57036,456.41,1980
261918930561023,98,52,57036,456.41,1980
261918980663535,93,50,57036,477.761,1980
261919030768191,93,50,57036,477.761,1980
261919080867636,93,50,57036,499.308,1980
261919130970774,93,50,57036,499.308,1980
261919181070569,96,55,57036,523.526,1980
261919231170199,96,55,57036,523.526,1980
261919281271306,96,55,57036,540.801,1980
261919331371871,96,55,57036,540.801,1980
261919381484436,96,56,57036,565.005,1980
261919431591287,96,56,57036,565.005,1980
261919481695833,96,56,57036,578.641,1980
261919531798088,96,56,57036,578.641,1980
261919581928614,94,54,57036,603.358,1980
261919632031351,94,54,57036,603.358,1980
261919682140157,94,54,57036,594.3,1980
261919732240782,94,54,57036,594.3,1980
261919782339873,97,53,57036,589.096,1980
261919832439931,97,53,57036,589.096,1980
261919883279096,97,53,57036,583.237,1980
261919933934308,97,53,57036,583.237,1980
261919985496750,16,16,57036,542.137,1980
261920036459830,16,16,57036,542.137,1980
261920086657686,16,16,57036,501.588,1980
261920138077447,16,16,57036,501.588,1980
261920188237845,45,22,57036,478.462,1980
261920239009720,45,22,57036,478.462,1980
261920289113722,45,22,57036,453.582,1980
261920340035849,45,22,57036,453.582,1980
261920391072468,77,39,57036,435.768,1980
261920441738802,77,39,57036,435.768,1980
261920492460478,77,39,57036,415.555,1980
261920542607559,77,39,57036,415.555,1980
261920592772849,99,51,57036,395.385,1980
261920642900902,99,51,57036,395.385,1980
261920693026979,99,51,57036,380.363,1980
261920743131961,99,51,57036,380.363,1980
261920793239025,100,53,57036,351.125,1980
261920843346221,100,53,57036,351.125,1980
261920893447321,100,53,57036,351.3,1980
261920943546865,100,53,57036,351.3,1980
261920993645730,98,50,57036,397.508,1980
261921043753929,98,50,57036,397.508,1980
261921093868930,98,50,57036,443.482,1980
261921144002548,98,50,57036,443.482,1980
261921194102476,89,47,57036,473.468,1980
261921244204111,89,47,57036,473.468,1980
261921294302926,89,47,57036,492.639,1980
261921344423203,89,47,57036,492.639,1980
261921394524875,95,55,57036,515.789,1980
261921444807431,95,55,57036,515.789,1980
261921494907077,95,55,57036,532.717,1980
261921545011587,95,55,57036,532.717,1980
261921595115130,96,54,57036,553.585,1980
261921645223444,96,54,57036,553.585,1980
261921695322616,96,54,57036,573.291,1980
261921745425890,96,54,57036,573.291,1980
261921795526997,97,52,57036,594.468,1980
261921845631224,97,52,57036,594.468,1980
261921895730429,97,52,57036,599.177,1980
261921945833975,97,52,57036,599.177,1980
261921995933771,98,55,57036,589.778,1980
261922046066301,98,55,57036,589.778,1980
261922097656462,98,55,57036,583.976,1980
261922148713087,98,55,57036,583.976,1980
261922199354032,55,43,57036,551.985,1980
261922250253623,55,43,57036,551.985,1980
261922306843225,55,43,57036,511.818,1980
261922357028500,55,43,57036,511.818,1980
261922407140742,13,6,57036,480.805,1980
261922458669220,13,6,57036,480.805,1980
261922508841286,13,6,57036,454.092,1980
261922560221096,13,6,57036,454.092,1980
261922611295251,71,37,57036,432.053,1980
261922661742687,71,37,57036,432.053,1980
261922711895525,71,37,57036,415.2,1980
261922762007922,71,37,57036,415.2,1980
261922812993328,83,43,57036,397.649,1980
261922863360569,83,43,57036,397.649,1980
261922913758985,83,43,57036,380.201,1980
261922964062526,83,43,57036,380.201,1980
261923014165792,100,52,57036,361.078,1980
261923064538769,100,52,57036,361.078,1980
261923114667378,100,52,57036,333.945,1980
261923164778665,100,52,57036,333.945,1980
261923214879342,78,40,57036,364.657,1980
261923264991575,78,40,57036,364.657,1980
261923315101446,78,40,57036,411.924,1980
261923369187764,78,40,57036,411.924,1980
261923419290388,98,49,57036,449.659,1980
261923469393625,98,49,57036,449.659,1980
261923519494362,98,49,57036,467.467,1980
261923569595855,98,49,57036,467.467,1980
261923619702008,96,50,57036,492.731,1980
261923669802962,96,50,57036,492.731,1980
261923719901935,96,50,57036,513.224,1980
261923770005698,96,50,57036,513.224,1980
261923820104953,98,55,57036,531.354,1980
261923870210243,98,55,57036,531.354,1980
261923920314839,98,55,57036,551.046,1980
261923970415262,98,55,57036,551.046,1980
261924020513814,96,54,57036,571.542,1980
261924070616676,96,54,57036,571.542,1980
261924120739970,96,54,57036,599.471,1980
261924170846425,96,54,57036,599.471,1980
261924220944557,97,53,57036,599.236,1980
261924271046108,97,53,57036,599.236,1980
261924321144845,97,53,57036,591.513,1980
261924371244317,97,53,57036,591.513,1980
261924422024161,96,54,57036,590.079,1980
261924472814697,96,54,57036,590.079,1980
261924523921677,96,54,57036,560.687,1980
261924574927421,96,54,57036,519.868,1980
261924625051248,2,2,57036,519.868,1980
261924676595821,2,2,57036,484.021,1980
261924727868365,2,2,57036,484.021,1980
261924777979226,72,37,57036,463.531,1980
261924829453722,72,37,57036,463.531,1980
261924880152868,72,37,57036,441.199,1980
261924931457078,72,37,57036,441.199,1980
261924981927128,76,39,57036,416.135,1980
261925032049664,76,39,57036,416.135,1980
261925082346891,76,39,57036,395.441,1980
261925132463947,76,39,57036,395.441,1980
261925182572407,96,49,57036,383.911,1980
261925232674559,96,49,57036,383.911,1980
261925282791950,96,49,57036,359.49,1980
261925332919558,96,49,57036,359.49,1980
261925383029552,100,53,57036,340.407,1980
261925433133135,100,53,57036,340.407,1980
261925483243706,100,53,57036,373.54,1980
261925545421115,100,53,57036,373.54,1980
261925595524254,98,53,57036,433.305,1980
261925645624635,98,53,57036,433.305,1980
261925695759148,98,53,57036,464.741,1980
261925745865070,98,53,57036,464.741,1980
261925795973279,89,49,57036,488.327,1980
261925846074556,89,49,57036,488.327,1980
261925896173938,89,49,57036,512.582,1980
261925946274927,89,49,57036,512.582,1980
261925996379052,98,58,57036,529.337,1980
261926046480879,98,58,57036,529.337,1980
261926096582913,98,58,57036,549.355,1980
261926146683375,98,58,57036,549.355,1980
261926196785046,96,56,57036,569.754,1980
261926246887938,96,56,57036,569.754,1980
261926296987749,96,56,57036,588.175,1980
261926347086861,96,56,57036,588.175,1980
261926397185759,96,57,57036,613.582,1980
261926448088772,96,57,57036,613.582,1980
261926498189358,96,57,57036,608.765,1980
261926548293814,96,57,57036,608.765,1980
261926598396140,96,56,57036,602.254,1980
261926648500550,96,56,57036,602.254,1980
261926698599703,96,56,57036,597.25,1980
261926748707847,96,56,57036,597.25,1980
261926799378627,96,65,57036,576.458,1980
261926850027041,96,65,57036,576.458,1980
261926900764959,96,65,57036,530.894,1980
261926950880331,96,65,57036,530.894,1980
261927001887259,2,2,57036,495.901,1980
261927053348923,2,2,57036,495.901,1980
261927104528147,2,2,57036,474.202,1980
261927155676637,2,2,57036,474.202,1980
261927206299076,73,38,57036,448.297,1980
261927257422696,73,38,57036,448.297,1980
261927308266415,73,38,57036,427.959,1980
261927358976890,73,38,57036,427.959,1980
261927409472152,92,48,57036,407.003,1980
261927459804373,92,48,57036,407.003,1980
261927509932891,92,48,57036,391.447,1980
261927560100358,92,48,57036,391.447,1980
261927610525126,100,53,57036,368.418,1980
261927660634505,100,53,57036,368.418,1980
261927710748415,100,53,57036,341.589,1980
261927760859125,100,53,57036,341.589,1980
261927810962169,81,45,57036,370.647,1980
261927861074233,81,45,57036,370.647,1980
261927911180109,81,45,57036,414.941,1980
261927961285455,81,45,57036,414.941,1980
261928011385547,96,53,57036,452.235,1980
261928061484694,96,53,57036,452.235,1980
261928111609708,96,53,57036,473.798,1980
261928161713381,96,53,57036,473.798,1980
261928211812964,96,56,57036,495.375,1980
261928261914082,96,56,57036,495.375,1980
261928312014913,96,56,57036,510.49,1980
261928362114058,96,56,57036,510.49,1980
261928412215353,96,56,57036,531.512,1980
261928462314289,96,56,57036,531.512,1980
261928512412785,96,56,57036,547.523,1980
261928562515078,96,56,57036,547.523,1980
261928612622488,97,55,57036,571.353,1980
261928662727739,97,55,57036,571.353,1980
261928712827164,97,55,57036,590.567,1980
261928762927111,97,55,57036,590.567,1980
261928813029616,98,58,57036,581.377,1980
261928863130929,98,58,57036,581.377,1980
261928914136027,98,58,57036,566.441,1980
261928965200463,98,58,57036,566.441,1980
261929016228485,38,33,57036,524.952,1980
261929066938053,38,33,57036,524.952,1980
261929118194023,38,33,57036,487.041,1980
261929168340165,38,33,57036,487.041,1980
261929219750011,28,14,57036,463.579,1980
261929271162826,28,14,57036,463.579,1980
261929321304757,28,14,57036,442.881,1980
261929371501623,28,14,57036,442.881,1980
261929421694763,74,38,57036,421.375,1980
261929471814429,74,38,57036,421.375,1980
261929521948133,74,38,57036,402.954,1980
261929572672024,74,38,57036,402.954,1980
261929622799380,96,50,57036,385.799,1980
261929672985336,96,50,57036,385.799,1980
261929723109649,96,50,57036,367.235,1980
261929773271017,96,50,57036,367.235,1980
261929823388713,100,53,57036,347.113,1980
261929873506185,100,53,57036,347.113,1980
261929923616311,100,53,57036,348.86,1980
261929973721969,100,53,57036,348.86,1980
261930023832611,98,51,57036,393.308,1980
261930073938413,98,51,57036,393.308,1980
261930124039088,98,51,57036,439.966,1980
261930174138371,98,51,57036,439.966,1980
261930224239430,91,46,57036,468.965,1980
261930274341110,91,46,57036,468.965,1980
261930324441024,91,46,57036,490.137,1980
261930374541387,91,46,57036,490.137,1980
261930424639067,98,56,57036,508.837,1980
261930474739775,98,56,57036,508.837,1980
261930524847345,98,56,57036,529.589,1980
261930574956859,98,56,57036,529.589,1980
261930625043810,96,54,57036,551.127,1980
261930675149335,96,54,57036,551.127,1980
261930725248767,96,54,57036,567.232,1980
261930775348738,96,54,57036,567.232,1980
261930825480528,97,53,57036,589.276,1980
261930875586328,97,53,57036,589.276,1980
261930925685312,97,53,57036,603.013,1980
261930975786694,97,53,57036,603.013,1980
261931025919937,98,55,57036,594.76,1980
261931076024159,98,55,57036,594.76,1980
261931127038141,98,55,57036,588.522,1980
261931177866265,98,55,57036,550.573,1980
261931228499457,54,42,57036,550.573,1980
261931279607375,54,42,57036,508.402,1980
261931331038409,54,42,57036,508.402,1980
261931381205327,19,10,57036,484.625,1980
261931432900583,19,10,57036,484.625,1980
261931483635147,19,10,57036,460.38,1980
261931533746682,19,10,57036,460.38,1980
261931583861712,73,38,57036,441.741,1980
261931633975784,73,38,57036,441.741,1980
261931684103174,73,38,57036,419.958,1980
261931734387632,73,38,57036,419.958,1980
261931784696488,92,47,57036,397.522,1980
261931835091568,92,47,57036,397.522,1980
261931885820587,92,47,57036,379.353,1980
261931936029406,92,47,57036,379.353,1980
261931986153600,100,53,57036,358.686,1980
261932036645805,100,53,57036,358.686,1980
261932086758623,100,53,57036,336.578,1980
261932136864267,100,53,57036,336.578,1980
261932186976003,86,45,57036,382.106,1980
261932237078399,86,45,57036,382.106,1980
261932287179408,86,45,57036,422.897,1980
261932338623765,86,45,57036,422.897,1980
261932388726962,99,51,57036,452.719,1980
261932438826767,99,51,57036,452.719,1980
261932488925634,99,51,57036,472.14,1980
261932539027931,99,51,57036,472.14,1980
261932589127737,96,53,57036,497.465,1980
261932639227171,96,53,57036,497.465,1980
261932689327165,96,53,57036,516.341,1980
261932739427336,96,53,57036,516.341,1980
261932789526189,97,54,57036,536.609,1980
261932839627410,97,54,57036,536.609,1980
261932889741912,97,54,57036,560.291,1980
261932939843594,97,54,57036,560.291,1980
261932989948911,97,55,57036,575.91,1980
261933040052210,97,55,57036,575.91,1980
261933090153965,97,55,57036,598.37,1980
261933140252759,97,55,57036,598.37,1980
261933190355908,95,55,57036,592.015,1980
261933240471202,95,55,57036,592.015,1980
261933290572036,95,55,57036,588.893,1980
261933340671011,95,55,57036,588.893,1980
261933392266531,96,58,57036,580.345,1980
261933442903017,96,58,57036,580.345,1980
261933493545581,96,58,57036,538.008,1980
261933544184411,96,58,57036,538.008,1980
261933594316733,2,2,57036,495.065,1980
261933645858006,2,2,57036,495.065,1980
261933696019978,2,2,57036,469.608,1980
261933746492638,2,2,57036,469.608,1980
261933797042946,72,37,57036,447.091,1980
261933847199671,72,37,57036,447.091,1980
261933898126708,72,37,57036,429.907,1980
261933948898919,72,37,57036,429.907,1980
261933999497210,82,42,57036,410.293,1980
261934050206289,82,42,57036,410.293,1980
261934100326573,82,42,57036,386.102,1980
261934150816920,82,42,57036,386.102,1980
261934201012522,99,51,57036,365.393,1980
261934251126287,99,51,57036,365.393,1980
261934301481736,99,51,57036,341.093,1980
261934351604005,99,51,57036,341.093,1980
261934401715947,77,40,57036,345.918,1980
261934451844942,77,40,57036,345.918,1980
261934501945496,77,40,57036,397.39,1980
261934552046440,77,40,57036,397.39,1980
261934602144943,98,50,57036,444.255,1980
261934652245944,98,50,57036,444.255,1980
261934702526999,98,50,57036,463.532,1980
261934752632104,98,50,57036,463.532,1980
261934802732102,95,51,57036,485.766,1980
261934852833983,95,51,57036,485.766,1980
261934902932442,95,51,57036,509.368,1980
261934953040290,95,51,57036,509.368,1980
261935003147903,98,55,57036,527.913,1980
261935054044816,98,55,57036,527.913,1980
261935104147326,98,55,57036,541.676,1980
261935154246458,98,55,57036,541.676,1980
261935204345801,96,54,57036,554.558,1980
261935254451484,96,54,57036,554.558,1980
261935304548508,96,54,57036,581.484,1980
261935354653237,96,54,57036,581.484,1980
261935404759967,96,54,57036,586.996,1980
261935454867326,96,54,57036,586.996,1980
261935504966344,96,54,57036,577.217,1980
261935556410618,96,54,57036,577.217,1980
261935607098312,95,59,57036,555.645,1980
261935658063495,95,59,57036,555.645,1980
261935708698424,95,59,57036,514.709,1980
261935759487928,95,59,57036,514.709,1980
261935809632073,2,2,57036,476.047,1980
261935860779068,2,2,57036,476.047,1980
261935912510003,2,2,57036,449.475,1980
261935963319043,2,2,57036,449.475,1980
261936013472744,72,37,57036,429.573,1980
261936064038770,72,37,57036,429.573,1980
261936114186739,72,37,57036,414.85,1980
261936164330470,72,37,57036,414.85,1980
261936214517804,90,46,57036,400.568,1980
261936264624808,90,46,57036,400.568,1980
261936314729044,90,46,57036,381.559,1980
261936364904803,90,46,57036,381.559,1980
261936415057274,100,53,57036,360.103,1980
261936465182447,100,53,57036,360.103,1980
261936515300498,100,53,57036,343.018,1980
261936565410513,100,53,57036,343.018,1980
261936615529417,85,47,57036,367.513,1980
261936665637656,85,47,57036,367.513,1980
261936715744010,85,47,57036,410.456,1980
261936765854893,85,47,57036,410.456,1980
261936815968734,91,50,57036,451.85,1980
261936866072247,91,50,57036,451.85,1980
261936916173247,91,50,57036,472.761,1980
261936966272956,91,50,57036,472.761,1980
261937016386121,95,56,57036,494.51,1980
261937066496573,95,56,57036,494.51,1980
261937116608076,95,56,57036,512.393,1980
261937166709724,95,56,57036,512.393,1980
261937216807081,95,56,57036,533.435,1980
261937266907059,95,56,57036,533.435,1980
261937317007277,95,56,57036,559.824,1980
261937367107856,95,56,57036,559.824,1980
261937417207976,95,56,57036,575.947,1980
261937467319383,95,56,57036,575.947,1980
261937517423455,95,56,57036,595.274,1980
261937567524552,95,56,57036,595.274,1980
261937617624162,96,56,57036,585.743,1980
261937669997216,96,56,57036,585.743,1980
261937720807831,96,56,57036,568.613,1980
261937771526589,96,56,57036,568.613,1980
261937822557771,24,24,57036,526.914,1980
261937875161080,24,24,57036,526.914,1980
261937925287342,24,24,57036,486.718,1980
261937976845303,24,24,57036,486.718,1980
261938026950276,32,16,57036,465.613,1980
261938078733164,32,16,57036,465.613,1980
261938128853827,32,16,57036,445.873,1980
261938179776528,32,16,57036,445.873,1980
261938230910506,67,35,57036,422.362,1980
261938281798759,67,35,57036,402.959,1980
261938332681604,67,35,57036,402.959,1980
261938382805713,91,47,57036,383.992,1980
261938432951563,91,47,57036,383.992,1980
261938483248788,91,47,57036,368.456,1980
261938533352142,91,47,57036,368.456,1980
261938583464816,100,53,57036,347.987,1980
261938633584568,100,53,57036,347.987,1980
261938683705576,100,53,57036,340.394,1980
261938733806118,100,53,57036,340.394,1980
261938783934908,98,50,57036,388.142,1980
261938834041304,98,50,57036,388.142,1980
261938884142718,98,50,57036,434.837,1980
261938934263174,98,50,57036,434.837,1980
261938984365790,90,45,57036,463.669,1980
261939034465126,90,45,57036,463.669,1980
261939084577020,90,45,57036,487.904,1980
261939134676562,90,45,57036,487.904,1980
261939184777868,95,53,57036,509.215,1980
261939234877905,95,53,57036,509.215,1980
261939284979046,95,53,57036,528.955,1980
261939335080221,95,53,57036,528.955,1980
261939385178251,95,54,57036,546.642,1980
261939435318628,95,54,57036,546.642,1980
261939485422262,95,54,57036,567.619,1980
261939535534337,95,54,57036,567.619,1980
261939585636119,96,55,57036,589.911,1980
261939635734246,96,55,57036,589.911,1980
261939685832441,96,55,57036,601.396,1980
261939735936103,96,55,57036,601.396,1980
261939786035847,96,54,57036,593.573,1980
261939836133682,96,54,57036,593.573,1980
261939886234054,96,54,57036,587.255,1980
261939937115720,96,54,57036,587.255,1980
261939987715635,73,52,57036,554.175,1980
261940038334037,73,52,57036,554.175,1980
261940089378559,73,52,57036,513.084,1980
261940142899080,73,52,57036,513.084,1980
261940193075889,3,2,57036,481.045,1980
261940244877303,3,2,57036,481.045,1980
261940296399026,3,2,57036,460.15,1980
261940347076931,3,2,57036,460.15,1980
261940397207981,72,37,57036,437.86,1980
261940447340049,72,37,57036,437.86,1980
261940498015382,72,37,57036,419.795,1980
261940548914287,72,37,57036,419.795,1980
261940599351307,83,43,57036,396.877,1980
261940649624385,83,43,57036,396.877,1980
261940699789669,83,43,57036,378.237,1980
261940749892863,83,43,57036,378.237,1980
261940799997735,100,53,57036,362.187,1980
261940850117231,100,53,57036,362.187,1980
261940900251458,100,53,57036,336.139,1980
261940950367560,100,53,57036,336.139,1980
261941000491471,78,41,57036,368.443,1980
261941050596390,78,41,57036,368.443,1980
261941100704788,78,41,57036,417.508,1980
261941150805202,78,41,57036,417.508,1980
261941200907084,98,51,57036,447.608,1980
261941251010736,98,51,57036,447.608,1980
261941301117867,98,51,57036,471.578,1980
261941351219609,98,51,57036,471.578,1980
261941401317445,95,52,57036,493.671,1980
261941451416308,95,52,57036,493.671,1980
261941501520431,95,52,57036,511.537,1980
261941551621150,95,52,57036,511.537,1980
261941601720791,96,56,57036,531.041,1980
261941651819112,96,56,57036,531.041,1980
261941701922711,96,56,57036,549.889,1980
261941752024564,96,56,57036,549.889,1980
261941802128007,95,54,57036,569.002,1980
261941852227908,95,54,57036,569.002,1980
261941902328717,95,54,57036,592.786,1980
261941952433614,95,54,57036,592.786,1980
261942002531858,96,53,57036,594.494,1980
261942052631523,96,53,57036,594.494,1980
261942102728671,96,53,57036,585.67,1980
261942152826441,96,53,57036,585.67,1980
261942203632470,98,57,57036,575.566,1980
261942254445933,98,57,57036,575.566,1980
261942305383746,98,57,57036,532.148,1980
261942356293622,98,57,57036,532.148,1980
261942406496460,2,2,57036,488.876,1980
261942457989125,2,2,57036,488.876,1980
261942508477527,2,2,57036,469.494,1980
261942559963183,2,2,57036,469.494,1980
261942610515274,70,36,57036,449.382,1980
261942661684600,70,36,57036,449.382,1980
261942712423831,70,36,57036,424.164,1980
261942762556907,70,36,57036,424.164,1980
261942813248590,82,42,57036,407.252,1980
261942863434067,82,42,57036,407.252,1980
261942913606020,82,42,57036,385.146,1980
261942963781270,82,42,57036,385.146,1980
261943013914022,100,52,57036,365.265,1980
261943064026529,100,52,57036,365.265,1980
261943114138061,100,52,57036,344.786,1980
261943164272013,100,52,57036,344.786,1980
261943214373467,74,39,57036,343.259,1980
261943264483301,74,39,57036,343.259,1980
261943314598514,74,39,57036,390.899,1980
261943364704837,74,39,57036,390.899,1980
261943414821338,98,50,57036,438.973,1980
261943464920839,98,50,57036,438.973,1980
261943515033826,98,50,57036,466.928,1980
261943565138674,98,50,57036,466.928,1980
261943615238116,95,52,57036,490.09,1980
261943665339005,95,52,57036,490.09,1980
261943715446558,95,52,57036,510.102,1980
261943765569785,95,52,57036,510.102,1980
261943815672774,98,55,57036,533.872,1980
261943865772354,98,55,57036,533.872,1980
261943915874864,98,55,57036,554.728,1980
261943965976030,98,55,57036,554.728,1980
261944016079187,96,55,57036,577.885,1980
261944066178182,96,55,57036,577.885,1980
261944116295036,96,55,57036,597.524,1980
261944166409197,96,55,57036,597.524,1980
261944216515006,97,53,57036,613.205,1980
261944266618660,97,53,57036,613.205,1980
261944316716644,97,53,57036,597.767,1980
261944368661898,97,53,57036,597.767,1980
261944419484222,98,57,57036,581.71,1980
261944470278139,98,57,57036,581.71,1980
261944521278382,98,57,57036,538.451,1980
261944573565578,98,57,57036,538.451,1980
261944623932717,2,2,57036,497.845,1980
261944674517927,2,2,57036,497.845,1980
261944724634415,2,2,57036,469.705,1980
261944775895049,2,2,57036,469.705,1980
261944827317269,71,37,57036,450.095,1980
261944878073097,71,37,57036,450.095,1980
261944929386243,71,37,57036,426.578,1980
261944979505819,71,37,57036,426.578,1980
261945029721207,77,39,57036,402.402,1980
261945080616733,77,39,57036,402.402,1980
261945130800266,77,39,57036,381.387,1980
261945180916911,77,39,57036,381.387,1980
261945231046448,94,48,57036,358.484,1980
261945281191665,94,48,57036,358.484,1980
261945333345237,94,48,57036,342.692,1980
261945383462353,94,48,57036,342.692,1980
261945433572840,91,48,57036,335.386,1980
261945483677436,91,48,57036,335.386,1980
261945533776252,91,48,57036,388.355,1965
261945583878998,91,48,57036,388.355,1965
261945633992435,99,57,57036,436.844,1965
261945684095244,99,57,57036,436.844,1965
261945734214920,99,57,57036,465.385,1965
261945784604621,99,57,57036,488.311,1980
261945834715546,89,53,57036,488.311,1980
261945884825002,89,53,57036,513.101,1980
261945934966127,89,53,57036,513.101,1980
261945985104744,89,53,57036,536.57,1980
261946035281279,97,57,57036,536.57,1980
261946085481182,97,57,57036,556.78,1980
261946135656151,97,57,57036,556.78,1980
261946185799406,94,57,57036,570.146,1980
261946235917416,94,57,57036,570.146,1980
261946286034246,94,57,57036,592.835,1980
261946336139475,94,57,57036,592.835,1980
261946386242809,97,56,57036,617.352,1980
261946436342652,97,56,57036,617.352,1980
261946486445512,97,56,57036,607.989,1980
261946536544699,97,56,57036,607.989,1980
261946586656447,96,57,57036,602.269,1980
261946636761128,96,57,57036,602.269,1980
261946688103474,96,57,57036,598.348,1980
261946738696513,96,57,57036,598.348,1980
261946789671094,80,57,57036,568.615,1980
261946840747646,80,57,57036,568.615,1980
261946891801841,80,57,57036,523.924,1980
261946941928185,80,57,57036,523.924,1980
261946992067891,2,2,57036,489.048,1980
261947043957894,2,2,57036,489.048,1980
261947094116190,2,2,57036,466.093,1980
261947144479033,2,2,57036,466.093,1980
261947195313195,70,36,57036,446.787,1980
261947245446822,70,36,57036,446.787,1980
261947295599143,70,36,57036,423.001,1980
261947345714101,70,36,57036,423.001,1980
261947396216602,79,41,57036,401.108,1980
261947446404557,79,41,57036,401.108,1980
261947496523213,79,41,57036,380.318,1980
261947546624147,79,41,57036,380.318,1980
261947596761050,100,52,57036,359.457,1980
261947646876421,100,52,57036,359.457,1980
261947696999786,100,52,57036,337.034,1980
261947747106776,100,52,57036,337.034,1980
261947797219048,71,37,57036,355.151,1980
261947847335256,71,37,57036,355.151,1980
261947897466114,71,37,57036,405.272,1980
261947947587151,71,37,57036,405.272,1980
261947997695261,98,49,57036,444.094,1980
261948047796450,98,49,57036,444.094,1980
261948097897605,98,49,57036,465.361,1980
261948148008613,98,49,57036,465.361,1980
261948198110952,96,52,57036,489.77,1980
261948248214555,96,52,57036,489.77,1980
261948298313053,96,52,57036,509.837,1980
261948348414477,96,52,57036,509.837,1980
261948398520135,95,55,57036,534.666,1980
261948448619046,95,55,57036,534.666,1980
261948498723749,95,55,57036,551.782,1980
261948548831063,95,55,57036,551.782,1980
261948598954462,96,54,57036,570.271,1980
261948649071165,96,54,57036,570.271,1980
261948699192918,96,54,57036,590.436,1980
261948749300432,96,54,57036,590.436,1980
261948799407022,96,54,57036,599.426,1980
261948849516231,96,54,57036,599.426,1980
261948899623613,96,54,57036,592.799,1980
261948949728948,96,54,57036,592.799,1980
261949000731380,96,65,57036,570.144,1980
261949051747300,96,65,57036,570.144,1980
261949102526237,96,65,57036,529.146,1980
261949153137285,96,65,57036,529.146,1980
261949203290099,2,2,57036,486.364,1980
261949254435670,2,2,57036,486.364,1980
261949304543623,2,2,57036,464.806,1980
261949355318454,2,2,57036,464.806,1980
261949405468180,70,36,57036,443.483,1980
261949455876400,70,36,57036,443.483,1980
261949507091886,70,36,57036,418.43,1980
261949557261850,70,36,57036,418.43,1980
261949607453219,84,43,57036,399.711,1980
261949657596435,84,43,57036,399.711,1980
261949707756672,84,43,57036,381.946,1980
261949757859532,84,43,57036,381.946,1980
261949808012219,100,53,57036,362.367,1980
261949858793472,100,53,57036,362.367,1980
261949908903499,100,53,57036,335.28,1980
261949959008356,100,53,57036,335.28,1980
261950009107921,82,42,57036,363.221,1980
261950059226206,82,42,57036,363.221,1980
261950109336262,82,42,57036,406.38,1980
261950159448483,82,42,57036,406.38,1980
261950209551313,98,50,57036,450.915,1980
261950259653294,98,50,57036,450.915,1980
261950309758503,98,50,57036,468.052,1980
261950359858313,98,50,57036,468.052,1980
261950409958210,95,50,57036,486.768,1980
261950460059357,95,50,57036,486.768,1980
261950510158223,95,50,57036,507.415,1980
261950560258416,95,50,57036,507.415,1980
261950610356129,98,55,57036,524.739,1980
261950660453733,98,55,57036,524.739,1980
261950710561747,98,55,57036,548.554,1980
261950760702920,98,55,57036,548.554,1980
261950810802699,96,54,57036,571.892,1980
261950860910931,96,54,57036,571.892,1980
261950911020541,96,54,57036,595.041,1980
261950961134111,96,54,57036,595.041,1980
261951011232550,97,53,57036,588.272,1980
261951061337032,97,53,57036,588.272,1980
261951111436295,97,53,57036,579.772,1980
261951161540403,97,53,57036,579.772,1980
261951212168841,98,55,57036,571.262,1980
261951263238915,98,55,57036,571.262,1980
261951313901444,98,55,57036,535.496,1980
261951364990619,98,55,57036,535.496,1980
261951416049992,2,2,57036,496.441,1980
261951466181771,2,2,57036,496.441,1980
261951517659443,2,2,57036,476.819,1980
261951567777371,2,2,57036,476.819,1980
261951619071002,70,36,57036,452.076,1980
261951669181232,70,36,57036,452.076,1980
261951720509011,70,36,57036,434.53,1980
261951771333962,70,36,57036,434.53,1980
261951822217368,77,40,57036,410.016,1980
261951872902573,77,40,57036,410.016,1980
261951923140619,77,40,57036,388.133,1980
261951973323378,77,40,57036,388.133,1980
261952023439439,100,52,57036,368.649,1980
261952073655102,100,52,57036,368.649,1980
261952124471763,100,52,57036,346.423,1980
261952174584932,100,52,57036,346.423,1980
261952224699945,80,42,57036,339.193,1980
261952274805077,80,42,57036,339.193,1980
261952324904878,80,42,57036,387.264,1980
261952375032955,80,42,57036,387.264,1980
261952425135945,98,52,57036,429.184,1980
261952475236595,98,52,57036,429.184,1980
261952525338202,98,52,57036,462.052,1980
261952575464457,98,52,57036,462.052,1980
261952625571148,90,49,57036,484.303,1980
261952675668633,90,49,57036,484.303,1980
261952725770653,90,49,57036,504.634,1980
261952775871944,90,49,57036,504.634,1980
261952825984555,96,54,57036,524.014,1980
261952876041717,96,54,57036,524.014,1980
261952926169624,96,54,57036,542.206,1980
261952976289238,96,54,57036,542.206,1980
261953026402205,98,56,57036,562.023,1980
261953076522659,98,56,57036,562.023,1980
261953126631326,98,56,57036,582.615,1980
261953176738810,98,56,57036,582.615,1980
261953226846511,96,55,57036,604.412,1980
261953276954536,96,55,57036,604.412,1980
261953327056322,96,55,57036,597.541,1980
261953377157968,96,55,57036,597.541,1980
261953427257949,96,57,57036,590.857,1980
261953477621558,96,57,57036,590.857,1980
261953528594444,96,57,57036,585.936,1980
261953579465328,96,57,57036,585.936,1980
261953630136368,43,36,57036,543.321,1980
261953689108160,43,36,57036,503.265,1980
261953739241874,43,36,57036,503.265,1980
261953791093333,26,13,57036,475.764,1980
261953841277312,26,13,57036,475.764,1980
261953891411230,26,13,57036,452.019,1980
261953941581299,26,13,57036,452.019,1980
261953991721250,68,35,57036,429.148,1980
261954042379882,68,35,57036,429.148,1980
261954092520847,68,35,57036,410.208,1980
261954142645170,68,35,57036,410.208,1980
261954193128994,94,49,57036,388.229,1980
261954243971798,94,49,57036,388.229,1980
261954294391687,94,49,57036,367.064,1980
261954344512459,94,49,57036,367.064,1980
261954394714651,100,53,57036,351.695,1980
261954444843541,100,53,57036,351.695,1980
261954494958827,100,53,57036,338.771,1980
261954545044562,100,53,57036,338.771,1980
261954595143886,98,50,57036,388.549,1980
261954645254152,98,50,57036,388.549,1980
261954695355196,98,50,57036,431.606,1980
261954745470246,98,50,57036,431.606,1980
261954795581038,90,45,57036,460.96,1980
261954845693030,90,45,57036,460.96,1980
261954895808904,90,45,57036,483.278,1980
261954945920189,90,45,57036,483.278,1980
261954996036698,98,55,57036,510.807,1980
261955046138146,98,55,57036,510.807,1980
261955096240890,98,55,57036,530.054,1980
261955146348950,98,55,57036,530.054,1980
261955196543764,96,55,57036,542.521,1980
261955246651109,96,55,57036,542.521,1980
261955296752986,96,55,57036,565.932,1980
261955346857060,96,55,57036,565.932,1980
261955396959050,96,53,57036,585.532,1980
261955447063468,96,53,57036,585.532,1980
261955497162195,96,53,57036,596.24,1980
261955549564360,96,53,57036,596.24,1980
261955599667874,96,55,57036,585.608,1980
261955649809237,96,55,57036,585.608,1980
261955700832127,96,55,57036,571.378,1980
261955751476890,96,55,57036,571.378,1980
261955802264539,36,32,57036,530.924,1980
261955853206822,36,32,57036,530.924,1980
261955903956320,36,32,57036,489.316,1980
261955954044712,36,32,57036,489.316,1980
261956005393703,30,15,57036,463.37,1980
261956056645796,30,15,57036,463.37,1980
261956107121499,30,15,57036,445.53,1980
261956157252964,30,15,57036,445.53,1980
261956208188166,75,38,57036,425.955,1980
261956258342468,75,38,57036,425.955,1980
261956308850866,75,38,57036,409.406,1980
261956359178503,75,38,57036,409.406,1980
261956409592351,99,52,57036,391.043,1980
261956459832471,99,52,57036,391.043,1980
261956509941249,99,52,57036,368.323,1980
261956560045276,99,52,57036,368.323,1980
261956610157989,100,53,57036,346.75,1980
261956660264250,100,53,57036,346.75,1980
261956710369658,100,53,57036,349.42,1980
261956760476366,100,53,57036,349.42,1980
261956810577610,98,50,57036,395.366,1980
261956860680810,98,50,57036,395.366,1980
261956910785457,98,50,57036,442.549,1980
261956960890627,98,50,57036,442.549,1980
261957010992495,90,47,57036,464.743,1980
261957061093079,90,47,57036,464.743,1980
261957111218039,90,47,57036,486.651,1980
261957161322937,90,47,57036,486.651,1980
261957211423730,97,53,57036,507.803,1980
261957261528022,97,53,57036,507.803,1980
261957311628635,97,53,57036,521.468,1980
261957361732261,97,53,57036,521.468,1980
261957411840128,95,55,57036,541.19,1980
261957461942584,95,55,57036,541.19,1980
261957512069236,95,55,57036,558.031,1980
261957562169587,95,55,57036,558.031,1980
261957612270263,96,54,57036,575.545,1980
261957662369692,96,54,57036,575.545,1980
261957712487719,96,54,57036,580.124,1980
261957762589456,96,54,57036,580.124,1980
261957814290998,95,54,57036,572.728,1980
261957865014015,95,54,57036,572.728,1980
261957915806294,95,54,57036,542.651,1980
261957966841872,95,54,57036,542.651,1980
261958017005463,2,2,57036,500.451,1980
261958068360915,2,2,57036,500.451,1980
261958118495368,2,2,57036,467.518,1980
261958170035398,2,2,57036,467.518,1980
261958220754916,66,33,57036,443.29,1980
261958271933519,66,33,57036,443.29,1980
261958323048917,66,33,57036,426.517,1980
261958373793433,66,33,57036,426.517,1980
261958424383252,80,41,57036,408.113,1980
261958474490625,80,41,57036,408.113,1980
261958524886241,80,41,57036,387.329,1980
261958575356196,80,41,57036,387.329,1980
261958625624689,100,52,57036,372.295,1980
261958675892646,100,52,57036,372.295,1980
261958726011034,100,52,57036,359.641,1980
261958776118048,100,52,57036,359.641,1980
261958826219408,100,53,57036,339.411,1980
261958876328821,100,53,57036,339.411,1980
261958926437248,100,53,57036,369.234,1980
261958976548671,100,53,57036,369.234,1980
261959026652931,98,51,57036,416.31,1980
261959076754769,98,51,57036,416.31,1980
261959126855395,98,51,57036,449.832,1980
261959176962025,98,51,57036,449.832,1980
261959227059848,90,49,57036,472.296,1980
261959277164101,90,49,57036,472.296,1980
261959327263455,90,49,57036,492.873,1980
261959377368918,90,49,57036,492.873,1980
261959427472265,95,54,57036,513.093,1980
261959477576257,95,54,57036,513.093,1980
261959527688498,95,54,57036,532.552,1980
261959577788556,95,54,57036,532.552,1980
261959627889514,96,56,57036,550.558,1980
261959677990611,96,56,57036,550.558,1980
261959728088138,96,56,57036,567.094,1980
261959778196626,96,56,57036,567.094,1980
261959828295472,95,55,57036,590.093,1980
261959878393372,95,55,57036,590.093,1980
261959928492543,95,55,57036,585.402,1980
261959978596369,95,55,57036,585.402,1980
261960028695157,96,53,57036,579.022,1980
261960079457148,96,53,57036,579.022,1980
261960130367172,96,53,57036,559.978,1980
261960180937553,96,53,57036,559.978,1980
261960231927746,8,8,57036,518.755,1980
261960282088447,8,8,57036,518.755,1980
261960332248664,8,8,57036,479.593,1980
261960382382903,8,8,57036,479.593,1980
261960433825231,52,26,57036,460.196,1980
261960484934164,52,26,57036,460.196,1980
261960535041569,52,26,57036,440.381,1980
261960585182683,52,26,57036,440.381,1980
261960635350603,73,38,57036,417.388,1980
261960685516281,73,38,57036,417.388,1980
261960735721413,73,38,57036,400.782,1980
261960786270353,73,38,57036,400.782,1980
261960836807614,91,47,57036,386.958,1980
261960886923602,91,47,57036,386.958,1980
261960937092043,91,47,57036,361.748,1980
261960988096653,91,47,57036,361.748,1980
261961038215192,100,53,57036,339.073,1980
261961088325551,100,53,57036,339.073,1980
261961138430197,100,53,57036,353.013,1980
261961188534223,100,53,57036,353.013,1980
261961238639180,98,49,57036,400.182,1980
261961288760460,98,49,57036,400.182,1980
261961338863645,98,49,57036,447.965,1980
261961388966608,98,49,57036,447.965,1980
261961439074263,91,44,57036,471.078,1980
261961489183441,91,44,57036,471.078,1980
261961539285945,91,44,57036,493.478,1980
261961589387142,91,44,57036,493.478,1980
261961639487367,98,54,57036,513.38,1980
261961689595204,98,54,57036,513.38,1980
261961739697105,98,54,57036,535.728,1980
261961789801867,98,54,57036,535.728,1980
261961839899807,96,53,57036,556.089,1980
261961890007835,96,53,57036,556.089,1980
261961940106059,96,53,57036,572.217,1980
261961990213494,96,53,57036,572.217,1980
261962040315615,97,54,57036,593.281,1980
261962090416531,97,54,57036,593.281,1980
261962140515357,97,54,57036,602.187,1980
261962190619364,97,54,57036,602.187,1980
261962240718652,96,53,57036,596.653,1980
261962290820414,96,53,57036,596.653,1980
261962341833344,96,53,57036,590.853,1980
261962392779817,96,53,57036,590.853,1980
261962443648446,72,51,57036,559.912,1980
261962494610832,72,51,57036,515.61,1980
261962546175692,72,51,57036,515.61,1980
261962597707812,5,2,57036,485.131,1980
261962647888733,5,2,57036,485.131,1980
261962698129196,5,2,57036,465.731,1980
261962749054248,5,2,57036,465.731,1980
261962799579064,72,37,57036,444.352,1980
261962849711390,72,37,57036,444.352,1980
261962899878033,72,37,57036,422.68,1980
261962950637475,72,37,57036,422.68,1980
261963000773857,88,46,57036,404.946,1980
261963051092935,88,46,57036,404.946,1980
261963101458006,88,46,57036,390.066,1980
261963153578094,88,46,57036,390.066,1980
261963203718294,100,53,57036,357.935,1980
261963253836241,100,53,57036,357.935,1980
261963303946074,100,53,57036,361.892,1980
261963354059906,100,53,57036,361.892,1980
261963404166718,97,49,57036,393.856,1980
261963454271729,97,49,57036,393.856,1980
261963504375637,97,49,57036,438.495,1980
261963554477804,97,49,57036,438.495,1980
261963604582678,94,49,57036,464.664,1980
261963654688680,94,49,57036,464.664,1980
261963704788593,94,49,57036,484.99,1980
261963754888417,94,49,57036,484.99,1980
261963804996880,95,53,57036,507.839,1980
261963855258112,95,53,57036,507.839,1980
261963905359900,95,53,57036,521.18,1980
261963955472399,95,53,57036,521.18,1980
261964005572616,96,54,57036,538.393,1980
261964055674787,96,54,57036,538.393,1980
261964105776330,96,54,57036,557.166,1980
261964155875941,96,54,57036,557.166,1980
261964205981329,95,54,57036,583.55,1980
261964256045471,95,54,57036,583.55,1980
261964306159108,95,54,57036,570.189,1980
261964356987429,95,54,57036,570.189,1980
261964407809521,76,54,57036,539.2,1980
261964458629890,76,54,57036,539.2,1980
261964509419556,76,54,57036,499.234,1980
261964559543318,76,54,57036,499.234,1980
261964611125961,2,1,57036,468.721,1980
261964661257740,2,1,57036,468.721,1980
261964711393438,2,1,57036,449.473,1980
261964763161948,2,1,57036,449.473,1980
261964814854808,67,35,57036,425.288,1980
261964866252009,67,35,57036,425.288,1980
261964917545114,67,35,57036,407.21,1980
261964968925047,67,35,57036,407.21,1980
261965020031033,72,38,57036,384.612,1980
261965071078539,72,38,57036,384.612,1980
261965121799514,72,38,57036,372.026,1980
261965172227201,72,38,57036,372.026,1980
261965222355761,93,48,57036,351.081,1980
261965272810579,93,48,57036,351.081,1980
261965323933826,93,48,57036,333.636,1980
261965374040606,93,48,57036,333.636,1980
261965424142916,75,40,57036,354.597,1980
261965474244807,75,40,57036,354.597,1980
261965524345257,75,40,57036,404.423,1980
261965574448383,75,40,57036,404.423,1980
261965624555057,98,49,57036,441.839,1980
261965674654329,98,49,57036,441.839,1980
261965724776960,98,49,57036,468.66,1980
261965774881626,98,49,57036,468.66,1980
261965824980899,98,52,57036,490.334,1980
261965875047651,98,52,57036,490.334,1980
261965926489195,98,52,57036,508.785,1980
261965976872166,98,52,57036,508.785,1980
261966026977552,96,54,57036,532.372,1980
261966077077630,96,54,57036,532.372,1980
261966127177095,96,54,57036,556.683,1980
261966177277832,96,54,57036,556.683,1980
261966227383143,97,52,57036,578.428,1980
261966277484537,97,52,57036,578.428,1980
261966327583144,97,52,57036,599.357,1980
261966377691814,97,52,57036,599.357,1980
261966427788401,98,55,57036,608.691,1980
261966478989656,98,55,57036,608.691,1980
261966529095725,98,55,57036,600.815,1980
261966579199385,98,55,57036,600.815,1980
261966629892913,96,53,57036,595.265,1980
261966680704194,96,53,57036,595.265,1980
261966731680175,96,53,57036,563.975,1980
261966782774770,96,53,57036,563.975,1980
261966832934161,2,2,57036,512.98,1980
261966883628093,2,2,57036,512.98,1980
261966933773747,2,2,57036,484.868,1980
261966984406539,2,2,57036,484.868,1980
261967036026484,70,35,57036,464.626,1980
261967086597329,70,35,57036,464.626,1980
261967138088936,70,35,57036,439.329,1980
261967188937601,70,35,57036,439.329,1980
261967240140712,74,39,57036,416.425,1980
261967290261151,74,39,57036,416.425,1980
261967340388193,74,39,57036,396.886,1980
261967390559634,74,39,57036,396.886,1980
261967440869193,92,47,57036,372.467,1980
261967490982994,92,47,57036,372.467,1980
261967541101633,92,47,57036,351.108,1980
261967591207149,92,47,57036,351.108,1980
261967641307771,100,53,57036,333.805,1980
261967691408854,100,53,57036,333.805,1980
261967741509494,100,53,57036,372.466,1980
261967791615492,100,53,57036,372.466,1980
261967841715346,98,49,57036,418.614,1980
261967891831900,98,49,57036,418.614,1980
261967941930565,98,49,57036,451.537,1980
261967992032766,98,49,57036,451.537,1980
261968042130160,90,47,57036,468.826,1980
261968092227857,90,47,57036,468.826,1980
261968142345332,90,47,57036,496.176,1980
261968192470677,90,47,57036,496.176,1980
261968242610236,97,53,57036,517.303,1980
261968293954692,97,53,57036,517.303,1980
261968344055442,97,53,57036,533.914,1980
261968394159412,97,53,57036,533.914,1980
261968444273190,98,54,57036,557.395,1980
261968494384386,98,54,57036,557.395,1980
261968544489236,98,54,57036,577.666,1980
261968594601906,98,54,57036,577.666,1980
261968644713211,95,54,57036,599.224,1980
261968694814760,95,54,57036,599.224,1980
261968744921297,95,54,57036,594.144,1980
261968795027157,95,54,57036,594.144,1980
261968845126248,97,52,57036,587.458,1980
