t_ns,util_gpu_pct,util_mem_pct,mem_used_mib,power_w,sm_clock_mhz
262926263161683,0,0,962,121.349,1980
262926317802608,1,0,962,126.699,1980
262926368497751,1,0,6852,126.699,1980
262926418693431,1,0,6852,132.381,1980
262926469015110,1,0,6852,132.381,1980
262926519218444,4,0,6852,138.071,1980
262926569600745,4,0,6852,138.071,1980
262926619750779,4,0,6852,144.628,1980
262926669921833,4,0,6852,144.628,1980
262926720100691,11,0,6852,149.61,1980
262926770281558,11,0,6852,149.61,1980
262926820480036,11,0,6852,155.295,1980
262926870680408,11,0,6852,155.295,1980
262926926816804,12,0,6852,160.655,1980
262926977023945,12,0,6852,160.655,1980
262927027235799,12,0,6852,165.23,1980
262927077438599,12,0,6852,165.23,1980
262927127645204,12,0,6852,164.887,1980
262927178864667,12,0,6852,164.887,1980
262927229077742,12,0,6852,164.845,1980
262927279281654,12,0,6852,164.845,1980
262927329524338,15,0,6852,164.972,1980
262927379734030,15,0,6852,164.972,1980
262927429942015,15,0,6852,165.062,1980
262927508726860,15,0,6872,165.062,1980
262927660065444,12,0,6872,164.947,1980
262927813667094,0,0,6872,164.768,1980
262927863869745,0,0,6872,164.768,1980
262927914028094,0,0,6872,164.68,1980
262927964647417,0,0,6872,164.68,1980
262928014816323,0,0,6872,164.601,1980
262928164555689,0,0,6872,164.523,1980
262928323292436,0,0,6872,164.297,1980
262928463571927,0,0,6872,164.231,1980
262928549778783,0,0,6872,164.161,1980
262928615144586,0,0,6872,164.168,1980
262928680528832,0,0,6872,164.168,1980
262928756020089,0,0,6872,164.155,1980
262928826473368,0,0,6872,164.136,1980
262928896897211,0,0,6872,164.136,1980
262929015964044,0,0,6872,164.148,1980
262929446474158,0,0,6872,164.183,1980
262929516915263,0,0,6872,164.154,1980
262929582291665,0,0,6872,164.154,1980
262929657802300,0,0,6872,164.142,1980
262929728235202,0,0,6872,164.154,1980
262929798675373,0,0,6872,164.154,1980
262930257340664,0,0,6872,164.172,1980
262930312695377,0,0,6872,164.152,1980
262930362879231,0,0,6872,164.152,1980
262930413063937,0,0,6872,164.139,1980
262930463255306,0,0,6872,164.139,1980
262930513655736,0,0,6872,164.169,1980
262930563824644,0,0,6872,164.169,1980
262930613997160,0,0,6872,164.179,1980
262930664293540,0,0,6872,164.179,1980
262930714594289,0,0,6872,164.162,1980
262930764760863,0,0,6872,164.162,1980
262930814925725,0,0,6872,164.175,1980
262930865122348,0,0,6872,164.175,1980
262930916754323,0,0,6872,164.181,1980
262930966918451,0,0,6872,164.181,1980
262931017116860,0,0,6872,164.181,1980
262931067744993,0,0,6872,164.181,1980
262931119372398,0,0,6872,164.158,1980
262931169589949,0,0,6872,164.158,1980
262931219838832,0,0,6872,164.158,1980
262931270703640,0,0,6872,164.158,1980
262931335478076,0,0,6872,164.168,1980
262931389718344,0,0,6872,164.168,1980
262931439914751,0,0,6872,164.191,1980
262931490125114,0,0,6872,164.191,1980
262931540338601,0,0,6872,164.177,1980
262931590555426,0,0,6872,164.177,1980
262931948815769,0,0,6872,164.13,1980
262931999276959,0,0,7036,164.13,1980
262932333557288,0,0,7036,164.166,1980
262932383819675,0,0,7520,164.166,1980
262932435192191,0,0,7520,164.166,1980
262932485426045,0,0,7520,164.166,1980
262932541356299,1,0,7520,164.202,1980
262932591527407,1,0,7520,164.202,1980
262932642121985,1,0,7520,164.212,1980
262932692462309,1,0,7520,164.212,1980
262932744373297,0,0,7520,164.208,1980
262932795556832,0,0,7520,164.208,1980
262932845735955,0,0,7520,164.241,1980
262932897348971,0,0,7520,164.241,1980
262932947543704,0,0,7520,164.268,1980
262933001116146,0,0,7520,164.268,1980
262933051344727,0,0,7520,164.247,1980
262933102549126,0,0,7520,164.247,1980
262933152730702,0,0,7520,164.244,1980
262933206469144,0,0,7520,164.244,1980
262933256607796,0,0,7520,164.292,1980
262933306831634,0,0,7520,164.292,1980
262933356999136,0,0,7520,164.298,1980
262933412242367,0,0,7520,164.298,1980
262933462387883,0,0,7520,164.318,1980
262933512526645,0,0,7520,164.293,1980
262933562921813,0,0,7520,164.293,1980
262933613451319,0,0,7520,164.289,1980
262933663949731,0,0,8542,164.289,1980
262933714134458,0,0,10136,164.305,1980
262933764330922,0,0,10136,164.305,1980
262933814505238,0,0,10136,164.289,1980
262933864966455,0,0,10582,164.289,1980
262933915150731,0,0,10582,164.268,1980
262933965322906,0,0,10582,164.268,1980
262934015445235,0,0,10582,164.275,1980
262934065579283,0,0,10582,164.275,1980
262934115746384,0,0,10582,164.286,1980
262934165970420,0,0,10582,164.286,1980
262934216169820,0,0,10582,164.393,1980
262934266404813,0,0,10582,164.393,1980
262934316611222,13,0,10582,164.5,1980
262934366791422,13,0,10582,164.5,1980
262934416967153,13,0,10582,164.589,1980
262934467087711,13,0,10582,164.589,1980
262934517279677,13,0,10582,164.713,1980
262934645064355,13,0,10582,164.782,1980
262934990629137,0,0,10582,164.735,1980
262935327614417,0,0,10116,164.517,1980
262935671479720,0,0,10194,164.2,1980
262935721726620,0,0,10194,164.202,1980
262935771882029,0,0,10194,164.202,1980
262935821999088,0,0,10194,164.195,1980
262935872165279,0,0,10194,164.195,1980
262935922311272,0,0,10194,164.241,1980
262935972465853,0,0,10194,164.241,1980
262936022591705,0,0,10194,164.263,1980
262936072763381,0,0,10194,164.263,1980
262936122948422,0,0,10194,164.204,1980
262936173114254,0,0,10194,164.204,1980
262936223263750,0,0,10194,164.169,1980
262936273387963,0,0,10194,164.169,1980
262936323560819,0,0,10194,164.159,1980
262936373726461,0,0,10194,164.159,1980
262936423875999,0,0,10194,164.135,1980
262936473991965,0,0,10194,164.135,1980
262936524110286,0,0,10194,164.158,1980
262936574221422,0,0,10194,164.158,1980
262936624395223,0,0,10194,164.191,1980
262936674593070,0,0,10194,164.191,1980
262936724727670,0,0,10194,164.197,1980
262936774883950,0,0,10194,164.197,1980
262936825061493,0,0,10194,164.222,1980
262936875196698,0,0,10194,164.222,1980
262936925312102,0,0,10194,164.193,1980
262936975424106,0,0,10194,164.193,1980
262937025579792,0,0,10194,164.183,1980
262937075755236,0,0,10194,164.183,1980
262937125932845,0,0,10194,164.2,1980
262937176066121,0,0,10194,164.2,1980
262937226181112,0,0,10194,164.207,1980
262937276337281,0,0,10194,164.207,1980
262937326509792,0,0,10194,164.238,1980
262937376646423,0,0,10194,164.238,1980
262937426757487,0,0,10194,164.238,1980
262937476910585,0,0,10194,164.238,1980
262937527089827,0,0,10194,164.243,1980
262937577241805,0,0,10194,164.243,1980
262937627363326,0,0,10194,164.254,1980
262937677473764,0,0,10194,164.254,1980
262937727581896,0,0,10194,164.206,1980
262937777743601,0,0,10194,164.206,1980
262937827922781,0,0,10194,164.211,1980
262937878061702,0,0,10194,164.211,1980
262937928181138,0,0,10194,164.229,1980
262937978294863,0,0,10194,164.229,1980
262938028441966,0,0,10194,164.229,1980
262938078618754,0,0,10194,164.229,1980
262938128758555,0,0,10194,164.236,1980
262938178914217,0,0,10194,164.236,1980
262938229070622,0,0,10194,164.235,1980
262938279231559,0,0,10194,164.235,1980
262938344629459,0,0,10194,164.204,1980
262938404914759,0,0,10194,164.204,1980
262938455882305,0,0,10194,164.198,1980
262938506090476,0,0,10194,164.198,1980
262938556296293,0,0,10320,164.191,1980
262938606507579,0,0,10320,164.191,1980
262938656733714,0,0,10612,164.168,1980
262939406458798,0,0,10612,176.894,1980
262939756204129,0,0,10292,165.608,1980
262940109076191,0,0,10350,165.632,1980
262940159334240,0,0,10414,165.609,1980
262940209524753,0,0,10416,165.609,1980
262940259717906,0,0,10470,168.364,1980
262940310122880,0,0,10466,168.364,1980
262940360511187,16,4,10470,170.487,1980
262940410706015,16,4,10430,170.487,1980
262940460847333,16,4,10436,172.128,1980
262940511069827,16,4,10440,172.128,1980
262940561397468,13,3,10480,174.499,1980
262940611588074,13,3,10482,174.499,1980
262940661750663,13,3,10484,176.285,1980
262940711963877,13,3,10488,176.285,1980
262940762215892,14,3,10486,177.401,1980
262940812392684,14,3,10490,177.401,1980
262940862529794,14,3,10468,179.807,1980
262940912646219,14,3,10496,179.807,1980
262940962754352,14,4,10496,181.323,1980
262941012864455,14,4,10500,181.323,1980
262941063007065,14,4,10502,182.679,1980
262941113185897,14,4,10504,182.679,1980
262941163415643,10,3,10504,183.655,1980
262941213555082,10,3,10496,183.655,1980
262941263836029,10,3,10510,181.876,1980
262941314071123,10,3,10502,181.876,1980
262941364268272,10,3,10526,181.297,1980
262941414492231,10,3,10530,181.297,1980
262941464722770,10,3,10534,180.979,1980
262941514881125,10,3,10522,179.71,1980
262941565055138,9,3,10526,179.71,1980
262941615190788,9,3,10530,179.096,1980
262941665333652,9,3,10562,179.096,1980
262942067757764,0,0,10560,174.467,1980
262942458588664,0,0,10416,170.047,1980
262942508744679,0,0,18668,170.047,1980
262942558901093,0,0,18668,169.554,1980
262942609367486,0,0,18668,169.554,1980
262942659531765,0,0,18668,168.132,1980
262942709703035,0,0,18668,168.132,1980
262942759879242,0,0,18668,166.969,1980
262942810078062,0,0,18668,166.969,1980
262942860234486,0,0,18668,166.298,1980
262942910397997,0,0,18668,166.298,1980
262942961749877,0,0,18668,166.363,1980
262943012512272,0,0,18668,166.363,1980
262943062681240,0,0,18668,166.327,1980
262943117111229,0,0,18668,166.324,1980
262943168918995,0,0,18668,166.324,1980
262943219920577,0,0,18668,166.312,1980
262943273663259,0,0,18668,166.312,1980
262943324691708,0,0,18988,174.607,1980
262943374982342,0,0,18988,174.607,1980
262943425233400,0,0,18994,177.917,1980
262943477963366,0,0,19070,177.917,1980
262943528194947,4,2,19070,178.294,1980
262943578397148,4,2,19070,178.294,1980
262943631354423,4,2,19070,180.288,1980
262943681556693,4,2,19070,180.288,1980
262944159078557,0,0,18744,181.814,1980
262944273061171,0,0,18746,181.816,1980
262944323328533,1,0,18860,174.321,1980
262944373514533,1,0,18858,174.321,1980
262944423698196,1,0,18850,173.22,1980
262944473955615,1,0,18806,173.22,1980
262944524094845,16,4,18848,175.707,1980
262944574611982,16,4,18846,175.707,1980
262944624916705,16,4,18846,176.663,1980
262944675190253,16,4,18806,176.663,1980
262944725540967,15,3,18806,175.362,1980
262944775912829,15,3,18838,175.362,1980
262944826254449,15,3,18836,178.597,1980
262944876448098,15,3,18836,178.597,1980
262944926618457,14,3,18834,180.178,1980
262944976837999,14,3,18806,180.178,1980
262945027174909,14,3,18830,181.455,1980
262945077366284,14,3,18806,181.455,1980
262945127684611,13,4,18806,184.174,1980
262945177926559,13,4,18826,184.174,1980
262945228119728,13,4,18806,185.446,1980
262945278401634,13,4,18820,185.446,1980
262945328631035,10,3,18806,185.542,1980
262945378839818,10,3,18806,185.542,1980
262945429072878,10,3,18806,184.326,1980
262945479263723,10,3,18826,184.326,1980
262945529556123,10,3,18826,182.708,1980
262945579692650,10,3,18826,182.708,1980
262945629890059,10,3,18806,181.473,1980
262945680154333,10,3,18806,181.473,1980
262945732268415,12,3,18806,180.656,1980
262945782660062,12,3,18832,180.656,1980
262945832851060,12,3,18836,180.223,1980
262945883067680,12,3,18856,180.223,1980
262945933261891,12,4,18840,180.0,1980
262945983465254,12,4,18844,180.0,1980
262946033664136,12,4,18868,180.479,1980
262946083914061,12,4,18846,180.479,1980
262946134088821,12,5,18852,180.383,1980
262946611508224,0,0,18852,176.833,1980
262946662911866,0,0,18852,176.124,1980
262946715427160,0,0,18852,176.124,1980
262946767326925,0,0,18852,175.389,1980
262946817509227,0,0,18852,172.953,1980
262946867679402,0,0,18852,172.953,1980
262946917873278,0,0,18852,171.529,1980
262946968829999,0,0,18852,171.529,1980
262947019012875,0,0,18852,169.665,1980
262947069187133,0,0,18852,169.665,1980
262947119388998,0,0,18852,167.274,1980
262947169601795,0,0,18852,167.274,1980
262947219823396,0,0,18852,165.735,1980
262947270195831,0,0,18852,165.735,1980
262947320347599,0,0,18852,165.721,1980
262947370573893,0,0,18852,165.721,1980
262947420890710,0,0,18852,165.734,1980
262947475233641,0,0,18852,165.734,1980
262947525456111,0,0,18852,165.712,1980
262947575628499,0,0,18852,165.712,1980
262947627941855,0,0,18852,165.729,1980
262947693283348,0,0,18852,165.729,1980
262948158201283,0,0,18852,165.731,1980
262948208628422,0,0,18852,165.731,1980
262948355881653,0,0,18852,165.733,1980
262948510243248,0,0,18852,165.701,1980
262948563267621,0,0,18852,165.698,1980
262948613387889,0,0,18852,165.698,1980
262948664334189,0,0,18852,165.688,1980
262948715214068,0,0,18852,165.688,1980
262948765954049,1,1,18852,166.235,1980
262948816180451,1,1,18852,166.235,1980
262948866398593,1,1,18954,166.714,1980
262949058071172,1,1,18954,174.366,1980
262949114448163,1,1,18954,174.366,1980
262949167748391,0,0,18954,180.288,1980
262949220177457,0,0,18954,199.866,1980
262949272697731,0,0,18954,199.866,1980
262949325734776,58,26,18954,221.867,1980
262949375908893,58,26,18954,221.867,1980
262949427146885,58,26,18954,240.434,1980
262949479843124,58,26,18954,240.434,1980
262949532512582,58,26,18954,259.659,1980
262949583391516,58,26,18954,259.659,1980
262949635468989,58,26,18954,279.468,1980
262949686386549,58,26,18954,279.468,1980
262949736499902,60,28,18954,295.774,1980
262949786716086,60,28,18954,295.774,1980
262949837069583,60,28,18954,315.443,1980
262949888211681,60,28,18954,315.443,1980
262949938602513,72,36,18954,330.74,1980
262949990233686,72,36,18954,330.74,1980
262950041006982,72,36,18954,352.088,1980
262950091193836,72,36,18954,352.088,1980
262950141943800,83,42,18954,368.802,1980
262950192060466,83,42,18954,368.802,1980
262950242384200,83,42,18956,361.83,1980
262950292538827,83,42,18958,361.83,1980
262950342789721,1,0,19694,339.509,1980
262950392994082,1,0,23916,339.509,1980
262950443144059,1,0,25108,343.79,1980
262950493312712,1,0,25108,343.79,1980
262950543493069,85,43,25108,372.649,1980
262950593675332,85,43,25108,372.649,1980
262950643861967,85,43,25108,399.459,1980
262950694048226,85,43,25108,399.459,1980
262950744179840,98,50,25108,429.248,1980
262950794299320,98,50,25108,429.248,1980
262950844426926,98,50,25108,458.015,1980
262950894564465,98,50,25108,458.015,1980
262950944683689,99,50,25108,482.789,1980
262950994837252,99,50,25108,482.789,1980
262951045045375,99,50,30288,475.726,1980
262951099220122,99,50,35610,475.726,1980
262951149345700,36,16,36866,473.124,1980
262951199464807,36,16,36866,473.124,1980
262951249573848,36,16,42860,495.084,1980
262951299680241,36,16,42860,495.084,1980
262951349790248,90,49,42860,540.515,1980
262951399896175,90,49,42860,540.515,1980
262951450015277,90,49,42860,560.178,1980
262951500119343,90,49,42860,560.178,1980
262951550222728,95,54,42860,559.106,1980
262951600327381,95,54,42860,559.106,1980
262951650427467,95,54,42860,554.279,1980
262951700527530,95,54,42860,554.279,1980
262951750626848,95,53,42860,547.802,1980
262951800728221,95,53,42860,547.802,1980
262951850905617,95,53,42860,546.085,1980
262951901039651,95,53,42860,546.085,1980
262951951167307,94,52,42860,544.15,1980
262952001273457,94,52,42860,544.15,1980
262952051377595,94,52,42860,573.358,1980
262952101477153,94,52,42860,573.358,1980
262952151575433,98,56,42860,594.473,1980
262952201677847,98,56,42860,594.473,1980
262952251778261,98,56,42860,604.477,1980
262952301891231,98,56,42860,604.477,1980
262952351999905,95,54,42860,602.696,1980
262952402109272,95,54,42860,602.696,1980
262952452212127,95,54,42860,603.364,1980
262952502351206,95,54,42860,603.364,1980
262952552510009,97,52,42860,604.244,1980
262952602632978,97,52,42860,604.244,1980
262952652736548,97,52,42860,605.985,1980
262952702837855,97,52,42860,605.985,1980
262952752939507,98,55,42860,606.748,1980
262952803043799,98,55,42860,606.748,1980
262952853185732,98,55,42860,605.249,1980
262952903564012,98,55,42860,605.249,1980
262952953739001,95,54,42860,606.243,1980
262953003907442,95,54,42860,606.243,1980
262953054049860,95,54,42860,610.911,1980
262953104184064,95,54,42862,610.911,1980
262953157537635,74,42,42862,583.419,1980
262953208243704,74,42,42862,583.419,1980
262953259408267,74,42,42862,550.423,1980
262953310175946,74,42,42862,550.423,1980
262953361044654,2,2,42862,499.93,1980
262953417085129,2,2,42862,499.93,1980
262953469421515,2,2,42862,459.749,1980
262953521790468,34,15,42862,430.279,1980
262953574141386,34,15,42862,430.279,1980
262953625651307,34,15,42862,409.584,1980
262953677683636,34,15,42862,409.584,1980
262953727838272,60,27,42862,386.592,1980
262953780439419,60,27,42862,386.592,1980
262953830634226,60,27,42862,355.962,1980
262953881108144,60,27,42862,355.962,1980
262953931539530,63,29,42862,336.547,1980
262953982057551,63,29,42862,336.547,1980
262954034632788,63,29,42862,311.757,1980
262954084788412,63,29,42862,311.757,1980
262954134926843,67,32,42862,312.733,1980
262954185936234,67,32,42862,312.733,1980
262954236055183,67,32,42862,332.333,1980
262954286235669,67,32,42862,332.333,1980
262954336933563,75,39,42862,354.996,1980
262954387169703,75,39,42862,354.996,1980
262954437877095,75,39,42862,378.332,1980
262954503567152,75,39,42862,378.332,1980
262954553693656,87,44,42862,372.982,1980
262954603809637,87,44,44056,372.982,1980
262954653924185,87,44,44056,391.507,1980
262954704048567,87,44,44056,391.507,1980
262954754193848,98,51,44056,422.153,1980
262954804378650,98,51,44056,422.153,1980
262954854515762,98,51,44056,451.086,1980
262954904639211,98,51,44056,451.086,1980
262954954757190,98,50,44056,479.904,1980
262955004879718,98,50,44056,479.904,1980
262955055076962,98,50,44056,508.019,1980
262955105252820,98,50,44056,508.019,1980
262955155389058,98,50,44056,536.15,1980
262955205541925,98,50,50126,536.15,1980
262955255675532,98,50,50126,545.417,1980
262955305788099,98,50,52512,545.417,1980
262955355903249,86,46,54892,570.952,1980
262955406041748,86,46,54892,570.952,1980
262955456160183,86,46,54892,586.74,1980
262955506355803,86,46,54892,586.74,1980
262955556547998,95,54,54892,609.878,1980
262955606679248,95,54,54892,609.878,1980
262955656802885,95,54,54892,624.28,1980
262955706916516,95,54,54892,624.28,1980
262955757081244,95,54,54892,619.001,1980
262955807235089,95,54,54892,619.001,1980
262955857355441,95,54,54892,618.099,1980
262955907520999,95,54,54892,618.099,1980
262955958646584,95,53,54892,614.568,1980
262956008769705,95,53,54892,614.568,1980
262956058931707,95,53,54892,609.859,1980
262956109117524,95,53,54892,609.859,1980
262956159286111,95,52,54892,605.118,1980
262956209489743,95,52,54892,605.118,1980
262956260830485,95,52,54892,612.376,1980
262956310966910,95,52,54892,612.376,1980
262956361074960,98,55,54892,612.757,1980
262956411182223,98,55,54892,612.757,1980
262956461346928,98,55,54892,615.892,1980
262956511501392,98,55,54892,615.892,1980
262956561611954,95,54,54892,619.154,1980
262956611759632,95,54,54892,619.154,1980
262956661920880,95,54,54892,621.752,1980
262956712072184,95,54,54892,621.752,1980
262956762219059,97,53,54892,618.574,1980
262956812341026,97,53,54892,618.574,1980
262956862445774,97,53,54892,614.712,1980
262956912551083,97,53,54892,614.712,1980
262956962695711,98,54,54892,616.903,1980
262957012832607,98,54,54892,616.903,1980
262957062959846,98,54,54892,615.962,1980
262957113064887,98,54,54892,615.962,1980
262957166526625,95,54,54892,616.709,1980
262957216652996,95,54,54892,616.709,1980
262957267415877,95,54,54892,587.562,1980
262957318018660,95,54,54892,587.562,1980
262957368752719,2,2,54892,541.682,1980
262957425230152,2,2,54892,495.821,1980
262957476566695,2,2,54892,495.821,1980
262957529525774,13,6,54892,469.245,1980
262957579690631,13,6,54892,469.245,1980
262957631190245,13,6,54892,443.143,1980
262957683877460,13,6,54892,443.143,1980
262957735214113,57,26,54892,422.454,1980
262957785367007,57,26,54892,422.454,1980
262957837361651,57,26,54892,399.938,1980
262957888863538,57,26,54892,399.938,1980
262957940690709,62,28,54892,373.936,1980
262957993026045,62,28,54892,373.936,1980
262958044768971,62,28,54892,345.924,1980
262958094874125,62,28,54892,345.924,1980
262958145024112,65,31,54892,322.565,1980
262958195176263,65,31,54892,322.565,1980
262958246372933,65,31,54892,321.154,1980
262958296869726,65,31,54892,321.154,1980
262958347018180,77,39,54892,346.321,1980
262958397137084,77,39,54892,346.321,1980
262958447906639,77,39,54892,365.746,1980
262958498625841,77,39,54892,365.746,1980
262958548732370,95,47,54892,367.409,1980
262958598846365,95,47,54894,367.409,1980
262958648966499,95,47,54894,393.341,1980
262958699085672,95,47,54894,393.341,1980
262958749304600,98,49,54894,421.467,1980
262958799411907,98,49,54894,421.467,1980
262958849514886,98,49,54894,449.444,1980
262958899622233,98,49,54894,449.444,1980
262958949824981,98,48,54894,478.593,1980
262958999945547,98,48,54894,478.593,1980
262959050062710,98,48,54894,506.35,1980
262959100189253,98,48,54894,506.35,1980
262959150296253,98,48,54894,528.568,1980
262959200399079,98,48,54894,528.568,1980
262959250499537,98,48,54894,549.164,1980
262959300598430,98,48,54894,549.164,1980
262959350700099,95,51,54894,571.227,1980
262959400799812,95,51,54894,571.227,1980
262959450900236,95,51,54894,586.741,1980
262959501004728,95,51,54894,586.741,1980
262959551127620,96,51,54894,620.907,1980
262959601231472,96,51,54894,620.907,1980
262959676688179,96,51,54894,621.293,1980
262959873474597,95,54,54894,609.64,1980
262959934109658,95,53,54894,603.88,1980
262959987252434,95,53,54894,603.88,1980
262960053399537,95,53,54894,600.197,1980
262960104168318,95,53,54894,600.197,1980
262960154546652,95,53,54894,601.478,1980
262960208263143,95,53,54894,601.478,1980
262960258431120,95,53,54894,601.323,1980
262960308601984,95,53,54894,601.323,1980
262960358730013,95,53,54894,602.047,1980
262960408844386,95,53,54894,602.047,1980
262960459009419,95,53,54894,601.162,1980
262960509143876,95,53,54894,601.162,1980
262960559300549,95,54,54894,601.577,1980
262960609430271,95,54,54894,601.577,1980
262960659585932,95,54,54894,600.166,1980
262960709715278,95,54,54894,600.166,1980
262960759883570,96,53,54894,600.623,1980
262960810032574,96,53,54894,600.623,1980
262960860161097,96,53,54894,602.9,1980
262960910307425,96,53,54894,602.9,1980
262960963509234,94,53,54894,601.163,1980
262961014289922,94,53,54894,601.163,1980
262961065094509,94,53,54894,561.37,1980
262961116236039,94,53,54894,561.37,1980
262961167093721,2,1,54894,521.216,1980
262961217327225,2,1,54894,521.216,1980
262961267591797,2,1,54894,481.184,1980
262961320127552,2,1,54894,481.184,1980
262961372832489,24,11,54894,455.512,1980
262961425929834,24,11,54894,430.16,1980
262961477718984,24,11,54894,430.16,1980
262961528110370,56,26,54894,409.214,1980
262961579884541,56,26,54894,409.214,1980
262961632424539,56,26,54894,381.576,1980
262961683270112,56,26,54894,381.576,1980
262961735034943,59,29,54894,364.428,1980
262961785192504,59,29,54894,364.428,1980
262961836717868,59,29,54894,341.433,1980
262961886846720,59,29,54894,341.433,1980
262961937429304,68,34,54894,320.736,1980
262961988982412,68,34,54894,320.736,1980
262962039110801,68,34,54894,331.724,1980
262962089258727,68,34,54894,331.724,1980
262962139378660,75,40,54894,357.297,1980
262962189496927,75,40,54894,357.297,1980
262962255014956,75,40,54894,377.955,1980
262962313859822,75,40,54894,377.955,1980
262962363982455,81,42,54894,385.474,1980
262962414124765,81,42,54894,385.474,1980
262962464340794,81,42,54894,416.032,1980
262962514495837,81,42,54894,416.032,1980
262962564688005,98,51,54894,445.972,1980
262962614860938,98,51,54894,445.972,1980
262962665075407,98,51,54894,477.779,1980
262962715213793,98,51,54894,477.779,1980
262962765345175,98,50,54894,506.254,1980
262962815494072,98,50,54894,506.254,1980
262962865657654,98,50,54894,533.709,1980
262962915822572,98,50,54894,533.709,1980
262962965958872,85,43,54894,551.075,1980
262963016065736,85,43,54894,551.075,1980
262963066179369,85,43,54894,570.968,1980
262963116353754,85,43,54894,570.968,1980
262963166534374,98,55,54894,597.426,1980
262963216682638,98,55,54894,597.426,1980
262963266802129,98,55,54894,615.09,1980
262963316958202,98,55,54894,615.09,1980
262963367135181,95,54,54894,635.546,1980
262963417354806,95,54,54894,635.546,1980
262963467535497,95,54,54894,630.036,1980
262963517692072,95,54,54894,630.036,1980
262963567828310,94,53,54894,624.326,1980
262963617959436,94,53,54894,624.326,1980
262963668104249,94,53,54894,620.339,1980
262963718279358,94,53,54894,620.339,1980
262963768436724,95,55,54894,616.319,1980
262963818610334,95,55,54894,616.319,1980
262963868805875,95,55,54894,611.09,1980
262963918932780,95,55,54894,611.09,1980
262963969090394,95,53,54894,613.764,1980
262964019255595,95,53,54894,613.764,1980
262964069447270,95,53,54894,610.865,1980
262964119681256,95,53,54894,610.865,1980
262964169904120,95,54,54894,611.248,1980
262964220057173,95,54,54894,611.248,1980
262964270230802,95,54,54894,611.29,1980
262964320379462,95,54,54894,611.29,1980
262964370543676,96,52,54894,612.091,1980
262964420713942,96,52,54894,612.091,1980
262964470871043,96,52,54894,609.957,1980
262964521007775,96,52,54894,609.957,1980
262964571170159,95,54,54894,609.293,1980
262964621308787,95,54,54894,609.293,1980
262964671423351,95,54,54894,610.475,1980
262964723593201,95,54,54894,610.475,1980
262964774698633,95,54,54894,601.645,1980
262964825499384,95,54,54894,559.056,1980
262964876219948,95,54,54894,559.056,1980
262964926933810,2,2,54894,516.479,1980
262964985936904,2,2,54894,516.479,1980
262965037137706,2,2,54894,477.21,1980
262965089632546,2,2,54894,477.21,1980
262965139843438,32,15,54894,454.185,1980
262965192477135,32,15,54894,454.185,1980
262965245193529,32,15,54894,427.382,1980
262965297626540,32,15,54894,427.382,1980
262965349425474,56,26,54894,406.25,1980
262965400841147,56,26,54894,406.25,1980
262965450984018,56,26,54894,382.635,1980
262965503440332,56,26,54894,382.635,1980
262965553659915,59,28,54894,360.275,1980
262965604849333,59,28,54894,360.275,1980
262965655610045,59,28,54894,330.365,1980
262965705785755,59,28,54894,330.365,1980
262965757387568,62,31,54894,315.87,1980
262965807673087,62,31,54894,315.87,1980
262965859778933,62,31,54894,332.484,1980
262965911879020,62,31,54894,332.484,1980
262965962015722,69,35,54894,354.154,1980
262966013797761,69,35,54894,354.154,1980
262966063964718,69,35,54894,376.564,1980
262966115135700,69,35,54894,376.564,1980
262966193517665,73,39,54894,380.951,1980
262966251750807,73,39,54894,371.962,1980
262966301956702,73,39,54894,371.962,1980
262966352123942,22,11,54894,397.625,1980
262966402308229,22,11,54894,397.625,1980
262966452480578,22,11,54894,431.862,1950
262966502668676,22,11,54894,431.862,1950
262966552854709,99,51,54894,461.007,1965
262966603006785,99,51,54894,461.007,1965
262966653146392,99,51,54894,488.659,1965
262966703317826,99,51,54894,488.659,1965
262966753511821,97,51,54894,516.86,1980
262966803662281,97,51,54894,516.86,1980
262966854163958,97,51,54894,544.022,1980
262966904326047,97,51,54894,544.022,1980
262966954512465,90,47,54894,561.017,1980
262967004716900,90,47,54894,561.017,1980
262967054856910,90,47,54894,579.16,1980
262967104997427,90,47,54894,579.16,1980
262967155182186,94,52,54894,599.742,1980
262967205363107,94,52,54894,599.742,1980
262967255576357,94,52,54894,637.05,1980
262967305745943,94,52,54894,637.05,1980
262967355927449,96,56,54894,637.646,1980
262967406080731,96,56,54894,637.646,1980
262967456291502,96,56,54894,629.304,1980
262967506454460,96,56,54894,629.304,1980
262967556661153,94,54,54894,621.804,1980
262967606826132,94,54,54894,621.804,1980
262967657035550,94,54,54894,619.728,1980
262967707276660,94,54,54894,619.728,1980
262967757501379,96,53,54894,617.116,1980
262967807633743,96,53,54894,617.116,1980
262967857741283,96,53,54894,610.736,1980
262967907842937,96,53,54894,610.736,1980
262967957946954,93,53,54894,616.821,1980
262968008094304,93,53,54894,616.821,1980
262968058215217,93,53,54894,614.739,1980
262968108318765,93,53,54894,614.739,1980
262968158420167,96,53,54894,613.355,1980
262968208522914,96,53,54894,613.355,1980
262968258630033,96,53,54894,618.599,1980
262968308786599,96,53,54894,618.599,1980
262968358935939,98,56,54894,617.993,1980
262968409058529,98,56,54894,617.993,1980
262968459186577,98,56,54894,617.132,1980
262968509301842,98,56,54894,617.132,1980
262968559432694,96,55,54894,620.691,1980
262968609552048,96,55,54894,620.691,1980
262968659678277,96,55,54894,620.544,1980
262968709811096,96,55,54894,620.544,1980
262968759927465,95,56,54894,619.016,1980
262968810038390,95,56,54894,619.016,1980
262968860154874,95,56,54894,621.272,1980
262968910262587,95,56,54894,621.272,1980
262968965268140,95,55,54894,616.945,1980
262969016621599,95,55,54894,616.945,1980
262969067551434,95,55,54894,581.454,1980
262969118354418,95,55,54894,581.454,1980
262969169030267,2,1,54894,536.259,1980
262969219205827,2,1,54894,536.259,1980
262969269945268,2,1,54894,490.191,1980
262969322684676,2,1,54894,490.191,1980
262969375089750,22,10,54894,464.26,1980
262969427858727,22,10,54894,443.759,1980
262969478711081,22,10,54894,443.759,1980
262969529441072,55,27,54894,414.821,1980
262969580388153,55,27,54894,414.821,1980
262969630707215,55,27,54894,394.533,1980
262969681517123,55,27,54894,394.533,1980
262969732285707,60,28,54894,365.877,1980
262969784757647,60,28,54894,365.877,1980
262969835097271,60,28,54894,339.933,1980
262969886828836,60,28,54894,339.933,1980
262969938944918,62,31,54894,323.385,1980
262969989275552,62,31,54894,323.385,1980
262970041012564,62,31,54894,334.365,1980
262970092330330,62,31,54894,334.365,1980
262970142511577,69,35,54894,352.508,1980
262970193302546,69,35,54894,352.508,1980
262970243507241,69,35,54894,376.301,1980
262970293697202,69,35,54894,376.301,1980
262970356771680,81,43,54894,383.966,1980
262970406931626,81,43,54894,383.966,1980
262970457061285,81,43,54894,383.75,1980
262970507193461,81,43,54894,383.75,1980
262970557320699,73,38,54894,414.27,1980
262970607437288,73,38,54894,414.27,1980
262970657566836,73,38,54894,441.641,1980
262970707694103,73,38,54894,441.641,1980
262970757815734,98,51,54894,471.316,1980
262970807944269,98,51,54894,471.316,1980
262970858061240,98,51,54894,499.99,1980
262970908173120,98,51,54894,499.99,1980
262970958302356,98,51,54894,531.03,1980
262971008480670,98,51,54894,531.03,1980
262971058602059,98,51,54894,549.767,1980
262971108716323,98,51,54894,549.767,1980
262971158867805,82,45,54894,573.825,1980
262971209010319,82,45,54894,573.825,1980
262971259178221,82,45,54894,599.311,1980
262971309312552,82,45,54894,599.311,1980
262971359472588,98,56,54894,616.437,1980
262971409638186,98,56,54894,616.437,1980
262971459786624,98,56,54894,646.076,1980
262971509942573,98,56,54894,646.076,1980
262971560134807,95,54,54894,639.647,1980
262971610331661,95,54,54894,639.647,1980
262971660530399,95,54,54894,638.306,1980
262971710759953,95,54,54894,638.306,1980
262971760979471,93,55,54894,633.75,1980
262971811188307,93,55,54894,633.75,1980
262971861369699,93,55,54894,624.391,1980
262971911554993,93,55,54894,624.391,1980
262971961692812,94,54,54894,619.765,1980
262972011861356,94,54,54894,619.765,1980
262972062032857,94,54,54894,624.148,1980
262972112164493,94,54,54894,624.148,1980
262972162341732,96,54,54894,621.39,1980
262972212476535,96,54,54894,621.39,1980
262972262689302,96,54,54894,619.212,1980
262972312919827,96,54,54894,619.212,1980
262972363071465,94,54,54894,617.496,1980
262972413271199,94,54,54894,617.496,1980
262972463464409,94,54,54894,618.25,1980
262972513705373,94,54,54894,618.25,1980
262972563859592,96,53,54894,617.177,1980
262972613974435,96,53,54894,617.177,1980
262972664087766,96,53,54894,615.419,1980
262972714284579,96,53,54894,615.419,1980
262972764500997,95,54,54894,615.614,1980
262972814682558,95,54,54894,615.614,1980
262972864883313,95,54,54894,617.01,1980
262972915028660,95,54,54894,617.01,1980
262972965152511,95,53,54894,616.133,1980
262973015319449,95,53,54894,616.133,1980
262973065467430,95,53,54894,615.944,1980
262973120104659,95,53,54894,615.944,1980
262973170232678,98,56,54894,605.859,1980
262973221238264,98,56,54894,605.859,1980
262973271902268,98,56,54894,562.105,1980
262973322808151,98,56,54894,562.105,1980
262973379275081,2,2,54894,519.355,1980
262973431602025,2,2,54894,485.747,1980
262973481888822,2,2,54894,485.747,1980
262973533997820,37,18,54894,457.275,1980
262973586254980,37,18,54894,457.275,1980
262973638954805,37,18,54894,435.151,1980
262973691811525,37,18,54894,435.151,1980
262973742984325,56,27,54894,413.6,1980
262973793141395,56,27,54894,413.6,1980
262973844714176,56,27,54894,385.857,1980
262973894882578,56,27,54894,385.857,1980
262973945812102,61,29,54894,366.149,1980
262973996082463,61,29,54894,366.149,1980
262974046524397,61,29,54894,336.624,1980
262974098630127,61,29,54894,336.624,1980
262974148885477,67,34,54894,325.009,1980
262974200287713,67,34,54894,325.009,1980
262974258558826,67,34,54894,346.476,1980
262974310134296,67,34,54894,346.476,1980
262974360395857,68,36,54894,361.271,1980
262974410614044,68,36,54894,361.271,1980
262974461598396,68,36,54894,380.489,1980
262974512515646,68,36,54894,380.489,1980
262974563316718,88,46,54894,374.634,1980
262974613484208,88,46,54894,374.634,1980
262974663626270,88,46,54894,391.806,1980
262974713795082,88,46,54894,391.806,1980
262974763944308,97,51,54894,425.075,1980
262974814073175,97,51,54894,425.075,1980
262974864198846,97,51,54894,454.081,1980
262974914411031,97,51,54894,454.081,1980
262974964624034,98,51,54894,483.815,1980
262975014787591,98,51,54894,483.815,1980
262975065031232,98,51,54894,511.537,1980
262975115213724,98,51,54894,511.537,1980
262975166311653,98,51,54894,535.768,1980
262975216474334,98,51,54894,535.768,1980
262975266636179,98,51,54894,551.746,1980
262975316790139,98,51,54894,551.746,1980
262975366958425,86,47,54894,570.94,1980
262975417129735,86,47,54894,570.94,1980
262975467312014,86,47,54894,586.077,1980
262975517509396,86,47,54894,586.077,1980
262975567670323,94,53,54894,612.95,1980
262975617878136,94,53,54894,612.95,1980
262975668122548,94,53,54894,628.923,1980
262975718583125,94,53,54894,628.923,1980
262975776811371,98,55,54894,623.684,1980
262975827017330,98,55,54894,623.684,1980
262975877235629,98,55,54894,618.167,1980
262975927461246,98,55,54894,618.167,1980
262975977654073,94,54,54894,611.255,1980
262976027813167,94,54,54894,611.255,1980
262976077986956,94,54,54894,608.173,1980
262976128135179,94,54,54894,608.173,1980
262976178350194,94,55,54894,604.019,1980
262976228506087,94,55,54894,604.019,1980
262976278658288,94,55,54894,614.024,1980
262976328816577,94,55,54894,614.024,1980
262976378951039,95,54,54894,620.671,1980
262976429137361,95,54,54894,620.671,1980
262976479298753,95,54,54894,621.383,1980
262976529456207,95,54,54894,621.383,1980
262976579614329,97,53,54894,625.15,1980
262976629768833,97,53,54894,625.15,1980
262976679923651,97,53,54894,627.371,1980
262976730105916,97,53,54894,627.371,1980
262976780257572,98,55,54894,624.154,1980
262976830406341,98,55,54894,624.305,1980
262976880572102,98,55,54894,624.305,1980
262976930737121,98,55,54894,626.659,1980
262976980863048,95,54,54894,626.659,1980
262977030968001,95,54,54894,629.537,1980
262977081103130,95,54,54894,629.537,1980
262977131238913,96,56,54894,627.549,1980
262977181369239,96,56,54894,627.549,1980
262977235154421,96,56,54894,620.524,1980
262977285845101,96,56,54894,620.524,1980
262977336586529,47,38,54894,579.102,1980
262977387361948,47,38,54894,579.102,1980
262977438354089,47,38,54894,532.225,1980
262977488513769,47,38,54894,532.225,1980
262977539111318,2,2,54894,492.338,1980
262977591612749,2,2,54894,492.338,1980
262977644158007,2,2,54894,464.544,1980
262977696392231,2,2,54894,464.544,1980
262977748586505,55,26,54894,443.854,1980
262977798733516,55,26,54894,443.854,1980
262977848882703,55,26,54894,421.137,1980
262977899883986,55,26,54894,421.137,1980
262977950064715,60,29,54894,390.448,1980
262978001488426,60,29,54894,390.448,1980
262978052061967,60,29,54894,368.247,1980
262978102285791,60,29,54894,368.247,1980
262978154045814,66,32,54894,345.647,1980
262978204181508,66,32,54894,345.647,1980
262978255218905,66,32,54894,322.227,1980
262978305453009,66,32,54894,322.227,1980
262978356253028,74,39,54894,344.009,1980
262978406864310,74,39,54894,344.009,1980
262978457012152,74,39,54894,363.029,1980
262978517600958,74,39,54894,363.029,1980
262978567751932,95,49,54894,378.017,1980
262978617880837,95,49,54894,378.017,1980
262978668014673,95,49,54894,395.414,1980
262978718144088,95,49,54894,395.414,1980
262978768290510,98,49,54894,427.862,1980
262978818465239,98,49,54894,427.862,1980
262978868614449,98,49,54894,454.809,1980
262978918738577,98,49,54894,454.809,1980
262978968852249,98,49,54894,487.014,1980
262979018959298,98,49,54894,487.014,1980
262979069071955,98,49,54894,518.403,1980
262979119198725,98,49,54894,518.403,1980
262979169336606,98,49,54894,543.786,1980
262979220039244,98,49,54894,543.786,1980
262979270241540,98,49,54894,563.332,1980
262979320390786,98,49,54894,563.332,1980
262979370560778,93,47,54894,587.692,1980
262979420731821,93,47,54894,587.692,1980
262979470907778,93,47,54894,614.987,1980
262979521095902,93,47,54894,614.987,1980
262979571256863,98,55,54894,635.953,1980
262979621435491,98,55,54894,635.953,1980
262979671629879,98,55,54894,650.127,1980
262979721787268,98,55,54894,650.127,1980
262979771934338,95,53,54894,646.312,1980
262979822061162,95,53,54894,646.312,1980
262979872254218,95,53,54894,640.944,1980
262979922478771,95,53,54894,640.944,1980
262979972640760,94,53,54894,639.587,1980
262980022806762,94,53,54894,639.587,1980
262980072962254,94,53,54894,634.689,1980
262980123085306,94,53,54894,634.689,1980
262980173211837,95,54,54894,631.417,1980
262980223392864,95,54,54894,631.417,1980
262980273581580,95,54,54894,627.375,1980
262980323728176,95,54,54894,627.375,1980
262980373869108,95,53,54894,633.994,1980
262980424032895,95,53,54894,633.994,1980
262980474194540,95,53,54894,628.093,1980
262980524366970,95,53,54894,628.093,1980
262980574499248,95,53,54894,623.497,1980
262980624652542,95,53,54894,623.497,1980
262980674795152,95,53,54894,635.535,1980
262980724961624,95,53,54894,635.535,1980
262980775091174,97,53,54894,632.158,1965
262980825207827,97,53,54894,632.158,1965
262980875340472,97,53,54894,632.443,1965
262980925490904,97,53,54894,632.443,1965
262980975662096,98,54,54894,627.54,1980
262981030307736,98,54,54894,627.54,1980
262981081180066,98,54,54894,621.024,1980
262981131346247,98,54,54894,621.024,1980
262981182442030,51,40,54894,577.25,1980
262981233249585,51,40,54894,538.435,1980
262981285321052,51,40,54894,538.435,1980
262981337432907,2,2,54894,493.944,1980
262981390650288,2,2,54894,493.944,1980
262981443520830,2,2,54894,472.199,1980
262981496117890,2,2,54894,472.199,1980
262981548517186,56,26,54894,447.01,1980
262981601022187,56,26,54894,447.01,1980
262981653312735,56,26,54894,417.113,1980
262981703473700,56,26,54894,417.113,1980
262981755643751,54,25,54894,390.185,1980
262981805879719,54,25,54894,390.185,1980
262981856073561,54,25,54894,368.269,1980
262981906282156,54,25,54894,368.269,1980
262981957477599,63,30,54894,339.314,1980
262982009362673,63,30,54894,339.314,1980
262982060164702,63,30,54894,321.019,1980
262982110339791,63,30,54894,321.019,1980
262982161293178,71,37,54894,338.792,1980
262982211436819,71,37,54894,338.792,1980
262982261862727,71,37,54894,362.351,1980
262982312098430,71,37,54894,362.351,1980
262982364670687,95,49,54894,384.245,1980
262982414837776,95,49,54894,384.245,1980
262982464965792,95,49,54894,389.228,1980
262982515082683,95,49,54894,389.228,1980
262982565246000,84,44,54894,422.669,1980
262982615393340,84,44,54894,422.669,1980
262982665554310,84,44,54894,452.961,1980
262982715704358,84,44,54894,452.961,1980
262982765848135,98,51,54894,479.557,1980
262982816021368,98,51,54894,479.557,1980
262982866203168,98,51,54894,507.701,1980
262982916354534,98,51,54894,507.701,1980
262982966502515,99,51,54894,535.91,1980
262983016681213,99,51,54894,535.91,1980
262983066814904,99,51,54894,559.794,1980
262983116968357,99,51,54894,559.794,1980
262983167086398,83,46,54894,583.038,1980
262983217235187,83,46,54894,583.038,1980
262983267364192,83,46,54894,601.116,1980
262983317525581,83,46,54894,601.116,1980
262983367685441,95,56,54894,625.803,1980
262983417847587,95,56,54894,625.803,1980
262983467993998,95,56,54894,644.204,1980
262983518161009,95,56,54894,644.204,1980
262983568338272,95,55,54894,639.853,1980
262983618505608,95,55,54894,639.853,1980
262983668665409,95,55,54894,636.969,1980
262983718801898,95,55,54894,636.969,1980
262983768967893,96,54,54894,632.721,1980
262983819161467,96,54,54894,632.721,1980
262983869318080,96,54,54894,628.338,1980
262983919478490,96,54,54894,628.338,1980
262983969645815,95,55,54894,622.244,1980
262984019834339,95,55,54894,622.244,1980
262984070009493,95,55,54894,622.579,1980
262984120176660,95,55,54894,622.579,1980
262984170302826,96,54,54894,621.499,1980
262984220446613,96,54,54894,621.499,1980
262984271869911,96,54,54894,621.621,1980
262984322046151,96,54,54894,621.621,1980
262984372240436,98,56,54894,619.511,1980
262984422419813,98,56,54894,619.511,1980
262984472585782,98,56,54894,619.077,1980
262984522759920,98,56,54894,619.077,1980
262984572918067,94,54,54894,617.783,1980
262984623070101,94,54,54894,617.783,1980
262984673240445,94,54,54894,614.436,1980
262984723383347,94,54,54894,614.436,1980
262984773523631,98,57,54894,613.348,1980
262984823643789,98,57,54894,613.348,1980
262984873758920,98,57,54894,612.735,1980
262984923900122,98,57,54894,612.735,1980
262984974107808,95,55,54894,612.783,1980
262985024289954,95,55,54894,612.783,1980
262985079080917,95,55,54894,615.96,1980
262985129210558,95,55,54894,615.96,1980
262985180127224,96,61,54894,593.536,1980
262985231073301,96,61,54894,593.536,1980
262985282039084,96,61,54894,547.001,1980
262985344428139,2,2,54894,505.371,1980
262985396782346,2,2,54894,505.371,1980
262985446980703,2,2,54894,475.902,1980
262985499078558,2,2,54894,475.902,1980
262985551561499,54,25,54894,448.883,1980
262985604050192,54,25,54894,448.883,1980
262985656925322,54,25,54894,425.559,1980
262985708886717,54,25,54894,425.559,1980
262985760200787,57,27,54894,401.176,1980
262985810348283,57,27,54894,401.176,1980
262985860708870,57,27,54894,384.624,1980
262985910974604,57,27,54894,384.624,1980
262985963226447,59,29,54894,359.17,1980
262986013608150,59,29,54894,359.17,1980
262986063789859,59,29,54894,331.26,1980
262986114569208,59,29,54894,331.26,1980
262986166155886,68,34,54894,332.415,1980
262986217095245,68,34,54894,332.415,1980
262986268455872,68,34,54894,351.297,1980
262986318948687,68,34,54894,351.297,1980
262986369262857,74,40,54894,374.394,1980
262986419619858,74,40,54894,374.394,1980
262986470378618,74,40,54894,386.868,1980
262986520531752,74,40,54894,386.868,1980
262986570659590,64,33,54894,393.975,1980
262986620829290,64,33,54894,393.975,1980
262986671006967,64,33,54894,424.712,1965
262986721175023,64,33,54894,424.712,1965
262986771305181,98,50,54894,452.763,1965
262986821434350,98,50,54894,452.763,1965
262986871604835,98,50,54894,478.327,1965
262986921738720,98,50,54894,478.327,1965
262986971850194,98,49,54894,505.301,1980
262987021996527,98,49,54894,505.301,1980
262987072143246,98,49,54894,530.842,1980
262987122255574,98,49,54894,530.842,1980
262987172400099,87,44,54894,548.919,1980
262987222560852,87,44,54894,548.919,1980
262987272713687,87,44,54894,574.552,1980
262987322832843,87,44,54894,574.552,1980
262987372966549,95,52,54894,592.423,1980
262987423060108,95,52,54894,592.423,1980
262987473199872,95,52,54894,611.081,1980
262987523379021,95,52,54894,611.081,1980
262987573555596,95,54,54894,640.633,1980
262987623702364,95,54,54894,640.633,1980
262987673867280,95,54,54894,634.636,1980
262987724032308,95,54,54894,634.636,1980
262987774170897,95,54,54894,632.474,1980
262987824328146,95,54,54894,632.474,1980
262987874506354,95,54,54894,627.827,1980
262987924684930,95,54,54894,627.827,1980
262987974838941,95,53,54894,622.724,1980
262988024970395,95,53,54894,622.724,1980
262988075174299,95,53,54894,619.127,1980
262988125415833,95,53,54894,619.127,1980
262988175630672,95,53,54894,624.815,1980
262988225778208,95,53,54894,624.815,1980
262988275903965,95,53,54894,624.617,1980
262988326040886,95,53,54894,624.617,1980
262988376171581,95,55,54894,622.925,1980
262988426337676,95,55,54894,622.925,1980
262988476538795,95,55,54894,623.8,1980
262988526688120,95,55,54894,623.8,1980
262988576865229,95,53,54894,618.503,1980
262988627043247,95,53,54894,618.503,1980
262988677245192,95,53,54894,617.717,1980
262988727451279,95,53,54894,617.717,1980
262988777605047,95,52,54894,617.782,1980
262988827730913,95,52,54894,617.782,1980
262988877916295,95,52,54894,619.168,1980
262988928108535,95,52,54894,619.168,1980
262988978288220,96,55,54894,619.142,1980
262989033478022,96,55,54894,619.142,1980
262989084575943,96,55,54894,608.302,1980
262989135570078,96,55,54894,608.302,1980
262989186751693,41,35,54894,564.536,1980
262989237623419,41,35,54894,521.676,1980
262989288201521,41,35,54894,521.676,1980
262989338439683,2,2,54894,485.188,1980
262989390487158,2,2,54894,485.188,1980
262989443140388,2,2,54894,461.533,1980
262989497894620,2,2,54894,461.533,1980
262989549600703,56,26,54894,443.316,1980
262989602660660,56,26,54894,443.316,1980
262989653726432,56,26,54894,416.903,1980
262989704022517,56,26,54894,416.903,1980
262989756803406,57,27,54894,395.019,1980
262989808777108,57,27,54894,395.019,1980
262989861051431,57,27,54894,372.2,1980
262989911855331,57,27,54894,372.2,1980
262989963538384,62,30,54894,350.742,1980
262990015394155,62,30,54894,350.742,1980
262990065585599,62,30,54894,331.461,1980
262990116013777,62,30,54894,331.461,1980
262990168026542,71,36,54894,353.13,1980
262990219425892,71,36,54894,353.13,1980
262990269715995,71,36,54894,371.206,1980
262990319909084,71,36,54894,371.206,1980
262990397370370,77,41,54894,388.898,1980
262990455607063,77,41,54894,381.399,1980
262990505772431,77,41,54894,381.399,1980
262990555939424,33,17,54894,401.872,1980
262990606096018,33,17,54894,401.872,1980
262990656300017,33,17,54894,434.786,1980
262990706456271,33,17,54894,434.786,1980
262990756625332,98,50,54894,463.522,1980
262990806800829,98,50,54894,463.522,1980
262990856999684,98,50,54894,489.541,1980
262990907148434,98,50,54894,489.541,1980
262990957317369,98,50,54894,516.93,1980
262991007501700,98,50,54894,516.93,1980
262991057679056,98,50,54894,543.297,1980
262991107908507,98,50,54894,543.297,1980
262991158090169,84,42,54894,562.712,1980
262991208292140,84,42,54894,562.712,1980
262991258492820,84,42,54894,594.03,1980
262991308680239,84,42,54894,594.03,1980
262991358871693,95,53,54894,610.685,1980
262991409054603,95,53,54894,610.685,1980
262991459234030,95,53,54894,636.366,1980
262991509419674,95,53,54894,636.366,1980
262991559608700,97,52,54894,649.488,1980
262991609816838,97,52,54894,649.488,1980
262991659964500,97,52,54894,642.984,1980
262991710145564,97,52,54894,642.984,1980
262991760300511,98,55,54894,637.268,1980
262991810512029,98,55,54894,637.268,1980
262991860722675,98,55,54894,631.77,1980
262991910861875,98,55,54894,631.77,1980
262991961029684,95,54,54894,628.173,1980
262992011194654,95,54,54894,628.173,1980
262992061395525,95,54,54894,627.187,1980
262992111615077,95,54,54894,627.187,1980
262992161760086,95,55,54894,627.03,1980
262992211942757,95,55,54894,627.03,1980
262992262088891,95,55,54894,617.916,1980
262992312246138,95,55,54894,617.916,1980
262992362457344,95,54,54894,619.805,1980
262992412650478,95,54,54894,619.805,1980
262992462837818,95,54,54894,624.772,1980
262992513029736,95,54,54894,624.772,1980
262992563182251,97,53,54894,624.386,1980
262992613307116,97,53,54894,624.386,1980
262992663479558,97,53,54894,621.933,1980
262992713674376,97,53,54894,621.933,1980
262992763861398,98,54,54894,622.128,1980
262992814020534,98,54,54894,622.128,1980
262992864171794,98,54,54894,624.452,1980
262992914350625,98,54,54894,624.452,1980
262992964528266,95,54,54894,625.561,1980
262993014712355,95,54,54894,625.561,1980
262993064987633,95,54,54894,625.023,1980
262993119873215,95,54,54894,625.023,1980
262993171044604,98,56,54894,607.531,1980
262993222123539,98,56,54894,607.531,1980
262993273075139,98,56,54894,565.323,1980
262993324322429,98,56,54894,565.323,1980
262993374560749,2,2,54894,519.212,1980
262993425817518,2,2,54894,519.212,1980
262993479101840,2,2,54894,485.938,1980
262993531189686,2,2,54894,485.938,1980
262993583107281,48,22,54894,461.276,1980
262993634181635,48,22,54894,461.276,1980
262993684585751,48,22,54894,443.233,1980
262993736866158,48,22,54894,443.233,1980
262993787048044,59,27,54894,418.391,1980
262993837290463,59,27,54894,418.391,1980
262993888826653,59,27,54894,397.526,1980
262993939730737,65,32,54894,373.222,1980
262993991478824,65,32,54894,373.222,1980
262994042583826,65,32,54894,344.768,1980
262994092796180,65,32,54894,344.768,1980
262994143350753,73,37,54894,344.082,1980
262994193611031,73,37,54894,344.082,1980
262994244453778,73,37,54894,366.574,1980
262994295299360,73,37,54894,366.574,1980
262994345489837,93,48,54894,386.948,1980
262994397067461,93,48,54894,386.948,1980
262994447309816,93,48,54894,392.866,1980
262994497517551,93,48,54894,392.866,1980
262994547713498,50,26,54894,422.708,1980
262994597887609,50,26,54894,422.708,1980
262994648136811,50,26,54894,449.84,1980
262994698364973,50,26,54894,449.84,1980
262994748574519,98,52,54894,473.854,1980
262994798742242,98,52,54894,473.854,1980
262994848935217,98,52,54894,500.434,1980
262994899112552,98,52,54894,500.434,1980
262994949255930,99,52,54894,530.799,1980
262994999441371,99,52,54894,530.799,1980
262995049650211,99,52,54894,552.024,1980
262995099820959,99,52,54894,552.024,1980
262995150005002,85,44,54894,575.953,1980
262995200209283,85,44,54894,575.953,1980
262995250364280,85,44,54894,592.705,1980
262995300539110,85,44,54894,592.705,1980
262995350730344,95,55,54894,616.103,1980
262995400920284,95,55,54894,616.103,1980
262995451059758,95,55,54894,640.723,1980
262995501183840,95,55,54894,640.723,1980
262995551301093,97,54,54894,636.131,1980
262995601423630,97,54,54894,636.131,1980
262995651540766,97,54,54894,632.933,1980
262995701655802,97,54,54894,632.933,1980
262995751821787,98,56,54894,627.939,1980
262995802014051,98,56,54894,627.939,1980
262995852177892,98,56,54894,625.136,1980
262995902321123,98,56,54894,625.136,1980
262995952550696,95,55,54894,619.916,1980
262996002741037,95,55,54894,619.916,1980
262996052927150,95,55,54894,616.595,1980
262996103201308,95,55,54894,616.595,1980
262996153400061,98,57,54894,620.57,1980
262996203597812,98,57,54894,620.57,1980
262996253800326,98,57,54894,618.775,1980
262996303939008,98,57,54894,618.775,1980
262996354068904,95,55,54894,619.93,1980
262996404184173,95,55,54894,619.93,1980
262996454377175,95,55,54894,621.677,1980
262996504558127,95,55,54894,621.677,1980
262996554745715,97,58,54894,618.071,1980
262996604913479,97,58,54894,618.071,1980
262996655103445,97,58,54894,619.028,1980
262996705257524,97,58,54894,619.028,1980
262996755424537,95,55,54894,619.389,1980
262996805577551,95,55,54894,619.389,1980
262996855768130,95,55,54894,617.859,1980
262996905924731,95,55,54894,617.859,1980
262996956100249,96,57,54894,619.535,1980
262997006280274,96,57,54894,619.535,1980
262997056447526,96,57,54894,618.481,1980
262997106672465,96,57,54894,618.481,1980
262997161023723,95,55,54894,610.841,1980
262997212214120,95,55,54894,610.841,1980
262997263285343,95,55,54894,569.573,1980
262997313994057,95,55,54894,569.573,1980
262997365218344,2,1,54894,526.276,1980
262997415407303,2,1,54894,526.276,1980
262997468265068,2,1,54894,486.499,1980
262997521016400,2,1,54894,486.499,1980
262997574052667,25,12,54894,462.15,1980
262997626308320,25,12,54894,462.15,1980
262997678151918,25,12,54894,441.08,1980
262997728420917,25,12,54894,441.08,1980
262997780941056,56,27,54894,413.98,1980
262997831924260,56,27,54894,413.98,1980
262997882081912,56,27,54894,393.296,1980
262997933365480,56,27,54894,393.296,1980
262997985112667,58,28,54894,368.574,1980
262998035951559,58,28,54894,368.574,1980
262998086520964,58,28,54894,347.026,1980
262998137469324,58,28,54894,347.026,1980
262998188776177,70,35,54894,326.227,1980
262998240659033,70,35,54894,345.291,1980
262998291793980,70,35,54894,345.291,1980
262998341921770,83,43,54894,369.82,1980
262998392132023,83,43,54894,369.82,1980
262998444732840,83,43,54894,381.944,1980
262998494880424,83,43,54894,381.944,1980
262998545018894,52,27,54894,397.456,1980
262998595141498,52,27,54894,397.456,1980
262998645261588,52,27,54894,426.269,1980
262998695433876,52,27,54894,426.269,1980
262998745576757,97,54,54894,452.707,1980
262998795707888,97,54,54894,452.707,1980
262998845866108,97,54,54894,486.542,1980
262998895999642,97,54,54894,486.542,1980
262998946126060,97,54,54894,512.571,1980
262998996244176,97,54,54894,512.571,1980
262999046366660,97,54,54894,538.37,1980
262999096511218,97,54,54894,538.37,1980
262999146689070,84,46,54894,557.918,1980
262999196837549,84,46,54894,557.918,1980
262999247008480,84,46,54894,577.632,1980
262999297194023,84,46,54894,577.632,1980
262999347360971,98,57,54894,596.699,1980
262999397545003,98,57,54894,596.699,1980
262999447705146,98,57,54894,613.705,1980
262999497844459,98,57,54894,613.705,1980
262999547977256,93,55,54894,630.582,1980
262999598069967,93,55,54894,630.582,1980
262999648203728,93,55,54894,624.071,1980
262999698322872,93,55,54894,624.071,1980
262999748445256,93,55,54894,617.079,1980
262999798564525,93,55,54894,617.079,1980
262999848687138,93,55,54894,612.617,1980
262999898859435,93,55,54894,612.617,1980
262999949010984,93,55,54894,608.945,1980
262999999133053,93,55,54894,608.945,1980
263000049277031,93,55,54894,605.054,1980
263000099426746,93,55,54894,605.054,1980
263000149557375,93,54,54894,601.435,1980
263000199675573,93,54,54894,601.435,1980
263000249842435,93,54,54894,600.089,1980
263000300055715,93,54,54894,600.089,1980
263000350223953,93,55,54894,603.546,1980
263000400372287,93,55,54894,603.546,1980
263000450514991,93,55,54894,602.385,1980
263000500634059,93,55,54894,602.385,1980
263000550748626,95,54,54894,603.266,1980
263000600882723,95,54,54894,603.266,1980
263000651065045,95,54,54894,603.681,1980
263000701207475,95,54,54894,603.681,1980
263000751371869,98,57,54894,605.643,1980
263000801523459,98,57,54894,605.643,1980
263000851662225,98,57,54894,607.297,1980
263000901788388,98,57,54894,607.297,1980
263000954010257,93,55,54894,595.918,1980
263001004693925,93,55,54894,595.918,1980
263001055429792,93,55,54894,553.876,1980
263001106179700,93,55,54894,553.876,1980
263001157126568,2,1,54894,515.432,1980
263001207398109,2,1,54894,515.432,1980
263001257596072,2,1,54894,481.591,1980
263001310320476,2,1,54894,481.591,1980
263001363208680,25,11,54894,459.773,1980
263001413367284,25,11,54894,459.773,1980
263001465108827,25,11,54894,435.979,1980
263001515615023,25,11,54894,435.979,1980
263001567864129,56,27,54894,415.623,1980
263001619696083,56,27,54894,415.623,1980
263001670375313,56,27,54894,394.377,1980
263001721538367,56,27,54894,394.377,1980
263001771678109,65,31,54894,371.226,1980
263001823152513,65,31,54894,371.226,1980
263001874181091,65,31,54894,349.178,1980
263001924317335,65,31,54894,349.178,1980
263001975483687,73,39,54894,332.442,1980
263002026245927,73,39,54894,332.442,1980
263002076499846,73,39,54894,353.176,1980
263002126633986,73,39,54894,353.176,1980
263002188456538,96,49,54894,380.381,1980
263002238569909,96,49,54894,380.381,1980
263002288689195,96,49,54894,389.153,1980
263002338804695,96,49,54894,389.153,1980
263002388921491,45,23,54894,417.994,1980
263002439036573,45,23,54894,417.994,1980
263002494791208,45,23,54894,449.057,1980
263002544947330,98,50,54894,476.601,1980
263002595076198,98,50,54894,476.601,1980
263002645189079,98,50,54894,501.929,1980
263002695298576,98,50,54894,501.929,1980
263002745438151,98,50,54894,529.685,1980
263002795562158,98,50,54894,529.685,1980
263002845684153,98,50,54894,553.142,1965
263002895798026,98,50,54894,553.142,1965
263002945912731,84,43,54894,570.127,1965
263002996041203,84,43,54894,570.127,1965
263003046164804,84,43,54894,590.763,1965
263003096291338,84,43,54894,590.763,1965
263003146443367,97,54,54894,610.799,1980
263003196598317,97,54,54894,610.799,1980
263003246730169,97,54,54894,633.999,1980
263003296875716,97,54,54894,633.999,1980
263003347030009,95,52,54894,630.917,1980
263003397178373,95,52,54894,630.917,1980
263003447362229,95,52,54894,625.526,1980
263003497529904,95,52,54894,625.526,1980
263003547653273,98,55,54894,619.644,1980
263003598874255,98,55,54894,619.644,1980
263003648989065,98,55,54894,615.056,1980
263003699099761,98,55,54894,615.056,1980
263003749237687,93,53,54894,609.476,1980
263003799385851,93,53,54894,609.476,1980
263003849549725,93,53,54894,602.938,1980
263003899768766,93,53,54894,602.938,1980
263003949969276,98,56,54894,607.655,1980
263004000130477,98,56,54894,607.655,1980
263004050296296,98,56,54894,610.941,1980
263004100471539,98,56,54894,610.941,1980
263004150606834,93,53,54894,608.715,1980
263004200736068,93,53,54894,608.715,1980
263004250863154,93,53,54894,611.732,1980
263004300981440,93,53,54894,611.732,1980
263004351092089,93,55,54894,613.183,1980
263004401228362,93,55,54894,613.183,1980
263004451355759,93,55,54894,609.246,1980
263004502601380,93,55,54894,609.246,1980
263004552720525,93,53,54894,612.202,1980
263004602877830,93,53,54894,612.202,1980
263004653029515,93,53,54894,611.373,1980
263004703155225,93,53,54894,611.373,1980
263004753317165,95,53,54894,614.442,1980
263004803462315,95,53,54894,614.442,1980
263004853621551,95,53,54894,613.772,1980
263004903794153,95,53,54894,613.772,1980
263004956954594,93,53,54894,600.695,1980
263005007751162,93,53,54894,600.695,1980
263005058474911,93,53,54894,558.586,1980
263005109583524,93,53,54894,558.586,1980
263005160249268,2,2,54894,516.819,1980
263005210473473,2,2,54894,516.819,1980
263005262669015,2,2,54894,478.689,1980
263005314890622,2,2,54894,478.689,1980
263005365060057,32,14,54894,451.756,1980
263005416477406,32,14,54894,451.756,1980
263005468832673,32,14,54894,435.143,1980
263005521107946,32,14,54894,435.143,1980
263005571250471,56,26,54894,407.123,1980
263005621365706,56,26,54894,407.123,1980
263005673153097,56,26,54894,388.701,1980
263005725066926,56,26,54894,388.701,1980
263005782451000,62,30,54894,362.838,1980
263005834100274,62,30,54894,362.838,1980
263005884247574,62,30,54894,341.448,1980
263005934390351,62,30,54894,341.448,1980
263005984561644,71,37,54894,331.767,1980
263006034693104,71,37,54894,331.767,1980
263006084871401,71,37,54894,356.028,1980
263006135061601,71,37,54894,356.028,1980
263006190648721,98,51,54894,374.133,1980
263006240774435,98,51,54894,374.133,1980
263006290925640,98,51,54894,387.972,1980
263006341051512,98,51,54894,387.972,1980
263006391165838,43,22,54894,419.559,1980
263006441286726,43,22,54894,419.559,1980
263006491415763,43,22,54894,446.876,1980
263006541534961,43,22,54894,446.876,1980
263006591646797,98,50,54894,477.701,1980
263006641766739,98,50,54894,477.701,1980
263006691966662,98,50,54894,503.61,1980
263006742099299,98,50,54894,503.61,1980
263006792214053,98,50,54894,532.882,1980
263006842332162,98,50,54894,532.882,1980
263006892443737,98,50,54894,548.127,1980
263006942568890,98,50,54894,548.127,1980
263006992725136,84,43,54894,565.201,1980
263007042881125,84,43,54894,565.201,1980
263007093014940,84,43,54894,585.187,1980
263007143177267,84,43,54894,585.187,1980
263007193333788,98,56,54894,611.232,1980
263007243478636,98,56,54894,611.232,1980
263007293640135,98,56,54894,637.608,1980
263007343779267,98,56,54894,637.608,1980
263007393946163,93,53,54894,629.031,1980
263007444112977,93,53,54894,629.031,1980
263007494278803,93,53,54894,621.857,1980
263007544421340,93,53,54894,621.857,1980
263007594556424,93,54,54894,617.885,1980
263007644729692,93,54,54894,611.873,1980
263007695170078,93,54,54894,611.873,1980
263007745302827,93,53,54894,602.741,1980
263007795433925,93,53,54894,602.741,1980
263007845548185,93,53,54894,603.918,1980
263007895718104,93,53,54894,603.918,1980
263007946043779,95,52,54894,609.446,1980
263007996182306,95,52,54894,609.446,1980
263008046300370,95,52,54894,611.297,1980
263008096417512,95,52,54894,611.297,1980
263008146589613,98,54,54894,608.688,1980
263008196762510,98,54,54894,608.688,1980
263008246899904,98,54,54894,608.886,1980
263008297052548,98,54,54894,608.886,1980
263008347187852,93,53,54894,610.716,1980
263008397335753,93,53,54894,610.716,1980
263008447515822,93,53,54894,612.903,1980
263008497661943,93,53,54894,612.903,1980
263008547826266,95,55,54894,610.597,1980
263008598051756,95,55,54894,610.597,1980
263008648196893,95,55,54894,611.804,1980
263008698327892,95,55,54894,611.804,1980
263008748457594,93,53,54894,616.359,1980
263008798633377,93,53,54894,616.359,1980
263008848772062,93,53,54894,615.015,1980
263008902120382,93,53,54894,615.015,1980
263008953442982,95,62,54894,579.327,1980
263009004144641,95,62,54894,579.327,1980
263009054925438,95,62,54894,532.968,1980
263009105648716,95,62,54894,532.968,1980
263009161992573,2,2,54894,491.396,1980
263009214693858,2,2,54894,491.396,1980
263009264889289,2,2,54894,469.105,1980
263009318555339,2,2,54894,469.105,1980
263009371302640,53,25,54894,440.815,1980
263009421441769,53,25,54894,440.815,1980
263009473421209,53,25,54894,419.18,1980
263009525822112,53,25,54894,419.18,1980
263009577399867,58,27,54894,393.529,1980
263009627549609,58,27,54894,393.529,1980
263009677703745,58,27,54894,374.245,1980
263009728882330,58,27,54894,374.245,1980
263009780385646,63,30,54894,350.351,1980
263009831611859,63,30,54894,350.351,1980
263009882182183,63,30,54894,328.294,1980
263009932304397,63,30,54894,328.294,1980
263009982446281,73,39,54894,337.887,1980
263010032663742,73,39,54894,337.887,1980
263010082814010,73,39,54894,355.876,1980
263010145322239,73,39,54894,355.876,1980
263010195450462,55,29,54894,372.245,1980
263010245565588,55,29,54894,372.245,1980
263010295694952,55,29,54894,393.6,1980
263010345805399,55,29,54894,393.6,1980
263010395916329,97,50,54894,424.037,1965
263010446028248,97,50,54894,424.037,1965
263010496155765,97,50,54894,453.049,1965
263010546267492,97,50,54894,453.049,1965
263010596378482,97,49,54894,478.977,1980
263010646494530,97,49,54894,478.977,1980
263010696604287,97,49,54894,506.29,1980
263010746729706,97,49,54894,506.29,1980
263010796849035,98,49,54894,536.074,1980
263010847029583,98,49,54894,536.074,1980
263010897203160,98,49,54894,550.095,1980
263010947341339,98,49,54894,550.095,1980
263010997504076,93,50,54894,574.119,1980
263011047643959,93,50,54894,574.119,1980
263011097840135,93,50,54894,598.481,1980
263011147970673,93,50,54894,598.481,1980
263011198086984,98,57,54894,617.98,1980
263011248199403,98,57,54894,617.98,1980
263011298331644,98,57,54894,631.67,1980
263011348468511,98,57,54894,631.67,1980
263011398636685,93,52,54894,623.4,1980
263011448788638,93,52,54894,623.4,1980
263011498912310,93,52,54894,618.138,1980
263011549048349,93,52,54894,618.138,1980
263011599193290,95,54,54894,612.039,1980
263011649354791,95,54,54894,612.039,1980
263011699488565,95,54,54894,607.754,1980
263011749617028,95,54,54894,607.754,1980
263011799755697,93,53,54894,604.638,1980
263011849906162,93,53,54894,604.638,1980
263011900082530,93,53,54894,606.588,1980
263011950218706,93,53,54894,606.588,1980
263012000356449,95,52,54894,602.517,1980
263012050513956,95,52,54894,602.517,1980
263012100647914,95,52,54894,602.779,1980
263012150806371,95,52,54894,602.779,1980
263012200941580,98,55,54894,603.114,1980
263012251107599,98,55,54894,603.114,1980
263012301270319,98,55,54894,603.377,1980
263012351425689,98,55,54894,603.377,1980
263012401602888,93,52,54894,605.697,1980
263012451748988,93,52,54894,605.697,1980
263012501885979,93,52,54894,606.044,1980
263012552046568,93,52,54894,606.044,1980
263012602185494,95,55,54894,607.278,1980
263012652362497,95,55,54894,607.278,1980
263012702523602,95,55,54894,605.585,1980
263012752643266,95,55,54894,605.585,1980
263012802753449,93,52,54894,607.582,1980
263012852989446,93,52,54894,607.582,1980
263012903110270,93,52,54894,605.415,1980
263012954005066,93,52,54894,605.415,1980
263013004898877,1,1,54894,567.038,1980
263013055835257,1,1,54894,567.038,1980
263013117983682,1,1,54894,521.021,1980
263013169085391,18,9,54894,483.17,1980
263013221626309,18,9,54894,483.17,1980
263013271773076,18,9,54894,461.409,1980
263013324446118,18,9,54894,461.409,1980
263013376905794,56,27,54894,435.659,1980
263013427032938,56,27,54894,435.659,1980
263013477930907,56,27,54894,412.555,1980
263013528470903,56,27,54894,412.555,1980
263013578608046,59,28,54894,388.939,1980
263013629647848,59,28,54894,388.939,1980
263013680152651,59,28,54894,373.218,1980
263013732212042,59,28,54894,373.218,1980
263013784589745,65,32,54894,343.257,1980
263013834762820,65,32,54894,343.257,1980
263013884999156,65,32,54894,324.675,1980
263013936691975,65,32,54894,324.675,1980
263013986910875,72,38,54894,342.028,1980
263014037069562,72,38,54894,342.028,1980
263014087192223,72,38,54894,364.408,1980
263014137782325,72,38,54894,364.408,1980
263014206877754,97,51,54894,389.461,1980
263014259022275,97,51,54894,377.061,1980
263014309183993,97,51,54894,377.061,1980
263014359403876,32,16,54894,406.116,1980
263014409534444,32,16,54894,406.116,1980
263014459643653,32,16,54894,437.266,1980
263014509776000,32,16,54894,437.266,1980
263014559886208,97,48,54894,463.396,1980
263014610008333,97,48,54894,463.396,1980
263014660127815,97,48,54894,492.236,1980
263014710243724,97,48,54894,492.236,1980
263014760353865,97,48,54894,522.545,1980
263014810463679,97,48,54894,522.545,1980
263014860625266,97,48,54894,537.092,1980
263014910790393,97,48,54894,537.092,1980
263014960911333,93,50,54894,560.996,1980
263015011024780,93,50,54894,560.996,1980
263015061134036,93,50,54894,578.437,1980
263015111264480,93,50,54894,578.437,1980
263015161387559,93,53,54894,600.122,1980
263015211510444,93,53,54894,600.122,1980
263015262089086,93,53,54894,625.617,1980
263015312212581,93,53,54894,625.617,1980
263015362324531,93,52,54894,632.936,1980
263015412437524,93,52,54894,632.936,1980
263015462549902,93,52,54894,623.926,1980
263015512662311,93,52,54894,623.926,1980
263015562778344,93,52,54894,615.528,1980
263015614127667,93,52,54894,615.528,1980
263015664241643,93,52,54894,606.236,1980
263015714356087,93,52,54894,606.236,1980
263015764465578,95,54,54894,598.963,1980
263015814633914,95,54,54894,598.963,1980
263015866252873,95,54,54894,605.288,1980
263015916412766,95,54,54894,605.288,1980
263015967809334,98,54,54894,605.569,1980
263016017984683,98,54,54894,605.569,1980
263016068160466,98,54,54894,602.261,1980
263016118297782,98,54,54894,602.261,1980
263016168427938,93,52,54894,600.389,1980
263016218544558,93,52,54894,600.389,1980
263016268656806,93,52,54894,604.49,1980
263016318815898,93,52,54894,604.49,1980
263016368961661,95,51,54894,600.178,1980
263016419083550,95,51,54894,600.178,1980
263016469196187,95,51,54894,604.712,1980
263016519374210,95,51,54894,604.712,1980
263016569518112,98,55,54894,607.989,1980
263016619643630,98,55,54894,607.989,1980
263016669763317,98,55,54894,607.322,1980
263016722349203,98,55,54894,607.322,1980
263016772470954,44,36,54894,590.283,1980
263016823419082,44,36,54894,590.283,1980
263016874438074,44,36,54894,547.053,1980
263016925193185,44,36,54894,547.053,1980
263016982619702,2,2,54894,502.326,1980
263017033541747,2,2,54894,502.326,1980
263017086471427,2,2,54894,473.925,1980
263017136693784,2,2,54894,473.925,1980
263017189050101,53,25,54894,450.918,1980
263017241085298,53,25,54894,450.918,1980
263017291247286,53,25,54894,429.935,1980
263017343349025,53,25,54894,429.935,1980
263017395686778,59,28,54894,408.396,1980
263017446010918,59,28,54894,408.396,1980
263017497845534,59,28,54894,378.995,1980
263017548449339,59,28,54894,378.995,1980
263017598611173,68,33,54894,353.657,1980
263017649625196,68,33,54894,353.657,1980
263017700255650,68,33,54894,337.377,1980
263017750398824,68,33,54894,337.377,1980
263017801530864,79,41,54894,334.08,1980
263017852607798,79,41,54894,334.08,1980
263017902734227,79,41,54894,357.805,1980
263017953170022,79,41,54894,357.805,1980
263018005023006,98,51,54894,384.532,1980
263018055133196,98,51,54894,384.532,1980
263018105253853,98,51,54894,384.129,1980
263018155376333,98,51,54894,384.129,1980
263018205578103,98,50,54894,414.059,1980
263018255687538,98,50,54894,414.059,1980
263018305804977,98,50,54894,439.902,1980
263018355916298,98,50,54894,439.902,1980
263018406027937,97,50,54894,468.775,1980
263018456137389,97,50,54894,468.775,1980
263018506247607,97,50,54894,497.375,1980
263018556359322,97,50,54894,497.375,1980
263018606468291,97,50,54894,525.631,1980
263018656579923,97,50,54894,525.631,1980
263018706695580,97,50,54894,539.313,1980
263018756809211,97,50,54894,539.313,1980
263018808255267,93,52,54894,561.93,1980
263018858367320,93,52,54894,578.937,1980
263018908475877,93,52,54894,578.937,1980
263018958582935,93,52,54894,594.56,1980
263019008689109,95,52,54894,594.56,1980
263019058797352,95,52,54894,627.649,1980
263019108901807,95,52,54894,627.649,1980
263019159132817,98,55,54894,624.449,1980
263019209243750,98,55,54894,624.449,1980
263019259354131,98,55,54894,619.909,1980
263019309473913,98,55,54894,619.909,1980
263019359579622,93,53,54894,614.335,1980
263019409698612,93,53,54894,614.335,1980
263019459803679,93,53,54894,606.701,1980
263019511193830,93,53,54894,606.701,1980
263019561303547,93,53,54894,598.124,1980
263019611418844,93,53,54894,598.124,1980
263019661530541,93,53,54894,600.647,1980
263019711636618,93,53,54894,600.647,1980
263019761768321,93,54,54894,602.745,1980
263019811876038,93,54,54894,602.745,1980
263019861980769,93,54,54894,604.042,1980
263019912090973,93,54,54894,604.042,1980
263019962200037,94,53,54894,605.081,1980
263020012307259,94,53,54894,605.081,1980
263020062472194,94,53,54894,605.236,1980
263020112656387,94,53,54894,605.236,1980
263020162825393,93,53,54894,604.081,1980
263020212961395,93,53,54894,604.081,1980
263020263077402,93,53,54894,604.403,1980
263020313232018,93,53,54894,604.403,1980
263020363366344,93,53,54894,600.545,1980
263020413481616,93,53,54894,600.545,1980
263020463630761,93,53,54894,602.484,1980
263020515655302,93,53,54894,602.484,1980
263020566786935,23,23,54894,580.781,1980
263020617426298,23,23,54894,580.781,1980
263020668258243,23,23,54894,539.083,1980
263020718883342,23,23,54894,539.083,1980
263020769022507,2,1,54894,496.958,1980
263020820541581,2,1,54894,496.958,1980
263020870673250,2,1,54894,468.034,1980
263020922928033,2,1,54894,468.034,1980
263020975493022,55,26,54894,447.49,1980
263021028348380,55,26,54894,447.49,1980
263021081247093,55,26,54894,422.73,1980
263021131799055,55,26,54894,422.73,1980
263021182273244,59,28,54894,399.226,1980
263021233852921,59,28,54894,399.226,1980
263021285450980,59,28,54894,378.088,1980
263021336325341,59,28,54894,378.088,1980
263021388110325,71,35,54894,357.677,1980
263021438984413,71,35,54894,357.677,1980
263021489123596,71,35,54894,332.145,1980
263021539365747,71,35,54894,332.145,1980
263021589497434,95,49,54894,341.259,1980
263021639651734,95,49,54894,341.259,1980
263021689788757,95,49,54894,359.065,1980
263021741397299,95,49,54894,359.065,1980
263021791510551,54,28,54894,378.613,1980
263021841625118,54,28,54894,378.613,1980
263021891740771,54,28,54894,405.999,1980
263021941857448,54,28,54894,405.999,1980
263021991966382,97,48,54894,435.449,1965
263022042084415,97,48,54894,435.449,1965
263022092196728,97,48,54894,463.942,1965
263022142304975,97,48,54894,463.942,1965
263022192504435,97,48,54894,487.109,1965
263022242613213,97,48,54894,487.109,1965
263022292739723,97,48,54894,518.942,1980
263022342856512,97,48,54894,518.942,1980
263022392967850,85,42,54894,537.368,1980
263022443084271,85,42,54894,537.368,1980
263022493196513,85,42,54894,562.372,1980
263022543308895,85,42,54894,562.372,1980
263022593422047,93,54,54894,580.641,1980
263022643539938,93,54,54894,580.641,1980
263022693651675,93,54,54894,597.989,1980
263022743767268,93,54,54894,597.989,1980
263022793885051,93,52,54894,635.104,1980
263022844004892,93,52,54894,635.104,1980
263022894115899,93,52,54894,631.968,1980
263022944226501,93,52,54894,631.968,1980
263022994398571,93,53,54894,625.535,1980
263023044545331,93,53,54894,625.535,1980
263023094669028,93,53,54894,618.215,1980
263023144794374,93,53,54894,618.215,1980
263023194904044,93,53,54894,611.24,1980
263023245024803,93,53,54894,611.24,1980
263023295135300,93,53,54894,601.873,1980
263023345283129,93,53,54894,601.873,1980
263023395416358,95,52,54894,604.804,1980
263023445583478,95,52,54894,604.804,1980
263023495744221,95,52,54894,603.628,1980
263023545868993,95,52,54894,603.628,1980
263023595981586,93,52,54894,600.76,1980
263023646134030,93,52,54894,600.76,1980
263023696246241,93,52,54894,600.693,1980
263023746369204,93,52,54894,600.693,1980
263023796479583,95,52,54894,598.525,1980
263023846595920,95,52,54894,598.525,1980
263023896717092,95,52,54894,596.302,1980
263023946829666,95,52,54894,596.302,1980
263023996938970,98,55,54894,597.751,1980
263024047080906,98,55,54894,597.751,1980
263024097216960,98,55,54894,599.862,1980
263024147334960,98,55,54894,599.862,1980
263024197449402,93,52,54894,599.972,1980
263024249552317,93,52,54894,599.972,1980
263024300653449,93,52,54894,582.488,1980
263024351785659,93,52,54894,582.488,1980
263024402465028,63,46,54894,548.726,1980
263024453153229,63,46,54894,548.726,1980
263024505516256,63,46,54894,497.714,1980
263024558285184,63,46,54894,497.714,1980
263024611184435,26,13,54894,469.89,1980
263024661383116,26,13,54894,449.319,1980
263024713812136,26,13,54894,449.319,1980
263024766288258,56,27,54894,427.186,1980
263024816468778,56,27,54894,427.186,1980
263024868668566,56,27,54894,406.954,1980
263024918800434,56,27,54894,406.954,1980
263024969255876,60,29,54894,383.014,1980
263025020585718,60,29,54894,383.014,1980
263025070732306,60,29,54894,354.672,1980
263025122379099,60,29,54894,354.672,1980
263025173900554,71,36,54894,338.901,1980
263025224047223,71,36,54894,338.901,1980
263025274969803,71,36,54894,332.017,1980
263025325137191,71,36,54894,332.017,1980
263025375250923,99,51,54894,352.655,1980
263025425412383,99,51,54894,352.655,1980
263025489834987,99,51,54894,373.694,1980
263025539954568,99,51,54894,373.694,1980
263025590065868,44,23,54894,384.472,1980
263025640179167,44,23,54894,384.472,1980
263025690289545,44,23,54894,414.282,1980
263025740398370,44,23,54894,414.282,1980
263025790573380,98,50,54894,437.296,1980
263025840731335,98,50,54894,437.296,1980
263025890842916,98,50,54894,471.64,1980
263025940952413,98,50,54894,471.64,1980
263025991063309,97,50,54894,498.895,1980
263026041169208,97,50,54894,498.895,1980
263026091276308,97,50,54894,530.925,1980
263026141386396,97,50,54894,530.925,1980
263026191496879,82,44,54894,552.387,1980
263026241607559,82,44,54894,552.387,1980
263026291753403,82,44,54894,571.752,1980
263026341881218,82,44,54894,571.752,1980
263026391993714,93,54,54894,590.031,1980
263026442147496,93,54,54894,590.031,1980
263026492272452,93,54,54894,616.26,1980
263026542437793,93,54,54894,616.26,1980
263026593282714,93,53,54894,639.203,1980
263026643425999,93,53,54894,639.203,1980
263026693546471,93,53,54894,629.782,1980
263026743666572,93,53,54894,629.782,1980
263026793777299,95,52,54894,624.684,1980
263026843900273,95,52,54894,624.684,1980
263026894021699,95,52,54894,619.743,1980
263026944188111,95,52,54894,619.743,1980
263026994327052,98,55,54894,616.291,1980
263027044444777,98,55,54894,616.291,1980
263027094559668,98,55,54894,613.188,1980
263027144673964,98,55,54894,613.188,1980
263027194780639,93,53,54894,613.534,1980
263027244886666,93,53,54894,613.534,1980
263027294994050,93,53,54894,611.247,1980
263027345109804,93,53,54894,611.247,1980
263027395234408,95,54,54894,608.69,1980
263027445378689,95,54,54894,608.69,1980
263027495483735,95,54,54894,605.598,1980
263027545592629,95,54,54894,605.598,1980
263027595716093,93,53,54894,608.726,1980
263027645836638,93,53,54894,608.726,1980
263027695941633,93,53,54894,613.859,1980
263027746053618,93,53,54894,613.859,1980
263027796159552,93,53,54894,614.889,1980
263027846274452,93,53,54894,614.889,1980
263027896458592,93,53,54894,614.436,1980
263027946653890,93,53,54894,614.436,1980
263027996819896,93,54,54894,611.131,1980
263028047029587,93,54,54894,611.131,1980
263028097181150,93,54,54894,610.897,1980
263028147492350,93,54,54894,610.897,1980
263028198546244,43,35,54894,583.51,1980
263028249642941,43,35,54894,583.51,1980
263028300749921,43,35,54894,541.777,1980
263028351750277,43,35,54894,541.777,1980
263028406834964,2,2,54894,502.911,1980
263028460559760,2,2,54894,473.061,1980
263028514229089,2,2,54894,473.061,1980
263028567228471,54,25,54894,444.824,1980
263028620977360,54,25,54894,444.824,1980
263028673895672,54,25,54894,419.139,1980
263028724186167,54,25,54894,419.139,1980
263028776648666,58,27,54894,397.423,1980
263028828327002,58,27,54894,397.423,1980
263028878452856,58,27,54894,371.925,1980
263028929753295,58,27,54894,371.925,1980
263028980068489,74,38,54894,351.081,1980
263029031132173,74,38,54894,351.081,1980
263029081775202,74,38,54894,334.54,1980
263029131945389,74,38,54894,334.54,1980
263029182150425,99,52,54894,336.027,1980
263029232314445,99,52,54894,336.027,1980
263029282433837,99,52,54894,355.901,1980
263029334930684,99,52,54894,355.901,1980
263029385055412,47,24,54894,369.631,1980
263029435177578,47,24,54894,369.631,1980
263029485297357,47,24,54894,405.131,1980
263029535423919,47,24,54894,405.131,1980
263029585542515,97,51,54894,432.595,1980
263029635677501,97,51,54894,432.595,1980
263029685808331,97,51,54894,467.423,1980
263029735931867,97,51,54894,467.423,1980
263029786057435,97,50,54894,493.177,1980
263029836178886,97,50,54894,493.177,1980
263029886300296,97,50,54894,519.72,1980
263029936441011,97,50,54894,519.72,1980
263029986557956,85,43,54894,540.327,1980
263030036677133,85,43,54894,540.327,1980
263030086811514,85,43,54894,560.658,1980
263030136949675,85,43,54894,560.658,1980
263030187083589,98,55,54894,581.244,1980
263030237211635,98,55,54894,581.244,1980
263030288785115,98,55,54894,605.734,1980
263030338931432,98,55,54894,605.734,1980
263030389058882,93,53,54894,637.754,1980
263030439183227,93,53,54894,637.754,1980
263030489301404,93,53,54894,631.03,1980
263030539422514,93,53,54894,631.03,1980
263030589581964,95,53,54894,621.602,1980
263030639737024,95,53,54894,621.602,1980
263030689868144,95,53,54894,614.818,1980
263030740042495,95,53,54894,614.818,1980
263030790220500,93,52,54894,608.489,1980
263030840385622,93,52,54894,608.489,1980
263030890528991,93,52,54894,604.474,1980
263030940654438,93,52,54894,604.474,1980
263030990780196,93,53,54894,607.231,1980
263031040949631,93,53,54894,607.231,1980
263031091098434,93,53,54894,608.7,1980
263031141266688,93,53,54894,608.7,1980
263031191408822,93,54,54894,607.129,1980
263031241564984,93,54,54894,607.129,1980
263031291739883,93,54,54894,604.486,1980
263031341881162,93,54,54894,604.486,1980
263031392008136,93,53,54894,603.399,1980
263031442128335,93,53,54894,603.399,1980
263031492288876,93,53,54894,601.903,1980
263031542427695,93,53,54894,601.903,1980
263031592560174,95,52,54894,603.781,1980
263031642696426,95,52,54894,603.781,1980
263031692829028,95,52,54894,603.709,1980
263031743018116,95,52,54894,603.709,1980
263031793166146,98,55,54894,608.623,1980
263031843337857,98,55,54894,608.623,1980
263031893484768,98,55,54894,607.991,1980
263031947719868,98,55,54894,607.991,1980
263031998486109,55,42,54894,584.538,1980
263032049181813,55,42,54894,584.538,1980
263032100228467,55,42,54894,549.025,1980
263032151347932,55,42,54894,549.025,1980
263032201478981,2,2,54894,498.492,1980
263032251607404,2,2,54894,498.492,1980
263032304547582,2,2,54894,469.543,1980
263032357889017,2,2,54894,469.543,1980
263032411662331,53,25,54894,443.837,1980
263032464230826,53,25,54894,427.412,1980
263032515511060,53,25,54894,427.412,1980
263032567649244,59,28,54894,407.49,1980
263032617799062,59,28,54894,407.49,1980
263032667948825,59,28,54894,383.127,1980
263032719048003,59,28,54894,383.127,1980
263032769360418,72,37,54894,360.35,1980
263032819560634,72,37,54894,360.35,1980
263032869804163,72,37,54894,334.03,1980
263032919952410,72,37,54894,334.03,1980
263032970178096,99,51,54894,332.858,1980
263033020338356,99,51,54894,332.858,1980
263033070517822,99,51,54894,353.536,1980
263033125172478,99,51,54894,353.536,1980
263033175349552,58,30,54894,373.419,1980
263033225491243,58,30,54894,373.419,1980
263033275629211,58,30,54894,411.325,1980
263033325754490,58,30,54894,411.325,1980
263033375877285,97,49,54894,443.451,1980
263033425999428,97,49,54894,443.451,1980
263033476131480,97,49,54894,473.412,1980
263033526254761,97,49,54894,473.412,1980
263033576420883,97,49,54894,500.829,1980
263033626553217,97,49,54894,500.829,1980
263033676679738,97,49,54894,530.859,1980
263033726804149,97,49,54894,530.859,1980
263033776937989,85,42,54894,545.79,1980
263033828289597,85,42,54894,545.79,1980
263033878422415,85,42,54894,570.342,1980
263033928539092,85,42,54894,570.342,1980
263033978660648,93,54,54894,590.49,1980
263034028785398,93,54,54894,590.49,1980
263034078916989,93,54,54894,612.818,1980
263034129073470,93,54,54894,612.818,1980
263034179197450,93,52,54894,640.273,1980
263034229323421,93,52,54894,640.273,1980
263034279445864,93,52,54894,636.844,1980
263034329571401,93,52,54894,636.844,1980
263034379690194,93,52,54894,629.706,1980
263034429837329,93,52,54894,629.706,1980
263034480007947,93,52,54894,631.186,1980
263034530146037,93,52,54894,631.186,1980
263034580269895,93,54,54894,625.014,1980
263034630402251,93,54,54894,625.014,1980
263034680560414,93,54,54894,621.521,1980
263034730729655,93,54,54894,621.521,1980
263034780873702,93,53,54894,620.506,1980
263034830997506,93,53,54894,620.506,1980
263034881176213,93,53,54894,619.166,1980
263034931348790,93,53,54894,619.166,1980
263034981481148,93,53,54894,616.488,1980
263035031630612,93,53,54894,616.488,1980
263035081802661,93,53,54894,619.023,1980
263035131950592,93,53,54894,619.023,1980
263035182087539,93,54,54894,615.05,1980
263035232219146,93,54,54894,615.05,1980
263035282345775,93,54,54894,621.115,1980
263035332463357,93,54,54894,621.115,1980
263035382592724,93,52,54894,619.009,1980
263035432723904,93,52,54894,619.009,1980
263035482852391,93,52,54894,609.895,1980
263035532971733,93,52,54894,609.895,1980
263035583088236,93,52,54894,609.497,1980
263035633216229,93,52,54894,609.497,1980
263035686312439,93,52,54894,596.423,1980
263035736959773,93,52,54894,596.423,1980
263035794676927,1,1,54894,556.808,1980
263035845514075,1,1,54894,556.808,1980
263035896864104,1,1,54894,517.883,1980
263035946999000,1,1,54894,517.883,1980
263035998658965,13,7,54894,478.153,1980
263036051168095,13,7,54894,478.153,1980
263036101328741,13,7,54894,453.838,1980
263036154282439,13,7,54894,453.838,1980
263036206774481,56,27,54894,430.861,1980
263036259695667,56,27,54894,430.861,1980
263036312148022,56,27,54894,400.287,1980
263036364426936,58,27,54894,382.226,1980
263036414584110,58,27,54894,382.226,1980
263036465387813,58,27,54894,357.873,1980
263036515643707,58,27,54894,357.873,1980
263036565793588,68,33,54894,341.766,1980
263036617265399,68,33,54894,341.766,1980
263036668224863,68,33,54894,324.736,1980
263036718572568,68,33,54894,324.736,1980
263036768738377,88,45,54894,343.858,1980
263036819522336,88,45,54894,343.858,1980
263036869645456,88,45,54894,368.046,1980
263036920379818,88,45,54894,368.046,1980
263036971305097,70,37,54894,378.508,1980
263037021440116,70,37,54894,378.508,1980
263037071583018,70,37,54894,396.068,1980
263037121711096,70,37,54894,396.068,1980
263037171837594,72,36,54894,425.93,1980
263037221954808,72,36,54894,425.93,1980
263037272085591,72,36,54894,452.5,1980
263037322211909,72,36,54894,452.5,1980
263037372335693,97,48,54894,481.563,1980
263037422446742,97,48,54894,481.563,1980
263037472557084,97,48,54894,508.037,1980
263037522686200,97,48,54894,508.037,1980
263037572839883,98,48,54894,533.984,1980
263037628675377,98,48,54894,533.984,1980
263037678800803,98,48,54894,553.839,1980
263037728914810,98,48,54894,553.839,1980
263037779080377,93,50,54894,574.729,1980
263037829265546,93,50,54894,574.729,1980
263037879418739,93,50,54894,595.304,1980
263037929577162,93,50,54894,595.304,1980
263037979779380,95,51,54894,619.527,1980
263038029975718,95,51,54894,619.527,1980
263038080133357,95,51,54894,633.276,1980
263038130269104,95,51,54894,633.276,1980
263038180400260,98,53,54894,630.146,1980
263038230556739,98,53,54894,630.146,1980
263038280729843,98,53,54894,622.915,1980
263038330875269,98,53,54894,622.915,1980
263038381049636,93,52,54894,615.39,1980
263038431251415,93,52,54894,615.39,1980
263038481431513,93,52,54894,609.385,1980
263038531620564,93,52,54894,609.385,1980
263038581776645,93,53,54894,607.214,1980
263038631935272,93,53,54894,607.214,1980
263038682102471,93,53,54894,610.781,1980
263038732285384,93,53,54894,610.781,1980
263038782480365,93,52,54894,612.389,1980
263038832662407,93,52,54894,612.389,1980
263038882801926,93,52,54894,613.43,1980
263038932928373,93,52,54894,613.43,1980
263038983057659,93,52,54894,611.671,1980
263039033491041,93,52,54894,611.671,1980
263039083666854,93,52,54894,611.199,1980
263039133849795,93,52,54894,611.199,1980
263039184023842,97,55,54894,607.3,1980
263039234194954,97,55,54894,607.3,1980
263039284377456,97,55,54894,608.584,1980
263039334533464,97,55,54894,608.584,1980
263039384660808,93,51,54894,611.781,1980
263039434782518,93,51,54894,611.781,1980
263039484958008,93,51,54894,613.377,1980
263039535106269,93,51,54894,613.377,1980
263039590098862,91,61,54894,604.557,1980
263039640955342,91,61,54894,604.557,1980
263039691879844,91,61,54894,560.575,1980
263039742952911,91,61,54894,560.575,1980
263039793850520,2,2,54894,516.403,1980
263039844567602,2,2,54894,516.403,1980
263039895106033,2,2,54894,475.994,1980
263039948030127,2,2,54894,475.994,1980
263039998241412,52,24,54894,451.92,1980
263040050479462,52,24,54894,451.92,1980
263040103394175,52,24,54894,429.711,1980
263040154374208,52,24,54894,429.711,1980
263040204550608,57,27,54894,409.728,1980
263040256627254,57,27,54894,409.728,1980
263040307525892,57,27,54894,391.714,1980
263040357738878,57,27,54894,391.714,1980
263040409550853,69,33,54894,363.296,1980
263040459761416,69,33,54894,363.296,1980
263040509952433,69,33,54894,341.813,1980
263040560132795,69,33,54894,341.813,1980
263040610386005,89,46,54894,329.681,1980
263040660567345,89,46,54894,329.681,1980
263040710777228,89,46,54894,354.257,1980
263040761213026,89,46,54894,354.257,1980
263040811348355,100,52,54894,376.785,1980
263040861485014,100,52,54894,376.785,1980
263040911688641,100,52,54894,398.449,1980
263040961881096,100,52,54894,398.449,1980
263041012046477,97,50,54894,428.035,1980
263041062216781,97,50,54894,428.035,1980
263041113651693,97,50,54894,455.981,1980
263041163813309,97,50,54894,483.102,1980
263041213950819,97,50,54894,483.102,1980
263041264064100,97,50,54894,512.948,1980
263041314204318,97,50,54894,512.948,1980
263041364336898,97,50,54894,537.475,1980
263041414490048,97,50,54894,537.475,1980
263041464618693,97,50,54894,559.628,1980
263041514812187,97,50,54894,559.628,1980
263041564976079,93,50,54894,576.327,1980
263041615156059,93,50,54894,576.327,1980
263041665302325,93,50,54894,595.373,1980
263041715471768,93,50,54894,595.373,1980
263041765681775,94,54,54894,611.216,1980
263041815864162,94,54,54894,611.216,1980
263041866042017,94,54,54894,632.028,1980
263041916228531,94,54,54894,632.028,1980
263041966383204,93,53,54894,623.02,1980
263042016517345,93,53,54894,623.02,1980
263042066699393,93,53,54894,613.576,1980
263042117459256,93,53,54894,613.576,1980
263042167599583,95,52,54894,607.871,1980
263042217780013,95,52,54894,607.871,1980
263042268061804,95,52,54894,603.937,1980
263042318275153,95,52,54894,603.937,1980
263042368489081,98,55,54894,599.207,1980
263042418644399,98,55,54894,599.207,1980
263042468796349,98,55,54894,603.202,1980
263042518935448,98,55,54894,603.202,1980
263042569116046,93,53,54894,603.073,1980
263042619278410,93,53,54894,603.073,1980
263042669422320,93,53,54894,605.103,1980
263042719590761,93,53,54894,605.103,1980
263042769756454,95,52,54894,603.703,1980
263042819942171,95,52,54894,603.703,1980
263042870117195,95,52,54894,601.501,1980
263042920270390,95,52,54894,601.501,1980
263042971714214,98,54,54894,605.118,1980
263043021909579,98,54,54894,605.118,1980
263043072092071,98,54,54894,606.597,1980
263043122249028,98,54,54894,606.597,1980
263043172439189,93,52,54894,605.185,1980
263043222640408,93,52,54894,605.185,1980
263043272798762,93,52,54894,601.319,1980
263043322941149,93,52,54894,601.319,1980
263043378185970,93,59,54894,598.237,1980
263043428315576,93,59,54894,598.237,1980
263043479259112,93,59,54894,558.618,1980
263043529887152,93,59,54894,558.618,1980
263043580991201,2,2,54894,511.354,1980
263043631640179,2,2,54894,511.354,1980
263043681835763,2,2,54894,472.488,1980
263043734736489,2,2,54894,472.488,1980
263043784877991,52,25,54894,451.797,1980
263043836733297,52,25,54894,451.797,1980
263043889144683,52,25,54894,427.527,1980
263043939279970,52,25,54894,427.527,1980
263043990226661,56,27,54894,407.921,1980
263044042575876,56,27,54894,407.921,1980
263044093325588,56,27,54894,387.046,1980
263044143511345,56,27,54894,387.046,1980
263044196150700,60,28,54894,367.257,1980
263044247115429,60,28,54894,367.257,1980
263044297366529,60,28,54894,347.029,1980
263044349576775,60,28,54894,347.029,1980
263044400064625,64,32,54894,326.669,1980
263044450252320,64,32,54894,326.669,1980
263044501986942,64,32,54894,340.787,1980
263044552688393,64,32,54894,340.787,1980
263044603654797,76,41,54894,360.725,1980
263044654048560,76,41,54894,360.725,1980
263044704182681,76,41,54894,387.262,1980
263044764991089,76,41,54894,380.498,1980
263044815117288,66,34,54894,380.498,1980
263044865257495,66,34,54894,396.84,1980
263044915385581,66,34,54894,396.84,1980
263044965512312,98,49,54894,421.25,1980
263045015657323,98,49,54894,421.25,1980
263045065790112,98,49,54894,454.734,1980
263045115915766,98,49,54894,454.734,1980
263045166054668,97,49,54894,484.136,1980
263045216180641,97,49,54894,484.136,1980
263045266316420,97,49,54894,508.695,1980
263045316444517,97,49,54894,508.695,1980
263045369516932,98,49,54894,537.054,1980
263045424773544,98,49,54894,537.054,1980
263045474963983,98,49,54894,551.341,1980
263045525062599,98,49,54894,551.341,1980
263045575217699,93,50,54894,572.322,1980
263045625393118,93,50,54894,572.322,1980
263045675553208,93,50,54894,590.793,1980
263045725719836,93,50,54894,590.793,1980
263045775849326,93,54,54894,624.64,1980
263045826038471,93,54,54894,624.64,1980
263045876206776,93,54,54894,636.146,1980
263045926667060,93,54,54894,636.146,1980
263045978082672,93,52,54894,631.639,1980
263046028227263,93,52,54894,631.639,1980
263046078398759,93,52,54894,623.708,1980
263046128535363,93,52,54894,623.708,1980
263046178703284,95,51,54894,615.112,1980
263046228880697,95,51,54894,615.112,1980
263046279020074,95,51,54894,610.835,1980
263046329171658,95,51,54894,610.835,1980
263046379302698,98,54,54894,609.372,1980
263046429461721,98,54,54894,609.372,1980
263046479650935,98,54,54894,615.175,1980
263046529866693,98,54,54894,615.175,1980
263046581479480,93,52,54894,618.334,1980
263046631626372,93,52,54894,618.334,1980
263046681750608,93,52,54894,614.14,1980
263046731867833,93,52,54894,614.14,1980
263046781984334,95,54,54894,612.949,1980
263046832110669,95,54,54894,612.949,1980
263046882265202,95,54,54894,611.083,1980
263046932383383,95,54,54894,611.083,1980
263046982496261,93,52,54894,611.219,1980
263047032638336,93,52,54894,611.219,1980
263047082816359,93,52,54894,613.782,1980
263047132958544,93,52,54894,613.782,1980
263047183090448,93,52,54894,617.288,1980
263047234458859,93,52,54894,617.288,1980
263047284616415,93,52,54894,616.529,1980
263047334765274,93,52,54894,616.529,1980
263047384914819,98,55,54894,613.754,1980
263047435428029,98,55,54894,613.754,1980
263047486533885,98,55,54894,580.397,1980
263047537626079,98,55,54894,580.397,1980
263047588630539,2,2,54894,536.689,1980
263047639309078,2,2,54894,536.689,1980
263047691232855,2,2,54894,494.745,1980
263047744174140,2,2,54894,494.745,1980
263047797139503,46,21,54894,473.134,1980
263047851317625,46,21,54894,473.134,1980
263047901449979,46,21,54894,447.764,1980
263047953669382,46,21,54894,447.764,1980
263048003809080,56,27,54894,422.676,1980
263048054426288,56,27,54894,422.676,1980
263048106039663,56,27,54894,394.608,1980
263048156240766,56,27,54894,394.608,1980
263048207836168,58,28,54894,375.618,1980
263048258454909,58,28,54894,375.618,1980
263048308618298,58,28,54894,352.463,1980
263048359877410,58,28,54894,352.463,1980
263048410017953,69,34,54894,324.276,1980
263048461082728,69,34,54894,324.276,1980
263048511678438,69,34,54894,336.078,1980
263048562501287,69,34,54894,336.078,1980
263048612619996,91,47,54894,358.734,1980
263048662771051,91,47,54894,358.734,1980
263048724193946,91,47,54894,379.83,1980
263048774363894,39,20,54894,372.224,1980
263048824487293,39,20,54894,372.224,1980
263048874628116,39,20,54894,398.782,1980
263048924750991,39,20,54894,398.782,1980
263048974873160,98,50,54894,436.013,1980
263049024994592,98,50,54894,436.013,1980
263049075112985,98,50,54894,464.105,1980
263049125251046,98,50,54894,464.105,1980
263049175370122,98,50,54894,495.067,1980
263049225484851,98,50,54894,495.067,1980
263049275602496,98,50,54894,524.567,1980
263049325717727,98,50,54894,524.567,1980
263049375883619,84,43,54894,545.736,1980
263049426043354,84,43,54894,545.736,1980
263049476168882,84,43,54894,571.797,1980
263049526304514,84,43,54894,571.797,1980
263049576431280,93,52,54894,588.308,1980
263049626555446,93,52,54894,588.308,1980
263049676673908,93,52,54894,608.147,1980
263049726806535,93,52,54894,608.147,1980
263049776934568,95,52,54894,644.36,1980
263049827059083,95,52,54894,644.36,1980
263049877177678,95,52,54894,638.453,1980
263049927292793,95,52,54894,638.453,1980
263049977416148,98,55,54894,632.345,1980
263050027543444,98,55,54894,632.345,1980
263050077659891,98,55,54894,624.977,1980
263050127773064,98,55,54894,624.977,1980
263050177887580,93,53,54894,621.664,1980
263050228136617,93,53,54894,621.664,1980
263050278285560,93,53,54894,617.588,1980
263050328409882,93,53,54894,617.588,1980
263050378533574,94,55,54894,611.534,1980
263050428651268,94,55,54894,611.534,1980
263050480237887,94,55,54894,613.017,1980
263050530358070,94,55,54894,613.017,1980
263050580475646,93,53,54894,614.132,1980
263050630594421,93,53,54894,614.132,1980
263050680716062,93,53,54894,619.849,1980
263050730849822,93,53,54894,619.849,1980
263050780971283,95,52,54894,618.405,1980
263050831113873,95,52,54894,618.405,1980
263050881289533,95,52,54894,614.111,1980
263050931459211,95,52,54894,614.111,1980
263050981621879,93,53,54894,617.041,1980
263051031756371,93,53,54894,617.041,1980
263051081922093,93,53,54894,620.5,1980
263051132060546,93,53,54894,620.5,1980
263051182180620,93,52,54894,617.696,1980
263051232300752,93,52,54894,617.696,1980
263051282419530,93,52,54894,615.64,1980
263051332539488,93,52,54894,615.64,1980
263051382656845,98,55,54894,617.255,1980
263051437019707,98,55,54894,617.255,1980
263051487803953,98,55,54894,585.581,1980
263051538554760,98,55,54894,585.581,1980
263051589554354,2,2,54894,542.447,1980
263051640326890,2,2,54894,542.447,1980
263051690489162,2,2,54894,496.656,1980
263051743148677,2,2,54894,496.656,1980
263051795690382,41,19,54894,472.323,1980
263051848265961,41,19,54894,472.323,1980
263051901037969,41,19,54894,445.304,1980
263051953483559,41,19,54894,445.304,1980
263052003672000,56,27,54894,419.943,1980
263052053880874,56,27,54894,419.943,1980
263052104007803,56,27,54894,395.419,1980
263052156254805,56,27,54894,395.419,1980
263052208898651,59,28,54894,376.373,1980
263052261078862,59,28,54894,376.373,1980
263052313800230,59,28,54894,354.571,1980
263052366268884,59,28,54894,354.571,1980
263052417278239,69,34,54894,326.191,1980
263052468155080,69,34,54894,326.191,1980
263052519455484,69,34,54894,336.284,1980
263052569615101,86,44,54894,354.73,1980
263052620126456,86,44,54894,354.73,1980
263052670267175,86,44,54894,375.312,1980
263052728661733,86,44,54894,375.312,1980
263052778794122,40,21,54894,375.565,1980
263052828938106,40,21,54894,375.565,1980
263052879095099,40,21,54894,403.787,1980
263052929217311,40,21,54894,403.787,1980
263052979398526,97,50,54894,430.111,1980
263053029509233,97,50,54894,430.111,1980
263053079630087,97,50,54894,456.563,1980
263053129776900,97,50,54894,456.563,1980
263053179912644,97,50,54894,485.907,1980
263053230038376,97,50,54894,485.907,1980
263053280184139,97,50,54894,513.646,1980
263053335930661,97,50,54894,513.646,1980
263053386051105,84,42,54894,532.075,1980
263053436168139,84,42,54894,532.075,1980
263053486313433,84,42,54894,550.821,1980
263053536430322,84,42,54894,550.821,1980
263053586562797,93,52,54894,575.121,1980
263053636688223,93,52,54894,575.121,1980
263053686802089,93,52,54894,594.031,1980
263053736916687,93,52,54894,594.031,1980
263053787076800,93,53,54894,631.285,1980
263053837225729,93,53,54894,631.285,1980
263053887344978,93,53,54894,628.192,1980
263053937502541,93,53,54894,628.192,1980
263053987647171,93,54,54894,623.959,1980
263054038447710,93,54,54894,623.959,1980
263054088595819,93,54,54894,623.244,1980
263054138723782,93,54,54894,623.244,1980
263054188839499,93,53,54894,615.121,1980
263054238959114,93,53,54894,615.121,1980
263054289119394,93,53,54894,609.522,1980
263054339270562,93,53,54894,609.522,1980
263054389432357,95,52,54894,612.646,1980
263054439568786,95,52,54894,612.646,1980
263054489687075,95,52,54894,610.995,1980
263054539821954,95,52,54894,610.995,1980
263054589951318,98,55,54894,613.88,1980
263054640084258,98,55,54894,613.88,1980
263054690209317,98,55,54894,613.86,1980
263054740341713,98,55,54894,613.86,1980
263054790470976,93,53,54894,613.853,1980
263054840605570,93,53,54894,613.853,1980
263054890738137,93,53,54894,608.986,1980
263054940871133,93,53,54894,608.986,1980
263054990996875,94,54,54894,608.495,1980
263055041146909,94,54,54894,608.495,1980
263055091274123,94,54,54894,605.313,1980
263055141409805,94,54,54894,605.313,1980
263055191542786,93,53,54894,609.84,1980
263055241676160,93,53,54894,609.84,1980
263055291805369,93,53,54894,613.366,1980
263055344731319,93,53,54894,613.366,1980
263055394860328,76,53,54894,601.538,1980
263055445712253,76,53,54894,601.538,1980
263055496808691,76,53,54894,557.782,1980
263055547873097,76,53,54894,557.782,1980
263055608485871,2,2,54894,515.967,1980
263055659170052,2,2,54894,515.967,1980
263055711756864,2,2,54894,483.149,1980
263055761916690,2,2,54894,483.149,1980
263055814822878,55,26,54894,455.764,1980
263055866359407,55,26,54894,455.764,1980
263055917052657,55,26,54894,437.106,1980
263055967192141,55,26,54894,437.106,1980
263056017390931,59,28,54894,416.143,1980
263056067593351,59,28,54894,416.143,1980
263056119021254,59,28,54894,392.884,1980
263056171030949,59,28,54894,370.777,1980
263056221285418,70,34,54894,370.777,1980
263056271461448,70,34,54894,348.608,1980
263056321928416,70,34,54894,348.608,1980
263056372882220,79,41,54894,334.936,1980
263056423069046,79,41,54894,334.936,1980
263056473475959,79,41,54894,354.403,1980
263056523832075,79,41,54894,354.403,1980
263056591729830,100,52,54894,378.445,1980
263056646079673,100,52,54894,378.445,1980
263056696223457,100,52,54894,386.7,1980
263056746349670,100,52,54894,386.7,1980
263056796489021,41,21,54894,414.105,1980
263056846613834,41,21,54894,414.105,1980
263056896747971,41,21,54894,443.658,1980
263056946892342,41,21,54894,443.658,1980
263056997025131,97,48,54894,471.04,1980
263057047145462,97,48,54894,471.04,1980
263057097270112,97,48,54894,499.702,1980
263057150165342,97,48,54894,499.702,1980
263057200297044,87,43,54894,519.844,1980
263057250474033,87,43,54894,519.844,1980
263057300615057,87,43,54894,545.19,1980
263057350784392,87,43,54894,545.19,1980
263057400955368,93,51,54894,561.474,1980
263057451106096,93,51,54894,561.474,1980
263057501237498,93,51,54894,581.088,1980
263057551429782,93,51,54894,581.088,1980
263057602075309,93,52,54894,596.969,1980
263057652212699,93,52,54894,596.969,1980
263057702344515,93,52,54894,623.448,1980
263057752472464,93,52,54894,623.448,1980
263057802591883,93,52,54894,617.083,1980
263057852728134,93,52,54894,617.083,1980
263057902859450,93,52,54894,610.126,1980
263057952996380,93,52,54894,610.126,1980
263058003144101,93,53,54894,604.83,1980
263058053414265,93,53,54894,604.83,1980
263058103542792,93,53,54894,596.523,1980
263058153670509,93,53,54894,596.523,1980
263058203813113,95,52,54894,593.495,1980
263058253938686,95,52,54894,593.495,1980
263058304067330,95,52,54894,596.312,1980
263058354194313,95,52,54894,596.312,1980
263058404321361,93,52,54894,596.615,1980
263058454444053,93,52,54894,596.615,1980
263058504564877,93,52,54894,595.899,1980
263058554721951,93,52,54894,595.899,1980
263058604915403,93,53,54894,596.276,1980
263058655079777,93,53,54894,596.276,1980
263058705208652,93,53,54894,597.078,1980
263058755338061,93,53,54894,597.078,1980
263058805474085,93,53,54894,596.638,1980
263058855599212,93,53,54894,596.638,1980
263058905722207,93,53,54894,596.258,1980
263058955839617,93,53,54894,596.258,1980
263059008986146,98,54,54894,594.013,1980
263059059116910,98,54,54894,594.013,1980
263059109255014,98,54,54894,563.389,1980
263059160253945,98,54,54894,563.389,1980
263059211147896,2,2,54894,518.223,1980
263059262529902,2,2,54894,518.223,1980
263059314110973,2,2,54894,476.711,1980
263059364247133,2,2,54894,476.711,1980
263059416031699,46,22,54894,456.886,1980
263059466201491,46,22,54894,456.886,1980
263059517980806,46,22,54894,436.726,1980
263059570879634,46,22,54894,436.726,1980
263059622398978,56,27,54894,416.121,1980
263059672570050,56,27,54894,416.121,1980
263059722765052,56,27,54894,390.568,1980
263059773521267,60,29,54894,375.83,1980
263059825696938,60,29,54894,375.83,1980
263059876614207,60,29,54894,351.097,1980
263059927264469,60,29,54894,351.097,1980
263059977863860,69,34,54894,329.887,1980
263060028507802,69,34,54894,329.887,1980
263060078828554,69,34,54894,338.776,1980
263060129649514,69,34,54894,338.776,1980
263060180548550,79,41,54894,360.121,1980
263060231184051,79,41,54894,360.121,1980
263060281324571,79,41,54894,387.85,1980
263060339092502,79,41,54894,387.85,1980
263060389207843,44,23,54894,377.373,1980
263060439326117,44,23,54894,377.373,1980
263060489440774,44,23,54894,402.563,1980
263060539550494,44,23,54894,402.563,1980
263060589662249,98,50,54894,431.723,1980
263060639770612,98,50,54894,431.723,1980
263060689884062,98,50,54894,459.216,1980
263060739993197,98,50,54894,459.216,1980
263060790125697,97,50,54894,485.218,1980
263060840246801,97,50,54894,485.218,1980
263060890366088,97,50,54894,511.905,1980
263060940551623,97,50,54894,511.905,1980
263060990706960,85,43,54894,529.913,1980
263061040847193,85,43,54894,529.913,1980
263061090962829,85,43,54894,551.872,1980
263061141075824,85,43,54894,551.872,1980
263061191189196,93,54,54894,575.187,1980
263061241305080,93,54,54894,575.187,1980
263061291429321,93,54,54894,591.641,1980
263061341544315,93,54,54894,591.641,1980
263061391656250,93,53,54894,628.243,1980
263061441786373,93,53,54894,628.243,1980
263061491914765,93,53,54894,630.879,1980
263061542050087,93,53,54894,630.879,1980
263061592174737,93,53,54894,625.54,1980
263061642315973,93,53,54894,625.54,1980
263061692447839,93,53,54894,619.564,1980
263061742587283,93,53,54894,619.564,1980
263061792708280,93,54,54894,614.541,1980
263061842829002,93,54,54894,614.541,1980
263061892961483,93,54,54894,606.104,1980
263061943093339,93,54,54894,606.104,1980
263061993230421,95,53,54894,610.065,1980
263062043406839,95,53,54894,610.065,1980
263062093567575,95,53,54894,609.293,1980
263062143700373,95,53,54894,609.293,1980
263062193829049,93,53,54894,608.233,1980
263062243963394,93,53,54894,608.233,1980
263062294130918,93,53,54894,610.401,1980
263062344329445,93,53,54894,610.401,1980
263062394523907,95,52,54894,610.59,1980
263062445254409,95,52,54894,610.59,1980
263062495414578,95,52,54894,605.842,1980
263062545567729,95,52,54894,605.842,1980
263062595709722,98,55,54894,607.468,1980
263062645833228,98,55,54894,607.468,1980
263062695956508,98,55,54894,608.696,1980
263062746050999,98,55,54894,608.696,1980
263062796163441,93,53,54894,607.998,1980
263062850868453,93,53,54894,607.998,1980
263062901955324,93,53,54894,592.687,1980
263062952945016,93,53,54894,592.687,1980
263063003846651,2,1,54894,548.817,1980
263063054987558,2,1,54894,548.817,1980
263063107136578,2,1,54894,507.929,1980
263063159048179,2,1,54894,507.929,1980
263063211642514,25,12,54894,475.114,1980
263063261859067,25,12,54894,475.114,1980
263063314936770,25,12,54894,448.793,1980
263063365064340,25,12,54894,448.793,1980
263063417770124,54,26,54894,430.582,1980
263063470882646,54,26,54894,430.582,1980
263063523396751,54,26,54894,405.119,1980
263063573511486,54,26,54894,405.119,1980
263063626215449,57,27,54894,380.278,1980
263063676925104,57,27,54894,355.097,1980
263063729016034,57,27,54894,355.097,1980
263063782073951,64,32,54894,337.079,1980
263063833556730,64,32,54894,337.079,1980
263063883730939,64,32,54894,327.136,1980
263063934728495,64,32,54894,327.136,1980
263063985192558,79,41,54894,351.82,1980
263064035914427,79,41,54894,351.82,1980
263064086027749,79,41,54894,375.084,1980
263064166633328,79,41,54894,375.084,1980
263064216775316,81,43,54894,380.461,1980
263064266893566,81,43,54894,380.461,1980
263064317014212,81,43,54894,388.854,1980
263064367121031,81,43,54894,388.854,1980
263064418922488,97,49,54894,419.362,1980
263064469046799,97,49,54894,419.362,1980
263064519181138,97,49,54894,446.616,1980
263064569293459,97,49,54894,446.616,1980
263064619427968,97,49,54894,474.142,1980
263064669546574,97,49,54894,474.142,1980
263064719658756,97,49,54894,504.219,1980
263064769766997,97,49,54894,504.219,1980
263064820595183,97,48,54894,536.631,1980
263064870718884,97,48,54894,536.631,1980
263064920837455,97,48,54894,552.66,1980
263064970948845,97,48,54894,552.66,1980
263065021091698,93,51,54894,579.95,1980
263065170087439,93,51,54894,601.443,1980
263065220242001,95,51,54894,624.751,1980
263065270377580,95,51,54894,624.751,1980
263065320499665,95,51,54894,642.508,1980
263065370632652,95,51,54894,642.508,1980
263065420743621,98,54,54894,639.771,1980
263065470893369,98,54,54894,639.771,1980
263065521029279,98,54,54894,637.522,1980
263065571142436,98,54,54894,637.522,1980
263065621259760,93,52,54894,633.489,1980
263065671418635,93,52,54894,633.489,1980
263065721586980,93,52,54894,628.659,1980
263065771731849,93,52,54894,628.659,1980
263065821874148,95,52,54894,622.877,1980
263065872013826,95,52,54894,622.877,1980
263065922184984,95,52,54894,624.451,1980
263065972333117,95,52,54894,624.451,1980
263066022461597,98,54,54894,623.633,1980
263066072573179,98,54,54894,623.633,1980
263066122680772,98,54,54894,619.833,1980
263066172787071,98,54,54894,619.833,1980
263066222896373,93,52,54894,624.961,1980
263066273032895,93,52,54894,624.961,1980
263066323142269,93,52,54894,619.909,1980
263066373280255,93,52,54894,619.909,1980
263066423433326,95,51,54894,618.435,1980
263066473571635,95,51,54894,618.435,1980
263066523684896,95,51,54894,613.108,1980
263066573801751,95,51,54894,613.108,1980
263066623968029,98,54,54894,613.384,1980
263066674097321,98,54,54894,613.384,1980
263066726497109,98,54,54894,615.235,1980
263066776637106,98,54,54894,593.868,1980
263066827590785,55,42,54894,593.868,1980
263066878434386,55,42,54894,551.143,1980
263066929250510,55,42,54894,551.143,1980
263066993095443,2,2,54894,508.318,1980
263067044531893,2,2,54894,508.318,1980
263067097569560,2,2,54894,477.537,1980
263067147742413,2,2,54894,477.537,1980
263067200886890,54,25,54894,455.88,1980
263067254059955,54,25,54894,455.88,1980
263067306571462,54,25,54894,435.324,1980
263067357717222,54,25,54894,435.324,1980
263067410330368,57,27,54894,408.673,1980
263067461318575,57,27,54894,408.673,1980
263067513179640,57,27,54894,381.798,1980
263067565306646,57,27,54894,381.798,1980
263067618242611,66,33,54894,361.431,1980
263067669333353,66,33,54894,361.431,1980
263067721163095,66,33,54894,336.142,1980
263067771309323,66,33,54894,336.142,1980
263067821472079,86,44,54894,334.044,1980
263067871637160,86,44,54894,334.044,1980
263067922151030,86,44,54894,360.784,1980
263067987780675,100,52,54894,381.891,1980
263068039667485,100,52,54894,381.891,1980
263068089785177,100,52,54894,394.301,1980
263068139894518,100,52,54894,394.301,1980
263068189999508,97,50,54894,422.752,1980
263068240109491,97,50,54894,422.752,1980
263068290217297,97,50,54894,449.947,1980
263068340329597,97,50,54894,449.947,1980
263068390441410,97,49,54894,479.917,1980
263068440554596,97,49,54894,479.917,1980
263068490660152,97,49,54894,507.896,1980
263068540764285,97,49,54894,507.896,1980
263068590880255,98,50,54894,531.571,1980
263068640998292,98,50,54894,531.571,1980
263068691131561,98,50,54894,550.569,1980
263068741245210,98,50,54894,550.569,1980
263068791436521,93,50,54894,575.651,1980
263068841592965,93,50,54894,575.651,1980
263068891714955,93,50,54894,589.936,1980
263068941875096,93,50,54894,589.936,1980
263068992005898,93,54,54894,613.133,1980
263069042166910,93,54,54894,613.133,1980
263069092372250,93,54,54894,631.109,1980
263069142520414,93,54,54894,631.109,1980
263069192634692,93,53,54894,623.364,1980
263069242752382,93,53,54894,623.364,1980
263069292863499,93,53,54894,617.327,1980
263069342974029,93,53,54894,617.327,1980
263069393086303,93,51,54894,611.472,1980
263069443254603,93,51,54894,611.472,1980
263069493386489,93,51,54894,603.343,1980
263069543496093,93,51,54894,603.343,1980
263069593612657,98,56,54894,598.097,1980
263069643734339,98,56,54894,598.097,1980
263069693845960,98,56,54894,598.822,1980
263069743954357,98,56,54894,598.822,1980
263069794064243,94,53,54894,594.198,1980
263069844171391,94,53,54894,594.198,1980
263069894275076,94,53,54894,594.372,1980
263069944388303,94,53,54894,594.372,1980
263069994498315,96,52,54894,594.388,1980
263070044608421,96,52,54894,594.388,1980
263070094713048,96,52,54894,592.605,1980
263070144817193,96,52,54894,592.605,1980
263070194919634,98,55,54894,593.208,1980
263070245026546,98,55,54894,593.208,1980
263070295130694,98,55,54894,595.196,1980
263070345239560,98,55,54894,595.196,1980
263070395344120,94,53,54894,596.767,1980
263070445446351,94,53,54894,596.767,1980
263070495547685,94,53,54894,598.56,1980
263070545652572,94,53,54894,598.56,1980
263070599067009,89,60,54894,591.945,1980
263070650112933,89,60,54894,591.945,1980
263070700924122,89,60,54894,549.473,1980
263070752042237,89,60,54894,549.473,1980
263070802954685,2,2,54894,509.439,1980
263070856573500,2,2,54894,509.439,1980
263070906694193,2,2,54894,471.745,1980
263070959516505,2,2,54894,471.745,1980
263071011875782,53,25,54894,448.714,1980
263071062049569,53,25,54894,448.714,1980
263071114712412,53,25,54894,432.859,1980
263071164842787,53,25,54894,432.859,1980
263071215004894,55,26,54894,408.327,1980
263071265864223,55,26,54894,408.327,1980
263071316270851,55,26,54894,387.446,1980
263071368193637,55,26,54894,387.446,1980
263071420442348,60,29,54894,365.107,1980
263071470571792,60,29,54894,365.107,1980
263071522195650,60,29,54894,337.198,1980
263071572790860,60,29,54894,337.198,1980
263071623964625,69,34,54894,323.424,1980
263071674081498,69,34,54894,323.424,1980
263071725412895,69,34,54894,340.004,1980
263071775547783,69,34,54894,340.004,1980
263071825739003,80,42,54894,362.762,1980
263071876374235,80,42,54894,362.762,1980
263071942724870,80,42,54894,384.419,1980
263071992836730,54,28,54894,380.487,1980
263072042945885,54,28,54894,380.487,1980
263072093053636,54,28,54894,404.113,1980
263072143191626,54,28,54894,404.113,1980
263072193346836,97,51,54894,442.823,1980
263072243483300,97,51,54894,442.823,1980
263072293605936,97,51,54894,469.667,1980
263072343722152,97,51,54894,469.667,1980
263072393841585,98,51,54894,496.832,1980
263072443967397,98,51,54894,496.832,1980
263072494073507,98,51,54894,524.989,1980
263072544315279,98,51,54894,524.989,1980
263072594473585,98,51,54894,543.773,1980
263072644616736,98,51,54894,543.773,1980
263072694741366,98,51,54894,568.367,1980
263072744868580,98,51,54894,568.367,1980
263072794999161,94,52,54894,588.89,1980
263072845124613,94,52,54894,588.89,1980
263072895237668,94,52,54894,605.978,1980
263072945352775,94,52,54894,605.978,1980
263072995457902,94,55,54894,634.028,1980
263073045568127,94,55,54894,634.028,1980
263073095679671,94,55,54894,632.086,1980
263073145784721,94,55,54894,632.086,1980
263073195894878,94,53,54894,626.914,1980
263073246012279,94,53,54894,626.914,1980
263073296115571,94,53,54894,621.215,1980
263073346219485,94,53,54894,621.215,1980
263073396323388,96,53,54894,615.08,1980
263073446429020,96,53,54894,615.08,1980
263073496537906,96,53,54894,614.605,1980
263073546682061,96,53,54894,614.605,1980
263073596789365,98,55,54894,610.096,1980
263073646896899,98,55,54894,610.096,1980
263073697009508,98,55,54894,618.605,1980
263073747117731,98,55,54894,618.605,1980
263073797226845,95,54,54894,617.995,1980
263073847332344,95,54,54894,617.995,1980
263073897437618,95,54,54894,619.467,1980
263073947542495,95,54,54894,619.467,1980
263073997647179,94,55,54894,619.647,1980
263074047755250,94,55,54894,619.647,1980
263074097859366,94,55,54894,621.296,1980
263074147965630,94,55,54894,621.296,1980
263074198072831,94,54,54894,621.063,1980
263074248192093,94,54,54894,621.063,1980
263074298294067,94,54,54894,620.342,1980
263074348397404,94,54,54894,620.342,1980
263074398500625,96,52,54894,623.662,1980
263074448627157,96,52,54894,623.662,1980
263074498736433,96,52,54894,623.366,1980
263074548843981,96,52,54894,623.366,1980
263074599268553,98,55,54894,621.468,1980
263074649375466,98,55,54894,621.468,1980
263074700239655,98,55,54894,584.208,1980
263074751179589,98,55,54894,584.208,1980
263074802158637,2,2,54894,539.283,1980
263074852820390,2,2,54894,539.283,1980
263074902956073,2,2,54894,499.28,1980
263074954428668,2,2,54894,499.28,1980
263075007312693,41,18,54894,471.956,1980
263075057482403,41,18,54894,471.956,1980
263075109664479,41,18,54894,447.57,1980
263075159824996,41,18,54894,447.57,1980
263075210951841,54,26,54894,423.829,1980
263075263411874,54,26,54894,423.829,1980
263075315210287,54,26,54894,402.375,1980
263075366125284,54,26,54894,402.375,1980
263075417253913,60,28,54894,372.689,1980
263075467396779,60,28,54894,372.689,1980
263075519321950,60,28,54894,351.24,1980
263075571380569,60,28,54894,351.24,1980
263075621559901,60,30,54894,322.123,1980
263075673527861,60,30,54894,322.123,1980
263075725545976,60,30,54894,332.53,1980
263075776856094,60,30,54894,332.53,1980
263075827096000,68,35,54894,354.272,1980
263075877215120,68,35,54894,354.272,1980
263075928125019,68,35,54894,374.75,1980
263075984690572,68,35,54894,383.109,1980
263076045039980,97,50,54894,383.109,1980
263076095185734,97,50,54894,384.449,1980
263076145304935,97,50,54894,384.449,1980
263076195419709,98,51,54894,416.155,1980
263076245525774,98,51,54894,416.155,1980
263076295632386,98,51,54894,443.911,1980
263076345761025,98,51,54894,443.911,1980
263076395880461,98,50,54894,470.046,1980
263076446013691,98,50,54894,470.046,1980
263076496123332,98,50,54894,500.099,1980
263076546240030,98,50,54894,500.099,1980
263076596361761,97,50,54894,528.18,1980
263076646512643,97,50,54894,528.18,1980
263076696641554,97,50,54894,550.32,1980
263076746766974,97,50,54894,550.32,1980
263076796877823,94,52,54894,569.359,1980
263076846986172,94,52,54894,569.359,1980
263076897099816,94,52,54894,591.739,1980
263076947207370,94,52,54894,591.739,1980
263076997313137,94,54,54894,610.897,1980
263077047425900,94,54,54894,610.897,1980
263077097531693,94,54,54894,634.26,1980
263077147711685,94,54,54894,634.26,1980
263077197823568,94,53,54894,627.687,1980
263077247938647,94,53,54894,627.687,1980
263077298052457,94,53,54894,622.572,1980
263077348165071,94,53,54894,622.572,1980
263077398269940,95,55,54894,615.26,1980
263077448375971,95,55,54894,615.26,1980
263077498481607,95,55,54894,608.2,1980
263077548604078,95,55,54894,608.2,1980
263077598874280,95,54,54894,603.163,1980
263077648980907,95,54,54894,603.163,1980
263077699085730,95,54,54894,604.232,1980
263077749189153,95,54,54894,604.232,1980
263077799294225,96,52,54894,606.378,1980
263077849403174,96,52,54894,606.378,1980
263077899516041,96,52,54894,607.678,1980
263077949620470,96,52,54894,607.678,1980
263077999724472,98,55,54894,608.005,1980
263078049828838,98,55,54894,608.005,1980
263078099940271,98,55,54894,609.889,1980
263078150052119,98,55,54894,609.889,1980
263078200157489,94,54,54894,612.202,1980
263078250265939,94,54,54894,612.202,1980
263078300384855,94,54,54894,612.902,1980
263078350504165,94,54,54894,612.902,1980
263078400616358,96,52,54894,612.46,1980
263078450720664,96,52,54894,612.46,1980
263078500825598,96,52,54894,611.068,1980
263078550936982,96,52,54894,611.068,1980
263078601049501,95,53,54894,611.615,1980
263078656288092,95,53,54894,611.615,1980
263078707321974,95,53,54894,579.909,1980
263078758093873,95,53,54894,579.909,1980
263078809113069,2,2,54894,535.775,1980
263078860287531,2,2,54894,535.775,1980
263078916276713,2,2,54894,490.869,1980
263078966624242,2,2,54894,490.869,1980
263079018825789,32,14,54894,460.948,1980
263079069032220,32,14,54894,460.948,1980
263079119148289,32,14,54894,440.239,1980
263079171936890,32,14,54894,440.239,1980
263079224953043,52,25,54894,409.463,1980
263079277484565,52,25,54894,409.463,1980
263079328159073,52,25,54894,389.799,1980
263079378295594,52,25,54894,389.799,1980
263079428446809,59,27,54894,367.799,1980
263079479290656,59,27,54894,367.799,1980
263079531223324,59,27,54894,341.258,1980
263079582881105,59,27,54894,341.258,1980
263079633091183,61,30,54894,319.857,1980
263079683245746,61,30,54894,330.844,1980
263079733375027,61,30,54894,330.844,1980
263079783521076,67,33,54894,353.339,1980
263079833704292,67,33,54894,353.339,1980
263079883833520,67,33,54894,372.14,1980
263079935115682,67,33,54894,372.14,1980
263079985263993,77,41,54894,384.679,1980
263080050632061,77,41,54894,384.679,1980
263080100781997,77,41,54894,379.215,1980
263080150896593,77,41,54894,379.215,1980
263080201011260,57,29,54894,399.759,1980
263080251127589,57,29,54894,399.759,1980
263080301249764,57,29,54894,430.404,1980
263080351353894,57,29,54894,430.404,1980
263080401466184,98,51,54894,458.957,1980
263080451572287,98,51,54894,458.957,1980
263080501675397,98,51,54894,488.003,1980
263080551793975,98,51,54894,488.003,1980
263080601903791,97,51,54894,513.74,1980
263080652011918,97,51,54894,513.74,1980
263080702166327,97,51,54894,541.489,1980
263080752271767,97,51,54894,541.489,1980
263080802381736,82,44,54894,559.508,1980
263080852484636,82,44,54894,559.508,1980
263080902586409,82,44,54894,586.605,1980
263080952695763,82,44,54894,586.605,1980
263081002815300,95,55,54894,604.15,1980
263081052925043,95,55,54894,604.15,1980
263081103042658,95,55,54894,625.997,1980
263081153164921,95,55,54894,625.997,1980
263081203300586,94,54,54894,637.404,1980
263081253426461,94,54,54894,637.404,1980
263081303540598,94,54,54894,629.894,1980
263081353648687,94,54,54894,629.894,1980
263081403752463,96,53,54894,627.001,1980
263081453871665,96,53,54894,627.001,1980
263081503980215,96,53,54894,621.371,1980
263081554088202,96,53,54894,621.371,1980
263081604196742,98,55,54894,615.697,1980
263081654304520,98,55,54894,615.697,1980
263081704415642,98,55,54894,612.549,1980
263081754531592,98,55,54894,612.549,1980
263081804635226,94,54,54894,612.962,1980
263081854739370,94,54,54894,612.962,1980
263081904847614,94,54,54894,612.451,1980
263081954966264,94,54,54894,612.451,1980
263082005075018,94,55,54894,612.001,1980
263082055181358,94,55,54894,612.001,1980
263082105286791,94,55,54894,614.748,1980
263082155390428,94,55,54894,614.748,1980
263082205495322,94,54,54894,618.008,1980
263082255604083,94,54,54894,618.008,1980
263082305711982,94,54,54894,617.88,1980
263082355818460,94,54,54894,617.88,1980
263082405926219,96,53,54894,617.464,1980
263082456036405,96,53,54894,617.464,1980
263082506142450,96,53,54894,617.383,1980
263082556245327,96,53,54894,617.383,1980
263082606350541,98,55,54894,615.177,1980
263082656457564,98,55,54894,615.177,1980
263082706569641,98,55,54894,616.541,1980
263082758586508,98,55,54894,616.541,1980
263082809450828,62,46,54894,591.535,1980
263082860574935,62,46,54894,591.535,1980
263082911242429,62,46,54894,545.151,1980
263082962306423,62,46,54894,545.151,1980
263083012427665,2,2,54894,501.129,1980
263083062594554,2,2,54894,501.129,1980
263083114940834,2,2,54894,473.483,1980
263083165110097,2,2,54894,473.483,1980
263083217611829,55,26,54894,451.891,1980
263083270298353,55,26,54894,451.891,1980
263083322922295,55,26,54894,430.359,1980
263083373088449,55,26,54894,430.359,1980
263083424085848,56,27,54894,406.418,1980
263083475052996,56,27,54894,406.418,1980
263083525220441,56,27,54894,379.494,1980
263083575411917,56,27,54894,379.494,1980
263083626593309,59,28,54894,360.355,1980
263083677155465,59,28,54894,360.355,1980
263083728632633,59,28,54894,329.811,1980
263083779198801,59,28,54894,329.811,1980
263083829321231,80,41,54894,332.532,1980
263083879485047,80,41,54894,332.532,1980
263083929717867,80,41,54894,355.815,1980
263083979872671,80,41,54894,355.815,1980
263084041474111,100,52,54894,381.17,1980
263084091649947,100,52,54894,378.161,1980
263084141772140,100,52,54894,378.161,1980
263084191880491,95,48,54894,409.064,1980
263084241981815,95,48,54894,409.064,1980
263084292047458,95,48,54894,438.927,1980
263084342163822,95,48,54894,438.927,1980
263084392282481,97,49,54894,470.435,1980
263084442462111,97,49,54894,470.435,1980
263084492624954,97,49,54894,497.134,1980
263084542764584,97,49,54894,497.134,1980
263084592886918,98,49,54894,526.464,1980
263084643017046,98,49,54894,526.464,1980
263084693133084,98,49,54894,547.416,1980
263084743262725,98,49,54894,547.416,1980
263084793374954,94,51,54894,572.939,1980
263084843485770,94,51,54894,572.939,1980
263084893592115,94,51,54894,587.665,1980
263084943697221,94,51,54894,587.665,1980
263084993806123,94,53,54894,611.616,1980
263085043916926,94,53,54894,611.616,1980
263085094065240,94,53,54894,650.874,1980
263085144179309,94,53,54894,650.874,1980
263085194285081,94,53,54894,649.183,1980
263085244389922,94,53,54894,649.183,1980
263085294496740,94,53,54894,649.828,1980
263085344604490,94,53,54894,649.828,1980
263085394722043,96,52,54894,644.67,1980
263085444829955,96,52,54894,644.67,1980
263085494936470,96,52,54894,642.433,1980
263085545041149,96,52,54894,642.433,1980
263085595144898,98,55,54894,628.994,1980
263085645250507,98,55,54894,628.994,1980
263085695360873,98,55,54894,632.571,1980
263085745469377,98,55,54894,632.571,1980
263085795577199,95,54,54894,630.088,1980
263085845682870,95,54,54894,630.088,1980
263085895787459,95,54,54894,630.275,1980
263085945892508,95,54,54894,630.275,1980
263085996000023,96,53,54894,624.389,1980
263086046126970,96,53,54894,624.389,1980
263086096267930,96,53,54894,615.887,1980
263086146381522,96,53,54894,615.887,1980
263086196488085,98,56,54894,613.175,1980
263086246592791,98,56,54894,613.175,1980
263086296706369,98,56,54894,596.777,1980
263086346834461,98,56,54894,596.777,1980
263086396951208,94,53,54894,598.574,1980
263086447069454,94,53,54894,598.574,1980
263086497176279,94,53,54894,597.862,1980
263086549951114,94,53,54894,597.862,1980
263086600048653,80,56,54894,585.65,1980
263086650805253,80,56,54894,585.65,1980
263086701670586,80,56,54894,541.134,1980
263086752596032,80,56,54894,541.134,1980
263086802735054,2,2,54894,500.446,1980
263086854200329,2,2,54894,500.446,1980
263086906377064,2,2,54894,476.392,1980
263086959980735,2,2,54894,476.392,1980
263087010093953,55,26,54894,455.075,1980
263087063318942,55,26,54894,455.075,1980
263087116446102,55,26,54894,436.831,1980
263087170095134,55,26,54894,436.831,1980
263087222673287,56,27,54894,411.089,1980
263087273715978,56,27,54894,411.089,1980
263087323886512,56,27,54894,396.051,1980
263087375963096,56,27,54894,396.051,1980
263087427087304,59,29,54894,373.721,1980
263087477281841,59,29,54894,373.721,1980
263087527419102,59,29,54894,351.319,1980
263087577587657,59,29,54894,351.319,1980
263087628854226,64,31,54894,339.802,1980
263087679009573,64,31,54894,339.802,1980
263087729688697,64,31,54894,358.232,1980
263087780853890,64,31,54894,358.232,1980
263087831022863,74,39,54894,382.627,1980
263087881269568,74,39,54894,382.627,1980
263087957856410,74,39,54894,391.062,1980
263088010413146,58,30,54894,378.853,1980
263088060545272,58,30,54894,378.853,1980
263088110662018,58,30,54894,403.447,1980
263088160779040,58,30,54894,403.447,1980
263088210891080,97,49,54894,434.377,1980
263088261020406,97,49,54894,434.377,1980
263088311124839,97,49,54894,459.818,1980
263088361235874,97,49,54894,459.818,1980
263088411359163,98,49,54894,487.201,1980
263088461472298,98,49,54894,487.201,1980
263088511587172,98,49,54894,515.051,1980
263088561717746,98,49,54894,515.051,1980
263088611860152,97,49,54894,543.571,1965
263088661984972,97,49,54894,543.571,1965
263088712834227,97,49,54894,566.77,1965
263088762974364,97,49,54894,566.77,1965
263088813094649,94,49,54894,583.242,1965
263088863212173,94,49,54894,583.242,1965
263088913320619,94,49,54894,600.376,1980
263088963529199,94,49,54894,600.376,1980
263089013634203,98,55,54894,631.0,1980
263089063742798,98,55,54894,631.0,1980
263089113851305,98,55,54894,641.385,1980
263089163967064,98,55,54894,641.385,1980
263089214073412,94,53,54894,636.946,1980
263089264191330,94,53,54894,636.946,1980
263089314308191,94,53,54894,631.988,1980
263089364417633,94,53,54894,631.988,1980
263089414530692,96,54,54894,624.281,1980
263089464638974,96,54,54894,624.281,1980
263089514758679,96,54,54894,618.885,1980
263089564865287,96,54,54894,618.885,1980
263089614972930,95,53,54894,614.003,1980
263089665078954,95,53,54894,614.003,1980
263089715186791,95,53,54894,618.817,1980
263089765292855,95,53,54894,618.817,1980
263089815400453,95,52,54894,620.182,1980
263089865510121,95,52,54894,620.182,1980
263089915615359,95,52,54894,619.325,1980
263089965720123,95,52,54894,619.325,1980
263090015824660,98,54,54894,620.977,1980
263090065927841,98,54,54894,620.977,1980
263090116041398,98,54,54894,621.196,1980
263090166147117,98,54,54894,621.196,1980
263090216255314,94,52,54894,622.225,1980
263090266359493,94,52,54894,622.225,1980
263090316462526,94,52,54894,621.294,1980
263090366563469,94,52,54894,621.294,1980
263090416663889,96,53,54894,619.645,1980
263090466764844,96,53,54894,619.645,1980
263090516903696,96,53,54894,614.609,1980
263090567055686,96,53,54894,614.609,1980
263090620976561,94,53,54894,615.404,1980
263090671110157,94,53,54894,615.404,1980
263090721831293,94,53,54894,582.737,1980
263090772615666,94,53,54894,582.737,1980
263090823587411,2,2,54894,539.425,1980
263090874157628,2,2,54894,539.425,1980
263090924289441,2,2,54894,498.88,1980
263090977202984,2,2,54894,498.88,1980
263091029699168,32,14,54894,465.384,1980
263091079823033,32,14,54894,465.384,1980
263091132559579,32,14,54894,439.368,1980
263091184749071,32,14,54894,439.368,1980
263091237563095,55,27,54894,413.955,1980
263091289211731,55,27,54894,393.768,1980
263091341531347,55,27,54894,393.768,1980
263091391712489,60,29,54894,373.281,1980
263091441831313,60,29,54894,373.281,1980
263091492013730,60,29,54894,350.271,1980
263091542214072,60,29,54894,350.271,1980
263091592837286,71,37,54894,326.384,1980
263091642969438,71,37,54894,326.384,1980
263091693106246,71,37,54894,337.048,1980
263091743213534,71,37,54894,337.048,1980
263091793346155,100,52,54894,358.703,1980
263091843531193,100,52,54894,358.703,1980
263091894022484,100,52,54894,369.105,1980
263091944141142,100,52,54894,369.105,1980
263091994261866,47,23,54894,395.167,1980
263092044368707,47,23,54894,395.167,1980
263092094472282,47,23,54894,424.23,1980
263092144581369,47,23,54894,424.23,1980
263092194685850,97,49,54894,450.45,1980
263092244806047,97,49,54894,450.45,1980
263092294922404,97,49,54894,482.267,1980
263092345037944,97,49,54894,482.267,1980
263092395154419,98,50,54894,510.583,1980
263092445286750,98,50,54894,510.583,1980
263092495401466,98,50,54894,537.258,1980
263092545510989,98,50,54894,537.258,1980
263092595620025,85,42,54894,550.105,1980
263092645729719,85,42,54894,550.105,1980
263092695833297,85,42,54894,568.53,1980
263092745940969,85,42,54894,568.53,1980
263092796045526,98,55,54894,589.267,1980
263092846150437,98,55,54894,589.267,1980
263092896265395,98,55,54894,623.413,1980
263092946388984,98,55,54894,623.413,1980
263092996492672,94,53,54894,633.254,1980
263093046596058,94,53,54894,633.254,1980
263093096698452,94,53,54894,626.429,1980
263093146803336,94,53,54894,626.429,1980
263093196913208,96,54,54894,618.042,1980
263093247022706,96,54,54894,618.042,1980
263093297130398,96,54,54894,611.205,1980
263093347240420,96,54,54894,611.205,1980
263093397351411,95,53,54894,608.134,1980
263093447492787,95,53,54894,608.134,1980
263093497599290,95,53,54894,605.988,1980
263093547707001,95,53,54894,605.988,1980
263093597815731,95,52,54894,611.087,1980
263093647933677,95,52,54894,611.087,1980
263093698047163,95,52,54894,611.625,1980
263093748150978,95,52,54894,611.625,1980
263093798253237,98,55,54894,612.425,1980
263093848358176,98,55,54894,612.425,1980
263093898485919,98,55,54894,613.243,1980
263093948598854,98,55,54894,613.243,1980
263093998714267,93,53,54894,611.69,1980
263094048822979,93,53,54894,611.69,1980
263094098931124,93,53,54894,611.617,1980
263094149053489,93,53,54894,611.617,1980
263094199166871,96,55,54894,614.475,1980
263094249273128,96,55,54894,614.475,1980
263094299379904,96,55,54894,615.316,1980
263094349485684,96,55,54894,615.316,1980
263094399587993,94,53,54894,613.429,1980
263094449696960,94,53,54894,613.429,1980
263094499797815,94,53,54894,612.191,1980
263094552348512,94,53,54894,612.191,1980
263094602458532,80,56,54894,593.466,1980
263094653572002,80,56,54894,593.466,1980
263094704624706,80,56,54894,552.74,1980
263094755342764,80,56,54894,552.74,1980
263094818187393,2,2,54894,510.019,1980
263094869760636,2,2,54894,510.019,1980
263094922573192,2,2,54894,477.11,1980
263094975325599,2,2,54894,477.11,1980
263095025460948,55,26,54894,453.034,1980
263095078408026,55,26,54894,453.034,1980
263095130981920,55,26,54894,434.425,1980
263095184020768,55,26,54894,434.425,1980
263095236537690,55,27,54894,410.164,1980
263095288087735,55,27,54894,410.164,1980
263095340387818,55,27,54894,385.316,1980
263095392469111,55,27,54894,362.533,1980
263095442631232,61,30,54894,362.533,1980
263095493084876,61,30,54894,334.095,1980
263095544153752,61,30,54894,334.095,1980
263095595474089,71,36,54894,328.957,1980
263095646581419,71,36,54894,328.957,1980
263095696733686,71,36,54894,355.252,1980
263095746877919,71,36,54894,355.252,1980
263095797028962,100,51,54894,380.0,1980
263095866998905,100,51,54894,380.0,1980
263095919068205,100,51,54894,378.88,1980
263095969239343,100,51,54894,378.88,1980
263096019387583,64,33,54894,404.574,1980
263096069497796,64,33,54894,404.574,1980
263096119608214,64,33,54894,434.415,1980
263096169716768,64,33,54894,434.415,1980
263096219821183,97,50,54894,464.238,1980
263096269927768,97,50,54894,464.238,1980
263096320033603,97,50,54894,493.629,1980
263096370148135,97,50,54894,493.629,1980
263096420260671,97,50,54894,519.46,1980
263096470407141,97,50,54894,519.46,1980
263096520530208,97,50,54894,541.886,1980
263096570641578,97,50,54894,541.886,1980
263096620755396,83,45,54894,566.767,1980
263096670873007,83,45,54894,566.767,1980
263096721018215,83,45,54894,583.922,1980
263096771144525,83,45,54894,583.922,1980
263096821258352,94,53,54894,599.978,1980
263096871379159,94,53,54894,599.978,1980
263096921498938,94,53,54894,619.839,1980
263096971614607,94,53,54894,619.839,1980
263097021732158,94,55,54894,624.093,1980
263097071846924,94,55,54894,624.093,1980
263097146698158,94,55,54894,615.497,1980
263097350710505,95,54,54894,602.953,1980
263097415750736,95,54,54894,597.68,1980
263097473975793,95,54,54894,597.68,1980
263097527337355,95,54,54894,591.945,1980
263097577451723,95,54,54894,591.945,1980
263097640893594,95,55,54894,591.612,1980
263097691460601,95,55,54894,591.612,1980
263097741582805,95,55,54894,588.53,1980
263097791690388,95,55,54894,588.53,1980
263097841798087,94,53,54894,590.949,1980
263097891925355,94,53,54894,590.949,1980
263097942041370,94,53,54894,590.951,1980
263097992158837,94,53,54894,590.951,1980
263098042349507,95,52,54894,590.337,1980
263098092539716,95,52,54894,590.337,1980
263098142754987,95,52,54894,588.247,1980
263098192940615,95,52,54894,588.247,1980
263098243074214,98,55,54894,584.111,1980
263098293209392,98,55,54894,584.111,1980
263098343388138,98,55,54894,583.414,1980
263098393546866,98,55,54894,583.414,1980
263098447904447,94,54,54894,584.619,1980
263098498091350,94,54,54894,561.762,1980
263098549061398,94,54,54894,561.762,1980
263098600119815,1,1,54894,523.021,1980
263098650819040,1,1,54894,523.021,1980
263098715580541,1,1,54894,483.826,1980
263098766710916,1,1,54894,483.826,1980
263098819393622,22,10,54894,454.348,1980
263098870143875,22,10,54894,454.348,1980
263098923426170,22,10,54894,432.146,1980
263098976238025,22,10,54894,432.146,1980
263099026423733,55,26,54894,413.022,1980
263099078220982,55,26,54894,413.022,1980
263099130770235,55,26,54894,388.078,1980
263099180935427,55,26,54894,388.078,1980
263099233051290,58,28,54894,371.424,1980
263099285229471,58,28,54894,371.424,1980
263099335384192,58,28,54894,355.58,1980
263099386352364,58,28,54894,355.58,1980
263099436881828,63,31,54894,328.648,1980
263099487554437,63,31,54894,328.648,1980
263099538694048,63,31,54894,329.635,1980
263099589047214,63,31,54894,329.635,1980
263099639163921,71,37,54894,350.753,1980
263099689335468,71,37,54894,350.753,1980
263099739570667,71,37,54894,375.192,1980
263099805178092,71,37,54894,386.412,1980
263099861918393,98,51,54894,386.412,1980
263099912044650,98,51,54894,386.575,1980
263099962161166,98,51,54894,386.575,1980
263100012275139,97,51,54894,417.852,1980
263100062387395,97,51,54894,417.852,1980
263100112534781,97,51,54894,445.506,1980
263100162662818,97,51,54894,445.506,1980
263100212767037,97,50,54894,470.938,1980
263100262877848,97,50,54894,470.938,1980
263100312987801,97,50,54894,498.666,1980
263100363097969,97,50,54894,498.666,1980
263100413205087,97,50,54894,525.717,1980
263100463317288,97,50,54894,525.717,1980
263100513448146,97,50,54894,548.653,1980
263100563556163,97,50,54894,548.653,1980
263100613663259,97,52,54894,566.944,1980
263100663769251,97,52,54894,566.944,1980
263100713874352,97,52,54894,589.849,1980
263100763980314,97,52,54894,589.849,1980
263100814049130,94,53,54894,614.498,1980
263100864153975,94,53,54894,614.498,1980
263100914253330,94,53,54894,641.295,1980
263100964419925,94,53,54894,641.295,1980
263101014588767,96,52,54894,635.1,1980
263101064751704,96,52,54894,635.1,1980
263101114933809,96,52,54894,628.099,1980
263101165085768,96,52,54894,628.099,1980
263101215208009,97,54,54894,623.034,1980
263101265325365,97,54,54894,623.034,1980
263101315455181,97,54,54894,619.422,1980
263101365578870,97,54,54894,619.422,1980
263101416195658,94,53,54894,616.509,1980
263101466318240,94,53,54894,616.509,1980
263101516433227,94,53,54894,620.045,1980
263101566590452,94,53,54894,620.045,1980
263101616733229,94,54,54894,619.277,1980
263101666852785,94,54,54894,619.277,1980
263101716965186,94,54,54894,618.68,1980
263101767079804,94,54,54894,618.68,1980
263101817212750,94,53,54894,617.007,1980
263101867321535,94,53,54894,617.007,1980
263101917432256,94,53,54894,616.172,1980
263101967541047,94,53,54894,616.172,1980
263102017649868,96,52,54894,615.53,1980
263102067782127,96,52,54894,615.53,1980
263102117896538,96,52,54894,617.242,1980
263102168013446,96,52,54894,617.242,1980
263102218122226,98,54,54894,616.836,1980
263102268229233,98,54,54894,616.836,1980
263102318336938,98,54,54894,618.749,1980
263102368449926,98,54,54894,618.749,1980
263102418705878,95,53,54894,614.889,1980
263102472778998,95,53,54894,614.889,1980
263102523770731,95,53,54894,596.856,1980
263102574415448,95,53,54894,596.856,1980
263102625992220,1,1,54894,553.654,1980
263102676645078,1,1,54894,553.654,1980
263102728872227,1,1,54894,511.058,1980
263102779967892,1,1,54894,511.058,1980
263102832802891,14,7,54894,478.383,1980
263102883040836,14,7,54894,478.383,1980
263102936129145,14,7,54894,453.408,1980
263102988579223,14,7,54894,453.408,1980
263103041914591,56,26,54894,432.225,1980
263103094497390,56,26,54894,432.225,1980
263103147485164,56,26,54894,410.406,1980
263103197765085,57,27,54894,379.527,1980
263103247900513,57,27,54894,379.527,1980
263103298113001,57,27,54894,360.34,1980
263103349804250,57,27,54894,360.34,1980
263103400846253,65,32,54894,333.84,1980
263103451063686,65,32,54894,333.84,1980
263103502077536,65,32,54894,323.789,1980
263103552233175,65,32,54894,323.789,1980
263103602438258,85,43,54894,346.449,1980
263103653119525,85,43,54894,346.449,1980
263103703334360,85,43,54894,371.14,1980
263103768709403,85,43,54894,371.14,1980
263103823927607,99,52,54894,380.255,1980
263103874053662,99,52,54894,380.255,1980
263103924207760,99,52,54894,398.933,1980
263103974405750,99,52,54894,398.933,1980
263104024537696,97,54,54894,428.808,1965
263104074658041,97,54,54894,428.808,1965
263104124776655,97,54,54894,459.312,1965
263104174940340,97,54,54894,459.312,1965
263104225122615,98,54,54894,487.48,1980
263104275315643,98,54,54894,487.48,1980
263104325513456,98,54,54894,518.801,1980
263104375664652,98,54,54894,518.801,1980
263104425835605,97,54,54894,546.855,1980
263104476020188,97,54,54894,546.855,1980
263104526181511,97,54,54894,571.954,1980
263104576365936,97,54,54894,571.954,1980
263104626512944,98,56,54894,589.966,1980
263104676692038,98,56,54894,589.966,1980
263104726885534,98,56,54894,612.059,1980
263104777062752,98,56,54894,612.059,1980
263104827192254,94,57,54894,630.601,1980
263104877353705,94,57,54894,630.601,1980
263104927531219,94,57,54894,639.88,1980
263104977717931,94,57,54894,639.88,1980
263105027878995,98,58,54894,637.862,1980
263105078017903,98,58,54894,637.862,1980
263105128137359,98,58,54894,632.82,1980
263105178260481,98,58,54894,632.82,1980
263105228407709,93,56,54894,624.776,1980
263105278523346,93,56,54894,624.776,1980
263105328705519,93,56,54894,615.85,1980
263105378883516,93,56,54894,615.85,1980
263105429016190,98,59,54894,612.911,1980
263105479137177,98,59,54894,612.911,1980
263105529254451,98,59,54894,611.128,1980
263105579369764,98,59,54894,611.128,1980
263105629553643,94,57,54894,605.616,1980
263105679705233,94,57,54894,605.616,1980
263105729846245,94,57,54894,607.185,1980
263105779992026,94,57,54894,607.185,1980
263105830159640,94,57,54894,608.43,1980
263105880450288,94,57,54894,608.43,1980
263105931112877,94,57,54894,614.036,1980
263105981970420,94,57,54894,614.036,1980
263106032104925,94,57,54894,613.211,1980
263106082221167,94,57,54894,613.211,1980
263106132330566,94,57,54894,610.539,1980
263106182442379,94,57,54894,610.539,1980
263106232555581,95,58,54894,614.69,1980
263106282685334,95,58,54894,614.69,1980
263106332813937,95,58,54894,614.737,1980
263106382949243,95,58,54894,614.737,1980
263106433068255,94,56,54894,613.413,1980
263106483188154,94,56,54894,613.413,1980
263106533299948,94,56,54894,613.604,1980
263106586950132,94,56,54894,613.604,1980
263106638009730,95,65,54894,605.367,1980
263106688668185,95,65,54894,605.367,1980
263106739436099,95,65,54894,561.549,1980
263106790236541,95,65,54894,561.549,1980
263106841318766,2,2,54894,515.898,1980
263106893466251,2,2,54894,515.898,1980
263106943646958,2,2,54894,480.379,1980
263106996238883,2,2,54894,480.379,1980
263107049178282,54,26,54894,455.129,1980
263107099308398,54,26,54894,430.788,1980
263107150940247,54,26,54894,430.788,1980
263107202548256,55,27,54894,410.812,1980
263107253529742,55,27,54894,410.812,1980
263107304574275,55,27,54894,376.976,1980
263107355707088,55,27,54894,376.976,1980
263107405856093,64,31,54894,363.775,1980
263107456079250,64,31,54894,363.775,1980
263107506242724,64,31,54894,333.527,1980
263107557869305,64,31,54894,333.527,1980
263107607990863,74,39,54894,323.484,1980
263107658374717,74,39,54894,323.484,1980
263107708555389,74,39,54894,349.503,1980
263107759137250,74,39,54894,349.503,1980
263107809783094,100,52,54894,372.197,1980
263107861827818,100,52,54894,372.197,1980
263107911957157,100,52,54894,374.855,1980
263107962072744,100,52,54894,374.855,1980
263108012181863,76,39,54894,400.957,1980
263108062288502,76,39,54894,400.957,1980
263108112399841,76,39,54894,438.142,1980
263108162507661,76,39,54894,438.142,1980
263108212625932,98,50,54894,466.091,1980
263108262742061,98,50,54894,466.091,1980
263108312859876,98,50,54894,498.34,1980
263108362983128,98,50,54894,498.34,1980
263108413094828,98,49,54894,526.952,1980
263108463216573,98,49,54894,526.952,1980
263108513332329,98,49,54894,547.018,1980
263108563457614,98,49,54894,547.018,1980
263108613569968,94,51,54894,569.024,1980
263108663683045,94,51,54894,569.024,1980
263108713792140,94,51,54894,588.626,1980
263108763899254,94,51,54894,588.626,1980
263108814008578,94,54,54894,608.122,1980
263108864124532,94,54,54894,608.122,1980
263108914239241,94,54,54894,642.757,1980
263108964355280,94,54,54894,642.757,1980
263109014463789,94,54,54894,637.707,1980
263109064572534,94,54,54894,637.707,1980
263109114679103,94,54,54894,626.681,1980
263109164788194,94,54,54894,626.681,1980
263109214894451,94,54,54894,619.608,1980
263109265008592,94,54,54894,619.608,1980
263109315119792,94,54,54894,611.809,1980
263109365227718,94,54,54894,611.809,1980
263109415334204,98,54,54894,602.347,1980
263109465440875,98,54,54894,602.347,1980
263109515580168,98,54,54894,604.273,1980
263109565759502,98,54,54894,604.273,1980
263109615915152,94,53,54894,610.951,1980
263109666066776,94,53,54894,610.951,1980
263109716196455,94,53,54894,606.61,1980
263109766308786,94,53,54894,606.61,1980
263109816416234,96,52,54894,603.503,1980
263109866528330,96,52,54894,603.503,1980
263109916693749,96,52,54894,605.289,1980
263109966889133,96,52,54894,605.289,1980
263110017032218,98,56,54894,598.675,1980
263110067150149,98,56,54894,598.675,1980
263110117267877,98,56,54894,597.552,1980
263110167440451,98,56,54894,597.552,1980
263110217640118,93,53,54894,603.468,1980
263110267829770,93,53,54894,603.468,1980
263110317971429,93,53,54894,606.644,1980
263110372036228,93,53,54894,606.644,1980
263110423030060,80,55,54894,584.928,1980
263110474191299,80,55,54894,584.928,1980
263110525027897,80,55,54894,543.708,1980
263110576084573,80,55,54894,543.708,1980
263110626247375,2,2,54894,496.626,1980
263110677660552,2,2,54894,496.626,1980
263110731086594,2,2,54894,467.703,1980
263110785655589,2,2,54894,467.703,1980
263110838644870,54,25,54894,445.434,1980
263110891606398,54,25,54894,445.434,1980
263110944036306,54,25,54894,417.821,1980
263110995511885,54,25,54894,417.821,1980
263111045733841,57,26,54894,400.532,1980
263111097538154,57,26,54894,400.532,1980
263111148192779,57,26,54894,385.854,1980
263111200588382,57,26,54894,385.854,1980
263111252897509,60,29,54894,357.287,1980
263111303104259,60,29,54894,330.387,1980
263111353822941,60,29,54894,330.387,1980
263111405202222,69,35,54894,334.825,1980
263111455537650,69,35,54894,334.825,1980
263111505781625,69,35,54894,355.31,1980
263111556355308,69,35,54894,355.31,1980
263111606571877,100,52,54894,372.699,1980
263111660399668,100,52,54894,372.699,1980
263111710584351,100,52,54894,375.371,1980
263111760776536,100,52,54894,375.371,1980
263111810917900,72,37,54894,404.345,1980
263111861078371,72,37,54894,404.345,1980
263111911250717,72,37,54894,432.244,1980
263111961387768,72,37,54894,432.244,1980
263112011524131,97,50,54894,458.199,1980
263112061705717,97,50,54894,458.199,1980
263112111947739,97,50,54894,486.004,1980
263112162097399,97,50,54894,486.004,1980
263112212230214,97,50,54894,512.08,1980
263112266652379,97,50,54894,512.08,1980
263112316790869,97,50,54894,538.303,1980
263112366952747,97,50,54894,538.303,1980
263112417147046,83,45,54894,558.418,1980
263112467331532,83,45,54894,558.418,1980
263112517495694,83,45,54894,586.483,1980
263112567686689,83,45,54894,586.483,1980
263112617854905,94,53,54894,608.499,1980
263112668045893,94,53,54894,608.499,1980
263112718206537,94,53,54894,635.461,1980
263112768342019,94,53,54894,635.461,1980
263112818514061,97,56,54894,630.309,1980
263112868692357,97,56,54894,630.309,1980
263112918826499,97,56,54894,623.558,1980
263112968947974,97,56,54894,623.558,1980
263113019067727,94,53,54894,620.104,1980
263113069253479,94,53,54894,620.104,1980
263113119442019,94,53,54894,619.413,1980
263113169656240,94,53,54894,619.413,1980
263113219799708,96,53,54894,615.392,1980
263113269917477,96,53,54894,615.392,1980
263113320035964,96,53,54894,615.502,1980
263113370161165,96,53,54894,615.502,1980
263113420276697,98,55,54894,614.578,1980
263113470389073,98,55,54894,614.578,1980
263113520499230,98,55,54894,612.324,1980
263113570608724,98,55,54894,612.324,1980
263113620772619,94,53,54894,613.266,1980
263113670901923,94,53,54894,613.266,1980
263113721019618,94,53,54894,612.553,1980
263113771132261,94,53,54894,612.553,1980
263113821242385,95,55,54894,612.379,1980
263113871354467,95,55,54894,612.379,1980
263113921463647,95,55,54894,613.88,1980
263113971574868,95,55,54894,613.88,1980
263114021690920,95,54,54894,612.636,1980
263114071841681,95,54,54894,612.636,1980
263114121983079,95,54,54894,613.537,1980
263114172097647,95,54,54894,613.537,1980
263114222205429,94,54,54894,615.941,1980
263114273491234,94,54,54894,615.941,1980
263114323609727,94,54,54894,593.973,1980
263114374547337,94,54,54894,593.973,1980
263114425249592,1,1,54894,550.47,1980
263114476086908,1,1,54894,550.47,1980
263114536661440,1,1,54894,506.757,1980
263114589278720,1,1,54894,506.757,1980
263114640238005,9,4,54894,476.99,1980
263114692980070,9,4,54894,476.99,1980
263114745824730,9,4,54894,452.238,1980
263114798658508,9,4,54894,452.238,1980
263114848779217,55,26,54894,430.286,1980
263114901325862,55,26,54894,430.286,1980
263114954299305,55,26,54894,408.73,1980
263115016112258,56,27,54894,387.095,1980
263115066677235,56,27,54894,387.095,1980
263115118106079,56,27,54894,353.901,1980
263115168247008,56,27,54894,353.901,1980
263115218464387,61,30,54894,333.402,1980
263115268601590,61,30,54894,333.402,1980
263115320186533,61,30,54894,326.475,1980
263115370311434,61,30,54894,326.475,1980
263115421329685,73,38,54894,344.491,1980
263115471441190,73,38,54894,344.491,1980
263115521601318,73,38,54894,367.733,1980
263115572281259,73,38,54894,367.733,1980
263115639060563,94,48,54894,383.809,1980
263115689176898,94,48,54894,383.809,1980
263115739299387,94,48,54894,382.838,1980
263115789412068,94,48,54894,382.838,1980
263115839525135,91,47,54894,409.545,1980
263115889634558,91,47,54894,409.545,1980
263115939760198,91,47,54894,438.611,1980
263115989892399,91,47,54894,438.611,1980
263116040015372,98,51,54894,467.272,1980
263116090137131,98,51,54894,467.272,1980
263116140250511,98,51,54894,497.512,1980
263116190377620,98,51,54894,497.512,1980
263116240511694,98,51,54894,529.075,1980
263116290769729,98,51,54894,529.075,1980
263116340902371,98,51,54894,552.429,1980
263116391019288,98,51,54894,552.429,1980
263116441134546,82,45,54894,575.257,1980
263116491259946,82,45,54894,575.257,1980
263116541379927,82,45,54894,591.492,1980
263116591480495,82,45,54894,591.492,1980
263116641611685,96,56,54894,615.309,1980
263116691737872,96,56,54894,615.309,1980
263116741895040,96,56,54894,641.534,1980
263116792039581,96,56,54894,641.534,1980
263116842151172,95,54,54894,637.324,1980
263116892257119,95,54,54894,637.324,1980
263116942370267,95,54,54894,636.172,1980
263116992484263,95,54,54894,636.172,1980
263117042610426,96,53,54894,631.242,1980
263117092731022,96,53,54894,631.242,1980
263117142842474,96,53,54894,621.125,1980
263117192974722,96,53,54894,621.125,1980
263117243094436,95,53,54894,618.162,1980
263117293205850,95,53,54894,618.162,1980
263117343313099,95,53,54894,615.154,1980
263117393421503,95,53,54894,615.154,1980
263117443534480,95,52,54894,616.644,1980
263117493653650,95,52,54894,616.644,1980
263117543764576,95,52,54894,616.029,1980
263117593873832,95,52,54894,616.029,1980
263117643984210,98,56,54894,614.75,1980
263117694093467,98,56,54894,614.75,1980
263117744208122,98,56,54894,612.954,1980
263117794314911,98,56,54894,612.954,1980
263117844456694,94,54,54894,614.159,1980
263117894607182,94,54,54894,614.159,1980
263117944721165,94,54,54894,611.33,1980
263117994864842,94,54,54894,611.33,1980
263118045015805,96,56,54894,608.567,1980
263118095164827,96,56,54894,608.567,1980
263118145283058,96,56,54894,612.835,1980
263118195401745,96,56,54894,612.835,1980
263118245511687,94,54,54894,612.948,1980
263118295620906,94,54,54894,612.948,1980
263118345729593,94,54,54894,608.129,1980
263118396407587,94,54,54894,608.129,1980
263118449625219,96,62,54894,592.51,1980
263118500430687,96,62,54894,592.51,1980
263118551744012,96,62,54894,549.453,1980
263118602441009,96,62,54894,549.453,1980
263118652982380,2,2,54894,509.429,1980
263118703854772,2,2,54894,509.429,1980
263118755821981,2,2,54894,474.158,1980
263118808963897,56,26,54894,450.824,1980
263118861502438,56,26,54894,450.824,1980
263118913508995,56,26,54894,423.326,1980
263118963645603,56,26,54894,423.326,1980
263119015803460,52,25,54894,402.035,1980
263119068248377,52,25,54894,402.035,1980
263119118431418,52,25,54894,377.834,1980
263119168819192,52,25,54894,377.834,1980
263119220398774,57,28,54894,359.641,1980
263119271100287,57,28,54894,359.641,1980
263119323473992,57,28,54894,333.964,1980
263119373645656,57,28,54894,333.964,1980
263119425157639,60,30,54894,326.731,1980
263119475352378,60,30,54894,326.731,1980
263119527046726,60,30,54894,342.475,1980
263119577202281,60,30,54894,342.475,1980
263119627545529,73,39,54894,367.981,1980
263119677664330,73,39,54894,367.981,1980
263119727831706,73,39,54894,380.219,1980
263119780533984,73,39,54894,380.219,1980
263119830744488,79,41,54894,375.557,1980
263119880865338,79,41,54894,375.557,1980
263119930977760,79,41,54894,408.12,1980
263119981050131,79,41,54894,408.12,1980
263120031154934,97,49,54894,436.606,1980
263120081265746,97,49,54894,436.606,1980
263120131408916,97,49,54894,463.358,1980
263120181569897,97,49,54894,463.358,1980
263120231693022,98,49,54894,492.083,1980
263120281821058,98,49,54894,492.083,1980
263120331940007,98,49,54894,516.478,1980
263120382054914,98,49,54894,516.478,1980
263120432168814,97,49,54894,542.202,1980
263120482280028,97,49,54894,542.202,1980
263120532411057,97,49,54894,569.234,1980
263120582526495,97,49,54894,569.234,1980
263120632640593,96,49,54894,587.375,1980
263120682752536,96,49,54894,587.375,1980
263120732858869,96,49,54894,608.687,1980
263120782968881,96,49,54894,608.687,1980
263120833084902,98,54,54894,634.916,1980
263120883195095,98,54,54894,634.916,1980
263120933304385,98,54,54894,634.391,1980
263120983417937,98,54,54894,634.391,1980
263121033526857,94,53,54894,629.965,1980
263121083634947,94,53,54894,629.965,1980
263121133757713,94,53,54894,623.236,1980
263121183876349,94,53,54894,623.236,1980
263121233986504,94,54,54894,618.155,1980
263121284099020,94,54,54894,618.155,1980
263121334208440,94,54,54894,613.88,1980
263121384316594,94,54,54894,613.88,1980
263121434439452,94,53,54894,609.988,1980
263121484552070,94,53,54894,609.988,1980
263121534663302,94,53,54894,616.743,1980
263121584776000,94,53,54894,616.743,1980
263121634890510,96,52,54894,616.32,1980
263121685012974,96,52,54894,616.32,1980
263121735128399,96,52,54894,615.738,1980
263121785240038,96,52,54894,615.738,1980
263121835362012,98,55,54894,612.39,1980
263121885473033,98,55,54894,612.39,1980
263121935582678,98,55,54894,610.681,1980
263121985692652,98,55,54894,610.681,1980
263122035801812,95,53,54894,611.404,1980
263122085922667,95,53,54894,611.404,1980
263122136064617,95,53,54894,611.075,1980
263122186191648,95,53,54894,611.075,1980
263122236305527,94,54,54894,612.528,1980
263122286426107,94,54,54894,612.528,1980
263122336540045,94,54,54894,612.698,1980
263122386646564,94,54,54894,612.698,1980
263122439093912,94,53,54894,610.289,1980
263122491554140,94,53,54894,610.289,1980
263122542554345,94,53,54894,572.075,1980
263122593307402,94,53,54894,572.075,1980
263122644142911,2,2,54894,530.752,1980
263122702556999,2,2,54894,530.752,1980
263122752703567,2,2,54894,489.603,1980
263122805345210,2,2,54894,489.603,1980
263122857759551,30,15,54894,467.126,1980
263122907915047,30,15,54894,443.458,1980
263122960286042,30,15,54894,443.458,1980
263123013291695,55,26,54894,421.517,1980
263123064447200,55,26,54894,421.517,1980
263123116274449,55,26,54894,402.248,1980
263123167221466,55,26,54894,402.248,1980
263123218073994,60,29,54894,372.63,1980
263123268253167,60,29,54894,372.63,1980
263123319750555,60,29,54894,356.23,1980
263123369871511,60,29,54894,356.23,1980
263123420561879,74,39,54894,334.837,1980
263123471120151,74,39,54894,334.837,1980
263123521287396,74,39,54894,343.054,1980
263123571515655,74,39,54894,343.054,1980
263123621733937,100,53,54894,366.067,1980
263123672675676,100,53,54894,366.067,1980
263123722825808,100,53,54894,382.894,1980
263123772990111,100,53,54894,382.894,1980
263123823135157,78,39,54894,412.964,1980
263123873255390,78,39,54894,412.964,1980
263123923373536,78,39,54894,442.905,1980
263123973490766,78,39,54894,442.905,1980
263124023602041,97,48,54894,471.757,1980
263124073708910,97,48,54894,471.757,1980
263124123827942,97,48,54894,498.014,1980
263124174027519,97,48,54894,498.014,1980
263124224205483,97,49,54894,526.517,1980
263124274334575,97,49,54894,526.517,1980
263124325129032,97,49,54894,541.797,1980
263124375240746,97,49,54894,541.797,1980
263124425370571,95,51,54894,563.334,1980
263124475513066,95,51,54894,563.334,1980
263124525636765,95,51,54894,582.471,1980
263124575752291,95,51,54894,582.471,1980
263124625883788,95,55,54894,599.412,1980
263124675998285,95,55,54894,599.412,1980
263124726113712,95,55,54894,630.897,1980
263124776234674,95,55,54894,630.897,1980
263124826348682,94,53,54894,623.488,1980
263124876458187,94,53,54894,623.488,1980
263124926567812,94,53,54894,615.635,1980
263124976678177,94,53,54894,615.635,1980
263125026807157,94,53,54894,608.341,1980
263125076941305,94,53,54894,608.341,1980
263125127056734,94,53,54894,603.603,1980
263125177172796,94,53,54894,603.603,1980
263125227297264,96,51,54894,598.388,1980
263125277417130,96,51,54894,598.388,1980
263125327531849,96,51,54894,601.494,1980
263125377643278,96,51,54894,601.494,1980
263125427754040,94,54,54894,599.51,1980
263125477862977,94,54,54894,599.51,1980
263125527972501,94,54,54894,601.551,1980
263125578389569,94,54,54894,601.551,1980
263125628505441,95,53,54894,602.515,1980
263125678615735,95,53,54894,602.515,1980
263125729246204,95,53,54894,597.804,1980
263125781454286,95,53,54894,597.804,1980
263125831992767,94,53,54894,600.081,1980
263125882124697,94,53,54894,600.081,1980
263125932272613,94,53,54894,601.243,1980
263125982394406,94,53,54894,601.243,1980
263126032776110,96,52,54894,603.226,1980
263126082989284,96,52,54894,603.226,1980
263126133826233,96,52,54894,582.907,1980
263126184799984,96,52,54894,582.907,1980
263126235600579,6,6,54894,538.923,1980
263126287093020,6,6,54894,538.923,1980
263126343092547,6,6,54894,500.338,1980
263126394184930,6,6,54894,500.338,1980
263126444367920,7,4,54894,474.779,1980
263126496391622,7,4,54894,474.779,1980
263126546553980,7,4,54894,452.377,1980
263126598297701,7,4,54894,452.377,1980
263126651198206,56,27,54894,426.402,1980
263126703898720,56,27,54894,426.402,1980
263126756059582,56,27,54894,409.798,1980
263126807243208,56,27,54894,409.798,1980
263126857522423,57,28,54894,382.703,1980
263126907683389,57,28,54894,382.703,1980
263126960185235,57,28,54894,356.228,1980
263127012357402,59,29,54894,334.692,1980
263127062481536,59,29,54894,334.692,1980
263127112632143,59,29,54894,331.155,1980
263127163429186,59,29,54894,331.155,1980
263127214755176,69,34,54894,348.524,1980
263127264896302,69,34,54894,348.524,1980
263127315387055,69,34,54894,369.982,1980
263127366426193,69,34,54894,369.982,1980
263127417082417,84,44,54894,383.259,1980
263127475221897,84,44,54894,383.259,1980
263127525358425,84,44,54894,375.757,1980
263127575486017,84,44,54894,375.757,1980
263127628504600,55,28,54894,404.445,1980
263127678682550,55,28,54894,404.445,1980
263127728822443,55,28,54894,433.446,1980
263127778976177,55,28,54894,433.446,1980
263127829093775,97,49,54894,460.469,1980
263127879213382,97,49,54894,460.469,1980
263127929326157,97,49,54894,492.013,1980
263127979451879,97,49,54894,492.013,1980
263128029579519,98,49,54894,519.935,1980
263128079708406,98,49,54894,519.935,1980
263128129833102,98,49,54894,538.347,1980
263128179948350,98,49,54894,538.347,1980
263128230061699,83,45,54894,561.377,1980
263128280170381,83,45,54894,561.377,1980
263128330287861,83,45,54894,588.346,1980
263128380401202,83,45,54894,588.346,1980
263128430524115,94,53,54894,604.814,1980
263128480632286,94,53,54894,604.814,1980
263128530741690,94,53,54894,634.202,1980
263128580849543,94,53,54894,634.202,1980
263128630955843,94,54,54894,637.777,1980
263128681086280,94,54,54894,637.777,1980
263128731204034,94,54,54894,633.172,1980
263128781315408,94,54,54894,633.172,1980
263128831440243,94,53,54894,628.827,1980
263128881557850,94,53,54894,628.827,1980
263128931667991,94,53,54894,626.332,1980
263128981774179,94,53,54894,626.332,1980
263129031881707,94,53,54894,621.419,1980
263129081989295,94,53,54894,621.419,1980
263129132121905,94,53,54894,627.491,1980
263129182292199,94,53,54894,627.491,1980
263129232423254,94,54,54894,626.948,1980
263129282559940,94,54,54894,626.948,1980
263129332672955,94,54,54894,628.18,1980
263129382848254,94,54,54894,628.18,1980
263129432965042,94,53,54894,628.476,1980
263129483075137,94,53,54894,628.476,1980
263129533183648,94,53,54894,630.21,1980
263129583293138,94,53,54894,630.21,1980
263129633422240,94,53,54894,631.433,1980
263129683537824,94,53,54894,631.433,1980
263129733647371,94,53,54894,634.758,1980
263129783758382,94,53,54894,634.758,1980
263129833867948,94,54,54894,632.494,1980
263129883988161,94,54,54894,632.494,1980
263129934120130,94,54,54894,630.221,1980
263129985977924,94,54,54894,630.221,1980
263130037495664,94,52,54894,625.482,1980
263130088298961,94,52,54894,625.482,1980
263130139883547,94,52,54894,585.692,1980
263130191327196,94,52,54894,585.692,1980
263130242363034,2,2,54894,541.638,1980
263130293293507,2,2,54894,541.638,1980
263130344844522,2,2,54894,498.521,1980
263130397843050,2,2,54894,498.521,1980
263130447989651,33,16,54894,471.259,1980
263130500570588,33,16,54894,471.259,1980
263130554178232,33,16,54894,443.79,1980
263130606925360,33,16,54894,443.79,1980
263130659663137,56,26,54894,417.984,1980
263130711255718,56,26,54894,389.368,1980
263130761505175,56,26,54894,389.368,1980
263130811635466,59,28,54894,370.608,1980
263130863080599,59,28,54894,370.608,1980
263130913208943,59,28,54894,342.048,1980
263130963363845,59,28,54894,342.048,1980
263131014850594,65,32,54894,323.673,1980
263131065896697,65,32,54894,323.673,1980
263131117303850,65,32,54894,334.735,1980
263131168040312,65,32,54894,334.735,1980
263131218223846,79,41,54894,361.296,1980
263131268374337,79,41,54894,361.296,1980
263131318521307,79,41,54894,385.159,1980
263131377347694,79,41,54894,385.159,1980
263131427468940,78,41,54894,377.055,1980
263131477606227,78,41,54894,377.055,1980
263131527755904,78,41,54894,405.094,1980
263131577871841,78,41,54894,405.094,1980
263131627986994,97,51,54894,434.036,1980
263131678117791,97,51,54894,434.036,1980
263131728234723,97,51,54894,461.253,1980
263131778347089,97,51,54894,461.253,1980
263131828464636,97,51,54894,488.857,1980
263131878575043,97,51,54894,488.857,1980
263131928705067,97,51,54894,517.815,1980
263131978821599,97,51,54894,517.815,1980
263132028940114,98,51,54894,549.78,1980
263132079048979,98,51,54894,549.78,1980
263132129160427,98,51,54894,567.839,1980
263132179277710,98,51,54894,567.839,1980
263132229389341,95,51,54894,589.392,1965
263132279500829,95,51,54894,589.392,1965
263132329611402,95,51,54894,606.771,1965
263132379718603,95,51,54894,606.771,1965
263132429862470,94,54,54894,643.946,1965
263132479976691,94,54,54894,643.946,1965
263132530088798,94,54,54894,640.305,1980
263132580205626,94,54,54894,640.305,1980
263132630353103,96,53,54894,633.448,1980
263132680482871,96,53,54894,633.448,1980
263132730597293,96,53,54894,630.125,1980
263132780715486,96,53,54894,630.125,1980
263132830831302,98,56,54894,626.012,1980
263132880938029,98,56,54894,626.012,1980
263132931073160,98,56,54894,621.158,1980
263132981187336,98,56,54894,621.158,1980
263133031307358,95,54,54894,618.375,1980
263133081416922,95,54,54894,618.375,1980
263133131527124,95,54,54894,621.118,1980
263133181711149,95,54,54894,621.118,1980
263133231878833,94,55,54894,619.031,1980
263133282020481,94,55,54894,619.031,1980
263133332138755,94,55,54894,616.367,1980
263133382253450,94,55,54894,616.367,1980
263133432365917,94,54,54894,616.808,1980
263133482477372,94,54,54894,616.808,1980
263133532657654,94,54,54894,618.049,1980
263133582776022,94,54,54894,618.049,1980
263133632888137,96,53,54894,622.753,1980
263133683010173,96,53,54894,622.753,1980
263133733124892,96,53,54894,619.989,1980
263133784020442,96,53,54894,619.989,1980
263133834131830,94,53,54894,618.71,1980
263133884242577,94,53,54894,618.71,1980
263133934363886,94,53,54894,620.508,1980
263133984477350,94,53,54894,620.508,1980
263134034588480,94,54,54894,619.884,1980
263134087312009,94,54,54894,619.884,1980
263134137429280,94,54,54894,602.655,1980
263134188223428,94,54,54894,602.655,1980
263134239266492,11,11,54894,559.421,1980
263134290059722,11,11,54894,559.421,1980
263134341667506,11,11,54894,518.899,1980
263134393432155,11,11,54894,518.899,1980
263134446479767,8,4,54894,488.809,1980
263134499199932,8,4,54894,488.809,1980
263134549379265,8,4,54894,459.25,1980
263134601370256,8,4,54894,459.25,1980
263134654195879,55,26,54894,431.747,1980
263134705181315,55,26,54894,431.747,1980
263134757610398,55,26,54894,413.742,1980
263134807780743,55,26,54894,413.742,1980
263134858938329,59,28,54894,387.595,1980
263134909318762,59,28,54894,387.595,1980
263134961251714,59,28,54894,367.046,1980
263135012076605,59,28,54894,367.046,1980
263135063235876,64,31,54894,339.419,1980
263135114021148,64,31,54894,332.491,1980
263135165614669,64,31,54894,332.491,1980
263135216491849,71,38,54894,350.824,1980
263135266658043,71,38,54894,350.824,1980
263135316820072,71,38,54894,376.78,1980
263135367052957,71,38,54894,376.78,1980
263135422771018,99,52,54894,380.752,1980
263135472968125,99,52,54894,380.752,1980
263135523102740,99,52,54894,391.912,1980
263135573233866,99,52,54894,391.912,1980
263135623355686,97,51,54894,425.555,1980
263135673531908,97,51,54894,425.555,1980
263135723671855,97,51,54894,452.319,1980
263135773802018,97,51,54894,452.319,1980
263135823916927,98,50,54894,478.761,1980
263135874031252,98,50,54894,478.761,1980
263135924983762,98,50,54894,508.899,1980
263135975216284,98,50,54894,508.899,1980
263136025408217,97,50,54894,532.709,1980
263136075590884,97,50,54894,532.709,1980
263136125752353,97,50,54894,554.976,1980
263136175919685,97,50,54894,554.976,1980
263136226055692,94,51,54894,574.52,1980
263136276189323,94,51,54894,574.52,1980
263136326349703,94,51,54894,596.699,1980
263136376489569,94,51,54894,596.699,1980
263136426635379,94,53,54894,617.932,1980
263136476753784,94,53,54894,617.932,1980
263136526894762,94,53,54894,644.694,1980
263136577027739,94,53,54894,644.694,1980
263136627147665,94,54,54894,635.615,1980
263136677272973,94,54,54894,635.615,1980
263136727384707,94,54,54894,628.529,1980
263136777501809,94,54,54894,628.529,1980
263136827621829,98,56,54894,621.598,1980
263136879039607,98,56,54894,621.598,1980
263136929155041,98,56,54894,616.924,1980
263136979269456,98,56,54894,616.924,1980
263137029384939,94,54,54894,611.159,1980
263137079495663,94,54,54894,611.159,1980
263137129606041,94,54,54894,615.366,1980
263137179718752,94,54,54894,615.366,1980
263137229826788,96,52,54894,616.034,1980
263137279936258,96,52,54894,616.034,1980
263137330052839,96,52,54894,614.589,1980
263137380162426,96,52,54894,614.589,1980
263137430286542,98,55,54894,613.832,1980
263137480393477,98,55,54894,613.832,1980
263137530496987,98,55,54894,609.841,1980
263137580602318,98,55,54894,609.841,1980
263137630721746,94,53,54894,614.175,1980
263137680830861,94,53,54894,614.175,1980
263137730936196,94,53,54894,615.565,1980
263137781057270,94,53,54894,615.565,1980
263137831171524,96,53,54894,615.525,1980
263137881292161,96,53,54894,615.525,1980
263137931408603,96,53,54894,614.559,1980
263137981578764,96,53,54894,614.559,1980
263138036498372,94,53,54894,611.364,1980
263138087244681,94,53,54894,611.364,1980
263138138342266,94,53,54894,571.211,1980
263138189269123,94,53,54894,571.211,1980
263138239883219,2,2,54894,526.378,1980
263138291075705,2,2,54894,526.378,1980
263138343347858,2,2,54894,491.369,1980
263138393506824,2,2,54894,491.369,1980
263138446102767,37,18,54894,462.528,1980
263138498799310,37,18,54894,462.528,1980
263138548917160,37,18,54894,439.761,1980
263138602138507,37,18,54894,439.761,1980
263138654683855,55,26,54894,415.683,1980
263138705587915,55,26,54894,415.683,1980
263138756603064,55,26,54894,392.916,1980
263138807316961,55,26,54894,392.916,1980
263138858218743,56,27,54894,371.173,1980
263138908377124,56,27,54894,371.173,1980
263138958632367,56,27,54894,344.848,1980
263139010931626,56,27,54894,344.848,1980
263139061070298,60,30,54894,326.63,1980
263139111419129,60,30,54894,326.63,1980
263139161615935,60,30,54894,336.677,1980
263139212987803,60,30,54894,336.677,1980
263139263474204,71,37,54894,361.636,1980
263139313645787,71,37,54894,361.636,1980
263139364289660,71,37,54894,379.246,1980
263139420418366,96,49,54894,379.476,1980
263139470560066,96,49,54894,379.476,1980
263139520683457,96,49,54894,387.317,1980
263139570806657,96,49,54894,387.317,1980
263139620919054,97,52,54894,417.782,1980
263139671036837,97,52,54894,417.782,1980
263139721162453,97,52,54894,447.199,1980
263139771279656,97,52,54894,447.199,1980
263139821400057,98,51,54894,478.714,1980
263139871514192,98,51,54894,478.714,1980
263139921621963,98,51,54894,505.04,1980
263139971741358,98,51,54894,505.04,1980
263140021858579,98,51,54894,531.772,1980
263140071981435,98,51,54894,531.772,1980
263140122049595,98,51,54894,552.91,1980
263140172409714,98,51,54894,552.91,1980
263140222593036,97,52,54894,573.526,1980
263140272756197,97,52,54894,573.526,1980
263140322900481,97,52,54894,592.361,1980
263140373041549,97,52,54894,592.361,1980
263140423685809,94,54,54894,621.13,1980
263140473805008,94,54,54894,621.13,1980
263140523931822,94,54,54894,640.184,1980
263140574050512,94,54,54894,640.184,1980
263140624166608,94,55,54894,634.507,1980
263140675369426,94,55,54894,634.507,1980
263140725479273,94,55,54894,625.799,1980
263140775588836,94,55,54894,625.799,1980
263140825694760,94,54,54894,621.145,1980
263140875810125,94,54,54894,621.145,1980
263140927117244,94,54,54894,619.317,1980
263140977228479,94,54,54894,619.317,1980
263141027337467,96,53,54894,613.771,1980
263141077448479,96,53,54894,613.771,1980
263141127601832,96,53,54894,614.581,1980
263141178224835,96,53,54894,614.581,1980
263141228343592,98,55,54894,616.168,1980
263141278451490,98,55,54894,616.168,1980
263141328564682,98,55,54894,615.708,1980
263141378699838,98,55,54894,615.708,1980
263141429268417,95,54,54894,617.609,1980
263141479381626,95,54,54894,617.609,1980
263141529490892,95,54,54894,615.488,1980
263141579603952,95,54,54894,615.488,1980
263141629720294,97,56,54894,613.559,1980
263141681194647,97,56,54894,613.559,1980
263141731308395,97,56,54894,616.106,1980
263141781418140,97,56,54894,616.106,1980
263141831574785,94,54,54894,617.374,1980
263141881686785,94,54,54894,617.374,1980
263141932156907,94,54,54894,615.403,1980
263141982271567,94,54,54894,615.403,1980
263142032384687,96,54,54894,614.025,1980
263142082495149,96,54,54894,614.025,1980
263142134527619,96,54,54894,604.176,1980
263142185145020,96,54,54894,604.176,1980
263142235963310,25,25,54894,561.947,1980
263142286713483,25,25,54894,561.947,1980
263142337499162,25,25,54894,517.278,1980
263142391409355,25,25,54894,517.278,1980
263142444213029,2,1,54894,482.141,1980
263142497036071,2,1,54894,482.141,1980
263142549741883,2,1,54894,461.667,1980
263142603308611,2,1,54894,461.667,1980
263142653525115,55,26,54894,435.019,1980
263142705824431,55,26,54894,435.019,1980
263142756039207,55,26,54894,409.05,1980
263142806211609,55,26,54894,409.05,1980
263142856375033,57,27,54894,383.341,1980
263142909004985,57,27,54894,383.341,1980
263142960524303,57,27,54894,365.093,1980
263143011985997,57,27,54894,365.093,1980
263143062220844,54,26,54894,336.387,1980
263143112358077,54,26,54894,336.387,1980
263143163262500,54,26,54894,325.397,1980
263143213454833,54,26,54894,325.397,1980
263143263654324,88,45,54894,348.525,1980
263143313871387,88,45,54894,348.525,1980
263143380340940,88,45,54894,369.513,1980
263143430465466,98,52,54894,371.557,1980
263143480585415,98,52,54894,371.557,1980
263143530756912,98,52,54894,398.007,1980
263143580877640,98,52,54894,398.007,1980
263143630997749,98,50,54894,425.855,1980
263143681114219,98,50,54894,425.855,1980
263143731231065,98,50,54894,452.75,1980
263143781346837,98,50,54894,452.75,1980
263143831462750,98,50,54894,480.923,1980
263143881598275,98,50,54894,480.923,1980
263143931715587,98,50,54894,512.138,1980
263143981892534,98,50,54894,512.138,1980
263144032004694,98,50,54894,532.187,1980
263144082170369,98,50,54894,532.187,1980
263144132305797,98,50,54894,556.096,1980
263144182428985,98,50,54894,556.096,1980
263144232544980,94,51,54894,575.634,1980
263144282657684,94,51,54894,575.634,1980
263144332770220,94,51,54894,596.419,1980
263144382878562,94,51,54894,596.419,1980
263144432985124,94,54,54894,624.494,1980
263144483095241,94,54,54894,624.494,1980
263144533205120,94,54,54894,631.711,1980
263144583336100,94,54,54894,631.711,1980
263144633450122,94,53,54894,627.987,1980
263144683562481,94,53,54894,627.987,1980
263144733674880,94,53,54894,626.929,1980
263144783787525,94,53,54894,626.929,1980
263144833899008,94,53,54894,624.394,1980
263144884038762,94,53,54894,624.394,1980
263144934176470,94,53,54894,619.27,1980
263144984301761,94,53,54894,619.27,1980
263145034414019,94,54,54894,622.183,1980
263145084526790,94,54,54894,622.183,1980
263145134638529,94,54,54894,622.656,1980
263145185840142,94,54,54894,622.656,1980
263145235955398,94,53,54894,619.253,1980
263145286065235,94,53,54894,619.253,1980
263145336171374,94,53,54894,620.335,1980
263145386278347,94,53,54894,620.335,1980
263145436387608,94,53,54894,621.98,1980
263145486500809,94,53,54894,621.98,1980
263145536610076,94,53,54894,623.216,1980
263145586727807,94,53,54894,623.216,1980
263145636836452,94,54,54894,620.208,1980
263145686946894,94,54,54894,620.208,1980
263145737067614,94,54,54894,617.674,1980
263145787840776,94,54,54894,617.674,1980
263145837952261,94,53,54894,615.369,1980
263145888068773,94,53,54894,615.369,1980
263145939675219,94,53,54894,614.623,1980
