t_ns,util_gpu_pct,util_mem_pct,mem_used_mib,power_w,sm_clock_mhz
264013418464635,2,0,962,109.367,1980
264013471702787,2,0,962,114.32,1980
264013526255228,2,0,964,114.32,1980
264013578179584,0,0,6852,119.202,1980
264013628364647,0,0,6852,119.202,1980
264013678555854,0,0,6852,123.658,1980
264013728679250,0,0,6852,123.658,1980
264013778785023,19,0,6852,128.594,1980
264013832133861,19,0,6852,128.594,1980
264013882387287,19,0,6852,133.447,1980
264013932597958,19,0,6852,133.447,1980
264013983073175,13,0,6852,138.342,1980
264014033254527,13,0,6852,138.342,1980
264014083462976,13,0,6852,143.222,1980
264014133678628,13,0,6852,143.222,1980
264014183913227,12,0,6852,148.805,1980
264014234145796,12,0,6852,148.805,1980
264014284347021,12,0,6852,150.237,1980
264014334527741,12,0,6852,150.237,1980
264014384734162,12,0,6852,150.025,1980
264014434959223,12,0,6852,150.025,1980
264014485131726,12,0,6852,150.099,1980
264014535354987,12,0,6852,150.099,1980
264014663506350,14,0,6872,150.263,1980
264014713646295,14,0,6872,150.263,1980
264014827588721,0,0,6872,150.145,1980
264014974107721,0,0,6872,149.993,1980
264015024232517,0,0,6872,149.993,1980
264015074337519,0,0,6872,149.921,1980
264015129045119,0,0,6872,149.921,1980
264015182603554,0,0,6872,149.833,1980
264015232714237,0,0,6872,149.833,1980
264015379556771,0,0,6872,149.642,1980
264015533098961,0,0,6872,149.506,1980
264015607112224,0,0,6872,149.384,1980
264015678232380,0,0,6872,149.3,1980
264015804647317,0,0,6872,149.316,1980
264015864881170,0,0,6872,149.345,1980
264015930158822,0,0,6872,149.345,1980
264016000491784,0,0,6872,149.347,1980
264016065770151,0,0,6872,149.312,1980
264016136106579,0,0,6872,149.312,1980
264016568405088,0,0,6872,149.306,1980
264016628643368,0,0,6872,149.306,1980
264016698987321,0,0,6872,149.293,1980
264016764261620,0,0,6872,149.267,1980
264016829540639,0,0,6872,149.267,1980
264016899876609,0,0,6872,149.273,1980
264016970209191,0,0,6872,149.251,1980
264017424187919,0,0,6872,149.263,1980
264017487337739,0,0,6872,149.296,1980
264017537450446,0,0,6872,149.296,1980
264017587744435,0,0,6872,149.335,1980
264017638182261,0,0,6872,149.335,1980
264017688283955,0,0,6872,149.355,1980
264017738387664,0,0,6872,149.355,1980
264017794773835,0,0,6872,149.374,1980
264017846459031,0,0,6872,149.36,1980
264017896976145,0,0,6872,149.36,1980
264017947080484,0,0,6872,149.392,1980
264017997184400,0,0,6872,149.392,1980
264018047343177,0,0,6872,149.386,1980
264018097446352,0,0,6872,149.386,1980
264018147612604,0,0,6872,149.387,1980
264018197755019,0,0,6872,149.387,1980
264018248061183,0,0,6872,149.402,1980
264018300883349,0,0,6872,149.402,1980
264018352306811,0,0,6872,149.386,1980
264018402503792,0,0,6872,149.386,1980
264018452622640,0,0,6872,149.366,1980
264018502741566,0,0,6872,149.366,1980
264018552857043,0,0,6872,149.367,1980
264018605698581,0,0,6872,149.367,1980
264018655806058,0,0,6872,149.38,1980
264018705912753,0,0,6872,149.38,1980
264018756930728,0,0,6872,149.373,1980
264018807039397,0,0,6872,149.373,1980
264018857141284,0,0,6872,149.362,1980
264018907248482,0,0,6872,149.362,1980
264019335468954,0,0,6872,149.306,1980
264019385640508,0,0,7036,149.328,1980
264019824056178,0,0,7036,149.34,1980
264019874201810,0,0,7502,149.373,1980
264019924516208,0,0,7520,149.373,1980
264019974717453,1,0,7520,149.402,1980
264020024892319,1,0,7520,149.402,1980
264020076812741,1,0,7520,149.429,1980
264020126938713,1,0,7520,149.429,1980
264020177052160,0,0,7520,149.448,1980
264020227177201,0,0,7520,149.448,1980
264020277414815,0,0,7520,149.48,1980
264020329398820,0,0,7520,149.48,1980
264020379512148,0,0,7520,149.478,1980
264020431329820,0,0,7520,149.478,1980
264020481437466,0,0,7520,149.469,1980
264020531571134,0,0,7520,149.469,1980
264020586420823,0,0,7520,149.493,1980
264020636534230,0,0,7520,149.493,1980
264020686660831,0,0,7520,149.499,1980
264020738519848,0,0,7520,149.499,1980
264020789087495,0,0,7520,149.498,1980
264020839200657,0,0,7520,149.498,1980
264020889380832,0,0,7520,149.495,1980
264020939544625,0,0,7520,149.495,1980
264020989682736,0,0,7520,149.523,1980
264021039814844,0,0,7520,149.523,1980
264021089937584,0,0,7520,149.536,1980
264021140438102,0,0,7520,149.536,1980
264021190576366,0,0,7520,149.567,1980
264021240695542,0,0,7520,149.567,1980
264021290810325,0,0,7520,149.559,1980
264021340922550,0,0,7520,149.559,1980
264021391038232,0,0,7520,149.56,1980
264021441263419,0,0,8440,149.56,1980
264021491368032,0,0,10136,149.566,1980
264021541472473,0,0,10136,149.566,1980
264021591574546,0,0,10136,149.558,1980
264021641680570,0,0,10136,149.558,1980
264021691840897,0,0,10136,149.559,1980
264021741977319,0,0,10136,149.559,1980
264021792123833,0,0,10582,149.534,1980
264021842266655,0,0,10582,149.534,1980
264021892402646,0,0,10582,149.52,1980
264021942528392,0,0,10582,149.52,1980
264021992639449,0,0,10582,149.485,1980
264022042747982,0,0,10582,149.485,1980
264022092944646,0,0,10582,149.455,1980
264022143175470,0,0,10582,149.455,1980
264022193419590,0,0,10582,149.435,1980
264022243586943,0,0,10582,149.435,1980
264022293730060,0,0,10582,149.504,1980
264022343852424,0,0,10582,149.504,1980
264022393963963,15,0,10582,149.627,1980
264022444072430,15,0,10582,149.627,1980
264022494210783,15,0,10582,149.711,1980
264022544321275,15,0,10582,149.711,1980
264022594431359,15,0,10582,149.83,1980
264022700866253,15,0,10582,149.933,1980
264023034457531,0,0,10582,149.965,1980
264023344562633,1,0,10116,149.929,1980
264023668331059,0,0,10156,149.503,1980
264023718558806,0,0,10156,149.503,1980
264023768684400,0,0,10156,149.513,1980
264023818800085,0,0,10156,149.513,1980
264023868914411,0,0,10156,149.521,1980
264023919027769,0,0,10156,149.521,1980
264023969139544,0,0,10156,149.504,1980
264024019242150,0,0,10156,149.504,1980
264024069347799,0,0,10156,149.491,1980
264024119451089,0,0,10156,149.491,1980
264024169549904,0,0,10156,149.503,1980
264024219653789,0,0,10156,149.503,1980
264024269826303,0,0,10156,149.481,1980
264024320014379,0,0,10156,149.481,1980
264024370176462,0,0,10156,149.441,1980
264024420325825,0,0,10156,149.441,1980
264024470453519,0,0,10156,149.473,1980
264024520578756,0,0,10156,149.473,1980
264024570695165,0,0,10156,149.473,1980
264024620796144,0,0,10156,149.473,1980
264024670896489,0,0,10156,149.462,1980
264024720997192,0,0,10156,149.462,1980
264024771100498,0,0,10156,149.471,1980
264024821199461,0,0,10156,149.471,1980
264024871297638,0,0,10156,149.44,1980
264024921400416,0,0,10156,149.44,1980
264024971503457,0,0,10156,149.463,1980
264025021615961,0,0,10156,149.463,1980
264025071750910,0,0,10156,149.472,1980
264025121866835,0,0,10156,149.472,1980
264025171969079,0,0,10156,149.482,1980
264025222068278,0,0,10156,149.482,1980
264025272166586,0,0,10156,149.498,1980
264025322265475,0,0,10156,149.498,1980
264025372363767,0,0,10156,149.515,1980
264025422465149,0,0,10156,149.515,1980
264025472563615,0,0,10156,149.489,1980
264025522661882,0,0,10156,149.489,1980
264025572758599,0,0,10156,149.492,1980
264025622857390,0,0,10156,149.492,1980
264025672955614,0,0,10156,149.498,1980
264025723059798,0,0,10156,149.498,1980
264025773169802,0,0,10156,149.483,1980
264025823267928,0,0,10156,149.483,1980
264025873364658,0,0,10156,149.52,1980
264025923462302,0,0,10156,149.52,1980
264025975759178,0,0,10156,149.546,1980
264026025861457,0,0,10156,149.546,1980
264026075964104,0,0,10156,149.551,1980
264026126065528,0,0,10156,149.551,1980
264026176163629,0,0,10156,149.525,1980
264026226261824,0,0,10156,149.525,1980
264026276369565,0,0,10156,149.533,1980
264026326492891,0,0,10156,149.533,1980
264026376665706,0,0,10156,149.534,1980
264026426800385,0,0,10156,149.534,1980
264026476906739,0,0,10156,149.508,1980
264026527013360,0,0,10156,149.508,1980
264026577116007,0,0,10156,149.545,1980
264026627216723,0,0,10156,149.545,1980
264026677319996,0,0,10156,149.544,1980
264026727424322,0,0,10156,149.544,1980
264026777531175,0,0,10156,149.518,1980
264026827634237,0,0,10156,149.518,1980
264026877739090,0,0,10156,149.485,1980
264026927844364,0,0,10156,149.485,1980
264026977994872,0,0,10156,149.456,1980
264027028125587,0,0,10156,149.456,1980
264027078540499,0,0,10156,149.443,1980
264027128660953,0,0,10156,149.443,1980
264027193967193,0,0,10156,149.433,1980
264027252582791,0,0,10156,149.422,1980
264027303834819,0,0,10156,149.422,1980
264027354962244,0,0,10156,149.428,1980
264027405105333,0,0,10184,149.428,1980
264027455264706,0,0,10282,149.464,1980
264027505382459,0,0,10574,149.464,1980
264027555501130,17,9,10574,159.666,1980
264028251443265,0,0,10574,160.685,1980
264028584616387,0,0,10254,152.667,1980
264028914588327,0,0,10282,150.598,1980
264028964753768,0,0,10342,150.582,1980
264029014920572,0,0,10368,150.582,1980
264029065087660,0,0,10348,152.598,1980
264029115196942,0,0,10352,152.598,1980
264029165339150,12,4,10376,154.298,1980
264029215497322,12,4,10378,154.298,1980
264029265644627,12,4,10380,155.696,1980
264029315802609,12,4,10368,155.696,1980
264029365943506,9,3,10372,157.005,1980
264029416215038,9,3,10394,157.005,1980
264029466366348,9,3,10380,158.282,1980
264029516476744,9,3,10382,158.282,1980
264029566599948,10,3,10406,159.281,1980
264029616808072,10,3,10392,159.281,1980
264029666943030,10,3,10396,160.119,1980
264029717059487,10,3,10400,160.119,1980
264029767175711,11,4,10404,161.545,1980
264030126489072,0,0,10406,160.153,1980
264030475030694,0,0,10406,154.624,1980
264030525155838,0,0,18718,154.624,1980
264030575660927,3,3,18718,153.932,1980
264030627883308,3,3,18718,153.932,1980
264030677986309,3,3,18718,153.454,1980
264030728108286,3,3,18718,153.454,1980
264030778218548,0,0,18718,152.121,1980
264030828336718,0,0,18718,152.121,1980
264030878458141,0,0,18718,151.009,1980
264030928574130,0,0,18718,151.009,1980
264030978685303,0,0,18718,151.015,1980
264031028794417,0,0,18718,151.015,1980
264031078920382,0,0,18718,150.996,1980
264031129071517,0,0,18718,150.996,1980
264031179192227,0,0,18718,150.983,1980
264031229307689,0,0,18718,150.983,1980
264031279466622,0,0,18718,150.994,1980
264031329595898,0,0,18718,150.994,1980
264031380195596,0,0,18718,150.981,1980
264031430312298,0,0,18718,150.981,1980
264031480423104,0,0,18718,151.003,1980
264031530541218,0,0,18718,151.003,1980
264031580698752,0,0,18718,150.534,1980
264031630866716,0,0,18718,150.534,1980
264031680975569,0,0,18718,150.527,1980
264031731162872,0,0,18718,150.527,1980
264031781949409,0,0,18718,150.543,1980
264031832600516,0,0,18718,150.543,1980
264031884213546,0,0,18718,150.602,1980
264031934336146,0,0,18718,150.602,1980
264031984536327,0,0,18718,150.601,1980
264032034691431,0,0,19038,150.601,1980
264032084825275,0,0,19038,160.879,1980
264032134942145,0,0,19038,160.879,1980
264032185053876,0,0,19038,161.116,1980
264032235159742,0,0,19038,161.116,1980
264032285343475,0,0,19040,161.096,1980
264032335480158,0,0,19040,161.096,1980
264032389869794,3,1,19040,162.064,1980
264032439977750,3,1,19042,162.064,1980
264032490051381,3,1,19042,161.906,1980
264032540168135,3,1,19042,161.906,1980
264032590276162,1,0,19042,162.18,1980
264032640378813,1,0,19042,162.18,1980
264032690486397,1,0,19042,162.541,1980
264032740589695,1,0,19042,162.541,1980
264033124900557,0,0,18790,155.541,1980
264033175053454,1,0,18874,153.954,1980
264033225172932,1,0,18870,153.954,1980
264033275285693,1,0,18868,155.128,1980
264033325415891,1,0,18848,155.128,1980
264033375543855,11,3,18848,155.336,1980
264033425671281,11,3,18864,155.336,1980
264033475802196,11,3,18848,156.569,1980
264033525919938,11,3,18848,156.569,1980
264033576077285,9,2,18848,157.591,1980
264033626214295,9,2,18868,157.591,1980
264033676384947,9,2,18848,158.9,1980
264033726493535,9,2,18848,158.9,1980
264033776602031,11,3,18848,159.096,1980
264033826719754,11,3,18848,159.096,1980
264033876839786,11,3,18848,159.727,1980
264033926958674,11,3,18870,159.727,1980
264033977066976,10,4,18852,161.553,1980
264034027216898,10,4,18874,161.553,1980
264034077338325,10,4,18856,164.51,1980
264034449202844,0,0,18858,163.293,1980
264034499712862,0,0,18858,162.252,1980
264034549823199,0,0,18858,162.252,1980
264034607459261,0,0,18858,160.738,1980
264034669476703,0,0,18858,159.532,1980
264034719632645,0,0,18858,159.532,1980
264034769775960,0,0,18858,157.849,1980
264034819888752,0,0,18858,157.849,1980
264034870008064,0,0,18858,156.839,1980
264034920111091,0,0,18858,156.839,1980
264034970232987,0,0,18858,155.297,1980
264035020350851,0,0,18858,155.297,1980
264035070452563,0,0,18858,152.644,1980
264035120553652,0,0,18858,152.644,1980
264035170654605,0,0,18858,150.646,1980
264035220903502,0,0,18858,150.646,1980
264035271019990,0,0,18858,150.621,1980
264035321125125,0,0,18858,150.621,1980
264035371263566,0,0,18858,150.627,1980
264035421374301,0,0,18858,150.627,1980
264035471476624,0,0,18858,150.638,1980
264035521723327,0,0,18858,150.638,1980
264035571824461,0,0,18858,150.636,1980
264035621923020,0,0,18858,150.636,1980
264035672101203,0,0,18858,150.649,1980
264035722213440,0,0,18858,150.649,1980
264035772315335,0,0,18858,150.61,1980
264035822415677,0,0,18858,150.61,1980
264035872620284,0,0,18858,150.578,1980
264035922761702,0,0,18858,150.578,1980
264035974469113,0,0,18858,150.564,1980
264036024962680,0,0,18858,150.564,1980
264036075084124,0,0,18858,150.535,1980
264036129845734,0,0,18858,150.535,1980
264036180005086,0,0,18858,150.521,1980
264036552995560,0,0,18858,150.542,1980
264036603116710,0,0,18858,150.542,1980
264036654138691,0,0,18858,150.551,1980
264036704243921,0,0,18858,150.551,1980
264036822018404,0,0,18858,150.55,1980
264036966624614,0,0,18858,150.602,1980
264037019226004,0,0,18858,150.602,1980
264037069931851,0,0,18858,150.609,1980
264037120877826,0,0,18858,150.609,1980
264037171973787,2,2,18858,151.019,1980
264037222075817,2,2,18858,151.019,1980
264037272175836,2,2,18858,151.618,1980
264037470108496,10,5,18898,155.468,1980
264037520849801,10,5,18898,155.468,1980
264037572456417,32,15,18898,163.779,1980
264037624193699,32,15,18898,163.779,1980
264037675971417,32,15,18898,183.168,1980
264037726331386,32,15,18898,183.168,1980
264037776465497,77,38,18898,203.26,1980
264037826929041,77,38,18898,203.26,1980
264037877607631,77,38,18898,223.118,1980
264037928474725,77,38,18898,223.118,1980
264037978577451,87,43,18898,245.357,1980
264038028711092,87,43,18898,245.357,1980
264038078893602,87,43,18898,264.458,1980
264038129014422,87,43,18898,264.458,1980
264038179256577,98,48,18898,287.847,1980
264038229355893,98,48,18898,287.847,1980
264038279468163,98,48,18898,310.108,1980
264038329591218,98,48,18898,310.108,1980
264038379710031,16,7,18900,309.734,1980
264038429829689,16,7,20956,309.734,1980
264038479932846,16,7,25098,319.125,1980
264038530042151,16,7,25098,319.125,1980
264038580140393,81,41,25098,353.28,1980
264038630240691,81,41,25098,353.28,1980
264038680338358,81,41,25098,381.403,1980
264038730445383,81,41,25098,381.403,1980
264038781055185,80,41,25098,397.858,1980
264038831161958,80,41,31770,397.858,1980
264038881272243,80,41,35572,392.727,1980
264038931376708,80,41,36828,392.727,1980
264038981499330,38,22,36828,390.425,1980
264039031606234,38,22,42762,390.425,1980
264039081717864,38,22,42762,412.132,1980
264039131834933,38,22,42762,412.132,1980
264039181942804,96,52,42762,431.116,1980
264039232055874,96,52,42762,431.116,1980
264039282161242,96,52,42762,451.67,1980
264039332260884,96,52,42762,451.67,1980
264039382361591,98,54,42762,494.76,1980
264039432459837,98,54,42762,494.76,1980
264039482563418,98,54,42762,525.02,1980
264039532665118,98,54,42762,525.02,1980
264039582760894,96,54,42762,528.806,1980
264039632858322,96,54,42762,528.806,1980
264039682957182,96,54,42762,525.059,1980
264039733043020,96,54,42762,525.059,1980
264039783205823,97,53,42762,530.168,1980
264039833429978,97,53,42762,530.168,1980
264039883584718,97,53,42762,555.465,1980
264039933701347,97,53,42762,555.465,1980
264039984507414,30,28,42762,545.469,1980
264040035703643,30,28,42762,545.469,1980
264040086387065,30,28,42762,504.71,1980
264040136497435,30,28,42762,504.71,1980
264040188125325,2,1,42762,461.292,1980
264040238273594,2,1,42762,461.292,1980
264040289463461,2,1,42762,437.69,1980
264040339667578,2,1,42762,437.69,1980
264040391133834,75,36,42762,412.84,1980
264040441251358,75,36,42762,412.84,1980
264040492506473,75,36,42762,390.883,1980
264040543773801,75,36,42762,390.883,1980
264040594092518,82,40,42762,369.911,1980
264040644208363,82,40,42762,369.911,1980
264040695079104,82,40,42762,354.586,1980
264040745245007,82,40,42762,354.586,1980
264040795403212,95,47,42762,329.34,1980
264040846121408,95,47,42762,329.34,1980
264040896290713,95,47,42762,312.571,1980
264040946534740,95,47,42762,312.571,1980
264040996646167,88,44,42764,322.879,1980
264041046749802,88,44,43956,322.879,1980
264041096851723,88,44,43956,365.687,1980
264041146982594,88,44,43956,365.687,1980
264041197086111,98,51,43956,406.417,1980
264041247211483,98,51,43956,406.417,1980
264041297311912,98,51,48746,436.777,1980
264041347411970,98,51,48746,436.777,1980
264041397511670,89,48,52272,458.585,1980
264041447613732,89,48,54652,458.585,1980
264041497729730,89,48,54652,479.996,1980
264041547835032,89,48,54652,479.996,1980
264041597934218,96,54,54652,499.533,1980
264041648040949,96,54,54652,499.533,1980
264041698149927,96,54,54652,521.156,1980
264041748270668,96,54,54652,521.156,1980
264041798382839,96,55,54652,539.172,1980
264041848535292,96,55,54652,539.172,1980
264041898638414,96,55,54652,564.316,1980
264041948738017,96,55,54652,564.316,1980
264041998838202,96,54,54652,582.675,1980
264042048938037,96,54,54652,582.675,1980
264042099052553,96,54,54652,580.074,1980
264042149156785,96,54,54652,580.074,1980
264042199253997,97,53,54652,573.107,1980
264042250703361,97,53,54652,573.107,1980
264042301654945,97,53,54652,561.952,1980
264042352524287,97,53,54652,561.952,1980
264042403400431,10,10,54652,519.898,1980
264042455156676,10,10,54652,477.389,1980
264042506031220,10,10,54652,477.389,1980
264042556139919,43,20,54652,453.43,1980
264042607542284,43,20,54652,453.43,1980
264042658279423,43,20,54652,433.511,1980
264042708395079,43,20,54652,433.511,1980
264042758830111,79,38,54652,416.916,1980
264042810024168,79,38,54652,416.916,1980
264042860807452,79,38,54652,395.686,1980
264042911852771,79,38,54652,395.686,1980
264042962090742,90,45,54652,374.198,1980
264043012279305,90,45,54652,374.198,1980
264043062602947,90,45,54652,357.895,1980
264043112710244,90,45,54652,357.895,1980
264043162833143,100,50,54652,344.993,1980
264043221355457,100,50,54652,344.993,1980
264043271508519,100,50,54654,327.4,1980
264043321639102,100,50,54654,327.4,1980
264043371752315,74,37,54654,373.477,1980
264043421866979,74,37,54654,373.477,1980
264043471987689,74,37,54654,421.407,1980
264043523323379,74,37,54654,421.407,1980
264043573433762,92,46,54654,445.465,1980
264043623545814,92,46,54654,445.465,1980
264043673624414,92,46,54654,458.592,1980
264043723742564,92,46,54654,458.592,1980
264043773860150,96,52,54654,480.177,1980
264043823970871,96,52,54654,480.177,1980
264043874042648,96,52,54654,499.817,1980
264043924143012,96,52,54654,499.817,1980
264043974251634,96,54,54654,521.886,1980
264044024361557,96,54,54654,521.886,1980
264044074482041,96,54,54654,540.605,1980
264044124607021,96,54,54654,540.605,1980
264044174726499,96,54,54654,553.737,1980
264044225448788,96,54,54654,553.737,1980
264044275553523,96,54,54654,579.209,1980
264044325657371,96,54,54654,579.209,1980
264044375763364,99,54,54654,576.949,1980
264044425863412,99,54,54654,576.949,1980
264044475964238,99,54,54654,570.124,1980
264044526713741,99,54,54654,570.124,1980
264044577500732,47,38,54654,538.182,1980
264044628278762,47,38,54654,538.182,1980
264044679346885,47,38,54654,504.679,1980
264044729499039,47,38,54654,504.679,1980
264044780955231,21,11,54654,473.393,1980
264044831097341,21,11,54654,473.393,1980
264044881239200,21,11,54654,451.035,1980
264044932820888,21,11,54654,451.035,1980
264044982930132,74,36,54654,430.085,1980
264045034593026,74,36,54654,430.085,1980
264045086097027,74,36,54654,409.779,1980
264045136326520,74,36,54654,409.779,1980
264045187695469,77,38,54654,386.169,1980
264045237992803,77,38,54654,386.169,1980
264045288631791,77,38,54654,374.257,1980
264045338764829,77,38,54654,374.257,1980
264045388968157,93,44,54654,352.012,1980
264045439828192,93,44,54654,352.012,1980
264045490595950,93,44,54654,333.315,1980
264045541569053,93,44,54654,333.315,1980
264045591679859,84,41,54654,337.901,1980
264045641790511,84,41,54654,337.901,1980
264045691890386,84,41,54654,386.36,1980
264045741989691,84,41,54654,386.36,1980
264045792096017,98,51,54654,421.381,1980
264045842200107,98,51,54654,421.381,1980
264045892311495,98,51,54654,446.276,1980
264045942412208,98,51,54654,446.276,1980
264045993561157,89,49,54654,464.581,1980
264046043662667,89,49,57034,464.581,1980
264046093764149,89,49,57034,488.193,1980
264046143867066,89,49,57034,488.193,1980
264046193976441,95,56,57034,509.663,1980
264046244092993,95,56,57034,509.663,1980
264046294195805,95,56,57034,532.496,1980
264046344301305,95,56,57034,532.496,1980
264046394414474,96,55,57034,550.387,1980
264046444529185,96,55,57034,550.387,1980
264046494632014,96,55,57034,574.122,1980
264046544738259,96,55,57034,574.122,1980
264046594841581,96,54,57034,593.485,1980
264046644940565,96,54,57034,593.485,1980
264046695044835,96,54,57034,595.717,1980
264046745142804,96,54,57034,595.717,1980
264046795242840,95,55,57034,595.015,1980
264046845349543,95,55,57034,595.015,1980
264046895453393,95,55,57034,593.512,1980
264046945556006,95,55,57034,593.512,1980
264046996483882,96,65,57034,583.083,1980
264047047346734,96,65,57034,583.083,1980
264047098240490,96,65,57034,538.528,1980
264047148454916,96,65,57034,538.528,1980
264047199238652,2,2,57034,497.991,1980
264047249346382,2,2,57034,497.991,1980
264047300620048,2,2,57034,471.521,1980
264047350788220,2,2,57034,471.521,1980
264047400892955,75,37,57034,450.565,1980
264047451023925,75,37,57034,450.565,1980
264047501135532,75,37,57034,429.497,1980
264047551251279,75,37,57034,429.497,1980
264047601381895,82,40,57034,404.974,1980
264047651530059,82,40,57034,404.974,1980
264047701830366,82,40,57034,387.57,1980
264047751936562,82,40,57034,387.57,1980
264047802210224,95,46,57034,362.617,1980
264047853094828,95,46,57034,362.617,1980
264047903240946,95,46,57034,346.348,1980
264047953347453,95,46,57034,346.348,1980
264048003464975,100,49,57036,329.093,1980
264048053571166,100,49,57036,329.093,1980
264048103671498,100,49,57036,365.462,1980
264048153771463,100,49,57036,365.462,1980
264048203872150,98,51,57036,418.109,1980
264048253979328,98,51,57036,418.109,1980
264048304082848,98,51,57036,446.639,1980
264048354184907,98,51,57036,446.639,1980
264048404292837,86,46,57036,467.273,1980
264048454402048,86,46,57036,467.273,1980
264048504501030,86,46,57036,489.675,1980
264048554601669,86,46,57036,489.675,1980
264048604698802,96,55,57036,508.428,1980
264048654799308,96,55,57036,508.428,1980
264048704897846,96,55,57036,533.384,1980
264048755007701,96,55,57036,533.384,1980
264048805108728,96,54,57036,555.293,1980
264048855212206,96,54,57036,555.293,1980
264048905332271,96,54,57036,575.174,1980
264048955442942,96,54,57036,575.174,1980
264049005541601,96,52,57036,597.967,1980
264049055646531,96,52,57036,597.967,1980
264049105743705,96,52,57036,600.799,1980
264049155841726,96,52,57036,600.799,1980
264049205945122,99,55,57036,595.425,1980
264049256052489,99,55,57036,595.425,1980
264049306156696,99,55,57036,592.539,1980
264049356923527,99,55,57036,592.539,1980
264049407735441,51,40,57036,562.049,1980
264049458912169,51,40,57036,519.569,1980
264049509025493,51,40,57036,519.569,1980
264049559160003,13,6,57036,482.007,1980
264049610218631,13,6,57036,482.007,1980
264049661720396,13,6,57036,458.149,1980
264049713097663,13,6,57036,458.149,1980
264049764391718,76,37,57036,432.831,1980
264049814665401,76,37,57036,432.831,1980
264049865949742,76,37,57036,415.014,1980
264049916731889,76,37,57036,415.014,1980
264049966875521,78,38,57036,394.276,1980
264050017701503,78,38,57036,394.276,1980
264050068021540,78,38,57036,375.275,1980
264050118175313,78,38,57036,375.275,1980
264050168306978,99,49,57036,351.067,1980
264050218682152,99,49,57036,351.067,1980
264050269222209,99,49,57036,329.439,1980
264050319345982,99,49,57036,329.439,1980
264050369458863,74,38,57036,341.13,1980
264050419567985,74,38,57036,341.13,1980
264050469672473,74,38,57036,391.889,1980
264050519769539,74,38,57036,391.889,1980
264050569883949,99,52,57036,431.725,1980
264050619992661,99,52,57036,431.725,1980
264050670102341,99,52,57036,451.932,1980
264050720202783,99,52,57036,451.932,1980
264050770301998,98,53,57036,476.964,1980
264050820402920,98,53,57036,476.964,1980
264050870503837,98,53,57036,499.859,1980
264050920620567,98,53,57036,499.859,1980
264050970720996,96,55,57036,522.485,1980
264051020822234,96,55,57036,522.485,1980
264051070926045,96,55,57036,542.446,1980
264051121052818,96,55,57036,542.446,1980
264051171161361,97,54,57036,559.581,1980
264051221262955,97,54,57036,559.581,1980
264051271368677,97,54,57036,582.073,1980
264051321468085,97,54,57036,582.073,1980
264051371584137,96,55,57036,602.661,1980
264051421682235,96,55,57036,602.661,1980
264051471782384,96,55,57036,598.376,1980
264051521881565,96,55,57036,598.376,1980
264051571979713,96,54,57036,594.062,1980
264051622078519,96,54,57036,594.062,1980
264051673072865,96,54,57036,584.079,1980
264051724081416,96,54,57036,584.079,1980
264051774881691,7,7,57036,541.621,1980
264051825529673,7,7,57036,541.621,1980
264051875660301,7,7,57036,498.197,1980
264051927097318,7,7,57036,498.197,1980
264051978782189,52,25,57036,473.131,1980
264052029985772,52,25,57036,473.131,1980
264052080064409,52,25,57036,450.929,1980
264052131280308,52,25,57036,450.929,1980
264052181411593,77,38,57036,424.167,1980
264052231587463,77,38,57036,424.167,1980
264052281738826,77,38,57036,403.991,1980
264052331949454,77,38,57036,403.991,1980
264052382734998,98,48,57036,382.809,1980
264052433031111,98,48,57036,382.809,1980
264052483197003,98,48,57036,360.73,1980
264052533694125,98,48,57036,360.73,1980
264052583804625,100,50,57036,343.139,1980
264052633984499,100,50,57036,343.139,1980
264052684132569,100,50,57036,326.502,1980
264052734243989,100,50,57036,326.502,1980
264052784345406,89,50,57036,373.621,1980
264052834444668,89,50,57036,373.621,1980
264052884554124,89,50,57036,422.482,1980
264052934667362,89,50,57036,422.482,1980
264052984782698,91,50,57036,448.581,1980
264053034884299,91,50,57036,448.581,1980
264053084998178,91,50,57036,460.553,1980
264053135110791,91,50,57036,460.553,1980
264053185211484,96,55,57036,492.711,1980
264053235312755,96,55,57036,492.711,1980
264053285420191,96,55,57036,519.252,1980
264053335523434,96,55,57036,519.252,1980
264053385623192,96,56,57036,536.011,1980
264053435722664,96,56,57036,536.011,1980
264053485820189,96,56,57036,554.631,1980
264053535918434,96,56,57036,554.631,1980
264053586018363,96,56,57036,582.87,1980
264053636148696,96,56,57036,582.87,1980
264053686270740,96,56,57036,598.914,1980
264053736379290,96,56,57036,598.914,1980
264053786485668,98,56,57036,590.997,1980
264053836605810,98,56,57036,590.997,1980
264053886735969,98,56,57036,583.272,1980
264053937605401,98,56,57036,583.272,1980
264053988572510,53,42,57036,548.155,1980
264054039476013,53,42,57036,548.155,1980
264054089720652,53,42,57036,514.513,1980
264054140210727,53,42,57036,514.513,1980
264054190359812,16,7,57036,473.232,1980
264054242072582,16,7,57036,473.232,1980
264054292204873,16,7,57036,450.717,1980
264054343396376,16,7,57036,450.717,1980
264054394754270,74,36,57036,425.98,1980
264054446084628,74,36,57036,425.98,1980
264054497158033,74,36,57036,413.371,1980
264054547276902,74,36,57036,413.371,1980
264054597863241,86,42,57036,380.414,1980
264054647973830,86,42,57036,380.414,1980
264054698105054,86,42,57036,363.198,1980
264054748507336,86,42,57036,363.198,1980
264054798651380,99,48,57036,352.684,1980
264054849259415,99,48,57036,352.684,1980
264054899363313,99,48,57036,325.872,1980
264054949476065,99,48,57036,325.872,1980
264054999580682,77,39,57036,343.757,1980
264055049687947,77,39,57036,343.757,1980
264055099803551,77,39,57036,395.025,1980
264055149909607,77,39,57036,395.025,1980
264055200020611,98,49,57036,430.946,1980
264055250123036,98,49,57036,430.946,1980
264055300230604,98,49,57036,458.235,1980
264055350330296,98,49,57036,458.235,1980
264055400431590,97,49,57036,480.582,1980
264055450531772,97,49,57036,480.582,1980
264055500632229,97,49,57036,501.054,1980
264055550754062,97,49,57036,501.054,1980
264055600855897,99,55,57036,518.503,1980
264055650953571,99,55,57036,518.503,1980
264055701053691,99,55,57036,541.635,1980
264055751163173,99,55,57036,541.635,1980
264055801283673,96,54,57036,560.763,1980
264055851389312,96,54,57036,560.763,1980
264055901563148,96,54,57036,584.706,1980
264055951666874,96,54,57036,584.706,1980
264056001769631,96,52,57036,600.08,1980
264056051873444,96,52,57036,600.08,1980
264056101973741,96,52,57036,590.589,1980
264056152074077,96,52,57036,590.589,1980
264056202876752,98,54,57036,584.539,1980
264056253854239,98,54,57036,584.539,1980
264056304535987,98,54,57036,545.173,1980
264056355610032,98,54,57036,545.173,1980
264056407837757,2,2,57036,502.995,1980
264056457957612,2,2,57036,502.995,1980
264056508062141,2,2,57036,472.704,1980
264056559285981,2,2,57036,472.704,1980
264056610544548,74,36,57036,450.465,1980
264056661926528,74,36,57036,426.156,1980
264056712043608,74,36,57036,426.156,1980
264056762734669,79,39,57036,409.012,1980
264056813066890,79,39,57036,409.012,1980
264056863203119,79,39,57036,389.159,1980
264056913972484,79,39,57036,389.159,1980
264056964077575,98,48,57036,370.38,1980
264057014231700,98,48,57036,370.38,1980
264057064390831,98,48,57036,348.679,1980
264057114546808,98,48,57036,348.679,1980
264057169048292,100,49,57036,333.137,1980
264057219167308,100,49,57036,333.137,1980
264057269288885,100,49,57036,358.081,1980
264057319394921,100,49,57036,358.081,1980
264057369506606,99,52,57036,412.733,1980
264057419619211,99,52,57036,412.733,1980
264057469732738,99,52,57036,449.871,1980
264057519843577,99,52,57036,449.871,1980
264057569947413,91,47,57036,473.804,1980
264057624553867,91,47,57036,473.804,1980
264057674662522,91,47,57036,498.2,1980
264057724762989,91,47,57036,498.2,1980
264057774865228,98,56,57036,518.414,1980
264057824965988,98,56,57036,518.414,1980
264057875066023,98,56,57036,534.209,1980
264057925165810,98,56,57036,534.209,1980
264057975264116,96,56,57036,557.885,1980
264058025366555,96,56,57036,557.885,1980
264058075465985,96,56,57036,572.281,1980
264058125568523,96,56,57036,572.281,1980
264058175668934,98,57,57036,596.953,1980
264058225777851,98,57,57036,596.953,1980
264058275877999,98,57,57036,606.691,1980
264058325989459,98,57,57036,606.691,1980
264058376087941,96,55,57036,598.799,1980
264058426193426,96,55,57036,598.799,1980
264058476293092,96,55,57036,593.079,1980
264058526392142,96,55,57036,593.079,1980
264058576831299,96,60,57036,586.763,1980
264058627712138,96,60,57036,586.763,1980
264058678328493,96,60,57036,541.866,1980
264058729025196,96,60,57036,541.866,1980
264058779145648,2,2,57036,500.261,1980
264058829934070,2,2,57036,500.261,1980
264058880041635,2,2,57036,475.009,1980
264058931543989,2,2,57036,475.009,1980
264058981711266,74,36,57036,449.175,1980
264059031911256,74,36,57036,449.175,1980
264059082249054,74,36,57036,429.406,1980
264059133584494,74,36,57036,429.406,1980
264059183735994,79,39,57036,407.615,1980
264059233904992,79,39,57036,407.615,1980
264059285154010,79,39,57036,388.956,1980
264059335304269,79,39,57036,388.956,1980
264059386370913,94,45,57036,363.484,1980
264059437473075,94,45,57036,363.484,1980
264059487986077,94,45,57036,342.466,1980
264059538042720,94,45,57036,342.466,1980
264059588151638,100,50,57036,322.511,1980
264059638260269,100,50,57036,322.511,1980
264059688358085,100,50,57036,355.614,1980
264059738456632,100,50,57036,355.614,1980
264059788599310,98,52,57036,404.701,1980
264059838715421,98,52,57036,404.701,1980
264059888833812,98,52,57036,442.522,1980
264059938942022,98,52,57036,442.522,1980
264059989060464,89,48,57036,465.34,1980
264060039169037,89,48,57036,465.34,1980
264060089306612,89,48,57036,488.19,1980
264060139417922,89,48,57036,488.19,1980
264060189525423,98,57,57036,508.461,1980
264060239625799,98,57,57036,508.461,1980
264060289725376,98,57,57036,530.345,1980
264060339825914,98,57,57036,530.345,1980
264060389937086,96,55,57036,551.378,1980
264060440043494,96,55,57036,551.378,1980
264060490144352,96,55,57036,573.091,1980
264060540243387,96,55,57036,573.091,1980
264060590342343,97,54,57036,591.565,1980
264060640440175,97,54,57036,591.565,1980
264060690541496,97,54,57036,604.019,1980
264060740639335,97,54,57036,604.019,1980
264060790737818,96,55,57036,598.365,1980
264060841207041,96,55,57036,598.365,1980
264060891327615,96,55,57036,593.341,1980
264060941437441,96,55,57036,593.341,1980
264060992154377,80,56,57036,573.815,1980
264061043244960,80,56,57036,573.815,1980
264061094615693,80,56,57036,529.263,1980
264061144782333,80,56,57036,529.263,1980
264061194914668,2,2,57036,493.257,1980
264061246160734,2,2,57036,493.257,1980
264061296291979,2,2,57036,469.161,1980
264061346403671,2,2,57036,469.161,1980
264061396564529,74,36,57036,445.958,1980
264061446711858,74,36,57036,445.958,1980
264061497806062,74,36,57036,427.346,1980
264061548932498,74,36,57036,427.346,1980
264061599090272,83,40,57036,403.802,1980
264061650020627,83,40,57036,403.802,1980
264061700172744,83,40,57036,382.432,1980
264061750303916,83,40,57036,382.432,1980
264061800418560,99,48,57036,360.388,1980
264061850528746,99,48,57036,360.388,1980
264061900631388,99,48,57036,337.155,1980
264061950748904,99,48,57036,337.155,1980
264062000853549,75,38,57036,331.119,1980
264062050951712,75,38,57036,331.119,1980
264062101055202,75,38,57036,377.432,1980
264062151154699,75,38,57036,377.432,1980
264062201230356,99,54,57036,423.42,1980
264062251339032,99,54,57036,423.42,1980
264062301452608,99,54,57036,449.936,1980
264062351573553,99,54,57036,449.936,1980
264062401682829,87,49,57036,473.881,1980
264062451786218,87,49,57036,473.881,1980
264062501889074,87,49,57036,495.724,1980
264062551995645,87,49,57036,495.724,1980
264062602114532,96,58,57036,518.264,1980
264062652311621,96,58,57036,518.264,1980
264062702420683,96,58,57036,535.986,1980
264062752518760,96,58,57036,535.986,1980
264062802627093,96,57,57036,557.854,1980
264062852725656,96,57,57036,557.854,1980
264062902825708,96,57,57036,579.71,1980
264062952925975,96,57,57036,579.71,1980
264063003028895,97,57,57036,610.035,1980
264063053136749,97,57,57036,610.035,1980
264063103246334,97,57,57036,605.364,1980
264063153344351,97,57,57036,605.364,1980
264063203443864,96,57,57036,601.578,1980
264063253542349,96,57,57036,601.578,1980
264063303642481,96,57,57036,597.98,1980
264063353745617,96,57,57036,597.98,1980
264063404361011,97,65,57036,588.076,1980
264063455145362,97,65,57036,588.076,1980
264063505998480,97,65,57036,545.715,1980
264063556150009,97,65,57036,545.715,1980
264063607736768,2,2,57036,503.901,1980
264063657889857,2,2,57036,503.901,1980
264063709365443,2,2,57036,477.871,1980
264063761123032,2,2,57036,477.871,1980
264063811265202,75,36,57036,457.094,1980
264063861412607,75,36,57036,457.094,1980
264063912340239,75,36,57036,434.444,1980
264063962465169,75,36,57036,434.444,1980
264064013407962,81,39,57036,407.144,1980
264064063537651,81,39,57036,407.144,1980
264064113668070,81,39,57036,388.068,1980
264064164190035,81,39,57036,388.068,1980
264064215102332,97,48,57036,366.507,1980
264064265244632,97,48,57036,366.507,1980
264064324678358,97,48,57036,349.337,1980
264064374783985,86,43,57036,332.868,1980
264064424889586,86,43,57036,332.868,1980
264064474992799,86,43,57036,383.029,1980
264064525089729,86,43,57036,383.029,1980
264064575188531,98,50,57036,425.67,1980
264064626118223,98,50,57036,425.67,1980
264064676263353,98,50,57036,452.627,1980
264064726367678,98,50,57036,452.627,1980
264064776470790,96,51,57036,470.372,1980
264064826570507,96,51,57036,470.372,1980
264064876670172,96,51,57036,494.222,1980
264064926784196,96,51,57036,494.222,1980
264064976891725,95,54,57036,513.14,1980
264065026991778,95,54,57036,513.14,1980
264065077055337,95,54,57036,536.277,1980
264065127162131,95,54,57036,536.277,1980
264065177262804,97,54,57036,552.473,1980
264065227359412,97,54,57036,552.473,1980
264065277500487,97,54,57036,574.539,1980
264065327642429,97,54,57036,574.539,1980
264065377755225,97,54,57036,596.163,1980
264065427861934,97,54,57036,596.163,1980
264065477974144,97,54,57036,590.245,1980
264065528079148,97,54,57036,590.245,1980
264065578180296,96,54,57036,584.199,1980
264065630422673,96,54,57036,584.199,1980
264065681376750,96,54,57036,567.218,1980
264065732234986,96,54,57036,567.218,1980
264065782964690,2,2,57036,528.466,1980
264065836069698,2,2,57036,528.466,1980
264065887675258,2,2,57036,487.316,1980
264065938826812,2,2,57036,487.316,1980
264065989080702,60,29,57036,465.191,1980
264066040121272,60,29,57036,465.191,1980
264066091254392,60,29,57036,443.43,1980
264066141713476,60,29,57036,443.43,1980
264066191859715,83,40,57036,419.168,1980
264066242646872,83,40,57036,419.168,1980
264066293047521,83,40,57036,400.092,1980
264066343311980,83,40,57036,400.092,1980
264066393427220,100,49,57036,382.029,1980
264066443601910,100,49,57036,382.029,1980
264066493727714,100,49,57036,363.52,1980
264066543849319,100,49,57036,363.52,1980
264066593978381,100,50,57036,338.815,1980
264066644091752,100,50,57036,338.815,1980
264066694198791,100,50,57036,349.502,1980
264066744302238,100,50,57036,349.502,1980
264066794408239,98,49,57036,396.03,1980
264066844508737,98,49,57036,396.03,1980
264066894612749,98,49,57036,442.072,1980
264066944723038,98,49,57036,442.072,1980
264066994825623,90,47,57036,468.495,1980
264067044931638,90,47,57036,468.495,1980
264067095034558,90,47,57036,489.778,1980
264067145138191,90,47,57036,489.778,1980
264067195236217,96,54,57036,513.635,1980
264067245332757,96,54,57036,513.635,1980
264067295432160,96,54,57036,533.252,1980
264067345537959,96,54,57036,533.252,1980
264067395646549,96,55,57036,545.812,1980
264067445747237,96,55,57036,545.812,1980
264067495858277,96,55,57036,568.487,1980
264067545956036,96,55,57036,568.487,1980
264067596053629,96,54,57036,599.41,1980
264067646151600,96,54,57036,599.41,1980
264067696249550,96,54,57036,607.739,1980
264067746349162,96,54,57036,607.739,1980
264067796446726,96,54,57036,603.619,1980
264067847412521,96,54,57036,603.619,1980
264067898437233,96,54,57036,579.155,1980
264067949142419,96,54,57036,579.155,1980
264068000040555,2,2,57036,538.263,1980
264068053115558,2,2,57036,538.263,1980
264068103230355,2,2,57036,497.153,1980
264068153369710,2,2,57036,497.153,1980
264068203542603,64,30,57036,474.819,1980
264068253727130,64,30,57036,474.819,1980
264068303863740,64,30,57036,454.265,1980
264068354490103,64,30,57036,454.265,1980
264068405381203,80,39,57036,439.57,1980
264068455485619,80,39,57036,439.57,1980
264068505644057,80,39,57036,413.721,1980
264068555771388,80,39,57036,413.721,1980
264068605892513,98,48,57036,385.852,1980
264068656070203,98,48,57036,385.852,1980
264068706295274,98,48,57036,361.581,1980
264068756610012,98,48,57036,361.581,1980
264068806716270,100,50,57036,335.327,1980
264068856816728,100,50,57036,335.327,1980
264068906914807,100,50,57036,339.157,1980
264068957015480,100,50,57036,339.157,1980
264069007143298,98,50,57036,393.117,1980
264069057267969,98,50,57036,393.117,1980
264069107380981,98,50,57036,435.981,1980
264069157494264,98,50,57036,435.981,1980
264069207615121,90,46,57036,458.373,1980
264069257719518,90,46,57036,458.373,1980
264069307819020,90,46,57036,482.337,1980
264069357927862,90,46,57036,482.337,1980
264069408047822,96,55,57036,499.794,1980
264069458158919,96,55,57036,499.794,1980
264069508262475,96,55,57036,520.014,1980
264069558362493,96,55,57036,520.014,1980
264069608461154,96,54,57036,538.751,1980
264069658561703,96,54,57036,538.751,1980
264069708674549,96,54,57036,560.319,1980
264069758793662,96,54,57036,560.319,1980
264069808905994,96,54,57036,579.326,1980
264069859015088,96,54,57036,579.326,1980
264069909114594,96,54,57036,592.73,1980
264069959214322,96,54,57036,592.73,1980
264070009340566,96,55,57036,583.524,1980
264070059451111,96,55,57036,583.524,1980
264070110067728,96,55,57036,574.141,1980
264070160816800,96,55,57036,574.141,1980
264070211515915,41,35,57036,543.182,1980
264070262544712,41,35,57036,543.182,1980
264070314236203,41,35,57036,501.489,1980
264070364406608,41,35,57036,501.489,1980
264070414565958,28,13,57036,469.906,1980
264070464730262,28,13,57036,469.906,1980
264070514894782,28,13,57036,450.574,1980
264070565136573,28,13,57036,450.574,1980
264070616235510,79,38,57036,431.407,1980
264070666346345,79,38,57036,431.407,1980
264070716646422,79,38,57036,410.535,1980
264070766765673,79,38,57036,410.535,1980
264070816905981,92,45,57036,390.627,1980
264070867320574,92,45,57036,390.627,1980
264070917562368,92,45,57036,376.606,1980
264070967682635,92,45,57036,376.606,1980
264071017786196,100,50,57036,348.61,1980
264071067920875,100,50,57036,348.61,1980
264071118045259,100,50,57036,328.249,1980
264071168151413,100,50,57036,328.249,1980
264071218253492,80,40,57036,364.675,1965
264071268354789,80,40,57036,364.675,1965
264071318456713,80,40,57036,413.231,1965
264071368555696,80,40,57036,413.231,1965
264071418663094,96,48,57036,443.512,1965
264071468768725,96,48,57036,443.512,1965
264071518886070,96,48,57036,462.367,1980
264071568989542,96,48,57036,462.367,1980
264071619088109,95,52,57036,485.635,1980
264071669189018,95,52,57036,485.635,1980
264071719287758,95,52,57036,505.1,1980
264071769385613,95,52,57036,505.1,1980
264071819495974,96,54,57036,529.192,1980
264071869599755,96,54,57036,529.192,1980
264071919699410,96,54,57036,549.437,1980
264071969810409,96,54,57036,571.25,1980
264072019912053,96,55,57036,571.25,1980
264072070039814,96,55,57036,601.669,1980
264072120142856,96,55,57036,601.669,1980
264072171978406,97,55,57036,595.224,1980
264072222079300,96,54,57036,595.224,1980
264072272189341,96,54,57036,589.63,1980
264072322288984,96,54,57036,589.63,1980
264072372882957,64,48,57036,561.678,1980
264072423901348,64,48,57036,561.678,1980
264072474683063,64,48,57036,520.208,1980
264072524872831,64,48,57036,520.208,1980
264072575731783,12,6,57036,486.913,1980
264072627201872,12,6,57036,486.913,1980
264072677384615,12,6,57036,462.734,1980
264072728464313,12,6,57036,462.734,1980
264072779364410,75,37,57036,441.368,1980
264072829638464,75,37,57036,441.368,1980
264072881179764,75,37,57036,415.785,1980
264072931357407,75,37,57036,415.785,1980
264072981548860,82,40,57036,394.652,1980
264073031681502,82,40,57036,394.652,1980
264073082191991,82,40,57036,379.276,1980
264073132298764,82,40,57036,379.276,1980
264073182490361,100,49,57036,356.984,1980
264073233111521,100,49,57036,356.984,1980
264073299886810,100,49,57036,338.748,1980
264073349993209,100,49,57036,338.748,1980
264073400106231,65,33,57036,339.446,1980
264073450207853,65,33,57036,339.446,1980
264073500306928,65,33,57036,385.721,1980
264073550409357,65,33,57036,385.721,1980
264073600534183,99,49,57036,427.957,1980
264073650634624,99,49,57036,427.957,1980
264073700738431,99,49,57036,450.744,1980
264073750841858,99,49,57036,450.744,1980
264073800952109,98,52,57036,477.61,1980
264073851053416,98,52,57036,477.61,1980
264073901156489,98,52,57036,501.091,1980
264073951258473,98,52,57036,501.091,1980
264074001356877,96,53,57036,521.849,1980
264074051456038,96,53,57036,521.849,1980
264074101553413,96,53,57036,539.435,1980
264074151654776,96,53,57036,539.435,1980
264074201755822,97,55,57036,561.133,1980
264074251858076,97,55,57036,561.133,1980
264074301957380,97,55,57036,584.603,1980
264074352054999,97,55,57036,584.603,1980
264074402154106,96,54,57036,605.781,1980
264074452257117,96,54,57036,605.781,1980
264074502376270,96,54,57036,602.565,1980
264074552487150,96,54,57036,602.565,1980
264074602585615,96,52,57036,596.226,1980
264074653083725,96,52,57036,596.226,1980
264074704120990,96,52,57036,587.012,1980
264074755153182,96,52,57036,587.012,1980
264074806181833,9,9,57036,542.395,1980
264074856296993,9,9,57036,542.395,1980
264074906680584,9,9,57036,496.504,1980
264074956816188,9,9,57036,496.504,1980
264075007449307,54,25,57036,472.72,1980
264075058533154,54,25,57036,472.72,1980
264075109661177,54,25,57036,451.93,1980
264075159769007,54,25,57036,451.93,1980
264075210203829,80,39,57036,430.742,1980
264075260369385,80,39,57036,430.742,1980
264075311259961,80,39,57036,409.917,1980
264075362164506,80,39,57036,409.917,1980
264075412506239,96,47,57036,386.741,1980
264075462642091,96,47,57036,386.741,1980
264075512748226,96,47,57036,370.025,1980
264075562880017,96,47,57036,370.025,1980
264075613064649,100,49,57036,347.764,1980
264075663178988,100,49,57036,347.764,1980
264075713286233,100,49,57036,338.826,1980
264075763386459,100,49,57036,338.826,1980
264075813495611,98,51,57036,386.929,1980
264075863596764,98,51,57036,386.929,1980
264075913697415,98,51,57036,439.535,1980
264075963840359,98,51,57036,439.535,1980
264076013959092,90,46,57036,461.357,1980
264076064070094,90,46,57036,461.357,1980
264076114178144,90,46,57036,487.755,1980
264076164294619,90,46,57036,487.755,1980
264076214406941,96,54,57036,505.042,1980
264076264514080,96,54,57036,505.042,1980
264076314619753,96,54,57036,527.954,1980
264076364730122,96,54,57036,527.954,1980
264076414831367,96,54,57036,545.372,1980
264076464933219,96,54,57036,545.372,1980
264076515038530,96,54,57036,568.323,1980
264076565139875,96,54,57036,568.323,1980
264076615251676,96,55,57036,583.487,1980
264076665352879,96,55,57036,583.487,1980
264076715456857,96,55,57036,604.309,1980
264076765556898,96,55,57036,604.309,1980
264076815659255,96,54,57036,595.894,1980
264076865759128,96,54,57036,595.894,1980
264076917221472,96,54,57036,589.501,1980
264076968289439,96,54,57036,589.501,1980
264077019300010,77,54,57036,567.578,1980
264077069990711,77,54,57036,567.578,1980
264077127612201,77,54,57036,521.97,1980
264077177792559,2,1,57036,485.216,1980
264077227970336,2,1,57036,485.216,1980
264077279810988,2,1,57036,464.052,1980
264077330305549,2,1,57036,464.052,1980
264077380437008,74,36,57036,442.246,1980
264077430998897,74,36,57036,442.246,1980
264077481185281,74,36,57036,419.905,1980
264077531345348,74,36,57036,419.905,1980
264077581986860,82,40,57036,397.255,1980
264077633196085,82,40,57036,397.255,1980
264077684065505,82,40,57036,380.621,1980
264077734989551,82,40,57036,380.621,1980
264077785128511,98,48,57036,357.679,1980
264077835232212,98,48,57036,357.679,1980
264077885334161,98,48,57036,340.344,1980
264077935443167,98,48,57036,340.344,1980
264077985562666,75,38,57036,332.109,1980
264078035661347,75,38,57036,332.109,1980
264078085757909,75,38,57036,384.089,1980
264078135866591,75,38,57036,384.089,1980
264078185997202,98,51,57036,426.533,1980
264078236098184,98,51,57036,426.533,1980
264078286210521,98,51,57036,448.843,1980
264078336341105,98,51,57036,448.843,1980
264078386472220,89,49,57036,472.722,1980
264078436583378,89,49,57036,472.722,1980
264078486684760,89,49,57036,493.788,1980
264078536793944,89,49,57036,493.788,1980
264078586900116,97,54,57036,515.072,1980
264078637019217,97,54,57036,515.072,1980
264078687131149,97,54,57036,534.75,1980
264078737237646,97,54,57036,534.75,1980
264078787341533,97,54,57036,555.093,1980
264078837443763,97,54,57036,555.093,1980
264078887550113,97,54,57036,578.222,1980
264078937652233,97,54,57036,578.222,1980
264078987752932,96,54,57036,608.13,1980
264079037854476,96,54,57036,608.13,1980
264079087955670,96,54,57036,599.53,1980
264079138055159,96,54,57036,599.53,1980
264079188152267,99,56,57036,595.624,1980
264079238249785,99,56,57036,595.624,1980
264079288352075,99,56,57036,591.776,1980
264079339075698,99,56,57036,591.776,1980
264079389805118,62,47,57036,567.084,1980
264079441096882,62,47,57036,567.084,1980
264079492104616,62,47,57036,523.922,1980
264079543672013,62,47,57036,523.922,1980
264079594074061,15,8,57036,493.013,1980
264079645674390,15,8,57036,493.013,1980
264079695850976,15,8,57036,470.342,1980
264079746026179,15,8,57036,470.342,1980
264079796206369,79,38,57036,444.295,1980
264079846729200,79,38,57036,444.295,1980
264079896888475,79,38,57036,422.629,1980
264079947036072,79,38,57036,422.629,1980
264079997182884,98,48,57036,402.27,1980
264080047350390,98,48,57036,402.27,1980
264080097926760,98,48,57036,381.186,1980
264080148032070,98,48,57036,381.186,1980
264080198131678,100,50,57036,362.141,1980
264080248253970,100,50,57036,362.141,1980
264080298384059,100,50,57036,337.69,1980
264080348487227,100,50,57036,337.69,1980
264080398594623,84,42,57036,371.76,1980
264080448694149,84,42,57036,371.76,1980
264080498791503,84,42,57036,413.501,1980
264080548916799,84,42,57036,413.501,1980
264080599016583,98,48,57036,451.375,1980
264080649117929,98,48,57036,451.375,1980
264080699217374,98,48,57036,475.961,1980
264080749318884,98,48,57036,475.961,1980
264080799416349,96,52,57036,495.754,1980
264080849589160,96,52,57036,495.754,1980
264080899717766,96,52,57036,513.903,1980
264080949828038,96,52,57036,513.903,1980
264080999944105,96,55,57036,531.001,1980
264081050048379,96,55,57036,531.001,1980
264081100166339,96,55,57036,555.708,1980
264081150267047,96,55,57036,555.708,1980
264081200368932,96,54,57036,569.103,1980
264081250473523,96,54,57036,569.103,1980
264081300599455,96,54,57036,595.191,1980
264081350701550,96,54,57036,595.191,1980
264081400802753,96,52,57036,587.286,1980
264081450902818,96,52,57036,587.286,1980
264081500999304,96,52,57036,578.46,1980
264081551101590,96,52,57036,578.46,1980
264081602197719,99,55,57036,570.111,1980
264081653286024,99,55,57036,570.111,1980
264081704259002,99,55,57036,534.753,1980
264081755027300,99,55,57036,534.753,1980
264081806145332,2,2,57036,485.262,1980
264081856300913,2,2,57036,485.262,1980
264081907838830,2,2,57036,462.589,1980
264081957946208,2,2,57036,462.589,1980
264082008077614,74,36,57036,439.609,1980
264082058228260,74,36,57036,439.609,1980
264082109377949,74,36,57036,423.975,1980
264082159962684,74,36,57036,423.975,1980
264082210955988,85,41,57036,402.811,1980
264082261804998,85,41,57036,402.811,1980
264082311973104,85,41,57036,381.344,1980
264082362064815,85,41,57036,381.344,1980
264082412650393,97,47,57036,361.73,1980
264082462759296,97,47,57036,361.73,1980
264082512864895,97,47,57036,347.367,1980
264082562971959,97,47,57036,347.367,1980
264082613109648,100,50,57036,329.827,1980
264082663231744,100,50,57036,329.827,1980
264082713337184,100,50,57036,374.142,1980
264082763439120,100,50,57036,374.142,1980
264082813539742,98,51,57036,420.944,1980
264082863670722,98,51,57036,420.944,1980
264082913782167,98,51,57036,453.754,1980
264082963892233,98,51,57036,453.754,1980
264083013997482,90,48,57036,475.567,1980
264083064102205,90,48,57036,475.567,1980
264083114209000,90,48,57036,497.593,1980
264083164307841,90,48,57036,497.593,1980
264083214404397,96,54,57036,514.913,1980
264083264502851,96,54,57036,514.913,1980
264083314607535,96,54,57036,537.368,1980
264083364709113,96,54,57036,537.368,1980
264083414806703,97,53,57036,556.076,1980
264083464906786,97,53,57036,556.076,1980
264083515008237,97,53,57036,581.928,1980
264083565106924,97,53,57036,581.928,1980
264083615203257,99,55,57036,608.524,1980
264083665301576,99,55,57036,608.524,1980
264083715406272,99,55,57036,601.123,1980
264083765507041,99,55,57036,601.123,1980
264083815611375,96,54,57036,591.793,1980
264083866351379,96,54,57036,591.793,1980
264083917148278,96,54,57036,557.155,1980
264083968269428,96,54,57036,557.155,1980
264084018391396,2,2,57036,514.539,1980
264084068919103,2,2,57036,514.539,1980
264084119077171,2,2,57036,482.844,1980
264084170252879,2,2,57036,482.844,1980
264084221346906,73,35,57036,460.634,1980
264084271660144,73,35,57036,460.634,1980
264084321812963,73,35,57036,441.66,1980
264084373084899,73,35,57036,441.66,1980
264084423290856,82,40,57036,416.497,1980
264084473796240,82,40,57036,416.497,1980
264084524137292,82,40,57036,394.957,1980
264084574281533,82,40,57036,394.957,1980
264084624403353,99,49,57036,376.471,1980
264084674928946,99,49,57036,376.471,1980
264084725191803,99,49,57036,351.87,1980
264084775314453,99,49,57036,351.87,1980
264084825436637,100,50,57036,333.644,1980
264084875546292,100,50,57036,333.644,1980
264084925655766,100,50,57036,368.3,1980
264084975754802,100,50,57036,368.3,1980
264085025872735,98,50,57036,410.478,1980
264085075985807,98,50,57036,445.973,1980
264085126100272,98,50,57036,445.973,1980
264085176202597,98,50,57036,466.179,1980
264085226302136,90,49,57036,466.179,1980
264085276400371,90,49,57036,486.293,1980
264085326498650,90,49,57036,486.293,1980
264085376597244,97,53,57036,506.773,1980
264085426699951,97,53,57036,506.773,1980
264085476798618,97,53,57036,526.34,1980
264085526897407,97,53,57036,526.34,1980
264085576995072,99,55,57036,545.165,1980
264085627097061,99,55,57036,545.165,1980
264085677197229,99,55,57036,561.638,1980
264085727311908,99,55,57036,561.638,1980
264085777412201,96,54,57036,585.706,1980
264085827512865,96,54,57036,585.706,1980
264085877611072,96,54,57036,584.575,1980
264085927709966,96,54,57036,584.575,1980
264085977815909,97,55,57036,576.142,1980
264086031999556,97,55,57036,576.142,1980
264086082108890,97,55,57036,562.337,1980
264086132866792,97,55,57036,562.337,1980
264086183475115,25,25,57036,524.126,1980
264086234454158,25,25,57036,524.126,1980
264086284695168,25,25,57036,482.783,1980
264086334841428,25,25,57036,482.783,1980
264086384980658,39,18,57036,459.448,1980
264086435888929,39,18,57036,459.448,1980
264086486935169,39,18,57036,440.603,1980
264086537445056,39,18,57036,440.603,1980
264086587828635,79,39,57036,420.484,1980
264086637934226,79,39,57036,420.484,1980
264086688167758,79,39,57036,403.754,1980
264086738511837,79,39,57036,403.754,1980
264086788991182,99,48,57036,385.366,1980
264086839103593,99,48,57036,385.366,1980
264086889223168,99,48,57036,366.523,1980
264086939327158,99,48,57036,366.523,1980
264086989501364,100,50,57036,347.941,1980
264087039628486,100,50,57036,347.941,1980
264087089732037,100,50,57036,340.493,1980
264087139837302,100,50,57036,340.493,1980
264087189939958,98,50,57036,385.723,1980
264087240044316,98,50,57036,385.723,1980
264087290146021,98,50,57036,431.132,1980
264087340255177,98,50,57036,431.132,1980
264087390384866,91,45,57036,460.68,1980
264087440503938,91,45,57036,460.68,1980
264087490606346,91,45,57036,486.369,1980
264087540706258,91,45,57036,486.369,1980
264087590805010,95,53,57036,505.704,1980
264087640904362,95,53,57036,505.704,1980
264087691015014,95,53,57036,527.549,1980
264087741117094,95,53,57036,527.549,1980
264087791218689,96,53,57036,551.095,1980
264087841324190,96,53,57036,551.095,1980
264087891426428,96,53,57036,568.125,1980
264087941529184,96,53,57036,568.125,1980
264087991644754,96,55,57036,589.287,1980
264088041758371,96,55,57036,589.287,1980
264088091871473,96,55,57036,605.995,1980
264088141977272,96,55,57036,605.995,1980
264088192107943,95,53,57036,597.097,1980
264088242223190,95,53,57036,597.097,1980
264088292323391,95,53,57036,592.746,1980
264088342422697,95,53,57036,592.746,1980
264088393231831,84,57,57036,561.653,1980
264088443949539,84,57,57036,561.653,1980
264088494682386,84,57,57036,517.694,1980
264088544820562,84,57,57036,517.694,1980
264088595157651,2,2,57036,483.79,1980
264088646554446,2,2,57036,483.79,1980
264088696701066,2,2,57036,457.998,1980
264088747420794,2,2,57036,457.998,1980
264088798786051,75,36,57036,436.775,1980
264088848948003,75,36,57036,436.775,1980
264088899060191,75,36,57036,413.367,1980
264088949222909,75,36,57036,413.367,1980
264088999353733,92,45,57036,393.696,1980
264089049716410,92,45,57036,393.696,1980
264089099836847,92,45,57036,373.637,1980
264089149951795,92,45,57036,373.637,1980
264089200066293,100,49,57036,355.736,1980
264089250514486,100,49,57036,355.736,1980
264089300633478,100,49,57036,338.779,1980
264089350754365,100,49,57036,338.779,1980
264089400862185,80,40,57036,355.569,1980
264089450966258,80,40,57036,355.569,1980
264089501064562,80,40,57036,405.802,1980
264089551168065,80,40,57036,405.802,1980
264089601278795,98,50,57036,447.685,1980
264089651378231,98,50,57036,447.685,1980
264089701476026,98,50,57036,467.303,1980
264089751598276,98,50,57036,467.303,1980
264089801697151,96,52,57036,487.338,1980
264089851797686,96,52,57036,487.338,1980
264089901900672,96,52,57036,510.444,1980
264089952016569,96,52,57036,510.444,1980
264090002119365,98,55,57036,528.739,1980
264090052220780,98,55,57036,528.739,1980
264090102320464,98,55,57036,544.727,1980
264090152420979,98,55,57036,544.727,1980
264090202529965,96,54,57036,566.05,1980
264090252643674,96,54,57036,566.05,1980
264090302742902,96,54,57036,586.407,1980
264090352840582,96,54,57036,586.407,1980
264090402938996,97,54,57036,592.471,1980
264090453052560,97,54,57036,592.471,1980
264090503155825,97,54,57036,581.175,1980
264090553260599,97,54,57036,581.175,1980
264090603376505,96,53,57036,571.506,1980
264090653981548,96,53,57036,571.506,1980
264090704568693,96,53,57036,534.858,1980
264090755597385,96,53,57036,534.858,1980
264090807808892,2,2,57036,493.432,1980
264090858003972,2,2,57036,493.432,1980
264090908159552,2,2,57036,467.448,1980
264090959690773,2,2,57036,467.448,1980
264091011232655,74,36,57036,449.79,1980
264091062405289,74,36,57036,449.79,1980
264091112964057,74,36,57036,426.2,1980
264091163128411,74,36,57036,426.2,1980
264091213242271,80,39,57036,402.211,1980
264091264011073,80,39,57036,402.211,1980
264091314714497,80,39,57036,382.952,1980
264091365227325,80,39,57036,382.952,1980
264091415777918,99,49,57036,366.081,1980
264091465897614,99,49,57036,366.081,1980
264091516007902,99,49,57036,349.796,1980
264091566128054,99,49,57036,349.796,1980
264091616246650,100,50,57036,332.548,1980
264091666353432,100,50,57036,332.548,1980
264091716459968,100,50,57036,377.769,1980
264091766562806,100,50,57036,377.769,1980
264091816669341,98,53,57036,424.874,1980
264091866776474,98,53,57036,424.874,1980
264091916896201,98,53,57036,455.449,1980
264091967010726,98,53,57036,455.449,1980
264092017114004,91,48,57036,476.925,1980
264092067214903,91,48,57036,476.925,1980
264092117316025,91,48,57036,498.882,1980
264092167490035,91,48,57036,498.882,1980
264092217603538,96,56,57036,521.817,1980
264092267706425,96,56,57036,521.817,1980
264092317896940,96,56,57036,542.328,1980
264092368037210,96,56,57036,542.328,1980
264092418155317,96,54,57036,562.513,1980
264092468258305,96,54,57036,562.513,1980
264092518358797,96,54,57036,579.674,1980
264092568456964,96,54,57036,579.674,1980
264092618624447,95,56,57036,606.96,1980
264092668766836,95,56,57036,606.96,1980
264092718895821,95,56,57036,604.233,1980
264092769012865,95,56,57036,604.233,1980
264092819119745,97,56,57036,600.263,1980
264092869227961,97,56,57036,600.263,1980
264092919339855,97,56,57036,596.491,1980
264092969446161,97,56,57036,596.491,1980
264093021900021,96,56,57036,598.542,1980
264093072971379,96,56,57036,598.542,1980
264093123836601,96,56,57036,567.754,1980
264093174754649,96,56,57036,567.754,1980
264093229578703,2,2,57036,524.365,1980
264093279720163,2,2,57036,524.365,1980
264093331572125,2,2,57036,489.025,1980
264093382987890,71,33,57036,465.172,1980
264093433148230,71,33,57036,465.172,1980
264093484050103,71,33,57036,443.595,1980
264093535200401,71,33,57036,443.595,1980
264093585309178,79,38,57036,420.98,1980
264093635495355,79,38,57036,420.98,1980
264093685625595,79,38,57036,402.352,1980
264093735759189,79,38,57036,402.352,1980
264093785885092,100,49,57036,380.787,1980
264093836167966,100,49,57036,380.787,1980
264093886282071,100,49,57036,358.545,1980
264093936433313,100,49,57036,358.545,1980
264093987821257,100,50,57036,331.501,1980
264094037950957,100,50,57036,331.501,1980
264094088088374,100,50,57036,352.21,1980
264094138197776,100,50,57036,352.21,1980
264094188308210,98,53,57036,405.833,1980
264094238427724,98,53,57036,405.833,1980
264094288544163,98,53,57036,450.633,1980
264094338674870,98,53,57036,450.633,1980
264094388781630,91,49,57036,474.953,1980
264094438884686,91,49,57036,474.953,1980
264094488986525,91,49,57036,498.506,1980
264094539041753,91,49,57036,498.506,1980
264094589141204,96,55,57036,525.507,1980
264094639241584,96,55,57036,525.507,1980
264094689343183,96,55,57036,547.118,1980
264094739451105,96,55,57036,547.118,1980
264094789556858,97,58,57036,567.551,1980
264094839656531,97,58,57036,567.551,1980
264094889754559,97,58,57036,588.663,1980
264094939852270,97,58,57036,588.663,1980
264094989950885,96,56,57036,620.72,1980
264095040051276,96,56,57036,620.72,1980
264095090149710,96,56,57036,624.963,1980
264095140248784,96,56,57036,624.963,1980
264095190353114,98,58,57036,614.188,1980
264095240450065,98,58,57036,614.188,1980
264095290557987,98,58,57036,605.491,1980
264095340658275,98,58,57036,605.491,1980
264095390755331,96,56,57036,605.683,1980
264095440930576,96,56,57036,605.683,1980
264095491565252,96,56,57036,585.598,1980
264095542180453,96,56,57036,585.598,1980
264095592845766,11,11,57036,541.268,1980
264095652369709,11,11,57036,541.268,1980
264095702530903,11,11,57036,498.585,1980
264095753890782,11,11,57036,498.585,1980
264095805114413,52,25,57036,474.772,1980
264095855797722,52,25,57036,474.772,1980
264095906458161,52,25,57036,448.725,1980
264095956679505,52,25,57036,448.725,1980
264096006813124,82,40,57036,429.81,1980
264096057068208,82,40,57036,429.81,1980
264096107493413,82,40,57036,402.463,1980
264096157835117,82,40,57036,402.463,1980
264096207985292,100,50,57036,384.85,1980
264096258045526,100,50,57036,384.85,1980
264096308233761,100,50,57036,358.195,1980
264096365538732,100,50,57036,358.195,1980
264096415670427,100,51,57036,335.275,1980
264096465798381,100,51,57036,335.275,1980
264096515915788,100,51,57036,353.824,1980
264096566034134,100,51,57036,353.824,1980
264096616158500,98,53,57036,401.146,1980
264096666688762,98,53,57036,401.146,1980
264096716800092,98,53,57036,442.247,1980
264096766904071,98,53,57036,442.247,1980
264096817006269,91,50,57036,462.019,1980
264096867108413,91,50,57036,462.019,1980
264096917208489,91,50,57036,488.374,1980
264096967307628,91,50,57036,488.374,1980
264097017422258,96,56,57036,506.207,1980
264097067499470,96,56,57036,506.207,1980
264097117613530,96,56,57036,525.543,1980
264097167724155,96,56,57036,525.543,1980
264097217830237,96,56,57036,544.804,1980
264097267934671,96,56,57036,544.804,1980
264097318039214,96,56,57036,562.802,1980
264097368142915,96,56,57036,562.802,1980
264097418245116,98,56,57036,586.123,1980
264097468348446,98,56,57036,586.123,1980
264097518458383,98,56,57036,588.095,1980
264097568558851,98,56,57036,588.095,1980
264097618673873,96,56,57036,584.631,1980
264097669661200,96,56,57036,584.631,1980
264097720403141,96,56,57036,549.234,1980
264097771420646,96,56,57036,549.234,1980
264097821694810,2,2,57036,508.192,1980
264097872256259,2,2,57036,508.192,1980
264097922413045,2,2,57036,479.499,1980
264097974233512,2,2,57036,479.499,1980
264098024417344,72,34,57036,454.22,1980
264098075091170,72,34,57036,454.22,1980
264098125219260,72,34,57036,432.454,1980
264098175327701,72,34,57036,432.454,1980
264098225737234,77,38,57036,415.799,1980
264098276112417,77,38,57036,415.799,1980
264098326790842,77,38,57036,396.897,1980
264098376910759,77,38,57036,396.897,1980
264098427051856,94,46,57036,377.905,1980
264098477157844,94,46,57036,377.905,1980
264098527287295,94,46,57036,361.991,1980
264098577565536,94,46,57036,361.991,1980
264098627671358,100,50,57036,329.382,1980
264098677773894,100,50,57036,329.382,1980
264098727876090,100,50,57036,345.811,1980
264098777975589,100,50,57036,345.811,1980
264098828077456,98,51,57036,401.075,1980
264098878178459,98,51,57036,401.075,1980
264098928285436,98,51,57036,432.623,1980
264098978384627,98,51,57036,432.623,1980
264099028482114,90,46,57036,456.045,1980
264099078583316,90,46,57036,456.045,1980
264099128692775,90,46,57036,476.778,1980
264099178842871,90,46,57036,476.778,1980
264099228941621,95,53,57036,497.292,1980
264099279270231,95,53,57036,497.292,1980
264099329368865,95,53,57036,520.085,1980
264099379467224,95,53,57036,520.085,1980
264099429569779,96,54,57036,543.312,1980
264099479669869,96,54,57036,543.312,1980
264099529770179,96,54,57036,565.927,1980
264099579871233,96,54,57036,565.927,1980
264099629997437,96,55,57036,593.206,1980
264099680098882,96,55,57036,593.206,1980
264099730196595,96,55,57036,606.814,1980
264099780303850,96,55,57036,606.814,1980
264099830403913,96,54,57036,596.763,1980
264099880502657,96,54,57036,596.763,1980
264099932529078,96,54,57036,593.326,1980
264099983220625,96,54,57036,593.326,1980
264100034128263,88,60,57036,570.868,1980
264100085235715,88,60,57036,529.918,1980
264100140335370,88,60,57036,529.918,1980
264100191170295,2,2,57036,495.657,1980
264100241286800,2,2,57036,495.657,1980
264100292261580,2,2,57036,469.287,1980
264100343254964,2,2,57036,469.287,1980
264100393409859,76,37,57036,449.216,1980
264100444396578,76,37,57036,449.216,1980
264100494701457,76,37,57036,427.45,1980
264100545301410,76,37,57036,427.45,1980
264100595781467,84,41,57036,406.602,1980
264100645929524,84,41,57036,406.602,1980
264100696062892,84,41,57036,383.217,1980
264100746213723,84,41,57036,383.217,1980
264100796460482,100,49,57036,366.958,1980
264100846636097,100,49,57036,366.958,1980
264100904661789,100,49,57036,341.887,1980
264100954782258,100,49,57036,341.887,1980
264101004882668,78,39,57036,353.333,1980
264101054981486,78,39,57036,353.333,1980
264101105093937,78,39,57036,402.758,1980
264101155196672,78,39,57036,402.758,1980
264101205296664,99,51,57036,446.198,1980
264101255397850,99,51,57036,446.198,1980
264101305497292,99,51,57036,471.146,1980
264101355597344,99,51,57036,471.146,1980
264101405694920,98,53,57036,495.171,1980
264101455799701,98,53,57036,495.171,1980
264101505909768,98,53,57036,516.388,1980
264101556019730,98,53,57036,516.388,1980
264101606128929,95,54,57036,537.429,1980
264101656229197,95,54,57036,537.429,1980
264101706328272,95,54,57036,554.481,1980
264101756426796,95,54,57036,554.481,1980
264101806524512,97,56,57036,571.339,1980
264101856624188,97,56,57036,571.339,1980
264101906727147,97,56,57036,596.464,1980
264101956824959,97,56,57036,596.464,1980
264102006930682,96,54,57036,603.572,1980
264102057046676,96,54,57036,603.572,1980
264102107144297,96,54,57036,598.181,1980
264102157249643,96,54,57036,598.181,1980
264102207349961,96,53,57036,592.782,1980
264102257450489,96,53,57036,592.782,1980
264102308281384,96,53,57036,571.671,1980
264102359752492,96,53,57036,571.671,1980
264102410682376,8,8,57036,527.281,1980
264102460807416,8,8,57036,527.281,1980
264102510979017,8,8,57036,487.656,1980
264102562690921,8,8,57036,487.656,1980
264102614138405,53,25,57036,463.212,1980
264102665131810,53,25,57036,463.212,1980
264102715337548,53,25,57036,443.382,1980
264102765532302,53,25,57036,443.382,1980
264102816591856,81,40,57036,424.921,1980
264102866721466,81,40,57036,424.921,1980
264102916882620,81,40,57036,404.994,1980
264102967023911,81,40,57036,404.994,1980
264103017227984,100,49,57036,386.221,1980
264103067391897,100,49,57036,386.221,1980
264103117499672,100,49,57036,367.646,1980
264103167614348,100,49,57036,367.646,1980
264103217720078,100,50,57036,338.992,1980
264103267873382,100,50,57036,338.992,1980
264103317993510,100,50,57036,348.829,1980
264103368105202,100,50,57036,348.829,1980
264103418206399,99,49,57036,402.666,1980
264103468329422,99,49,57036,402.666,1980
264103518452999,99,49,57036,444.501,1980
264103568581586,99,49,57036,444.501,1980
264103618691893,91,44,57036,467.617,1980
264103668795193,91,44,57036,467.617,1980
264103718900688,91,44,57036,486.583,1980
264103769008180,91,44,57036,486.583,1980
264103819109630,98,55,57036,510.617,1980
264103869212084,98,55,57036,510.617,1980
264103919313324,98,55,57036,526.672,1980
264103969414573,98,55,57036,526.672,1980
264104019516570,96,54,57036,545.744,1980
264104069633841,96,54,57036,545.744,1980
264104119757969,96,54,57036,569.013,1980
264104169869041,96,54,57036,569.013,1980
264104219972318,97,54,57036,590.778,1980
264104270078038,97,54,57036,590.778,1980
264104320178745,97,54,57036,596.488,1980
264104370278848,97,54,57036,596.488,1980
264104420378400,96,54,57036,584.138,1980
264104470477960,96,54,57036,584.138,1980
264104522695555,96,54,57036,580.521,1980
264104573419102,96,54,57036,580.521,1980
264104624173416,77,54,57036,553.349,1980
264104675198630,77,54,57036,553.349,1980
264104728079107,77,54,57036,512.747,1980
264104778193687,77,54,57036,512.747,1980
264104828382175,3,2,57036,483.409,1980
264104878516739,3,2,57036,483.409,1980
264104929916227,3,2,57036,458.832,1980
264104980092375,3,2,57036,458.832,1980
264105031022339,74,36,57036,437.813,1980
264105082210742,74,36,57036,437.813,1980
264105132318978,74,36,57036,418.944,1980
264105182456738,74,36,57036,418.944,1980
264105232814980,85,41,57036,395.903,1980
264105283706216,85,41,57036,395.903,1980
264105333811104,85,41,57036,375.273,1980
264105383959588,85,41,57036,375.273,1980
264105434115424,100,49,57036,358.443,1980
264105484216736,100,49,57036,358.443,1980
264105534319428,100,49,57036,332.647,1980
264105584422907,100,49,57036,332.647,1980
264105634536598,79,39,57036,353.933,1980
264105684638660,79,39,57036,353.933,1980
264105734738053,79,39,57036,400.519,1980
264105784850495,79,39,57036,400.519,1980
264105834954078,99,49,57036,438.998,1980
264105885063188,99,49,57036,438.998,1980
264105935164802,99,49,57036,460.134,1980
264105985277027,99,49,57036,460.134,1980
264106035375839,98,53,57036,480.431,1980
264106085475286,98,53,57036,480.431,1980
264106135572464,98,53,57036,502.982,1980
264106185683033,98,53,57036,502.982,1980
264106235781811,96,54,57036,521.394,1980
264106285884148,96,54,57036,521.394,1980
264106335981903,96,54,57036,542.497,1980
264106386042633,96,54,57036,542.497,1980
264106436171335,97,53,57036,563.682,1980
264106486335147,97,53,57036,563.682,1980
264106536468458,97,53,57036,586.655,1980
264106586582094,97,53,57036,586.655,1980
264106636692337,96,53,57036,599.673,1980
264106686823200,96,53,57036,599.673,1980
264106736934235,96,53,57036,592.481,1980
264106787045225,96,53,57036,591.11,1980
264106839515674,96,54,57036,591.11,1980
264106890312790,96,54,57036,571.321,1980
264106941198104,96,54,57036,571.321,1980
264106992019818,3,2,57036,532.607,1980
264107047887525,3,2,57036,532.607,1980
264107098018091,3,2,57036,494.068,1980
264107149400336,3,2,57036,494.068,1980
264107199515054,59,28,57036,471.35,1980
264107249625980,59,28,57036,471.35,1980
264107300793528,59,28,57036,447.584,1980
264107351026018,59,28,57036,447.584,1980
264107401846864,75,37,57036,424.199,1980
264107452399440,75,37,57036,424.199,1980
264107502539663,75,37,57036,403.857,1980
264107552920546,75,37,57036,403.857,1980
264107603154165,95,46,57036,384.305,1980
264107653272135,95,46,57036,384.305,1980
264107703423210,95,46,57036,365.743,1980
264107753855062,95,46,57036,365.743,1980
264107811610632,100,50,57036,344.843,1980
264107861756797,100,50,57036,344.843,1980
264107911882628,100,50,57036,343.132,1980
264107962007129,100,50,57036,343.132,1980
264108012112770,98,52,57036,396.378,1980
264108062226911,98,52,57036,396.378,1980
264108112329265,98,52,57036,440.024,1980
264108162444733,98,52,57036,440.024,1980
264108212550797,99,51,57036,463.16,1980
264108262650657,99,51,57036,463.16,1980
264108312751767,99,51,57036,483.693,1980
264108362854336,99,51,57036,483.693,1980
264108412956267,96,54,57036,506.645,1980
264108463058763,96,54,57036,506.645,1980
264108513155144,96,54,57036,526.331,1980
264108563253192,96,54,57036,526.331,1980
264108613350673,97,58,57036,548.046,1980
264108663450681,97,58,57036,548.046,1980
264108713550898,97,58,57036,564.913,1980
264108763649865,97,58,57036,564.913,1980
264108813747337,96,55,57036,591.253,1980
264108863845667,96,55,57036,591.253,1980
264108913942894,96,55,57036,604.965,1980
264108964043071,96,55,57036,604.965,1980
264109014140967,97,57,57036,599.457,1980
264109064250423,97,57,57036,599.457,1980
264109114349161,97,57,57036,594.054,1980
264109164459825,97,57,57036,594.054,1980
264109216687968,96,56,57036,592.965,1980
264109267578624,96,56,57036,592.965,1980
264109318534623,96,56,57036,562.417,1980
264109370119921,96,56,57036,562.417,1980
264109420484165,2,2,57036,521.413,1980
264109470593469,2,2,57036,521.413,1980
264109520762962,2,2,57036,486.935,1980
264109571476374,2,2,57036,486.935,1980
264109621599123,72,35,57036,467.137,1980
264109672022497,72,35,57036,467.137,1980
264109722196202,72,35,57036,444.298,1980
264109772318991,72,35,57036,444.298,1980
264109822445082,83,40,57036,424.165,1980
264109872576264,83,40,57036,424.165,1980
264109922701594,83,40,57036,398.809,1980
264109972811714,83,40,57036,398.809,1980
264110023135224,100,50,57036,372.707,1980
264110073246827,100,50,57036,372.707,1980
264110123348285,100,50,57036,348.031,1980
264110173510844,100,50,57036,348.031,1980
264110223613057,100,50,57036,331.673,1980
264110273712437,100,50,57036,331.673,1980
264110323830838,100,50,57036,362.672,1980
264110373936934,100,50,57036,362.672,1980
264110424037604,98,54,57036,415.439,1980
264110474137873,98,54,57036,415.439,1980
264110524236748,98,54,57036,442.275,1980
264110574334896,98,54,57036,442.275,1980
264110624433171,95,52,57036,465.296,1980
264110674530341,95,52,57036,465.296,1980
264110724630474,95,52,57036,481.534,1980
264110774734479,95,52,57036,481.534,1980
264110824839902,96,56,57036,497.51,1980
264110874936607,96,56,57036,497.51,1980
264110925038265,96,56,57036,516.705,1980
264110975136032,96,56,57036,516.705,1980
264111025236757,96,56,57036,539.854,1980
264111075335672,96,56,57036,539.854,1980
264111125436216,96,56,57036,560.426,1980
264111175542896,96,56,57036,560.426,1980
264111225640570,96,56,57036,584.08,1980
264111275739511,96,56,57036,584.08,1980
264111325835543,96,56,57036,572.648,1980
264111375954778,96,56,57036,572.648,1980
264111426873711,96,56,57036,559.722,1980
264111477610967,96,56,57036,559.722,1980
264111528289656,96,56,57036,519.455,1980
264111579233679,96,56,57036,519.455,1980
264111630786714,2,2,57036,481.591,1980
264111680916565,2,2,57036,481.591,1980
264111731066950,2,2,57036,453.532,1980
264111781837795,2,2,57036,453.532,1980
264111832037406,74,36,57036,434.886,1980
264111882477643,74,36,57036,434.886,1980
264111933537908,74,36,57036,413.84,1980
264111983671057,74,36,57036,413.84,1980
264112033829493,88,43,57036,395.931,1980
264112083975238,88,43,57036,395.931,1980
264112134099853,88,43,57036,379.01,1980
264112184275840,88,43,57036,379.01,1980
264112234760665,100,49,57036,363.906,1980
264112284910184,100,49,57036,363.906,1980
264112335556523,100,49,57036,341.58,1980
264112385681734,100,49,57036,341.58,1980
264112435800834,90,45,57036,331.634,1980
264112485902218,90,45,57036,331.634,1980
264112536005037,90,45,57036,376.689,1980
264112586115337,90,45,57036,376.689,1980
264112636235606,98,50,57036,418.171,1980
264112686337731,98,50,57036,418.171,1980
264112736437901,98,50,57036,447.409,1980
264112786538533,98,50,57036,447.409,1980
264112836637550,94,50,57036,467.667,1980
264112886736330,94,50,57036,467.667,1980
264112936837852,94,50,57036,491.459,1980
264112986938632,94,50,57036,491.459,1980
264113037058385,96,54,57036,510.245,1980
264113087158806,96,54,57036,510.245,1980
264113137259233,96,54,57036,529.174,1980
264113187358678,96,54,57036,529.174,1980
264113237455796,97,55,57036,544.114,1980
264113287561452,97,55,57036,544.114,1980
264113337663621,97,55,57036,571.642,1980
264113387765411,97,55,57036,571.642,1980
264113437865492,96,54,57036,589.613,1980
264113487989053,96,54,57036,589.613,1980
264113538094702,96,54,57036,585.221,1980
264113588192430,96,54,57036,585.221,1980
264113641015991,96,54,57036,580.331,1980
264113691788700,96,54,57036,560.425,1980
264113742375278,96,54,57036,560.425,1980
264113793066155,2,2,57036,518.642,1980
264113843271105,2,2,57036,518.642,1980
264113894510079,2,2,57036,484.955,1980
264113944678680,2,2,57036,484.955,1980
264113995769285,60,29,57036,459.975,1980
264114046075992,60,29,57036,459.975,1980
264114097371254,60,29,57036,443.942,1980
264114147761673,60,29,57036,443.942,1980
264114198764555,81,39,57036,422.821,1980
264114249652842,81,39,57036,422.821,1980
264114300477226,81,39,57036,408.751,1980
264114351098825,81,39,57036,408.751,1980
264114401223881,99,49,57036,389.2,1980
264114451324600,99,49,57036,389.2,1980
264114501446796,99,49,57036,363.481,1980
264114551581963,99,49,57036,363.481,1980
264114601687459,100,50,57036,339.477,1980
264114651804845,100,50,57036,339.477,1980
264114701902222,100,50,57036,357.304,1980
264114752025805,100,50,57036,357.304,1980
264114802141662,98,51,57036,407.328,1980
264114852240852,98,51,57036,407.328,1980
264114902546455,98,51,57036,444.55,1980
264114952646463,98,51,57036,444.55,1980
264115002757453,91,46,57036,470.031,1980
264115052862072,91,46,57036,470.031,1980
264115102969975,91,46,57036,491.034,1980
264115153063116,91,46,57036,491.034,1980
264115203169698,98,55,57036,509.792,1980
264115253266771,98,55,57036,509.792,1980
264115303363050,98,55,57036,528.462,1980
264115353516757,98,55,57036,528.462,1980
264115403645599,95,55,57036,547.507,1980
264115453755574,95,55,57036,547.507,1980
264115503864409,95,55,57036,569.443,1980
264115553977780,95,55,57036,569.443,1980
264115604086109,96,56,57036,591.17,1980
264115654191474,96,56,57036,591.17,1980
264115704306816,96,56,57036,603.031,1980
264115754410303,96,56,57036,603.031,1980
264115804512506,96,54,57036,593.622,1980
264115854616941,96,54,57036,593.622,1980
264115904731637,96,54,57036,588.947,1980
264115956148563,96,54,57036,588.947,1980
264116006971458,86,59,57036,561.488,1980
264116057795235,86,59,57036,561.488,1980
264116108437617,86,59,57036,519.262,1980
264116158603147,86,59,57036,519.262,1980
264116210212457,2,2,57036,487.433,1980
264116261046905,2,2,57036,487.433,1980
264116311896529,2,2,57036,463.927,1980
264116362906278,2,2,57036,463.927,1980
264116413060747,75,37,57036,441.806,1980
264116463198523,75,37,57036,441.806,1980
264116513337959,75,37,57036,418.787,1980
264116563509646,75,37,57036,418.787,1980
264116613627699,89,44,57036,402.21,1980
264116663791151,89,44,57036,402.21,1980
264116713936169,89,44,57036,378.022,1980
264116764111557,89,44,57036,378.022,1980
264116814213919,100,49,57036,359.037,1980
264116864345226,100,49,57036,359.037,1980
264116914461179,100,49,57036,335.847,1980
264116964577004,100,49,57036,335.847,1980
264117014699171,79,40,57036,357.77,1980
264117064809904,79,40,57036,357.77,1980
264117114915939,79,40,57036,408.912,1980
264117165031328,79,40,57036,408.912,1980
264117215135571,98,50,57036,447.479,1980
264117265237779,98,50,57036,447.479,1980
264117315344111,98,50,57036,470.573,1980
264117365452789,98,50,57036,470.573,1980
264117415577638,96,49,57036,490.609,1980
264117465686027,96,49,57036,490.609,1980
264117515784687,96,49,57036,508.831,1980
264117565885456,96,49,57036,508.831,1980
264117617683404,96,55,57036,528.079,1980
264117667784341,96,55,57036,528.079,1980
264117717882402,96,55,57036,549.165,1980
264117767995446,96,55,57036,549.165,1980
264117818101787,96,54,57036,567.816,1980
264117868203219,96,54,57036,567.816,1980
264117918305479,96,54,57036,588.734,1980
264117968407723,96,54,57036,588.734,1980
264118018506563,96,54,57036,598.563,1980
264118068610158,96,54,57036,598.563,1980
264118118712800,96,54,57036,587.746,1980
264118169395647,96,54,57036,587.746,1980
264118220207201,95,61,57036,565.578,1980
264118270996547,95,61,57036,565.578,1980
264118321875324,95,61,57036,523.159,1980
264118371998538,95,61,57036,523.159,1980
264118422177364,2,2,57036,486.033,1980
264118473599776,2,2,57036,486.033,1980
264118523737098,2,2,57036,464.727,1980
264118573907857,2,2,57036,464.727,1980
264118624068173,75,37,57036,443.55,1980
264118674199809,75,37,57036,443.55,1980
264118724312651,75,37,57036,427.971,1980
264118774416552,75,37,57036,427.971,1980
264118824548040,93,46,57036,405.717,1980
264118874661063,93,46,57036,405.717,1980
264118924803785,93,46,57036,382.267,1980
264118974912606,93,46,57036,382.267,1980
264119025073270,100,50,57036,358.513,1980
264119075179559,100,50,57036,358.513,1980
264119125286396,100,50,57036,338.181,1980
264119175396451,100,50,57036,338.181,1980
264119225499471,83,45,57036,357.778,1980
264119275606758,83,45,57036,357.778,1980
264119325717348,83,45,57036,403.767,1980
264119376133562,83,45,57036,403.767,1980
264119426235793,98,54,57036,449.169,1980
264119476334029,98,54,57036,449.169,1980
264119526434094,98,54,57036,470.11,1980
264119576553346,98,54,57036,470.11,1980
264119626660017,96,54,57036,487.128,1980
264119676758611,96,54,57036,487.128,1980
264119726857451,96,54,57036,509.431,1980
264119776955079,96,54,57036,509.431,1980
264119827042284,95,56,57036,531.595,1980
264119877139202,95,56,57036,531.595,1980
264119927235072,95,56,57036,549.482,1980
264119977370564,95,56,57036,549.482,1980
264120027650553,96,56,57036,576.138,1980
264120077763566,96,56,57036,576.138,1980
264120127868516,96,56,57036,597.882,1980
264120177976572,96,56,57036,597.882,1980
264120228083333,98,56,57036,592.692,1980
264120278187270,98,56,57036,592.692,1980
264120329266085,98,56,57036,583.246,1980
264120379960144,98,56,57036,583.246,1980
264120430839094,51,41,57036,540.866,1980
264120481891370,51,41,57036,540.866,1980
264120532083594,51,41,57036,502.352,1980
264120582301030,51,41,57036,502.352,1980
264120632827735,16,8,57036,477.942,1980
264120683679369,16,8,57036,477.942,1980
264120733863549,16,8,57036,456.477,1980
264120785458338,16,8,57036,456.477,1980
264120836657296,75,37,57036,430.984,1980
264120886858822,75,37,57036,430.984,1980
264120937310842,75,37,57036,410.141,1980
264120987771004,75,37,57036,410.141,1980
264121037884800,91,44,57036,395.879,1980
264121088028207,91,44,57036,395.879,1980
264121138486186,91,44,57036,375.365,1980
264121188747453,91,44,57036,375.365,1980
264121238872386,100,50,57036,348.443,1980
264121288989585,100,50,57036,348.443,1980
264121339095463,100,50,57036,329.369,1980
264121389196035,100,50,57036,329.369,1980
264121439308676,79,39,57036,366.953,1980
264121489419421,79,39,57036,366.953,1980
264121539523831,79,39,57036,418.892,1980
264121589628215,79,39,57036,418.892,1980
264121639837083,98,49,57036,447.14,1980
264121689945349,98,49,57036,447.14,1980
264121740046735,98,49,57036,468.646,1980
264121790146302,98,49,57036,468.646,1980
264121840246137,96,51,57036,489.571,1980
264121890348994,96,51,57036,489.571,1980
264121940474569,96,51,57036,516.354,1980
264121990577917,96,51,57036,516.354,1980
264122040680518,96,55,57036,528.268,1980
264122090780099,96,55,57036,528.268,1980
264122140878581,96,55,57036,553.505,1980
264122190980127,96,55,57036,553.505,1980
264122241079318,96,54,57036,573.4,1980
264122291217983,96,54,57036,573.4,1980
264122341320255,96,54,57036,590.726,1980
264122391418615,96,54,57036,590.726,1980
264122441515861,97,52,57036,581.019,1980
264122491614646,97,52,57036,581.019,1980
264122541712077,97,52,57036,575.111,1980
264122592704605,97,52,57036,575.111,1980
264122643646241,98,55,57036,556.888,1980
264122694614426,98,55,57036,522.328,1980
264122745680947,98,55,57036,522.328,1980
264122797403257,2,2,57036,477.502,1980
264122847521916,2,2,57036,477.502,1980
264122898859885,2,2,57036,456.041,1980
264122950332962,2,2,57036,456.041,1980
264123001659291,75,36,57036,436.921,1980
264123051806595,75,36,57036,436.921,1980
264123101916608,75,36,57036,415.667,1980
264123153419676,75,36,57036,415.667,1980
264123204155277,83,41,57036,401.679,1980
264123254492228,83,41,57036,401.679,1980
264123304732514,83,41,57036,380.804,1980
264123354865635,83,41,57036,380.804,1980
264123405038043,99,49,57036,365.88,1980
264123455193608,99,49,57036,365.88,1980
264123505552870,99,49,57036,345.832,1980
264123555661299,99,49,57036,345.832,1980
264123605767093,90,46,57036,339.367,1980
264123655869453,90,46,57036,339.367,1980
264123705970005,90,46,57036,394.589,1980
264123756076093,90,46,57036,394.589,1980
264123806181230,98,51,57036,440.281,1980
264123856300636,98,51,57036,440.281,1980
264123906401473,98,51,57036,462.948,1980
264123956512391,98,51,57036,462.948,1980
264124006613504,92,49,57036,480.712,1980
264124056713552,92,49,57036,480.712,1980
264124106813537,92,49,57036,496.07,1980
264124156912338,92,49,57036,496.07,1980
264124207031644,96,54,57036,513.812,1980
264124257136170,96,54,57036,513.812,1980
264124307233622,96,54,57036,534.104,1980
264124357331779,96,54,57036,534.104,1980
264124407430256,96,55,57036,556.183,1980
264124457524108,96,55,57036,556.183,1980
264124507638556,96,55,57036,579.174,1980
264124557749345,96,55,57036,579.174,1980
264124607858254,96,54,57036,594.793,1980
264124657969275,96,54,57036,594.793,1980
264124708076122,96,54,57036,587.503,1980
264124758181163,96,54,57036,587.503,1980
264124808284814,96,54,57036,583.617,1980
264124859383716,96,54,57036,583.617,1980
264124910077040,96,54,57036,556.542,1980
264124960991669,96,54,57036,556.542,1980
264125011634279,2,2,57036,516.733,1980
264125061763552,2,2,57036,516.733,1980
264125112249419,2,2,57036,485.002,1980
264125162394090,2,2,57036,485.002,1980
264125213945843,53,25,57036,464.752,1980
264125265390944,53,25,57036,464.752,1980
264125315537006,53,25,57036,443.569,1980
264125366926594,53,25,57036,443.569,1980
264125417355594,80,39,57036,418.005,1980
264125467690856,80,39,57036,418.005,1980
264125518506969,80,39,57036,396.728,1980
264125568606683,80,39,57036,396.728,1980
264125618726918,99,49,57036,380.877,1980
264125668886971,99,49,57036,380.877,1980
264125718989158,99,49,57036,356.28,1980
264125769092263,99,49,57036,356.28,1980
264125819198049,100,50,57036,329.832,1980
264125869311980,100,50,57036,329.832,1980
264125919415650,100,50,57036,352.933,1980
264125969831765,100,50,57036,352.933,1980
264126019951001,98,50,57036,403.04,1980
264126070119990,98,50,57036,403.04,1980
264126120245061,98,50,57036,444.042,1980
264126170344904,98,50,57036,444.042,1980
264126220458545,91,45,57036,465.193,1980
264126270564513,91,45,57036,465.193,1980
264126320677643,91,45,57036,489.307,1980
264126372249332,91,45,57036,489.307,1980
264126422357076,94,54,57036,509.072,1980
264126472460355,94,54,57036,509.072,1980
264126522557658,94,54,57036,530.148,1980
264126572656233,94,54,57036,530.148,1980
264126622758753,95,53,57036,554.974,1980
264126672859966,95,53,57036,554.974,1980
264126722961054,95,53,57036,581.05,1980
264126773059753,95,53,57036,581.05,1980
264126823159530,96,54,57036,604.551,1980
264126873258189,96,54,57036,604.551,1980
264126923380065,96,54,57036,601.366,1980
264126973481312,96,54,57036,601.366,1980
264127023578029,96,55,57036,592.342,1980
264127076453212,96,55,57036,592.342,1980
264127127567741,96,55,57036,575.152,1980
264127178515637,96,55,57036,575.152,1980
264127229528335,29,28,57036,532.524,1980
264127287673552,29,28,57036,532.524,1980
264127338061695,29,28,57036,494.086,1980
264127388207674,29,28,57036,494.086,1980
264127439296714,28,14,57036,471.232,1980
264127489410890,28,14,57036,471.232,1980
264127540012849,28,14,57036,443.931,1980
264127590123234,28,14,57036,443.931,1980
264127641757669,75,37,57036,421.956,1980
264127691882196,75,37,57036,421.956,1980
264127742323335,75,37,57036,401.806,1980
264127792478998,75,37,57036,401.806,1980
264127842635114,86,42,57036,379.976,1980
264127893229460,86,42,57036,379.976,1980
264127943334386,86,42,57036,362.77,1980
264127993485894,86,42,57036,362.77,1980
264128043691385,100,50,57036,337.04,1980
264128093806445,100,50,57036,337.04,1980
264128143910886,100,50,57036,323.045,1980
264128194020698,100,50,57036,323.045,1980
264128244142175,75,41,57036,372.333,1980
264128294691927,75,41,57036,372.333,1980
264128344813940,75,41,57036,422.575,1980
264128394921712,75,41,57036,422.575,1980
264128445032933,99,56,57036,446.336,1980
264128495137107,99,56,57036,446.336,1980
264128545239179,99,56,57036,467.104,1980
264128595339584,99,56,57036,467.104,1980
264128645438225,95,54,57036,490.992,1980
264128695536896,95,54,57036,490.992,1980
264128745635394,95,54,57036,514.3,1980
264128795735089,95,54,57036,514.3,1980
264128845835353,96,58,57036,530.496,1980
264128895933505,96,58,57036,530.496,1980
264128946042319,96,58,57036,553.639,1980
264128996140116,96,58,57036,553.639,1980
264129046237457,97,56,57036,586.274,1980
264129096335365,97,56,57036,586.274,1980
264129146434663,97,56,57036,610.967,1980
264129196533354,97,56,57036,610.967,1980
264129246662643,96,57,57036,604.025,1980
264129296842150,96,57,57036,604.025,1980
264129347014760,96,57,57036,597.899,1980
264129397140617,96,57,57036,597.899,1980
264129447314618,96,56,57036,597.112,1980
264129498361869,96,56,57036,573.435,1980
264129549387358,96,56,57036,573.435,1980
264129600277241,18,18,57036,529.472,1980
264129651122201,18,18,57036,529.472,1980
264129701357630,18,18,57036,488.993,1980
264129752870991,18,18,57036,488.993,1980
264129803010411,39,19,57036,467.926,1980
264129853133994,39,19,57036,467.926,1980
264129903331698,39,19,57036,446.521,1980
264129953631407,39,19,57036,446.521,1980
264130003741547,76,38,57036,424.966,1980
264130054183931,76,38,57036,424.966,1980
264130104331220,76,38,57036,405.116,1980
264130154870654,76,38,57036,405.116,1980
264130205035962,91,45,57036,383.19,1980
264130255138046,91,45,57036,383.19,1980
264130305253572,91,45,57036,361.497,1980
264130355546132,91,45,57036,361.497,1980
264130405649662,100,50,57036,334.282,1980
264130455771728,100,50,57036,334.282,1980
264130505883404,100,50,57036,339.616,1980
264130555998425,100,50,57036,339.616,1980
264130606125756,82,41,57036,390.153,1980
264130656262879,82,41,57036,390.153,1980
264130706366177,82,41,57036,431.398,1980
264130756466148,82,41,57036,431.398,1980
264130806571339,96,48,57036,453.826,1980
264130856679165,96,48,57036,453.826,1980
264130906783392,96,48,57036,473.06,1980
264130956881825,96,48,57036,473.06,1980
264131006983168,95,53,57036,491.451,1980
264131057083447,95,53,57036,491.451,1980
264131107186786,95,53,57036,508.759,1980
264131157284107,95,53,57036,508.759,1980
264131207383688,95,54,57036,529.279,1980
264131257493807,95,54,57036,529.279,1980
264131307590284,95,54,57036,550.143,1980
264131357687618,95,54,57036,550.143,1980
264131407784625,96,55,57036,575.453,1980
264131457897006,96,55,57036,575.453,1980
264131508002832,96,55,57036,590.13,1980
264131558102297,96,55,57036,590.13,1980
264131608201330,96,54,57036,587.681,1980
264131658301055,96,54,57036,587.681,1980
264131710097571,96,54,57036,580.477,1980
264131760725891,96,54,57036,580.477,1980
264131811317532,65,48,57036,542.206,1980
264131862171407,65,48,57036,542.206,1980
264131914846556,65,48,57036,501.93,1980
264131965004435,65,48,57036,501.93,1980
264132015121904,9,4,57036,476.896,1980
264132066626282,9,4,57036,476.896,1980
264132116776881,9,4,57036,455.681,1980
264132168054819,9,4,57036,455.681,1980
264132218621343,76,37,57036,435.325,1980
264132268960303,76,37,57036,435.325,1980
264132319824010,76,37,57036,412.177,1980
264132369945617,76,37,57036,412.177,1980
264132420355624,93,45,57036,395.689,1980
264132470905326,93,45,57036,395.689,1980
264132521039357,93,45,57036,374.053,1980
264132571165277,93,45,57036,374.053,1980
264132621394543,100,50,57036,344.869,1980
264132671506380,100,50,57036,344.869,1980
264132721617276,100,50,57036,335.811,1980
264132771718885,100,50,57036,335.811,1980
264132821826742,82,42,57036,384.073,1980
264132871932930,82,42,57036,384.073,1980
264132922052524,82,42,57036,425.3,1980
264132972161038,82,42,57036,425.3,1980
264133022260646,99,49,57036,454.572,1980
264133072360593,99,49,57036,454.572,1980
264133122547979,99,49,57036,473.772,1980
264133172648878,99,49,57036,473.772,1980
264133222748592,96,52,57036,488.911,1980
264133272847866,96,52,57036,488.911,1980
264133322965464,96,52,57036,511.866,1980
264133373067123,96,52,57036,511.866,1980
264133423165029,96,55,57036,532.481,1980
264133473265514,96,55,57036,532.481,1980
264133523364106,96,55,57036,554.226,1980
264133573473016,96,55,57036,554.226,1980
264133623592253,96,54,57036,573.151,1980
264133673691004,96,54,57036,573.151,1980
264133723795777,96,54,57036,589.066,1980
264133773906148,96,54,57036,589.066,1980
264133824023398,96,54,57036,579.593,1980
264133874127797,96,54,57036,579.593,1980
264133924267974,96,54,57036,572.176,1980
264133974391695,96,54,57036,572.176,1980
264134025206176,99,56,57036,556.137,1980
264134075936100,99,56,57036,556.137,1980
264134126575588,99,56,57036,520.564,1980
264134176690349,99,56,57036,520.564,1980
264134226982040,2,2,57036,485.524,1980
264134277158245,2,2,57036,485.524,1980
264134328533421,2,2,57036,465.439,1980
264134378648770,2,2,57036,465.439,1980
264134430167285,74,36,57036,442.204,1980
264134481635533,74,36,57036,442.204,1980
264134532038749,74,36,57036,422.321,1980
264134582190155,74,36,57036,422.321,1980
264134632593698,82,40,57036,402.165,1980
264134682696397,82,40,57036,402.165,1980
264134732886979,82,40,57036,381.96,1980
264134783037547,82,40,57036,381.96,1980
264134833139356,100,50,57036,361.375,1980
264134883242787,100,50,57036,361.375,1980
264134933346804,100,50,57036,340.003,1980
264134983449452,100,50,57036,340.003,1980
264135033548780,83,42,57036,342.436,1980
264135083662428,83,42,57036,342.436,1980
264135133768383,83,42,57036,389.444,1980
264135183866958,83,42,57036,389.444,1980
264135233964886,98,51,57036,436.138,1980
264135284066365,98,51,57036,436.138,1980
264135334171283,98,51,57036,461.317,1980
264135384271221,98,51,57036,461.317,1980
264135434369012,90,49,57036,483.563,1980
264135484467138,90,49,57036,483.563,1980
264135534564672,90,49,57036,502.384,1980
264135584663695,90,49,57036,502.384,1980
264135634761352,97,53,57036,522.863,1980
264135684866395,97,53,57036,522.863,1980
264135734963221,97,53,57036,541.345,1980
264135785067168,97,53,57036,541.345,1980
264135835168168,99,56,57036,560.702,1980
264135885286168,99,56,57036,560.702,1980
264135935391701,99,56,57036,584.104,1980
264135985491727,99,56,57036,584.104,1980
264136035590211,96,55,57036,598.173,1980
264136085689424,96,55,57036,598.173,1980
264136135799404,96,55,57036,591.561,1980
264136185902406,96,55,57036,591.561,1980
264136235999103,99,57,57036,583.656,1980
264136286109566,99,57,57036,583.656,1980
264136337212639,99,57,57036,576.857,1980
264136388090264,99,57,57036,576.857,1980
264136438721606,54,42,57036,535.34,1980
264136489417070,54,42,57036,535.34,1980
264136539564728,54,42,57036,494.887,1980
264136591193992,54,42,57036,494.887,1980
264136641328875,16,8,57036,470.656,1980
264136691874493,16,8,57036,470.656,1980
264136742979289,16,8,57036,446.521,1980
264136793980241,16,8,57036,446.521,1980
264136844369186,71,35,57036,429.522,1980
264136895220575,71,35,57036,429.522,1980
264136945459660,71,35,57036,406.965,1980
264136995618283,71,35,57036,406.965,1980
264137046321769,95,47,57036,387.822,1980
264137096819565,95,47,57036,387.822,1980
264137146935161,95,47,57036,373.529,1980
264137197073759,95,47,57036,373.529,1980
264137247502902,100,50,57036,352.758,1980
264137297611140,100,50,57036,352.758,1980
264137347802744,100,50,57036,338.468,1980
264137397909745,100,50,57036,338.468,1980
264137448013140,79,40,57036,387.953,1980
264137498111933,79,40,57036,387.953,1980
264137548220123,79,40,57036,434.877,1980
264137598322648,79,40,57036,434.877,1980
264137648423193,98,49,57036,459.598,1980
264137698524377,98,49,57036,459.598,1980
264137748623476,98,49,57036,480.765,1980
264137798722887,98,49,57036,480.765,1980
264137848824020,95,53,57036,499.968,1980
264137898928435,95,53,57036,499.968,1980
264137949032645,95,53,57036,517.256,1980
264137999138407,95,53,57036,517.256,1980
264138049239866,97,53,57036,539.696,1980
264138099337355,97,53,57036,539.696,1980
264138149435354,97,53,57036,550.829,1980
264138199537893,97,53,57036,550.829,1980
264138249652317,98,57,57036,569.047,1980
264138299750477,98,57,57036,569.047,1980
264138349850629,98,57,57036,588.523,1980
264138399955502,98,57,57036,588.523,1980
264138450054988,96,54,57036,578.02,1980
264138500153066,96,54,57036,578.02,1980
264138550875667,96,54,57036,568.881,1980
264138601733971,96,54,57036,568.881,1980
264138652386562,77,54,57036,530.614,1980
264138703449643,77,54,57036,490.758,1980
264138753560027,77,54,57036,490.758,1980
264138804802259,2,1,57036,460.082,1980
264138854958262,2,1,57036,460.082,1980
264138906220029,2,1,57036,439.79,1980
264138957185136,2,1,57036,439.79,1980
264139008228699,75,37,57036,422.485,1980
264139058371706,75,37,57036,422.485,1980
264139108529494,75,37,57036,402.324,1980
264139158656634,75,37,57036,402.324,1980
264139208796594,98,48,57036,387.482,1980
264139259325386,98,48,57036,387.482,1980
264139310270044,98,48,57036,364.384,1980
264139360381516,98,48,57036,364.384,1980
264139410517601,100,50,57036,344.28,1980
264139460629774,100,50,57036,344.28,1980
264139510764528,100,50,57036,328.423,1980
264139560892386,100,50,57036,328.423,1980
264139611014754,81,40,57036,367.158,1980
264139661122904,81,40,57036,367.158,1980
264139711236561,81,40,57036,417.446,1980
264139761360014,81,40,57036,417.446,1980
264139811471484,98,48,57036,449.466,1980
264139861590698,98,48,57036,449.466,1980
264139911696393,98,48,57036,468.745,1980
264139961795942,98,48,57036,468.745,1980
264140011899473,95,52,57036,483.721,1980
264140062010372,95,52,57036,483.721,1980
264140112111718,95,52,57036,506.815,1980
264140162214108,95,52,57036,506.815,1980
264140212314890,95,54,57036,521.059,1980
264140262423720,95,54,57036,521.059,1980
264140313204124,95,54,57036,551.464,1980
264140363310383,95,54,57036,551.464,1980
264140413410452,96,55,57036,570.976,1980
264140463511024,96,55,57036,570.976,1980
264140513610776,96,55,57036,581.392,1980
264140563735092,96,55,57036,581.392,1980
264140613839812,97,53,57036,572.422,1980
264140663939041,97,53,57036,572.422,1980
264140714619957,97,53,57036,554.417,1980
264140765266925,97,53,57036,554.417,1980
264140816362313,54,42,57036,509.944,1980
264140866975695,54,42,57036,509.944,1980
264140917086403,54,42,57036,468.69,1980
264140968241454,54,42,57036,468.69,1980
264141018364731,15,7,57036,452.328,1980
264141069309342,15,7,57036,452.328,1980
264141120327505,15,7,57036,430.398,1980
264141171422815,15,7,57036,430.398,1980
264141221617026,77,37,57036,408.243,1980
264141272585410,77,37,57036,408.243,1980
264141322755761,77,37,57036,391.882,1980
264141372941908,77,37,57036,391.882,1980
264141423060762,97,48,57036,374.372,1980
264141473173977,97,48,57036,374.372,1980
264141523418070,97,48,57036,360.524,1980
264141573767828,97,48,57036,360.524,1980
264141623872162,100,50,57036,342.962,1980
264141673980211,100,50,57036,342.962,1980
264141724086746,100,50,57036,331.351,1980
264141774197955,100,50,57036,331.351,1980
264141824299941,74,38,57036,380.195,1980
264141874401828,74,38,57036,380.195,1980
264141924519235,74,38,57036,420.899,1980
264141974631737,74,38,57036,420.899,1980
264142024738977,98,49,57036,447.265,1980
264142074838792,98,49,57036,447.265,1980
264142124938092,98,49,57036,468.575,1980
264142175036233,98,49,57036,468.575,1980
264142225165185,96,52,57036,487.38,1980
264142275230582,96,52,57036,487.38,1980
264142325344189,96,52,57036,506.82,1980
264142375460435,96,52,57036,506.82,1980
264142425565872,97,54,57036,529.255,1980
264142475674760,97,54,57036,529.255,1980
264142525780652,97,54,57036,548.489,1980
264142575883362,97,54,57036,548.489,1980
264142625985401,97,54,57036,567.011,1980
264142676093405,97,54,57036,567.011,1980
264142726198579,97,54,57036,584.383,1980
264142776299600,97,54,57036,584.383,1980
264142826402240,96,54,57036,576.121,1980
264142876501237,96,54,57036,576.121,1980
264142926604404,96,54,57036,571.204,1980
264142977444785,96,54,57036,571.204,1980
264143028397860,95,61,57036,546.438,1980
264143079337388,95,61,57036,546.438,1980
264143129977567,95,61,57036,504.151,1980
264143180958097,95,61,57036,504.151,1980
264143231073473,2,2,57036,471.516,1980
264143281235863,2,2,57036,471.516,1980
264143331749797,2,2,57036,448.667,1980
264143381855367,2,2,57036,448.667,1980
264143431991261,74,36,57036,430.453,1980
264143482163804,74,36,57036,430.453,1980
264143532741553,74,36,57036,411.367,1980
264143583574977,74,36,57036,411.367,1980
264143633675020,84,41,57036,395.371,1980
264143683807533,84,41,57036,395.371,1980
264143733915797,84,41,57036,374.956,1980
264143784196720,84,41,57036,374.956,1980
264143834332163,100,49,57036,355.411,1980
264143884463071,100,49,57036,355.411,1980
264143934623474,100,49,57036,336.911,1980
264143984748768,100,49,57036,336.911,1980
264144034853165,75,38,57036,347.826,1980
264144084955689,75,38,57036,347.826,1980
264144135062889,75,38,57036,399.058,1980
264144185165298,75,38,57036,399.058,1980
264144235270534,98,48,57036,442.476,1980
264144285378875,98,48,57036,442.476,1980
264144335479391,98,48,57036,469.09,1980
264144385578356,98,48,57036,469.09,1980
264144435675602,95,50,57036,489.631,1980
264144485784435,95,50,57036,489.631,1980
264144535888235,95,50,57036,508.171,1980
264144585998398,95,50,57036,508.171,1980
264144636111793,96,53,57036,528.097,1980
264144686209757,96,53,57036,528.097,1980
264144736311207,96,53,57036,549.258,1980
264144786410390,96,53,57036,549.258,1980
264144836513057,96,54,57036,566.373,1980
264144886613055,96,54,57036,566.373,1980
264144936712557,96,54,57036,591.627,1980
264144986818412,96,54,57036,591.627,1980
264145036921293,96,53,57036,604.287,1980
264145087022071,96,53,57036,604.287,1980
264145137121898,96,53,57036,593.309,1980
264145187221729,96,53,57036,593.309,1980
264145237320181,96,51,57036,586.945,1980
264145288401634,96,51,57036,586.945,1980
264145339260126,96,51,57036,559.306,1980
264145390260559,96,51,57036,559.306,1980
264145441052913,9,9,57036,516.434,1980
264145491167540,9,9,57036,516.434,1980
264145542351750,9,9,57036,484.943,1980
264145593899675,9,9,57036,484.943,1980
264145645396095,52,24,57036,463.25,1980
264145695551284,52,24,57036,463.25,1980
264145746651794,52,24,57036,441.799,1980
264145796803576,52,24,57036,441.799,1980
264145846951616,80,39,57036,418.698,1980
264145897824536,80,39,57036,418.698,1980
264145947982361,80,39,57036,398.246,1980
264145999344286,80,39,57036,398.246,1980
264146049449202,98,48,57036,382.46,1980
264146099664539,98,48,57036,382.46,1980
264146149773127,98,48,57036,358.319,1980
264146199881308,98,48,57036,358.319,1980
264146249982247,76,38,57036,354.702,1980
264146300096864,76,38,57036,354.702,1980
264146350203272,76,38,57036,379.418,1980
264146400312209,76,38,57036,379.418,1980
264146450412870,98,48,57036,418.069,1980
264146500517303,98,48,57036,418.069,1980
264146550616831,98,48,57036,453.958,1980
264146600719401,98,48,57036,453.958,1980
264146650821124,95,51,57036,473.463,1980
264146700925663,95,51,57036,473.463,1980
264146751039003,95,51,57036,494.281,1980
264146801139901,95,51,57036,494.281,1980
264146851240459,97,52,57036,509.447,1980
264146901345220,97,52,57036,509.447,1980
264146951446825,97,52,57036,524.457,1980
264147001549342,97,52,57036,524.457,1980
264147051648376,96,53,57036,543.018,1980
264147101749408,96,53,57036,543.018,1980
264147151850761,96,53,57036,565.441,1980
264147201951624,96,53,57036,565.441,1980
264147252051493,96,54,57036,568.42,1980
264147302951165,96,54,57036,568.42,1980
264147353768630,96,54,57036,544.389,1980
264147404649649,96,54,57036,544.389,1980
264147455627690,28,28,57036,503.353,1980
264147505794631,28,28,57036,503.353,1980
264147557190101,28,28,57036,470.892,1980
264147608291432,34,16,57036,449.309,1980
264147658438372,34,16,57036,449.309,1980
264147709874181,34,16,57036,429.303,1980
264147759977539,34,16,57036,429.303,1980
264147811316770,74,36,57036,408.538,1980
264147862839018,74,36,57036,408.538,1980
264147912991556,74,36,57036,391.1,1980
264147963105463,74,36,57036,391.1,1980
264148013457505,79,40,57036,378.905,1980
264148063582917,79,40,57036,378.905,1980
264148113727771,79,40,57036,357.115,1980
264148164067817,79,40,57036,357.115,1980
264148214170028,100,49,57036,339.536,1980
264148264420866,100,49,57036,339.536,1980
264148314553728,100,49,57036,329.042,1980
264148364655515,100,49,57036,329.042,1980
264148414761182,75,37,57036,379.47,1980
264148464872745,75,37,57036,379.47,1980
264148514981022,75,37,57036,426.089,1980
264148565091624,75,37,57036,426.089,1980
264148615193740,98,48,57036,450.589,1980
264148665298382,98,48,57036,450.589,1980
264148715398520,98,48,57036,476.071,1980
264148765496462,98,48,57036,476.071,1980
264148815608899,97,50,57036,496.234,1980
264148865719416,97,50,57036,496.234,1980
264148915818022,97,50,57036,520.495,1980
264148965948203,97,50,57036,520.495,1980
264149016043348,98,54,57036,541.053,1980
264149066195228,98,54,57036,541.053,1980
264149116294185,98,54,57036,557.185,1980
264149166392755,98,54,57036,557.185,1980
264149216491446,96,53,57036,576.269,1980
264149266590227,96,53,57036,576.269,1980
264149316699262,96,53,57036,607.056,1980
264149366797442,96,53,57036,607.056,1980
264149416895101,97,53,57036,602.088,1980
264149466992575,97,53,57036,602.088,1980
264149517094878,97,53,57036,591.469,1980
264149567193985,97,53,57036,591.469,1980
264149618015822,96,52,57036,577.645,1980
264149669054630,96,52,57036,577.645,1980
264149719755312,96,52,57036,537.337,1980
264149770490260,96,52,57036,537.337,1980
264149821225191,2,2,57036,493.692,1980
264149871384178,2,2,57036,493.692,1980
264149923245387,2,2,57036,469.386,1980
264149974889281,2,2,57036,469.386,1980
264150025025711,74,36,57036,447.304,1980
264150075142003,74,36,57036,447.304,1980
264150125707388,74,36,57036,424.523,1980
264150176287396,74,36,57036,424.523,1980
264150226444812,80,39,57036,404.086,1980
264150277282370,80,39,57036,404.086,1980
264150327581035,80,39,57036,383.064,1980
264150377724140,80,39,57036,383.064,1980
264150427841004,97,47,57036,360.577,1980
264150478228305,97,47,57036,360.577,1980
264150528571128,97,47,57036,347.803,1980
264150578690621,97,47,57036,347.803,1980
264150628803729,100,50,57036,330.239,1980
264150678908561,100,50,57036,330.239,1980
264150729012728,100,50,57036,378.135,1980
264150779127491,100,50,57036,378.135,1980
264150829227873,98,48,57036,424.813,1980
264150879329862,98,48,57036,424.813,1980
264150929429683,98,48,57036,447.067,1980
264150979531253,98,48,57036,447.067,1980
264151029634180,90,47,57036,468.172,1980
264151079734374,90,47,57036,468.172,1980
264151129835016,90,47,57036,491.849,1980
264151179935927,90,47,57036,491.849,1980
264151230047634,97,52,57036,510.691,1980
264151280149256,97,52,57036,510.691,1980
264151330252912,97,52,57036,530.075,1980
264151380358315,97,52,57036,530.075,1980
264151430463114,98,54,57036,550.274,1980
264151480565996,98,54,57036,550.274,1980
264151530667585,98,54,57036,567.99,1980
264151580766666,98,54,57036,567.99,1980
264151630870683,96,53,57036,593.424,1980
264151680971773,96,53,57036,593.424,1980
264151731073297,96,53,57036,587.921,1980
264151781175523,96,53,57036,587.921,1980
264151831448070,97,54,57036,581.993,1980
