t_ns,util_gpu_pct,util_mem_pct,mem_used_mib,power_w,sm_clock_mhz
262752154769245,0,0,962,131.743,1980
262752208543111,0,0,962,131.743,1980
262752258681304,0,0,6852,136.795,1980
262752319828659,0,0,6852,136.795,1980
262752370107866,0,0,6852,142.855,1980
262752420346681,0,0,6852,142.855,1980
262752470491672,4,0,6852,147.727,1980
262752520611834,4,0,6852,147.727,1980
262752570908279,4,0,6852,154.064,1980
262752621159777,4,0,6852,154.064,1980
262752671435200,9,0,6852,159.639,1980
262752721716067,9,0,6852,159.639,1980
262752774534967,9,0,6852,164.122,1980
262752824783468,9,0,6852,164.122,1980
262752875032856,13,0,6852,166.398,1980
262752925287250,13,0,6852,166.398,1980
262752975545198,13,0,6852,166.054,1980
262753025801412,13,0,6852,166.054,1980
262753079132176,13,0,6852,165.796,1980
262753129382743,13,0,6852,165.796,1980
262753179834152,13,0,6852,165.865,1980
262753230097602,13,0,6852,165.865,1980
262753280323657,13,0,6852,165.98,1980
262753400140530,13,0,6872,166.033,1980
262753543976399,9,0,6872,165.809,1980
262753693722926,0,0,6872,165.729,1980
262753744148002,0,0,6872,165.625,1980
262753794281249,0,0,6872,165.625,1980
262753844403134,0,0,6872,165.553,1980
262753894546941,0,0,6872,165.553,1980
262753944736158,0,0,6872,165.435,1980
262754053778578,0,0,6872,165.334,1980
262754197359159,0,0,6872,165.248,1980
262754334730999,0,0,6872,165.135,1980
262754410905126,0,0,6872,165.052,1980
262754481352147,0,0,6872,165.063,1980
262754541647172,0,0,6872,165.108,1980
262754606970024,0,0,6872,165.108,1980
262754677360469,0,0,6872,165.109,1980
262754747742631,0,0,6872,165.147,1980
262754807987929,0,0,6872,165.147,1980
262755230871817,0,0,6872,165.12,1980
262755306495150,0,0,6872,165.16,1980
262755371898733,0,0,6872,165.125,1980
262755442379806,0,0,6872,165.104,1980
262755517943865,0,0,6872,165.104,1980
262755578221009,0,0,6872,165.1,1980
262755709064585,0,0,6872,165.1,1980
262756143571690,0,0,6872,165.099,1980
262756193849339,0,0,6872,165.099,1980
262756243997519,0,0,6872,165.062,1980
262756294511037,0,0,6872,165.062,1980
262756344684713,0,0,6872,165.07,1980
262756394948256,0,0,6872,165.07,1980
262756445093368,0,0,6872,165.12,1980
262756495883620,0,0,6872,165.12,1980
262756547676787,0,0,6872,165.103,1980
262756597814304,0,0,6872,165.103,1980
262756647968051,0,0,6872,165.151,1980
262756698101942,0,0,6872,165.151,1980
262756748220927,0,0,6872,165.155,1980
262756798581681,0,0,6872,165.155,1980
262756849434880,0,0,6872,165.124,1980
262756899678882,0,0,6872,165.124,1980
262756950228359,0,0,6872,165.135,1980
262757000516699,0,0,6872,165.135,1980
262757050709779,0,0,6872,165.153,1980
262757100861013,0,0,6872,165.153,1980
262757153770624,0,0,6872,165.163,1980
262757203917797,0,0,6872,165.163,1980
262757254120083,0,0,6872,165.192,1980
262757304807172,0,0,6872,165.192,1980
262757355020036,0,0,6872,165.212,1980
262757405193460,0,0,6872,165.212,1980
262757721532799,0,0,6872,165.184,1980
262757771861207,0,0,6940,165.186,1980
262758097600094,0,0,7036,165.282,1980
262758147858779,0,0,7520,165.288,1980
262758198091276,0,0,7520,165.288,1980
262758248287182,1,0,7520,165.288,1980
262758298465526,1,0,7520,165.288,1980
262758348642518,1,0,7520,165.28,1980
262758402165629,1,0,7520,165.28,1980
262758452398414,0,0,7520,165.246,1980
262758502592656,0,0,7520,165.246,1980
262758552775929,0,0,7520,165.253,1980
262758618232877,0,0,7520,165.253,1980
262758672303818,0,0,7520,165.273,1980
262758722842984,0,0,7520,165.273,1980
262758773032632,0,0,7520,165.274,1980
262758827584275,0,0,7520,165.274,1980
262758877752162,0,0,7520,165.247,1980
262758931278314,0,0,7520,165.247,1980
262758981546219,0,0,7520,165.259,1980
262759037884695,0,0,7520,165.259,1980
262759088973267,0,0,7520,165.245,1980
262759140062910,0,0,7520,165.245,1980
262759190229620,0,0,7520,165.266,1980
262759240407570,0,0,7520,165.266,1980
262759290587873,0,0,7520,165.259,1980
262759340761695,0,0,7520,165.251,1980
262759390959270,0,0,7520,165.251,1980
262759441187159,0,0,7520,165.31,1980
262759491394698,0,0,7520,165.31,1980
262759542124509,0,0,7520,165.306,1980
262759592331412,0,0,8726,165.306,1980
262759642545898,0,0,10136,165.279,1980
262759692755171,0,0,10136,165.279,1980
262759742952325,0,0,10136,165.28,1980
262759793964980,0,0,10582,165.28,1980
262759844234725,0,0,10582,165.284,1980
262759894409677,0,0,10582,165.284,1980
262759944576207,0,0,10582,165.309,1980
262759994738134,0,0,10582,165.309,1980
262760044879500,0,0,10582,165.309,1980
262760095092128,0,0,10582,165.309,1980
262760145314832,0,0,10582,165.383,1980
262760195467481,0,0,10582,165.383,1980
262760245606480,12,0,10582,165.485,1980
262760295729038,12,0,10582,165.485,1980
262760345847296,12,0,10582,165.605,1980
262760395961275,12,0,10582,165.605,1980
262760446078064,13,0,10582,165.679,1980
262760496190740,13,0,10582,165.679,1980
262760546305848,13,0,10582,165.789,1980
262760634004806,13,0,10582,165.789,1980
262760958311632,0,0,10582,165.83,1980
262761273240857,0,0,10116,165.615,1980
262761595168447,0,0,10156,165.332,1980
262761645304140,0,0,10156,165.323,1980
262761695429622,0,0,10156,165.323,1980
262761745554724,0,0,10156,165.32,1980
262761795670426,0,0,10156,165.32,1980
262761845780209,0,0,10156,165.304,1980
262761895883366,0,0,10156,165.304,1980
262761945982822,0,0,10156,165.285,1980
262761996088628,0,0,10156,165.285,1980
262762046196236,0,0,10156,165.272,1980
262762096300016,0,0,10156,165.272,1980
262762146444500,0,0,10156,165.304,1980
262762196570456,0,0,10156,165.304,1980
262762246675741,0,0,10156,165.338,1980
262762296797974,0,0,10156,165.338,1980
262762346919566,0,0,10156,165.332,1980
262762397054030,0,0,10156,165.332,1980
262762447191424,0,0,10156,165.328,1980
262762497343176,0,0,10156,165.328,1980
262762547471223,0,0,10156,165.311,1980
262762597583116,0,0,10156,165.311,1980
262762647728808,0,0,10156,165.271,1980
262762697887110,0,0,10156,165.271,1980
262762748020746,0,0,10156,165.269,1980
262762798131386,0,0,10156,165.269,1980
262762848247337,0,0,10156,165.264,1980
262762898386013,0,0,10156,165.264,1980
262762948533253,0,0,10156,165.268,1980
262762998686543,0,0,10156,165.268,1980
262763048832115,0,0,10156,165.284,1980
262763098983755,0,0,10156,165.284,1980
262763149111770,0,0,10156,165.282,1980
262763199245412,0,0,10156,165.282,1980
262763249397676,0,0,10156,165.225,1980
262763299546254,0,0,10156,165.225,1980
262763349675531,0,0,10156,165.204,1980
262763399817039,0,0,10156,165.204,1980
262763449957220,0,0,10156,165.213,1980
262763500076277,0,0,10156,165.213,1980
262763550210275,0,0,10156,165.24,1980
262763600329328,0,0,10156,165.24,1980
262763650467075,0,0,10156,165.273,1980
262763700631459,0,0,10156,165.273,1980
262763750798655,0,0,10156,165.273,1980
262763800941683,0,0,10156,165.273,1980
262763851093450,0,0,10156,165.295,1980
262763901252666,0,0,10156,165.295,1980
262763951407881,0,0,10156,165.297,1980
262764001563689,0,0,10156,165.297,1980
262764051723768,0,0,10156,165.274,1980
262764101868893,0,0,10156,165.274,1980
262764152034397,0,0,10156,165.269,1980
262764202192861,0,0,10156,165.269,1980
262764252344287,0,0,10156,165.264,1980
262764302495521,0,0,10156,165.264,1980
262764352651167,0,0,10156,165.28,1980
262764402790451,0,0,10156,165.28,1980
262764452938265,0,0,10156,165.259,1980
262764503086529,0,0,10156,165.259,1980
262764553248842,0,0,10156,165.252,1980
262764603397213,0,0,10156,165.252,1980
262764653552106,0,0,10156,165.271,1980
262764703713546,0,0,10156,165.271,1980
262764753869142,0,0,10156,165.278,1980
262764803990858,0,0,10156,165.278,1980
262764854136576,0,0,10156,165.237,1980
262764904299776,0,0,10156,165.237,1980
262764954448699,0,0,10156,165.238,1980
262765004607366,0,0,10156,165.238,1980
262765054751830,0,0,10156,165.27,1980
262765104911132,0,0,10156,165.27,1980
262765155058168,0,0,10156,165.26,1980
262765205206231,0,0,10156,165.26,1980
262765255358171,0,0,10156,165.293,1980
262765305478830,0,0,10156,165.293,1980
262765355603745,0,0,10156,165.298,1980
262765405760780,0,0,10156,165.298,1980
262765455906618,0,0,10156,165.295,1980
262765506086206,0,0,10156,165.295,1980
262765556289058,0,0,10156,165.299,1980
262765606449874,0,0,10156,165.299,1980
262765657458297,0,0,10156,165.265,1980
262765712761280,0,0,10156,165.265,1980
262765778145434,0,0,10156,165.26,1980
262765838412278,0,0,10156,165.26,1980
262765888571773,0,0,10156,165.29,1980
262765939208796,0,0,10156,165.29,1980
262765989388685,0,0,10156,165.297,1980
262766039555693,0,0,10156,165.297,1980
262766089745305,0,0,10282,165.273,1980
262766140134632,0,0,10282,165.273,1980
262766190291273,0,0,10574,165.296,1980
262766240470534,0,0,10574,165.296,1980
262766625407757,0,0,10574,175.558,1980
262767560364874,0,0,10254,164.887,1980
262768031603782,0,0,10282,164.823,1980
262768082331236,0,0,10340,164.806,1980
262768132604173,0,0,10368,164.806,1980
262768182792697,0,0,10348,166.536,1980
262768233029012,0,0,10352,166.536,1980
262768283286086,10,3,10374,167.484,1980
262768333408632,10,3,10360,167.484,1980
262768383519554,10,3,10378,168.602,1980
262768433687024,10,3,10378,168.602,1980
262768483872085,10,3,10384,169.971,1980
262768534030853,10,3,10392,169.971,1980
262768584217792,10,3,10398,171.068,1980
262768634384925,10,3,10380,171.068,1980
262768684689964,9,2,10404,172.129,1980
262768734898527,9,2,10388,172.129,1980
262768785100740,9,2,10394,172.946,1980
262768835221209,9,2,10398,172.946,1980
262768885426835,9,2,10404,173.974,1980
262769400682987,0,0,10406,171.941,1980
262769884559473,0,0,10320,166.499,1980
262769934711597,0,0,18718,166.499,1980
262769984889888,0,0,18718,166.108,1980
262770035240279,0,0,18718,166.108,1980
262770085803312,3,3,18718,165.717,1980
262770135989293,3,3,18718,165.717,1980
262770186140029,3,3,18718,165.671,1980
262770236274046,3,3,18718,165.671,1980
262770286440638,0,0,18718,165.667,1980
262770336607444,0,0,18718,165.667,1980
262770387068780,0,0,18718,165.675,1980
262770437259526,0,0,18718,165.675,1980
262770487444917,0,0,18718,165.684,1980
262770537600541,0,0,18718,165.684,1980
262770587765257,0,0,18718,165.647,1980
262770637938830,0,0,18718,165.647,1980
262770688112906,0,0,18718,165.62,1980
262770740561149,0,0,18718,165.62,1980
262770790747798,0,0,18718,165.643,1980
262770840932501,0,0,18718,165.643,1980
262770891099722,0,0,18718,165.668,1980
262770941289415,0,0,18718,165.668,1980
262770991478316,0,0,18718,164.853,1980
262771045756392,0,0,18718,164.833,1980
262771098202785,0,0,18718,164.833,1980
262771149030535,0,0,18718,164.877,1980
262771199195515,0,0,18718,164.877,1980
262771249757371,0,0,18718,164.875,1980
262771300835232,0,0,18718,164.875,1980
262771350998026,0,0,19038,174.173,1980
262771401198530,0,0,19038,174.173,1980
262771451381179,17,9,19038,174.99,1980
262771501573512,17,9,19040,174.99,1980
262771551784609,17,9,19040,176.001,1980
262771602121667,17,9,19040,176.001,1980
262771652279718,3,1,19042,176.16,1980
262771702436463,3,1,19042,176.16,1980
262771752657434,3,1,19042,175.964,1980
262771802940615,3,1,19042,175.964,1980
262771853107545,1,0,19042,177.95,1980
262772377624958,0,0,18790,169.311,1980
262772427822442,0,0,18874,169.311,1980
262772477960655,0,0,18872,169.918,1980
262772528270770,0,0,18868,169.918,1980
262772578442252,0,0,18866,170.801,1980
262772628562306,0,0,18866,170.801,1980
262772678694480,11,3,18864,171.514,1980
262772728818572,11,3,18860,171.514,1980
262772778947433,11,3,18862,173.258,1980
262772829102219,11,3,18848,173.258,1980
262772879241689,9,2,18848,172.442,1980
262772929392931,9,2,18868,172.442,1980
262772979701899,9,2,18848,172.543,1980
262773029839418,9,2,18868,172.543,1980
262773079982760,12,3,18848,173.851,1980
262773130253151,12,3,18848,173.851,1980
262773180418999,12,3,18848,175.03,1980
262773230545559,12,3,18852,175.03,1980
262773280708490,9,3,18874,177.281,1980
262773330863258,9,3,18854,177.281,1980
262773381025056,9,3,18858,179.014,1980
262773877404087,0,0,18858,173.223,1980
262773928735060,0,0,18858,173.223,1980
262773979778975,0,0,18858,172.497,1980
262774031234167,0,0,18858,172.497,1980
262774081357172,0,0,18858,171.12,1980
262774133671739,0,0,18858,171.12,1980
262774183822021,0,0,18858,170.079,1980
262774233973629,0,0,18858,170.079,1980
262774284093951,0,0,18858,168.062,1980
262774334249946,0,0,18858,168.062,1980
262774385084755,0,0,18858,166.006,1980
262774435288598,0,0,18858,166.006,1980
262774485436079,0,0,18858,164.975,1980
262774535656650,0,0,18858,164.975,1980
262774585837178,0,0,18858,164.945,1980
262774635987878,0,0,18858,164.945,1980
262774686177306,0,0,18858,164.958,1980
262774736355633,0,0,18858,164.958,1980
262774786500735,0,0,18858,164.979,1980
262774836623540,0,0,18858,164.979,1980
262774886808766,0,0,18858,164.969,1980
262774953517012,0,0,18858,164.94,1980
262775003653982,0,0,18858,164.94,1980
262775407626103,0,0,18858,164.888,1980
262775458372826,0,0,18858,164.883,1980
262775509521094,0,0,18858,164.883,1980
262775623386932,0,0,18858,164.86,1980
262775770536970,0,0,18858,164.835,1980
262775824332783,0,0,18858,164.835,1980
262775875162431,0,0,18858,164.834,1980
262775926743907,0,0,18858,164.834,1980
262775978500850,0,0,18858,165.437,1980
262776028744609,0,0,18858,165.437,1980
262776078969013,2,2,18894,165.901,1980
262776255915636,2,2,18894,172.355,1980
262776320015573,9,4,18894,172.355,1980
262776371387402,9,4,18894,184.44,1980
262776423469059,9,4,18894,184.44,1980
262776475658322,60,29,18894,206.5,1980
262776526857161,60,29,18894,206.5,1980
262776577134789,60,29,18894,227.521,1980
262776627470959,60,29,18894,227.521,1980
262776677695560,76,38,18894,249.518,1980
262776728045403,76,38,18894,249.518,1980
262776779227141,76,38,18894,271.935,1980
262776830504915,76,38,18894,271.935,1980
262776880713522,85,41,18894,297.609,1980
262776930956789,85,41,18894,297.609,1980
262776981254346,85,41,18894,319.716,1980
262777031663330,85,41,18894,319.716,1980
262777081806373,98,48,18894,337.107,1980
262777131933518,98,48,18894,337.107,1980
262777182100392,98,48,18958,337.66,1980
262777232295503,98,48,21386,337.66,1980
262777282510200,2,0,25086,349.181,1980
262777332669309,2,0,25086,349.181,1980
262777382834829,2,0,25086,383.349,1980
262777433040468,2,0,25086,383.349,1980
262777483239427,99,49,25086,408.948,1980
262777533426089,99,49,25086,408.948,1980
262777583583128,99,49,25086,420.461,1980
262777633776491,99,49,34392,420.461,1980
262777683967523,53,27,35580,414.818,1980
262777734118634,53,27,36836,414.818,1980
262777784327538,53,27,36836,412.335,1980
262777834478432,53,27,42810,412.335,1980
262777884647973,53,29,42810,431.606,1980
262777934832013,53,29,42810,431.606,1980
262777985036726,53,29,42810,451.216,1980
262778035188848,53,29,42810,451.216,1980
262778085373312,95,53,42810,474.307,1980
262778135574398,95,53,42810,474.307,1980
262778185766176,95,53,42810,508.753,1980
262778236041194,95,53,42810,508.753,1980
262778287933441,95,54,42810,545.887,1980
262778338090278,95,54,42810,545.887,1980
262778388304372,95,54,42810,548.053,1980
262778438476759,95,54,42810,548.053,1980
262778488650845,95,53,42810,542.949,1980
262778538785727,95,53,42810,542.949,1980
262778588961958,95,53,42810,552.146,1980
262778639119775,95,53,42810,552.146,1980
262778689332041,96,51,42810,576.805,1980
262778739565051,96,51,42810,576.805,1980
262778790325438,96,51,42810,568.078,1980
262778841021366,96,51,42810,568.078,1980
262778891742603,28,26,42810,525.592,1980
262778943286219,28,26,42810,525.592,1980
262778993460448,28,26,42810,482.87,1980
262779044430922,28,26,42810,482.87,1980
262779095996616,7,3,42810,459.983,1980
262779147464566,7,3,42810,459.983,1980
262779197693605,7,3,42810,437.978,1980
262779248527052,76,37,42810,414.906,1980
262779300007394,76,37,42810,414.906,1980
262779351512360,76,37,42810,398.643,1980
262779401767267,76,37,42810,398.643,1980
262779452006374,86,42,42810,380.209,1980
262779502304309,86,42,42810,380.209,1980
262779552797407,86,42,42810,357.37,1980
262779603797895,86,42,42810,357.37,1980
262779654546300,99,48,42810,343.906,1980
262779704910502,99,48,42810,343.906,1980
262779755086463,99,48,42810,344.708,1980
262779805261032,99,48,42812,344.708,1980
262779855433021,60,29,44004,385.868,1980
262779905654707,60,29,44004,385.868,1980
262779955829984,60,29,44004,429.749,1980
262780005996600,60,29,44004,429.749,1980
262780056186600,98,50,44004,462.057,1980
262780106365191,98,50,49050,462.057,1980
262780156531111,98,50,50242,476.959,1980
262780206670532,98,50,50242,476.959,1980
262780256848558,73,39,54856,495.003,1980
262780307049318,73,39,54856,495.003,1980
262780357230899,73,39,54856,514.603,1980
262780407368690,73,39,54856,514.603,1980
262780457518905,97,52,54856,538.671,1980
262780507727422,97,52,54856,538.671,1980
262780557917510,97,52,54856,554.342,1980
262780608106005,97,52,54856,554.342,1980
262780658246787,98,54,54856,575.376,1980
262780708430948,98,54,54856,575.376,1980
262780758633977,98,54,54856,599.841,1980
262780808834758,98,54,54856,599.841,1980
262780859111546,95,53,54856,605.8,1980
262780909266125,95,53,54856,605.8,1980
262780959440122,95,53,54856,600.574,1980
262781009636542,95,53,54856,600.574,1980
262781059829584,96,55,54856,595.95,1980
262781110309522,96,55,54856,595.95,1980
262781161378805,96,55,54856,581.947,1980
262781212956895,96,55,54856,581.947,1980
262781263833436,39,33,54856,541.451,1980
262781314518834,39,33,54856,541.451,1980
262781365844559,39,33,54856,502.35,1980
262781416040463,39,33,54856,502.35,1980
262781466354974,22,11,54856,475.08,1980
262781517558008,22,11,54856,475.08,1980
262781567847667,22,11,54856,452.485,1980
262781618562757,22,11,54856,452.485,1980
262781669268137,79,39,54856,431.74,1980
262781720709704,79,39,54856,431.74,1980
262781771314373,79,39,54856,415.632,1980
262781821653237,79,39,54856,415.632,1980
262781872636929,91,45,54856,394.611,1980
262781923539346,91,45,54856,394.611,1980
262781973920251,91,45,54856,373.518,1980
262782024116518,91,45,54856,373.518,1980
262782074961280,100,49,54856,346.894,1980
262782125129483,100,49,54858,346.894,1980
262782175344960,100,49,54858,345.208,1980
262782225532319,100,49,54858,345.208,1980
262782275705792,66,32,54858,395.856,1980
262782325844948,66,32,54858,395.856,1980
262782376012108,66,32,54858,439.599,1980
262782426207987,66,32,54860,439.599,1980
262782476376090,92,45,54860,461.034,1980
262782526536554,92,45,54860,461.034,1980
262782576698293,92,45,54860,484.039,1980
262782626810981,92,45,54860,484.039,1980
262782676923263,96,51,54860,502.669,1980
262782727109390,96,51,54860,502.669,1980
262782777259850,96,51,54860,524.264,1980
262782827382923,96,51,54860,524.264,1980
262782877561453,95,52,54860,540.003,1980
262782927749173,95,52,54860,540.003,1980
262782977946260,95,52,54860,564.44,1980
262783028065961,95,52,54860,564.44,1980
262783078202512,95,54,54860,581.905,1980
262783128377647,95,54,54860,581.905,1980
262783178564704,95,54,54860,601.748,1980
262783228760309,95,54,54860,601.748,1980
262783278910898,95,53,54860,596.944,1980
262783329075580,95,53,54860,596.944,1980
262783379905362,95,53,54860,579.629,1980
262783430734505,95,53,54860,579.629,1980
262783481685165,56,42,54860,538.034,1980
262783532286494,56,42,54860,538.034,1980
262783582505948,56,42,54860,494.565,1980
262783633295400,56,42,54860,494.565,1980
262783684585100,18,9,54860,472.502,1980
262783735667961,18,9,54860,472.502,1980
262783787134857,18,9,54860,455.57,1980
262783837384517,18,9,54860,455.57,1980
262783888565035,77,38,54860,434.253,1980
262783939432559,77,38,54860,434.253,1980
262783989599401,77,38,54860,411.067,1980
262784040074293,77,38,54860,411.067,1980
262784090397547,90,45,54860,390.416,1980
262784140772333,90,45,54860,390.416,1980
262784191068257,90,45,54860,373.576,1980
262784241277074,90,45,54860,373.576,1980
262784294357930,100,49,54860,356.283,1980
262784344565619,100,49,54860,356.283,1980
262784394753799,100,49,54860,346.64,1980
262784444893747,100,49,54860,346.64,1980
262784495063837,70,35,54860,393.46,1980
262784545277744,70,35,54860,393.46,1980
262784595470927,70,35,54860,439.077,1980
262784645663295,70,35,54860,439.077,1980
262784696530248,98,49,54860,469.142,1980
262784746675368,98,49,54860,469.142,1980
262784796844255,98,49,54860,489.521,1980
262784847026535,98,49,54860,489.521,1980
262784897219786,95,51,54860,515.009,1980
262784947384037,95,51,54860,515.009,1980
262784997511675,95,51,54860,530.134,1980
262785047643472,95,51,54860,530.134,1980
262785097759530,97,53,54860,551.855,1980
262785147874888,97,53,54860,551.855,1980
262785197985622,97,53,54860,576.542,1980
262785248118459,97,53,54860,576.542,1980
262785298298439,98,54,54860,600.355,1980
262785348494361,98,54,54860,600.355,1980
262785398728427,98,54,54860,616.62,1980
262785448882987,98,54,54860,616.62,1980
262785499042157,96,53,54860,610.604,1980
262785550729331,96,53,54860,605.302,1980
262785602895365,96,53,54860,605.302,1980
262785654097507,83,57,54860,563.277,1980
262785705690848,83,57,54860,563.277,1980
262785759486721,83,57,54860,521.846,1980
262785810869669,83,57,54860,521.846,1980
262785861098992,2,2,54860,495.665,1980
262785912211369,2,2,54860,495.665,1980
262785962461713,2,2,54860,472.505,1980
262786013296383,2,2,54860,472.505,1980
262786063654563,74,36,54860,451.534,1980
262786113869039,74,36,54860,451.534,1980
262786164098260,74,36,54860,429.974,1980
262786215133148,74,36,54860,429.974,1980
262786265393219,79,39,54860,410.584,1980
262786315989424,79,39,54860,410.584,1980
262786366182102,79,39,54860,385.855,1980
262786417034683,79,39,54860,385.855,1980
262786467282845,90,43,54860,370.454,1980
262786518026421,90,43,54860,370.454,1980
262786568211422,90,43,54860,352.478,1980
262786618364520,90,43,54860,352.478,1980
262786668546382,100,50,54860,365.52,1980
262786718743344,100,50,54860,365.52,1980
262786768951016,100,50,54860,414.515,1980
262786819052767,100,50,54860,414.515,1980
262786869187843,99,50,54860,452.03,1980
262786919383324,99,50,54860,452.03,1980
262786969554851,99,50,54860,475.297,1980
262787019745069,99,50,54860,475.297,1980
262787069910009,90,46,54860,496.771,1980
262787120082019,90,46,54860,496.771,1980
262787170265276,90,46,54860,518.969,1980
262787220445163,90,46,54860,518.969,1980
262787270629384,98,54,54860,540.024,1980
262787320787166,98,54,54860,540.024,1980
262787370967257,98,54,54860,562.852,1980
262787421140758,98,54,54860,562.852,1980
262787471320480,95,54,54860,579.951,1980
262787521508806,95,54,54860,579.951,1980
262787571688849,95,54,54860,605.643,1980
262787621876719,95,54,54860,605.643,1980
262787672072760,98,55,54860,627.847,1980
262787722266388,98,55,54860,627.847,1980
262787772418293,98,55,54860,622.292,1980
262787822543105,98,55,54860,622.292,1980
262787872733850,96,54,54860,618.931,1980
262787922918424,96,54,54860,618.931,1980
262787973116892,96,54,54860,619.683,1980
262788024162384,96,54,54860,619.683,1980
262788075085843,98,56,54860,595.336,1980
262788126020805,98,56,54860,595.336,1980
262788176945042,98,56,54860,551.157,1980
262788228560113,98,56,54860,551.157,1980
262788278720694,2,2,54860,513.724,1980
262788330352063,2,2,54860,513.724,1980
262788382235937,2,2,54860,492.729,1980
262788433459798,2,2,54860,492.729,1980
262788484262140,75,36,54860,466.771,1980
262788535355084,75,36,54860,466.771,1980
262788585597053,75,36,54860,446.09,1980
262788635825804,75,36,54860,446.09,1980
262788686303503,80,40,54860,419.775,1980
262788736536960,80,40,54860,419.775,1980
262788786711838,80,40,54860,402.985,1980
262788836913687,80,40,54860,402.985,1980
262788887147524,96,47,54860,375.952,1980
262788937353505,96,47,54860,375.952,1980
262788990032246,96,47,54860,357.765,1980
262789040207696,96,47,54860,357.765,1980
262789090382783,74,38,54860,359.189,1980
262789140573819,74,38,54860,359.189,1980
262789190740632,74,38,54860,402.533,1980
262789240930260,74,38,54860,402.533,1980
262789291110943,98,50,54860,444.017,1980
262789341289421,98,50,54860,444.017,1980
262789391488490,98,50,54860,468.912,1980
262789442274586,98,50,54860,468.912,1980
262789492400323,95,52,54860,494.763,1980
262789542568383,95,52,54860,494.763,1980
262789592745697,95,52,54860,514.688,1980
262789642950812,95,52,54860,514.688,1980
262789693096412,96,54,54860,533.369,1980
262789743212335,96,54,54860,533.369,1980
262789793458701,96,54,54860,558.345,1980
262789843644022,96,54,54860,558.345,1980
262789893872593,97,54,54860,579.6,1980
262789944022104,97,54,54860,579.6,1980
262789994191145,97,54,54860,601.328,1980
262790044371548,97,54,54860,601.328,1980
262790094553186,95,54,54860,620.349,1980
262790144684636,95,54,54860,620.349,1980
262790194802347,95,54,54860,614.793,1980
262790244966665,95,54,54860,614.793,1980
262790295096087,97,53,54860,611.112,1980
262790345229074,97,53,54860,611.112,1980
262790395344334,97,53,54860,613.58,1980
262790446110113,97,53,54860,613.58,1980
262790496746481,22,22,54860,583.931,1980
262790547650792,22,22,54860,583.931,1980
262790597820037,22,22,54860,540.605,1980
262790649252002,22,22,54860,540.605,1980
262790699511906,36,17,54860,505.23,1980
262790750923755,36,17,54860,505.23,1980
262790801695688,36,17,54860,481.962,1980
262790852500357,36,17,54860,481.962,1980
262790902697501,77,38,54860,457.588,1980
262790953664660,77,38,54860,433.578,1980
262791003903413,77,38,54860,433.578,1980
262791054177462,91,44,54860,416.882,1980
262791104568037,91,44,54860,416.882,1980
262791155480287,91,44,54860,393.783,1980
262791205775636,91,44,54860,393.783,1980
262791256196146,100,49,54860,378.078,1980
262791306790932,100,49,54860,378.078,1980
262791357018373,100,49,54860,350.294,1980
262791407192426,100,49,54860,350.294,1980
262791457368934,58,29,54860,355.532,1980
262791507504889,58,29,54860,355.532,1980
262791557666988,58,29,54860,404.142,1980
262791607814749,58,29,54860,404.142,1980
262791657949750,98,50,54860,442.607,1980
262791710526031,98,50,54860,442.607,1980
262791760723467,98,50,54860,470.814,1980
262791810870958,98,50,54860,470.814,1980
262791861033219,81,44,54860,487.565,1980
262791911230257,81,44,54860,487.565,1980
262791961415660,81,44,54860,510.443,1980
262792011621911,81,44,54860,510.443,1980
262792061767432,95,54,54860,531.729,1980
262792111946398,95,54,54860,531.729,1980
262792162104532,95,54,54860,552.122,1980
262792212290378,95,54,54860,552.122,1980
262792262502115,97,53,54860,572.279,1980
262792312661492,97,53,54860,572.279,1980
262792362879155,97,53,54860,599.638,1980
262792413099007,97,53,54860,599.638,1980
262792463256000,95,54,54860,623.962,1980
262792513449686,95,54,54860,623.962,1980
262792563599605,95,54,54860,618.889,1980
262792613771285,95,54,54860,618.889,1980
262792663930304,96,52,54860,615.58,1980
262792714111493,96,52,54860,615.58,1980
262792764245735,96,52,54860,613.211,1980
262792814889069,96,52,54860,613.211,1980
262792865694775,14,14,54860,585.358,1980
262792916390335,14,14,54860,585.358,1980
262792966688179,14,14,54860,542.899,1980
262793016927040,14,14,54860,542.899,1980
262793067120107,44,21,54860,511.069,1980
262793117340847,44,21,54860,511.069,1980
262793168614007,44,21,54860,485.068,1980
262793218964217,44,21,54860,485.068,1980
262793269168871,78,38,54860,463.271,1980
262793319387737,78,38,54860,463.271,1980
262793374912786,78,38,54860,443.346,1980
262793426045518,78,38,54860,443.346,1980
262793476981081,84,42,54860,415.301,1980
262793527683430,84,42,54860,415.301,1980
262793578406057,84,42,54860,393.608,1980
262793629131085,84,42,54860,393.608,1980
262793679919773,100,49,54860,371.494,1980
262793730114718,100,49,54860,371.494,1980
262793780292512,100,49,54860,350.727,1980
262793830445790,100,49,54860,350.727,1980
262793880560171,72,35,54860,369.7,1980
262793930689286,72,35,54860,369.7,1980
262793980850329,72,35,54860,415.197,1980
262794030996684,72,35,54860,415.197,1980
262794081113333,98,47,54860,454.173,1980
262794131234739,98,47,54860,454.173,1980
262794182305743,98,47,54860,474.907,1980
262794232478919,98,47,54860,474.907,1980
262794282629289,95,51,54860,497.512,1980
262794332750988,95,51,54860,497.512,1980
262794382855581,95,51,54860,520.105,1980
262794433005332,95,51,54860,520.105,1980
262794483179329,97,51,54860,541.439,1980
262794533303772,97,51,54860,541.439,1980
262794583407901,97,51,54860,558.632,1980
262794633517448,97,51,54860,558.632,1980
262794683667413,98,54,54860,584.011,1980
262794733825510,98,54,54860,584.011,1980
262794783954033,98,54,54860,598.88,1980
262794834047704,98,54,54860,598.88,1980
262794884162738,95,52,54860,614.991,1980
262794934301188,95,52,54860,614.991,1980
262794984443314,95,52,54860,605.393,1980
262795034558956,95,52,54860,605.393,1980
262795085611887,81,56,54860,598.764,1980
262795136594775,81,56,54860,598.764,1980
262795187568134,81,56,54860,558.95,1980
262795238570196,81,56,54860,558.95,1980
262795289208029,2,2,54860,514.404,1980
262795339365136,2,2,54860,514.404,1980
262795390541220,2,2,54860,489.891,1980
262795441624229,2,2,54860,489.891,1980
262795491760988,75,37,54860,467.542,1980
262795541919947,75,37,54860,467.542,1980
262795592062482,75,37,54860,446.639,1980
262795642236318,75,37,54860,446.639,1980
262795693310604,88,42,54860,425.327,1980
262795753224474,88,42,54860,425.327,1980
262795803365132,88,42,54860,408.572,1980
262795853973425,88,42,54860,408.572,1980
262795904320151,98,48,54860,386.138,1980
262795954518026,98,48,54860,386.138,1980
262796004705060,98,48,54860,366.638,1980
262796054819232,98,48,54860,366.638,1980
262796105082246,72,35,54860,348.696,1980
262796155245955,72,35,54860,348.696,1980
262796205371424,72,35,54860,381.405,1980
262796255476085,72,35,54860,381.405,1980
262796305586426,98,51,54860,427.452,1980
262796355695738,98,51,54860,464.264,1980
262796405854388,98,51,54860,464.264,1980
262796455980479,98,51,54860,490.078,1980
262796506090700,89,49,54860,490.078,1980
262796556242096,89,49,54860,511.608,1980
262796606409371,89,49,54860,511.608,1980
262796656538132,97,53,54860,530.63,1980
262796706650037,97,53,54860,530.63,1980
262796756755205,97,53,54860,553.294,1980
262796806869640,97,53,54860,553.294,1980
262796856979769,98,55,54860,571.008,1980
262796907085825,98,55,54860,571.008,1980
262796957190664,98,55,54860,595.363,1980
262797007311874,98,55,54860,595.363,1980
262797057527988,95,55,54860,619.923,1980
262797107653686,95,55,54860,619.923,1980
262797157759941,95,55,54860,619.677,1980
262797207885543,95,55,54860,619.677,1980
262797258042454,99,56,54860,616.255,1980
262797308173096,99,56,54860,616.255,1980
262797358296425,99,56,54860,611.262,1980
262797408407048,99,56,54860,611.262,1980
262797459516505,64,48,54860,599.554,1980
262797510262076,64,48,54860,599.554,1980
262797561290846,64,48,54860,559.086,1980
262797612352742,64,48,54860,559.086,1980
262797663702768,4,2,54860,517.803,1980
262797713890085,4,2,54860,517.803,1980
262797764875936,4,2,54860,491.537,1980
262797816400316,4,2,54860,491.537,1980
262797867547291,75,37,54860,469.58,1980
262797917714189,75,37,54860,469.58,1980
262797968339039,75,37,54860,446.741,1980
262798019189015,75,37,54860,446.741,1980
262798069505411,82,40,54860,423.862,1980
262798119660397,82,40,54860,423.862,1980
262798170170520,82,40,54860,407.07,1980
262798220619435,82,40,54860,407.07,1980
262798271246435,100,49,54860,383.469,1980
262798321994246,100,49,54860,383.469,1980
262798372224823,100,49,54860,363.412,1980
262798423345555,100,49,54860,363.412,1980
262798473528553,76,37,54860,350.837,1980
262798523667996,76,37,54860,350.837,1980
262798573801136,76,37,54860,393.015,1980
262798623920774,76,37,54860,393.015,1980
262798674038906,98,49,54860,443.321,1980
262798724153888,98,49,54860,443.321,1980
262798774308853,98,49,54860,470.312,1980
262798824439445,98,49,54860,470.312,1980
262798874555926,95,50,54860,495.289,1980
262798924668371,95,50,54860,495.289,1980
262798974785222,95,50,54860,515.745,1980
262799024922710,95,50,54860,515.745,1980
262799075053201,95,53,54860,535.534,1980
262799125156297,95,53,54860,535.534,1980
262799175311536,95,53,54860,561.106,1980
262799225485704,95,53,54860,561.106,1980
262799275619213,95,53,54860,578.312,1980
262799325752511,95,53,54860,578.312,1980
262799375908068,95,53,54860,601.883,1980
262799426042420,95,53,54860,601.883,1980
262799476155725,95,54,54860,625.079,1980
262799526268733,95,54,54860,625.079,1980
262799576377624,95,54,54860,621.741,1980
262799626528031,95,54,54860,621.741,1980
262799676702784,96,53,54860,619.501,1980
262799728523836,96,53,54860,619.501,1980
262799779576252,96,53,54860,606.791,1980
262799830368443,96,53,54860,606.791,1980
262799881225574,2,2,54860,564.298,1980
262799939502010,2,2,54860,564.298,1980
262799989642354,2,2,54860,518.771,1980
262800041036126,2,2,54860,518.771,1980
262800091155166,71,34,54860,495.115,1980
262800141728205,71,34,54860,495.115,1980
262800192773118,71,34,54860,470.641,1980
262800244009470,71,34,54860,470.641,1980
262800294118297,75,37,54860,452.42,1980
262800344274504,75,37,54860,452.42,1980
262800394452423,75,37,54860,430.49,1980
262800444848428,75,37,54860,430.49,1980
262800495111692,89,42,54860,410.78,1980
262800546359040,89,42,54860,410.78,1980
262800596546703,89,42,54860,390.328,1980
262800646804917,89,42,54860,390.328,1980
262800697479100,100,49,54860,366.43,1980
262800751486403,100,49,54860,366.43,1980
262800801646795,100,49,54860,353.888,1980
262800851772341,100,49,54860,353.888,1980
262800901882352,84,42,54860,383.656,1980
262800952016707,84,42,54860,383.656,1980
262801002158369,84,42,54860,440.406,1980
262801052332691,84,42,54860,440.406,1980
262801102655466,98,49,54860,466.194,1980
262801152777241,98,49,54860,466.194,1980
262801203995711,98,49,54860,490.338,1980
262801254155913,98,49,54860,490.338,1980
262801304283980,95,51,54860,512.532,1980
262801354410277,95,51,54860,512.532,1980
262801404523316,95,51,54860,535.921,1980
262801454675621,95,51,54860,535.921,1980
262801504842908,99,55,54860,556.4,1980
262801554969604,99,55,54860,556.4,1980
262801605087635,99,55,54860,575.926,1980
262801655244150,99,55,54860,575.926,1980
262801705369530,95,53,54860,600.345,1980
262801755478738,95,53,54860,600.345,1980
262801805584452,95,53,54860,614.871,1980
262801855688942,95,53,54860,614.871,1980
262801905809312,96,54,54860,625.056,1980
262801955970979,96,54,54860,625.056,1980
262802006067197,96,54,54860,622.053,1980
262802056233219,96,54,54860,622.053,1980
262802106365438,95,53,54860,617.943,1980
262802156961070,95,53,54860,617.943,1980
262802207816102,95,53,54860,601.383,1980
262802258672401,95,53,54860,564.807,1980
262802309294173,2,2,54860,564.807,1980
262802360075151,2,2,54860,519.714,1980
262802410691975,2,2,54860,519.714,1980
262802460879653,75,36,54860,496.698,1980
262802511480394,75,36,54860,496.698,1980
262802562755854,75,36,54860,472.592,1980
262802614051061,75,36,54860,472.592,1980
262802664292279,83,40,54860,451.345,1980
262802714505183,83,40,54860,451.345,1980
262802764682456,83,40,54860,432.179,1980
262802814910687,83,40,54860,432.179,1980
262802865074009,100,49,54860,410.626,1980
262802915242546,100,49,54860,410.626,1980
262802965982960,100,49,54860,384.418,1980
262803016154384,100,49,54860,384.418,1980
262803074907503,100,50,54860,363.579,1980
262803125077437,100,50,54860,363.579,1980
262803175246736,100,50,54860,371.688,1980
262803225386873,100,50,54860,371.688,1980
262803275493253,98,51,54860,415.309,1980
262803325648515,98,51,54860,415.309,1980
262803375839073,98,51,54860,464.36,1980
262803425992034,98,51,54860,464.36,1980
262803476119283,90,47,54860,485.155,1980
262803526224982,90,47,54860,485.155,1980
262803576366977,90,47,54860,505.478,1980
262803626528027,90,47,54860,505.478,1980
262803676657290,98,56,54860,530.417,1980
262803726768006,98,56,54860,530.417,1980
262803776874078,98,56,54860,551.481,1980
262803827032869,98,56,54860,551.481,1980
262803877201567,95,55,54860,568.331,1980
262803927579729,95,55,54860,568.331,1980
262803977730376,95,55,54860,589.249,1980
262804027887893,95,55,54860,589.249,1980
262804078079412,98,56,54860,606.27,1980
262804128238795,98,56,54860,606.27,1980
262804178360179,98,56,54860,622.988,1980
262804228470981,98,56,54860,622.988,1980
262804278610679,95,55,54860,617.455,1980
262804328744834,95,55,54860,617.455,1980
262804378894004,95,55,54860,611.365,1980
262804429023366,95,55,54860,611.365,1980
262804480630712,96,57,54860,610.618,1980
262804531493033,96,57,54860,610.618,1980
262804582338887,96,57,54860,578.473,1980
262804632994852,96,57,54860,578.473,1980
262804683105098,2,2,54860,534.374,1980
262804734301789,2,2,54860,534.374,1980
262804785779180,2,2,54860,503.002,1980
262804835937603,2,2,54860,503.002,1980
262804886080138,75,37,54860,480.36,1980
262804936208782,75,37,54860,480.36,1980
262804986997959,75,37,54860,456.802,1980
262805037156813,75,37,54860,456.802,1980
262805087288207,83,41,54860,436.456,1980
262805137648227,83,41,54860,436.456,1980
262805188557597,83,41,54860,413.806,1980
262805238671049,83,41,54860,413.806,1980
262805288859143,97,48,54860,398.272,1980
262805339075589,97,48,54860,398.272,1980
262805389289520,97,48,54860,378.937,1980
262805439555165,97,48,54860,378.937,1980
262805489705042,94,47,54860,353.254,1980
262805539854169,94,47,54860,353.254,1980
262805590007413,94,47,54860,383.731,1980
262805640115854,94,47,54860,383.731,1980
262805690267692,98,53,54860,432.394,1980
262805740432417,98,53,54860,432.394,1980
262805790557883,98,53,54860,462.712,1980
262805840713138,98,53,54860,462.712,1980
262805890878340,95,52,54860,485.667,1980
262805942193489,95,52,54860,485.667,1980
262805992355012,95,52,54860,508.475,1980
262806042522936,95,52,54860,508.475,1980
262806092688957,95,55,54860,530.569,1980
262806142857717,95,55,54860,530.569,1980
262806193034029,95,55,54860,556.666,1980
262806243202741,95,55,54860,556.666,1980
262806293368854,95,53,54860,578.457,1980
262806343540514,95,53,54860,578.457,1980
262806393704573,95,53,54860,585.813,1980
262806443867414,95,53,54860,585.813,1980
262806494037486,95,55,54860,605.081,1980
262806544206444,95,55,54860,605.081,1980
262806594333067,95,55,54860,616.346,1980
262806644491106,95,55,54860,616.346,1980
262806694666789,96,55,54860,607.398,1980
262806745620370,96,55,54860,607.398,1980
262806796636793,96,55,54860,580.497,1980
262806847551625,96,55,54860,580.497,1980
262806898529148,2,2,54860,539.742,1980
262806949035925,2,2,54860,539.742,1980
262806999743332,2,2,54860,504.931,1980
262807051261775,2,2,54860,504.931,1980
262807102646027,74,36,54860,482.764,1980
262807152806362,74,36,54860,482.764,1980
262807203038737,74,36,54860,455.927,1980
262807253188689,74,36,54860,455.927,1980
262807303616204,89,43,54860,434.021,1980
262807353797811,89,43,54860,434.021,1980
262807403991173,89,43,54860,418.765,1980
262807454157211,89,43,54860,418.765,1980
262807504355556,100,49,54860,401.102,1980
262807554669869,100,49,54860,401.102,1980
262807604835496,100,49,54860,374.681,1980
262807659504331,100,49,54860,374.681,1980
262807709640790,95,48,54860,356.379,1980
262807759808976,95,48,54860,356.379,1980
262807809955898,95,48,54860,374.806,1980
262807860083635,95,48,54860,374.806,1980
262807910231663,99,50,54860,417.764,1980
262807960364743,99,50,54860,417.764,1980
262808010547619,99,50,54860,462.991,1980
262808060702879,99,50,54860,462.991,1980
262808110875177,89,48,54860,486.811,1980
262808161049182,89,48,54860,486.811,1980
262808211170123,89,48,54860,513.171,1980
262808261326196,89,48,54860,513.171,1980
262808311492010,97,54,54860,529.796,1980
262808361653237,97,54,54860,554.624,1980
262808411779770,97,54,54860,554.624,1980
262808461926758,97,54,54860,574.833,1980
262808512093690,95,54,54860,574.833,1980
262808562254850,95,54,54860,590.403,1980
262808612430360,95,54,54860,590.403,1980
262808662564820,97,52,54860,615.646,1980
262808712688979,97,52,54860,615.646,1980
262808762800681,97,52,54860,622.818,1980
262808812938405,97,52,54860,622.818,1980
262808863063560,98,54,54860,618.266,1980
262808913168184,98,54,54860,618.266,1980
262808963269114,98,54,54860,614.515,1980
262809013396479,98,54,54860,614.515,1980
262809064053537,76,54,54860,598.541,1980
262809114710549,76,54,54860,598.541,1980
262809165578410,76,54,54860,555.71,1980
262809216452110,76,54,54860,555.71,1980
262809266612118,5,3,54860,516.04,1980
262809316781750,5,3,54860,516.04,1980
262809367038866,5,3,54860,494.145,1980
262809417308130,5,3,54860,494.145,1980
262809467710949,78,38,54860,473.719,1980
262809518698340,78,38,54860,473.719,1980
262809568849497,78,38,54860,451.735,1980
262809619062143,78,38,54860,451.735,1980
262809669532845,97,48,54860,429.592,1980
262809720165061,97,48,54860,429.592,1980
262809770395631,97,48,54860,411.723,1980
262809820566997,97,48,54860,411.723,1980
262809870738384,100,50,54860,391.682,1980
262809921030039,100,50,54860,391.682,1980
262809974992736,100,50,54860,361.788,1980
262810025134851,100,50,54860,361.788,1980
262810075261947,78,39,54860,364.914,1980
262810125423874,78,39,54860,364.914,1980
262810175552566,78,39,54860,415.343,1980
262810225689038,78,39,54860,415.343,1980
262810275796060,98,50,54860,457.826,1980
262810325910774,98,50,54860,457.826,1980
262810376027667,98,50,54860,483.588,1980
262810426182849,98,50,54860,483.588,1980
262810476303057,95,49,54860,503.487,1980
262810526407762,95,49,54860,503.487,1980
262810576558750,95,49,54860,525.333,1980
262810626720958,95,49,54860,525.333,1980
262810676845669,98,55,54860,550.028,1980
262810726951695,98,55,54860,550.028,1980
262810777053419,98,55,54860,574.157,1980
262810827184078,98,55,54860,574.157,1980
262810877332595,95,54,54860,596.097,1980
262810927489954,95,54,54860,596.097,1980
262810977615963,95,54,54860,618.528,1980
262811027749449,95,54,54860,618.528,1980
262811077906678,95,54,54860,627.364,1980
262811128072287,95,54,54860,627.364,1980
262811178196020,95,54,54860,622.559,1980
262811228302475,95,54,54860,622.559,1980
262811278439299,96,54,54860,618.579,1980
262811330552571,96,54,54860,618.579,1980
262811381594968,96,54,54860,601.713,1980
262811432249426,96,54,54860,601.713,1980
262811483270583,2,2,54860,555.916,1980
262811533572919,2,2,54860,555.916,1980
262811585220426,2,2,54860,520.367,1980
262811635410128,2,2,54860,520.367,1980
262811685884033,74,36,54860,490.917,1980
262811736900787,74,36,54860,490.917,1980
262811787057869,74,36,54860,468.318,1980
262811837457826,74,36,54860,468.318,1980
262811888286988,87,43,54860,446.719,1980
262811938414068,87,43,54860,446.719,1980
262811988700693,87,43,54860,429.364,1980
262812038865156,87,43,54860,429.364,1980
262812089052803,100,49,54860,404.939,1980
262812139222051,100,49,54860,404.939,1980
262812189753723,100,49,54860,375.489,1980
262812240267654,100,49,54860,375.489,1980
262812290451349,100,50,54860,350.342,1980
262812340585686,100,50,54860,350.342,1980
262812390695985,100,50,54860,355.784,1980
262812440819241,100,50,54860,355.784,1980
262812490937181,98,49,54860,406.503,1980
262812541057180,98,49,54860,406.503,1980
262812592876523,98,49,54860,449.611,1980
262812642983424,98,49,54860,449.611,1980
262812693049959,89,46,54860,468.575,1980
262812743179210,89,46,54860,468.575,1980
262812793322030,89,46,54860,494.994,1980
262812843530401,89,46,54860,494.994,1980
262812893699807,95,54,54860,516.04,1980
262812943862989,95,54,54860,516.04,1980
262812994026972,95,54,54860,534.041,1980
262813044152925,95,54,54860,534.041,1980
262813094258292,95,53,54860,555.365,1980
262813144401019,95,53,54860,555.365,1980
262813194522041,95,53,54860,580.614,1980
262813244681079,95,53,54860,580.614,1980
262813294807199,97,52,54860,604.536,1980
262813344914213,97,52,54860,604.536,1980
262813395023567,97,52,54860,619.647,1980
262813445155990,97,52,54860,619.647,1980
262813495308022,98,54,54860,619.372,1980
262813545430767,98,54,54860,619.372,1980
262813595535860,98,54,54860,612.359,1980
262813645641938,98,54,54860,612.359,1980
262813696571555,72,51,54860,601.071,1980
262813747486124,72,51,54860,601.071,1980
262813798370257,72,51,54860,553.584,1980
262813848489382,72,51,54860,553.584,1980
262813898627458,5,3,54860,512.566,1980
262813950390264,5,3,54860,512.566,1980
262814002180490,5,3,54860,490.474,1980
262814053873645,5,3,54860,490.474,1980
262814104061798,74,37,54860,467.103,1980
262814154263255,74,37,54860,467.103,1980
262814204684754,74,37,54860,448.668,1980
262814254876846,74,37,54860,448.668,1980
262814305946123,89,44,54860,424.347,1980
262814356388332,89,44,54860,424.347,1980
262814407092747,89,44,54860,403.651,1980
262814457891430,89,44,54860,403.651,1980
262814508142155,100,49,54860,380.715,1980
262814558410812,100,49,54860,380.715,1980
262814608627123,100,49,54860,365.949,1980
262814658798941,100,49,54860,365.949,1980
262814708929153,71,34,54860,354.562,1980
262814759038638,71,34,54860,354.562,1980
262814809156453,71,34,54860,401.488,1980
262814859313353,71,34,54860,401.488,1980
262814909476576,98,48,54860,447.384,1980
262814959641935,98,48,54860,447.384,1980
262815009769333,98,48,54860,472.235,1980
262815059909947,98,48,54860,472.235,1980
262815110079209,97,48,54860,492.549,1980
262815160235874,97,48,54860,492.549,1980
262815210393263,97,48,54860,512.19,1980
262815260517179,97,48,54860,512.19,1980
262815310676356,96,54,54860,527.507,1980
262815360839270,96,54,54860,527.507,1980
262815410967804,96,54,54860,553.169,1980
262815461053257,96,54,54860,553.169,1980
262815511160217,95,53,54860,574.187,1980
262815561308955,95,53,54860,574.187,1980
262815611476545,95,53,54860,595.321,1980
262815661608324,95,53,54860,595.321,1980
262815711723206,95,53,54860,618.567,1980
262815761869955,95,53,54860,618.567,1980
262815812036853,95,53,54860,619.9,1980
262815862192961,95,53,54860,619.9,1980
262815913021722,95,59,54860,613.075,1980
262815964028792,95,59,54860,613.075,1980
262816015132871,95,59,54860,571.433,1980
262816066059700,2,2,54860,531.4,1980
262816116249598,2,2,54860,531.4,1980
262816167456066,2,2,54860,504.908,1980
262816218608376,2,2,54860,504.908,1980
262816268785817,75,37,54860,485.795,1980
262816319006739,75,37,54860,485.795,1980
262816369371881,75,37,54860,464.069,1980
262816420207815,75,37,54860,464.069,1980
262816470315234,91,45,54860,437.423,1980
262816520517755,91,45,54860,437.423,1980
262816570690749,91,45,54860,415.458,1980
262816620982429,91,45,54860,415.458,1980
262816671124780,100,49,54860,395.471,1980
262816721463289,100,49,54860,395.471,1980
262816771833218,100,49,54860,369.712,1980
262816822008578,100,49,54860,369.712,1980
262816872143148,79,39,54860,355.707,1980
262816922289367,79,39,54860,355.707,1980
262816972435392,79,39,54860,391.814,1980
262817022554727,79,39,54860,391.814,1980
262817072668541,98,49,54860,437.996,1980
262817122790369,98,49,54860,437.996,1980
262817172895584,98,49,54860,470.501,1980
262817223041083,98,49,54860,470.501,1980
262817273163943,96,49,54860,490.334,1980
262817323267630,96,49,54860,490.334,1980
262817373370184,96,49,54860,510.856,1980
262817423476820,96,49,54860,510.856,1980
262817473629710,95,54,54860,526.798,1980
262817523783670,95,54,54860,526.798,1980
262817573911908,95,54,54860,551.201,1980
262817624023315,95,54,54860,551.201,1980
262817674128855,95,53,54860,569.476,1980
262817724233826,95,53,54860,569.476,1980
262817774340077,95,53,54860,590.499,1980
262817824443299,95,53,54860,590.499,1980
262817874546076,96,54,54860,613.974,1980
262817924670972,96,54,54860,613.974,1980
262817974817860,96,54,54860,602.511,1980
262818024961685,96,54,54860,602.511,1980
262818075071213,96,64,54860,590.568,1980
262818125897384,96,64,54860,590.568,1980
262818176867403,96,64,54860,548.627,1980
262818227926683,96,64,54860,548.627,1980
262818278076797,2,2,54860,507.229,1980
262818329572933,2,2,54860,507.229,1980
262818379735204,2,2,54860,486.476,1980
262818429949176,2,2,54860,486.476,1980
262818480401711,71,35,54860,462.603,1980
262818531509530,71,35,54860,462.603,1980
262818582258379,71,35,54860,443.595,1980
262818633324007,71,35,54860,443.595,1980
262818683544318,91,45,54860,418.35,1980
262818734532808,91,45,54860,418.35,1980
262818784726784,91,45,54860,398.816,1980
262818835180784,91,45,54860,398.816,1980
262818885641178,100,50,54860,373.774,1980
262818935810037,100,50,54860,373.774,1980
262818985991026,100,50,54860,356.658,1980
262819036125924,100,50,54860,356.658,1980
262819086242346,79,38,54860,351.244,1980
262819136356089,79,38,54860,351.244,1980
262819186504941,79,38,54860,388.26,1980
262819236692694,79,38,54860,388.26,1980
262819286895777,98,48,54860,435.564,1980
262819337074921,98,48,54860,435.564,1980
262819387199828,98,48,54860,467.843,1980
262819437308954,98,48,54860,467.843,1980
262819487463478,97,49,54860,491.127,1980
262819537622896,97,49,54860,491.127,1980
262819587765139,97,49,54860,504.611,1980
262819637888129,97,49,54860,504.611,1980
262819687994438,98,55,54860,525.668,1980
262819738105302,98,55,54860,525.668,1980
262819788229668,98,55,54860,550.305,1980
262819838382184,98,55,54860,550.305,1980
262819888595050,95,53,54860,569.773,1980
262819938709601,95,53,54860,569.773,1980
262819988815356,95,53,54860,590.408,1980
262820038939715,95,53,54860,590.408,1980
262820089088388,95,53,54860,608.199,1980
262820139255105,95,53,54860,608.199,1980
262820189382031,95,53,54860,605.567,1980
262820239558663,95,53,54860,605.567,1980
262820289670133,94,59,54860,596.445,1980
262820340494999,94,59,54860,596.445,1980
262820391592906,94,59,54860,556.969,1980
262820442601786,94,59,54860,556.969,1980
262820492847484,2,2,54860,515.942,1980
262820543057737,2,2,54860,515.942,1980
262820594546729,2,2,54860,493.481,1980
262820646151004,2,2,54860,493.481,1980
262820696787110,75,36,54860,469.031,1980
262820747320000,75,36,54860,469.031,1980
262820798351548,75,36,54860,450.903,1980
262820848584136,75,36,54860,450.903,1980
262820899406254,87,43,54860,424.978,1980
262820950275549,87,43,54860,424.978,1980
262821000691530,87,43,54860,409.993,1980
262821050921887,87,43,54860,409.993,1980
262821101056947,100,49,54860,390.554,1980
262821151270878,100,49,54860,390.554,1980
262821201398416,100,49,54860,364.218,1980
262821251556596,100,49,54860,364.218,1980
262821301727969,78,38,54860,343.676,1980
262821351881327,78,38,54860,343.676,1980
262821402015762,78,38,54860,381.988,1980
262821452138234,78,38,54860,381.988,1980
262821502287118,98,49,54860,434.442,1980
262821552423683,98,49,54860,434.442,1980
262821602538507,98,49,54860,460.328,1980
262821653126535,98,49,54860,460.328,1980
262821703267026,98,53,54860,481.064,1980
262821753387231,98,53,54860,481.064,1980
262821803533564,98,53,54860,504.023,1980
262821853659715,98,53,54860,504.023,1980
262821903773670,95,53,54860,521.762,1980
262821953883681,95,53,54860,521.762,1980
262822004023784,95,53,54860,545.694,1980
262822054144563,95,53,54860,545.694,1980
262822104251320,97,52,54860,563.411,1980
262822154358960,97,52,54860,563.411,1980
262822204508139,97,52,54860,586.307,1980
262822254637624,97,52,54860,586.307,1980
262822304743021,98,54,54860,613.352,1980
262822354845288,98,54,54860,613.352,1980
262822404950248,98,54,54860,611.011,1980
262822455088091,98,54,54860,611.011,1980
262822505249002,96,54,54860,604.902,1980
262822555850810,96,54,54860,604.902,1980
262822606741928,96,54,54860,593.583,1980
262822657813037,96,54,54860,593.583,1980
262822708768224,2,2,54860,552.569,1980
262822758909842,2,2,54860,552.569,1980
262822809842446,2,2,54860,518.235,1980
262822859986558,2,2,54860,518.235,1980
262822911074449,72,35,54860,491.419,1980
262822961276245,72,35,54860,491.419,1980
262823011489184,72,35,54860,468.432,1980
262823061867403,72,35,54860,468.432,1980
262823112020539,86,42,54860,451.207,1980
262823162193710,86,42,54860,451.207,1980
262823212389792,86,42,54860,428.483,1980
262823262741005,86,42,54860,428.483,1980
262823313106582,100,50,54860,407.775,1980
262823363432265,100,50,54860,407.775,1980
262823413730818,100,50,54860,387.329,1980
262823474598480,100,50,54860,363.491,1980
262823524727060,100,50,54860,363.491,1980
262823574836433,100,50,54860,362.117,1980
262823624978097,100,50,54860,362.117,1980
262823675088143,98,49,54860,409.32,1980
262823725216154,98,49,54860,409.32,1980
262823775323489,98,49,54860,451.181,1980
262823825427469,98,49,54860,451.181,1980
262823875532791,90,48,54860,473.614,1980
262823925670559,90,48,54860,473.614,1980
262823975792205,90,48,54860,497.468,1980
262824025931143,90,48,54860,497.468,1980
262824076093359,97,52,54860,517.76,1980
262824126259393,97,52,54860,517.76,1980
262824176410302,97,52,54860,534.904,1980
262824226572719,97,52,54860,534.904,1980
262824276714653,98,54,54860,555.205,1980
262824326858123,98,54,54860,555.205,1980
262824377026801,98,54,54860,583.731,1980
262824427164690,98,54,54860,583.731,1980
262824477277860,95,53,54860,607.3,1980
262824527384893,95,53,54860,607.3,1980
262824577526780,95,53,54860,614.417,1980
262824627648272,95,53,54860,614.417,1980
262824677753324,97,54,54860,608.203,1980
262824727856169,97,54,54860,608.203,1980
262824777960320,97,54,54860,598.887,1980
262824828727936,97,54,54860,598.887,1980
262824879793025,27,27,54860,565.706,1980
262824930847263,27,27,54860,565.706,1980
262824981829336,27,27,54860,524.504,1980
262825032032177,27,27,54860,524.504,1980
262825082211961,39,19,54860,490.794,1980
262825132737499,39,19,54860,490.794,1980
262825182857812,39,19,54860,472.072,1980
262825233030188,39,19,54860,472.072,1980
262825284578902,83,40,54860,447.917,1980
262825334768520,83,40,54860,447.917,1980
262825385026947,83,40,54860,431.656,1980
262825435162657,83,40,54860,431.656,1980
262825485336057,100,50,54860,408.236,1980
262825535505325,100,50,54860,408.236,1980
262825585668455,100,50,54860,385.209,1980
262825635862170,100,50,54860,385.209,1980
262825686070069,100,50,54860,362.14,1980
262825736803410,100,50,54860,362.14,1980
262825786972241,100,50,54860,350.25,1980
262825837131560,100,50,54860,350.25,1980
262825887256905,98,48,54860,387.39,1980
262825937363666,98,48,54860,387.39,1980
262825987469748,98,48,54860,428.926,1980
262826037606648,98,48,54860,428.926,1980
262826087725218,89,46,54860,467.025,1980
262826137830057,89,46,54860,467.025,1980
262826187962686,89,46,54860,488.29,1980
262826238067276,89,46,54860,488.29,1980
262826288185074,97,54,54860,506.577,1980
262826338288267,97,54,54860,506.577,1980
262826388390260,97,54,54860,520.959,1980
262826438492980,97,54,54860,520.959,1980
262826488626159,98,53,54860,545.781,1980
262826538741629,98,53,54860,545.781,1980
262826589075474,98,53,54860,568.212,1980
262826639179461,98,53,54860,568.212,1980
262826689279540,95,53,54860,590.961,1980
262826739408917,95,53,54860,590.961,1980
262826789563075,95,53,54860,608.465,1980
262826839687475,95,53,54860,608.465,1980
262826889792787,97,52,54860,602.563,1980
262826939918441,97,52,54860,602.563,1980
262826990036393,97,52,54860,593.046,1980
262827040890390,97,52,54860,593.046,1980
262827091633494,18,18,54860,553.823,1980
262827142457617,18,18,54860,553.823,1980
262827192672611,18,18,54860,512.873,1980
262827244498845,18,18,54860,512.873,1980
262827294621090,54,25,54860,488.206,1980
262827345627983,54,25,54860,488.206,1980
262827396907540,54,25,54860,465.085,1980
262827447074714,54,25,54860,465.085,1980
262827497973857,77,38,54860,444.232,1980
262827548608145,77,38,54860,444.232,1980
262827599537008,77,38,54860,422.147,1980
262827649754712,77,38,54860,422.147,1980
262827700053604,97,48,54860,403.596,1980
262827750251706,97,48,54860,403.596,1980
262827800420080,97,48,54860,384.52,1980
262827850862602,97,48,54860,384.52,1980
262827901256005,100,50,54860,360.248,1980
262827951411397,100,50,54860,360.248,1980
262828001537316,100,50,54860,333.599,1980
262828051642664,100,50,54860,333.599,1980
262828101757742,98,47,54860,371.247,1980
262828151916372,98,47,54860,371.247,1980
262828202081778,98,47,54860,413.838,1980
262828252216857,98,47,54860,413.838,1980
262828302327359,90,43,54860,448.158,1980
262828352481570,90,43,54860,448.158,1980
262828402611680,90,43,54860,472.659,1980
262828452763700,90,43,54860,472.659,1980
262828502906056,95,52,54860,493.174,1980
262828553018544,95,52,54860,493.174,1980
262828603129421,95,52,54860,512.711,1980
262828653271636,95,52,54860,512.711,1980
262828703390127,95,52,54860,534.861,1980
262828753533252,95,52,54860,534.861,1980
262828803662782,95,52,54860,557.986,1980
262828853787355,95,52,54860,557.986,1980
262828903950914,98,55,54860,581.601,1980
262828954106227,98,55,54860,581.601,1980
262829004269392,98,55,54860,604.263,1980
262829054434997,98,55,54860,604.263,1980
262829104618416,95,52,54860,603.994,1980
262829154796541,95,52,54860,603.994,1980
262829204961098,95,52,54860,594.995,1980
262829256938141,95,52,54860,594.995,1980
262829307843637,88,59,54860,582.92,1980
262829358513348,88,59,54860,582.92,1980
262829409421714,88,59,54860,540.675,1980
262829459881276,88,59,54860,540.675,1980
262829509999552,2,2,54860,498.241,1980
262829561364191,2,2,54860,498.241,1980
262829611566558,2,2,54860,477.125,1980
262829663032912,2,2,54860,477.125,1980
262829713177464,75,37,54860,459.832,1980
262829763367083,75,37,54860,459.832,1980
262829813535282,75,37,54860,440.391,1980
262829864259869,75,37,54860,440.391,1980
262829914717824,93,46,54860,419.06,1980
262829964888699,93,46,54860,419.06,1980
262830015098133,93,46,54860,400.593,1980
262830065627068,93,46,54860,400.593,1980
262830116010640,100,50,54860,376.727,1980
262830166502566,100,50,54860,376.727,1980
262830216701809,100,50,54860,361.535,1980
262830266876204,100,50,54860,361.535,1980
262830317046298,79,39,54860,352.857,1980
262830367203555,79,39,54860,352.857,1980
262830417319017,79,39,54860,400.205,1980
262830467434603,79,39,54860,400.205,1980
262830517570779,98,49,54860,449.851,1980
262830567733664,98,49,54860,449.851,1980
262830617858662,98,49,54860,468.979,1980
262830667964814,98,49,54860,468.979,1980
262830718070433,97,49,54860,491.834,1980
262830768314345,97,49,54860,491.834,1980
262830818471540,97,49,54860,510.058,1980
262830868597382,97,49,54860,510.058,1980
262830918751503,98,54,54860,535.327,1980
262830968880732,98,54,54860,535.327,1980
262831019013410,98,54,54860,553.123,1980
262831069129146,98,54,54860,553.123,1980
262831119243815,95,53,54860,579.488,1980
262831169352693,95,53,54860,579.488,1980
262831219455377,95,53,54860,602.58,1980
262831269559833,95,53,54860,602.58,1980
262831319661434,97,52,54860,617.648,1980
262831369770981,97,52,54860,617.648,1980
262831419885762,97,52,54860,610.784,1980
262831469990185,97,52,54860,610.784,1980
262831520102242,98,53,54860,607.097,1980
262831571220081,98,53,54860,607.097,1980
262831622037632,98,53,54860,580.451,1980
262831672626072,98,53,54860,580.451,1980
262831722751290,2,2,54860,539.2,1980
262831773999299,2,2,54860,503.384,1980
262831824231614,2,2,54860,503.384,1980
262831875690970,73,35,54860,477.265,1980
262831925847268,73,35,54860,477.265,1980
262831976594546,73,35,54860,458.456,1980
262832026760391,73,35,54860,458.456,1980
262832077209860,80,39,54860,437.107,1980
262832128389441,80,39,54860,437.107,1980
262832179557372,80,39,54860,413.569,1980
262832230175812,80,39,54860,413.569,1980
262832280395137,99,48,54860,394.254,1980
262832330538630,99,48,54860,394.254,1980
262832380724916,99,48,54860,373.599,1980
262832430888579,99,48,54860,373.599,1980
262832482482025,100,50,54860,348.953,1980
262832532613822,100,50,54860,348.953,1980
262832582726672,100,50,54860,367.796,1980
262832632856833,100,50,54860,367.796,1980
262832683017466,98,48,54860,410.793,1980
262832733152493,98,48,54860,410.793,1980
262832784649168,98,48,54860,455.244,1980
262832834761186,98,48,54860,455.244,1980
262832884891228,90,46,54860,476.292,1980
262832935037300,90,46,54860,476.292,1980
262832985153233,90,46,54860,497.442,1980
262833035263362,90,46,54860,497.442,1980
262833085369547,97,52,54860,516.213,1980
262833135511882,97,52,54860,516.213,1980
262833185647637,97,52,54860,535.544,1980
262833235792784,97,52,54860,535.544,1980
262833285942494,98,54,54860,553.702,1980
262833336101459,98,54,54860,553.702,1980
262833386263691,98,54,54860,571.505,1980
262833436403128,98,54,54860,571.505,1980
262833486517812,95,53,54860,592.722,1980
262833536624422,95,53,54860,592.722,1980
262833586771964,95,53,54860,605.489,1980
262833636935241,95,53,54860,605.489,1980
262833687055824,95,54,54860,597.623,1980
262833737176666,95,54,54860,597.623,1980
262833787318655,95,54,54860,594.381,1980
262833837981249,95,54,54860,594.381,1980
262833888690562,33,30,54860,562.403,1980
262833939673643,33,30,54860,562.403,1980
262833990911145,33,30,54860,515.731,1980
262834041107864,33,30,54860,515.731,1980
262834092470294,37,17,54860,493.746,1980
262834143994383,37,17,54860,493.746,1980
262834195039879,37,17,54860,472.05,1980
262834245847933,37,17,54860,472.05,1980
262834296040272,79,39,54860,450.495,1980
262834347165706,79,39,54860,450.495,1980
262834397671108,79,39,54860,433.272,1980
262834447844836,79,39,54860,433.272,1980
262834498511648,100,49,54860,412.249,1980
262834549030823,100,49,54860,412.249,1980
262834599208046,100,49,54860,388.197,1980
262834649388675,100,49,54860,388.197,1980
262834699592784,100,50,54860,364.442,1980
262834749837971,100,50,54860,364.442,1980
262834799989720,100,50,54860,341.725,1980
262834850169989,100,50,54860,341.725,1980
262834900293277,99,49,54860,372.772,1980
262834950405203,99,49,54860,372.772,1980
262835000547713,99,49,54860,417.817,1980
262835050697663,99,49,54860,417.817,1980
262835100818634,97,49,54860,454.5,1980
262835150928599,97,49,54860,454.5,1980
262835201059799,97,49,54860,476.233,1980
262835251176287,97,49,54860,476.233,1980
262835301294749,96,52,54860,498.227,1980
262835351410544,96,52,54860,498.227,1980
262835401526620,96,52,54860,518.156,1980
262835451641491,96,52,54860,518.156,1980
262835501817680,96,52,54860,540.144,1980
262835552006142,96,52,54860,540.144,1980
262835602137249,96,52,54860,560.583,1980
262835652249473,96,52,54860,560.583,1980
262835702368819,95,53,54860,589.644,1980
262835752523838,95,53,54860,589.644,1980
262835802689570,95,53,54860,622.516,1980
262835852819709,95,53,54860,622.516,1980
262835902958177,95,53,54860,620.125,1980
262835954345010,95,53,54860,620.125,1980
262836004502194,95,53,54860,611.701,1980
262836054671583,95,53,54860,611.701,1980
262836104809293,98,55,54860,607.517,1980
262836155507874,98,55,54860,607.517,1980
262836206382529,98,55,54860,579.544,1980
262836257467345,98,55,54860,579.544,1980
262836307665772,2,2,54860,534.614,1980
262836357839300,2,2,54860,534.614,1980
262836409370078,2,2,54860,506.265,1980
262836459600902,2,2,54860,506.265,1980
262836509798692,74,36,54860,484.303,1980
262836561825497,74,36,54860,484.303,1980
262836611959313,74,36,54860,461.329,1980
262836662266632,74,36,54860,461.329,1980
262836712613679,85,42,54860,440.835,1980
262836763157022,85,42,54860,440.835,1980
262836813287895,85,42,54860,418.065,1980
262836863469181,85,42,54860,418.065,1980
262836913856432,100,50,54860,394.832,1980
262836964275979,100,50,54860,394.832,1980
262837014556602,100,50,54860,365.734,1980
262837064696259,100,50,54860,365.734,1980
262837114807422,79,39,54860,343.946,1980
262837164955887,79,39,54860,343.946,1980
262837215089132,79,39,54860,373.149,1980
262837265216106,79,39,54860,373.149,1980
262837315372231,98,49,54860,415.134,1980
262837365510806,98,49,54860,415.134,1980
262837415686852,98,49,54860,453.182,1980
262837466154307,98,49,54860,453.182,1980
262837516285666,98,52,54860,474.264,1980
262837566447422,98,52,54860,474.264,1980
262837616614062,98,52,54860,497.249,1980
262837666771451,98,52,54860,497.249,1980
262837716930372,95,53,54860,517.641,1980
262837767050333,95,53,54860,517.641,1980
262837817154526,95,53,54860,533.634,1980
262837867305201,95,53,54860,533.634,1980
262837917433899,97,55,54860,556.943,1980
262837967544029,97,55,54860,556.943,1980
262838017712443,97,55,54860,581.535,1980
262838067842810,97,55,54860,581.535,1980
262838117990307,95,53,54860,609.861,1980
262838168143103,95,53,54860,609.861,1980
262838218314985,95,53,54860,608.342,1980
262838268475482,95,53,54860,608.342,1980
262838318632868,95,53,54860,602.807,1980
262838368791378,95,53,54860,602.807,1980
262838419838347,95,53,54860,591.562,1980
262838470725205,95,53,54860,591.562,1980
262838521685863,2,2,54860,551.733,1980
262838571850295,2,2,54860,551.733,1980
262838623022063,2,2,54860,509.812,1980
262838674521062,2,2,54860,509.812,1980
262838725418643,71,35,54860,488.965,1980
262838775594471,71,35,54860,488.965,1980
262838825787690,71,35,54860,465.122,1980
262838876011085,71,35,54860,465.122,1980
262838926160283,89,43,54860,451.524,1980
262838976280388,89,43,54860,451.524,1980
262839026755791,89,43,54860,430.82,1980
262839076953938,89,43,54860,409.218,1980
262839127570163,100,49,54860,409.218,1980
262839177778791,100,49,54860,386.086,1980
262839227944035,100,49,54860,386.086,1980
262839279376597,100,50,54860,358.814,1980
262839329544512,100,50,54860,358.814,1980
262839379692181,100,50,54860,356.8,1980
262839429841965,100,50,54860,356.8,1980
262839479964398,98,48,54860,398.75,1980
262839530095023,98,48,54860,398.75,1980
262839580259958,98,48,54860,444.114,1980
262839630380597,98,48,54860,444.114,1980
262839680489073,90,47,54860,471.715,1980
262839730600766,90,47,54860,471.715,1980
262839780766029,90,47,54860,493.904,1980
262839830925488,90,47,54860,493.904,1980
262839881052041,95,53,54860,513.492,1980
262839931194541,95,53,54860,513.492,1980
262839981359905,95,53,54860,532.535,1980
262840031545665,95,53,54860,532.535,1980
262840081671411,95,53,54860,551.208,1980
262840131792076,95,53,54860,551.208,1980
262840181897323,95,53,54860,576.064,1980
262840232352692,95,53,54860,576.064,1980
262840282515443,95,53,54860,593.442,1980
262840332637242,95,53,54860,593.442,1980
262840382742145,95,53,54860,605.748,1980
262840432846670,95,53,54860,605.748,1980
262840482956852,98,54,54860,599.507,1980
262840533816857,98,54,54860,599.507,1980
262840584652178,98,54,54860,563.167,1980
262840635587299,98,54,54860,563.167,1980
262840685817644,2,2,54860,521.842,1980
262840735992883,2,2,54860,521.842,1980
262840787373202,2,2,54860,492.713,1980
262840837509297,2,2,54860,492.713,1980
262840887640455,75,36,54860,472.029,1980
262840937973663,75,36,54860,472.029,1980
262840988133906,75,36,54860,451.594,1980
262841038367060,75,36,54860,451.594,1980
262841089275892,82,40,54860,428.266,1980
262841139402254,82,40,54860,428.266,1980
262841189608847,82,40,54860,409.944,1980
262841239773214,82,40,54860,409.944,1980
262841290224359,99,48,54860,391.617,1980
262841340348014,99,48,54860,391.617,1980
262841390507686,99,48,54860,373.781,1980
262841440763384,99,48,54860,373.781,1980
262841490926795,97,49,54860,346.921,1980
262841541054745,97,49,54860,346.921,1980
262841591159211,97,49,54860,377.389,1980
262841641261611,97,49,54860,377.389,1980
262841691397935,98,49,54860,421.267,1980
262841741550430,98,49,54860,421.267,1980
262841791671363,98,49,54860,461.068,1980
262841841813009,98,49,54860,461.068,1980
262841891963752,93,49,54860,484.008,1980
262841942138601,93,49,54860,484.008,1980
262841992267419,93,49,54860,509.589,1980
262842042378122,93,49,54860,509.589,1980
262842092482758,95,53,54860,533.243,1980
262842142630596,95,53,54860,533.243,1980
262842192785737,95,53,54860,552.511,1980
262842242951537,95,53,54860,552.511,1980
262842293075186,97,52,54860,574.73,1980
262842343184403,97,52,54860,574.73,1980
262842393319890,97,52,54860,593.924,1980
262842443476058,97,52,54860,593.924,1980
262842493639189,98,55,54860,615.45,1980
262842543800845,98,55,54860,615.45,1980
262842593968338,98,55,54860,614.238,1980
262842644091782,98,55,54860,614.238,1980
262842694203752,96,53,54860,610.777,1980
262842745281121,96,53,54860,610.777,1980
262842796198035,96,53,54860,591.367,1980
262842846814699,96,53,54860,591.367,1980
262842897719426,2,2,54860,540.024,1980
262842948533588,2,2,54860,540.024,1980
262842998712749,2,2,54860,508.39,1980
262843049977080,2,2,54860,508.39,1980
262843100134848,73,36,54860,478.213,1980
262843150381666,73,36,54860,478.213,1980
262843200537949,73,36,54860,457.742,1980
262843252257916,73,36,54860,457.742,1980
262843303272976,81,40,54860,440.973,1980
262843353443186,81,40,54860,440.973,1980
262843404031087,81,40,54860,423.091,1980
262843454155405,81,40,54860,423.091,1980
262843504349491,99,49,54860,399.555,1980
262843554533434,99,49,54860,399.555,1980
262843604716230,99,49,54860,381.478,1980
262843654878591,99,49,54860,381.478,1980
262843705051729,100,50,54860,355.832,1980
262843755180594,100,50,54860,355.832,1980
262843805294789,100,50,54860,372.665,1980
262843855444382,100,50,54860,372.665,1980
262843905563577,98,48,54860,424.442,1980
262843955674922,98,48,54860,424.442,1980
262844005817348,98,48,54860,461.62,1980
262844056034069,98,48,54860,461.62,1980
262844106199348,90,46,54860,484.096,1980
262844156319788,90,46,54860,484.096,1980
262844206422634,90,46,54860,507.551,1980
262844256533728,90,46,54860,507.551,1980
262844306644268,97,51,54860,528.118,1980
262844356783563,97,51,54860,528.118,1980
262844406908871,97,51,54860,551.209,1980
262844457238034,97,51,54860,551.209,1980
262844507348199,98,54,54860,569.835,1980
262844557506502,98,54,54860,569.835,1980
262844607635143,98,54,54860,590.706,1980
262844657745052,98,54,54860,590.706,1980
262844707859222,95,52,54860,619.281,1980
262844757990682,95,52,54860,619.281,1980
262844808126963,95,52,54860,622.575,1980
262844858239196,95,52,54860,622.575,1980
262844908345797,97,52,54860,614.313,1980
262844958488012,97,52,54860,614.313,1980
262845009426616,97,52,54860,597.649,1980
262845060430117,97,52,54860,597.649,1980
262845111343591,8,8,54860,555.53,1980
262845162356544,8,8,54860,555.53,1980
262845212495667,8,8,54860,512.615,1980
262845262651053,8,8,54860,512.615,1980
262845313513106,51,25,54860,487.115,1980
262845364626964,51,25,54860,487.115,1980
262845415260452,51,25,54860,461.842,1980
262845465411979,51,25,54860,461.842,1980
262845515554710,79,39,54860,441.374,1980
262845565785881,79,39,54860,441.374,1980
262845615933724,79,39,54860,424.22,1980
262845666080056,79,39,54860,424.22,1980
262845716233429,100,49,54860,404.856,1980
262845766468635,100,49,54860,404.856,1980
262845816630840,100,49,54860,385.551,1980
262845866920115,100,49,54860,385.551,1980
262845918615183,100,50,54860,366.411,1980
262845968739225,100,50,54860,366.411,1980
262846018882167,100,50,54860,356.905,1980
262846069033051,100,50,54860,356.905,1980
262846119174880,98,49,54860,400.619,1980
262846169323460,98,49,54860,400.619,1980
262846221083610,98,49,54860,452.165,1980
262846271201626,98,49,54860,452.165,1980
262846321307101,90,44,54860,476.446,1980
262846371411123,90,44,54860,476.446,1980
262846421524892,90,44,54860,500.865,1980
262846471636897,90,44,54860,500.865,1980
262846521747202,98,54,54860,520.824,1980
262846571854221,98,54,54860,520.824,1980
262846621964155,98,54,54860,543.191,1980
262846672098495,98,54,54860,543.191,1980
262846722240434,96,53,54860,563.611,1980
262846772398755,96,53,54860,563.611,1980
262846822548023,96,53,54860,583.642,1980
262846872705893,96,53,54860,583.642,1980
262846922831706,97,51,54860,609.176,1980
262846972941096,97,51,54860,609.176,1980
262847023051416,97,51,54860,623.13,1980
262847073175406,97,51,54860,623.13,1980
262847123280401,98,54,54860,616.183,1980
262847173424261,98,54,54860,616.183,1980
262847225895359,98,54,54860,613.964,1980
262847276774591,98,54,54860,613.964,1980
262847327745877,59,44,54860,583.593,1980
262847378375069,59,44,54860,583.593,1980
262847432643443,59,44,54860,538.037,1980
262847482819039,12,6,54860,506.354,1980
262847534438308,12,6,54860,506.354,1980
262847585887342,12,6,54860,484.554,1980
262847637387777,12,6,54860,484.554,1980
262847687502007,76,37,54860,463.205,1980
262847738865877,76,37,54860,463.205,1980
262847789477390,76,37,54860,442.711,1980
262847839759945,76,37,54860,442.711,1980
262847890910936,88,43,54860,416.81,1980
262847941759228,88,43,54860,416.81,1980
262847991953062,88,43,54860,396.635,1980
262848042182507,88,43,54860,396.635,1980
262848092674186,100,50,54860,375.504,1980
262848142953230,100,50,54860,375.504,1980
262848193420077,100,50,54860,350.763,1980
262848243556499,100,50,54860,350.763,1980
262848293754355,74,37,54860,364.541,1980
262848343932533,74,37,54860,364.541,1980
262848394078332,74,37,54860,411.965,1980
262848444254067,74,37,54860,411.965,1980
262848494368385,99,49,54860,454.056,1980
262848544518840,99,49,54860,454.056,1980
262848594686252,99,49,54860,476.27,1980
262848644813485,99,49,54860,476.27,1980
262848694949480,97,50,54860,500.036,1980
262848745116255,97,50,54860,500.036,1980
262848795320058,97,50,54860,522.323,1980
262848845525084,97,50,54860,522.323,1980
262848895677888,98,54,54860,539.009,1980
262848945804823,98,54,54860,539.009,1980
262848995975760,98,54,54860,565.288,1980
262849046161447,98,54,54860,565.288,1980
262849096329421,95,53,54860,592.032,1980
262849146517940,95,53,54860,592.032,1980
262849196684025,95,53,54860,610.206,1980
262849246855617,95,53,54860,610.206,1980
262849297036132,98,55,54860,621.716,1980
262849347162561,98,55,54860,621.716,1980
262849397316360,98,55,54860,619.546,1980
262849447496521,98,55,54860,619.546,1980
262849497671128,95,53,54860,619.676,1980
262849549534595,95,53,54860,619.676,1980
262849600213968,95,53,54860,598.724,1980
262849651439296,95,53,54860,598.724,1980
262849702265629,2,2,54860,551.762,1980
262849752580391,2,2,54860,551.762,1980
262849804255061,2,2,54860,516.748,1980
262849854383384,2,2,54860,516.748,1980
262849905448917,72,34,54860,493.022,1980
262849955615917,72,34,54860,493.022,1980
262850006562512,72,34,54860,469.105,1980
262850056791200,72,34,54860,469.105,1980
262850106925783,75,38,54860,445.673,1980
262850157102822,75,38,54860,445.673,1980
262850208057231,75,38,54860,426.552,1980
262850258778644,75,38,54860,426.552,1980
262850309276259,93,46,54860,405.384,1980
262850359436037,93,46,54860,405.384,1980
262850409588191,93,46,54860,382.272,1980
262850459762181,93,46,54860,382.272,1980
262850526673789,100,50,54860,358.787,1980
262850576809877,100,50,54860,358.787,1980
262850626928609,100,50,54860,355.469,1980
262850677089621,100,50,54860,355.469,1980
262850727262753,98,50,54860,401.65,1980
262850777397824,98,50,54860,401.65,1980
262850827503287,98,50,54860,448.179,1980
262850877606966,98,50,54860,448.179,1980
262850927760792,89,44,54860,471.6,1980
262850977940355,89,44,54860,471.6,1980
262851028087315,89,44,54860,493.646,1980
262851078762128,89,44,54860,493.646,1980
262851128944817,98,55,54860,511.43,1980
262851179110972,98,55,54860,511.43,1980
262851229280308,98,55,54860,532.747,1980
262851279451717,98,55,54860,532.747,1980
262851329637598,95,53,54860,556.53,1980
262851379801210,95,53,54860,556.53,1980
262851429967997,95,53,54860,574.309,1980
262851480091294,95,53,54860,574.309,1980
262851530254705,95,54,54860,595.799,1980
262851580446779,95,54,54860,595.799,1980
262851630612294,95,54,54860,619.703,1980
262851680779204,95,54,54860,619.703,1980
262851730906236,95,53,54860,618.321,1980
262851781063209,95,53,54860,618.321,1980
262851831230493,95,53,54860,611.234,1980
262851882068360,95,53,54860,611.234,1980
262851933148401,89,60,54860,596.823,1980
262851984175634,89,60,54860,555.95,1980
262852035148170,89,60,54860,555.95,1980
262852086428980,2,2,54860,514.727,1980
262852136647751,2,2,54860,514.727,1980
262852188145103,2,2,54860,490.601,1980
262852239750866,2,2,54860,490.601,1980
262852290890938,75,37,54860,471.365,1980
262852341098158,75,37,54860,471.365,1980
262852391273411,75,37,54860,450.634,1980
262852442164654,75,37,54860,450.634,1980
262852492316952,88,43,54860,425.865,1980
262852543356806,88,43,54860,425.865,1980
262852593523167,88,43,54860,408.567,1980
262852643694900,88,43,54860,408.567,1980
262852693866066,99,49,54860,388.021,1980
262852744064440,99,49,54860,388.021,1980
262852794575928,99,49,54860,357.77,1980
262852844735861,99,49,54860,357.77,1980
262852894884291,77,38,54860,356.496,1980
262852945008475,77,38,54860,356.496,1980
262852995116718,77,38,54860,402.287,1980
262853045220050,77,38,54860,402.287,1980
262853095385121,99,50,54860,446.212,1980
262853145531663,99,50,54860,446.212,1980
262853195637874,99,50,54860,465.731,1980
262853245741076,99,50,54860,465.731,1980
262853295845609,98,52,54860,490.079,1980
262853346007141,98,52,54860,490.079,1980
262853396181802,98,52,54860,512.804,1980
262853446301793,98,52,54860,512.804,1980
262853496407316,95,54,54860,532.849,1980
262853546514495,95,54,54860,532.849,1980
262853596664533,95,54,54860,553.227,1980
262853646800973,95,54,54860,553.227,1980
262853696913416,97,53,54860,573.04,1980
262853747023025,97,53,54860,573.04,1980
262853797175725,97,53,54860,601.757,1980
262853847424966,97,53,54860,601.757,1980
262853897566815,95,53,54860,620.879,1980
262853947681371,95,53,54860,620.879,1980
262853997786301,95,53,54860,618.458,1980
262854047942594,95,53,54860,618.458,1980
262854098088394,96,52,54860,613.824,1980
262854148233933,96,52,54860,613.824,1980
262854198964642,96,52,54860,605.524,1980
262854250079352,96,52,54860,605.524,1980
262854300839545,12,12,54860,560.953,1980
262854351544180,12,12,54860,560.953,1980
262854401712842,12,12,54860,516.866,1980
262854453444735,12,12,54860,516.866,1980
262854504812481,48,24,54860,496.031,1980
262854554997686,48,24,54860,496.031,1980
262854605183045,48,24,54860,473.756,1980
262854655343771,48,24,54860,473.756,1980
262854705903567,80,39,54860,454.406,1980
262854756277443,80,39,54860,454.406,1980
262854806491132,80,39,54860,433.526,1980
262854857077746,80,39,54860,433.526,1980
262854907401100,100,49,54860,410.593,1980
262854957540851,100,49,54860,410.593,1980
262855007699097,100,49,54860,386.986,1980
262855057858407,100,49,54860,386.986,1980
262855114083050,100,50,54860,358.848,1980
262855164230324,100,50,54860,358.848,1980
262855214390010,100,50,54860,354.179,1980
262855264549831,100,50,54860,354.179,1980
262855314680951,98,48,54860,398.988,1980
262855364792430,98,48,54860,398.988,1980
262855414986349,98,48,54860,450.045,1980
262855465159325,98,48,54860,450.045,1980
262855515322827,88,43,54860,469.933,1980
262855565448653,88,43,54860,469.933,1980
262855615559506,88,43,54860,491.277,1980
262855665701432,88,43,54860,491.277,1980
262855718555183,95,54,54860,510.915,1980
262855768683504,95,54,54860,510.915,1980
262855818799489,95,54,54860,526.923,1980
262855868903000,95,54,54860,526.923,1980
262855919020671,95,53,54860,544.914,1980
262855969168795,95,53,54860,544.914,1980
262856019370204,95,53,54860,568.435,1980
262856069511289,95,53,54860,568.435,1980
262856119644875,95,53,54860,589.921,1980
262856169824742,95,53,54860,589.921,1980
262856219993552,95,53,54860,607.092,1980
262856270151584,95,53,54860,607.092,1980
262856320271558,95,54,54860,599.761,1980
262856370379603,95,54,54860,599.761,1980
262856421297103,95,54,54860,591.394,1980
262856472704724,95,54,54860,591.394,1980
262856523659135,25,25,54860,552.574,1980
262856574707602,25,25,54860,552.574,1980
262856625163741,25,25,54860,510.562,1980
262856676779840,25,25,54860,510.562,1980
262856726977013,48,22,54860,485.493,1980
262856777486493,48,22,54860,485.493,1980
262856828246075,48,22,54860,467.083,1980
262856878600490,48,22,54860,467.083,1980
262856928759394,74,37,54860,450.494,1980
262856978904082,74,37,54860,450.494,1980
262857029514766,74,37,54860,429.283,1980
262857079727810,74,37,54860,429.283,1980
262857129901157,91,44,54860,411.994,1980
262857180057068,91,44,54860,411.994,1980
262857230234392,91,44,54860,389.087,1980
262857280416339,91,44,54860,389.087,1980
262857330567806,100,50,54860,374.45,1980
262857380727616,100,50,54860,374.45,1980
262857430843830,100,50,54860,350.271,1980
262857480954399,100,50,54860,350.271,1980
262857531111774,78,38,54860,388.301,1980
262857584645967,78,38,54860,388.301,1980
262857634769260,78,38,54860,435.111,1980
262857684878414,78,38,54860,435.111,1980
262857734990359,98,48,54860,469.345,1980
262857785094914,98,48,54860,469.345,1980
262857835249230,98,48,54860,488.297,1980
262857885410887,98,48,54860,488.297,1980
262857935538434,95,50,54860,508.266,1980
262857985702128,95,50,54860,508.266,1980
262858035860181,95,50,54860,528.209,1980
262858086027583,95,50,54860,528.209,1980
262858136180133,95,54,54860,548.914,1980
262858186312828,95,54,54860,548.914,1980
262858236434121,95,54,54860,571.476,1980
262858286583955,95,54,54860,571.476,1980
262858336749446,95,53,54860,593.1,1980
262858386879312,95,53,54860,593.1,1980
262858436995398,95,53,54860,621.667,1980
262858487107544,95,53,54860,618.698,1980
262858537253600,97,51,54860,618.698,1980
262858587420320,97,51,54860,612.711,1980
262858637580137,97,51,54860,612.711,1980
262858687705746,97,51,54860,608.975,1980
262858738590208,98,53,54860,608.975,1980
262858789278990,98,53,54860,577.747,1980
262858840329087,98,53,54860,577.747,1980
262858891020708,2,2,54860,537.214,1980
262858941203492,2,2,54860,537.214,1980
262858991753378,2,2,54860,503.864,1980
262859042567877,2,2,54860,503.864,1980
262859094226103,75,37,54860,483.959,1980
262859144380726,75,37,54860,483.959,1980
262859194963843,75,37,54860,459.798,1980
262859245097340,75,37,54860,459.798,1980
262859295451505,87,43,54860,437.973,1980
262859345616806,87,43,54860,437.973,1980
262859395739605,87,43,54860,416.776,1980
262859445886128,87,43,54860,416.776,1980
262859496168596,100,50,54860,389.539,1980
262859546317162,100,50,54860,389.539,1980
262859596478296,100,50,54860,369.335,1980
262859650710790,100,50,54860,369.335,1980
262859700869251,89,45,54860,342.358,1980
262859751033017,89,45,54860,342.358,1980
262859801194709,89,45,54860,371.83,1980
262859851350214,89,45,54860,371.83,1980
262859901471058,99,49,54860,421.572,1980
262859951585213,99,49,54860,421.572,1980
262860001691655,99,49,54860,453.387,1980
262860051841276,99,49,54860,453.387,1980
262860101975000,90,47,54860,473.483,1980
262860152084825,90,47,54860,473.483,1980
262860202247745,90,47,54860,494.37,1980
262860252409443,90,47,54860,494.37,1980
262860302533553,97,51,54860,512.043,1980
262860352640204,97,51,54860,512.043,1980
262860402750247,97,51,54860,528.643,1980
262860452861503,97,51,54860,528.643,1980
262860502998462,98,54,54860,555.22,1980
262860553124138,98,54,54860,555.22,1980
262860603228708,98,54,54860,579.89,1980
262860653368615,98,54,54860,579.89,1980
262860703516531,96,53,54860,604.947,1980
262860753635970,96,53,54860,604.947,1980
262860803741375,96,53,54860,600.882,1980
262860853848779,96,53,54860,600.882,1980
262860903993304,96,55,54860,593.746,1980
262860954157995,96,55,54860,593.746,1980
262861006785868,96,55,54860,588.118,1980
262861057485963,96,55,54860,588.118,1980
262861108509005,41,35,54860,556.422,1980
262861159217804,41,35,54860,556.422,1980
262861216619866,41,35,54860,515.729,1980
262861266801441,41,35,54860,515.729,1980
262861316911319,24,12,54860,484.743,1980
262861369198520,24,12,54860,484.743,1980
262861419727691,24,12,54860,463.319,1980
262861470378790,24,12,54860,463.319,1980
262861520537139,74,36,54860,445.788,1980
262861571295389,74,36,54860,445.788,1980
262861621448659,74,36,54860,429.125,1980
262861671611907,74,36,54860,429.125,1980
262861721779173,99,49,54860,409.543,1980
262861772032664,99,49,54860,409.543,1980
262861822230805,99,49,54860,393.073,1980
262861872490753,99,49,54860,393.073,1980
262861922653705,100,50,54860,366.071,1980
262861972816740,100,50,54860,366.071,1980
262862022944652,100,50,54860,349.068,1980
262862073075388,100,50,54860,349.068,1980
262862123237697,98,49,54860,382.044,1980
262862173402644,98,49,54860,382.044,1980
262862223528906,98,49,54860,434.478,1980
262862273638236,98,49,54860,434.478,1980
262862323800308,88,44,54860,464.85,1980
262862373971370,88,44,54860,464.85,1980
262862424105229,88,44,54860,488.687,1980
262862474249076,88,44,54860,488.687,1980
262862524367850,95,52,54860,510.214,1980
262862574540637,95,52,54860,510.214,1980
262862624720316,95,52,54860,532.234,1980
262862674847725,95,52,54860,532.234,1980
262862724954252,94,53,54860,548.469,1980
262862775084207,94,53,54860,548.469,1980
262862825207305,94,53,54860,569.429,1980
262862875326431,94,53,54860,569.429,1980
262862925431366,96,55,54860,587.668,1980
262862975544024,96,55,54860,587.668,1980
262863025654741,96,55,54860,610.797,1980
262863075757465,96,55,54860,610.797,1980
262863125870675,95,53,54860,607.517,1980
262863175979542,95,53,54860,607.517,1980
262863226089072,95,53,54860,601.271,1980
262863276993161,95,53,54860,601.271,1980
262863328317670,86,58,54860,582.975,1980
262863379198716,86,58,54860,582.975,1980
262863429837634,86,58,54860,538.982,1980
262863479989230,86,58,54860,538.982,1980
262863530591801,2,2,54860,499.771,1980
262863582153904,2,2,54860,499.771,1980
262863633547225,2,2,54860,479.614,1980
262863684313992,2,2,54860,479.614,1980
262863735750297,75,37,54860,459.782,1980
262863786788760,75,37,54860,459.782,1980
262863836987380,75,37,54860,441.442,1980
262863887170318,75,37,54860,441.442,1980
262863937350539,90,45,54860,419.763,1980
262863987939471,90,45,54860,419.763,1980
262864038136886,90,45,54860,405.076,1980
262864088382028,90,45,54860,405.076,1980
262864138534516,100,49,54860,386.397,1980
262864188691437,100,49,54860,386.397,1980
262864238878965,100,49,54860,361.277,1980
262864289014188,100,49,54860,361.277,1980
262864339122770,76,37,54860,361.336,1980
262864389226238,76,37,54860,361.336,1980
262864439331334,76,37,54860,409.767,1980
262864489435309,76,37,54860,409.767,1980
262864539534662,98,49,54860,459.175,1980
262864589646930,98,49,54860,459.175,1980
262864639748412,98,49,54860,482.695,1980
262864689856332,98,49,54860,482.695,1980
262864740017605,95,51,54860,505.463,1980
262864790159967,95,51,54860,505.463,1980
262864840270436,95,51,54860,526.739,1980
262864890379890,95,51,54860,545.326,1980
262864940528716,95,53,54860,545.326,1980
262864990657756,95,53,54860,564.215,1980
262865040783154,95,53,54860,564.215,1980
262865090932987,95,53,54860,577.296,1980
262865141060231,96,52,54860,577.296,1980
262865191192474,96,52,54860,597.259,1980
262865241343109,96,52,54860,597.259,1980
262865291468184,98,55,54860,612.492,1980
262865341579591,98,55,54860,612.492,1980
262865391690542,98,55,54860,610.018,1980
262865441863275,98,55,54860,610.018,1980
262865491998409,95,53,54860,605.212,1980
262865544367485,95,53,54860,605.212,1980
262865595298769,95,53,54860,582.184,1980
262865646292242,95,53,54860,582.184,1980
262865697213914,2,2,54860,537.401,1980
262865756916160,2,2,54860,537.401,1980
262865807535974,2,2,54860,498.884,1980
262865858860719,2,2,54860,498.884,1980
262865909031929,72,34,54860,478.77,1980
262865959784021,72,34,54860,478.77,1980
262866009936981,72,34,54860,454.937,1980
262866060056771,72,34,54860,454.937,1980
262866110264818,81,39,54860,437.452,1980
262866160999794,81,39,54860,437.452,1980
262866211174703,81,39,54860,423.271,1980
262866261357399,81,39,54860,423.271,1980
262866311999298,99,48,54860,404.773,1980
262866362184454,99,48,54860,404.773,1980
262866412349090,99,48,54860,383.679,1980
262866462948064,99,48,54860,383.679,1980
262866513967311,100,50,54860,362.83,1980
262866565664682,100,50,54860,362.83,1980
262866615778448,100,50,54860,359.977,1980
262866665899100,100,50,54860,359.977,1980
262866716017631,98,54,54860,408.081,1980
262866766120975,98,54,54860,408.081,1980
262866816278753,98,54,54860,457.701,1980
262866866471205,98,54,54860,457.701,1980
262866916604497,90,49,54860,487.568,1980
262866966709768,90,49,54860,487.568,1980
262867016812386,90,49,54860,507.498,1980
262867066960413,90,49,54860,507.498,1980
262867117112030,95,56,54860,528.93,1980
262867167235506,95,56,54860,528.93,1980
262867217338116,95,56,54860,550.084,1980
262867267443270,95,56,54860,550.084,1980
262867317598537,97,56,54860,568.011,1980
262867367774442,97,56,54860,568.011,1980
262867417903152,97,56,54860,589.048,1980
262867468070758,97,56,54860,589.048,1980
262867518208688,95,57,54860,611.581,1980
262867568352942,95,57,54860,611.581,1980
262867618500149,95,57,54860,632.468,1980
262867668626705,95,57,54860,632.468,1980
262867718731842,97,56,54860,625.858,1980
262867768838481,97,56,54860,625.858,1980
262867818997669,97,56,54860,620.467,1980
262867869153667,97,56,54860,620.467,1980
262867921936646,95,57,54860,616.16,1980
262867972977579,95,57,54860,616.16,1980
262868024043068,95,57,54860,587.72,1980
262868074869675,95,57,54860,587.72,1980
262868129889408,2,2,54860,544.465,1980
262868180054403,2,2,54860,544.465,1980
262868231819260,2,2,54860,509.215,1980
262868283305918,2,2,54860,509.215,1980
262868333886289,74,36,54860,487.882,1980
262868384663846,74,36,54860,487.882,1980
262868435387368,74,36,54860,465.571,1980
262868486057240,74,36,54860,465.571,1980
262868536221418,92,45,54860,441.101,1980
262868586695580,92,45,54860,441.101,1980
262868637177626,92,45,54860,419.623,1980
262868687341393,92,45,54860,419.623,1980
262868737504802,100,50,54860,398.669,1980
262868787697793,100,50,54860,398.669,1980
262868842656480,100,50,54860,376.965,1980
262868892810298,100,50,54860,376.965,1980
262868942935328,82,41,54860,358.01,1980
262868993092727,82,41,54860,381.503,1980
262869043222916,82,41,54860,381.503,1980
262869093326412,82,41,54860,432.339,1980
262869143495877,98,49,54860,432.339,1980
262869193648753,98,49,54860,467.242,1980
262869243774219,98,49,54860,467.242,1980
262869293913506,98,49,54860,486.583,1980
262869344037412,97,52,54860,486.583,1980
262869394146507,97,52,54860,508.35,1980
262869444270517,97,52,54860,508.35,1980
262869494433785,95,54,54860,524.703,1980
262869544560372,95,54,54860,524.703,1980
262869594666522,95,54,54860,548.161,1980
262869644774524,95,54,54860,548.161,1980
262869694883856,95,54,54860,566.764,1980
262869744989331,95,54,54860,566.764,1980
262869795051499,95,54,54860,582.409,1980
262869845206501,95,54,54860,582.409,1980
262869895330310,95,54,54860,610.576,1980
262869945434588,95,54,54860,610.576,1980
262869995562207,95,54,54860,605.51,1980
262870045730387,95,54,54860,605.51,1980
262870095859926,95,54,54860,596.963,1980
262870146921048,95,54,54860,596.963,1980
262870197849387,95,54,54860,560.456,1980
262870248821807,95,54,54860,560.456,1980
262870299625787,2,2,54860,521.937,1980
262870349809758,2,2,54860,521.937,1980
262870401407065,2,2,54860,492.036,1980
262870451577985,2,2,54860,492.036,1980
262870502990257,74,36,54860,469.857,1980
262870553186388,74,36,54860,469.857,1980
262870604358525,74,36,54860,449.877,1980
262870654544343,74,36,54860,449.877,1980
262870705489031,88,43,54860,429.169,1980
262870755629380,88,43,54860,429.169,1980
262870805824859,88,43,54860,409.542,1980
262870856035195,88,43,54860,409.542,1980
262870906231019,100,49,54860,382.19,1980
262870956419585,100,49,54860,382.19,1980
262871006578133,100,49,54860,359.791,1980
262871056742472,100,49,54860,359.791,1980
262871106898674,83,41,54860,346.646,1980
262871157061171,83,41,54860,346.646,1980
262871207181093,83,41,54860,378.709,1980
262871257293303,83,41,54860,378.709,1980
262871307434338,98,49,54860,426.1,1980
262871357563996,98,49,54860,426.1,1980
262871407713130,98,49,54860,456.523,1980
262871457851553,98,49,54860,456.523,1980
262871507961281,98,52,54860,477.542,1980
262871558076491,98,52,54860,477.542,1980
262871608246275,98,52,54860,500.69,1980
262871658397741,98,52,54860,500.69,1980
262871708549294,95,53,54860,519.057,1980
262871758694533,95,53,54860,519.057,1980
262871808845444,95,53,54860,537.902,1980
262871859021647,95,53,54860,537.902,1980
262871909147883,96,54,54860,557.11,1980
262871959255639,96,54,54860,557.11,1980
262872009363977,96,54,54860,578.882,1980
262872059513267,96,54,54860,578.882,1980
262872109670899,95,54,54860,602.93,1980
262872159794730,95,54,54860,602.93,1980
262872209913598,95,54,54860,599.2,1980
262872260068017,95,54,54860,599.2,1980
262872310236831,96,54,54860,594.845,1980
262872362618091,96,54,54860,594.845,1980
262872413404162,96,54,54860,581.18,1980
262872464527103,96,54,54860,581.18,1980
262872515468407,4,4,54860,540.162,1980
262872571536689,4,4,54860,540.162,1980
262872621661326,4,4,54860,499.747,1980
262872673330915,4,4,54860,499.747,1980
262872723510933,56,26,54860,479.929,1980
262872773632037,56,26,54860,479.929,1980
262872824853077,56,26,54860,458.802,1980
262872875022383,56,26,54860,458.802,1980
262872925233879,76,38,54860,436.938,1980
262872975809281,76,38,54860,436.938,1980
262873025952752,76,38,54860,418.28,1980
262873076110338,76,38,54860,418.28,1980
262873126255346,97,48,54860,400.915,1980
262873176794151,97,48,54860,400.915,1980
262873226975200,97,48,54860,383.229,1980
262873277109927,97,48,54860,383.229,1980
262873333624234,100,50,54860,365.683,1980
262873383788574,100,50,54860,365.683,1980
262873433927651,100,50,54860,358.141,1980
262873484037678,100,50,54860,358.141,1980
262873534142025,99,50,54860,402.94,1980
262873584247583,99,50,54860,402.94,1980
262873634365500,99,50,54860,452.131,1980
262873684472656,99,50,54860,452.131,1980
262873734578115,98,50,54860,475.624,1980
262873784724091,98,50,54860,475.624,1980
262873834851629,98,50,54860,503.648,1980
262873884964387,98,50,54860,503.648,1980
262873935085859,95,53,54860,528.457,1980
262873985195826,95,53,54860,528.457,1980
262874035615953,95,53,54860,546.954,1980
262874085814227,95,53,54860,546.954,1980
262874135941037,95,55,54860,564.797,1980
262874186119826,95,55,54860,564.797,1980
262874236313131,95,55,54860,585.082,1980
262874286493901,95,55,54860,585.082,1980
262874336634380,95,54,54860,605.609,1980
262874386816434,95,54,54860,605.609,1980
262874436987814,95,54,54860,626.137,1980
262874487186597,95,54,54860,626.137,1980
262874537323294,97,53,54860,621.209,1980
262874587442072,97,53,54860,621.209,1980
262874637612383,97,53,54860,617.715,1980
262874687799328,97,53,54860,617.715,1980
262874737942976,95,54,54860,615.416,1980
262874788726239,95,54,54860,615.416,1980
262874839507478,95,54,54860,582.533,1980
262874890284601,95,54,54860,582.533,1980
262874941037208,2,2,54860,539.935,1980
262874992339061,2,2,54860,539.935,1980
262875042512404,2,2,54860,510.883,1980
262875094786993,2,2,54860,510.883,1980
262875146172322,74,36,54860,486.781,1980
262875196398367,74,36,54860,462.915,1980
262875247576045,74,36,54860,462.915,1980
262875298179846,79,39,54860,445.111,1980
262875349322626,79,39,54860,445.111,1980
262875399793153,79,39,54860,421.0,1980
262875450091718,79,39,54860,421.0,1980
262875500593972,100,49,54860,403.365,1980
262875550866974,100,49,54860,403.365,1980
262875601131380,100,49,54860,381.861,1980
262875651464223,100,49,54860,381.861,1980
262875701680551,100,50,54860,354.31,1980
262875751845120,100,50,54860,354.31,1980
262875802100289,100,50,54860,372.996,1980
262875852328770,100,50,54860,372.996,1980
262875902510221,98,48,54860,425.966,1980
262875952660480,98,48,54860,425.966,1980
262876002797323,98,48,54860,464.155,1980
262876052981244,98,48,54860,464.155,1980
262876103175745,89,46,54860,489.827,1980
262876153355125,89,46,54860,489.827,1980
262876203505426,89,46,54860,507.883,1980
262876253629718,89,46,54860,507.883,1980
262876303810945,95,54,54860,529.023,1980
262876353965421,95,54,54860,529.023,1980
262876404123229,95,54,54860,545.126,1980
262876454268505,95,54,54860,545.126,1980
262876504392669,95,53,54860,570.338,1980
262876554525237,95,53,54860,570.338,1980
262876604701526,95,53,54860,589.285,1980
262876654888517,95,53,54860,589.285,1980
262876705033059,97,51,54860,608.391,1980
262876755232034,97,51,54860,608.391,1980
262876805423337,97,51,54860,617.67,1980
262876855617986,97,51,54860,617.67,1980
262876905757281,98,54,54860,612.207,1980
262876955905202,98,54,54860,612.207,1980
262877006077937,98,54,54860,608.16,1980
262877056906765,98,54,54860,608.16,1980
262877107806363,65,47,54860,582.531,1980
262877158916629,65,47,54860,582.531,1980
262877209835103,65,47,54860,537.85,1980
262877260077494,65,47,54860,537.85,1980
262877312101982,10,5,54860,503.372,1980
262877362321660,10,5,54860,503.372,1980
262877414014757,10,5,54860,480.969,1980
262877465525873,10,5,54860,480.969,1980
262877515715709,74,37,54860,456.969,1980
262877565897778,74,37,54860,456.969,1980
262877616404703,74,37,54860,442.141,1980
262877666595154,74,37,54860,442.141,1980
262877716768518,95,47,54860,420.269,1980
262877766975097,95,47,54860,420.269,1980
262877817183921,95,47,54860,396.52,1980
262877867330379,95,47,54860,396.52,1980
262877929159561,100,50,54860,371.293,1980
262877979385171,100,50,54860,371.293,1980
262878029588823,100,50,54860,351.918,1980
262878079748998,100,50,54860,351.918,1980
262878129879648,97,47,54860,372.619,1980
262878180061830,97,47,54860,372.619,1980
262878230280847,97,47,54860,423.458,1980
262878280490988,97,47,54860,423.458,1980
262878330638122,82,39,54860,454.901,1980
262878380766143,82,39,54860,454.901,1980
262878431932383,82,39,54860,475.45,1980
262878482052791,82,39,54860,475.45,1980
262878532167897,95,53,54860,498.96,1980
262878582284210,95,53,54860,498.96,1980
262878632446499,95,53,54860,516.76,1980
262878682619238,95,53,54860,516.76,1980
262878732789455,96,54,54860,536.496,1980
262878782964622,96,54,54860,536.496,1980
262878833164548,96,54,54860,562.355,1980
262878883339494,96,54,54860,562.355,1980
262878933517525,95,52,54860,583.856,1980
262878983739661,95,52,54860,583.856,1980
262879033883206,95,52,54860,604.103,1980
262879084022005,95,52,54860,604.103,1980
262879135643188,96,52,54860,598.105,1980
262879186679898,96,52,54860,598.105,1980
262879237296670,96,52,54860,571.583,1980
262879288178130,96,52,54860,571.583,1980
262879338389773,2,2,54860,533.041,1980
262879389964375,2,2,54860,533.041,1980
262879440206317,2,2,54860,500.627,1980
262879492011786,2,2,54860,500.627,1980
262879543684520,74,36,54860,480.792,1980
262879594130809,74,36,54860,480.792,1980
262879645599494,74,36,54860,456.405,1980
262879696681384,74,36,54860,456.405,1980
262879747065009,79,39,54860,440.754,1980
262879797367280,79,39,54860,440.754,1980
262879847655078,79,39,54860,419.776,1980
262879898445023,79,39,54860,401.449,1980
262879948947832,95,47,54860,401.449,1980
262879999517000,95,47,54860,380.582,1980
262880049836625,95,47,54860,380.582,1980
262880102433321,100,50,54860,351.211,1980
262880155528632,100,50,54860,351.211,1980
262880205686123,100,50,54860,373.151,1980
262880255822304,100,50,54860,373.151,1980
262880306039500,98,48,54860,416.131,1980
262880356224572,98,48,54860,416.131,1980
262880406804153,98,48,54860,459.879,1980
262880457020947,98,48,54860,459.879,1980
262880507231755,89,46,54860,482.267,1980
262880557453001,89,46,54860,482.267,1980
262880607653702,89,46,54860,505.306,1980
262880657876932,89,46,54860,505.306,1980
262880708033134,96,52,54860,530.518,1980
262880758481090,96,52,54860,530.518,1980
262880808661964,96,52,54860,549.23,1980
262880858819861,96,52,54860,549.23,1980
262880908945521,95,53,54860,572.119,1980
262880959073841,95,53,54860,572.119,1980
262881009228527,95,53,54860,597.538,1980
262881059361536,95,53,54860,597.538,1980
262881109502254,95,52,54860,623.548,1980
262881159671211,95,52,54860,623.548,1980
262881209841969,95,52,54860,628.754,1980
262881259985391,95,52,54860,628.754,1980
262881310105885,95,54,54860,625.412,1980
262881360235388,95,54,54860,625.412,1980
262881410387930,95,54,54860,613.762,1980
262881461038354,95,54,54860,613.762,1980
262881511754939,29,28,54860,570.992,1980
262881562578219,29,28,54860,570.992,1980
262881612709261,29,28,54860,527.486,1980
262881662877128,29,28,54860,527.486,1980
262881713055118,37,17,54860,504.439,1980
262881764468483,37,17,54860,504.439,1980
262881815952479,37,17,54860,478.493,1980
262881867473735,37,17,54860,478.493,1980
262881918056948,75,37,54860,459.786,1980
262881969022032,75,37,54860,459.786,1980
262882019637558,75,37,54860,438.258,1980
262882069775414,75,37,54860,438.258,1980
262882119942588,97,47,54860,416.75,1980
262882170171921,97,47,54860,416.75,1980
262882220358936,97,47,54860,391.899,1980
262882270727806,97,47,54860,391.899,1980
262882321202310,100,50,54860,372.906,1980
262882371395843,100,50,54860,372.906,1980
262882421551839,100,50,54860,353.193,1980
262882471665555,100,50,54860,353.193,1980
262882521772016,84,43,54860,398.496,1980
262882571882339,84,43,54860,398.496,1980
262882621993799,84,43,54860,447.359,1980
262882676311822,84,43,54860,447.359,1980
262882726440163,98,50,54860,467.925,1980
262882776548913,98,50,54860,467.925,1980
262882826657304,98,50,54860,489.802,1980
262882876804345,98,50,54860,489.802,1980
262882927740350,95,52,54860,513.238,1980
262882977901799,95,52,54860,513.238,1980
262883028037908,95,52,54860,534.749,1980
262883078208811,95,52,54860,534.749,1980
262883128373555,98,57,54860,553.344,1980
262883178495067,98,57,54860,553.344,1980
262883228599918,98,57,54860,571.783,1980
262883278705279,98,57,54860,571.783,1980
262883328869118,96,54,54860,594.701,1980
262883379043324,96,54,54860,594.701,1980
262883429166625,96,54,54860,619.547,1980
262883479271583,96,54,54860,619.547,1980
262883529419682,97,54,54860,613.135,1980
262883579576253,97,54,54860,613.135,1980
262883629749946,97,54,54860,606.66,1980
262883679916541,97,54,54860,606.66,1980
262883730936765,95,54,54860,603.921,1980
262883781985114,95,54,54860,603.921,1980
262883832901498,95,54,54860,568.953,1980
262883883758377,95,54,54860,568.953,1980
262883933881925,2,2,54860,523.313,1980
262883985391264,2,2,54860,523.313,1980
262884035607015,2,2,54860,493.77,1980
262884087090997,2,2,54860,493.77,1980
262884138248258,74,36,54860,472.797,1980
262884188367944,74,36,54860,472.797,1980
262884239322887,74,36,54860,452.463,1980
262884289907828,74,36,54860,452.463,1980
262884340232076,83,41,54860,430.372,1980
262884390380398,83,41,54860,430.372,1980
262884440579679,83,41,54860,410.846,1980
262884491005999,83,41,54860,410.846,1980
262884541350182,100,49,54860,391.305,1980
262884591683948,100,49,54860,391.305,1980
262884641933965,100,49,54860,366.397,1980
262884692090599,100,49,54860,366.397,1980
262884742221404,100,50,54860,344.407,1980
262884792371203,100,50,54860,344.407,1980
262884842506232,100,50,54860,380.979,1980
262884892613763,100,50,54860,380.979,1980
262884942732940,98,49,54860,433.585,1980
262884992851677,98,49,54860,433.585,1980
262885042969917,98,49,54860,460.947,1980
262885093865120,98,49,54860,460.947,1980
262885143969951,89,47,54860,480.321,1980
262885194086158,89,47,54860,480.321,1980
262885244233024,89,47,54860,500.928,1980
262885294354001,89,47,54860,500.928,1980
262885344463451,97,52,54860,520.363,1980
262885394577284,97,52,54860,520.363,1980
262885444690817,97,52,54860,543.216,1980
262885494834218,97,52,54860,543.216,1980
262885544951837,98,54,54860,562.106,1980
262885595062270,98,54,54860,562.106,1980
262885645207635,98,54,54860,591.081,1980
262885695333985,98,54,54860,591.081,1980
262885745738457,95,53,54860,615.577,1980
262885795846488,95,53,54860,615.577,1980
262885845976687,95,53,54860,610.961,1980
262885896097853,95,53,54860,610.961,1980
262885946226058,97,52,54860,603.952,1980
262885996375890,97,52,54860,603.952,1980
262886047074225,97,52,54860,595.457,1980
262886098292491,97,52,54860,595.457,1980
262886149087550,25,25,54860,554.097,1980
262886199275456,25,25,54860,554.097,1980
262886250759432,25,25,54860,511.49,1980
262886300927826,25,25,54860,511.49,1980
262886352277405,48,22,54860,489.91,1980
262886403134149,48,22,54860,468.785,1980
262886453964716,48,22,54860,468.785,1980
262886505519197,76,38,54860,446.944,1980
262886556655609,76,38,54860,446.944,1980
262886606835143,76,38,54860,430.575,1980
262886657052920,76,38,54860,430.575,1980
262886707263238,92,45,54860,405.799,1980
262886757391565,92,45,54860,405.799,1980
262886807631793,92,45,54860,389.415,1980
262886857836497,92,45,54860,389.415,1980
262886908081914,100,50,54860,369.07,1980
262886959260701,100,50,54860,369.07,1980
262887009384584,100,50,54860,351.865,1980
262887059537184,100,50,54860,351.865,1980
262887109929506,82,42,54860,401.402,1980
262887160087633,82,42,54860,401.402,1980
262887210227782,82,42,54860,442.648,1980
262887260378653,82,42,54860,442.648,1980
262887310504070,98,50,54860,469.192,1980
262887360659834,98,50,54860,469.192,1980
262887410814938,98,50,54860,485.094,1980
262887460938678,98,50,54860,485.094,1980
262887511045755,95,52,54860,503.206,1980
262887561202173,95,52,54860,503.206,1980
262887611354199,95,52,54860,523.376,1980
262887661476385,95,52,54860,523.376,1980
262887711583851,96,56,54860,541.989,1980
262887761687636,96,56,54860,541.989,1980
262887811793784,96,56,54860,564.348,1980
262887861897843,96,56,54860,564.348,1980
262887912009783,95,54,54860,585.297,1980
262887962159827,95,54,54860,585.297,1980
262888012292444,95,54,54860,609.961,1980
262888062437581,95,54,54860,609.961,1980
262888112596644,97,53,54860,600.05,1980
262888162720017,97,53,54860,600.05,1980
262888212828586,97,53,54860,598.844,1980
262888262935036,97,53,54860,598.844,1980
262888314625656,95,54,54860,598.715,1980
262888365217565,95,54,54860,598.715,1980
262888416327874,95,54,54860,567.475,1980
262888467628273,95,54,54860,567.475,1980
262888528142945,2,2,54860,527.896,1980
262888578296441,2,2,54860,527.896,1980
262888629634620,2,2,54860,499.208,1980
262888679764775,2,2,54860,499.208,1980
262888730632368,74,37,54860,478.319,1980
262888780793356,74,37,54860,478.319,1980
262888830917511,74,37,54860,456.508,1980
262888881124791,74,37,54860,456.508,1980
262888931293263,86,42,54860,433.786,1980
262888981682135,86,42,54860,433.786,1980
262889032147585,86,42,54860,418.611,1980
262889082313654,86,42,54860,418.611,1980
262889132700811,100,50,54860,395.979,1980
262889190104297,100,50,54860,395.979,1980
262889240279373,100,50,54860,361.56,1980
262889290413297,100,50,54860,361.56,1980
262889340538144,77,40,54860,367.062,1980
262889390681719,77,40,54860,367.062,1980
262889440809531,77,40,54860,406.504,1980
262889490945619,77,40,54860,406.504,1980
262889541061859,98,53,54860,448.082,1980
262889591170700,98,53,54860,448.082,1980
262889641275939,98,53,54860,474.595,1980
262889691386920,98,53,54860,474.595,1980
262889741545236,95,52,54860,495.907,1980
262889791675850,95,52,54860,495.907,1980
262889841790847,95,52,54860,515.231,1980
262889891952738,95,52,54860,515.231,1980
262889942047868,95,55,54860,530.449,1980
262889992154553,95,55,54860,530.449,1980
262890042262873,95,55,54860,551.957,1980
262890092403456,95,55,54860,551.957,1980
262890142568838,98,56,54860,578.956,1980
262890192713843,98,56,54860,578.956,1980
262890242832460,98,56,54860,598.186,1980
262890293872090,98,56,54860,598.186,1980
262890343993858,95,55,54860,603.927,1980
262890394104628,95,55,54860,603.927,1980
