t_ns,util_gpu_pct,util_mem_pct,mem_used_mib,power_w,sm_clock_mhz
267513049324165,2,0,962,115.861,1980
267513103579044,2,0,962,120.717,1980
267513154641452,2,0,6852,120.717,1980
267513204835784,0,0,6852,125.99,1980
267513255097117,0,0,6852,125.99,1980
267513305353065,0,0,6852,131.039,1980
267513355505935,0,0,6852,131.039,1980
267513405674352,18,0,6852,135.579,1980
267513455871976,18,0,6852,135.579,1980
267513506118322,18,0,6852,140.51,1980
267513556352167,18,0,6852,140.51,1980
267513606587405,12,0,6852,145.5,1980
267513656833916,12,0,6852,145.5,1980
267513707084652,12,0,6852,149.994,1980
267513757315622,12,0,6852,149.994,1980
267513807529064,13,0,6852,154.53,1980
267513857743251,13,0,6852,154.53,1980
267513907942152,13,0,6852,156.849,1980
267513958131343,13,0,6852,156.849,1980
267514017974862,13,0,6852,156.768,1980
267514068182249,13,0,6852,156.768,1980
267514118374306,13,0,6852,156.885,1980
267514168560232,13,0,6852,156.885,1980
267514254435944,12,0,6872,156.98,1980
267514340154807,12,0,6872,156.935,1980
267514563094222,0,0,6872,156.688,1980
267514613331895,0,0,6872,156.599,1980
267514663652113,0,0,6872,156.599,1980
267514713772456,0,0,6872,156.509,1980
267514773156251,0,0,6872,156.509,1980
267514823276354,0,0,6872,156.44,1980
267514937814333,0,0,6872,156.354,1980
267515092144777,0,0,6872,156.243,1980
267515163912465,0,0,6872,156.134,1980
267515236726368,0,0,6872,156.036,1980
267515365342081,0,0,6872,156.003,1980
267515425572586,0,0,6872,156.0,1980
267515490863247,0,0,6872,156.0,1980
267515561238797,0,0,6872,156.003,1980
267515631597768,0,0,6872,155.995,1980
267515696889179,0,0,6872,155.995,1980
267516062731793,0,0,6872,155.932,1980
267516194181207,0,0,6872,155.922,1980
267516264545827,0,0,6872,155.935,1980
267516334908613,0,0,6872,155.938,1980
267516395149168,0,0,6872,155.938,1980
267516455383285,0,0,6872,155.944,1980
267516515617607,0,0,6872,155.945,1980
267517002371925,0,0,6872,155.942,1980
267517059390068,0,0,6872,155.961,1980
267517111109687,0,0,6872,155.954,1980
267517161332938,0,0,6872,155.954,1980
267517211466690,0,0,6872,155.945,1980
267517261577959,0,0,6872,155.945,1980
267517312745035,0,0,6872,155.935,1980
267517363803153,0,0,6872,155.935,1980
267517413914277,0,0,6872,155.941,1980
267517464025739,0,0,6872,155.941,1980
267517514138390,0,0,6872,155.935,1980
267517564888709,0,0,6872,155.935,1980
267517615434337,0,0,6872,155.951,1980
267517665547250,0,0,6872,155.951,1980
267517720484167,0,0,6872,155.974,1980
267517770676788,0,0,6872,155.974,1980
267517820886481,0,0,6872,155.967,1980
267517873848552,0,0,6872,155.967,1980
267517926137764,0,0,6872,155.989,1980
267517976254398,0,0,6872,155.989,1980
267518026445840,0,0,6872,155.976,1980
267518076607654,0,0,6872,155.976,1980
267518126728226,0,0,6872,155.987,1980
267518177377819,0,0,6872,155.987,1980
267518227616911,0,0,6872,155.997,1980
267518618390560,0,0,6872,155.993,1980
267518668758839,0,0,7036,155.993,1980
267519044494915,0,0,7036,156.022,1980
267519094674575,0,0,7482,156.022,1980
267519144862426,0,0,7520,156.025,1980
267519195041657,0,0,7520,156.025,1980
267519245192983,1,0,7520,156.045,1980
267519296915996,1,0,7520,156.045,1980
267519347041772,1,0,7520,156.054,1980
267519398151850,1,0,7520,156.054,1980
267519448265651,0,0,7520,156.08,1980
267519502725481,0,0,7520,156.08,1980
267519552878639,0,0,7520,156.096,1980
267519603049945,0,0,7520,156.096,1980
267519653254623,0,0,7520,156.109,1980
267519703372252,0,0,7520,156.109,1980
267519753953201,0,0,7520,156.088,1980
267519804074538,0,0,7520,156.088,1980
267519854183158,0,0,7520,156.107,1980
267519908141343,0,0,7520,156.116,1980
267519958258005,0,0,7520,156.116,1980
267520008379378,0,0,7520,156.119,1980
267520058498658,0,0,7520,156.119,1980
267520112552440,0,0,7520,156.13,1980
267520162778675,0,0,7520,156.13,1980
267520213348894,0,0,7520,156.104,1980
267520263554301,0,0,7520,156.104,1980
267520313699955,0,0,7520,156.099,1980
267520363949903,0,0,7520,156.099,1980
267520414215149,0,0,9012,156.098,1980
267520464345028,0,0,10136,156.098,1980
267520515062529,0,0,10136,156.103,1980
267520565312084,0,0,10582,156.103,1980
267520615999589,0,0,10582,156.096,1980
267520666128806,0,0,10582,156.096,1980
267520716263989,0,0,10582,156.083,1980
267520766384298,0,0,10582,156.083,1980
267520816564660,0,0,10582,156.084,1980
267520866712648,0,0,10582,156.084,1980
267520916828571,0,0,10582,156.188,1980
267520966950574,0,0,10582,156.188,1980
267521017070420,12,0,10582,156.301,1980
267521067184445,12,0,10582,156.301,1980
267521117292459,12,0,10582,156.396,1980
267521167421506,12,0,10582,156.396,1980
267521217551482,13,0,10582,156.503,1980
267521267674630,13,0,10582,156.503,1980
267521369983395,13,0,10582,156.59,1980
267521712496340,0,0,10582,156.525,1980
267522037709103,0,0,10116,156.296,1980
267522368673207,0,0,10156,156.008,1980
267522418801939,0,0,10156,156.005,1980
267522468916156,0,0,10156,156.005,1980
267522519024988,0,0,10156,156.016,1980
267522569131640,0,0,10156,156.016,1980
267522619284288,0,0,10156,156.056,1980
267522669440647,0,0,10156,156.056,1980
267522719584811,0,0,10156,156.06,1980
267522769713313,0,0,10156,156.06,1980
267522819821253,0,0,10156,156.057,1980
267522869929972,0,0,10156,156.057,1980
267522920042927,0,0,10156,156.06,1980
267522970152220,0,0,10156,156.06,1980
267523020264883,0,0,10156,156.081,1980
267523070371613,0,0,10156,156.081,1980
267523120481312,0,0,10156,156.053,1980
267523170592387,0,0,10156,156.053,1980
267523220710660,0,0,10156,156.04,1980
267523270830809,0,0,10156,156.04,1980
267523320942658,0,0,10156,156.05,1980
267523371051870,0,0,10156,156.05,1980
267523421162100,0,0,10156,156.015,1980
267523471271626,0,0,10156,156.015,1980
267523521379887,0,0,10156,156.02,1980
267523571486857,0,0,10156,156.02,1980
267523621602186,0,0,10156,156.023,1980
267523671727724,0,0,10156,156.023,1980
267523721856317,0,0,10156,156.022,1980
267523771965603,0,0,10156,156.022,1980
267523822074510,0,0,10156,156.041,1980
267523872187233,0,0,10156,156.041,1980
267523922302011,0,0,10156,156.035,1980
267523972417012,0,0,10156,156.035,1980
267524022525146,0,0,10156,156.036,1980
267524072660468,0,0,10156,156.036,1980
267524122804863,0,0,10156,156.027,1980
267524172915566,0,0,10156,156.027,1980
267524223028821,0,0,10156,156.026,1980
267524273137235,0,0,10156,156.026,1980
267524323249321,0,0,10156,156.013,1980
267524373361328,0,0,10156,156.013,1980
267524423487292,0,0,10156,156.024,1980
267524473597319,0,0,10156,156.024,1980
267524523706864,0,0,10156,156.026,1980
267524573814864,0,0,10156,156.026,1980
267524623919377,0,0,10156,156.006,1980
267524674034285,0,0,10156,156.006,1980
267524724156606,0,0,10156,156.005,1980
267524774332351,0,0,10156,156.005,1980
267524839952489,0,0,10156,155.968,1980
267524891523534,0,0,10156,155.968,1980
267524952158837,0,0,10156,155.961,1980
267525003371247,0,0,10156,155.961,1980
267525053561448,0,0,10282,155.922,1980
267525103780582,0,0,10282,155.922,1980
267525153952159,0,0,10574,155.932,1980
267525204063556,0,0,10574,155.932,1980
267525992177621,0,0,10574,167.702,1980
267526338714223,0,0,10254,157.447,1980
267526690280495,0,0,10282,157.392,1980
267526740547099,0,0,10342,157.383,1980
267526790788115,0,0,10344,157.383,1980
267526840943092,5,1,10348,159.058,1980
267526891086440,5,1,10352,159.058,1980
267526941217510,5,1,10374,160.24,1980
267526991336469,5,1,10376,160.24,1980
267527041516181,10,3,10380,162.04,1980
267527091651279,10,3,10378,162.04,1980
267527141811403,10,3,10382,163.143,1980
267527191958840,10,3,10372,163.143,1980
267527242101006,8,2,10380,164.291,1980
267527292267186,8,2,10382,164.291,1980
267527342504435,8,2,10406,165.459,1980
267527392634172,8,2,10392,165.459,1980
267527442763930,9,3,10414,166.786,1980
267527492977780,9,3,10398,166.786,1980
267527543127243,9,3,10416,168.151,1980
267527938229923,0,0,10406,166.996,1980
267528312292461,0,0,10320,161.7,1980
267528362525645,0,0,18718,161.7,1980
267528412653087,3,3,18718,161.158,1980
267528462967709,3,3,18718,161.158,1980
267528513086824,3,3,18718,159.76,1980
267528563296132,3,3,18718,159.76,1980
267528613496858,0,0,18718,158.139,1980
267528666114501,0,0,18718,158.139,1980
267528716232099,0,0,18718,158.108,1980
267528766349688,0,0,18718,158.108,1980
267528817151788,0,0,18718,158.07,1980
267528867264445,0,0,18718,158.07,1980
267528917375219,0,0,18718,158.038,1980
267528969391836,0,0,18718,158.038,1980
267529021718711,0,0,18718,158.019,1980
267529071836130,0,0,18718,158.019,1980
267529121966092,0,0,18718,157.996,1980
267529172105833,0,0,19038,157.996,1980
267529222277833,0,0,19038,164.696,1980
267529272482829,0,0,19038,164.696,1980
267529322612451,0,0,19040,167.288,1980
267529372894989,0,0,19040,167.288,1980
267529423016966,3,1,19042,167.252,1980
267529473134826,3,1,19042,167.252,1980
267529523327323,3,1,19042,167.86,1980
267529573479695,3,1,19042,167.86,1980
267529972042773,0,0,19042,170.465,1980
267530022218090,0,0,18874,171.454,1980
267530072432587,0,0,18870,171.454,1980
267530122572597,0,0,18848,173.247,1980
267530172774821,0,0,18866,173.247,1980
267530222959155,11,3,18864,168.041,1980
267530273111465,11,3,18850,168.041,1980
267530323231157,11,3,18848,167.449,1980
267530373359291,11,3,18860,167.449,1980
267530423514843,11,3,18848,167.987,1980
267530473650850,11,3,18868,167.987,1980
267530523805977,11,3,18848,168.343,1980
267530574033772,11,3,18868,168.343,1980
267530624309070,12,4,18868,166.995,1980
267530674580529,12,4,18848,166.995,1980
267530724742768,12,4,18848,167.508,1980
267530774884408,12,4,18870,167.508,1980
267530824999138,10,4,18852,169.62,1980
267530875150089,10,4,18874,169.62,1980
267530925287993,10,4,18858,171.263,1980
267531310649910,0,0,18858,167.305,1980
267531362492324,0,0,18858,167.305,1980
267531415292198,0,0,18858,165.861,1980
267531479783747,0,0,18858,165.861,1980
267531530132046,0,0,18858,164.984,1980
267531580281454,0,0,18858,164.984,1980
267531630457960,0,0,18858,164.346,1980
267531680630030,0,0,18858,164.346,1980
267531730747316,0,0,18858,163.718,1980
267531780862437,0,0,18858,163.718,1980
267531830985404,0,0,18858,162.035,1980
267531881049110,0,0,18858,162.035,1980
267531931209816,0,0,18858,160.076,1980
267531981345351,0,0,18858,160.076,1980
267532031492223,0,0,18858,159.093,1980
267532082569007,0,0,18858,159.093,1980
267532133265528,0,0,18858,159.08,1980
267532185227758,0,0,18858,159.08,1980
267532235371817,0,0,18858,159.083,1980
267532287128571,0,0,18858,159.083,1980
267532344156447,0,0,18858,159.061,1980
267532767896159,0,0,18858,159.055,1980
267532818035204,0,0,18858,159.044,1980
267532900689547,0,0,18858,159.044,1980
267532970618704,0,0,18858,159.031,1980
267533115741153,0,0,18858,159.021,1980
267533166735814,0,0,18858,159.021,1980
267533217459529,0,0,18858,159.329,1980
267533268122321,0,0,18858,159.329,1980
267533319107688,0,0,18858,159.837,1980
267533369264680,0,0,18858,159.837,1980
267533419387530,2,2,18898,160.321,1980
267533596244710,2,2,18898,163.875,1980
267533657821634,0,0,18898,163.901,1980
267533709219962,0,0,18898,178.797,1980
267533760692709,0,0,18898,178.797,1980
267533812384280,75,37,18898,198.494,1980
267533863317730,75,37,18898,198.494,1980
267533913485933,75,37,18898,221.231,1980
267533963677190,75,37,18898,221.231,1980
267534013829787,75,37,18898,243.789,1980
267534064634808,75,37,18898,243.789,1980
267534114819451,75,37,18898,264.752,1980
267534164987678,75,37,18898,264.752,1980
267534215698181,90,45,18898,287.055,1980
267534265816452,90,45,18898,287.055,1980
267534316010487,90,45,18898,306.634,1980
267534366195740,90,45,18898,306.634,1980
267534416313812,98,50,18898,327.347,1980
267534466430378,98,50,18898,327.347,1980
267534516546382,98,50,19026,321.803,1980
267534566665041,98,50,23906,321.803,1980
267534616789888,35,17,25098,345.602,1980
267534666914867,35,17,25098,345.602,1980
267534717029042,35,17,25098,375.425,1980
267534767137790,35,17,25098,375.425,1980
267534817264902,98,49,25098,400.682,1980
267534867376885,98,49,25098,400.682,1980
267534917615194,98,49,26350,401.077,1980
267534967750250,98,49,34384,401.077,1980
267535017866234,39,18,36828,395.438,1980
267535067985959,39,18,36828,395.438,1980
267535118112691,39,18,36828,403.814,1980
267535168251045,39,18,42762,403.814,1980
267535218367586,92,50,42762,423.393,1980
267535268482143,92,50,42762,423.393,1980
267535318602432,92,50,42762,442.205,1980
267535368721053,92,50,42762,442.205,1980
267535418839271,96,52,42762,462.094,1980
267535468962404,96,52,42762,462.094,1980
267535519086824,96,52,42762,507.141,1980
267535569200435,96,52,42762,507.141,1980
267535619317589,96,52,42762,525.225,1980
267535669430309,96,52,42762,525.225,1980
267535719541446,96,52,42762,526.008,1980
267535769653038,96,52,42762,526.008,1980
267535819764873,95,53,42762,521.379,1980
267535869878024,95,53,42762,521.379,1980
267535919988088,95,53,42762,534.646,1980
267535970099610,95,53,42762,534.646,1980
267536020233209,89,52,42762,548.126,1980
267536071244560,89,52,42762,548.126,1980
267536122107523,89,52,42762,535.769,1980
267536172758522,89,52,42762,535.769,1980
267536223930598,2,2,42762,493.393,1980
267536274058189,2,2,42762,493.393,1980
267536324196789,2,2,42762,456.222,1980
267536375561099,2,2,42762,456.222,1980
267536425728776,61,30,42762,435.029,1980
267536477088546,61,30,42762,435.029,1980
267536527676977,61,30,42762,417.686,1980
267536579176013,61,30,42762,417.686,1980
267536629332097,75,38,42762,396.662,1980
267536679514533,75,38,42762,396.662,1980
267536729813772,75,38,42762,381.813,1980
267536783629192,75,38,42762,381.813,1980
267536833768040,89,44,42762,357.466,1980
267536884223355,89,44,42762,357.466,1980
267536934621951,89,44,42762,342.019,1980
267536984768156,89,44,42762,342.019,1980
267537034992810,100,49,42762,330.263,1980
267537085140767,100,49,42762,330.263,1980
267537135259507,100,49,42764,343.887,1980
267537185397459,100,49,43956,343.887,1980
267537235530306,82,42,43956,385.421,1980
267537285658894,82,42,43956,385.421,1980
267537335777952,82,42,43956,435.616,1980
267537385892150,82,42,43956,435.616,1980
267537436011942,97,49,48746,457.536,1980
267537486131355,97,49,48746,457.536,1980
267537536426856,97,49,53460,479.126,1980
267537586548093,97,49,54652,479.126,1980
267537636661270,93,51,54652,498.854,1980
267537686786998,93,51,54652,498.854,1980
267537736901615,93,51,54652,518.577,1980
267537787019638,93,51,54652,518.577,1980
267537837130012,96,52,54652,537.759,1980
267537887242644,96,52,54652,537.759,1980
267537937366835,96,52,54652,556.38,1980
267537987478811,96,52,54652,556.38,1980
267538037592756,95,52,54652,574.264,1980
267538087706359,95,52,54652,574.264,1980
267538137832542,95,52,54652,592.656,1980
267538187949332,95,52,54652,592.656,1980
267538238062564,95,54,54652,587.744,1980
267538288174299,95,54,54652,587.744,1980
267538338282928,95,54,54652,583.252,1980
267538391014598,95,54,54652,583.252,1980
267538441948532,95,57,54652,568.511,1980
267538492711887,95,57,54652,568.511,1980
267538543543772,95,57,54652,524.732,1980
267538601014341,95,57,54652,524.732,1980
267538651238829,2,2,54652,491.086,1980
267538701394975,2,2,54652,491.086,1980
267538752374942,2,2,54652,457.302,1980
267538803110636,2,2,54652,457.302,1980
267538853453724,74,36,54652,436.4,1980
267538903996699,74,36,54652,436.4,1980
267538955247506,74,36,54652,422.19,1980
267539005807321,74,36,54652,422.19,1980
267539056906227,84,41,54652,404.768,1980
267539107206867,84,41,54652,404.768,1980
267539157343708,84,41,54652,381.852,1980
267539207530959,84,41,54652,381.852,1980
267539257768914,98,49,54652,361.091,1980
267539307958237,98,49,54652,361.091,1980
267539365541720,98,49,54652,339.937,1980
267539415669961,90,45,54654,332.851,1980
267539465805446,90,45,54654,332.851,1980
267539515919867,90,45,54654,381.84,1980
267539566058185,90,45,54654,381.84,1980
267539616170766,98,49,54654,423.0,1980
267539666283646,98,49,54654,423.0,1980
267539716424466,98,49,54654,448.206,1980
267539766541216,98,49,54654,448.206,1980
267539816655494,85,45,54654,467.569,1980
267539866768001,85,45,54654,467.569,1980
267539916890169,85,45,54654,486.907,1980
267539967024897,85,45,54654,486.907,1980
267540017151901,94,52,54654,507.567,1980
267540067304120,94,52,54654,507.567,1980
267540117417820,94,52,54654,527.216,1980
267540167553031,94,52,54654,527.216,1980
267540217665455,96,51,54654,545.767,1980
267540267822874,96,51,54654,545.767,1980
267540317959792,96,51,54654,567.643,1980
267540368096722,96,51,54654,567.643,1980
267540418237364,95,54,54654,588.226,1980
267540468360437,95,54,54654,588.226,1980
267540518473522,95,54,54654,581.889,1980
267540568586319,95,54,54654,581.889,1980
267540618696810,94,52,54654,574.31,1980
267540669756461,94,52,54654,574.31,1980
267540720583928,94,52,54654,539.699,1980
267540771244399,94,52,54654,539.699,1980
267540822319507,2,2,54654,500.694,1980
267540872558256,2,2,54654,500.694,1980
267540922740754,2,2,54654,472.764,1980
267540974346023,2,2,54654,472.764,1980
267541024508147,74,36,54654,452.207,1980
267541076138965,74,36,54654,452.207,1980
267541126415697,74,36,54654,427.071,1980
267541176547815,74,36,54654,427.071,1980
267541227147713,73,37,54654,407.335,1980
267541277907481,73,37,54654,407.335,1980
267541328029621,73,37,54654,388.764,1980
267541378273311,73,37,54654,388.764,1980
267541428813257,81,40,54654,369.709,1980
267541478978974,81,40,54654,369.709,1980
267541529728646,81,40,54654,356.689,1980
267541580493901,81,40,54654,356.689,1980
267541631396717,97,48,54654,336.13,1980
267541682632760,97,48,54654,336.13,1980
267541732749274,97,48,54654,344.122,1980
267541782867999,97,48,54654,344.122,1980
267541832984117,63,33,54654,391.858,1980
267541883109238,63,33,54654,391.858,1980
267541933217277,63,33,54654,428.932,1980
267541983351486,63,33,54654,428.932,1980
267542033467767,99,51,54654,456.266,1980
267542083585635,99,51,54654,456.266,1980
267542133709495,99,51,54654,475.246,1980
267542183829733,99,51,54654,475.246,1980
267542233955149,96,52,57034,494.113,1980
267542284073012,96,52,57034,494.113,1980
267542334188731,96,52,57034,515.893,1980
267542384304192,96,52,57034,515.893,1980
267542434412577,94,54,57034,533.336,1980
267542484523356,94,54,57034,533.336,1980
267542534634772,94,54,57034,556.198,1980
267542584744542,94,54,57034,556.198,1980
267542634850727,96,53,57034,574.967,1980
267542684964401,96,53,57034,574.967,1980
267542735096424,96,53,57034,601.384,1980
267542785207096,96,53,57034,601.384,1980
267542835321655,95,54,57034,594.019,1980
267542885433188,95,54,57034,594.019,1980
267542935551319,95,54,57034,592.896,1980
267542985665650,95,54,57034,592.896,1980
267543035775713,96,53,57034,590.753,1980
267543085884712,96,53,57034,590.753,1980
267543136973076,96,53,57034,581.426,1980
267543188084555,96,53,57034,581.426,1980
267543238812114,25,25,57034,541.455,1980
267543290248365,25,25,57034,541.455,1980
267543341789982,25,25,57034,497.578,1980
267543392577732,25,25,57034,497.578,1980
267543444361004,37,18,57034,477.205,1980
267543496013880,37,18,57034,477.205,1980
267543547326223,37,18,57034,456.907,1980
267543597466129,37,18,57034,456.907,1980
267543648820344,75,37,57034,432.701,1980
267543699114869,75,37,57034,432.701,1980
267543749282366,75,37,57034,417.442,1980
267543800280285,75,37,57034,417.442,1980
267543851391198,83,41,57034,396.498,1980
267543901510214,83,41,57034,396.498,1980
267543952284315,83,41,57034,379.299,1980
267544002452541,83,41,57034,379.299,1980
267544052565604,99,48,57034,355.419,1980
267544109473166,99,48,57034,355.419,1980
267544159628065,99,48,57036,342.678,1980
267544209776415,99,48,57036,342.678,1980
267544259912973,64,32,57036,375.248,1980
267544310047379,64,32,57036,375.248,1980
267544360162442,64,32,57036,421.335,1980
267544410272841,64,32,57036,421.335,1980
267544460384641,98,50,57036,453.92,1980
267544510513065,98,50,57036,453.92,1980
267544560642570,98,50,57036,472.571,1980
267544610767843,98,50,57036,472.571,1980
267544660886578,91,49,57036,495.605,1980
267544711005193,91,49,57036,495.605,1980
267544761121455,91,49,57036,514.848,1980
267544811252034,91,49,57036,514.848,1980
267544861372099,95,53,57036,531.824,1980
267544911487163,95,53,57036,531.824,1980
267544961599297,95,53,57036,554.957,1980
267545011717635,95,53,57036,554.957,1980
267545061854880,96,51,57036,571.471,1980
267545111968039,96,51,57036,571.471,1980
267545162079047,96,51,57036,590.739,1980
267545212192305,96,51,57036,590.739,1980
267545262306165,98,54,57036,602.637,1980
267545312428363,98,54,57036,602.637,1980
267545362544948,98,54,57036,596.896,1980
267545412657132,98,54,57036,596.896,1980
267545462851346,94,53,57036,594.646,1980
267545513836111,94,53,57036,594.646,1980
267545564960636,94,53,57036,573.657,1980
267545616030963,2,2,57036,530.54,1980
267545666899701,2,2,57036,530.54,1980
267545718606520,2,2,57036,495.207,1980
267545768740275,2,2,57036,495.207,1980
267545819386318,54,25,57036,471.781,1980
267545869540680,54,25,57036,471.781,1980
267545919747668,54,25,57036,451.851,1980
267545970563127,54,25,57036,451.851,1980
267546020727334,75,38,57036,426.077,1980
267546071772398,75,38,57036,426.077,1980
267546121932768,75,38,57036,408.117,1980
267546172488009,75,38,57036,408.117,1980
267546222880319,81,39,57036,385.627,1980
267546273054531,81,39,57036,385.627,1980
267546323175976,81,39,57036,364.724,1980
267546373359972,81,39,57036,364.724,1980
267546423981086,100,50,57036,340.886,1980
267546477245504,100,50,57036,340.886,1980
267546527370241,100,50,57036,339.618,1980
267546577506867,100,50,57036,339.618,1980
267546627634656,75,39,57036,383.96,1980
267546677789430,75,39,57036,383.96,1980
267546727911117,75,39,57036,428.58,1980
267546778032658,75,39,57036,428.58,1980
267546828147026,98,51,57036,454.615,1980
267546878265314,98,51,57036,454.615,1980
267546929379988,98,51,57036,476.567,1980
267546979505530,98,51,57036,476.567,1980
267547029622762,94,51,57036,497.9,1980
267547079742817,94,51,57036,497.9,1980
267547129863863,94,51,57036,517.948,1980
267547179997692,94,51,57036,517.948,1980
267547230114309,98,56,57036,535.591,1980
267547280226462,98,56,57036,535.591,1980
267547330337685,98,56,57036,556.859,1980
267547380452357,98,56,57036,556.859,1980
267547430567353,95,54,57036,581.371,1980
267547480684145,95,54,57036,581.371,1980
267547530790839,95,54,57036,606.897,1980
267547580900335,95,54,57036,606.897,1980
267547631014428,96,55,57036,601.284,1980
267547681146349,96,55,57036,601.284,1980
267547731260167,96,55,57036,598.171,1980
267547781368605,96,55,57036,598.171,1980
267547831507609,95,54,57036,593.812,1980
267547882575609,95,54,57036,593.812,1980
267547933533945,95,54,57036,560.087,1980
267547984630701,95,54,57036,560.087,1980
267548035288105,2,2,57036,518.676,1980
267548086930450,2,2,57036,518.676,1980
267548137071712,2,2,57036,486.425,1980
267548187832729,2,2,57036,486.425,1980
267548239232168,73,36,57036,467.198,1980
267548291099249,73,36,57036,467.198,1980
267548342497231,73,36,57036,444.127,1980
267548393068369,73,36,57036,444.127,1980
267548443482720,80,39,57036,424.214,1980
267548494669646,80,39,57036,424.214,1980
267548544905426,80,39,57036,404.964,1980
267548595082821,80,39,57036,404.964,1980
267548645269591,100,50,57036,385.053,1980
267548695453177,100,50,57036,385.053,1980
267548745732491,100,50,57036,361.805,1980
267548798974117,100,50,57036,361.805,1980
267548849095980,100,50,57036,332.686,1980
267548899227180,100,50,57036,332.686,1980
267548949343215,100,50,57036,363.852,1980
267548999454350,100,50,57036,363.852,1980
267549049570424,98,54,57036,418.505,1980
267549099695607,98,54,57036,418.505,1980
267549149821676,98,54,57036,453.537,1980
267549199935801,98,54,57036,453.537,1980
267549250051644,80,45,57036,471.571,1980
267549300168809,80,45,57036,471.571,1980
267549350282734,80,45,57036,491.556,1980
267549400406973,80,45,57036,491.556,1980
267549450516780,96,53,57036,515.778,1980
267549500626393,96,53,57036,515.778,1980
267549550736075,96,53,57036,533.937,1980
267549600845226,96,53,57036,533.937,1980
267549650951134,98,56,57036,554.245,1980
267549701048912,98,56,57036,554.245,1980
267549751164731,98,56,57036,576.756,1980
267549801273005,98,56,57036,576.756,1980
267549851378875,95,55,57036,598.156,1980
267549901504327,95,55,57036,598.156,1980
267549951648305,95,55,57036,603.626,1980
267550001762213,95,55,57036,603.626,1980
267550051876197,95,53,57036,593.115,1980
267550102930679,95,53,57036,593.115,1980
267550153712653,95,53,57036,568.206,1980
267550204800194,95,53,57036,568.206,1980
267550255679869,7,7,57036,532.399,1980
267550308879626,7,7,57036,532.399,1980
267550359056220,7,7,57036,493.162,1980
267550409187167,7,7,57036,493.162,1980
267550460514028,50,24,57036,468.012,1980
267550510667898,50,24,57036,468.012,1980
267550560858432,50,24,57036,448.672,1980
267550610971728,50,24,57036,448.672,1980
267550661151067,76,38,57036,423.434,1980
267550712741969,76,38,57036,423.434,1980
267550762873280,76,38,57036,408.428,1980
267550814999142,76,38,57036,408.428,1980
267550865724415,91,45,57036,384.801,1980
267550916115753,91,45,57036,384.801,1980
267550966269241,91,45,57036,366.687,1980
267551016660388,91,45,57036,366.687,1980
267551067207932,100,50,57036,351.159,1980
267551117334306,100,50,57036,351.159,1980
267551167466009,100,50,57036,349.442,1980
267551217584032,100,50,57036,349.442,1980
267551267711743,84,43,57036,403.008,1980
267551317829098,84,43,57036,446.966,1980
267551368630807,84,43,57036,446.966,1980
267551418751388,98,49,57036,467.74,1980
267551468867660,98,49,57036,467.74,1980
267551518979360,98,49,57036,488.311,1980
267551569096267,98,49,57036,488.311,1980
267551619208404,95,52,57036,503.583,1980
267551669333811,95,52,57036,503.583,1980
267551719447298,95,52,57036,523.869,1980
267551769572621,95,52,57036,523.869,1980
267551819683445,96,51,57036,542.109,1980
267551869794579,96,51,57036,542.109,1980
267551919906918,96,51,57036,561.272,1980
267551970033558,96,51,57036,561.272,1980
267552020148802,98,54,57036,577.7,1980
267552070258752,98,54,57036,577.7,1980
267552120376553,98,54,57036,598.453,1980
267552170495523,98,54,57036,598.453,1980
267552220612084,95,53,57036,593.022,1980
267552270730927,95,53,57036,593.022,1980
267552320841838,95,53,57036,587.355,1980
267552372864682,95,53,57036,587.355,1980
267552423965506,96,63,57036,568.545,1980
267552474818103,96,63,57036,568.545,1980
267552525882290,96,63,57036,527.61,1980
267552587237169,96,63,57036,527.61,1980
267552639036913,2,2,57036,493.331,1980
267552689237110,2,2,57036,493.331,1980
267552739382272,2,2,57036,469.476,1980
267552790229653,2,2,57036,469.476,1980
267552841546449,73,36,57036,449.178,1980
267552892325890,73,36,57036,449.178,1980
267552942542781,73,36,57036,428.511,1980
267552993275367,73,36,57036,428.511,1980
267553043642749,80,39,57036,408.825,1980
267553093773569,80,39,57036,408.825,1980
267553143896245,80,39,57036,389.652,1980
267553194761653,80,39,57036,389.652,1980
267553245419566,99,49,57036,374.919,1980
267553295566626,99,49,57036,374.919,1980
267553345771195,99,49,57036,352.388,1980
267553395905073,99,49,57036,352.388,1980
267553446028468,94,47,57036,339.584,1980
267553496139118,94,47,57036,339.584,1980
267553546253185,94,47,57036,389.824,1980
267553596370401,94,47,57036,389.824,1980
267553646484076,99,51,57036,430.919,1980
267553700387641,99,51,57036,430.919,1980
267553750500112,99,51,57036,453.926,1980
267553800628134,99,51,57036,453.926,1980
267553850767478,90,48,57036,477.62,1980
267553900889060,90,48,57036,477.62,1980
267553951006457,90,48,57036,497.821,1980
267554001116567,90,48,57036,497.821,1980
267554051226806,94,55,57036,516.096,1980
267554101344027,94,55,57036,516.096,1980
267554151473839,94,55,57036,533.3,1980
267554201584589,94,55,57036,533.3,1980
267554251694418,94,54,57036,553.687,1980
267554301804572,94,54,57036,553.687,1980
267554351915834,94,54,57036,571.014,1980
267554402030326,94,54,57036,571.014,1980
267554452140145,96,53,57036,599.439,1980
267554502261743,96,53,57036,599.439,1980
267554552379934,96,53,57036,595.593,1980
267554602491850,96,53,57036,595.593,1980
267554652599268,96,54,57036,594.045,1980
267554702706070,96,54,57036,594.045,1980
267554752814433,96,54,57036,596.011,1980
267554803790466,96,54,57036,596.011,1980
267554855547667,95,64,57036,576.752,1980
267554907126831,95,64,57036,576.752,1980
267554958276333,95,64,57036,535.436,1980
267555009426024,95,64,57036,535.436,1980
267555059583314,2,2,57036,495.791,1980
267555109781243,2,2,57036,495.791,1980
267555159957684,2,2,57036,474.347,1980
267555211164184,2,2,57036,474.347,1980
267555261598042,73,36,57036,455.452,1980
267555311715301,73,36,57036,455.452,1980
267555362850508,73,36,57036,432.358,1980
267555413826379,73,36,57036,432.358,1980
267555464804213,79,39,57036,410.854,1980
267555514968587,79,39,57036,410.854,1980
267555565731085,79,39,57036,389.28,1980
267555616433930,79,39,57036,389.28,1980
267555666809875,95,46,57036,371.377,1980
267555716970898,95,46,57036,371.377,1980
267555767125158,95,46,57036,352.238,1980
267555817387483,95,46,57036,352.238,1980
267555867509456,100,50,57036,344.416,1980
267555917650619,100,50,57036,344.416,1980
267555967772474,100,50,57036,389.61,1980
267556017879069,100,50,57036,389.61,1980
267556068012245,98,51,57036,436.5,1980
267556118144153,98,51,57036,436.5,1980
267556168258935,98,51,57036,462.372,1980
267556218371470,98,51,57036,462.372,1980
267556268489315,89,48,57036,484.965,1980
267556318600916,89,48,57036,484.965,1980
267556368711122,89,48,57036,504.474,1980
267556418816502,89,48,57036,504.474,1980
267556468923956,95,55,57036,528.945,1980
267556519037528,95,55,57036,528.945,1980
267556569157418,95,55,57036,546.36,1980
267556619298288,95,55,57036,546.36,1980
267556669434873,95,54,57036,569.87,1980
267556719564519,95,54,57036,569.87,1980
267556769689029,95,54,57036,589.178,1980
267556819809275,95,54,57036,589.178,1980
267556869922346,96,53,57036,611.36,1980
267556920049135,96,53,57036,611.36,1980
267556970159752,96,53,57036,606.426,1980
267557020273478,96,53,57036,606.426,1980
267557070383180,95,54,57036,599.484,1980
267557120491729,95,54,57036,599.484,1980
267557170601820,95,54,57036,598.442,1980
267557221671791,80,56,57036,573.169,1980
267557272812031,80,56,57036,573.169,1980
267557323541471,80,56,57036,531.56,1980
267557373712759,80,56,57036,531.56,1980
267557423911607,8,4,57036,498.963,1980
267557475332762,8,4,57036,498.963,1980
267557526127033,8,4,57036,474.441,1980
267557577675549,8,4,57036,474.441,1980
267557629278598,73,36,57036,453.797,1980
267557679978778,73,36,57036,453.797,1980
267557730116105,73,36,57036,433.704,1980
267557781102224,73,36,57036,433.704,1980
267557831240158,82,40,57036,410.377,1980
267557881409364,82,40,57036,410.377,1980
267557931582807,82,40,57036,389.812,1980
267557981714339,82,40,57036,389.812,1980
267558032168139,98,48,57036,367.698,1980
267558083211276,98,48,57036,367.698,1980
267558133396465,98,48,57036,342.868,1980
267558183593434,98,48,57036,342.868,1980
267558233715805,74,37,57036,347.967,1980
267558283829018,74,37,57036,347.967,1980
267558333937975,74,37,57036,398.251,1980
267558384061366,74,37,57036,398.251,1980
267558434177203,99,54,57036,442.87,1980
267558484291255,99,54,57036,442.87,1980
267558534404827,99,54,57036,468.515,1980
267558584547624,99,54,57036,468.515,1980
267558634671383,86,48,57036,494.457,1980
267558684804446,86,48,57036,494.457,1980
267558734935102,86,48,57036,513.535,1980
267558785050474,86,48,57036,513.535,1980
267558835168048,94,57,57036,533.088,1980
267558885281711,94,57,57036,533.088,1980
267558935395360,94,57,57036,552.185,1980
267558985510693,94,57,57036,552.185,1980
267559035630809,94,56,57036,575.168,1980
267559085741914,94,56,57036,575.168,1980
267559135850571,94,56,57036,600.865,1980
267559185963471,94,56,57036,600.865,1980
267559236049942,95,57,57036,619.852,1980
267559286161451,95,57,57036,619.852,1980
267559336275542,95,57,57036,610.99,1980
267559386394212,95,57,57036,610.99,1980
267559436515717,95,56,57036,606.527,1980
267559486627334,95,56,57036,606.527,1980
267559536733221,95,56,57036,600.059,1980
267559586949092,95,56,57036,600.059,1980
267559637587067,95,59,57036,586.518,1980
267559688756608,95,59,57036,586.518,1980
267559739543891,95,59,57036,545.821,1980
267559790425023,95,59,57036,545.821,1980
267559840606855,2,2,57036,504.7,1980
267559890864016,2,2,57036,504.7,1980
267559941007150,2,2,57036,476.191,1980
267559991871669,2,2,57036,476.191,1980
267560043198704,73,36,57036,452.089,1980
267560093382469,73,36,57036,452.089,1980
267560143532890,73,36,57036,435.395,1980
267560193827923,73,36,57036,435.395,1980
267560244064398,82,41,57036,411.023,1980
267560294733061,82,41,57036,411.023,1980
267560344909960,82,41,57036,390.849,1980
267560395086721,82,41,57036,390.849,1980
267560445221906,94,46,57036,369.445,1980
267560495426956,94,46,57036,369.445,1980
267560545628632,94,46,57036,351.969,1980
267560596431057,94,46,57036,351.969,1980
267560646569260,100,50,57036,340.787,1980
267560696690663,100,50,57036,340.787,1980
267560746840057,100,50,57036,388.495,1980
267560796969419,100,50,57036,388.495,1980
267560847084409,98,49,57036,434.282,1980
267560897472550,98,49,57036,434.282,1980
267560947584938,98,49,57036,460.428,1980
267560997699278,98,49,57036,460.428,1980
267561047812739,90,47,57036,482.916,1980
267561097927019,90,47,57036,482.916,1980
267561148045773,90,47,57036,505.196,1980
267561198159283,90,47,57036,505.196,1980
267561248344537,96,52,57036,525.875,1980
267561298518704,96,52,57036,525.875,1980
267561348689234,96,52,57036,543.341,1980
267561398820608,96,52,57036,543.341,1980
267561448936828,98,54,57036,560.489,1980
267561499049679,98,54,57036,560.489,1980
267561549160228,98,54,57036,577.568,1980
267561599276727,98,54,57036,577.568,1980
267561649442724,94,53,57036,605.86,1980
267561699556477,94,53,57036,605.86,1980
267561749665763,94,53,57036,599.258,1980
267561799775471,94,53,57036,599.258,1980
267561849883242,94,54,57036,596.439,1980
267561899996318,94,54,57036,596.439,1980
267561950736691,94,54,57036,588.222,1980
267562001586953,94,54,57036,588.222,1980
267562052579290,34,31,57036,546.712,1980
267562103433033,34,31,57036,546.712,1980
267562154180732,34,31,57036,506.083,1980
267562204344220,34,31,57036,506.083,1980
267562255712440,28,14,57036,477.01,1980
267562307174956,28,14,57036,477.01,1980
267562357302729,28,14,57036,457.888,1980
267562407473827,28,14,57036,457.888,1980
267562457675612,77,38,57036,439.158,1980
267562507908823,77,38,57036,439.158,1980
267562558298019,77,38,57036,417.363,1980
267562608441693,77,38,57036,417.363,1980
267562658955973,96,48,57036,397.94,1980
267562709653932,96,48,57036,397.94,1980
267562760142059,96,48,57036,378.52,1980
267562810367069,96,48,57036,378.52,1980
267562861201134,100,50,57036,351.411,1980
267562911316665,100,50,57036,351.411,1980
267562961444245,100,50,57036,342.828,1980
267563011576511,100,50,57036,342.828,1980
267563061693812,97,48,57036,386.261,1980
267563111803272,97,48,57036,386.261,1980
267563161932330,97,48,57036,436.484,1980
267563212048327,97,48,57036,436.484,1980
267563262188604,91,44,57036,457.811,1980
267563312315428,91,44,57036,457.811,1980
267563362426972,91,44,57036,481.512,1980
267563412560809,91,44,57036,481.512,1980
267563462673838,98,54,57036,501.06,1980
267563512794113,98,54,57036,501.06,1980
267563562908903,98,54,57036,520.189,1980
267563613025970,98,54,57036,520.189,1980
267563663141385,94,52,57036,542.032,1980
267563713254272,94,52,57036,542.032,1980
267563763366056,94,52,57036,566.727,1980
267563813475281,94,52,57036,566.727,1980
267563863588721,96,51,57036,583.305,1980
267563913709293,96,51,57036,583.305,1980
267563963944209,96,51,57036,595.45,1980
267564014060662,96,51,57036,595.45,1980
267564064171842,95,54,57036,588.325,1980
267564115758615,95,54,57036,588.325,1980
267564166767034,95,54,57036,580.846,1980
267564217585443,95,54,57036,580.846,1980
267564268521657,40,34,57036,544.88,1980
267564327928161,40,34,57036,502.135,1980
267564378269991,40,34,57036,502.135,1980
267564428621033,18,9,57036,474.056,1980
267564480009122,18,9,57036,474.056,1980
267564531942441,18,9,57036,451.155,1980
267564582156252,18,9,57036,451.155,1980
267564632299507,76,38,57036,429.464,1980
267564682570064,76,38,57036,429.464,1980
267564733636561,76,38,57036,413.108,1980
267564784435541,76,38,57036,413.108,1980
267564834566201,89,44,57036,394.74,1980
267564884744946,89,44,57036,394.74,1980
267564934924850,89,44,57036,380.799,1980
267564985070293,89,44,57036,380.799,1980
267565035273974,100,50,57036,354.776,1980
267565090232155,100,50,57036,354.776,1980
267565140353212,100,50,57036,337.233,1980
267565190474638,100,50,57036,337.233,1980
267565240588219,73,36,57036,381.141,1980
267565290698113,73,36,57036,381.141,1980
267565340809833,73,36,57036,422.851,1980
267565391753562,73,36,57036,422.851,1980
267565441905945,98,49,57036,457.182,1980
267565492034162,98,49,57036,457.182,1980
267565542148324,98,49,57036,479.421,1980
267565592269670,98,49,57036,479.421,1980
267565642421307,95,51,57036,503.768,1980
267565692555115,95,51,57036,503.768,1980
267565742673393,95,51,57036,522.347,1980
267565792787567,95,51,57036,522.347,1980
267565842903112,95,54,57036,541.808,1980
267565893022630,95,54,57036,541.808,1980
267565943142812,95,54,57036,563.749,1980
267565993252552,95,54,57036,563.749,1980
267566043359831,94,53,57036,579.361,1980
267566093465636,94,53,57036,579.361,1980
267566143582142,94,53,57036,604.097,1980
267566193691294,94,53,57036,604.097,1980
267566244320206,95,53,57036,600.175,1980
267566294430074,95,53,57036,600.175,1980
267566344538631,95,53,57036,593.719,1980
267566394646551,95,53,57036,593.719,1980
267566445711646,97,55,57036,578.434,1980
267566496579053,97,55,57036,578.434,1980
267566547292239,97,55,57036,536.456,1980
267566598215839,97,55,57036,536.456,1980
267566648337476,2,2,57036,492.899,1980
267566699935021,2,2,57036,492.899,1980
267566750264503,2,2,57036,469.379,1980
267566801189442,2,2,57036,469.379,1980
267566851403124,73,36,57036,447.654,1980
267566902463311,73,36,57036,447.654,1980
267566952664506,73,36,57036,431.953,1980
267567003492597,73,36,57036,431.953,1980
267567053633838,83,41,57036,410.55,1980
267567103790129,83,41,57036,410.55,1980
267567153926169,83,41,57036,394.542,1980
267567204140045,83,41,57036,394.542,1980
267567254333197,100,49,57036,371.803,1980
267567304487343,100,49,57036,371.803,1980
267567354604742,100,49,57036,351.773,1980
267567404728012,100,49,57036,351.773,1980
267567454852546,91,46,57036,344.602,1980
267567504983116,91,46,57036,344.602,1980
267567555101115,91,46,57036,393.935,1980
267567605220618,91,46,57036,393.935,1980
267567655352522,98,48,57036,436.362,1980
267567705499896,98,48,57036,436.362,1980
267567755621128,98,48,57036,461.961,1980
267567805737148,98,48,57036,461.961,1980
267567855849998,93,48,57036,482.939,1980
267567905974585,93,48,57036,482.939,1980
267567956158613,93,48,57036,503.643,1980
267568006331455,93,48,57036,503.643,1980
267568056464487,94,52,57036,526.194,1980
267568106588694,94,52,57036,526.194,1980
267568156722537,94,52,57036,545.93,1980
267568206811270,94,52,57036,545.93,1980
267568256957324,96,52,57036,563.881,1980
267568307084510,96,52,57036,563.881,1980
267568357204191,96,52,57036,586.77,1980
267568407320200,96,52,57036,586.77,1980
267568457437881,98,53,57036,615.412,1980
267568507553901,98,53,57036,615.412,1980
267568557661169,98,53,57036,608.416,1980
267568607771215,98,53,57036,608.416,1980
267568659234111,94,52,57036,602.494,1980
267568710021514,94,52,57036,602.494,1980
267568760754761,94,52,57036,575.398,1980
267568811812385,94,52,57036,575.398,1980
267568866424445,2,2,57036,536.597,1980
267568916763472,2,2,57036,536.597,1980
267568966917843,2,2,57036,498.737,1980
267569017767203,2,2,57036,498.737,1980
267569069854554,69,33,57036,479.119,1980
267569120718234,69,33,57036,479.119,1980
267569171234316,69,33,57036,458.399,1980
267569221426820,69,33,57036,458.399,1980
267569271576852,76,38,57036,434.044,1980
267569321828468,76,38,57036,434.044,1980
267569371997733,76,38,57036,421.604,1980
267569422138722,76,38,57036,421.604,1980
267569472304423,90,44,57036,388.38,1980
267569522477810,90,44,57036,388.38,1980
267569572608050,90,44,57036,369.984,1980
267569622770300,90,44,57036,369.984,1980
267569672885526,100,50,57036,350.952,1980
267569722998708,100,50,57036,350.952,1980
267569773151919,100,50,57036,361.459,1980
267569823260275,100,50,57036,361.459,1980
267569873388919,92,45,57036,411.382,1980
267569923520553,92,45,57036,411.382,1980
267569974672011,92,45,57036,447.29,1980
267570024779496,92,45,57036,447.29,1980
267570074885036,99,48,57036,471.338,1980
267570124994948,99,48,57036,471.338,1980
267570175111298,99,48,57036,495.631,1980
267570225224496,99,48,57036,495.631,1980
267570275337057,94,51,57036,517.129,1980
267570325445683,94,51,57036,517.129,1980
267570375565016,94,51,57036,533.945,1980
267570425681351,94,51,57036,533.945,1980
267570476797819,95,53,57036,553.99,1980
267570526911721,95,53,57036,553.99,1980
267570577025922,95,53,57036,572.191,1980
267570627136945,95,53,57036,572.191,1980
267570677246676,95,52,57036,590.352,1980
267570727355085,95,52,57036,590.352,1980
267570777460829,95,52,57036,613.136,1980
267570827571526,95,52,57036,613.136,1980
267570877695666,96,51,57036,606.853,1980
267570927809858,96,51,57036,604.046,1980
267570977918609,96,51,57036,604.046,1980
267571028031950,98,54,57036,596.816,1980
267571078969672,98,54,57036,596.816,1980
267571130043311,98,54,57036,554.956,1980
267571180931103,98,54,57036,554.956,1980
267571231134873,2,2,57036,509.872,1980
267571281273242,2,2,57036,509.872,1980
267571331445736,2,2,57036,484.175,1980
267571382412439,2,2,57036,484.175,1980
267571433905162,74,36,57036,464.35,1980
267571484080843,74,36,57036,464.35,1980
267571534313493,74,36,57036,443.138,1980
267571584478380,74,36,57036,443.138,1980
267571634614836,85,42,57036,419.368,1980
267571685205313,85,42,57036,419.368,1980
267571736034062,85,42,57036,403.673,1980
267571786686936,85,42,57036,403.673,1980
267571837621558,99,49,57036,379.812,1980
267571887804250,99,49,57036,379.812,1980
267571937919061,99,49,57036,357.964,1980
267571988376145,99,49,57036,357.964,1980
267572038489952,100,50,57036,344.08,1980
267572088599440,100,50,57036,344.08,1980
267572138768708,100,50,57036,384.72,1980
267572188897132,100,50,57036,384.72,1980
267572239010253,98,50,57036,436.335,1980
267572289408382,98,50,57036,436.335,1980
267572339517642,98,50,57036,462.756,1980
267572389627585,98,50,57036,462.756,1980
267572439740826,90,47,57036,488.82,1980
267572489848954,90,47,57036,488.82,1980
267572539974490,90,47,57036,511.004,1980
267572590093072,90,47,57036,511.004,1980
267572640203765,96,52,57036,529.858,1980
267572690311782,96,52,57036,529.858,1980
267572740423944,96,52,57036,549.382,1980
267572790550936,96,52,57036,549.382,1980
267572840657583,98,54,57036,567.823,1980
267572890765956,98,54,57036,567.823,1980
267572940874035,98,54,57036,586.758,1980
267572990985411,98,54,57036,586.758,1980
267573041109306,94,53,57036,613.583,1980
267573091223680,94,53,57036,613.583,1980
267573141337073,94,53,57036,604.285,1980
267573191446293,94,53,57036,604.285,1980
267573241554287,95,54,57036,598.924,1980
267573291666696,95,54,57036,598.924,1980
267573342503029,95,54,57036,591.417,1980
267573394109830,95,54,57036,591.417,1980
267573445074144,33,30,57036,548.486,1980
267573495847354,33,30,57036,548.486,1980
267573547073730,33,30,57036,506.232,1980
267573597253671,33,30,57036,506.232,1980
267573647381914,27,13,57036,476.261,1980
267573699060379,27,13,57036,476.261,1980
267573750470772,27,13,57036,452.706,1980
267573802014160,27,13,57036,452.706,1980
267573852592343,75,37,57036,430.868,1980
267573902741256,75,37,57036,430.868,1980
267573953662437,75,37,57036,411.291,1980
267574004076708,75,37,57036,411.291,1980
267574054327625,84,41,57036,389.458,1980
267574104448923,84,41,57036,389.458,1980
267574154632562,84,41,57036,377.684,1980
267574205544677,84,41,57036,377.684,1980
267574256031177,99,49,57036,358.076,1980
267574316793341,99,49,57036,358.076,1980
267574366932003,99,49,57036,337.111,1980
267574417071044,99,49,57036,337.111,1980
267574467184001,66,33,57036,370.862,1980
267574517297939,66,33,57036,370.862,1980
267574567414627,66,33,57036,420.364,1980
267574617531219,66,33,57036,420.364,1980
267574667656039,98,51,57036,449.824,1980
267574717778026,98,51,57036,449.824,1980
267574767886788,98,51,57036,473.736,1980
267574817997562,98,51,57036,473.736,1980
267574868109747,97,52,57036,496.748,1980
267574918219148,97,52,57036,496.748,1980
267574968326575,97,52,57036,515.292,1980
267575018443705,97,52,57036,515.292,1980
267575068558372,95,54,57036,537.033,1980
267575118671435,95,54,57036,537.033,1980
267575168776268,95,54,57036,557.083,1980
267575218890721,95,54,57036,557.083,1980
267575269004906,95,55,57036,578.932,1980
267575319120742,95,55,57036,578.932,1980
267575369231428,95,55,57036,596.413,1980
267575419339524,95,55,57036,596.413,1980
267575469445533,94,53,57036,608.436,1980
267575519554193,94,53,57036,608.436,1980
267575569664796,94,53,57036,604.337,1980
267575619774882,94,53,57036,604.337,1980
267575669885046,96,55,57036,601.766,1980
267575722040661,96,55,57036,601.766,1980
267575772718352,96,55,57036,597.838,1980
267575823426809,96,55,57036,597.838,1980
267575874476577,41,34,57036,556.669,1980
267575926229151,41,34,57036,556.669,1980
267575978917172,41,34,57036,516.293,1980
267576030293875,41,34,57036,490.952,1980
267576081671339,27,13,57036,490.952,1980
267576132409780,27,13,57036,464.7,1980
267576184036849,27,13,57036,464.7,1980
267576234158335,80,39,57036,446.391,1980
267576284311666,80,39,57036,446.391,1980
267576334443074,80,39,57036,419.046,1980
267576385152577,80,39,57036,419.046,1980
267576435600110,99,49,57036,399.305,1980
267576485729715,99,49,57036,399.305,1980
267576535900060,99,49,57036,378.383,1980
267576586040969,99,49,57036,378.383,1980
267576636192065,100,50,57036,354.931,1980
267576686312241,100,50,57036,354.931,1980
267576736435890,100,50,57036,354.763,1980
267576786588662,100,50,57036,354.763,1980
267576836698976,98,49,57036,398.531,1980
267576886812127,98,49,57036,398.531,1980
267576937536170,98,49,57036,443.638,1980
267576987675068,98,49,57036,443.638,1980
267577037802790,92,45,57036,466.059,1980
267577087920501,92,45,57036,466.059,1980
267577138055092,92,45,57036,488.486,1980
267577188165224,92,45,57036,488.486,1980
267577238276973,95,51,57036,507.129,1980
267577288391182,95,51,57036,507.129,1980
267577338515840,95,51,57036,527.472,1980
267577388629294,95,51,57036,527.472,1980
267577438742287,96,51,57036,549.229,1980
267577488854304,96,51,57036,549.229,1980
267577538963282,96,51,57036,571.365,1980
267577589613538,96,51,57036,571.365,1980
267577639721678,98,53,57036,591.693,1980
267577689828960,98,53,57036,591.693,1980
267577739950010,98,53,57036,596.578,1980
267577790058889,98,53,57036,596.578,1980
267577840205849,95,52,57036,589.864,1980
267577890318012,95,52,57036,589.864,1980
267577940430499,95,52,57036,585.162,1980
267577990543871,95,52,57036,585.162,1980
267578041420727,98,56,57036,569.723,1980
267578092590110,98,56,57036,569.723,1980
267578143671182,98,56,57036,529.149,1980
267578194317936,98,56,57036,529.149,1980
267578244578716,2,2,57036,486.826,1980
267578296561995,2,2,57036,486.826,1980
267578346765934,2,2,57036,461.292,1980
267578398391576,2,2,57036,461.292,1980
267578448782278,73,36,57036,442.349,1980
267578499211915,73,36,57036,442.349,1980
267578549373494,73,36,57036,426.358,1980
267578599503271,73,36,57036,426.358,1980
267578650205403,84,41,57036,409.542,1980
267578700879196,84,41,57036,409.542,1980
267578751070135,84,41,57036,387.533,1980
267578801220783,84,41,57036,387.533,1980
267578851383251,95,47,57036,371.718,1980
267578901779108,95,47,57036,371.718,1980
267578951910640,95,47,57036,346.84,1980
267579002048836,95,47,57036,346.84,1980
267579052164458,100,50,57036,349.441,1980
267579102281885,100,50,57036,349.441,1980
267579152405259,100,50,57036,398.568,1980
267579202539873,100,50,57036,398.568,1980
267579252667120,98,50,57036,439.974,1980
267579302795023,98,50,57036,439.974,1980
267579352910626,98,50,57036,468.381,1980
267579403044102,98,50,57036,468.381,1980
267579453155292,89,47,57036,494.47,1980
267579503265601,89,47,57036,494.47,1980
267579553377925,89,47,57036,512.478,1980
267579603483919,89,47,57036,512.478,1980
267579653648396,95,53,57036,530.513,1980
267579703760009,95,53,57036,530.513,1980
267579753874094,95,53,57036,547.541,1980
267579804004483,95,53,57036,547.541,1980
267579854115055,95,53,57036,569.276,1980
267579904223767,95,53,57036,569.276,1980
267579954335794,95,53,57036,582.408,1980
267580004445193,95,53,57036,582.408,1980
267580054561755,95,52,57036,604.842,1980
267580104733080,95,52,57036,604.842,1980
267580154848207,95,52,57036,595.912,1980
267580204958762,95,52,57036,595.912,1980
267580256922764,94,53,57036,587.794,1980
267580307956385,94,53,57036,587.794,1980
267580358620340,94,53,57036,555.126,1980
267580409367903,94,53,57036,555.126,1980
267580465369503,2,2,57036,510.245,1980
267580516527316,2,2,57036,510.245,1980
267580566700009,2,2,57036,481.434,1980
267580618117279,2,2,57036,481.434,1980
267580669563599,69,33,57036,457.324,1980
267580719704004,69,33,57036,457.324,1980
267580769914560,69,33,57036,438.436,1980
267580820096712,69,33,57036,438.436,1980
267580870534021,80,39,57036,418.512,1980
267580920685894,80,39,57036,418.512,1980
267580971270531,80,39,57036,398.938,1980
267581021427097,80,39,57036,398.938,1980
267581071576188,98,49,57036,373.666,1980
267581121810245,98,49,57036,373.666,1980
267581171934632,98,49,57036,354.89,1980
267581222050035,98,49,57036,354.89,1980
267581272165868,100,50,57036,335.627,1980
267581322286662,100,50,57036,335.627,1980
267581372408316,100,50,57036,373.281,1980
267581422530160,100,50,57036,373.281,1980
267581472643656,98,50,57036,417.545,1980
267581522779901,98,50,57036,417.545,1980
267581572899773,98,50,57036,457.62,1980
267581623011900,98,50,57036,457.62,1980
267581673120247,89,47,57036,479.391,1980
267581723232781,89,47,57036,479.391,1980
267581773382757,89,47,57036,500.135,1980
267581823493905,89,47,57036,500.135,1980
267581873600655,94,54,57036,519.559,1980
267581923707558,94,54,57036,519.559,1980
267581973814350,94,54,57036,539.164,1980
267582023925717,94,54,57036,539.164,1980
267582074041671,95,53,57036,563.038,1980
267582124152435,95,53,57036,563.038,1980
267582174261007,95,53,57036,580.171,1980
267582224371213,95,53,57036,580.171,1980
267582274495743,96,52,57036,603.602,1980
267582324607350,96,52,57036,603.602,1980
267582375372903,96,52,57036,599.005,1980
267582425478901,96,52,57036,599.005,1980
267582475598174,98,55,57036,591.209,1980
267582525706801,98,55,57036,591.209,1980
267582576434376,98,55,57036,579.137,1980
267582627053995,98,55,57036,579.137,1980
267582677713928,55,42,57036,541.395,1980
267582728474225,55,42,57036,541.395,1980
267582778615434,55,42,57036,501.557,1980
267582830234956,55,42,57036,501.557,1980
267582880649833,11,5,57036,470.675,1980
267582931892779,11,5,57036,470.675,1980
267582982821867,11,5,57036,449.721,1980
267583033896800,11,5,57036,435.51,1980
267583084504932,75,37,57036,435.51,1980
267583134808119,75,37,57036,418.023,1980
267583184953836,75,37,57036,418.023,1980
267583235121531,96,48,57036,400.48,1980
267583285755051,96,48,57036,400.48,1980
267583336248285,96,48,57036,380.724,1980
267583386366847,96,48,57036,380.724,1980
267583436486084,100,50,57036,353.83,1980
267583486617660,100,50,57036,353.83,1980
267583536745125,100,50,57036,343.022,1980
267583586876427,100,50,57036,343.022,1980
267583637007111,73,35,57036,389.856,1980
267583687123954,73,35,57036,389.856,1980
267583737238377,73,35,57036,432.34,1980
267583787349306,73,35,57036,432.34,1980
267583837464317,98,48,57036,468.029,1980
267583887586296,98,48,57036,468.029,1980
267583937715630,98,48,57036,490.801,1980
267583987830664,98,48,57036,490.801,1980
267584037940109,94,50,57036,515.447,1980
267584088064841,94,50,57036,515.447,1980
267584138185125,94,50,57036,533.723,1980
267584188298455,94,50,57036,533.723,1980
267584238411118,94,54,57036,555.384,1980
267584288521713,94,54,57036,555.384,1980
267584338632569,94,54,57036,572.784,1980
267584388746396,94,54,57036,572.784,1980
267584438857356,95,53,57036,591.496,1980
267584488966408,95,53,57036,591.496,1980
267584539075589,95,53,57036,613.701,1980
267584589191877,95,53,57036,613.701,1980
267584639308870,96,51,57036,608.929,1980
267584689421863,96,51,57036,608.929,1980
267584739532114,96,51,57036,602.899,1980
267584789642718,96,51,57036,602.899,1980
267584840501408,98,54,57036,589.079,1980
267584891346576,98,54,57036,589.079,1980
267584942201706,98,54,57036,544.112,1980
267584993233300,98,54,57036,544.112,1980
267585043390418,2,2,57036,503.526,1980
267585094834977,2,2,57036,503.526,1980
267585144994640,2,2,57036,476.565,1980
267585196594611,2,2,57036,476.565,1980
267585252174136,74,36,57036,455.094,1980
267585302358132,74,36,57036,455.094,1980
267585353472665,74,36,57036,434.648,1980
267585404407194,74,36,57036,434.648,1980
267585455261957,85,42,57036,417.94,1980
267585505389974,85,42,57036,417.94,1980
267585555535209,85,42,57036,398.318,1980
267585606132593,85,42,57036,398.318,1980
267585656594798,100,49,57036,375.547,1980
267585707311454,100,49,57036,375.547,1980
267585764972262,100,49,57036,359.962,1980
267585815102471,100,49,57036,359.962,1980
267585865223089,90,45,57036,354.332,1980
267585915336794,90,45,57036,354.332,1980
267585965457207,90,45,57036,405.413,1980
267586015568936,90,45,57036,405.413,1980
267586068219418,98,50,57036,448.952,1980
267586118332741,98,50,57036,448.952,1980
267586168442063,98,50,57036,472.701,1980
267586218551400,98,50,57036,472.701,1980
267586268664562,91,48,57036,489.402,1980
267586318782997,91,48,57036,489.402,1980
267586368898445,91,48,57036,506.505,1980
267586419013248,91,48,57036,506.505,1980
267586469119214,94,53,57036,523.201,1980
267586519231875,94,53,57036,523.201,1980
267586569361331,94,53,57036,541.844,1980
267586619496065,94,53,57036,541.844,1980
267586669601494,94,54,57036,564.655,1980
267586719708210,94,54,57036,564.655,1980
267586769811270,94,54,57036,589.498,1980
267586819926618,94,54,57036,589.498,1980
267586870038504,95,53,57036,596.999,1980
267586921404054,95,53,57036,596.999,1980
267586971517725,95,53,57036,589.164,1980
267587021630865,95,53,57036,589.164,1980
267587071739004,95,53,57036,585.259,1980
267587122548760,95,53,57036,585.259,1980
267587173613865,95,53,57036,558.539,1980
267587224659261,95,53,57036,558.539,1980
267587275308539,16,15,57036,517.185,1980
267587325727680,16,15,57036,517.185,1980
267587375905598,16,15,57036,486.137,1980
267587427032818,16,15,57036,486.137,1980
267587477191568,47,23,57036,466.463,1980
267587527870471,47,23,57036,466.463,1980
267587578306433,47,23,57036,447.842,1980
267587629517885,47,23,57036,447.842,1980
267587679752171,76,37,57036,424.657,1980
267587730639830,76,37,57036,424.657,1980
267587781517865,76,37,57036,408.291,1980
267587831869397,76,37,57036,408.291,1980
267587882041297,95,47,57036,393.341,1980
267587932203777,95,47,57036,393.341,1980
267587982349954,95,47,57036,373.914,1980
267588032515315,95,47,57036,373.914,1980
267588082657706,100,50,57036,353.483,1980
267588132770744,100,50,57036,353.483,1980
267588182878885,100,50,57036,367.152,1980
267588233024109,100,50,57036,367.152,1980
267588283173405,95,52,57036,420.618,1980
267588333293007,95,52,57036,420.618,1980
267588383414935,95,52,57036,462.427,1980
267588433526546,95,52,57036,462.427,1980
267588483637039,98,53,57036,488.04,1980
267588533751091,98,53,57036,488.04,1980
267588583941712,98,53,57036,507.27,1980
267588634063559,98,53,57036,507.27,1980
267588684184457,96,52,57036,531.676,1980
267588734312729,96,52,57036,531.676,1980
267588784432843,96,52,57036,551.473,1980
267588834570023,96,52,57036,551.473,1980
267588884680979,94,55,57036,568.428,1980
267588934796465,94,55,57036,568.428,1980
267588984906381,94,55,57036,591.179,1980
267589035018629,94,55,57036,591.179,1980
267589085134432,96,55,57036,619.406,1980
267589135247838,96,55,57036,619.406,1980
267589185356494,96,55,57036,631.509,1980
267589235508646,96,55,57036,631.509,1980
267589285626836,95,55,57036,622.22,1980
267589335741301,95,55,57036,622.22,1980
267589385849347,95,55,57036,617.335,1980
267589435967339,95,55,57036,617.335,1980
267589486079171,96,57,57036,614.676,1980
267589539816587,96,57,57036,606.164,1980
267589590498081,96,57,57036,606.164,1980
267589641430183,51,40,57036,561.412,1980
267589692519670,51,40,57036,561.412,1980
267589744249381,51,40,57036,518.94,1980
267589794425756,51,40,57036,518.94,1980
267589845906356,13,6,57036,491.013,1980
267589896521794,13,6,57036,491.013,1980
267589946736963,13,6,57036,463.855,1980
267589998127874,13,6,57036,463.855,1980
267590049620356,75,37,57036,441.136,1980
267590099792609,75,37,57036,441.136,1980
267590149954402,75,37,57036,423.382,1980
267590200281008,75,37,57036,423.382,1980
267590250542801,94,46,57036,396.308,1980
267590300660495,94,46,57036,396.308,1980
267590351082017,94,46,57036,375.643,1980
267590401262429,94,46,57036,375.643,1980
267590451428557,100,50,57036,349.197,1980
267590501555075,100,50,57036,349.197,1980
267590551668826,100,50,57036,340.589,1980
267590601783346,100,50,57036,340.589,1980
267590651892968,75,40,57036,391.727,1980
267590702010003,75,40,57036,391.727,1980
267590752120964,75,40,57036,436.47,1980
267590802236585,75,40,57036,436.47,1980
267590852359913,98,52,57036,472.941,1980
267590902482532,98,52,57036,472.941,1980
267590952596329,98,52,57036,497.678,1980
267591002707163,98,52,57036,497.678,1980
267591052818422,97,55,57036,518.143,1980
267591102936166,97,55,57036,518.143,1980
267591153045334,97,55,57036,537.691,1980
267591203155976,97,55,57036,537.691,1980
267591253271528,94,55,57036,560.788,1980
267591303385647,94,55,57036,560.788,1980
267591353498019,94,55,57036,585.49,1980
267591403613149,94,55,57036,585.49,1980
267591453731927,98,57,57036,608.583,1980
267591503840722,98,57,57036,608.583,1980
267591553948109,98,57,57036,631.482,1980
267591604067843,98,57,57036,631.482,1980
267591654180481,94,55,57036,624.535,1980
267591704308841,94,55,57036,624.535,1980
267591754413181,94,55,57036,619.445,1980
267591804536135,94,55,57036,619.445,1980
267591854650371,98,56,57036,612.297,1980
267591904757897,98,56,57036,612.297,1980
267591954889356,98,56,57036,610.84,1980
267592005955922,98,56,57036,610.84,1980
267592056741335,83,58,57036,578.746,1980
267592107505251,83,58,57036,578.746,1980
267592157675686,83,58,57036,536.509,1980
267592207946132,83,58,57036,536.509,1980
267592258089903,2,2,57036,505.536,1980
267592309366457,2,2,57036,505.536,1980
267592359773678,2,2,57036,483.894,1980
267592410602641,2,2,57036,483.894,1980
267592461798842,76,37,57036,462.068,1980
267592512703301,76,37,57036,462.068,1980
267592562836795,76,37,57036,436.077,1980
267592612963023,76,37,57036,436.077,1980
267592663156269,97,48,57036,410.198,1980
267592713348354,97,48,57036,410.198,1980
267592763519726,97,48,57036,388.52,1980
267592813637771,97,48,57036,388.52,1980
267592863806812,100,50,57036,366.206,1980
267592913921464,100,50,57036,366.206,1980
267592964038524,100,50,57036,342.657,1980
267593014161250,100,50,57036,342.657,1980
267593064365563,80,43,57036,384.102,1980
267593114488139,80,43,57036,384.102,1980
267593164596649,80,43,57036,431.345,1980
267593214705186,80,43,57036,431.345,1980
267593264813777,99,53,57036,466.289,1980
267593314924899,99,53,57036,466.289,1980
267593365045616,99,53,57036,487.146,1980
267593415158110,99,53,57036,487.146,1980
267593465264959,94,53,57036,505.39,1980
267593515374274,94,53,57036,505.39,1980
267593565486234,94,53,57036,523.101,1980
267593615596692,94,53,57036,523.101,1980
267593665706159,94,55,57036,544.071,1980
267593715812387,94,55,57036,544.071,1980
267593765942592,94,55,57036,569.936,1980
267593816052411,94,55,57036,569.936,1980
267593866158590,95,55,57036,594.498,1980
267593916273330,95,55,57036,594.498,1980
267593966381894,95,55,57036,609.19,1980
267594016492840,95,55,57036,609.19,1980
267594066605345,95,55,57036,597.219,1980
267594116714362,95,55,57036,597.219,1980
267594167555383,95,55,57036,587.764,1980
267594218616686,95,55,57036,587.764,1980
267594270091614,62,46,57036,544.14,1980
267594320734788,62,46,57036,544.14,1980
267594371029805,62,46,57036,505.722,1980
267594421149983,62,46,57036,505.722,1980
267594471325879,9,4,57036,481.323,1980
267594523254124,9,4,57036,481.323,1980
267594574684292,9,4,57036,461.69,1980
267594626131555,9,4,57036,461.69,1980
267594676267548,73,36,57036,435.203,1980
267594727266542,73,36,57036,435.203,1980
267594777837354,73,36,57036,415.229,1980
267594828652762,73,36,57036,415.229,1980
267594878837390,85,42,57036,394.985,1980
267594929021334,85,42,57036,394.985,1980
267594979752374,85,42,57036,383.045,1980
267595030471360,85,42,57036,383.045,1980
267595081014732,99,49,57036,367.519,1980
267595132731125,99,49,57036,367.519,1980
267595182865049,99,49,57036,346.801,1980
267595232987625,99,49,57036,346.801,1980
267595283107756,70,35,57036,383.165,1980
267595333221825,70,35,57036,383.165,1980
267595383358986,70,35,57036,436.135,1980
267595433477451,70,35,57036,436.135,1980
267595483586654,98,50,57036,465.708,1980
267595533769671,98,50,57036,465.708,1980
267595583968858,98,50,57036,485.851,1980
267595634108080,98,50,57036,485.851,1980
267595684221788,96,52,57036,503.833,1980
267595734342464,96,52,57036,503.833,1980
267595784461883,96,52,57036,524.482,1980
267595834581267,96,52,57036,524.482,1980
267595884698539,94,53,57036,545.356,1980
267595934808675,94,53,57036,545.356,1980
267595984918531,94,53,57036,563.55,1980
267596035041930,94,53,57036,563.55,1980
267596085155580,96,52,57036,587.533,1980
267596135281491,96,52,57036,587.533,1980
267596185395068,96,52,57036,609.177,1980
267596235505887,96,52,57036,609.177,1980
267596285617434,95,52,57036,611.524,1980
267596335727014,95,52,57036,611.524,1980
267596385838608,95,52,57036,601.525,1980
267596435950710,95,52,57036,601.525,1980
267596486065831,95,53,57036,597.221,1980
267596536689269,95,53,57036,597.221,1980
267596587609747,95,53,57036,574.663,1980
267596638600012,95,53,57036,574.663,1980
267596688720292,4,4,57036,535.142,1980
267596739077990,4,4,57036,535.142,1980
267596790906811,4,4,57036,496.33,1980
267596841130079,52,25,57036,475.667,1980
267596891322073,52,25,57036,475.667,1980
267596941498018,52,25,57036,453.935,1980
267596992176530,52,25,57036,453.935,1980
267597042440352,78,39,57036,430.571,1980
267597093039345,78,39,57036,430.571,1980
267597143356230,78,39,57036,417.562,1980
267597193516120,78,39,57036,417.562,1980
267597243655837,93,45,57036,397.984,1980
267597294298899,93,45,57036,397.984,1980
267597344417976,93,45,57036,375.07,1980
267597394541579,93,45,57036,375.07,1980
267597451272043,100,50,57036,351.98,1980
267597501403435,100,50,57036,351.98,1980
267597551558275,100,50,57036,371.652,1980
267597601690638,100,50,57036,371.652,1980
267597651826901,99,51,57036,422.307,1980
267597701954506,99,51,57036,422.307,1980
267597752073357,99,51,57036,460.617,1980
267597802184656,99,51,57036,460.617,1980
267597852333222,93,48,57036,481.413,1980
267597902469735,93,48,57036,481.413,1980
267597952597193,93,48,57036,502.17,1980
267598002717536,93,48,57036,502.17,1980
267598052833051,94,52,57036,522.874,1980
267598102953525,94,52,57036,522.874,1980
267598153083379,94,52,57036,544.156,1980
267598203207798,94,52,57036,544.156,1980
267598253321883,96,52,57036,562.685,1980
267598303430955,96,52,57036,562.685,1980
267598353545258,96,52,57036,577.33,1980
267598403671038,96,52,57036,577.33,1980
267598453785468,95,52,57036,596.68,1980
267598503902615,95,52,57036,596.68,1980
267598554013527,95,52,57036,603.494,1980
267598604124380,95,52,57036,603.494,1980
267598654255179,95,53,57036,597.453,1980
267598704375053,95,53,57036,597.453,1980
267598754487830,95,53,57036,589.793,1980
267598806583435,95,53,57036,589.793,1980
267598857641594,98,55,57036,578.877,1980
267598908348312,98,55,57036,578.877,1980
267598959291871,98,55,57036,538.465,1980
267599015512121,98,55,57036,538.465,1980
267599065844488,2,2,57036,499.724,1980
267599117463450,2,2,57036,499.724,1980
267599167633758,2,2,57036,475.653,1980
267599218210995,2,2,57036,475.653,1980
267599269067815,74,36,57036,453.225,1980
267599319684407,74,36,57036,453.225,1980
267599369822090,74,36,57036,439.589,1980
267599420121331,74,36,57036,439.589,1980
267599470295338,89,44,57036,418.11,1980
267599520749384,89,44,57036,418.11,1980
267599571181249,89,44,57036,404.117,1980
267599621493946,89,44,57036,404.117,1980
267599671640538,100,50,57036,379.793,1980
267599721832258,100,50,57036,379.793,1980
267599771951045,100,50,57036,363.319,1980
267599822069052,100,50,57036,363.319,1980
267599872211084,80,40,57036,368.534,1980
267599922330554,80,40,57036,368.534,1980
267599972458900,80,40,57036,417.986,1980
267600022572753,80,40,57036,417.986,1980
267600072703987,98,48,57036,459.764,1980
267600122815051,98,48,57036,459.764,1980
267600172926158,98,48,57036,481.688,1980
267600223038210,98,48,57036,481.688,1980
267600273152334,98,51,57036,500.155,1980
267600323266413,98,51,57036,500.155,1980
267600373379740,98,51,57036,518.855,1980
267600423489071,98,51,57036,518.855,1980
267600473728564,94,52,57036,535.74,1980
267600523844315,94,52,57036,535.74,1980
267600573975077,94,52,57036,550.689,1980
267600624108908,94,52,57036,550.689,1980
267600674218490,94,54,57036,571.155,1980
267600724327869,94,54,57036,571.155,1980
267600774435731,94,54,57036,595.885,1980
267600824550262,94,54,57036,595.885,1980
267600874655897,94,52,57036,601.118,1980
267600924766381,94,52,57036,601.118,1980
267600974870935,94,52,57036,592.313,1980
267601024980664,94,52,57036,592.313,1980
267601075063774,96,51,57036,588.101,1980
267601126014139,96,51,57036,588.101,1980
267601177347524,96,51,57036,571.184,1980
267601228056210,96,51,57036,571.184,1980
267601278681406,24,24,57036,531.955,1980
267601330677266,24,24,57036,531.955,1980
267601385028416,24,24,57036,495.716,1980
267601435214479,24,24,57036,495.716,1980
267601485366030,37,17,57036,471.037,1980
267601535943008,37,17,57036,471.037,1980
267601586384076,37,17,57036,447.189,1980
267601636555653,37,17,57036,447.189,1980
267601687741604,74,37,57036,429.249,1980
267601737882563,74,37,57036,429.249,1980
267601788006458,74,37,57036,410.773,1980
267601838147827,74,37,57036,410.773,1980
267601888918549,90,44,57036,391.728,1980
267601939254429,90,44,57036,391.728,1980
267601989701928,90,44,57036,370.001,1980
267602039920711,90,44,57036,370.001,1980
267602090063815,100,50,57036,349.045,1980
267602140177297,100,50,57036,349.045,1980
267602190292506,100,50,57036,342.314,1980
267602240419161,100,50,57036,342.314,1980
267602290547792,81,40,57036,394.368,1980
267602340664466,81,40,57036,394.368,1980
267602390903688,81,40,57036,435.423,1980
267602441011458,81,40,57036,435.423,1980
267602491121863,98,48,57036,463.59,1980
267602541234662,98,48,57036,463.59,1980
267602591349035,98,48,57036,487.511,1980
267602642320205,98,48,57036,487.511,1980
267602692427162,94,50,57036,512.822,1980
267602742535193,94,50,57036,512.822,1980
267602792639838,94,50,57036,531.275,1980
267602842744541,94,50,57036,531.275,1980
267602892849100,98,55,57036,552.453,1980
267602942952649,98,55,57036,552.453,1980
267602993050447,98,55,57036,574.318,1980
267603043158623,98,55,57036,574.318,1980
267603093272821,94,53,57036,594.986,1980
267603143382084,94,53,57036,613.494,1980
267603193487511,94,53,57036,613.494,1980
267603243596623,94,53,57036,607.861,1980
267603293713738,96,54,57036,607.861,1980
267603343831455,96,54,57036,602.682,1980
267603393941375,96,54,57036,602.682,1980
267603446793077,94,52,57036,595.144,1980
267603497431617,94,52,57036,595.144,1980
267603548854506,94,52,57036,553.755,1980
267603599664987,94,52,57036,553.755,1980
267603649992469,2,2,57036,509.144,1980
267603700320691,2,2,57036,509.144,1980
267603750473104,2,2,57036,484.808,1980
267603802091790,2,2,57036,484.808,1980
267603852256827,74,36,57036,461.451,1980
267603903518594,74,36,57036,461.451,1980
267603954302330,74,36,57036,440.923,1980
267604005157722,74,36,57036,440.923,1980
267604055789943,76,38,57036,423.329,1980
267604105936169,76,38,57036,423.329,1980
267604156396366,76,38,57036,405.834,1980
267604206555270,76,38,57036,405.834,1980
267604257217878,96,47,57036,389.023,1980
267604307766750,96,47,57036,389.023,1980
267604358285539,96,47,57036,364.288,1980
267604415187352,96,47,57036,364.288,1980
267604465300537,100,50,57036,345.701,1980
267604515413904,100,50,57036,345.701,1980
267604565524781,100,50,57036,387.354,1980
267604615654679,100,50,57036,387.354,1980
267604665773248,98,52,57036,431.752,1980
267604715892315,98,52,57036,431.752,1980
267604766010136,98,52,57036,465.743,1980
267604816132125,98,52,57036,465.743,1980
267604866240163,90,46,57036,486.512,1980
267604916368097,90,46,57036,486.512,1980
267604966484625,90,46,57036,508.295,1980
267605016602299,90,46,57036,508.295,1980
267605066723834,94,53,57036,530.447,1980
267605116836036,94,53,57036,530.447,1980
267605166944074,94,53,57036,551.0,1980
267605217053113,94,53,57036,551.0,1980
267605267165873,96,53,57036,562.22,1980
267605317273519,96,53,57036,562.22,1980
267605367382936,96,53,57036,583.943,1980
267605417499453,96,53,57036,583.943,1980
267605467611962,94,54,57036,613.443,1980
267605517716139,94,54,57036,613.443,1980
267605567819516,94,54,57036,609.712,1980
267605617923470,94,54,57036,609.712,1980
267605668542564,96,53,57036,604.042,1980
267605718652476,96,53,57036,604.042,1980
267605768756361,96,53,57036,600.896,1980
267605818887791,96,53,57036,600.896,1980
267605869668319,94,54,57036,597.198,1980
267605920949392,94,54,57036,597.198,1980
267605972702883,94,54,57036,555.966,1980
267606023559301,94,54,57036,555.966,1980
267606074247117,2,2,57036,514.289,1980
267606124370397,2,2,57036,514.289,1980
267606175333547,2,2,57036,489.752,1980
267606225519168,2,2,57036,489.752,1980
267606276185608,73,36,57036,466.816,1980
267606326425582,73,36,57036,466.816,1980
267606377317830,73,36,57036,448.422,1980
267606428414491,73,36,57036,448.422,1980
267606478532437,83,41,57036,429.878,1980
267606528685705,83,41,57036,429.878,1980
267606578801401,83,41,57036,410.264,1980
267606628949339,83,41,57036,410.264,1980
267606679070483,100,50,57036,383.126,1980
267606729192353,100,50,57036,383.126,1980
267606779315370,100,50,57036,358.804,1980
267606829432322,100,50,57036,358.804,1980
267606879550285,90,45,57036,352.604,1980
267606930701579,90,45,57036,352.604,1980
267606980821663,90,45,57036,396.176,1980
267607030963160,90,45,57036,396.176,1980
267607081082599,98,53,57036,442.972,1980
267607131212256,98,53,57036,442.972,1980
267607181405287,98,53,57036,474.0,1980
267607231561556,98,53,57036,474.0,1980
267607282662004,94,52,57036,493.615,1980
267607332932281,94,52,57036,493.615,1980
267607383053258,94,52,57036,512.796,1980
267607433165733,94,52,57036,512.796,1980
267607483274926,94,55,57036,528.965,1980
267607533397721,94,55,57036,528.965,1980
267607583508134,94,55,57036,546.384,1980
267607634804381,94,55,57036,546.384,1980
267607684922056,94,55,57036,563.009,1980
267607735035766,94,55,57036,563.009,1980
267607785143463,94,55,57036,586.234,1980
267607835254673,94,55,57036,586.234,1980
267607885377930,95,55,57036,601.376,1980
267607935494523,95,55,57036,601.376,1980
267607986856087,95,55,57036,591.344,1980
267608036967811,95,55,57036,591.344,1980
267608088100515,94,55,57036,572.278,1980
267608139232053,94,55,57036,572.278,1980
267608189993725,94,55,57036,530.822,1980
267608240125326,94,55,57036,530.822,1980
267608291137232,2,2,57036,491.707,1980
267608341319507,2,2,57036,491.707,1980
267608392406956,2,2,57036,471.441,1980
267608443457233,2,2,57036,471.441,1980
267608493637241,73,36,57036,447.954,1980
267608543954802,73,36,57036,447.954,1980
267608594140154,73,36,57036,432.693,1980
267608644328962,73,36,57036,432.693,1980
267608694515605,86,42,57036,415.262,1980
267608745277252,86,42,57036,415.262,1980
267608795408804,86,42,57036,393.871,1980
267608845529789,86,42,57036,393.871,1980
267608895703214,100,50,57036,369.222,1980
267608945833033,100,50,57036,369.222,1980
267608995948362,100,50,57036,353.388,1980
267609046070949,100,50,57036,348.986,1980
267609096198191,90,45,57036,348.986,1980
267609146310528,90,45,57036,400.091,1980
267609196420177,90,45,57036,400.091,1980
267609246550431,98,50,57036,447.057,1980
267609296666667,98,50,57036,447.057,1980
267609346853169,98,50,57036,470.012,1980
267609396977187,98,50,57036,470.012,1980
267609447105751,91,48,57036,489.819,1980
267609497228290,91,48,57036,489.819,1980
267609547348315,91,48,57036,509.516,1980
267609597464885,91,48,57036,509.516,1980
267609647581159,94,53,57036,529.684,1980
267609697696153,94,53,57036,529.684,1980
267609747812154,94,53,57036,550.678,1980
267609797933395,94,53,57036,550.678,1980
267609848048906,94,54,57036,568.386,1980
267609898203386,94,54,57036,568.386,1980
267609948320663,94,54,57036,592.489,1980
267609998429376,94,54,57036,592.489,1980
267610048541716,95,53,57036,601.706,1980
267610098651666,95,53,57036,601.706,1980
267610148764026,95,53,57036,593.01,1980
267610198880814,95,53,57036,593.01,1980
267610248995867,96,52,57036,589.799,1980
267610299111529,96,52,57036,589.799,1980
267610349782089,96,52,57036,568.725,1980
267610400770726,96,52,57036,568.725,1980
267610451616891,17,17,57036,527.414,1980
267610501772257,17,17,57036,527.414,1980
267610551943228,17,17,57036,492.757,1980
267610603306859,17,17,57036,492.757,1980
267610653458844,45,22,57036,469.515,1980
267610703626795,45,22,57036,469.515,1980
267610754965937,45,22,57036,447.414,1980
267610805672678,45,22,57036,447.414,1980
267610857028646,79,39,57036,427.916,1980
267610907159547,79,39,57036,427.916,1980
267610957323823,79,39,57036,413.813,1980
267611007453902,79,39,57036,413.813,1980
267611058103857,98,48,57036,394.492,1980
267611108651481,98,48,57036,394.492,1980
267611158881248,98,48,57036,377.087,1980
267611209143033,98,48,57036,377.087,1980
267611259275983,100,50,57036,354.573,1980
267611309390866,100,50,57036,354.573,1980
267611359539766,100,50,57036,365.899,1980
267611409713920,100,50,57036,365.899,1980
267611459864952,98,51,57036,412.419,1980
267611510038982,98,51,57036,412.419,1980
267611560237289,98,51,57036,456.428,1980
267611610374628,98,51,57036,456.428,1980
267611660500341,90,46,57036,476.173,1980
267611710628853,90,46,57036,476.173,1980
267611760754003,90,46,57036,500.639,1980
267611810878134,90,46,57036,500.639,1980
267611860997988,94,52,57036,516.532,1980
267611911120206,94,52,57036,516.532,1980
267611961236223,94,52,57036,538.992,1980
267612011351779,94,52,57036,538.992,1980
267612061548788,96,52,57036,555.16,1980
267612111661554,96,52,57036,555.16,1980
267612161772289,96,52,57036,577.302,1980
267612211894033,96,52,57036,577.302,1980
267612262017728,98,54,57036,596.414,1980
267612312684830,98,54,57036,596.414,1980
267612362792487,98,54,57036,603.927,1980
267612412900953,98,54,57036,603.927,1980
267612463014941,95,53,57036,597.775,1980
267612513127394,95,53,57036,597.775,1980
267612563236482,95,53,57036,592.115,1980
267612613344414,95,53,57036,592.115,1980
267612664465839,96,56,57036,576.284,1980
267612715430225,96,56,57036,576.284,1980
267612766201599,96,56,57036,533.123,1980
267612816521555,96,56,57036,533.123,1980
267612866658654,2,2,57036,498.708,1980
267612918171390,2,2,57036,498.708,1980
267612998800091,2,2,57036,472.265,1980
267613050145580,73,36,57036,450.976,1980
267613100726939,73,36,57036,450.976,1980
267613150851223,73,36,57036,432.975,1980
267613201104024,73,36,57036,432.975,1980
267613251258186,82,41,57036,416.771,1980
267613301849216,82,41,57036,416.771,1980
267613352025905,82,41,57036,396.78,1980
267613402480004,82,41,57036,396.78,1980
267613452643054,100,49,57036,374.283,1980
267613502863198,100,49,57036,374.283,1980
267613553027161,100,49,57036,351.127,1980
267613603141914,100,49,57036,351.127,1980
267613653260206,91,46,57036,353.236,1980
267613703377078,91,46,57036,353.236,1980
267613753484051,91,46,57036,398.608,1980
267613803589938,91,46,57036,398.608,1980
267613853698367,98,49,57036,447.557,1980
267613903811232,98,49,57036,447.557,1980
267613953928738,98,49,57036,468.762,1980
267614004046898,98,49,57036,468.762,1980
267614054206997,94,49,57036,487.149,1980
267614104330080,94,49,57036,487.149,1980
267614154450201,94,49,57036,508.222,1980
267614204562596,94,49,57036,508.222,1980
267614254674243,94,52,57036,522.036,1980
267614705144658,94,52,57036,595.485,1980
267614755269670,98,54,57036,585.242,1980
267614805383679,98,54,57036,585.242,1980
267614857379308,94,53,57036,576.181,1980
267614908101093,94,53,57036,576.181,1980
267614958877812,94,53,57036,544.416,1980
267615009739093,94,53,57036,544.416,1980
267615069114633,2,2,57036,501.301,1980
267615119772186,2,2,57036,501.301,1980
267615169907029,2,2,57036,476.223,1980
267615220129440,2,2,57036,476.223,1980
267615271654662,65,31,57036,452.891,1980
267615322716968,65,31,57036,452.891,1980
267615372852946,65,31,57036,430.291,1980
267615423020471,65,31,57036,430.291,1980
267615473135308,81,39,57036,406.105,1980
267615523253435,81,39,57036,406.105,1980
267615573402809,81,39,57036,387.89,1980
267615623560929,81,39,57036,387.89,1980
267615673692306,100,50,57036,375.587,1980
267615723839866,100,50,57036,375.587,1980
267615774056516,100,50,57036,350.742,1980
267615824249346,100,50,57036,350.742,1980
267615874386882,97,49,57036,342.12,1980
267615924520533,97,49,57036,342.12,1980
267615974643092,97,49,57036,384.484,1980
267616024759461,97,49,57036,384.484,1980
267616074876467,98,53,57036,426.713,1980
267616125047757,98,53,57036,426.713,1980
267616175175277,98,53,57036,455.377,1980
267616225404574,98,53,57036,455.377,1980
267616275528002,82,45,57036,471.964,1980
267616325652217,82,45,57036,471.964,1980
267616375771174,82,45,57036,490.93,1980
267616425921873,82,45,57036,490.93,1980
267616476039328,94,54,57036,509.658,1980
267616526149592,94,54,57036,509.658,1980
267616576305158,94,54,57036,535.301,1980
267616626441535,94,54,57036,535.301,1980
267616676556208,96,54,57036,558.031,1980
267616726668202,96,54,57036,558.031,1980
267616776798037,96,54,57036,582.947,1980
267616826909029,96,54,57036,582.947,1980
267616877023561,98,56,57036,594.371,1980
267616927133779,98,56,57036,594.371,1980
267616977242093,98,56,57036,584.8,1980
267617027354109,98,56,57036,584.8,1980
267617078019268,94,55,57036,576.198,1980
267617128855389,94,55,57036,576.198,1980
267617179593972,94,55,57036,543.281,1980
267617230604119,94,55,57036,543.281,1980
267617281133608,2,2,57036,506.209,1980
267617331271084,2,2,57036,506.209,1980
267617382885856,2,2,57036,484.312,1980
267617433062236,2,2,57036,484.312,1980
267617483197315,72,35,57036,461.324,1980
267617534125106,72,35,57036,461.324,1980
267617585062136,72,35,57036,441.91,1980
267617635254096,72,35,57036,441.91,1980
267617685646648,72,36,57036,422.562,1980
267617735801641,72,36,57036,422.562,1980
267617786236340,72,36,57036,392.115,1980
267617836722788,72,36,57036,392.115,1980
267617887188622,100,49,57036,371.899,1980
267617937359305,100,49,57036,371.899,1980
267617987506335,100,49,57036,350.106,1980
267618037629136,100,49,57036,350.106,1980
267618087772241,100,50,57036,342.757,1980
267618137888406,100,50,57036,342.757,1980
267618188011595,100,50,57036,383.676,1980
267618238124330,100,50,57036,383.676,1980
267618288238052,98,49,57036,436.964,1980
267618338357207,98,49,57036,436.964,1980
267618388498825,98,49,57036,464.689,1980
267618438643100,98,49,57036,464.689,1980
267618488765328,89,46,57036,482.679,1980
267618538893337,89,46,57036,482.679,1980
267618589029460,89,46,57036,501.548,1980
267618639150266,89,46,57036,501.548,1980
267618689286218,95,53,57036,522.495,1980
267618739407478,95,53,57036,522.495,1980
267618789523838,95,53,57036,540.457,1980
267618839633373,95,53,57036,540.457,1980
267618889735717,95,53,57036,563.122,1980
267618939860178,95,53,57036,563.122,1980
267618989969347,95,53,57036,586.004,1980
267619040081892,95,53,57036,586.004,1980
267619090183716,95,52,57036,598.932,1980
267619140298846,95,52,57036,598.932,1980
267619190419208,95,52,57036,591.535,1980
267619240530703,95,52,57036,591.535,1980
267619291662697,98,56,57036,580.024,1980
267619341778520,98,56,57036,580.024,1980
267619392695576,98,56,57036,565.234,1980
267619443848712,98,56,57036,565.234,1980
267619494521756,49,38,57036,531.108,1980
267619544658985,49,38,57036,531.108,1980
267619595185994,49,38,57036,488.868,1980
267619645372036,49,38,57036,488.868,1980
267619696453604,20,10,57036,464.825,1980
267619747840651,20,10,57036,464.825,1980
267619798171864,20,10,57036,447.065,1980
267619849067428,20,10,57036,447.065,1980
267619899198976,76,38,57036,427.51,1980
267619950303998,76,38,57036,427.51,1980
267620001224301,76,38,57036,410.519,1980
267620051982778,76,38,57036,389.614,1980
267620102136668,88,43,57036,389.614,1980
267620152330469,88,43,57036,368.719,1980
267620202503392,88,43,57036,368.719,1980
267620252768371,100,50,57036,350.954,1980
267620303030268,100,50,57036,350.954,1980
267620353156154,100,50,57036,355.441,1980
267620403283775,100,50,57036,355.441,1980
267620453407864,79,40,57036,395.792,1980
267620503518202,79,40,57036,395.792,1980
267620553623241,79,40,57036,445.411,1980
267620603745217,79,40,57036,445.411,1980
267620653864819,98,50,57036,469.318,1980
267620703981914,98,50,57036,469.318,1980
267620754092514,98,50,57036,490.187,1980
267620804197321,98,50,57036,490.187,1980
267620854304662,94,51,57036,512.471,1980
267620904421277,94,51,57036,512.471,1980
267620954529162,94,51,57036,531.897,1980
267621004641208,94,51,57036,531.897,1980
267621054751482,95,54,57036,547.842,1980
267621104875034,95,54,57036,547.842,1980
267621154984475,95,54,57036,571.709,1980
267621205045390,95,54,57036,571.709,1980
267621255150600,94,53,57036,590.515,1980
267621305252970,94,53,57036,590.515,1980
267621355474637,94,53,57036,603.177,1980
267621405647365,94,53,57036,603.177,1980
267621455867159,96,51,57036,594.511,1980
267621505990596,96,51,57036,594.511,1980
267621556109668,96,51,57036,591.889,1980
267621606225839,96,51,57036,591.889,1980
267621656902276,98,54,57036,569.775,1980
267621707528569,98,54,57036,569.775,1980
267621758234229,98,54,57036,526.85,1980
267621808868658,98,54,57036,526.85,1980
267621859424388,2,2,57036,490.987,1980
267621909639758,2,2,57036,490.987,1980
267621959801581,2,2,57036,471.005,1980
267622011329714,2,2,57036,471.005,1980
267622061483582,73,36,57036,449.116,1980
267622112462940,73,36,57036,449.116,1980
267622163401152,73,36,57036,430.816,1980
267622213594664,73,36,57036,430.816,1980
267622264330032,83,41,57036,416.819,1980
267622314475278,83,41,57036,416.819,1980
267622364834600,83,41,57036,396.547,1980
267622415005546,83,41,57036,396.547,1980
267622465164198,100,50,57036,370.62,1980
267622515279917,100,50,57036,370.62,1980
267622565880683,100,50,57036,350.696,1980
267622616007688,100,50,57036,350.696,1980
267622666178858,86,43,57036,360.905,1980
267622716294890,86,43,57036,360.905,1980
267622766405893,86,43,57036,405.918,1980
267622816524578,86,43,57036,405.918,1980
267622866937811,98,49,57036,451.013,1980
267622917046832,98,49,57036,451.013,1980
267622967154937,98,49,57036,469.906,1980
267623017268479,98,49,57036,469.906,1980
267623067381078,95,49,57036,491.502,1980
267623117489551,95,49,57036,491.502,1980
267623167598731,95,49,57036,512.769,1980
267623217706806,95,49,57036,512.769,1980
267623267815263,94,52,57036,527.399,1980
267623317923474,94,52,57036,527.399,1980
267623368164479,94,52,57036,545.117,1980
267623418278199,94,52,57036,545.117,1980
267623468392107,96,51,57036,561.574,1980
267623518523134,96,51,57036,561.574,1980
267623568636343,96,51,57036,587.489,1980
267623618746127,96,51,57036,587.489,1980
267623668849570,97,53,57036,594.811,1980
267623718987542,97,53,57036,594.811,1980
267623769048053,97,53,57036,581.207,1980
267623819246561,97,53,57036,581.207,1980
267623869405520,94,53,57036,575.819,1980
267623920427188,94,53,57036,575.819,1980
267623971396227,94,53,57036,539.442,1980
267624022066586,94,53,57036,539.442,1980
267624072395990,2,2,57036,499.901,1980
267624122823721,2,2,57036,499.901,1980
267624172945127,2,2,57036,472.934,1980
267624224168038,2,2,57036,472.934,1980
267624274328028,64,31,57036,452.134,1980
267624325728445,64,31,57036,452.134,1980
267624376766354,64,31,57036,434.326,1980
267624426946062,64,31,57036,434.326,1980
267624477410718,76,38,57036,419.767,1980
267624528272049,76,38,57036,419.767,1980
267624578581568,76,38,57036,405.915,1980
267624629089986,76,38,57036,405.915,1980
267624679365133,88,43,57036,383.314,1980
267624729522232,88,43,57036,383.314,1980
267624779643830,88,43,57036,365.304,1980
267624829793105,88,43,57036,365.304,1980
267624879917484,100,50,57036,341.243,1980
267624930039612,100,50,57036,341.243,1980
267624980183914,100,50,57036,383.101,1980
267625030318948,100,50,57036,383.101,1980
267625080440026,98,57,57036,436.091,1965
267625130552782,98,57,57036,436.091,1965
267625180675652,98,57,57036,465.771,1965
267625230839270,98,57,57036,465.771,1965
267625280983632,99,56,57036,488.114,1965
267625331110987,99,56,57036,488.114,1965
267625381298912,99,56,57036,506.241,1980
267625431412468,99,56,57036,506.241,1980
267625481523925,94,54,57036,528.599,1980
267625531640388,94,54,57036,528.599,1980
267625581752469,94,54,57036,546.959,1980
267625631858583,94,54,57036,546.959,1980
267625681963337,98,58,57036,564.574,1980
267625732047962,98,58,57036,564.574,1980
267625782249534,98,58,57036,585.25,1980
267625832427731,98,58,57036,585.25,1980
267625882548868,94,56,57036,606.786,1980
267625932678683,94,56,57036,606.786,1980
267625982806969,94,56,57036,615.538,1980
267626032938390,94,56,57036,615.538,1980
267626083054556,94,56,57036,603.21,1980
267626133166662,94,56,57036,603.21,1980
267626183285869,94,56,57036,598.862,1980
267626252338281,94,56,57036,598.862,1980
267626449262142,94,56,57036,559.121,1980
267626513154910,2,2,57036,516.48,1980
267626567100410,2,2,57036,488.364,1980
267626621837698,2,2,57036,488.364,1980
267626671993363,64,31,57036,466.255,1980
267626722131064,64,31,57036,466.255,1980
267626772249453,64,31,57036,444.425,1980
267626826713519,64,31,57036,444.425,1980
267626876854825,72,38,57036,424.559,1980
267626927962735,72,38,57036,424.559,1980
267626978214181,72,38,57036,406.207,1980
267627028713374,72,38,57036,406.207,1980
267627078877793,90,47,57036,388.229,1980
267627128991958,90,47,57036,388.229,1980
267627179190743,90,47,57036,366.55,1980
267627229417866,90,47,57036,366.55,1980
267627279551971,100,53,57036,341.103,1980
267627329691768,100,53,57036,341.103,1980
267627379836103,100,53,57036,389.328,1980
267627429982074,100,53,57036,389.328,1980
267627480161081,97,49,57036,439.293,1980
267627530291634,97,49,57036,439.293,1980
267627580407669,97,49,57036,465.095,1980
267627630524016,97,49,57036,465.095,1980
267627680645873,88,46,57036,488.289,1980
267627730759621,88,46,57036,488.289,1980
267627780871004,88,46,57036,512.813,1980
267627830982978,88,46,57036,512.813,1980
267627881108665,94,54,57036,533.835,1980
267627931225093,94,54,57036,533.835,1980
267627981333949,94,54,57036,552.529,1980
267628031442916,94,54,57036,552.529,1980
267628081553318,94,52,57036,573.532,1980
267628131679258,94,52,57036,573.532,1980
267628181799325,94,52,57036,592.279,1980
267628231913335,94,52,57036,592.279,1980
267628282030123,94,53,57036,618.693,1980
267628332140839,94,53,57036,618.693,1980
267628382249365,94,53,57036,614.363,1980
267628432360339,94,53,57036,614.363,1980
267628482599957,93,53,57036,608.497,1980
267628533364534,93,53,57036,608.497,1980
267628584388850,93,53,57036,585.557,1980
267628635492285,93,53,57036,585.557,1980
267628686186872,31,29,57036,542.8,1980
267628737849827,31,29,57036,542.8,1980
267628788052596,31,29,57036,509.551,1980
267628838299360,31,29,57036,509.551,1980
267628888437745,29,14,57036,483.365,1980
267628939495914,29,14,57036,483.365,1980
267628989633567,29,14,57036,462.05,1980
267629041037210,29,14,57036,462.05,1980
267629091190298,72,37,57036,442.362,1980
267629141406934,72,37,57036,442.362,1980
267629192245768,72,37,57036,418.19,1980
267629242497067,72,37,57036,418.19,1980
267629292621524,91,47,57036,403.399,1980
267629342738784,91,47,57036,403.399,1980
267629392882229,91,47,57036,378.896,1980
267629442993720,91,47,57036,378.896,1980
267629493111207,100,53,57036,349.602,1980
267629543225441,100,53,57036,349.602,1980
267629593336285,100,53,57036,374.712,1980
267629643457163,100,53,57036,374.712,1980
267629693600861,97,50,57036,423.865,1980
267629743734225,97,50,57036,423.865,1980
267629793848949,97,50,57036,465.141,1980
267629843961347,97,50,57036,465.141,1980
267629894075456,91,45,57036,481.718,1980
267629944184735,91,45,57036,481.718,1980
267629994302210,91,45,57036,500.48,1980
267630044413306,91,45,57036,500.48,1980
267630094516634,95,52,57036,519.392,1980
267630144621634,95,52,57036,519.392,1980
267630194744152,95,52,57036,540.019,1980
267630244907447,95,52,57036,540.019,1980
267630295042825,93,52,57036,562.182,1980
267630345175177,93,52,57036,562.182,1980
267630395299396,93,52,57036,586.447,1980
267630445418872,93,52,57036,586.447,1980
267630495531204,96,55,57036,603.04,1980
267630545657437,96,55,57036,603.04,1980
267630595769254,96,55,57036,597.873,1980
267630645883923,96,55,57036,597.873,1980
267630695995664,93,52,57036,589.5,1980
267630746113312,93,52,57036,589.5,1980
267630797283610,93,52,57036,583.411,1980
267630848151479,93,52,57036,583.411,1980
267630899304095,95,64,57036,554.746,1980
267630950382800,95,64,57036,554.746,1980
267631000558756,95,64,57036,516.111,1980
267631052031135,95,64,57036,516.111,1980
267631103259349,2,2,57036,486.181,1980
267631154611465,2,2,57036,486.181,1980
267631204760262,2,2,57036,464.324,1980
267631256260062,2,2,57036,464.324,1980
267631306406638,70,36,57036,440.318,1980
267631356573542,70,36,57036,420.415,1980
267631407385107,70,36,57036,420.415,1980
267631458138112,78,40,57036,403.578,1980
267631508272611,78,40,57036,403.578,1980
267631558410388,78,40,57036,381.533,1980
267631609024829,78,40,57036,381.533,1980
267631659170867,100,53,57036,361.737,1980
267631709308604,100,53,57036,361.737,1980
267631759428305,100,53,57036,341.498,1980
267631809542631,100,53,57036,341.498,1980
267631859669267,78,41,57036,379.971,1980
267631909790304,78,41,57036,379.971,1980
267631959906686,78,41,57036,427.035,1965
267632010026124,78,41,57036,427.035,1965
267632060140559,99,51,57036,469.301,1965
267632110252338,99,51,57036,469.301,1965
267632160362521,99,51,57036,497.976,1980
267632210472717,99,51,57036,497.976,1980
267632260584661,98,53,57036,522.091,1980
267632310709414,98,53,57036,522.091,1980
267632360836962,98,53,57036,535.568,1980
267632410950236,98,53,57036,535.568,1980
267632461058494,94,54,57036,556.154,1980
267632511169032,94,54,57036,556.154,1980
267632561277789,94,54,57036,575.063,1980
267632611385531,94,54,57036,575.063,1980
267632661495296,95,56,57036,589.258,1980
267632711620363,95,56,57036,589.258,1980
267632761748308,95,56,57036,615.316,1980
267632811856728,95,56,57036,615.316,1980
267632861961048,94,53,57036,610.512,1980
267632912047951,94,53,57036,610.512,1980
267632962177336,94,53,57036,599.693,1980
267633012305629,94,53,57036,599.693,1980
267633062423140,93,55,57036,590.137,1980
267633112531622,93,55,57036,590.137,1980
267633163479944,93,55,57036,567.505,1980
267633214793047,93,55,57036,567.505,1980
267633265746173,42,35,57036,522.456,1980
267633316979132,42,35,57036,522.456,1980
267633367161729,42,35,57036,488.238,1980
267633418580998,42,35,57036,488.238,1980
267633468809197,23,11,57036,468.448,1980
267633519603411,23,11,57036,468.448,1980
267633570839972,23,11,57036,447.192,1980
267633621017132,23,11,57036,447.192,1980
267633671270871,67,35,57036,428.325,1980
267633721424640,67,35,57036,428.325,1980
267633772041239,67,35,57036,408.727,1980
267633822327439,67,35,57036,408.727,1980
267633872448371,90,47,57036,386.782,1980
267633922600070,90,47,57036,386.782,1980
267633972750670,90,47,57036,373.339,1980
267634022877258,90,47,57036,373.339,1980
267634073005015,100,53,57036,357.371,1980
267634123142510,100,53,57036,357.371,1980
267634173265467,100,53,57036,367.226,1980
267634223383649,100,53,57036,367.226,1980
267634273502048,90,45,57036,411.892,1980
267634323643664,90,45,57036,411.892,1980
267634373795345,90,45,57036,457.992,1980
267634423909281,90,45,57036,457.992,1980
267634475205069,89,44,57036,479.894,1980
267634525319756,89,44,57036,479.894,1980
267634575432791,89,44,57036,503.946,1980
267634625544497,89,44,57036,503.946,1980
267634675655725,93,51,57036,525.908,1980
267634725770031,93,51,57036,525.908,1980
267634775882850,93,51,57036,542.268,1980
267634825995876,93,51,57036,542.268,1980
267634876106340,93,52,57036,561.651,1980
267634926214913,93,52,57036,561.651,1980
267634976345365,93,52,57036,577.439,1980
267635026461270,93,52,57036,577.439,1980
267635076696428,93,53,57036,600.521,1980
267635126810693,93,53,57036,600.521,1980
267635176919099,93,53,57036,599.68,1980
267635227028781,93,53,57036,599.68,1980
267635277141518,93,52,57036,592.237,1980
267635327267268,93,52,57036,592.237,1980
267635378098324,93,52,57036,582.23,1980
267635429168798,93,52,57036,582.23,1980
267635479787954,76,53,57036,543.355,1980
267635530434005,76,53,57036,543.355,1980
267635580590717,76,53,57036,503.412,1980
267635631530607,76,53,57036,503.412,1980
267635681658603,2,1,57036,477.397,1980
267635731811634,2,1,57036,477.397,1980
267635782979036,2,1,57036,452.274,1980
267635834279430,2,1,57036,452.274,1980
267635884426151,70,36,57036,431.289,1980
267635934746360,70,36,57036,431.289,1980
267635985033223,70,36,57036,418.678,1980
267636035454500,70,36,57036,418.678,1980
267636085851273,92,48,57036,399.249,1980
267636136051603,92,48,57036,399.249,1980
267636186217910,92,48,57036,381.946,1980
267636237584021,92,48,57036,381.946,1980
267636287716469,100,53,57036,358.549,1980
267636337846323,100,53,57036,358.549,1980
267636387971491,100,53,57036,355.245,1980
267636438085650,100,53,57036,355.245,1980
267636488201867,78,39,57036,401.643,1980
267636538315343,78,39,57036,401.643,1980
267636588434340,78,39,57036,441.816,1980
267636638552478,78,39,57036,441.816,1980
267636688670058,95,47,57036,470.216,1980
267636738790767,95,47,57036,470.216,1980
267636788912480,95,47,57036,490.084,1980
267636839027340,95,47,57036,490.084,1980
267636889139650,93,51,57036,512.45,1980
267636939259754,93,51,57036,512.45,1980
267636989394499,93,51,57036,527.247,1980
267637039517753,93,51,57036,527.247,1980
267637089633379,93,52,57036,544.979,1980
267637139744623,93,52,57036,544.979,1980
267637189884967,93,52,57036,564.49,1980
267637240007131,93,52,57036,564.49,1980
267637290142938,93,53,57036,580.868,1980
267637340253569,93,53,57036,580.868,1980
267637390450942,93,53,57036,591.177,1980
267637440562736,93,53,57036,591.177,1980
267637490675013,93,52,57036,580.667,1980
267637544485634,93,52,57036,580.667,1980
267637595191676,93,52,57036,564.52,1980
267637646270838,93,52,57036,564.52,1980
267637696521316,65,47,57036,527.415,1980
267637750178312,65,47,57036,527.415,1980
267637802133005,65,47,57036,488.622,1980
267637852299521,65,47,57036,488.622,1980
267637904014420,2,1,57036,463.33,1980
267637954154706,2,1,57036,463.33,1980
267638005505767,2,1,57036,444.661,1980
267638055641848,2,1,57036,444.661,1980
267638105806353,71,36,57036,430.584,1980
267638155991660,71,36,57036,430.584,1980
267638206163363,71,36,57036,408.065,1980
267638256726003,71,36,57036,408.065,1980
267638307299640,88,45,57036,389.401,1980
267638357782172,88,45,57036,389.401,1980
267638407900764,88,45,57036,375.764,1980
267638458048579,88,45,57036,375.764,1980
267638508171781,100,53,57036,360.871,1980
267638558291981,100,53,57036,360.871,1980
267638608418724,100,53,57036,348.604,1980
267638658535097,100,53,57036,348.604,1980
267638708679810,68,35,57036,398.796,1980
267638758794189,68,35,57036,398.796,1980
267638808903896,68,35,57036,439.863,1980
267638859026043,68,35,57036,439.863,1980
267638909132559,97,49,57036,466.254,1980
267638959240510,97,49,57036,466.254,1980
267639009389717,97,49,57036,488.265,1980
267639059514877,97,49,57036,488.265,1980
267639109621546,94,51,57036,503.796,1980
267639159729283,94,51,57036,503.796,1980
267639209838016,94,51,57036,522.484,1980
267639259948780,94,51,57036,522.484,1980
267639310091513,97,56,57036,538.822,1980
267639360196211,97,56,57036,538.822,1980
267639410303816,97,56,57036,555.846,1980
267639460412903,97,56,57036,555.846,1980
267639510544995,94,53,57036,578.36,1980
267639560706088,94,53,57036,578.36,1980
267639610811929,94,53,57036,594.129,1980
267639660924729,94,53,57036,594.129,1980
267639711071583,96,52,57036,588.771,1980
267639761269900,96,52,57036,588.771,1980
267639812916421,96,52,57036,582.2,1980
267639863605657,98,54,57036,563.727,1980
267639914320719,98,54,57036,563.727,1980
267639965436459,98,54,57036,524.199,1980
267640016092016,98,54,57036,524.199,1980
267640067291584,2,2,57036,485.765,1980
267640118311959,2,2,57036,485.765,1980
267640168684284,2,2,57036,465.255,1980
267640219202552,2,2,57036,465.255,1980
267640270499601,69,35,57036,444.312,1980
267640321333891,69,35,57036,444.312,1980
267640372719090,69,35,57036,424.541,1980
267640423654880,69,35,57036,424.541,1980
267640474783659,75,39,57036,406.37,1980
267640524921521,75,39,57036,406.37,1980
267640575438300,75,39,57036,391.525,1980
267640625823571,75,39,57036,391.525,1980
267640675979501,95,49,57036,368.573,1980
267640726045846,95,49,57036,368.573,1980
267640778525086,95,49,57036,349.828,1980
267640828639169,95,49,57036,349.828,1980
267640878755152,100,53,57036,350.345,1980
267640928880116,100,53,57036,350.345,1980
267640978988923,100,53,57036,397.781,1980
267641029104283,100,53,57036,397.781,1980
267641079213249,97,48,57036,445.126,1980
267641129321773,97,48,57036,445.126,1980
267641179432146,97,48,57036,472.4,1980
267641229540652,97,48,57036,472.4,1980
267641279648514,86,44,57036,492.57,1980
267641329757148,86,44,57036,492.57,1980
267641379859569,86,44,57036,513.022,1980
267641429961166,86,44,57036,513.022,1980
267641480044468,96,51,57036,532.348,1980
267641530149661,96,51,57036,532.348,1980
267641580252778,96,51,57036,554.349,1980
267641630448062,96,51,57036,554.349,1980
267641680613317,94,52,57036,572.046,1980
267641730747234,94,52,57036,572.046,1980
267641780859667,94,52,57036,599.46,1980
267641830968481,94,52,57036,599.46,1980
267641881064070,95,52,57036,609.803,1980
267641931182825,95,52,57036,609.803,1980
267641981395167,95,52,57036,604.836,1980
267642031557935,95,52,57036,604.836,1980
267642081686344,97,55,57036,596.229,1980
267642134904070,97,55,57036,596.229,1980
267642185927065,97,55,57036,578.169,1980
267642236884654,97,55,57036,578.169,1980
267642287897013,47,38,57036,536.508,1980
267642338229292,47,38,57036,536.508,1980
267642388542804,47,38,57036,499.722,1980
267642438664394,47,38,57036,499.722,1980
267642489211551,20,10,57036,477.035,1980
267642539998211,20,10,57036,477.035,1980
267642590955904,20,10,57036,458.266,1980
267642641224378,20,10,57036,458.266,1980
267642691342710,70,36,57036,430.476,1980
267642742491949,70,36,57036,430.476,1980
267642792656108,70,36,57036,413.225,1980
267642843161685,70,36,57036,413.225,1980
267642893302777,86,45,57036,393.87,1980
267642943424808,86,45,57036,393.87,1980
267642994372797,86,45,57036,372.75,1980
267643044491173,86,45,57036,372.75,1980
267643094610870,100,53,57036,358.306,1980
267643144739003,100,53,57036,358.306,1980
267643194897964,100,53,57036,375.757,1980
267643245016874,100,53,57036,375.757,1980
267643295132826,96,48,57036,415.441,1980
267643345251219,96,48,57036,415.441,1980
267643395364111,96,48,57036,449.007,1980
267643445471091,96,48,57036,449.007,1980
267643495577350,91,47,57036,471.538,1980
267643545688213,91,47,57036,471.538,1980
267643595795797,91,47,57036,490.803,1980
267643645903314,91,47,57036,490.803,1980
267643696010810,95,53,57036,513.858,1980
267643746116069,95,53,57036,513.858,1980
267643796225163,95,53,57036,528.546,1980
267643846331895,95,53,57036,528.546,1980
267643896437317,95,53,57036,544.38,1980
267643946545647,95,53,57036,544.38,1980
267643996653542,95,53,57036,562.242,1980
267644046766014,95,53,57036,562.242,1980
267644096898413,94,52,57036,581.41,1980
267644147079583,94,52,57036,581.41,1980
267644197994472,94,52,57036,572.567,1980
267644249047007,94,52,57036,572.567,1980
267644299877972,91,61,57036,532.126,1980
267644350956432,91,61,57036,532.126,1980
267644401308737,91,61,57036,497.762,1980
267644451515187,91,61,57036,497.762,1980
267644502837467,2,2,57036,472.428,1980
267644553647736,2,2,57036,472.428,1980
267644603823202,2,2,57036,447.261,1980
267644653988833,2,2,57036,447.261,1980
267644704099372,65,33,57036,426.948,1980
267644754206476,65,33,57036,426.948,1980
267644804554358,65,33,57036,413.065,1980
267644856077402,65,33,57036,413.065,1980
267644906224048,70,37,57036,395.151,1980
267644957190036,70,37,57036,395.151,1980
267645007348893,70,37,57036,373.392,1980
267645057538440,70,37,57036,373.392,1980
267645108044793,86,44,57036,355.872,1980
267645158829589,86,44,57036,355.872,1980
267645208949858,86,44,57036,341.41,1980
267645259066856,86,44,57036,341.41,1980
267645309184389,100,53,57036,360.381,1980
267645359301991,100,53,57036,360.381,1980
267645409411518,100,53,57036,405.377,1980
267645459516518,100,53,57036,405.377,1980
267645509623105,97,48,57036,440.549,1980
267645559731503,97,48,57036,440.549,1980
267645609841251,97,48,57036,464.142,1980
267645659952558,97,48,57036,464.142,1980
267645710058185,88,46,57036,486.938,1980
267645760165061,88,46,57036,486.938,1980
267645810305176,88,46,57036,511.458,1980
267645860412473,88,46,57036,511.458,1980
267645910525122,96,51,57036,532.964,1980
267645960633504,96,51,57036,532.964,1980
267646010771615,96,51,57036,553.955,1980
267646060880770,96,51,57036,553.955,1980
267646110997871,95,52,57036,568.884,1980
267646161106391,95,52,57036,568.884,1980
267646211212494,95,52,57036,583.83,1980
267646261321913,95,52,57036,583.83,1980
267646311430711,97,51,57036,604.696,1980
267646361560900,97,51,57036,604.696,1980
267646411665786,97,51,57036,597.673,1980
267646461768318,97,51,57036,597.673,1980
267646513076258,98,54,57036,594.553,1980
267646563767870,98,54,57036,594.553,1980
267646614661532,98,54,57036,572.23,1980
267646665716733,2,2,57036,527.847,1980
267646718348316,2,2,57036,527.847,1980
267646769041263,2,2,57036,491.046,1980
267646819950162,2,2,57036,491.046,1980
267646870051048,68,35,57036,469.008,1980
267646920216053,68,35,57036,469.008,1980
267646970335582,68,35,57036,446.855,1980
267647020686634,68,35,57036,446.855,1980
267647071984215,74,38,57036,427.191,1980
267647122469340,74,38,57036,427.191,1980
267647172596954,74,38,57036,409.799,1980
267647223358285,74,38,57036,409.799,1980
267647273578513,92,47,57036,390.192,1980
267647323694695,92,47,57036,390.192,1980
267647373834360,92,47,57036,371.658,1980
267647424020544,92,47,57036,371.658,1980
267647486008085,100,53,57036,348.615,1980
267647537027998,100,53,57036,348.615,1980
267647587149383,100,53,57036,360.25,1980
267647637261682,100,53,57036,360.25,1980
267647687382642,98,48,57036,409.673,1980
267647737493683,98,48,57036,409.673,1980
267647789947893,98,48,57036,450.257,1980
267647840055782,98,48,57036,450.257,1980
267647890160626,89,46,57036,473.048,1980
267647940268623,89,46,57036,473.048,1980
267647990389137,89,46,57036,490.007,1980
267648040509430,89,46,57036,490.007,1980
267648090621185,96,50,57036,508.744,1980
267648140726504,96,50,57036,508.744,1980
267648190831313,96,50,57036,529.179,1980
267648240938672,96,50,57036,529.179,1980
267648291048062,98,54,57036,551.078,1980
267648341167734,98,54,57036,551.078,1980
267648391273356,98,54,57036,571.697,1980
267648441381099,98,54,57036,571.697,1980
267648491487452,94,52,57036,591.839,1980
267648541603004,94,52,57036,591.839,1980
267648591705803,94,52,57036,606.647,1980
267648641861365,94,52,57036,606.647,1980
267648691972678,96,51,57036,600.356,1980
267648742085400,96,51,57036,600.356,1980
267648792191525,96,51,57036,597.813,1980
