t_ns,util_gpu_pct,util_mem_pct,mem_used_mib,power_w,sm_clock_mhz
262405671776363,1,0,962,114.181,1980
262405741423359,1,0,962,114.181,1980
262405791596346,0,0,6852,119.177,1980
262405841806989,0,0,6852,119.177,1980
262405892014123,0,0,6852,124.205,1980
262405942169050,0,0,6852,124.205,1980
262405992293731,14,0,6852,129.355,1980
262406042478258,14,0,6852,129.355,1980
262406092730297,14,0,6852,134.449,1980
262406142992172,14,0,6852,134.449,1980
262406193220683,12,0,6852,139.519,1980
262406243432727,12,0,6852,139.519,1980
262406294269091,12,0,6852,145.442,1980
262406344492178,12,0,6852,145.442,1980
262406394728140,12,0,6852,150.322,1980
262406444960227,12,0,6852,150.322,1980
262406495185285,12,0,6852,152.738,1980
262406545405310,12,0,6852,152.738,1980
262406595632267,12,0,6852,152.556,1980
262406645849561,12,0,6852,152.556,1980
262406696070416,12,0,6852,152.648,1980
262406746285860,12,0,6852,152.648,1980
262406798276505,14,0,6852,152.739,1980
262406908653385,14,0,6872,152.81,1980
262406989927667,14,0,6872,152.662,1980
262407060633590,0,0,6872,152.662,1980
262407209930458,0,0,6872,152.536,1980
262407260055754,0,0,6872,152.536,1980
262407310163961,0,0,6872,152.436,1980
262407360320032,0,0,6872,152.436,1980
262407410447511,0,0,6872,152.327,1980
262407460562745,0,0,6872,152.327,1980
262407568245725,0,0,6872,152.197,1980
262407723663457,0,0,6872,152.006,1980
262407798956135,0,0,6872,151.87,1980
262407937258644,0,0,6872,151.797,1980
262408002562214,0,0,6872,151.8,1980
262408078093238,0,0,6872,151.822,1980
262408143403236,0,0,6872,151.822,1980
262408208700154,0,0,6872,151.848,1980
262408273997421,0,0,6872,151.827,1980
262408339283676,0,0,6872,151.827,1980
262408765634934,0,0,6872,151.847,1980
262408841121428,0,0,6872,151.869,1980
262408906416304,0,0,6872,151.897,1980
262408971700140,0,0,6872,151.897,1980
262409031930828,0,0,6872,151.928,1980
262409102275726,0,0,6872,151.9,1980
262409172616932,0,0,6872,151.9,1980
262409633922484,0,0,6872,151.837,1980
262409694600743,0,0,6872,151.825,1980
262409746769420,0,0,6872,151.825,1980
262409796919735,0,0,6872,151.789,1980
262409847389006,0,0,6872,151.789,1980
262409899287499,0,0,6872,151.762,1980
262409949721096,0,0,6872,151.762,1980
262410001581726,0,0,6872,151.727,1980
262410055473376,0,0,6872,151.727,1980
262410106306272,0,0,6872,151.714,1980
262410156488184,0,0,6872,151.714,1980
262410210633932,0,0,6872,151.734,1980
262410260842152,0,0,6872,151.734,1980
262410311372147,0,0,6872,151.707,1980
262410371672404,0,0,6872,151.707,1980
262410423300968,0,0,6872,151.704,1980
262410473419170,0,0,6872,151.704,1980
262410523836221,0,0,6872,151.719,1980
262410573989684,0,0,6872,151.732,1980
262410913590620,0,0,6872,151.723,1980
262410963953092,0,0,7036,151.723,1980
262411264026248,0,0,7036,151.811,1980
262411314257438,0,0,7482,151.836,1980
262411366199262,0,0,7520,151.836,1980
262411416419088,1,0,7520,151.864,1980
262411466589122,1,0,7520,151.864,1980
262411517308519,1,0,7520,151.893,1980
262411569536707,1,0,7520,151.893,1980
262411619665984,0,0,7520,151.901,1980
262411672365425,0,0,7520,151.901,1980
262411722481553,0,0,7520,151.932,1980
262411780878716,0,0,7520,151.962,1980
262411830992740,0,0,7520,151.962,1980
262411881104404,0,0,7520,151.963,1980
262411932628638,0,0,7520,151.963,1980
262411986537318,0,0,7520,151.94,1980
262412036702302,0,0,7520,151.94,1980
262412086833237,0,0,7520,151.975,1980
262412136950203,0,0,7520,151.975,1980
262412194070815,0,0,7520,151.986,1980
262412244502869,0,0,8596,151.986,1980
262412294733619,0,0,10136,152.006,1980
262412344871765,0,0,10136,152.006,1980
262412395415845,0,0,10582,151.989,1980
262412445619629,0,0,10582,151.989,1980
262412495842692,0,0,10582,151.952,1980
262412546067240,0,0,10582,151.952,1980
262412596301022,0,0,10582,151.979,1980
262412646466248,0,0,10582,151.979,1980
262412696680072,0,0,10582,152.07,1980
262412746921647,0,0,10582,152.07,1980
262412797143421,14,0,10582,152.181,1980
262412847299853,14,0,10582,152.181,1980
262412897423845,14,0,10582,152.293,1980
262412947541483,14,0,10582,152.293,1980
262412997740392,14,0,10582,152.433,1980
262413085669768,14,0,10582,152.479,1980
262413534519148,0,0,10582,152.463,1980
262413972371269,0,0,10116,152.085,1980
262414423375116,0,0,10156,151.834,1980
262414473584937,0,0,10156,151.834,1980
262414523746057,0,0,10156,151.808,1980
262414573909869,0,0,10156,151.808,1980
262414624044587,0,0,10156,151.806,1980
262414674163896,0,0,10156,151.806,1980
262414724321319,0,0,10156,151.765,1980
262414774464864,0,0,10156,151.765,1980
262414824608783,0,0,10156,151.782,1980
262414874760852,0,0,10156,151.782,1980
262414924888992,0,0,10156,151.782,1980
262414975039495,0,0,10156,151.781,1980
262415025173916,0,0,10156,151.781,1980
262415075296203,0,0,10156,151.764,1980
262415125462961,0,0,10156,151.764,1980
262415175628648,0,0,10156,151.708,1980
262415225755175,0,0,10156,151.708,1980
262415275902963,0,0,10156,151.639,1980
262415326061235,0,0,10156,151.639,1980
262415376208438,0,0,10156,151.589,1980
262415426375376,0,0,10156,151.589,1980
262415476502545,0,0,10156,151.571,1980
262415526665878,0,0,10156,151.571,1980
262415576826548,0,0,10156,151.524,1980
262415626951822,0,0,10156,151.524,1980
262415677063588,0,0,10156,151.495,1980
262415727224244,0,0,10156,151.495,1980
262415777387325,0,0,10156,151.414,1980
262415827553558,0,0,10156,151.414,1980
262415877728418,0,0,10156,151.361,1980
262415928105589,0,0,10156,151.361,1980
262415979012140,0,0,10156,151.307,1980
262416029188598,0,0,10156,151.307,1980
262416079357006,0,0,10156,151.226,1980
262416129529656,0,0,10156,151.226,1980
262416179693522,0,0,10156,151.217,1980
262416229859436,0,0,10156,151.217,1980
262416280027124,0,0,10156,151.236,1980
262416330190789,0,0,10156,151.236,1980
262416380352782,0,0,10156,151.248,1980
262416430479483,0,0,10156,151.248,1980
262416480606633,0,0,10156,151.22,1980
262416530764327,0,0,10156,151.22,1980
262416580925909,0,0,10156,151.2,1980
262416631084235,0,0,10156,151.2,1980
262416691740684,0,0,10156,151.174,1980
262416757110587,0,0,10156,151.174,1980
262416818705842,0,0,10156,151.203,1980
262416868930941,0,0,10184,151.203,1980
262416919149498,0,0,10282,151.19,1980
262416969352582,0,0,10574,151.19,1980
262417019560237,0,0,10574,159.304,1980
262417747404831,0,0,10574,162.037,1980
262418092978744,0,0,10254,151.182,1980
262418436701820,0,0,10282,151.156,1980
262418486935607,0,0,10366,151.722,1980
262418537050777,0,0,10368,151.722,1980
262418587235216,9,3,10348,152.976,1980
262418637402430,9,3,10370,152.976,1980
262418687590003,9,3,10376,153.676,1980
262418737802649,9,3,10378,153.676,1980
262418787987146,9,3,10364,154.739,1980
262418838112661,9,3,10368,154.739,1980
262418888236450,9,3,10372,156.785,1980
262418938342891,9,3,10374,156.785,1980
262418988560875,9,3,10380,157.4,1980
262419038814060,9,3,10382,157.4,1980
262419088956755,9,3,10388,158.537,1980
262419139065880,9,3,10392,158.537,1980
262419189214733,9,3,10396,159.515,1980
262419239536022,9,3,10402,159.515,1980
262419289813178,9,3,10418,160.722,1980
262419658141104,0,0,10406,159.398,1980
262420023119617,0,0,10320,155.125,1980
262420073815481,0,0,18718,155.125,1980
262420123970897,0,0,18718,155.193,1980
262420174314836,0,0,18718,155.193,1980
262420224497187,1,2,18718,154.16,1980
262420275312364,1,2,18718,154.16,1980
262420325534263,1,2,18718,153.147,1980
262420375736388,1,2,18718,153.147,1980
262420425881707,0,0,18718,152.323,1980
262420480748858,0,0,18718,152.301,1980
262420530897472,0,0,18718,152.301,1980
262420581092196,0,0,18718,152.309,1980
262420633923772,0,0,18718,152.309,1980
262420684070391,0,0,19038,153.105,1980
262420734264570,0,0,19038,153.105,1980
262420784445939,17,9,19040,160.966,1980
262420835347439,17,9,19040,160.966,1980
262420885515937,17,9,19042,161.649,1980
262420935679857,17,9,19042,161.649,1980
262420985821375,2,0,19042,161.661,1980
262421035949421,2,0,19042,161.661,1980
262421573514374,0,0,18790,161.852,1980
262421623722799,0,0,18874,161.991,1980
262421674080637,0,0,18872,161.991,1980
262421724326340,0,0,18868,163.539,1980
262421774581518,0,0,18848,163.539,1980
262421824800225,12,3,18866,157.245,1980
262421874980274,12,3,18864,157.245,1980
262421925203303,12,3,18860,157.461,1980
262421975498488,12,3,18860,157.461,1980
262422025666857,11,3,18868,158.786,1980
262422075874029,11,3,18848,158.786,1980
262422126130079,11,3,18848,158.481,1980
262422176350673,11,3,18848,158.481,1980
262422226518361,10,3,18868,158.92,1980
262422276720768,10,3,18848,158.92,1980
262422327041192,10,3,18848,160.194,1980
262422377222878,10,3,18848,160.194,1980
262422427428076,8,2,18872,161.675,1980
262422477596286,8,2,18874,164.191,1980
262422527760289,8,2,18854,164.191,1980
262422577999905,13,5,18858,165.869,1980
262423077563187,0,0,18858,158.429,1980
262423127759667,0,0,18858,158.429,1980
262423180219518,0,0,18858,157.648,1980
262423232306418,0,0,18858,157.648,1980
262423282487368,0,0,18858,156.809,1980
262423332668220,0,0,18858,156.809,1980
262423382924079,0,0,18858,155.104,1980
262423433109626,0,0,18858,155.104,1980
262423483281196,0,0,18858,152.92,1980
262423533428709,0,0,18858,152.92,1980
262423583618037,0,0,18858,151.174,1980
262423634478674,0,0,18858,151.174,1980
262423684682498,0,0,18858,150.689,1980
262423734879976,0,0,18858,150.689,1980
262423785147966,0,0,18858,150.676,1980
262423835367697,0,0,18858,150.676,1980
262423885638538,0,0,18858,150.669,1980
262423936989173,0,0,18858,150.669,1980
262423987159684,0,0,18858,150.65,1980
262424038720239,0,0,18858,150.65,1980
262424089322966,0,0,18858,150.634,1980
262424156473394,0,0,18858,150.634,1980
262424601867732,0,0,18858,150.568,1980
262424652242304,0,0,18858,150.568,1980
262424702445611,0,0,18858,150.6,1980
262424810956448,0,0,18858,150.594,1980
262424958483201,0,0,18858,150.584,1980
262425012031080,0,0,18858,150.582,1980
262425062672096,0,0,18858,150.582,1980
262425113548049,0,0,18858,150.952,1980
262425164550563,0,0,18858,150.952,1980
262425214704325,2,2,18858,151.403,1980
262425264832831,2,2,18894,151.403,1980
262425438342734,2,2,18894,156.468,1980
262425492769917,9,4,18894,161.501,1980
262425542991420,9,4,18894,161.501,1980
262425593177150,63,31,18894,180.54,1980
262425643897825,63,31,18894,180.54,1980
262425694668866,63,31,18894,202.168,1980
262425744812307,63,31,18894,202.168,1980
262425795909623,74,37,18894,223.005,1980
262425846112283,74,37,18894,223.005,1980
262425896333206,74,37,18894,243.801,1980
262425947347303,74,37,18894,243.801,1980
262425998134697,87,43,18894,266.428,1980
262426048365870,87,43,18894,266.428,1980
262426098528339,87,43,18894,288.258,1980
262426148694388,87,43,18894,288.258,1980
262426198851014,92,45,18894,310.528,1980
262426249054330,92,45,18894,310.528,1980
262426299520923,92,45,18894,327.257,1980
262426349854031,92,45,18894,327.257,1980
262426400054904,98,50,18894,342.971,1980
262426450222699,98,50,18894,342.971,1980
262426500443352,98,50,18894,359.0,1980
262426550754578,98,50,18894,359.0,1980
262426600976678,100,51,18894,360.118,1980
262426651131753,100,51,18894,360.118,1980
262426701326018,100,51,18894,356.459,1980
262426751536040,100,51,18894,356.459,1980
262426801709426,100,51,18894,353.275,1980
262426855362533,100,51,18894,353.275,1980
262426906262581,100,51,18894,344.963,1980
262426956460081,100,51,18928,344.963,1980
262427006661917,8,3,20418,324.192,1980
262427056812215,8,3,25994,324.192,1980
262427106956946,8,3,28374,337.186,1980
262427157076335,8,3,28374,337.186,1980
262427207250815,93,52,28374,365.803,1980
262427257386308,93,52,28374,365.803,1980
262427307522248,93,52,28374,395.288,1980
262427357647746,93,52,28374,395.288,1980
262427407766841,99,55,28374,424.734,1980
262427457968487,99,55,28374,424.734,1980
262427508189448,99,55,28374,452.552,1965
262427558352450,99,55,33940,452.552,1965
262427608501165,34,18,43278,455.852,1965
262427658625147,34,18,48098,455.852,1965
262427708798738,34,18,48098,457.992,1965
262427758950259,34,18,48098,457.992,1965
262427809104681,90,52,50478,482.603,1980
262427859280869,90,52,55232,482.603,1980
262427909440415,90,52,55232,516.683,1980
262427959615641,90,52,55232,516.683,1980
262428009783962,100,59,55232,557.525,1980
262428059934031,100,59,55232,557.525,1980
262428110046973,100,59,55232,567.802,1980
262428160217485,100,59,55232,567.802,1980
262428210400133,100,57,55232,558.639,1980
262428260549873,100,57,55232,558.639,1980
262428310667997,100,57,55232,551.731,1980
262428360793037,100,57,55232,551.731,1980
262428410958872,100,57,55232,547.309,1980
262428461082899,100,57,55232,547.309,1980
262428511213148,100,57,55232,548.406,1980
262428561366098,100,57,55232,548.406,1980
262428611516664,97,57,55232,570.079,1980
262428661648925,97,57,55232,570.079,1980
262428711777859,97,57,55232,593.638,1980
262428761907809,97,57,55232,593.638,1980
262428812023316,97,56,55232,600.455,1980
262428862137298,97,56,55232,600.455,1980
262428912305598,97,56,55232,601.143,1965
262428962442751,97,56,55232,601.143,1965
262429012560218,97,56,55232,601.981,1965
262429062671079,97,56,55232,601.981,1965
262429112791259,97,56,55232,602.705,1980
262429162973204,97,56,55232,602.705,1980
262429213845226,73,44,55232,580.406,1980
262429264782696,73,44,55232,580.406,1980
262429315510592,73,44,55232,538.89,1980
262429366490793,73,44,55232,538.89,1980
262429419834151,2,2,55232,495.304,1980
262429472113365,2,2,55232,495.304,1980
262429524088004,2,2,55232,465.641,1980
262429575319559,2,2,55232,465.641,1980
262429626077064,74,36,55232,443.681,1980
262429678037183,74,36,55232,443.681,1980
262429729241873,74,36,55232,419.176,1980
262429780038334,74,36,55232,419.176,1980
262429831279779,80,39,55232,395.337,1980
262429882244949,80,39,55232,369.435,1980
262429932851235,80,39,55232,369.435,1980
262429983056584,89,44,55232,345.833,1980
262430033456551,89,44,55232,345.833,1980
262430084405578,89,44,55232,328.698,1980
262430135540865,89,44,55232,328.698,1980
262430185708749,100,49,55232,327.282,1980
262430235877719,100,49,55232,327.282,1980
262430286433809,100,49,55232,347.497,1980
262430337238501,100,49,55232,347.497,1980
262430387449087,100,51,55232,369.627,1980
262430437689266,100,51,55232,369.627,1980
262430487848893,100,51,55232,371.949,1980
262430538135983,100,51,55232,371.949,1980
262430588301909,100,50,55232,371.131,1980
262430638471933,100,50,55232,371.131,1980
262430688701867,100,50,55232,369.465,1980
262430738869877,100,50,55232,369.465,1980
262430789037064,100,51,55232,362.221,1980
262430839217624,100,51,55232,362.221,1980
262430889355724,100,51,55232,387.189,1965
262430939486881,100,51,55232,387.189,1965
262430989607968,92,53,55232,417.756,1965
262431039774271,92,53,55232,417.756,1965
262431089921118,92,53,55232,444.55,1965
262431140063735,92,53,55232,444.55,1965
262431190187866,98,55,55232,471.703,1965
262431240358027,98,55,55232,471.703,1965
262431290505872,98,55,57528,493.373,1965
262431340620226,98,55,57530,493.373,1965
262431390769837,76,45,57530,507.787,1965
262431440950344,76,45,57530,507.787,1965
262431491062434,76,45,66008,535.555,1980
262431541216688,76,45,66008,535.555,1980
262431591359595,98,59,66008,556.721,1980
262431641500610,98,59,66008,556.721,1980
262431691625973,98,59,66008,585.857,1980
262431741834129,98,59,66008,585.857,1980
262431791979010,98,60,66008,608.92,1980
262431842051306,98,60,66008,608.92,1980
262431892162609,98,60,66008,615.067,1980
262431942281325,98,60,66008,615.067,1980
262431992461373,98,61,66008,602.114,1980
262432042599765,98,61,66008,602.114,1980
262432092727999,98,61,66008,597.153,1980
262432142846180,98,61,66008,597.153,1980
262432192954682,100,60,66008,588.256,1980
262432243070085,100,60,66008,588.256,1980
262432293186179,100,60,66008,588.419,1980
262432343320181,100,60,66008,588.419,1980
262432393437455,97,57,66008,594.8,1980
262432443601195,97,57,66008,594.8,1980
262432493768808,97,57,66008,598.264,1980
262432543896864,97,57,66008,598.264,1980
262432594017859,97,57,66008,597.162,1980
262432644177507,97,57,66008,597.162,1980
262432694338454,97,57,66008,597.317,1980
262432745531453,97,57,66008,597.317,1980
262432797080496,80,57,66008,569.573,1980
262432847798193,80,57,66008,569.573,1980
262432898573444,80,57,66008,527.852,1980
262432948698403,80,57,66008,527.852,1980
262432999114738,2,2,66008,492.907,1980
262433049248398,2,2,66008,492.907,1980
262433100466700,2,2,66008,469.768,1980
262433150614866,2,2,66008,469.768,1980
262433201536839,74,37,66008,444.715,1980
262433252181367,74,37,66008,444.715,1980
262433302660242,74,37,66008,423.987,1980
262433352811851,74,37,66008,423.987,1980
262433404294124,80,40,66008,397.981,1980
262433454869032,80,40,66008,397.981,1980
262433505723445,80,40,66008,374.793,1980
262433555855181,80,40,66008,374.793,1980
262433606431425,94,45,66008,353.638,1980
262433657167481,94,45,66008,353.638,1980
262433707362366,94,45,66008,336.248,1980
262433757863278,94,45,66008,336.248,1980
262433808328891,100,50,66008,337.8,1980
262433858768357,100,50,66008,337.8,1980
262433909116573,100,50,66008,358.672,1980
262433959291627,100,50,66008,358.672,1980
262434009462214,100,50,66008,369.295,1980
262434059790796,100,50,66008,369.295,1980
262434109999938,100,50,66008,367.986,1980
262434160163815,100,50,66008,367.986,1980
262434210317821,100,51,66008,366.41,1980
262434260437576,100,51,66008,366.41,1980
262434310596481,100,51,66008,363.74,1980
262434360773494,100,51,66008,363.74,1980
262434410949676,100,51,66008,354.997,1980
262434461091508,100,51,66008,354.997,1980
262434511219729,100,51,66008,385.909,1980
262434561373266,100,51,66008,385.909,1980
262434611518128,99,55,66008,414.461,1965
262434661661326,99,55,66008,414.461,1965
262434711790604,99,55,66008,442.65,1965
262434761915638,99,55,66008,442.65,1965
262434812040311,99,55,66008,469.92,1965
262434862203566,99,55,66008,469.92,1965
262434912344451,99,55,66008,499.047,1965
262434962466555,99,55,66008,499.047,1965
262435012602351,86,52,66008,523.873,1965
262435062772826,86,52,66008,523.873,1965
262435112932370,86,52,66008,550.052,1980
262435163073886,86,52,66008,550.052,1980
262435213196020,95,58,66008,578.001,1980
262435263312791,95,58,66008,578.001,1980
262435313474028,95,58,66008,599.171,1980
262435363637702,95,58,66008,599.171,1980
262435413771386,98,60,66008,626.844,1980
262435463915622,98,60,66008,626.844,1980
262435514080250,98,60,66008,630.006,1980
262435564252006,98,60,66008,630.006,1980
262435614389165,98,60,66008,622.656,1965
262435664548500,98,60,66008,622.656,1965
262435714716210,98,60,66008,616.339,1965
262435764846324,98,60,66008,616.339,1965
262435815018084,98,60,66008,607.84,1980
262435865154869,98,60,66008,607.84,1980
262435915271810,98,60,66008,605.393,1980
262435965386087,98,60,66008,605.393,1980
262436015558188,98,60,66008,606.17,1980
262436065754737,98,60,66008,606.17,1980
262436115885541,98,60,66008,612.228,1980
262436165996917,98,60,66008,612.228,1980
262436216261777,98,60,66008,608.536,1980
262436266396566,98,60,66008,608.536,1980
262436316544774,98,60,66008,609.704,1980
262436366684434,98,60,66008,609.704,1980
262436418369600,98,61,66008,610.995,1980
262436469287191,98,61,66008,610.995,1980
262436520308453,98,61,66008,577.429,1980
262436571077736,98,61,66008,577.429,1980
262436628730244,2,2,66008,532.933,1980
262436679829123,2,2,66010,532.933,1980
262436730112933,2,2,66010,496.028,1980
262436780743026,2,2,66010,496.028,1980
262436831017525,65,31,66010,472.623,1980
262436882313728,65,31,66010,472.623,1980
262436932723900,65,31,66010,446.132,1980
262436983955151,65,31,66010,424.949,1980
262437035250899,79,39,66010,424.949,1980
262437086078867,79,39,66010,395.171,1980
262437136291996,79,39,66010,395.171,1980
262437186488659,94,46,66010,373.977,1980
262437236636215,94,46,66010,373.977,1980
262437286855022,94,46,66010,351.013,1980
262437337628562,94,46,66010,351.013,1980
262437388382189,100,49,66010,334.53,1980
262437438804129,100,49,66010,334.53,1980
262437488998656,100,49,66010,338.39,1980
262437539475837,100,49,66010,338.39,1980
262437589653705,100,50,66010,358.375,1980
262437639896246,100,50,66010,358.375,1980
262437690195533,100,50,66010,375.425,1980
262437740393899,100,50,66010,375.425,1980
262437790537091,100,51,66010,376.34,1980
262437840682990,100,51,66010,376.34,1980
262437890885480,100,51,66010,374.624,1980
262437941086243,100,51,66010,374.624,1980
262437991259613,100,51,66010,371.966,1980
262438041637926,100,51,66010,371.966,1980
262438091807663,100,51,66010,372.004,1980
262438141938791,100,51,66010,372.004,1980
262438192103192,81,45,66010,403.587,1980
262438242240668,81,45,66010,403.587,1980
262438292383655,81,45,66010,431.39,1965
262438342492618,81,45,66010,431.39,1965
262438392654402,99,55,66010,459.908,1965
262438442825991,99,55,66010,459.908,1965
262438492988312,99,55,66010,486.475,1980
262438543125027,99,55,66010,486.475,1980
262438593245341,98,55,66010,510.542,1980
262438643406162,98,55,66010,510.542,1980
262438693576859,98,55,66010,531.458,1965
262438743761640,98,55,66010,531.458,1965
262438793906081,100,56,66010,552.504,1965
262438844044674,100,56,66010,552.504,1965
262438894207562,100,56,66010,579.295,1965
262438944350252,100,56,66010,579.295,1965
262438994472347,100,57,66010,609.107,1980
262439044630008,100,57,66010,609.107,1980
262439094792944,100,57,66010,633.62,1980
262439144956701,100,57,66010,633.62,1980
262439195073652,100,58,66010,624.524,1980
262439245187914,100,58,66010,624.524,1980
262439295332946,100,58,66010,620.785,1965
262439345475949,100,58,66010,620.785,1965
262439395609595,100,57,66010,616.46,1965
262439445774192,100,57,66010,616.46,1965
262439495902699,100,57,66010,611.048,1965
262439546026080,100,57,66010,611.048,1965
262439596140574,100,58,66010,609.987,1965
262439646285184,100,58,66010,609.987,1965
262439696415750,100,58,66010,617.059,1965
262439746586761,100,58,66010,617.059,1965
262439796720383,100,58,66010,618.014,1965
262439846830570,100,58,66010,618.014,1965
262439896936625,100,58,66010,619.158,1965
262439947084334,100,58,66010,619.158,1965
262439997218763,100,58,66010,619.706,1980
262440047334876,100,58,66010,619.706,1980
262440097440587,100,58,66010,620.636,1980
262440147590880,100,58,66010,620.636,1980
262440198502815,100,58,66010,612.903,1980
262440249501057,100,58,66010,612.903,1980
262440300346901,100,58,66010,565.125,1980
262440350944983,100,58,66010,565.125,1980
262440401563220,2,2,66010,517.957,1980
262440452880939,2,2,66010,517.957,1980
262440503046122,2,2,66010,493.079,1980
262440554399414,2,2,66010,493.079,1980
262440605970140,74,36,66010,466.174,1980
262440656091834,74,36,66010,466.174,1980
262440706256299,74,36,66010,443.16,1980
262440756925197,74,36,66010,443.16,1980
262440807512040,79,39,66010,416.462,1980
262440857687121,79,39,66010,416.462,1980
262440909129913,79,39,66010,391.805,1980
262440959363240,79,39,66010,391.805,1980
262441009697685,90,44,66010,375.133,1980
262441059838059,90,44,66010,375.133,1980
262441111342101,90,44,66010,344.318,1980
262441161480557,90,44,66010,344.318,1980
262441211594409,100,49,66010,332.903,1980
262441262004300,100,49,66010,332.903,1980
262441312146282,100,49,66010,354.357,1980
262441362435942,100,49,66010,354.357,1980
262441412751212,100,50,66010,372.532,1980
262441462906650,100,50,66010,372.532,1980
262441513048322,100,50,66010,382.51,1980
262441563185384,100,50,66010,382.51,1980
262441613342410,100,51,66010,382.149,1980
262441663545237,100,51,66010,382.149,1980
262441713764216,100,51,66010,379.359,1980
262441763942116,100,51,66010,379.359,1980
262441815482857,100,51,66010,376.389,1980
262441865634896,100,51,66010,376.389,1980
262441915767995,100,51,66010,381.349,1980
262441965887119,100,51,66010,381.349,1980
262442015997013,99,55,66010,409.211,1980
262442066177875,99,55,66010,409.211,1980
262442116310047,99,55,66010,436.369,1980
262442166423317,99,55,66010,436.369,1980
262442216527992,99,55,66010,462.361,1965
262442266638541,99,55,66010,462.361,1965
262442316750859,99,55,66010,489.553,1965
262442366915157,99,55,66010,489.553,1965
262442417048805,89,49,66010,513.519,1965
262442467160500,89,49,66010,513.519,1965
262442517299859,89,49,66010,530.925,1980
262442567415915,89,49,66010,530.925,1980
262442617533287,97,54,66010,558.682,1980
262442667726722,97,54,66010,558.682,1980
262442717906458,97,54,66010,588.122,1980
262442768055526,97,54,66010,588.122,1980
262442818180373,97,55,66010,610.353,1980
262442868291878,97,55,66010,610.353,1980
262442918406967,97,55,66010,632.185,1980
262442968513624,97,55,66010,632.185,1980
262443018623904,97,55,66010,628.353,1980
262443068732683,97,55,66010,628.353,1980
262443118841618,97,55,66010,622.305,1980
262443168948946,97,55,66010,622.305,1980
262443219077576,97,55,66010,619.833,1980
262443269258484,97,55,66010,619.833,1980
262443319398381,97,55,66010,613.25,1980
262443369510182,97,55,66010,613.25,1980
262443419615813,97,55,66010,614.235,1980
262443470409104,97,55,66010,614.235,1980
262443520523565,97,55,66010,612.813,1980
262443570628654,97,55,66010,612.813,1980
262443620732464,97,56,66010,610.213,1980
262443670845693,97,56,66010,610.213,1980
262443720955181,97,56,66010,609.025,1980
262443771051133,97,56,66010,609.025,1980
262443821157688,96,56,66010,611.555,1980
262443871263905,96,56,66010,611.555,1980
262443922141035,96,56,66010,609.695,1980
262443973100528,96,56,66010,609.695,1980
262444024207394,54,43,66010,568.888,1980
262444075024172,54,43,66010,568.888,1980
262444125186679,54,43,66010,524.054,1980
262444175336597,54,43,66010,524.054,1980
262444226630695,16,8,66010,492.751,1980
262444276958333,16,8,66010,492.751,1980
262444328730299,16,8,66010,470.628,1980
262444380050500,16,8,66010,470.628,1980
262444430902317,74,37,66010,441.076,1980
262444481059726,74,37,66010,441.076,1980
262444531214740,74,37,66010,421.595,1980
262444581411759,74,37,66010,421.595,1980
262444631556654,85,42,66010,401.12,1980
262444682099191,85,42,66010,401.12,1980
262444732591991,85,42,66010,376.756,1980
262444783058391,85,42,66010,376.756,1980
262444833194422,100,49,66010,355.942,1980
262444883841439,100,49,66010,355.942,1980
262444934024349,100,49,66010,335.471,1980
262444984259575,100,49,66010,335.471,1980
262445034412618,100,51,66010,352.323,1980
262445084565916,100,51,66010,352.323,1980
262445134744325,100,51,66010,372.516,1980
262445185077962,100,51,66010,372.516,1980
262445235260242,100,50,66010,374.872,1980
262445285504511,100,50,66010,374.872,1980
262445335641699,100,50,66010,374.717,1980
262445385855327,100,50,66010,374.717,1980
262445436037636,100,51,66010,371.827,1980
262445491184251,100,51,66010,369.05,1980
262445541312697,100,51,66010,369.05,1980
262445591432611,72,38,66010,386.83,1980
262445641588297,72,38,66010,386.83,1980
262445691746270,72,38,66010,420.565,1950
262445741882029,72,38,66010,420.565,1950
262445792006037,99,56,66010,449.758,1965
262445842152450,99,56,66010,449.758,1965
262445892319587,99,56,66010,477.181,1965
262445942739516,99,56,66010,477.181,1965
262445992924793,99,56,66010,496.783,1950
262446043079780,99,56,66010,496.783,1950
262446093213718,99,56,66010,524.095,1965
262446143375708,99,56,66010,524.095,1965
262446193522771,100,59,66010,550.679,1965
262446244572589,100,59,66010,550.679,1965
262446294721771,100,59,66010,581.153,1980
262446345089772,100,59,66010,581.153,1980
262446395244452,100,57,66010,602.224,1980
262446445373097,100,57,66010,602.224,1980
262446495487877,100,57,66010,631.181,1980
262446545611837,100,57,66010,631.181,1980
262446595776624,100,57,66010,644.051,1980
262446645934767,100,57,66010,644.051,1980
262446696089725,100,57,66010,634.87,1980
262446746222565,100,57,66010,634.87,1980
262446796345792,97,57,66010,627.689,1980
262446846509412,97,57,66010,627.689,1980
262446896637605,97,57,66010,619.981,1980
262446946784630,97,57,66010,619.981,1980
262446996931834,97,56,66010,616.049,1980
262447047088485,97,56,66010,616.049,1980
262447097265168,97,56,66010,618.909,1980
262447147414242,97,56,66010,618.909,1980
262447197544780,96,56,66010,617.955,1980
262447247712047,96,56,66010,617.955,1980
262447298502481,96,56,66010,612.748,1980
262447348637668,96,56,66010,612.748,1980
262447398765011,96,56,66010,617.777,1950
262447448885324,96,56,66010,617.777,1950
262447499038464,96,56,66010,616.462,1965
262447549709527,96,56,66010,616.462,1965
262447600551961,81,58,66010,589.845,1965
262447651530775,81,58,66010,589.845,1965
262447702239364,81,58,66010,541.706,1980
262447754360048,81,58,66010,541.706,1980
262447804566780,2,2,66010,507.64,1980
262447855969170,2,2,66010,507.64,1980
262447907091080,2,2,66010,480.925,1980
262447958422171,2,2,66010,480.925,1980
262448009747763,76,37,66010,454.559,1980
262448060664328,76,37,66010,454.559,1980
262448110837928,76,37,66010,433.963,1980
262448161035013,76,37,66010,433.963,1980
262448211324682,78,38,66010,411.065,1980
262448261850837,78,38,66010,411.065,1980
262448312537362,78,38,66010,386.835,1980
262448363153727,78,38,66010,386.835,1980
262448413305774,99,49,66010,367.054,1980
262448463433350,99,49,66010,367.054,1980
262448513602750,99,49,66010,336.288,1980
262448563779721,99,49,66010,336.288,1980
262448613955116,100,51,66010,341.068,1980
262448664097711,100,51,66010,341.068,1980
262448714402457,100,51,66010,359.776,1980
262448764536901,100,51,66010,359.776,1980
262448814659118,100,51,66010,370.784,1980
262448864798352,100,51,66010,370.784,1980
262448914934975,100,51,66010,369.288,1980
262448965142397,100,51,66010,369.288,1980
262449015343627,100,51,66010,367.764,1980
262449065718938,100,51,66010,367.764,1980
262449121422302,100,51,66010,364.852,1980
262449171549000,100,51,66010,364.852,1980
262449221706906,79,40,66010,368.31,1980
262449271873316,79,40,66010,368.31,1980
262449322053715,79,40,66010,401.125,1980
262449372232686,79,40,66010,401.125,1980
262449422377476,99,56,66010,433.763,1950
262449472528334,99,56,66010,433.763,1950
262449522668544,99,56,66010,461.938,1965
262449572792701,99,56,66010,461.938,1965
262449622929170,99,54,66010,489.852,1965
262449673094897,99,54,66010,489.852,1965
262449723267960,99,54,66010,517.123,1965
262449773434913,99,54,66010,517.123,1965
262449823566454,94,56,66010,539.104,1965
262449873683244,94,56,66010,539.104,1965
262449923833114,94,56,66010,570.233,1980
262449973968733,94,56,66010,570.233,1980
262450024141151,98,60,66010,596.284,1980
262450074280543,98,60,66010,596.284,1980
262450124398226,98,60,66010,625.381,1980
262450175374490,98,60,66010,625.381,1980
262450225512110,98,61,66010,644.146,1980
262450275622905,98,61,66010,644.146,1980
262450325730681,98,61,66010,636.408,1980
262450375845424,98,61,66010,636.408,1980
262450425957580,98,60,66010,620.633,1980
262450476067605,98,60,66010,620.633,1980
262450526205896,98,60,66010,611.87,1980
262450576358142,98,60,66010,611.87,1980
262450626549487,100,60,66010,602.717,1980
262450676736441,100,60,66010,602.717,1980
262450726875844,100,60,66010,604.515,1980
262450776989490,100,60,66010,604.515,1980
262450827100928,100,57,66010,605.492,1980
262450877266586,100,57,66010,605.492,1980
262450927405080,100,57,66010,605.041,1980
262450977532150,100,57,66010,605.041,1980
262451027650005,100,57,66010,600.652,1980
262451077764200,100,57,66010,600.652,1980
262451127876355,100,57,66010,600.565,1980
262451177991636,100,57,66010,600.565,1980
262451228576130,100,57,66010,588.51,1980
262451279505508,100,57,66010,588.51,1980
262451330187774,100,57,66010,543.865,1980
262451380321515,100,57,66010,543.865,1980
262451430515407,2,2,66010,504.401,1980
262451480637841,2,2,66010,504.401,1980
262451531493099,2,2,66010,481.514,1980
262451582206797,2,2,66010,481.514,1980
262451632895802,75,36,66010,457.189,1980
262451683095435,75,36,66010,457.189,1980
262451733841196,75,36,66010,429.376,1980
262451784752556,75,36,66010,429.376,1980
262451836147128,80,39,66010,413.365,1980
262451887183897,80,39,66010,413.365,1980
262451937572954,80,39,66010,387.671,1980
262451987775427,80,39,66010,387.671,1980
262452038017407,90,44,66010,374.985,1980
262452088212069,90,44,66010,374.985,1980
262452138396649,90,44,66010,350.015,1980
262452188629916,90,44,66010,350.015,1980
262452238857150,100,50,66010,334.872,1980
262452288996696,100,50,66010,334.872,1980
262452339121077,100,50,66010,353.038,1980
262452389426879,100,50,66010,353.038,1980
262452439582755,100,50,66010,367.535,1980
262452489915158,100,50,66010,367.535,1980
262452540135221,100,50,66010,370.534,1980
262452590388194,100,50,66010,370.534,1980
262452640625043,100,51,66010,369.376,1980
262452690793334,100,51,66010,369.376,1980
262452740974807,100,51,66010,367.022,1980
262452791166667,100,51,66010,367.022,1980
262452841335648,100,51,66010,361.343,1980
262452891501326,100,51,66010,361.343,1980
262452941668640,100,51,66010,387.979,1980
262452991826560,100,51,66010,387.979,1920
262453041993532,99,56,66010,419.745,1920
262453092145702,99,56,66010,447.929,1965
262453142273407,99,56,66010,447.929,1965
262453192403694,99,56,66010,472.581,1965
262453242566361,99,55,66010,472.581,1965
262453292742339,99,55,66010,500.739,1965
262453342879518,99,55,66010,500.739,1965
262453392996687,88,52,66010,531.376,1980
262453443131772,88,52,66010,531.376,1980
262453493267390,88,52,66010,548.75,1980
262453543427735,88,52,66010,548.75,1980
262453593557427,95,58,66010,576.142,1980
262453643704379,95,58,66010,576.142,1980
262453693854197,95,58,66010,598.909,1980
262453744023228,95,58,66010,598.909,1980
262453794163572,95,59,66010,632.919,1980
262453844294815,95,59,66010,632.919,1980
262453894413285,95,59,66010,626.323,1980
262453944574285,95,59,66010,626.323,1980
262453994747390,95,59,66010,615.597,1980
262454044904472,95,59,66010,615.597,1980
262454095062004,95,59,66010,608.147,1980
262454145191699,95,59,66010,608.147,1980
262454195356199,95,59,66010,600.842,1980
262454245533351,95,59,66010,600.842,1980
262454295692147,95,59,66010,596.01,1980
262454345819762,95,59,66010,596.01,1980
262454395981287,95,59,66010,595.054,1980
262454446132889,95,59,66010,595.054,1980
262454496262576,95,59,66010,597.585,1980
262454546375812,95,59,66010,597.585,1980
262454596486199,96,59,66010,593.359,1980
262454646599551,96,59,66010,593.359,1980
262454696759936,96,59,66010,597.47,1980
262454746888517,96,59,66010,597.47,1980
262454796995885,98,60,66010,595.224,1980
262454847112407,98,60,66010,595.224,1980
262454898154311,98,60,66010,583.09,1980
262454949130445,98,60,66010,583.09,1980
262454999713852,18,18,66010,538.966,1980
262455050297618,18,18,66010,538.966,1980
262455100444375,18,18,66010,499.382,1980
262455150652587,18,18,66010,499.382,1980
262455202478818,41,19,66010,472.924,1980
262455252642734,41,19,66010,472.924,1980
262455304156688,41,19,66010,452.0,1980
262455355472641,41,19,66010,452.0,1980
262455405646626,74,37,66010,423.023,1980
262455456385634,74,37,66010,423.023,1980
262455506531689,74,37,66010,402.423,1980
262455556687833,74,37,66010,402.423,1980
262455607478178,85,42,66010,381.538,1980
262455658519650,85,42,66010,381.538,1980
262455709436095,85,42,66010,359.659,1980
262455760174410,85,42,66010,359.659,1980
262455810296528,99,49,66010,339.487,1980
262455860478470,99,49,66010,339.487,1980
262455910620933,99,49,66010,330.875,1980
262455961114355,99,49,66010,330.875,1980
262456011759274,100,50,66010,351.779,1980
262456062076869,100,50,66010,351.779,1980
262456112273496,100,50,66010,374.363,1980
262456162448091,100,50,66010,374.363,1980
262456212613284,100,50,66010,374.426,1980
262456262753343,100,50,66010,374.426,1980
262456312972274,100,50,66010,372.967,1980
262456363172887,100,50,66010,372.967,1980
262456413544826,100,51,66010,370.346,1980
262456463727723,100,51,66010,370.346,1980
262456513862524,100,51,66010,366.259,1980
262456564008549,100,51,66010,366.259,1980
262456614172195,68,38,66010,398.55,1965
262456664308143,68,38,66010,398.55,1965
262456714420485,68,38,66010,425.354,1965
262456764530835,68,38,66010,425.354,1965
262456814713181,99,54,66010,458.617,1965
262456864848793,99,54,66010,458.617,1965
262456917198735,99,54,66010,479.214,1965
262456967311489,99,54,66010,479.214,1965
262457017487711,89,49,66010,506.584,1965
262457067674862,89,49,66010,506.584,1965
262457117825788,89,49,66010,531.564,1965
262457168039056,89,49,66010,531.564,1965
262457218178665,97,55,66010,551.489,1980
262457268339770,97,55,66010,551.489,1980
262457318507065,97,55,66010,582.041,1980
262457368633055,97,55,66010,582.041,1980
262457418748225,97,57,66010,604.389,1980
262457468907782,97,57,66010,604.389,1980
262457519133948,97,57,66010,628.496,1980
262457569311400,97,57,66010,628.496,1980
262457619446075,97,56,66010,621.231,1980
262457669593821,97,56,66010,621.231,1980
262457719721093,97,56,66010,615.696,1980
262457769894872,97,56,66010,615.696,1980
262457820044251,95,59,66010,612.029,1980
262457870220124,95,59,66010,612.029,1980
262457920359890,95,59,66010,608.271,1980
262457970534811,95,59,66010,608.271,1980
262458021213985,95,59,66010,607.471,1980
262458071390691,95,59,66010,607.471,1980
262458121528643,95,59,66010,614.961,1980
262458171655191,95,59,66010,614.961,1980
262458221858788,98,60,66010,615.531,1980
262458272009665,98,60,66010,615.531,1980
262458322129440,98,60,66010,615.925,1980
262458372241818,98,60,66010,615.925,1980
262458423723067,98,60,66010,615.017,1980
262458474690490,98,60,66010,615.017,1980
262458525777158,98,60,66010,581.83,1980
262458576486952,98,60,66010,581.83,1980
262458630808640,2,2,66010,544.072,1980
262458680982375,2,2,66010,544.072,1980
262458732342473,2,2,66010,501.253,1980
262458782480870,2,2,66010,501.253,1980
262458833855709,66,32,66010,476.509,1980
262458884726204,66,32,66010,476.509,1980
262458934948258,66,32,66010,452.363,1980
262458985080971,66,32,66010,452.363,1980
262459035268818,78,38,66010,422.372,1980
262459085699700,78,38,66010,422.372,1980
262459136109696,78,38,66010,402.237,1980
262459186342386,78,38,66010,402.237,1980
262459236954297,90,44,66010,379.949,1980
262459287598105,90,44,66010,379.949,1980
262459337726808,90,44,66010,352.184,1980
262459387909413,90,44,66010,352.184,1980
262459438145297,100,49,66010,332.688,1980
262459488663928,100,49,66010,332.688,1980
262459538800614,100,49,66010,344.497,1980
262459589022988,100,49,66010,344.497,1980
262459639460580,100,51,66010,362.967,1980
262459689685409,100,51,66010,362.967,1980
262459739857746,100,51,66010,377.575,1980
262459790043120,100,51,66010,377.575,1980
262459840278737,100,51,66010,376.873,1980
262459890560047,100,51,66010,376.873,1980
262459940742541,100,51,66010,375.866,1980
262459990979959,100,51,66010,375.866,1980
262460044203698,100,51,66010,373.783,1980
262460094346435,100,51,66010,373.783,1980
262460144463875,100,51,66010,376.186,1980
262460194610185,100,51,66010,376.186,1980
262460244734271,74,41,66010,407.445,1965
262460294840167,74,41,66010,407.445,1965
262460344983779,74,41,66010,435.427,1965
262460395136454,74,41,66010,435.427,1965
262460445266010,99,55,66010,462.631,1965
262460495375042,99,55,66010,462.631,1980
262460545482303,99,55,66010,492.777,1980
262460595601196,99,55,66010,492.777,1980
262460645724518,91,50,66010,516.15,1980
262460695858980,91,50,66010,535.636,1980
262460745989399,91,50,66010,535.636,1980
262460796149389,91,50,66010,569.704,1980
262460846324878,97,54,66010,569.704,1980
262460896453921,97,54,66010,594.673,1980
262460946571027,97,54,66010,594.673,1980
262460996685093,97,56,66010,619.749,1980
262461046854182,97,56,66010,619.749,1980
262461097027950,97,56,66010,640.382,1980
262461147193289,97,56,66010,640.382,1980
262461197320068,97,56,66010,630.078,1980
262461247434454,97,56,66010,630.078,1980
262461297940783,97,56,66010,624.909,1980
262461348081422,97,56,66010,624.909,1980
262461398196011,97,55,66010,621.357,1965
262461448303084,97,55,66010,621.357,1965
262461498414025,97,55,66010,613.527,1965
262461548539173,97,55,66010,613.527,1965
262461598723970,97,55,66010,615.95,1965
262461648884284,97,55,66010,615.95,1965
262461699031429,97,55,66010,611.694,1980
262461749156853,97,55,66010,611.694,1980
262461799268864,96,55,66010,609.932,1980
262461849448786,96,55,66010,609.932,1980
262461899596210,96,55,66010,605.695,1980
262461949706460,96,55,66010,605.695,1980
262461999870641,96,55,66010,611.316,1980
262462050015408,96,55,66010,611.316,1980
262462100144716,96,55,66010,610.344,1980
262462150835217,96,55,66010,610.344,1980
262462201778009,70,51,66010,570.389,1980
262462252783870,70,51,66010,570.389,1980
262462303657265,70,51,66010,525.065,1980
262462353857546,70,51,66010,525.065,1980
262462404040401,8,4,66010,492.978,1980
262462455813895,8,4,66010,492.978,1980
262462505934133,8,4,66010,468.108,1980
262462556051769,8,4,66010,468.108,1980
262462606669246,75,37,66010,443.916,1980
262462657565942,75,37,66010,443.916,1980
262462708103508,75,37,66010,422.249,1980
262462758530935,75,37,66010,422.249,1980
262462809571573,88,43,66010,397.78,1980
262462859710839,88,43,66010,397.78,1980
262462909914711,88,43,66010,378.677,1980
262462960033914,88,43,66010,378.677,1980
262463010165264,97,48,66010,358.055,1980
262463060357484,97,48,66010,358.055,1980
262463110492661,97,48,66010,333.171,1980
262463160737929,97,48,66010,333.171,1980
262463210900115,100,50,66010,348.209,1980
262463261076562,100,50,66010,348.209,1980
262463311247988,100,50,66010,362.175,1980
262463361606265,100,50,66010,362.175,1980
262463411727857,100,51,66010,369.324,1980
262463461844439,100,51,66010,369.324,1980
262463511970579,100,51,66010,374.342,1980
262463562117968,100,51,66010,374.342,1980
262463612275386,74,40,66010,407.894,1980
262463662470954,74,40,66010,407.894,1980
262463712668147,74,40,66010,435.995,1980
262463762828582,74,40,66010,435.995,1980
262463812979546,99,53,66010,462.78,1980
262463863132299,99,53,66010,462.78,1980
262463913292610,99,53,66010,482.077,1980
262463963456084,99,53,66010,482.077,1980
262464013663401,87,50,66010,503.137,1980
262464063817190,87,50,66010,503.137,1980
262464113944172,87,50,66010,526.132,1980
262464164132208,87,50,66010,526.132,1980
262464214285230,98,58,66010,543.034,1980
262464264407243,98,58,66010,543.034,1980
262464314537103,98,58,66010,569.855,1980
262464364654611,98,58,66010,569.855,1980
262464414813134,100,56,66010,599.22,1980
262464464941009,100,56,66010,599.22,1980
262464515067585,100,56,66010,616.918,1980
262464565177799,100,56,66010,616.918,1980
262464615333799,97,55,66010,607.837,1980
262464665480597,97,55,66010,607.837,1980
262464715605911,97,55,66010,602.121,1980
262464765712436,97,55,66010,602.121,1980
262464815893618,95,56,66010,593.175,1980
262464866062107,95,56,66010,593.175,1980
262464916242599,95,56,66010,593.116,1980
262464966397868,95,56,66010,593.116,1980
262465016524072,98,57,66010,590.966,1980
262465066639204,98,57,66010,590.966,1980
262465116799711,98,57,66010,592.191,1980
262465169349465,98,57,66010,592.191,1980
262465220378820,100,60,66010,581.482,1980
262465271012559,100,60,66010,581.482,1980
262465321875809,100,60,66010,534.457,1980
262465380249178,100,60,66010,534.457,1980
262465430731243,2,2,66010,497.912,1980
262465480873163,2,2,66010,497.912,1980
262465532316068,2,2,66010,472.964,1980
262465582576461,2,2,66010,472.964,1980
262465634266845,73,36,66010,450.245,1980
262465684408951,73,36,66010,450.245,1980
262465735706156,73,36,66010,426.337,1980
262465786507898,73,36,66010,426.337,1980
262465837905550,79,39,66010,408.968,1980
262465888781192,79,39,66010,408.968,1980
262465939716186,79,39,66010,387.865,1980
262465990536635,79,39,66010,387.865,1980
262466040836563,93,46,66010,368.706,1980
262466091026493,93,46,66010,368.706,1980
262466141391041,93,46,66010,344.794,1980
262466191998719,93,46,66010,344.794,1980
262466242284809,98,49,66010,333.998,1980
262466292538583,98,49,66010,333.998,1980
262466342736223,98,49,66010,349.203,1980
262466393008943,98,49,66010,349.203,1980
262466443205290,100,50,66010,367.496,1980
262466493342632,100,50,66010,367.496,1980
262466543714187,100,50,66010,367.649,1980
262466593929652,100,50,66010,367.649,1980
262466644085310,100,50,66010,366.406,1980
262466694270303,100,50,66010,366.406,1980
262466744454617,100,50,66010,363.331,1980
262466794613433,100,50,66010,363.331,1980
262466844754787,100,51,66010,356.355,1980
262466894874905,100,51,66010,356.355,1980
262466944989649,100,51,66010,387.749,1980
262466995156061,100,51,66010,387.749,1980
262467045299210,99,56,66010,419.899,1965
262467095416127,99,56,66010,419.899,1965
262467145563242,99,56,66010,450.633,1950
262467195714332,99,56,66010,450.633,1950
262467245885805,99,55,66010,480.813,1965
262467296062505,99,55,66010,480.813,1965
262467346208949,99,55,66010,510.092,1965
262467396357796,99,55,66010,510.092,1965
262467446484236,87,52,66010,535.256,1965
262467496597915,87,52,66010,535.256,1965
262467546708933,87,52,66010,556.135,1980
262467596814385,87,52,66010,556.135,1980
262467646930175,95,58,66010,580.235,1980
262467697057552,95,58,66010,580.235,1980
262467747223994,95,58,66010,606.175,1980
262467797378422,95,58,66010,606.175,1980
262467847504009,95,59,66010,640.432,1980
262467897631237,95,59,66010,640.432,1980
262467947770241,95,59,66010,633.569,1980
262467997893580,95,59,66010,633.569,1980
262468048025047,95,59,66010,623.667,1980
262468098132849,95,59,66010,623.667,1980
262468148244111,95,59,66010,616.922,1980
262468198371615,95,59,66010,616.922,1980
262468248514089,95,58,66010,610.69,1980
262468298626251,95,58,66010,610.69,1980
262468348730617,95,58,66010,605.457,1980
262468398847484,95,58,66010,605.457,1980
262468448964415,98,60,66010,606.179,1980
262468499072397,98,60,66010,606.179,1980
262468549219276,98,60,66010,612.527,1920
262468599346142,98,60,66010,612.527,1965
262468649479566,98,60,66010,611.178,1965
262468699596141,98,60,66010,611.178,1965
262468749705427,98,60,66010,611.693,1965
262468799813079,98,60,66010,611.693,1965
262468849921555,98,60,66010,610.984,1965
262468900847552,98,60,66010,580.878,1980
262468951683109,98,60,66010,580.878,1980
262469002285721,4,4,66010,535.038,1980
262469052406393,4,4,66010,535.038,1980
262469103362217,4,4,66010,503.623,1980
262469153530524,4,4,66010,503.623,1980
262469204778744,59,28,66010,476.247,1980
262469254939800,59,28,66010,476.247,1980
262469305193086,59,28,66010,452.626,1980
262469356553675,59,28,66010,452.626,1980
262469406831684,76,38,66010,430.976,1980
262469457398475,76,38,66010,430.976,1980
262469507879317,76,38,66010,399.631,1980
262469558656047,76,38,66010,399.631,1980
262469609081764,91,45,66010,383.659,1980
262469659198191,91,45,66010,383.659,1980
262469709605470,91,45,66010,362.309,1980
262469760051867,91,45,66010,362.309,1980
262469810527026,100,50,66010,339.238,1980
262469860679492,100,50,66010,339.238,1980
262469910880991,100,50,66010,338.501,1980
262469961025415,100,50,66010,338.501,1980
262470011275785,100,50,66010,356.828,1980
262470061409377,100,50,66010,356.828,1980
262470111540410,100,50,66010,364.178,1980
262470161699769,100,50,66010,364.178,1980
262470221966205,100,51,66010,362.981,1980
262470272096845,100,51,66010,362.981,1980
262470322216223,100,51,66010,371.652,1980
262470372323229,100,51,66010,371.652,1980
262470422428598,88,47,66010,401.044,1980
262470472533270,88,47,66010,401.044,1980
262470522638454,88,47,66010,430.491,1980
262470572743588,88,47,66010,430.491,1980
262470622849091,99,54,66010,457.576,1980
262470672954605,99,54,66010,457.576,1980
262470723059480,99,54,66010,482.2,1980
262470773167372,99,54,66010,482.2,1980
262470823296626,89,53,66010,503.421,1980
262470873466879,89,53,66010,503.421,1980
262470923630029,89,53,66010,529.09,1980
262470973788556,89,53,66010,529.09,1980
262471023914956,98,60,66010,556.326,1980
262471074025118,98,60,66010,556.326,1980
262471124129007,98,60,66010,584.63,1980
262471174237707,98,60,66010,584.63,1980
262471224346696,97,56,66010,611.672,1980
262471274452474,97,56,66010,611.672,1980
262471324561364,97,56,66010,624.034,1980
262471374665489,97,56,66010,624.034,1980
262471424799914,97,55,66010,621.569,1980
262471474933119,97,55,66010,621.569,1980
262471525051743,97,55,66010,614.264,1980
262471575168362,97,55,66010,614.264,1980
262471625277026,95,58,66010,607.952,1980
262471675384398,95,58,66010,607.952,1980
262471725487726,95,58,66010,606.274,1980
262471776039788,95,58,66010,606.274,1980
262471826174770,98,60,66010,605.351,1980
262471876288478,98,60,66010,605.351,1980
262471926391113,98,60,66010,603.825,1980
262471978532420,98,60,66010,603.825,1980
262472029326191,100,61,66010,590.202,1980
262472080035385,100,61,66010,590.202,1980
262472130876072,100,61,66010,542.759,1980
262472183731499,100,61,66010,542.759,1980
262472234190461,2,2,66010,504.477,1980
262472284357851,2,2,66010,504.477,1980
262472336107273,2,2,66010,477.543,1980
262472387300762,2,2,66010,477.543,1980
262472438269691,74,36,66010,450.954,1980
262472488460540,74,36,66010,450.954,1980
262472539630138,74,36,66010,432.667,1980
262472590875360,74,36,66010,432.667,1980
262472641914586,80,39,66010,404.865,1980
262472692084345,80,39,66010,404.865,1980
262472742199800,80,39,66010,384.473,1980
262472793031120,80,39,66010,384.473,1980
262472843721128,92,45,66010,363.195,1980
262472894720416,92,45,66010,363.195,1980
262472944880545,92,45,66010,340.723,1980
262472995068327,92,45,66010,340.723,1980
262473045242798,100,49,66010,335.341,1980
262473095415105,100,49,66010,335.341,1980
262473145988942,100,49,66010,354.559,1980
262473196361933,100,49,66010,354.559,1980
262473246791099,100,51,66010,377.67,1980
262473297094224,100,51,66010,377.67,1980
262473347310245,100,51,66010,379.752,1980
262473397539749,100,51,66010,379.752,1980
262473447680119,100,51,66010,378.803,1980
262473497812151,100,51,66010,378.803,1980
262473547974799,100,51,66010,377.5,1980
262473599288473,100,51,66010,377.5,1980
262473649397662,100,51,66010,372.975,1980
262473699506787,100,51,66010,372.975,1980
262473749609977,100,51,66010,391.603,1980
262473799722796,100,51,66010,391.603,1980
262473849874842,99,56,66010,424.526,1980
262473900045406,99,56,66010,424.526,1980
262473950207577,99,56,66010,453.044,1965
262474000339013,99,56,66010,453.044,1965
262474050452124,99,55,66010,484.295,1965
262474100611309,99,55,66010,484.295,1965
262474150765668,99,55,66010,505.89,1965
262474200904604,99,55,66010,505.89,1965
262474251028695,90,49,66010,532.342,1965
262474301138941,90,49,66010,532.342,1965
262474351243075,90,49,66010,555.609,1965
262474401348973,90,49,66010,555.609,1965
262474451509590,95,56,66010,580.071,1965
262474501648206,95,56,66010,580.071,1965
262474551763373,95,56,66010,605.521,1980
262474601933747,95,56,66010,605.521,1980
262474652067566,95,58,66010,634.489,1980
262474702184171,95,58,66010,634.489,1980
262474752292137,95,58,66010,639.67,1980
262474802405979,95,58,66010,639.67,1980
262474852535403,95,59,66010,629.734,1980
262474902690259,95,59,66010,629.734,1980
262474952852257,95,59,66010,622.12,1980
262475002976433,95,59,66010,622.12,1980
262475053070267,95,59,66010,614.469,1980
262475103182454,95,59,66010,614.469,1980
262475153307313,95,59,66010,612.251,1980
262475203424932,95,59,66010,612.251,1980
262475253530808,98,59,66010,609.476,1980
262475303706843,98,59,66010,609.476,1980
262475353885555,98,59,66010,614.124,1980
262475404179926,98,60,66010,613.412,1980
262475454296734,98,60,66010,613.412,1980
262475504404638,98,60,66010,614.78,1980
262475554561033,98,60,66010,614.78,1980
262475604702224,98,60,66010,612.33,1980
262475655455772,98,60,66010,612.33,1980
262475706284850,98,60,66010,578.467,1980
262475757049878,98,60,66010,578.467,1980
262475807692737,2,2,66010,535.305,1980
262475858917555,2,2,66010,535.305,1980
262475909061910,2,2,66010,502.427,1980
262475960330382,2,2,66010,502.427,1980
262476011618217,62,30,66010,476.483,1980
262476062265019,62,30,66010,476.483,1980
262476112409941,62,30,66010,447.758,1980
262476163418085,62,30,66010,447.758,1980
262476214559774,75,37,66010,427.742,1980
262476264726616,75,37,66010,427.742,1980
262476314962134,75,37,66010,400.178,1980
262476365137369,75,37,66010,400.178,1980
262476416117443,84,41,66010,378.428,1980
262476466918222,84,41,66010,378.428,1980
262476517842738,84,41,66010,357.059,1980
262476567953874,84,41,66010,357.059,1980
262476618075151,99,49,66010,341.132,1980
262476668287125,99,49,66010,341.132,1980
262476718436705,99,49,66010,349.412,1980
262476768556123,99,49,66010,349.412,1980
262476818693618,100,50,66010,364.774,1980
262476869319268,100,50,66010,364.774,1980
262476919848421,100,50,66010,381.176,1980
262476969987101,100,50,66010,381.176,1980
262477020148868,100,51,66010,382.004,1980
262477070286832,100,51,66010,382.004,1980
262477120463268,100,51,66010,381.186,1980
262477170687841,100,51,66010,381.186,1980
262477220856318,100,51,66010,379.481,1980
262477277271587,100,51,66010,379.481,1980
262477327400376,100,51,66010,370.317,1980
262477377509054,100,51,66010,370.317,1980
262477427612114,58,31,66010,400.195,1980
262477477728458,58,31,66010,400.195,1980
262477527835723,58,31,66010,429.879,1980
262477577939615,58,31,66010,429.879,1980
262477628046431,99,56,66010,458.459,1980
262477678149042,99,56,66010,458.459,1980
262477728260500,99,56,66010,486.801,1980
262477779293901,99,56,66010,486.801,1980
262477829435950,99,56,66010,515.966,1980
262477879559548,99,56,66010,515.966,1980
262477929665251,99,56,66010,541.302,1980
262477979781631,99,56,66010,541.302,1980
262478029891893,98,60,66010,563.437,1980
262478080027542,98,60,66010,563.437,1980
262478130143958,98,60,66010,587.581,1980
262478180293420,98,60,66010,587.581,1980
262478230436691,98,61,66010,610.441,1980
262478280546132,98,61,66010,610.441,1980
262478330652921,98,61,66010,652.598,1980
262478380761856,98,61,66010,652.598,1980
262478430871950,98,61,66010,641.336,1980
262478480977748,98,61,66010,641.336,1980
262478531052012,98,61,66010,636.585,1980
262478581158216,98,61,66010,636.585,1980
262478631270462,98,61,66010,627.496,1980
262478681421425,98,61,66010,627.496,1980
262478731542697,98,61,66010,622.371,1980
262478781651605,98,61,66010,622.371,1980
262478831830142,98,61,66010,614.067,1980
262478881973431,98,61,66010,614.067,1980
262478932103061,98,61,66010,614.157,1980
262478982278397,98,61,66010,614.157,1980
262479032407257,98,61,66010,615.023,1980
262479082514786,98,61,66010,615.023,1980
262479132623950,98,61,66010,614.213,1980
262479182748529,98,61,66010,614.213,1980
262479232856657,98,61,66010,615.444,1980
262479282960887,98,61,66010,615.444,1980
262479333067982,98,61,66010,612.731,1980
262479383207360,98,61,66010,612.731,1980
262479433386661,99,62,66010,607.39,1980
262479484223136,99,62,66010,607.39,1980
262479534957441,99,62,66010,564.026,1980
262479585539743,99,62,66010,564.026,1980
262479635712343,2,2,66010,519.647,1980
262479686861644,2,2,66010,519.647,1980
262479736976274,2,2,66010,487.189,1980
262479788596573,2,2,66010,487.189,1980
262479840020804,72,35,66010,468.794,1980
262479891123719,72,35,66010,468.794,1980
262479941755306,72,35,66010,437.284,1980
262479992773053,72,35,66010,437.284,1980
262480042914064,79,39,66010,416.058,1980
262480093111210,79,39,66010,416.058,1980
262480144174994,79,39,66010,394.074,1980
262480194789830,79,39,66010,394.074,1980
262480245531435,96,47,66010,374.356,1980
262480295764702,96,47,66010,374.356,1980
262480345929009,96,47,66010,343.902,1980
262480396340571,96,47,66010,343.902,1980
262480446872084,100,49,66010,327.535,1980
262480497897287,100,49,66010,327.535,1980
262480548334247,100,49,66010,344.142,1980
262480598908657,100,49,66010,344.142,1980
262480649107164,100,51,66010,361.782,1980
262480699368663,100,51,66010,361.782,1980
262480749531065,100,51,66010,370.223,1980
262480799709940,100,51,66010,370.223,1980
262480849908603,100,51,66010,369.823,1980
262480900109645,100,51,66010,369.823,1980
262480950275325,100,51,66010,368.674,1980
262481001353680,100,51,66010,368.674,1980
262481051492889,100,51,66010,363.347,1980
262481101607487,100,51,66010,363.347,1980
262481151718350,100,51,66010,384.105,1965
262481201834819,100,51,66010,384.105,1965
262481251944261,99,57,66010,415.19,1965
262481302052694,99,57,66010,415.19,1965
262481352158275,99,57,66010,444.9,1965
262481402262506,99,57,66010,444.9,1965
262481452366155,99,56,66010,476.281,1965
262481502480399,99,56,66010,476.281,1965
262481552589239,99,56,66010,501.498,1965
262481602784600,99,56,66010,501.498,1965
262481652938906,90,50,66010,529.725,1965
262481703061889,90,50,66010,529.725,1965
262481753172041,90,50,66010,549.305,1965
262481803276664,90,50,66010,549.305,1965
262481853383217,94,55,66010,578.515,1965
262481903490564,94,55,66010,578.515,1965
262481953597384,94,55,66010,606.751,1980
262482003703152,94,55,66010,606.751,1980
262482053835984,95,59,66010,636.712,1980
262482103945608,95,59,66010,636.712,1980
262482154049338,95,59,66010,638.097,1980
262482204153948,95,59,66010,638.097,1980
262482254327623,96,60,66010,628.76,1980
262482304462687,96,60,66010,628.76,1980
262482354568827,96,60,66010,624.852,1980
262482404672723,96,60,66010,624.852,1980
262482454866088,95,59,66010,618.682,1965
262482505060320,95,59,66010,618.682,1965
262482555196549,95,59,66010,613.335,1965
262482605309123,95,59,66010,613.335,1965
262482655488279,95,58,66010,607.572,1965
262482705680946,95,58,66010,607.572,1965
262482755813486,95,58,66010,608.835,1980
262482805968343,95,58,66010,608.835,1980
262482856056702,98,60,66010,611.93,1980
262482906218340,98,60,66010,611.93,1980
262482956384735,98,60,66010,617.326,1980
262483007490856,98,61,66010,616.908,1980
262483057605437,98,61,66010,616.908,1980
262483108426063,98,61,66010,591.022,1980
262483159237642,98,61,66010,591.022,1980
262483210518122,5,5,66010,545.354,1980
262483260674762,5,5,66010,545.354,1980
262483311213403,5,5,66010,504.388,1980
262483361352736,5,5,66010,504.388,1980
262483412488581,53,25,66010,478.485,1980
262483462681996,53,25,66010,478.485,1980
262483512884868,53,25,66010,451.35,1980
262483564074284,53,25,66010,451.35,1980
262483614317335,77,38,66010,431.82,1980
262483665557723,77,38,66010,431.82,1980
262483715972812,77,38,66010,413.623,1980
262483766051991,77,38,66010,413.623,1980
262483816306849,88,43,66010,391.385,1980
262483867188093,88,43,66010,391.385,1980
262483917634912,88,43,66010,359.62,1980
262483967803430,88,43,66010,359.62,1980
262484018582630,100,49,66010,335.037,1980
262484069309849,100,49,66010,335.037,1980
262484119496119,100,49,66010,340.987,1980
262484169718394,100,49,66010,340.987,1980
262484219939266,100,50,66010,360.12,1980
262484270103483,100,50,66010,360.12,1980
262484320268908,100,50,66010,371.356,1980
262484370452977,100,50,66010,371.356,1980
262484420627209,100,51,66010,371.763,1980
262484470863644,100,51,66010,371.763,1980
262484521048702,100,51,66010,370.217,1980
262484571211094,100,51,66010,370.217,1980
262484621354392,100,51,66010,365.068,1980
262484671483364,100,51,66010,365.068,1980
262484721653704,100,51,66010,386.552,1980
262484771788042,100,51,66010,386.552,1980
262484821904506,99,55,66010,418.58,1965
262484872023894,99,55,66010,418.58,1965
262484922133789,99,55,66010,445.516,1965
262484972242326,99,55,66010,445.516,1965
262485022357423,99,53,66010,473.049,1965
262485072469924,99,53,66010,473.049,1965
262485122576661,99,53,66010,497.121,1980
262485172682910,99,53,66010,497.121,1980
262485222787260,88,51,66010,526.858,1980
262485272893928,88,51,66010,526.858,1980
262485322999054,88,51,66010,556.019,1980
262485373105604,88,51,66010,556.019,1980
262485423225123,95,57,66010,581.546,1980
262485473341946,95,57,66010,581.546,1980
262485523450209,95,57,66010,605.574,1980
262485573553996,95,57,66010,605.574,1980
262485623660168,98,59,66010,629.634,1980
262485673764164,98,59,66010,629.634,1980
262485723866383,98,59,66010,643.135,1980
262485773967430,98,59,66010,643.135,1980
262485824059613,98,60,66010,629.642,1980
262485874167502,98,60,66010,629.642,1980
262485924275901,98,60,66010,627.793,1980
262485974392817,98,60,66010,627.793,1980
262486024497258,98,61,66010,622.79,1980
262486074600563,98,61,66010,622.79,1980
262486124703273,98,61,66010,622.704,1980
262486174812672,98,61,66010,622.704,1980
262486224918120,100,59,66010,622.612,1980
262486275028090,100,59,66010,622.612,1980
262486325144015,100,59,66010,619.106,1980
262486375296333,100,59,66010,619.106,1980
262486425458912,97,58,66010,621.349,1980
262486475605845,97,58,66010,621.349,1980
262486525786904,97,58,66010,619.874,1980
262486576739167,97,58,66010,619.874,1980
262486627675402,95,67,66010,589.196,1980
262486678417016,95,67,66010,589.196,1980
262486729146879,95,67,66010,541.72,1980
262486779662520,95,67,66010,541.72,1980
262486831743721,2,2,66010,507.623,1980
262486881890305,2,2,66010,507.623,1980
262486932456270,2,2,66010,477.207,1980
262486982916447,2,2,66010,477.207,1980
262487033142410,75,37,66010,453.32,1980
262487083867486,75,37,66010,453.32,1980
262487135032357,75,37,66010,426.308,1980
262487185187927,75,37,66010,426.308,1980
262487235303961,82,40,66010,406.417,1980
262487285900161,82,40,66010,406.417,1980
262487336069802,82,40,66010,384.049,1980
262487386291713,82,40,66010,384.049,1980
262487436749062,97,48,66010,355.541,1980
262487487252339,97,48,66010,355.541,1980
262487537480078,97,48,66010,331.389,1980
262487587665499,97,48,66010,331.389,1980
262487637797841,100,50,66010,338.647,1980
262487687978625,100,50,66010,338.647,1980
262487738192506,100,50,66010,352.981,1980
262487788680491,100,50,66010,352.981,1980
262487838863450,100,50,66010,367.67,1980
262487889036636,100,50,66010,367.67,1980
262487939217384,100,50,66010,367.075,1980
262487989392189,100,50,66010,367.075,1980
262488039647936,100,51,66010,364.972,1980
262488089817395,100,51,66010,364.972,1980
262488139949504,100,51,66010,361.002,1980
262488190083229,100,51,66010,361.002,1980
262488240207588,70,37,66010,391.631,1935
262488290336307,70,37,66010,391.631,1935
262488340461561,70,37,66010,421.551,1965
262488390571857,70,37,66010,421.551,1965
262488440678277,99,54,66010,449.765,1965
262488490782697,99,54,66010,449.765,1965
262488540922866,99,54,66010,479.323,1965
262488591039580,99,54,66010,479.323,1965
262488641146319,90,49,66010,505.054,1965
262488691288976,90,49,66010,505.054,1965
262488741438334,90,49,66010,528.583,1965
262488791564882,90,49,66010,528.583,1965
262488841675164,97,54,66010,555.876,1980
262488891784069,97,54,66010,555.876,1980
262488941892526,97,54,66010,577.303,1980
262488991997033,97,54,66010,577.303,1980
262489042115362,96,58,66010,606.872,1980
262489092225978,96,58,66010,606.872,1980
262489142330448,96,58,66010,637.021,1980
262489192432797,96,58,66010,637.021,1980
262489242534891,95,59,66010,629.885,1980
262489292637609,95,59,66010,629.885,1980
262489342783754,95,59,66010,619.647,1980
262489392912667,95,59,66010,619.647,1980
262489443028328,98,60,66010,611.385,1980
262489493143254,98,60,66010,611.385,1980
262489543254478,98,60,66010,605.944,1980
262489593360922,98,60,66010,605.944,1980
262489643464464,98,61,66010,604.475,1980
262489693565740,98,61,66010,604.475,1980
262489743694339,98,61,66010,607.913,1980
262489793808168,98,61,66010,607.913,1980
262489843911579,100,59,66010,610.12,1980
262489894030012,100,59,66010,610.12,1980
262489945681217,100,59,66010,607.478,1980
262489996296635,100,59,66010,607.478,1980
262490047358716,96,64,66010,579.362,1980
262490097950252,96,64,66010,579.362,1980
262490153699304,96,64,66010,532.493,1980
262490203866501,96,64,66010,532.493,1980
262490255610776,2,2,66010,495.892,1980
262490307246886,2,2,66010,495.892,1980
262490357382564,2,2,66010,470.807,1980
262490407999114,2,2,66010,470.807,1980
262490458430368,74,36,66010,450.05,1980
262490508966366,74,36,66010,450.05,1980
262490559078089,74,36,66010,425.003,1980
262490609243086,74,36,66010,425.003,1980
262490659726530,86,42,66010,401.088,1980
262490710530298,86,42,66010,401.088,1980
262490761187170,86,42,66010,380.422,1980
262490811347805,86,42,66010,357.065,1980
262490861659089,95,46,66010,357.065,1980
262490912291742,95,46,66010,336.75,1980
262490962435297,95,46,66010,336.75,1980
262491012599364,100,50,66010,339.261,1980
262491062792826,100,50,66010,339.261,1980
262491112969790,100,50,66010,353.883,1980
262491163084486,100,50,66010,353.883,1980
262491213250874,100,50,66010,369.498,1980
262491263446841,100,50,66010,369.498,1980
262491313806309,100,50,66010,368.867,1980
262491364005778,100,50,66010,368.867,1980
262491414368362,100,51,66010,367.289,1980
262491464529619,100,51,66010,367.289,1980
262491527427407,100,51,66010,366.18,1980
262491577561797,100,51,66010,366.18,1980
262491627676345,86,44,66010,378.425,1980
262491677831407,86,44,66010,378.425,1980
262491728018328,86,44,66010,411.986,1965
262491778155639,86,44,66010,411.986,1965
262491828316794,99,56,66010,441.778,1965
262491878451760,99,56,66010,441.778,1965
262491928591600,99,56,66010,471.384,1965
262491978698076,99,56,66010,471.384,1965
262492028865151,99,55,66010,498.071,1980
262492079023605,99,55,66010,498.071,1980
262492129143031,99,55,66010,524.836,1980
262492179254210,99,55,66010,524.836,1980
262492229364519,98,60,66010,549.532,1980
262492279471499,98,60,66010,549.532,1980
262492329576784,98,60,66010,580.27,1980
262492379715950,98,60,66010,580.27,1980
262492429837170,98,62,66010,597.813,1980
262492479946569,98,62,66010,597.813,1980
262492530049162,98,62,66010,628.259,1980
262492580215456,98,62,66010,628.259,1980
262492630321872,98,62,66010,638.964,1980
262492680426400,98,62,66010,638.964,1980
262492730528552,98,62,66010,633.632,1965
262492780643761,98,62,66010,633.632,1965
262492830758656,98,62,66010,623.908,1965
262492880872336,98,62,66010,623.908,1965
262492930979775,98,62,66010,616.213,1965
262492981092054,98,62,66010,616.213,1965
262493031206208,98,61,66010,606.058,1980
262493081319958,98,61,66010,606.058,1980
262493131425760,98,61,66010,607.571,1980
262493181530434,98,61,66010,607.571,1980
262493231633776,100,60,66010,602.943,1980
262493281736041,100,60,66010,602.943,1980
262493331838374,100,60,66010,600.978,1980
262493381940917,100,60,66010,600.978,1980
262493432049739,100,58,66010,607.221,1980
262493482154303,100,58,66010,607.221,1980
262493532257679,100,58,66010,603.33,1980
262493582366458,100,58,66010,603.33,1980
262493633305780,100,58,66010,588.484,1980
262493684361265,100,58,66010,588.484,1980
262493735321103,100,58,66010,542.171,1980
262493785428440,100,58,66010,542.171,1980
262493836278681,2,2,66010,502.318,1980
262493886427843,2,2,66010,502.318,1980
262493938087023,2,2,66010,476.891,1980
262493988238600,2,2,66010,476.891,1980
262494039400342,74,36,66010,457.795,1980
262494090207053,74,36,66010,457.795,1980
262494140352449,74,36,66010,433.483,1980
262494191522748,74,36,66010,433.483,1980
262494241708737,77,39,66010,416.159,1980
262494291909648,77,39,66010,416.159,1980
262494343061759,77,39,66010,391.227,1980
262494394099406,77,39,66010,391.227,1980
262494444318696,86,42,66010,368.814,1980
262494495075178,86,42,66010,368.814,1980
262494545572720,86,42,66010,349.765,1980
262494596084954,86,42,66010,349.765,1980
262494646555135,100,49,66010,334.098,1980
262494696856878,100,49,66010,334.098,1980
262494746973380,100,49,66010,358.319,1980
262494797270475,100,49,66010,358.319,1980
262494847451955,100,50,66010,375.76,1980
262494897627389,100,50,66010,375.76,1980
262494947774961,100,50,66010,379.137,1980
262494997913160,100,50,66010,379.137,1980
262495048064934,100,51,66010,378.159,1980
262495098232988,100,51,66010,378.159,1980
262495148409778,100,51,66010,375.964,1980
262495198524651,100,51,66010,375.964,1980
262495248690069,100,51,66010,372.993,1980
262495298852564,100,51,66010,372.993,1980
262495349046576,100,51,66010,383.417,1980
262495399218270,100,51,66010,383.417,1980
262495449382757,95,54,66010,414.922,1965
262495499510939,95,54,66010,414.922,1965
262495549617025,95,54,66010,443.227,1965
262495599722706,95,54,66010,443.227,1965
262495654717853,99,56,66010,473.858,1965
262495705016187,99,56,66010,473.858,1965
262495755134678,99,56,66010,504.028,1965
262495805246684,99,56,66010,504.028,1965
262495855354422,89,50,66010,525.884,1965
262495905476150,89,50,66010,525.884,1965
262495955584904,89,50,66010,544.23,1965
262496005690953,89,50,66010,544.23,1965
262496055794781,97,55,66010,568.882,1980
262496105901678,97,55,66010,568.882,1980
262496156012335,97,55,66010,592.115,1980
262496206123480,97,55,66010,592.115,1980
262496256234135,97,56,66010,620.323,1980
262496306341381,97,56,66010,620.323,1980
262496356446153,97,56,66010,634.465,1980
262496406551469,97,56,66010,634.465,1980
262496456653969,96,56,66010,629.047,1980
262496506754765,96,56,66010,629.047,1980
262496556855979,96,56,66010,620.257,1980
262496607017539,96,56,66010,620.257,1980
262496657184375,95,55,66010,612.695,1980
262496707308986,95,55,66010,612.695,1980
262496757415039,95,55,66010,607.979,1980
262496807518838,95,55,66010,607.979,1980
262496857624231,95,59,66010,610.422,1980
262496907728485,95,59,66010,610.422,1980
262496957834431,95,59,66010,615.889,1980
262497007937433,95,59,66010,615.889,1980
262497058059874,95,60,66010,610.493,1980
262497108231590,95,60,66010,610.493,1980
262497158367374,95,60,66010,613.795,1980
262497208487475,95,60,66010,613.795,1980
262497258612687,96,60,66010,608.655,1980
262497309361577,96,60,66010,608.655,1980
262497360082980,96,60,66010,585.39,1980
262497410943951,96,60,66010,585.39,1980
262497461552211,30,29,66010,538.898,1980
262497512931786,30,29,66010,538.898,1980
262497563087317,30,29,66010,504.042,1980
262497613214571,30,29,66010,504.042,1980
262497664529530,29,13,66010,476.383,1980
262497714680767,29,13,66010,453.468,1980
262497765307546,29,13,66010,453.468,1980
262497816657049,74,36,66010,424.594,1980
262497867547391,74,36,66010,424.594,1980
262497918130745,74,36,66010,406.926,1980
262497968278203,74,36,66010,406.926,1980
262498019348341,82,40,66010,381.872,1980
262498070023657,82,40,66010,381.872,1980
262498120147416,82,40,66010,359.358,1980
262498170313205,82,40,66010,359.358,1980
262498220932324,97,47,66010,339.655,1980
262498271484056,97,47,66010,339.655,1980
262498321651978,97,47,66010,339.797,1980
262498371833532,97,47,66010,339.797,1980
262498422022479,100,50,66010,356.276,1980
262498472190284,100,50,66010,356.276,1980
262498522571202,100,50,66010,372.441,1980
262498572728343,100,50,66010,372.441,1980
262498622851825,100,51,66010,373.22,1980
262498673040749,100,51,66010,373.22,1980
262498723178417,100,51,66010,375.924,1980
262498773329220,100,51,66010,375.924,1980
262498823454106,67,35,66010,406.359,1980
262498873563403,67,35,66010,406.359,1980
262498923669644,67,35,66010,431.909,1980
262498973814798,67,35,66010,431.909,1980
262499023980561,99,53,66010,457.896,1980
262499074121173,99,53,66010,457.896,1980
262499124243994,99,53,66010,484.346,1980
262499174364493,99,53,66010,484.346,1980
262499224510780,89,48,66010,502.655,1980
262499274666168,89,48,66010,502.655,1980
262499324806467,89,48,66010,522.965,1980
262499374914091,89,48,66010,522.965,1980
262499425026687,95,56,66010,550.589,1980
262499475177281,95,56,66010,550.589,1980
262499525306709,95,56,66010,573.922,1980
262499575418728,95,56,66010,573.922,1980
262499625564160,98,58,66010,602.703,1980
262499675692421,98,58,66010,602.703,1980
262499725799630,98,58,66010,628.172,1965
262499775916989,98,58,66010,628.172,1965
262499826027056,98,59,66010,619.993,1965
262499876132551,98,59,66010,619.993,1965
262499926301036,98,59,66010,614.436,1965
262499976428661,98,59,66010,614.436,1965
262500026534881,97,56,66010,610.388,1980
262500076639760,97,56,66010,610.388,1980
262500126744170,97,56,66010,606.756,1980
262500176851102,97,56,66010,606.756,1980
262500226954950,97,55,66010,611.2,1980
262500277089696,97,55,66010,611.2,1980
262500327214007,97,55,66010,612.158,1980
262500377320615,97,55,66010,612.158,1980
262500427424808,95,57,66010,613.212,1980
262500478509326,95,57,66010,613.212,1980
262500529246195,95,57,66010,578.08,1980
262500580147617,95,57,66010,578.08,1980
262500631143540,13,13,66010,536.536,1980
262500681338125,13,13,66010,536.536,1980
262500732962041,13,13,66010,498.393,1980
262500783590868,13,13,66010,498.393,1980
262500833732500,50,24,66010,474.079,1980
262500884528681,50,24,66010,474.079,1980
262500935687568,50,24,66010,451.096,1980
262500986042147,50,24,66010,451.096,1980
262501037075026,76,38,66010,428.368,1980
262501088168519,76,38,66010,428.368,1980
262501138289292,76,38,66010,403.556,1980
262501188725897,76,38,66010,403.556,1980
262501238862317,84,42,66010,382.756,1980
262501289108544,84,42,66010,382.756,1980
262501339303441,84,42,66010,356.576,1980
262501389474897,84,42,66010,356.576,1980
262501439738012,100,49,66010,330.026,1980
262501489913542,100,49,66010,330.026,1980
262501540128414,100,49,66010,336.953,1980
262501590313649,100,49,66010,336.953,1980
262501640675821,100,50,66010,358.381,1980
262501690835439,100,50,66010,358.381,1980
262501741062116,100,50,66010,366.42,1980
262501791257910,100,50,66010,366.42,1980
262501842228891,100,51,66010,366.561,1980
262501902504893,100,51,66010,366.561,1980
262501952675819,100,51,66010,372.513,1980
262502022999289,46,27,66010,353.831,1980
262502073135419,46,27,66010,353.831,1980
262502123290657,46,27,66010,332.099,1980
262502173421362,46,27,66010,332.099,1980
262502223530436,0,0,66010,323.27,1980
262502273637658,0,0,66010,323.27,1980
262502323782901,0,0,66010,350.606,1980
262502373914810,0,0,66010,350.606,1980
262502424064028,98,58,66010,377.081,1980
262502474179853,98,58,66010,377.081,1980
262502525138596,98,58,66010,412.696,1965
262502575249770,98,58,66010,412.696,1965
262502625362556,90,53,66010,424.124,1965
262502675473724,90,53,66010,424.124,1965
262502725585941,90,53,66010,405.293,1965
262502775694833,90,53,66010,405.293,1965
262502825808899,0,0,66010,399.856,1965
262502875915025,0,0,66010,399.856,1965
262502926022080,0,0,66010,421.951,1980
262502976127739,0,0,66010,421.951,1980
262503026232366,97,56,66010,457.641,1980
262503076338467,97,56,66010,457.641,1980
262503126441875,97,56,66010,502.534,1980
262503176544325,97,56,66010,502.534,1980
262503226648900,96,60,66010,532.669,1980
262503276752391,96,60,66010,532.669,1980
262503326854168,96,60,66010,529.46,1980
262503376956362,96,60,66010,529.46,1980
262503427064436,98,60,66010,524.609,1980
262503477170862,98,60,66010,524.609,1980
262503527289312,98,60,66010,518.236,1980
262503577396104,98,60,66010,518.236,1980
262503627498550,97,57,66010,526.008,1980
262503677602282,97,57,66010,526.008,1980
262503727712391,97,57,66010,577.91,1980
262503777816605,97,57,66010,577.91,1980
262503827923824,96,60,66010,608.962,1965
262503878035437,96,60,66010,608.962,1965
262503928137136,96,60,66010,611.154,1965
262503978238392,96,60,66010,611.154,1965
262504028342979,98,60,66010,605.714,1965
262504079356502,98,60,66010,605.714,1965
262504130366363,98,60,66010,564.606,1980
262504180953312,98,60,66010,564.606,1980
262504231049227,2,2,66010,519.597,1980
262504282769385,2,2,66010,519.597,1980
262504332924475,2,2,66010,490.858,1980
262504383063140,2,2,66010,490.858,1980
262504434537271,67,32,66010,466.193,1980
262504486117131,67,32,66010,466.193,1980
262504536943671,67,32,66010,441.075,1980
262504588059643,67,32,66010,441.075,1980
262504638305309,76,38,66010,414.097,1980
262504688853649,76,38,66010,414.097,1980
262504739256740,76,38,66010,396.903,1980
262504789628645,76,38,66010,396.903,1980
262504839764466,89,43,66010,368.037,1980
262504890075067,89,43,66010,368.037,1980
262504940274802,89,43,66010,350.61,1980
262504990427552,89,43,66010,350.61,1980
262505040858552,100,50,66010,334.178,1980
262505091074619,100,50,66010,334.178,1980
262505141227672,100,50,66010,348.41,1980
262505191438675,100,50,66010,348.41,1980
262505241747105,100,50,66010,366.956,1980
262505291917844,100,50,66010,366.956,1980
262505342083790,100,50,66010,370.779,1980
262505392240860,100,50,66010,370.779,1980
262505442431775,100,50,66010,370.606,1980
262505492655068,100,50,66010,370.606,1980
262505543010262,100,50,66010,368.851,1980
262505593145643,100,50,66010,368.851,1980
262505643276912,100,51,66010,364.346,1980
262505693409238,100,51,66010,364.346,1980
262505743552250,100,51,66010,388.899,1980
262505793691626,100,51,66010,388.899,1980
262505843812426,99,56,66010,419.813,1965
262505893925880,99,56,66010,419.813,1965
262505944196775,99,56,66010,451.422,1965
262505994305556,99,56,66010,451.422,1965
262506044414358,99,55,66010,476.948,1965
262506094532651,99,55,66010,476.948,1965
262506144652968,99,55,66010,503.83,1980
262506194806374,99,55,66010,503.83,1980
262506244935021,90,49,66010,529.498,1980
262506295049330,90,49,66010,529.498,1980
262506345159519,90,49,66010,558.987,1980
262506395266070,90,49,66010,558.987,1980
262506445371300,97,55,66010,587.209,1965
262506495475913,97,55,66010,587.209,1965
262506545582515,97,55,66010,611.197,1965
262506595689973,97,55,66010,611.197,1965
262506645795659,97,56,66010,638.254,1965
262506695899477,97,56,66010,638.254,1965
262506746006795,97,56,66010,637.972,1980
262506796111565,97,56,66010,637.972,1980
262506846216330,96,58,66010,628.727,1980
262506896374819,96,58,66010,628.727,1980
262506946505957,96,58,66010,623.894,1980
262506996616419,96,58,66010,623.894,1980
262507046730651,96,59,66010,616.095,1980
262507096842697,96,59,66010,616.095,1980
262507146946326,96,59,66010,613.687,1980
262507197051408,96,59,66010,613.687,1980
262507247155312,95,59,66010,612.023,1980
262507297296847,95,59,66010,612.023,1980
262507347399199,95,59,66010,616.217,1980
262507397500910,95,59,66010,616.217,1980
262507447613354,96,59,66010,612.28,1980
262507497721713,96,59,66010,612.28,1980
262507547823366,96,59,66010,612.178,1980
262507597928209,96,59,66010,612.178,1980
262507650693898,98,59,66010,612.843,1980
262507701719019,98,59,66010,612.843,1980
262507752480733,98,59,66010,582.535,1980
262507803525667,98,59,66010,582.535,1980
262507859525307,18,18,66010,533.738,1980
262507909663656,18,18,66010,533.738,1980
262507959788486,18,18,66010,501.566,1980
262508011222820,18,18,66010,501.566,1980
262508061403910,45,21,66010,472.999,1980
262508111558259,45,21,66010,472.999,1980
262508163165484,45,21,66010,451.864,1980
262508214871542,45,21,66010,451.864,1980
262508265990193,73,36,66010,427.392,1980
262508316994296,73,36,66010,427.392,1980
262508368335198,73,36,66010,398.76,1980
262508418501135,73,36,66010,398.76,1980
262508469476563,76,39,66010,379.068,1980
262508519621236,76,39,66010,379.068,1980
262508570552696,76,39,66010,357.787,1980
262508620936212,93,44,66010,331.457,1980
262508671886555,93,44,66010,331.457,1980
262508722602752,93,44,66010,339.856,1980
262508772775959,93,44,66010,339.856,1980
262508823105591,100,50,66010,358.037,1980
262508873237797,100,50,66010,358.037,1980
262508923435946,100,50,66010,372.816,1980
262508973593350,100,50,66010,372.816,1980
262509023783972,100,51,66010,372.622,1980
262509073916016,100,51,66010,372.622,1980
262509124141024,100,51,66010,371.16,1980
262509174302715,100,51,66010,371.16,1980
262509224474778,100,51,66010,368.313,1980
262509274593278,100,51,66010,368.313,1980
262509327313936,100,51,66010,364.574,1980
262509377500608,100,51,66010,364.574,1980
262509427675367,80,40,66010,382.491,1980
262509477801906,80,40,66010,382.491,1980
262509527911901,80,40,66010,413.813,1980
262509578029818,80,40,66010,413.813,1980
262509628154962,99,56,66010,441.103,1980
262509678266362,99,56,66010,441.103,1980
262509728373292,99,56,66010,469.436,1980
262509778479561,99,56,66010,469.436,1980
262509828643109,99,55,66010,493.814,1980
262509878812774,99,55,66010,493.814,1980
262509928974496,99,55,66010,519.135,1980
262509979134456,99,55,66010,519.135,1980
262510029288482,98,59,66010,548.152,1980
262510079413655,98,59,66010,548.152,1980
262510129565950,98,59,66010,578.33,1980
262510179728989,98,59,66010,578.33,1980
262510229854973,98,61,66010,601.754,1980
262510279963651,98,61,66010,601.754,1980
262510330091611,98,61,66010,630.794,1980
262510380261850,98,61,66010,630.794,1980
262510430391054,98,61,66010,648.308,1980
262510480501899,98,61,66010,648.308,1980
262510530649059,98,61,66010,643.16,1965
262510580808532,98,61,66010,643.16,1965
262510631026428,98,61,66010,638.505,1965
262510681156047,98,61,66010,638.505,1965
262510731269254,98,61,66010,630.139,1965
262510781382178,98,61,66010,630.139,1965
262510831503964,98,60,66010,631.247,1980
262510881611491,98,60,66010,631.247,1980
262510931719360,98,60,66010,628.034,1980
262510981828359,98,60,66010,628.034,1980
262511031933098,100,58,66010,628.673,1980
262511082086386,100,58,66010,628.673,1980
262511132212351,100,58,66010,622.352,1980
262511182317549,100,58,66010,622.352,1980
262511232465878,100,57,66010,618.957,1980
262511282638188,100,57,66010,618.957,1980
262511332768236,100,57,66010,615.954,1980
262511382884660,100,57,66010,615.954,1980
262511433801760,100,58,66010,586.718,1980
262511484756872,100,58,66010,586.718,1980
262511535463926,100,58,66010,537.501,1980
262511585704250,100,58,66010,537.501,1980
262511637106749,2,2,66010,505.004,1980
262511687297497,2,2,66010,505.004,1980
262511738367067,2,2,66010,477.751,1980
262511788557878,2,2,66010,477.751,1980
262511839995938,74,36,66010,453.021,1980
262511890714694,74,36,66010,453.021,1980
262511940856295,74,36,66010,427.054,1980
262511992620447,74,36,66010,427.054,1980
262512042867282,79,39,66010,404.308,1980
262512093065172,79,39,66010,404.308,1980
262512143871178,79,39,66010,386.532,1980
262512194282308,79,39,66010,386.532,1980
262512244947642,91,45,66010,365.07,1980
262512295372088,91,45,66010,365.07,1980
262512345610267,91,45,66010,346.618,1980
262512395724154,91,45,66010,346.618,1980
262512445896407,100,50,66010,341.108,1980
262512496160603,100,50,66010,341.108,1980
262512546327413,100,50,66010,359.051,1980
262512596442807,100,50,66010,359.051,1980
262512646846906,100,50,66010,372.985,1980
262512696960516,100,50,66010,372.985,1980
262512747113715,100,50,66010,372.124,1980
262512797285759,100,50,66010,372.124,1980
262512847473212,100,51,66010,371.553,1980
262512897584725,100,51,66010,371.553,1980
262512947713138,100,51,66010,367.73,1980
262512997865838,100,51,66010,367.73,1980
262513048010454,100,51,66010,363.926,1980
262513098138209,100,51,66010,363.926,1980
262513148247570,100,51,66010,395.929,1965
262513198359706,100,51,66010,395.929,1965
262513248469547,99,56,66010,424.572,1965
262513298577706,99,56,66010,424.572,1965
262513348686827,99,56,66010,452.459,1965
262513398800359,99,56,66010,452.459,1965
262513448909776,99,55,66010,479.741,1965
262513499022316,99,55,66010,479.741,1965
262513549189971,99,55,66010,502.319,1980
262513599321191,99,55,66010,502.319,1980
262513649489021,82,49,66010,526.847,1980
262513699660783,82,49,66010,526.847,1980
262513749821812,82,49,66010,558.362,1980
262513799946069,82,49,66010,558.362,1980
262513850050085,95,58,66010,583.803,1980
262513900202521,95,58,66010,583.803,1980
262513950330453,95,58,66010,613.339,1980
262514000524347,95,58,66010,613.339,1980
262514050692154,98,60,66010,638.486,1980
262514100819891,98,60,66010,638.486,1980
262514150930308,98,60,66010,634.094,1965
262514201094332,98,60,66010,634.094,1965
262514251226304,98,61,66010,623.398,1965
262514301375007,98,61,66010,623.398,1965
262514351500580,98,61,66010,619.492,1965
262514401650727,98,61,66010,619.492,1965
262514451814270,98,62,66010,613.342,1980
262514501943266,98,62,66010,613.342,1980
262514552053908,98,62,66010,614.592,1980
262514602164671,98,62,66010,614.592,1980
262514652314959,100,60,66010,615.364,1980
262514702474703,100,60,66010,615.364,1980
262514752605454,100,60,66010,614.742,1980
262514802716213,100,60,66010,614.742,1980
262514852864312,100,60,66010,613.483,1980
262514902994543,100,60,66010,613.483,1980
262514954580708,100,60,66010,606.853,1980
262515005244775,100,60,66010,606.853,1980
262515056315800,96,63,66010,572.384,1980
262515107238672,96,63,66010,572.384,1980
262515157371738,96,63,66010,526.728,1980
262515207548636,96,63,66010,526.728,1980
262515257710223,2,2,66010,495.693,1980
262515309085764,2,2,66010,495.693,1980
262515360729998,2,2,66010,467.329,1980
262515410945562,2,2,66010,467.329,1980
262515461562254,74,36,66010,445.0,1980
262515511780235,74,36,66010,445.0,1980
262515562510704,74,36,66010,417.899,1980
262515612693348,74,36,66010,417.899,1980
262515662816715,82,40,66010,396.704,1980
262515713139990,82,40,66010,396.704,1980
262515763330233,82,40,66010,375.23,1980
262515813818635,82,40,66010,375.23,1980
262515864264396,100,49,66010,358.645,1980
262515914738186,100,49,66010,358.645,1980
262515964902735,100,49,66010,329.52,1980
262516015014335,100,49,66010,329.52,1980
262516065227276,100,50,66010,334.965,1980
262516115420344,100,50,66010,334.965,1980
262516165643780,100,50,66010,356.555,1980
262516215771672,100,50,66010,356.555,1980
262516266594145,100,51,66010,363.987,1980
262516316713810,100,51,66010,363.987,1980
262516366827793,100,51,66010,371.309,1980
262516416941990,100,51,66010,371.309,1980
262516467069127,72,39,66010,401.174,1965
262516517182188,72,39,66010,401.174,1965
262516567289542,72,39,66010,429.077,1965
262516617446175,72,39,66010,429.077,1965
262516667617487,99,54,66010,455.643,1965
262516717787941,99,54,66010,455.643,1965
262516767957633,99,54,66010,478.728,1980
262516818090998,99,54,66010,478.728,1980
262516868257715,89,52,66010,498.194,1980
262516918424852,89,52,66010,498.194,1980
262516968554755,89,52,66010,528.612,1980
262517018713723,89,52,66010,528.612,1980
262517068884865,98,60,66010,552.11,1980
262517119025070,98,60,66010,552.11,1980
262517169178897,98,60,66010,580.923,1980
262517219351853,98,60,66010,580.923,1980
262517269488552,97,56,66010,605.954,1980
262517319649259,97,56,66010,605.954,1980
262517369814942,97,56,66010,624.44,1980
262517419945895,97,56,66010,624.44,1980
262517470096743,95,57,66010,618.947,1980
262517520263639,95,57,66010,618.947,1980
262517570396892,95,57,66010,611.984,1980
262517620553052,95,57,66010,611.984,1980
262517670718861,99,61,66010,607.43,1980
262517720854369,99,61,66010,607.43,1980
262517771019829,99,61,66010,606.619,1980
262517821191049,99,61,66010,606.619,1980
262517871359641,96,56,66010,607.386,1980
262517922010868,96,56,66010,607.386,1980
262517972683897,96,56,66010,577.544,1980
262518023259451,96,56,66010,577.544,1980
262518073403805,24,24,66010,530.777,1980
262518123566210,24,24,66010,530.777,1980
262518173724753,24,24,66010,498.037,1980
262518225113871,24,24,66010,473.806,1980
262518275263257,42,20,66010,473.806,1980
262518326504093,42,20,66010,450.268,1980
262518377652901,42,20,66010,450.268,1980
262518427805532,75,37,66010,428.252,1980
262518478348195,75,37,66010,428.252,1980
262518528487750,75,37,66010,405.439,1980
262518578820402,75,37,66010,405.439,1980
262518628969775,84,41,66010,380.135,1980
262518679880222,84,41,66010,380.135,1980
262518731340101,84,41,66010,364.885,1980
262518781465959,84,41,66010,364.885,1980
262518831616793,99,48,66010,338.321,1980
262518882234971,99,48,66010,338.321,1980
262518932858005,99,48,66010,340.273,1980
262518982985241,99,48,66010,340.273,1980
262519033186553,100,50,66010,356.614,1980
262519083436349,100,50,66010,356.614,1980
262519133676853,100,50,66010,373.041,1980
262519183854331,100,50,66010,373.041,1980
262519234036754,100,51,66010,372.44,1980
262519284284478,100,51,66010,372.44,1980
262519334507416,100,51,66010,371.127,1980
262519384683543,100,51,66010,371.127,1980
262519434804267,100,51,66010,368.075,1980
262519484923760,100,51,66010,368.075,1980
262519535038922,100,51,66010,381.655,1980
262519585145956,100,51,66010,381.655,1980
262519635262405,84,47,66010,410.375,1965
262519685418497,84,47,66010,410.375,1965
262519735533940,84,47,66010,435.884,1965
262519785648612,84,47,66010,435.884,1965
262519835758629,99,55,66010,462.187,1965
262519885863271,99,55,66010,462.187,1965
262519935968444,99,55,66010,489.729,1980
262519986077899,99,55,66010,489.729,1980
262520036183315,89,49,66010,516.364,1980
262520086286077,89,49,66010,516.364,1980
262520136388817,89,49,66010,538.523,1980
262520186491523,89,49,66010,538.523,1980
262520236593369,97,55,66010,564.412,1980
262520286713539,97,55,66010,564.412,1980
262520336821355,97,55,66010,584.399,1980
262520386922896,97,55,66010,584.399,1980
262520437027845,97,56,66010,609.671,1980
262520487141094,97,56,66010,609.671,1980
262520537248609,97,56,66010,629.422,1980
262520587356839,97,56,66010,629.422,1980
262520637456579,97,56,66010,628.092,1980
262520687564008,97,56,66010,628.092,1980
262520737665183,97,56,66010,621.691,1980
262520787767271,97,56,66010,621.691,1980
262520837872091,96,56,66010,614.902,1980
262520887976303,96,56,66010,614.902,1980
262520938083669,96,56,66010,609.868,1980
262520988187547,96,56,66010,609.868,1980
262521038290805,96,59,66010,611.183,1980
262521088393870,96,59,66010,611.183,1980
262521138495556,96,59,66010,613.536,1980
262521188596792,96,59,66010,613.536,1980
262521238724206,95,59,66010,609.174,1980
262521288834484,95,59,66010,609.174,1980
262521338936635,95,59,66010,617.138,1980
262521389040317,95,59,66010,617.138,1980
262521439213234,95,59,66010,613.526,1980
262521490233033,95,59,66010,613.526,1980
262521540862657,95,59,66010,582.14,1980
262521591781570,95,59,66010,582.14,1980
262521642709208,24,24,66010,533.253,1980
262521692823900,24,24,66010,533.253,1980
262521744396770,24,24,66010,497.927,1980
262521794523037,24,24,66010,497.927,1980
262521844709295,41,20,66010,472.652,1980
262521896519072,41,20,66010,472.652,1980
262521948071199,41,20,66010,444.915,1980
262521999021342,41,20,66010,444.915,1980
262522049338153,75,37,66010,420.316,1980
262522099575252,75,37,66010,420.316,1980
262522149730332,75,37,66010,395.56,1980
262522199857873,75,37,66010,395.56,1980
262522250017450,79,39,66010,380.463,1980
262522300413571,79,39,66010,380.463,1980
262522350540051,79,39,66010,357.658,1980
262522400682920,79,39,66010,357.658,1980
262522451090596,100,49,66010,330.269,1980
262522501544140,100,49,66010,330.269,1980
262522551703107,100,49,66010,332.81,1980
262522601888986,100,49,66010,332.81,1980
262522652009421,100,50,66010,355.748,1980
262522702128495,100,50,66010,355.748,1980
262522752248447,100,50,66010,365.565,1980
262522802386878,100,50,66010,365.565,1980
262522852540049,100,50,66010,365.341,1980
262522902668505,100,50,66010,365.341,1980
262522952896907,100,50,66010,362.644,1980
262523003064117,100,50,66010,362.644,1980
262523053188631,100,51,66010,360.823,1980
262523103304583,100,51,66010,360.823,1980
262523153413373,100,51,66010,395.499,1980
262523203519335,100,51,66010,395.499,1980
262523253625123,98,55,66010,423.879,1965
262523303780968,98,55,66010,423.879,1965
262523353947549,98,55,66010,454.273,1965
262523404080720,98,55,66010,454.273,1965
262523454191696,99,54,66010,482.918,1965
262523504307673,99,54,66010,482.918,1965
262523554414154,99,54,66010,503.889,1980
262523604518403,99,54,66010,503.889,1980
262523654622600,95,56,66010,528.115,1980
262523704725422,95,56,66010,528.115,1980
262523754828536,95,56,66010,551.271,1980
262523804934700,95,56,66010,551.271,1980
262523855050857,96,57,66010,576.045,1980
262523905160918,96,57,66010,576.045,1980
262523955269113,96,57,66010,601.38,1980
262524005386940,96,57,66010,601.38,1980
262524055494124,100,60,66010,634.368,1980
262524105601269,100,60,66010,634.368,1980
262524155708910,100,60,66010,627.95,1980
262524205814464,100,60,66010,627.95,1980
262524255919159,97,58,66010,620.81,1980
262524306030181,97,58,66010,620.81,1980
262524356134177,97,58,66010,614.749,1980
262524406237468,97,58,66010,614.749,1980
262524456341058,97,56,66010,607.158,1980
262524506499707,97,56,66010,607.158,1980
262524556630706,97,56,66010,613.251,1980
262524606743023,97,56,66010,613.251,1980
262524656853119,95,58,66010,614.534,1980
262524706981287,95,58,66010,614.534,1980
262524757091388,95,58,66010,612.71,1980
262524807200403,95,58,66010,612.71,1980
262524857310858,96,67,66010,611.862,1980
262524908206546,96,67,66010,611.862,1980
262524959249294,96,67,66010,574.73,1980
262525010703940,96,67,66010,574.73,1980
262525060907436,4,4,66010,524.632,1980
262525112117237,4,4,66010,524.632,1980
262525162264818,4,4,66010,495.05,1980
262525212416714,4,4,66010,495.05,1980
262525263996219,58,28,66010,469.857,1980
262525315719300,58,28,66010,469.857,1980
262525366510770,58,28,66010,443.428,1980
262525418465321,58,28,66010,443.428,1980
262525469629317,76,38,66010,420.444,1980
262525520032263,76,38,66010,420.444,1980
262525570170537,76,38,66010,401.496,1980
262525621587047,76,38,66010,401.496,1980
262525683329158,84,41,66010,372.479,1980
262525733450595,84,41,66010,357.699,1980
262525784084858,84,41,66010,357.699,1980
262525834939470,99,48,66010,336.917,1980
262525885062192,99,48,66010,336.917,1980
262525935171660,99,48,66010,348.5,1980
262525985343499,99,48,66010,348.5,1980
262526035514061,100,51,66010,366.467,1980
262526085669090,100,51,66010,366.467,1980
262526135822661,100,51,66010,377.27,1980
262526185954224,100,51,66010,377.27,1980
262526236051399,100,51,66010,377.053,1980
262526286199793,100,51,66010,377.053,1980
262526336305608,100,51,66010,375.219,1980
262526386470762,100,51,66010,375.219,1980
262526436581831,100,51,66010,371.827,1980
262526486737145,100,51,66010,371.827,1980
262526536862105,100,51,66010,373.428,1980
262526586967219,100,51,66010,373.428,1980
262526637071641,70,37,66010,404.334,1965
262526687174521,70,37,66010,404.334,1965
262526737278767,70,37,66010,431.55,1965
262526787390902,70,37,66010,431.55,1965
262526837501866,99,56,66010,459.603,1965
262526887647428,99,56,66010,459.603,1965
262526937775628,99,56,66010,487.58,1965
262526987892649,99,56,66010,487.58,1965
262527038007808,99,55,66010,509.729,1980
262527088118798,99,55,66010,509.729,1980
262527138226153,99,55,66010,537.176,1965
262527188338958,99,55,66010,537.176,1965
262527238445813,100,56,66010,564.485,1965
262527288552779,100,56,66010,564.485,1965
262527338660348,100,56,66010,590.309,1980
262527388768740,100,56,66010,590.309,1980
262527438876077,96,60,66010,617.472,1980
262527488982262,96,60,66010,617.472,1980
262527539051768,96,60,66010,636.545,1980
262527589153403,96,60,66010,636.545,1980
262527639255304,98,60,66010,629.559,1980
262527689356752,98,60,66010,629.559,1980
262527739468050,98,60,66010,621.341,1980
262527789576699,98,60,66010,621.341,1980
262527839742592,98,61,66010,616.57,1980
262527889884696,98,61,66010,616.57,1980
262527939999765,98,61,66010,607.822,1980
262527990115877,98,61,66010,607.822,1980
262528040229331,98,61,66010,607.371,1980
262528090340140,98,61,66010,607.371,1980
262528140451687,98,61,66010,605.523,1980
262528190557241,98,61,66010,605.523,1980
262528240659588,97,56,66010,606.827,1980
262528290778438,97,56,66010,606.827,1980
262528340889619,97,56,66010,601.954,1980
262528390993858,97,56,66010,601.954,1980
262528441102351,98,61,66010,604.073,1980
262528491204539,98,61,66010,604.073,1980
262528542202971,98,61,66010,601.431,1980
262528593153212,98,61,66010,601.431,1980
262528644085032,2,2,66010,557.847,1980
262528694878023,2,2,66010,557.847,1980
262528745047357,2,2,66010,515.065,1980
262528795159362,2,2,66010,515.065,1980
262528846613259,72,35,66010,485.95,1980
262528896735262,72,35,66010,485.95,1980
262528948169317,72,35,66010,465.392,1980
262529000184409,72,35,66010,465.392,1980
262529052302223,75,37,66010,438.651,1980
262529102595170,75,37,66010,438.651,1980
262529153677607,75,37,66010,418.156,1980
262529203801469,75,37,66010,418.156,1980
262529255055717,86,42,66010,396.982,1980
262529305212599,86,42,66010,396.982,1980
262529355342612,86,42,66010,375.735,1980
262529405487465,86,42,66010,375.735,1980
262529456050907,99,49,66010,357.534,1980
262529506192811,99,49,66010,357.534,1980
262529556686113,99,49,66010,336.099,1980
262529606827679,99,49,66010,336.099,1980
262529656997786,100,51,66010,358.125,1980
262529707248453,100,51,66010,358.125,1980
262529757768238,100,51,66010,377.169,1980
262529807894034,100,51,66010,377.169,1980
262529858190433,100,51,66010,382.494,1980
262529908336490,100,51,66010,382.494,1980
262529958453480,100,51,66010,381.238,1980
262530008572727,100,51,66010,381.238,1980
262530058743801,100,51,66010,379.573,1980
262530109016265,100,51,66010,379.573,1980
262530160700611,100,51,66010,376.23,1980
262530210813491,100,51,66010,376.23,1980
262530260918009,62,35,66010,383.141,1980
262530311022935,62,35,66010,383.141,1980
262530361125739,62,35,66010,413.93,1920
262530411230026,62,35,66010,413.93,1920
262530461335771,99,55,66010,442.633,1965
262530511449470,99,55,66010,442.633,1965
262530561553612,99,55,66010,469.782,1965
262530611655933,99,55,66010,469.782,1965
262530661758840,93,52,66010,496.546,1965
262530711863423,93,52,66010,496.546,1965
262530761966953,93,52,66010,518.95,1980
262530812069605,93,52,66010,518.95,1980
262530862173828,97,54,66010,539.285,1980
262530912278269,97,54,66010,539.285,1980
262530962380597,97,54,66010,574.042,1980
262531012496675,97,54,66010,574.042,1980
262531062601524,97,56,66010,597.535,1980
262531113136256,97,56,66010,597.535,1980
262531163261025,97,56,66010,619.772,1980
262531213384147,97,56,66010,619.772,1980
262531263492114,97,56,66010,640.961,1980
262531313625740,97,56,66010,640.961,1980
262531363737156,97,56,66010,633.02,1980
262531414518238,97,56,66010,633.02,1980
262531464624189,96,55,66010,625.247,1980
262531514737875,96,55,66010,625.247,1980
262531564885020,96,55,66010,616.014,1980
262531615014804,96,55,66010,616.014,1980
262531665179928,97,55,66010,605.791,1980
262531715350249,97,55,66010,605.791,1980
262531765949639,97,55,66010,607.516,1980
262531816097081,97,55,66010,607.516,1980
262531866226915,95,56,66010,609.356,1980
262531916344174,95,56,66010,609.356,1980
262531966458523,95,56,66010,599.894,1980
262532016570611,95,56,66010,599.894,1980
262532066740410,95,59,66010,603.683,1980
262532116896880,95,59,66010,603.683,1980
262532167026722,95,59,66010,603.347,1980
262532217947596,95,59,66010,603.347,1980
262532268731973,40,34,66010,584.5,1980
262532319454134,40,34,66010,584.5,1980
262532370213415,40,34,66010,536.516,1980
262532421373228,40,34,66010,536.516,1980
262532471527705,26,12,66010,497.926,1980
262532522776343,26,12,66010,497.926,1980
262532572955180,26,12,66010,477.05,1980
262532623415841,26,12,66010,477.05,1980
262532673789062,75,37,66010,454.533,1980
262532723926792,75,37,66010,454.533,1980
262532774054258,75,37,66010,432.32,1980
262532824370444,75,37,66010,432.32,1980
262532875640374,83,40,66010,413.653,1980
262532925810463,83,40,66010,413.653,1980
262532976760438,83,40,66010,388.946,1980
262533027101059,83,40,66010,388.946,1980
262533077283847,99,49,66010,363.604,1980
262533127859858,99,49,66010,363.604,1980
262533178072745,99,49,66010,336.659,1980
262533228284965,99,49,66010,336.659,1980
262533278489140,100,50,66010,330.59,1980
262533328693351,100,50,66010,330.59,1980
262533378913715,100,50,66010,346.759,1980
262533429091099,100,50,66010,346.759,1980
262533479373446,100,51,66010,365.008,1980
262533529567697,100,51,66010,365.008,1980
262533579742318,100,51,66010,365.016,1980
262533629919622,100,51,66010,365.016,1980
262533680311275,100,51,66010,362.371,1980
262533730476393,100,51,66010,362.371,1980
262533781787983,100,51,66010,357.919,1980
262533831915501,100,51,66010,357.919,1980
262533882028830,74,39,66010,355.623,1980
262533932139669,74,39,66010,388.832,1965
262533982259653,74,39,66010,388.832,1965
262534032378632,99,56,66010,417.385,1965
262534082504933,99,56,66010,417.385,1965
262534132622738,99,56,66010,450.228,1965
262534182732558,99,56,66010,450.228,1965
262534232839951,99,55,66010,485.289,1890
262534282948863,99,55,66010,485.289,1890
262534333054993,99,55,66010,506.595,1965
262534383170235,99,55,66010,506.595,1965
262534433277830,100,59,66010,529.704,1965
262534483386684,100,59,66010,529.704,1965
262534533492006,100,59,66010,560.067,1965
262534583596693,100,59,66010,560.067,1965
262534633701464,100,57,66010,585.792,1980
262534683807173,100,57,66010,585.792,1980
262534733910804,100,57,66010,606.245,1980
262534784016368,100,57,66010,606.245,1980
262534834120356,100,57,66010,636.655,1980
262534884224182,100,57,66010,636.655,1980
262534934330711,100,57,66010,632.845,1980
262534984433196,100,57,66010,632.845,1980
262535034612631,100,57,66010,622.094,1980
262535084723505,100,57,66010,622.094,1980
262535134829577,100,57,66010,618.712,1980
262535184933859,100,57,66010,618.712,1980
262535235082018,97,57,66010,605.459,1980
262535285208902,97,57,66010,605.459,1980
262535335312602,97,57,66010,606.672,1980
262535385414475,97,57,66010,606.672,1980
262535435540119,97,57,66010,604.483,1980
262535485644721,97,57,66010,604.483,1980
262535535745067,97,57,66010,607.66,1965
262535585846458,97,57,66010,607.66,1965
262535635993455,97,56,66010,602.064,1965
262535686105174,97,56,66010,602.064,1965
262535736207124,97,56,66010,604.738,1965
262535786319858,97,56,66010,604.738,1965
262535838938772,96,66,66010,598.409,1980
262535889671484,96,66,66010,598.409,1980
262535941350860,96,66,66010,559.883,1980
262535992147408,96,66,66010,559.883,1980
262536046624823,2,2,66010,513.086,1980
262536096794383,2,2,66010,513.086,1980
262536148451637,2,2,66010,483.084,1980
262536198635202,2,2,66010,483.084,1980
262536248760426,73,36,66010,463.57,1980
262536298889569,73,36,66010,463.57,1980
262536350085683,73,36,66010,436.382,1980
262536401826255,73,36,66010,436.382,1980
262536453253246,76,38,66010,416.173,1980
262536503418422,76,38,66010,416.173,1980
262536553531039,76,38,66010,394.602,1980
262536604753744,76,38,66010,394.602,1980
262536655888138,91,43,66010,373.881,1980
262536706639834,91,43,66010,373.881,1980
262536757176678,91,43,66010,349.109,1980
262536807352856,91,43,66010,349.109,1980
262536857867042,100,50,66010,333.017,1980
262536908241352,100,50,66010,333.017,1980
262536958971845,100,50,66010,348.211,1980
262537009174655,100,50,66010,348.211,1980
262537059378417,100,51,66010,363.481,1980
262537109584048,100,51,66010,363.481,1980
262537159780631,100,51,66010,373.045,1980
262537210270922,100,51,66010,373.045,1980
262537260436069,100,51,66010,372.229,1980
262537310597884,100,51,66010,372.229,1980
262537360765921,100,51,66010,370.895,1980
262537410941306,100,51,66010,370.895,1980
262537461189933,100,51,66010,367.743,1980
262537511361087,100,51,66010,367.743,1980
262537561495963,100,51,66010,364.224,1980
262537611646925,100,51,66010,364.224,1980
262537661752764,99,56,66010,398.437,1965
262537711860480,99,56,66010,398.437,1965
262537761968475,99,56,66010,427.73,1965
262537812051295,99,56,66010,427.73,1965
262537862166076,99,55,66010,456.484,1965
262537912294687,99,55,66010,456.484,1965
262537962410657,99,55,66010,485.052,1935
262538012534096,99,55,66010,485.052,1935
262538062648384,88,51,66010,511.349,1965
262538112755100,88,51,66010,511.349,1965
262538162861184,88,51,66010,542.057,1965
262538212969011,88,51,66010,542.057,1965
262538263046367,95,58,66010,561.497,1965
262538313150492,95,58,66010,561.497,1965
262538363260568,95,58,66010,593.456,1980
262538413365804,95,58,66010,593.456,1980
262538463469668,96,59,66010,623.55,1950
262538513573874,96,59,66010,623.55,1950
262538563678805,96,59,66010,641.333,1965
262538613782854,96,59,66010,641.333,1965
262538663885354,96,58,66010,632.619,1965
262538713994969,96,58,66010,632.619,1965
262538764103433,96,58,66010,620.384,1980
262538814207044,96,58,66010,620.384,1980
262538864312574,98,60,66010,616.249,1980
262538914416281,98,60,66010,616.249,1980
262538964526628,98,60,66010,607.465,1980
262539014630251,98,60,66010,607.465,1980
262539064732056,98,61,66010,605.68,1980
262539114834692,98,61,66010,605.68,1980
262539164936900,98,61,66010,609.914,1980
262539215041664,98,61,66010,609.914,1980
262539265143861,98,61,66010,610.133,1980
262539315243848,98,61,66010,610.133,1980
262539365346935,98,61,66010,606.704,1980
262539415447751,98,61,66010,606.704,1980
262539465549642,98,61,66010,601.85,1980
262539516029871,98,61,66010,601.85,1980
262539566800054,98,61,66010,586.845,1980
262539617737355,98,61,66010,586.845,1980
262539668734287,2,2,66010,544.452,1980
262539718975921,2,2,66010,544.452,1980
262539770080064,2,2,66010,509.227,1980
262539820274130,2,2,66010,509.227,1980
262539871529055,70,33,66010,474.672,1980
262539921681294,70,33,66010,474.672,1980
262539971980329,70,33,66010,452.752,1980
262540022096142,70,33,66010,452.752,1980
262540072233767,77,39,66010,427.754,1980
262540122373948,77,39,66010,427.754,1980
262540172510133,77,39,66010,404.486,1980
262540222678980,77,39,66010,404.486,1980
262540273556304,91,45,66010,387.144,1980
262540324381471,91,45,66010,387.144,1980
262540375237921,91,45,66010,364.908,1980
262540425464439,91,45,66010,364.908,1980
262540475917503,100,49,66010,347.792,1980
262540526090065,100,49,66010,347.792,1980
262540576244913,100,49,66010,339.423,1980
262540626650680,100,49,66010,339.423,1980
262540676820992,100,50,66010,358.076,1980
262540727054500,100,50,66010,358.076,1980
262540777226637,100,50,66010,372.662,1980
262540827384501,100,50,66010,372.662,1980
262540877561516,100,51,66010,375.722,1980
262540927713249,100,51,66010,375.722,1980
262540977852172,100,51,66010,374.195,1980
262541027967822,100,51,66010,374.195,1980
262541078103531,99,55,66010,409.261,1965
262541128246081,99,55,66010,409.261,1965
262541178351433,99,55,66010,437.435,1965
262541228495033,99,55,66010,437.435,1965
262541278621242,99,54,66010,464.995,1965
262541328740481,99,54,66010,464.995,1965
262541378847712,99,54,66010,486.439,1965
262541428953857,99,54,66010,486.439,1965
262541479057449,96,55,66010,508.66,1965
262541529161847,96,55,66010,508.66,1965
262541579265945,96,55,66010,524.918,1980
262541629368281,96,55,66010,524.918,1980
262541679471581,98,58,66010,552.969,1980
262541729576590,98,58,66010,552.969,1980
262541779680853,98,58,66010,575.821,1980
262541829794647,98,58,66010,575.821,1980
262541879900891,97,55,66010,598.65,1980
262541930006567,97,55,66010,598.65,1980
262541980108604,97,55,66010,632.793,1980
262542030213364,97,55,66010,632.793,1980
262542080317072,97,55,66010,624.251,1980
262542130420305,97,55,66010,624.251,1980
262542180521710,97,55,66010,613.696,1980
262542230623769,97,55,66010,613.696,1980
262542280723952,96,57,66010,607.289,1980
262542330832126,96,57,66010,607.289,1980
262542380935962,96,57,66010,598.663,1980
262542431044994,96,57,66010,598.663,1980
262542481147372,98,58,66010,603.99,1980
262542531249626,98,58,66010,603.99,1980
262542581351697,98,58,66010,602.45,1980
262542631453808,98,58,66010,602.45,1980
262542681905188,98,58,66010,597.679,1980
262542732672334,98,58,66010,597.679,1980
262542783522700,98,58,66010,568.798,1980
262542834294681,98,58,66010,568.798,1980
262542894678625,2,2,66010,528.218,1980
262542944823490,2,2,66010,487.837,1980
262542995060740,2,2,66010,487.837,1980
262543045586197,70,34,66010,465.014,1980
262543095708793,70,34,66010,465.014,1980
262543146712672,70,34,66010,439.798,1980
262543197853292,70,34,66010,439.798,1980
262543247988856,77,38,66010,420.279,1980
262543299106054,77,38,66010,420.279,1980
262543350126229,77,38,66010,401.644,1980
262543400242295,77,38,66010,401.644,1980
262543450427395,84,42,66010,379.193,1980
262543500582207,84,42,66010,379.193,1980
262543551368310,84,42,66010,356.341,1980
262543601472060,84,42,66010,356.341,1980
262543651616684,100,50,66010,338.388,1980
262543701808472,100,50,66010,338.388,1980
262543752459876,100,50,66010,345.923,1980
262543803125708,100,50,66010,345.923,1980
262543853513221,100,51,66010,369.416,1980
262543903742281,100,51,66010,369.416,1980
262543953902339,100,51,66010,380.328,1980
262544004122045,100,51,66010,380.328,1980
262544054451475,100,51,66010,379.998,1980
262544104627384,100,51,66010,379.998,1980
262544154792017,100,51,66010,380.082,1980
262544204936850,100,51,66010,380.082,1980
262544255052175,84,43,66010,373.366,1980
262544305166890,84,43,66010,373.366,1980
262544355289792,84,43,66010,396.637,1980
262544405399294,84,43,66010,396.637,1980
262544455537081,99,55,66010,419.081,1980
262544505646208,99,55,66010,419.081,1980
262544555755892,99,55,66010,450.251,1980
262544605858877,99,55,66010,450.251,1980
262544655962172,99,54,66010,476.636,1965
262544706067065,99,54,66010,476.636,1965
262544756174450,99,54,66010,495.791,1965
262544806278916,99,54,66010,495.791,1965
262544856382568,100,58,66010,514.761,1965
262544906487262,100,58,66010,514.761,1965
262544956589263,100,58,66010,546.708,1980
262545007751613,100,58,66010,546.708,1980
262545057857775,97,57,66010,567.178,1980
262545107971498,97,57,66010,567.178,1980
262545158075126,97,57,66010,594.523,1980
262545208177024,97,57,66010,594.523,1980
262545258278715,97,56,66010,631.315,1980
262545308379876,97,56,66010,631.315,1980
262545358481519,97,56,66010,630.453,1980
262545408585793,97,56,66010,630.453,1980
262545458687623,96,58,66010,624.804,1980
262545508790187,96,58,66010,624.804,1980
262545558891829,96,58,66010,618.284,1980
262545608994216,96,58,66010,618.284,1980
262545659101919,98,59,66010,618.179,1980
262545709210544,98,59,66010,618.179,1980
262545759317324,98,59,66010,620.272,1980
262545809472175,98,59,66010,620.272,1980
262545859602680,98,60,66010,619.612,1980
262545909710936,98,60,66010,619.612,1980
262545959824595,98,60,66010,619.326,1980
262546009937722,98,60,66010,619.326,1980
262546060046350,100,59,66010,620.378,1980
262546111080770,100,59,66010,620.378,1980
262546162053095,100,59,66010,583.175,1980
262546212777832,100,59,66010,583.175,1980
262546263747887,2,2,66010,545.553,1980
262546313939348,2,2,66010,545.553,1980
262546365309310,2,2,66010,502.301,1980
262546415919407,2,2,66010,502.301,1980
262546467168108,74,36,66010,476.517,1980
262546517382469,74,36,66010,476.517,1980
262546568308307,74,36,66010,455.466,1980
262546618616290,74,36,66010,455.466,1980
262546668824522,75,37,66010,425.02,1980
262546718965652,75,37,66010,425.02,1980
262546769098427,75,37,66010,402.401,1980
262546820004222,75,37,66010,402.401,1980
262546870695582,88,43,66010,379.084,1980
262546920848597,88,43,66010,379.084,1980
262546971043732,88,43,66010,354.875,1980
262547021499361,88,43,66010,354.875,1980
262547071670098,100,50,66010,330.579,1980
262547122178090,100,50,66010,330.579,1980
262547172392911,100,50,66010,339.198,1980
262547222558117,100,50,66010,339.198,1980
262547272712872,100,51,66010,354.51,1980
262547323317660,100,51,66010,354.51,1980
262547373659469,100,51,66010,355.82,1980
262547423832753,100,51,66010,355.82,1980
262547474014124,91,48,66010,384.775,1980
262547524148666,91,48,66010,384.775,1980
262547574258203,91,48,66010,413.787,1980
262547624383439,91,48,66010,413.787,1980
262547674504193,98,52,66010,439.681,1980
262547724668911,98,52,66010,439.681,1980
262547774830190,98,52,66010,459.599,1980
262547824967041,98,52,66010,459.599,1980
262547875049823,90,52,66010,477.726,1980
262547925160865,90,52,66010,477.726,1980
262547975300246,90,52,66010,499.893,1980
262548025496457,90,52,66010,499.893,1980
262548075639205,93,55,66010,524.872,1980
262548125754297,93,55,66010,524.872,1980
262548175906434,93,55,66010,548.587,1980
262548226034922,93,55,66010,548.587,1980
262548276170966,98,57,66010,572.642,1980
262548326330138,98,57,66010,572.642,1980
262548376456256,98,57,66010,594.864,1980
262548426599882,98,57,66010,594.864,1980
262548476726283,95,53,66010,594.758,1980
262548526835619,95,53,66010,594.758,1980
262548576984254,95,53,66010,583.56,1980
262548627153780,95,53,66010,583.56,1980
262548677275949,95,55,66010,580.563,1980
262548727397247,95,55,66010,580.563,1980
262548777501986,95,55,66010,580.263,1980
262548827663201,95,55,66010,580.263,1980
262548878376803,94,60,66010,578.918,1980
262548929457567,94,60,66010,578.918,1980
262548980345082,94,60,66010,539.446,1980
262549031347466,94,60,66010,539.446,1980
262549083134742,2,2,66010,505.824,1980
262549134822481,2,2,66010,505.824,1980
262549185352747,2,2,66010,470.182,1980
262549235485957,2,2,66010,470.182,1980
262549286983054,73,36,66010,449.286,1980
262549338045669,73,36,66010,449.286,1980
262549389249905,73,36,66010,428.651,1980
262549440987361,73,36,66010,408.606,1980
262549491226116,76,38,66010,408.606,1980
262549542222472,76,38,66010,392.626,1980
262549592432809,76,38,66010,392.626,1980
262549642604777,91,45,66010,371.977,1980
262549692868124,91,45,66010,371.977,1980
262549743045614,91,45,66010,353.328,1980
262549793213021,91,45,66010,353.328,1980
262549843429831,100,51,66010,333.26,1980
262549893629191,100,51,66010,333.26,1980
262549943796846,100,51,66010,343.365,1980
262549994160316,100,51,66010,343.365,1980
262550044419737,100,51,66010,362.241,1980
262550094774471,100,51,66010,362.241,1980
262550144903115,100,51,66010,369.468,1980
262550195020210,100,51,66010,369.468,1980
262550245133842,88,45,66010,365.727,1980
262550295253129,88,45,66010,365.727,1980
262550345369557,88,45,66010,388.085,1980
262550395524220,88,45,66010,388.085,1980
262550445685749,99,54,66010,416.707,1980
262550495848763,99,54,66010,416.707,1980
262550546012248,99,54,66010,444.915,1980
262550596171224,99,54,66010,444.915,1980
262550646323528,98,54,66010,474.796,1980
262550696485709,98,54,66010,474.796,1980
262550746652004,98,54,66010,489.644,1980
262550796775365,98,54,66010,489.644,1980
262550846925393,100,59,66010,514.971,1980
262550897070128,100,59,66010,514.971,1980
262550947176170,100,59,66010,535.995,1980
262550997305433,100,59,66010,535.995,1980
262551047412834,95,56,66010,556.298,1980
262551097564218,95,56,66010,556.298,1980
262551147726614,95,56,66010,578.956,1980
262551197890333,95,56,66010,578.956,1980
262551248043942,95,55,66010,611.741,1980
262551298164993,95,55,66010,611.741,1980
262551348273183,95,55,66010,614.095,1980
262551398411372,95,55,66010,614.095,1980
262551448554962,93,56,66010,605.809,1980
262551498674701,93,56,66010,605.809,1980
262551548823186,93,56,66010,596.266,1980
262551598976711,93,56,66010,596.266,1980
262551649099711,98,59,66010,594.941,1980
262551699248745,98,59,66010,594.941,1980
262551749410688,98,59,66010,598.297,1980
262551799531707,98,59,66010,598.297,1980
262551849638996,98,60,66010,596.017,1980
262551899786302,98,60,66010,596.017,1980
262551949944064,98,60,66010,597.013,1980
262552000065849,98,60,66010,597.013,1980
262552050202472,100,59,66010,601.181,1980
262552101272457,100,59,66010,601.181,1980
262552152843353,100,59,66010,565.898,1980
262552203783734,100,59,66010,565.898,1980
262552255035064,2,2,66010,523.983,1980
262552305485458,2,2,66010,523.983,1980
262552356876470,2,2,66010,489.748,1980
262552407272912,2,2,66010,489.748,1980
262552458117994,71,35,66010,464.69,1980
262552508331757,71,35,66010,464.69,1980
262552558726153,71,35,66010,442.388,1980
262552608854144,71,35,66010,442.388,1980
262552659449503,73,37,66010,418.881,1980
262552709640126,73,37,66010,418.881,1980
262552760432070,73,37,66010,392.772,1980
262552811182718,73,37,66010,392.772,1980
262552862719687,84,41,66010,376.29,1980
262552913637259,84,41,66010,376.29,1980
262552964481878,84,41,66010,350.325,1980
262553015261926,84,41,66010,350.325,1980
262553065777495,98,49,66010,330.557,1980
262553115961532,98,49,66010,330.557,1980
262553166134501,98,49,66010,337.315,1980
262553216596206,98,49,66010,337.315,1980
262553266805348,100,51,66010,357.072,1980
262553317015371,100,51,66010,357.072,1980
262553367149779,100,51,66010,369.631,1980
262553417275260,100,51,66010,369.631,1980
262553467403813,100,51,66010,369.845,1980
262553517529126,100,51,66010,369.845,1980
262553567698775,100,51,66010,368.309,1980
262553617844038,100,51,66010,368.309,1980
262553667983523,89,45,66010,363.094,1980
262553730060518,89,45,66010,363.094,1980
262553781578451,89,45,66010,356.523,1980
262553831705369,89,45,66010,356.523,1980
262553881830477,82,45,66010,381.81,1980
262553931954621,82,45,66010,381.81,1980
262553982060552,82,45,66010,412.525,1950
262554032186124,82,45,66010,412.525,1950
262554082315486,99,54,66010,442.449,1965
262554132441622,99,54,66010,442.449,1965
262554182563729,99,54,66010,470.522,1965
262554232700991,99,54,66010,470.522,1965
262554282831340,88,48,66010,497.547,1965
262554332964382,88,48,66010,497.547,1965
262554383088798,88,48,66010,526.689,1980
262554433212152,88,48,66010,526.689,1980
262554483340532,95,52,66010,551.471,1980
262554533468898,95,52,66010,551.471,1980
262554583595609,95,52,66010,578.368,1980
262554633719736,95,52,66010,578.368,1980
262554683844837,94,54,66010,600.252,1980
262554733977092,94,54,66010,600.252,1980
262554784114272,94,54,66010,626.563,1965
262554834247226,94,54,66010,626.563,1965
262554884376680,95,54,66010,629.723,1965
262554934499325,95,54,66010,629.723,1965
262554985175620,95,54,66010,620.094,1965
262555035311689,95,54,66010,620.094,1965
262555085436239,95,54,66010,613.619,1980
262555135561606,95,54,66010,613.619,1980
262555185689968,95,54,66010,603.257,1980
262555235813537,95,54,66010,603.257,1980
262555285947849,95,53,66010,603.453,1980
262555336068078,95,53,66010,603.453,1980
262555386189454,95,53,66010,597.453,1980
262555436371941,95,53,66010,597.453,1980
262555486497363,95,54,66010,599.568,1980
262555536615567,95,54,66010,599.568,1980
262555586745716,95,54,66010,603.525,1980
262555636863371,95,54,66010,603.525,1980
262555688034704,95,54,66010,602.515,1980
262555738159903,95,54,66010,602.515,1980
262555788282493,95,54,66010,596.126,1980
262555839296427,95,54,66010,596.126,1980
262555890134312,55,43,66010,575.948,1980
262555941138560,55,43,66010,575.948,1980
262555991760082,55,43,66010,531.733,1980
262556043044631,55,43,66010,498.65,1980
262556094144040,13,6,66010,498.65,1980
262556144760761,13,6,66010,469.868,1980
262556195455126,13,6,66010,469.868,1980
262556246764538,71,35,66010,440.094,1980
262556298372180,71,35,66010,440.094,1980
262556348936931,71,35,66010,421.804,1980
262556399363637,71,35,66010,421.804,1980
262556449485588,80,40,66010,401.932,1980
262556501487189,80,40,66010,401.932,1980
262556552512770,80,40,66010,368.203,1980
262556603144755,80,40,66010,368.203,1980
262556653290068,99,49,66010,348.625,1980
262556703809253,99,49,66010,348.625,1980
262556754468534,99,49,66010,333.697,1980
262556804654288,99,49,66010,333.697,1980
262556854777545,100,51,66010,331.117,1980
262556904900587,100,51,66010,331.117,1980
262556955053509,100,51,66010,352.841,1980
262557005257294,100,51,66010,352.841,1980
262557055377524,100,51,66010,366.108,1980
262557105492628,100,51,66010,366.108,1980
262557155647873,100,51,66010,366.555,1980
262557205786818,100,51,66010,366.555,1980
262557255965450,100,51,66010,367.146,1980
262557306091687,100,51,66010,367.146,1980
262557356380842,100,51,66010,364.318,1980
262557406516779,100,51,66010,364.318,1980
262557456637926,69,36,66010,367.53,1980
262557506754213,69,36,66010,367.53,1980
262557556871843,69,36,66010,401.472,1980
262557606989518,69,36,66010,401.472,1980
262557657110552,99,56,66010,432.138,1950
262557707231458,99,56,66010,432.138,1950
262557757359129,99,56,66010,459.331,1965
262557807481759,99,56,66010,459.331,1965
262557857608465,99,55,66010,490.107,1965
262557907729829,99,55,66010,490.107,1965
262557957847597,99,55,66010,508.96,1980
262558007968590,99,55,66010,508.96,1980
262558058093798,97,59,66010,536.982,1980
262558108212395,97,59,66010,536.982,1980
262558158329568,97,59,66010,566.048,1980
262558208447929,97,59,66010,566.048,1980
262558258570573,100,58,66010,583.776,1980
262558308740873,100,58,66010,583.776,1980
262558358864009,100,58,66010,611.795,1980
262558408979659,100,58,66010,611.795,1980
262558459097870,100,58,66010,629.345,1980
262558509222174,100,58,66010,629.345,1980
262558559347031,100,58,66010,621.144,1980
262558609470520,100,58,66010,621.144,1980
262558659594202,100,58,66010,603.471,1980
262558709711677,100,58,66010,603.471,1980
262558759830277,100,58,66010,598.776,1980
262558809945667,100,58,66010,598.776,1980
262558860067301,95,56,66010,588.286,1980
262558910182501,95,56,66010,588.286,1980
262558960297314,95,56,66010,588.38,1980
262559010408250,95,56,66010,588.38,1980
262559060539465,95,56,66010,582.94,1980
262559110672858,95,56,66010,582.94,1980
262559160797001,95,56,66010,583.022,1980
262559210934925,95,56,66010,583.022,1980
262559261069567,95,55,66010,577.992,1980
262559311205356,95,55,66010,577.992,1980
262559361331283,95,55,66010,579.608,1980
262559411552900,95,55,66010,579.608,1980
262559461776914,93,65,66010,570.374,1980
262559512454481,93,65,66010,570.374,1980
262559563297046,93,65,66010,533.392,1980
262559613945142,93,65,66010,533.392,1980
262559664077935,2,2,66010,490.109,1980
262559714215006,2,2,66010,490.109,1980
262559764399439,2,2,66010,460.879,1980
262559814758640,2,2,66010,460.879,1980
262559864917722,72,35,66010,439.301,1980
262559916194303,72,35,66010,439.301,1980
262559966909968,72,35,66010,416.383,1980
262560017085338,72,35,66010,416.383,1980
262560067303308,69,34,66010,396.686,1980
262560117442500,69,34,66010,396.686,1980
262560167572950,69,34,66010,375.714,1980
262560217723559,69,34,66010,375.714,1980
262560268287467,86,42,66010,361.788,1980
262560318682653,86,42,66010,361.788,1980
262560369126159,86,42,66010,337.281,1980
262560419282398,86,42,66010,337.281,1980
262560469414245,100,50,66010,327.293,1980
262560519803419,100,50,66010,327.293,1980
262560570031201,100,50,66010,342.446,1980
262560620181590,100,50,66010,342.446,1980
262560670355960,100,51,66010,362.083,1980
262560720493818,100,51,66010,362.083,1980
262560770660978,100,51,66010,371.17,1980
262560820838138,100,51,66010,371.17,1980
262560870966774,100,51,66010,369.585,1980
262560921113436,100,51,66010,369.585,1980
262560971243503,100,51,66010,367.615,1980
262561021367463,100,51,66010,367.615,1980
262561083957547,100,51,66010,366.473,1980
262561135328561,100,51,66010,366.473,1980
262561185459097,100,51,66010,368.868,1980
262561235598579,100,51,66010,368.868,1980
262561285750481,98,56,66010,404.492,1935
262561335878123,98,56,66010,404.492,1935
262561386010093,98,56,66010,430.501,1950
262561436137255,98,56,66010,430.501,1950
262561486268587,98,56,66010,456.871,1965
262561536416848,98,56,66010,456.871,1965
262561589945502,98,56,66010,489.193,1965
262561640073934,98,56,66010,489.193,1965
262561690210941,88,49,66010,509.486,1980
262561740346961,88,49,66010,509.486,1980
262561790476750,88,49,66010,536.796,1980
262561840606315,88,49,66010,536.796,1980
262561890740574,95,54,66010,564.293,1980
262561940883862,95,54,66010,564.293,1980
262561991019774,95,54,66010,590.751,1980
262562041144699,95,54,66010,590.751,1980
262562091350668,95,55,66010,615.688,1980
262562141524318,95,55,66010,615.688,1980
262562192632056,95,55,66010,638.242,1980
262562242810769,95,55,66010,638.242,1980
262562293012393,95,56,66010,625.914,1980
262562343174587,95,56,66010,625.914,1980
262562394412802,95,56,66010,620.91,1980
262562444594370,95,56,66010,620.91,1980
262562494801985,95,56,66010,613.133,1980
262562544951725,95,56,66010,613.133,1980
262562595161819,95,56,66010,607.37,1965
262562645347845,95,56,66010,607.37,1965
262562695567536,95,55,66010,608.46,1965
262562745718454,95,55,66010,608.46,1965
262562795896106,95,55,66010,605.064,1965
262562846078674,95,55,66010,605.064,1965
262562896311645,96,56,66010,608.021,1980
262562946486201,96,56,66010,608.021,1980
262562996670655,96,56,66010,607.932,1980
262563046840351,96,56,66010,607.932,1980
262563097075436,96,56,66010,610.49,1980
262563147253191,96,56,66010,610.49,1980
262563197440414,96,56,66010,607.39,1980
262563248648005,95,66,66010,603.201,1980
262563299278214,95,66,66010,603.201,1980
262563350185450,95,66,66010,558.215,1980
262563401246130,95,66,66010,558.215,1980
262563451395100,2,2,66010,514.533,1980
262563501807067,2,2,66010,514.533,1980
262563551955257,2,2,66010,484.97,1980
262563603341842,2,2,66010,484.97,1980
262563653491373,71,35,66010,457.653,1980
262563703644377,71,35,66010,457.653,1980
262563755015662,71,35,66010,436.202,1980
262563805782079,71,35,66010,436.202,1980
262563855924101,76,38,66010,413.956,1980
262563906164299,76,38,66010,413.956,1980
262563956323692,76,38,66010,389.229,1980
262564006466008,76,38,66010,389.229,1980
262564056590873,95,47,66010,362.522,1980
262564106720301,95,47,66010,362.522,1980
262564156866380,95,47,66010,340.795,1980
262564207006113,95,47,66010,340.795,1980
262564257259827,100,51,66010,322.749,1980
262564307384791,100,51,66010,322.749,1980
262564357681066,100,51,66010,339.49,1980
262564407798443,100,51,66010,339.49,1980
262564457984558,100,51,66010,353.88,1980
262564508104906,100,51,66010,353.88,1980
262564558248962,100,51,66010,368.43,1980
262564608366475,100,51,66010,368.43,1980
262564658479640,97,53,66010,400.514,1965
262564708598462,97,53,66010,400.514,1965
262564758725187,97,53,66010,428.633,1965
262564808843550,97,53,66010,428.633,1965
262564858979094,98,53,66010,459.343,1965
262564909121078,98,53,66012,459.343,1965
262564959323055,98,53,66012,479.914,1980
262565009496370,98,53,66012,479.914,1980
262565059710825,95,52,66012,499.963,1980
262565109918978,95,52,66012,499.963,1980
262565160068643,95,52,66012,515.717,1980
262565210262225,95,52,66012,515.717,1980
262565260473080,97,57,66012,540.656,1980
262565310638867,97,57,66012,540.656,1980
262565360842217,97,57,66012,564.428,1980
262565411044229,97,57,66012,564.428,1980
262565461259481,96,56,66012,587.101,1980
262565511419782,96,56,66012,587.101,1980
262565561612520,96,56,66012,612.207,1980
262565611802177,96,56,66012,612.207,1980
262565661948209,94,56,66012,605.09,1980
262565712137830,94,56,66012,605.09,1980
262565762346901,94,56,66012,596.11,1980
262565812501106,94,56,66012,596.11,1980
262565862715182,98,58,66012,589.759,1980
262565912920861,98,58,66012,589.759,1980
262565963383102,98,58,66012,589.484,1980
262566013549844,98,58,66012,589.484,1980
262566064548363,79,57,66012,578.872,1980
262566115398460,79,57,66012,578.872,1980
262566166102204,79,57,66012,537.865,1980
262566217145951,79,57,66012,537.865,1980
262566267305698,2,2,66012,494.057,1980
262566317463657,2,2,66012,494.057,1980
262566367647692,2,2,66012,467.913,1980
262566417803254,2,2,66012,467.913,1980
262566468892381,72,36,66012,445.056,1980
262566519610953,72,36,66012,445.056,1980
262566569738251,72,36,66012,423.7,1980
262566621009095,72,36,66012,423.7,1980
262566673274149,74,37,66012,400.701,1980
262566724298144,74,37,66012,400.701,1980
262566774438511,74,37,66012,383.258,1980
262566824627633,74,37,66012,383.258,1980
262566874847105,87,43,66012,362.552,1980
262566924982831,87,43,66012,362.552,1980
262566975568197,87,43,66012,342.084,1980
262567025717255,87,43,66012,342.084,1980
262567075841799,100,50,66012,323.213,1980
262567125961081,100,50,66012,323.213,1980
262567176053236,100,50,66012,340.75,1980
262567226454103,100,50,66012,340.75,1980
262567276614605,100,51,66012,359.539,1980
262567326783006,100,51,66012,359.539,1980
262567376929161,100,51,66012,366.142,1980
262567427065799,100,51,66012,366.142,1980
262567477201733,100,51,66012,366.284,1980
262567527355465,100,51,66012,366.284,1980
262567577501144,100,51,66012,364.07,1980
262567627643534,100,51,66012,364.07,1980
262567677781109,67,37,66012,374.209,1980
262567727913890,67,37,66012,374.209,1980
262567778042143,67,37,66012,406.109,1965
262567828174252,67,37,66012,406.109,1965
262567878308793,99,55,66012,434.058,1965
262567928438429,99,55,66012,434.058,1965
262567978564479,99,55,66012,461.959,1965
262568028692258,99,55,66012,461.959,1965
262568078909386,88,49,66012,488.199,1980
262568129084920,88,49,66012,488.199,1980
262568179309992,88,49,66012,513.466,1980
262568229514850,88,49,66012,513.466,1980
262568279656183,94,56,66012,534.426,1980
262568329856802,94,56,66012,534.426,1980
262568380032755,94,56,66012,557.072,1980
262568430247613,94,56,66012,557.072,1980
262568480488937,93,57,66012,589.401,1980
262568530655505,93,57,66012,589.401,1980
262568580865105,93,57,66012,612.952,1980
262568631032145,93,57,66012,612.952,1980
262568681219652,98,60,66012,628.256,1980
262568731380700,98,60,66012,628.256,1980
262568781597904,98,60,66012,619.383,1980
262568831812322,98,60,66012,619.383,1980
262568881998877,98,61,66012,614.138,1980
262568932207409,98,61,66012,614.138,1980
262568982356361,98,61,66012,608.438,1980
262569032877447,98,61,66012,608.438,1980
262569083058699,100,59,66012,603.322,1980
262569133266957,100,59,66012,603.322,1980
262569183471946,100,59,66012,602.056,1980
262569233623562,100,59,66012,602.056,1980
262569283849089,96,56,66012,598.577,1980
262569334024811,96,56,66012,598.577,1980
262569384222405,96,56,66012,600.734,1980
262569435177484,96,56,66012,600.734,1980
262569485958534,69,52,66012,582.088,1980
262569537030248,69,52,66012,582.088,1980
262569588084706,69,52,66012,541.913,1980
262569641787739,69,52,66012,541.913,1980
262569692423099,7,4,66012,497.75,1980
262569743508064,7,4,66012,497.75,1980
262569794612447,7,4,66012,472.988,1980
262569845210602,7,4,66012,472.988,1980
262569895849167,71,35,66012,451.175,1980
262569947076630,71,35,66012,451.175,1980
262569997229416,71,35,66012,426.927,1980
262570047432703,71,35,66012,426.927,1980
262570097586547,73,37,66012,403.099,1980
262570147708674,73,37,66012,403.099,1980
262570197836207,73,37,66012,380.596,1980
262570248229124,73,37,66012,380.596,1980
262570299020025,88,42,66012,362.054,1980
262570349898564,88,42,66012,362.054,1980
262570400041228,88,42,66012,344.556,1980
262570450202380,88,42,66012,344.556,1980
262570500330610,100,50,66012,333.705,1980
262570550465417,100,50,66012,333.705,1980
262570600841448,100,50,66012,352.934,1980
262570650992703,100,50,66012,352.934,1980
262570701335261,100,51,66012,368.311,1980
262570751515952,100,51,66012,369.176,1980
262570801716701,100,51,66012,369.176,1980
262570851855921,100,51,66012,368.923,1980
262570906722732,100,51,66012,368.923,1980
262570956860259,100,51,66012,362.331,1980
262571006997682,100,51,66012,362.331,1980
262571057131429,97,54,66012,392.235,1980
262571107257251,97,54,66012,392.235,1980
262571157384987,97,54,66012,416.971,1980
262571207515515,97,54,66012,416.971,1980
262571257644051,98,54,66012,442.784,1980
262571307766444,98,54,66012,442.784,1980
262571357901151,98,54,66012,469.016,1980
262571408106833,98,54,66012,469.016,1980
262571458270653,86,51,66012,492.077,1980
262571508475360,86,51,66012,492.077,1980
262571558682386,86,51,66012,512.213,1980
262571608827845,86,51,66012,512.213,1980
262571659023167,98,59,66012,541.288,1980
262571709194227,98,59,66012,541.288,1980
262571759401928,98,59,66012,560.883,1980
262571809611135,98,59,66012,560.883,1980
262571859800880,100,58,66012,581.054,1980
262571910032371,100,58,66012,581.054,1980
262571960204324,100,58,66012,615.673,1980
262572010403322,100,58,66012,615.673,1980
262572060599432,96,56,66012,609.598,1980
262572110757032,96,56,66012,609.598,1980
262572160969083,96,56,66012,606.32,1980
262572211151662,96,56,66012,606.32,1980
262572261354842,93,56,66012,599.104,1980
262572311552889,93,56,66012,599.104,1980
262572361746518,93,56,66012,595.458,1980
262572411954466,93,56,66012,595.458,1980
262572462103545,94,57,66012,595.522,1980
262572512292276,94,57,66012,595.522,1980
262572562489386,94,57,66012,599.544,1980
262572612637394,94,57,66012,599.544,1980
262572662834953,98,59,66012,595.627,1980
262572715318645,98,59,66012,595.627,1980
262572766122802,98,59,66012,576.413,1980
262572816874145,98,59,66012,576.413,1980
262572867832340,3,2,66012,537.337,1980
262572917976789,3,2,66012,537.337,1980
262572968699905,3,2,66012,498.837,1980
262573020470125,3,2,66012,498.837,1980
262573071128789,68,33,66012,476.091,1980
262573121812216,68,33,66012,476.091,1980
262573172804091,68,33,66012,448.631,1980
262573223060518,68,33,66012,448.631,1980
262573273204885,71,36,66012,426.34,1980
262573323357666,71,36,66012,426.34,1980
262573373563920,71,36,66012,399.068,1980
262573423727610,71,36,66012,399.068,1980
262573474897756,80,39,66012,379.647,1980
262573525605233,80,39,66012,379.647,1980
262573575763955,80,39,66012,359.411,1980
262573625902610,80,39,66012,359.411,1980
262573676049901,96,48,66012,336.866,1980
262573726211746,96,48,66012,336.866,1980
262573776398165,96,48,66012,330.872,1980
262573826556842,96,48,66012,330.872,1980
262573876800777,100,51,66012,347.632,1980
262573926918351,100,51,66012,347.632,1980
262573979166208,100,51,66012,365.967,1980
262574029290051,100,51,66012,365.967,1980
262574079412840,65,34,66012,371.536,1980
262574129531171,65,34,66012,371.536,1980
262574179654057,65,34,66012,406.944,1980
262574229785976,65,34,66012,406.944,1980
262574279906345,98,54,66012,436.625,1980
262574330030485,98,54,66012,436.625,1980
262574380155243,98,54,66012,465.349,1980
262574430343794,98,54,66012,465.349,1980
262574480550249,87,50,66012,488.918,1980
262574530710846,87,50,66012,488.918,1980
262574580924867,87,50,66012,513.042,1980
262574631112179,87,50,66012,513.042,1980
262574681258320,98,59,66012,534.4,1980
262574731454778,98,59,66012,534.4,1980
262574781661044,98,59,66012,557.435,1980
262574831845611,98,59,66012,557.435,1980
262574882075971,95,55,66012,581.862,1980
262574932283461,95,55,66012,581.862,1980
262574982457209,95,55,66012,609.373,1980
262575032690976,95,55,66012,609.373,1980
262575082917384,93,56,66012,629.608,1980
262575133085533,93,56,66012,629.608,1980
262575183285599,93,56,66012,619.625,1980
262575233510228,93,56,66012,619.625,1980
262575283690454,98,59,66012,615.177,1980
262575333903337,98,59,66012,615.177,1980
262575384109798,98,59,66012,610.31,1980
262575434324561,98,59,66012,610.31,1980
262575484490701,96,55,66012,610.613,1980
262575534795152,96,55,66012,610.613,1980
262575584961667,96,55,66012,608.178,1980
262575635988243,96,55,66012,608.178,1980
262575686590041,26,27,66012,576.553,1980
262575737403551,26,27,66012,576.553,1980
262575787567525,26,27,66012,531.544,1980
262575837750604,26,27,66012,531.544,1980
262575887967514,31,16,66012,495.075,1980
262575938133339,31,16,66012,495.075,1980
262575988359062,31,16,66012,471.788,1980
262576038532011,31,16,66012,471.788,1980
262576090135069,72,36,66012,445.788,1980
262576141452235,72,36,66012,445.788,1980
262576191790486,72,36,66012,423.923,1980
262576243068827,72,36,66012,423.923,1980
262576294193005,71,36,66012,398.191,1980
262576344632665,71,36,66012,398.191,1980
262576394789793,71,36,66012,375.124,1980
262576444968003,71,36,66012,375.124,1980
262576495067383,95,47,66012,355.009,1980
262576545189053,95,47,66012,355.009,1980
262576595312083,95,47,66012,331.464,1980
262576645840251,95,47,66012,331.464,1980
262576696047126,100,50,66012,340.348,1980
262576746367635,100,50,66012,340.348,1980
262576796540390,100,50,66012,358.137,1980
262576846674655,100,50,66012,358.137,1980
262576896804426,100,51,66012,365.977,1980
262576947132812,100,51,66012,365.977,1980
262576997355182,100,51,66012,364.071,1980
262577047489612,100,51,66012,364.071,1980
262577097624075,100,51,66012,360.688,1980
262577147765221,100,51,66012,360.688,1980
262577197929331,100,51,66012,368.206,1980
262577248066796,100,51,66012,368.206,1980
262577298200354,98,55,66012,399.402,1980
262577348331357,98,55,66012,399.402,1980
262577398474190,98,55,66012,433.717,1980
262577448606178,98,55,66012,433.717,1980
262577499689856,98,54,66012,463.232,1980
262577554128944,98,54,66012,463.232,1980
262577604356888,98,54,66012,485.829,1980
262577654602845,98,54,66012,485.829,1980
262577704786612,98,58,66012,513.098,1980
262577754991910,98,58,66012,531.545,1980
262577805151073,98,58,66012,531.545,1980
262577855360965,100,60,66012,557.197,1980
262577905594725,100,60,66012,557.197,1980
262577955750904,100,60,66012,581.036,1980
262578005946847,100,60,66012,581.036,1980
262578056116739,96,56,66012,605.227,1980
262578106347268,96,56,66012,605.227,1980
262578156571342,96,56,66012,620.073,1980
262578206774539,96,56,66012,620.073,1980
262578257021883,95,54,66012,616.46,1980
262578307185978,95,54,66012,616.46,1980
262578357394745,95,54,66012,605.089,1980
262578407558002,95,54,66012,605.089,1980
262578457764188,94,58,66012,599.795,1980
262578507981300,94,58,66012,599.795,1980
262578558145085,94,58,66012,597.339,1980
262578608352987,94,58,66012,597.339,1980
262578658524411,98,59,66012,597.554,1980
262578708762339,98,59,66012,597.554,1980
262578758989870,98,59,66012,600.473,1980
262578809142270,98,59,66012,600.473,1980
262578859331114,98,60,66012,603.638,1980
262578909502927,98,60,66012,603.638,1980
262578960511687,98,60,66012,571.573,1980
262579011487222,98,60,66012,571.573,1980
262579062282337,2,2,66012,529.429,1980
262579112417750,2,2,66012,529.429,1980
262579163681067,2,2,66012,497.272,1980
262579215527693,2,2,66012,497.272,1980
262579265707297,71,35,66012,466.026,1980
262579315930465,71,35,66012,466.026,1980
262579366392338,71,35,66012,446.885,1980
262579417159469,71,35,66012,446.885,1980
262579468040233,71,36,66012,421.73,1980
262579519334209,71,36,66012,421.73,1980
262579569464709,71,36,66012,405.067,1980
262579619622620,71,36,66012,405.067,1980
262579670481903,79,39,66012,376.205,1980
262579720954911,79,39,66012,376.205,1980
262579771116251,79,39,66012,353.851,1980
262579821374763,79,39,66012,353.851,1980
262579871514696,96,47,66012,338.376,1980
262579921634768,96,47,66012,338.376,1980
262579971765163,96,47,66012,341.5,1980
262580021948692,96,47,66012,341.5,1980
262580072095390,100,51,66012,357.002,1980
262580122218247,100,51,66012,357.002,1980
262580172509500,100,51,66012,370.797,1980
262580222647143,100,51,66012,370.797,1980
262580272933667,100,51,66012,371.136,1980
262580323064369,100,51,66012,371.136,1980
262580373267515,100,51,66012,369.789,1980
262580423415639,100,51,66012,369.789,1980
262580474959406,100,51,66012,367.24,1980
262580525132917,100,51,66012,367.24,1980
262580575262906,100,51,66012,384.577,1980
262580625392348,100,51,66012,384.577,1980
262580675516298,98,54,66012,413.115,1980
262580725636195,98,54,66012,413.115,1980
262580775761757,98,54,66012,443.256,1980
262580825885864,98,54,66012,443.256,1980
262580876011146,98,54,66012,473.219,1980
262580926133882,98,54,66012,473.219,1980
262580976318372,98,54,66012,492.958,1980
262581026487405,98,54,66012,492.958,1980
262581076702366,98,58,66012,519.743,1980
262581126879866,98,58,66012,519.743,1980
262581177076884,98,58,66012,541.012,1980
262581227218600,98,58,66012,541.012,1980
262581277356276,98,60,66012,564.428,1980
262581327551537,98,60,66012,564.428,1980
262581377707721,98,60,66012,591.808,1980
262581427889642,98,60,66012,591.808,1980
262581478056156,100,58,66012,622.295,1980
262581528270102,100,58,66012,622.295,1980
262581578439235,100,58,66012,628.895,1980
262581628643459,100,58,66012,628.895,1980
262581679183726,95,56,66012,621.445,1980
262581729342576,95,56,66012,621.445,1980
262581779551044,95,56,66012,611.539,1980
262581829723279,95,56,66012,611.539,1980
262581879914361,95,55,66012,603.412,1980
262581930060395,95,55,66012,603.412,1980
262581980288135,95,55,66012,600.092,1980
262582030500932,95,55,66012,600.092,1980
262582080655452,93,57,66012,601.794,1980
262582130856908,93,57,66012,601.794,1980
262582181033578,93,57,66012,601.972,1980
262582231287945,93,57,66012,601.972,1980
262582281456819,93,56,66012,606.235,1980
262582331703197,93,56,66012,606.235,1980
262582382457272,93,56,66012,594.206,1980
262582433225797,93,56,66012,594.206,1980
262582484270757,16,16,66012,551.812,1980
262582535358554,16,16,66012,551.812,1980
262582585486727,16,16,66012,505.011,1980
262582637186380,16,16,66012,505.011,1980
262582688028101,35,17,66012,480.426,1980
262582738362858,35,17,66012,480.426,1980
262582788750085,35,17,66012,453.339,1980
262582838998346,35,17,66012,453.339,1980
262582889278368,72,36,66012,433.943,1980
262582939436254,72,36,66012,433.943,1980
262582990011275,72,36,66012,413.821,1980
262583040168883,72,36,66012,413.821,1980
262583092013898,81,40,66012,385.75,1980
262583142165979,81,40,66012,385.75,1980
262583193060886,81,40,66012,363.891,1980
262583243885242,81,40,66012,363.891,1980
262583294714266,95,45,66012,339.489,1980
262583345183928,95,45,66012,339.489,1980
262583459780720,95,45,66012,348.675,1980
262583509961514,100,51,66012,348.675,1980
262583560065134,100,51,66012,366.582,1980
262583610195318,100,51,66012,366.582,1980
262583660303198,100,51,66012,375.031,1980
262583710515479,100,51,66012,375.031,1980
262583760812984,100,51,66012,374.201,1980
262583810993381,100,51,66012,374.201,1980
262583861108951,100,51,66012,371.996,1980
262583912630788,100,51,66012,371.996,1980
262583962751588,100,51,66012,374.45,1980
262584012865078,100,51,66012,374.45,1980
262584062975309,98,54,66012,406.856,1980
262584113084947,98,54,66012,406.856,1980
262584163192880,98,54,66012,437.53,1965
262584213301106,98,54,66012,437.53,1965
262584263412775,99,54,66012,466.302,1965
262584313519799,99,54,66012,466.302,1965
262584363645444,99,54,66012,489.232,1965
262584413827811,99,54,66012,489.232,1965
262584464030357,86,51,66012,508.6,1965
262584514231807,86,51,66012,508.6,1965
262584564388698,86,51,66012,531.94,1980
262584614599034,86,51,66012,531.94,1980
262584664749729,98,59,66012,558.247,1980
262584714958841,98,59,66012,558.247,1980
262584765170944,98,59,66012,579.856,1980
262584815302895,98,59,66012,579.856,1980
262584865501999,98,60,66012,608.827,1980
262584915664841,98,60,66012,608.827,1980
262584965871685,98,60,66012,628.447,1980
262585016015909,98,60,66012,628.447,1980
262585066207598,98,61,66012,613.958,1980
262585116418120,98,61,66012,613.958,1980
262585166573335,98,61,66012,605.053,1980
262585216766525,98,61,66012,605.053,1980
262585266924049,96,57,66012,594.088,1980
262585317125718,96,57,66012,594.088,1980
262585367276239,96,57,66012,587.501,1980
262585417494257,96,57,66012,587.501,1980
262585467688578,95,56,66012,590.481,1980
262585517821290,95,56,66012,590.481,1980
262585568009452,95,56,66012,590.07,1965
262585618172545,95,56,66012,590.07,1965
262585674933485,96,55,66012,589.961,1965
262585726478264,96,55,66012,589.961,1965
262585776617167,96,55,66012,584.873,1980
262585827272089,96,55,66012,584.873,1980
262585878272269,47,39,66012,552.299,1980
262585929249954,47,39,66012,552.299,1980
262585979921310,47,39,66012,509.713,1980
262586030059437,47,39,66012,509.713,1980
262586080183230,19,9,66012,482.778,1980
262586131077614,19,9,66012,482.778,1980
262586181253209,19,9,66012,458.222,1980
262586231480037,19,9,66012,458.222,1980
262586281635181,73,36,66012,437.954,1980
262586332329612,73,36,66012,437.954,1980
262586383612206,73,36,66012,416.981,1980
262586433754653,73,36,66012,416.981,1980
262586483874187,77,38,66012,396.376,1980
262586534588433,77,38,66012,396.376,1980
262586584716411,77,38,66012,375.321,1980
262586635227212,77,38,66012,375.321,1980
262586685353328,93,45,66012,353.331,1980
262586735483166,93,45,66012,353.331,1980
262586785662553,93,45,66012,334.559,1980
262586835959579,93,45,66012,334.559,1980
262586886173734,100,51,66012,340.099,1980
262586936295621,100,51,66012,340.099,1980
262586986416182,100,51,66012,359.861,1980
262587036761829,100,51,66012,359.861,1980
262587086878974,100,51,66012,371.085,1980
262587137111570,100,51,66012,371.085,1980
262587187388936,100,51,66012,370.59,1980
262587237524811,100,51,66012,370.59,1980
262587287645361,100,51,66012,369.211,1980
262587337782843,100,51,66012,369.211,1980
262587387916914,100,51,66012,364.151,1980
262587438043684,100,51,66012,364.151,1980
262587488172534,62,33,66012,380.771,1935
262587538290043,62,33,66012,380.771,1935
262587588405354,62,33,66012,411.238,1965
262587638517574,62,33,66012,411.238,1965
262587688627312,98,53,66012,439.13,1965
262587738744349,98,53,66012,439.13,1965
262587788851499,98,53,66012,468.363,1965
262587839628353,98,53,66012,468.363,1965
262587889735369,99,53,66012,495.54,1980
262587939943377,99,53,66012,495.54,1980
262587990131110,99,53,66012,521.815,1980
262588040300897,99,53,66012,521.815,1980
262588090497083,95,54,66012,542.652,1980
262588140628313,95,54,66012,542.652,1980
262588190829658,95,54,66012,571.115,1980
262588240994701,95,54,66012,571.115,1980
262588291197634,96,56,66012,597.123,1980
262588341337301,96,56,66012,597.123,1980
262588391532256,96,56,66012,631.686,1980
262588441687804,96,56,66012,631.686,1980
262588491906264,96,55,66012,637.161,1980
262588542110856,96,55,66012,637.161,1980
262588592266936,96,55,66012,627.695,1980
262588643164285,96,55,66012,627.695,1980
262588693324513,96,55,66012,621.296,1980
262588743511915,96,55,66012,621.296,1980
262588793667607,96,55,66012,613.532,1980
262588843851055,96,55,66012,613.532,1980
262588894009815,94,57,66012,610.408,1980
262588944222210,94,57,66012,610.408,1980
262588994399281,94,57,66012,609.088,1980
262589044581634,94,57,66012,609.088,1980
262589094771669,93,57,66012,612.905,1965
262589144939001,93,57,66012,612.905,1965
262589195143513,93,57,66012,607.515,1965
262589245287295,93,57,66012,607.515,1965
262589295466177,98,59,66012,606.483,1965
262589347302980,98,59,66012,606.483,1965
262589398337432,98,59,66012,592.95,1980
262589449038106,98,59,66012,592.95,1980
262589500049650,7,7,66012,552.172,1980
262589555224836,7,7,66012,552.172,1980
262589605357029,7,7,66012,510.117,1980
262589655708589,7,7,66012,510.117,1980
262589705854986,44,21,66012,484.68,1980
262589756035619,44,21,66012,484.68,1980
262589806210046,44,21,66012,458.561,1980
262589856337676,44,21,66012,458.561,1980
262589907829513,73,37,66012,429.343,1980
262589959483781,73,37,66012,429.343,1980
262590009655714,73,37,66012,408.207,1980
262590060606643,73,37,66012,408.207,1980
262590110721296,78,39,66012,387.983,1980
262590161466343,78,39,66012,368.669,1980
262590212542896,78,39,66012,368.669,1980
262590263232881,97,48,66012,346.555,1980
262590314010112,97,48,66012,346.555,1980
262590364131121,97,48,66012,333.593,1980
262590414269224,97,48,66012,333.593,1980
262590464450794,100,51,66012,352.105,1980
262590514607888,100,51,66012,352.105,1980
262590564744187,100,51,66012,375.189,1980
262590614877015,100,51,66012,375.189,1980
262590665019755,100,51,66012,377.095,1980
262590715128059,100,51,66012,377.095,1980
262590765233054,100,51,66012,377.758,1980
262590815671253,100,51,66012,377.758,1980
262590865808403,100,51,66012,375.639,1980
262590915915968,100,51,66012,375.639,1980
262590966156835,100,51,66012,372.998,1980
262591016332232,100,51,66012,372.998,1980
262591066473118,63,33,66012,374.057,1980
262591116600728,63,33,66012,374.057,1980
262591166713602,63,33,66012,406.878,1980
262591216826700,63,33,66012,406.878,1980
262591266935871,99,56,66012,436.278,1965
262591317056823,99,56,66012,436.278,1965
262591367174033,99,56,66012,464.315,1965
262591417288644,99,56,66012,464.315,1965
262591467405346,99,56,66012,494.033,1965
262591517523388,99,56,66012,494.033,1965
262591567729064,99,56,66012,517.075,1965
262591617871739,99,56,66012,517.075,1965
262591668049303,98,59,66012,541.747,1965
262591718213798,98,59,66012,541.747,1965
262591768428923,98,59,66012,567.544,1980
262591818583980,98,59,66012,567.544,1980
262591868787989,98,61,66012,583.598,1980
262591918930110,98,61,66012,583.598,1980
262591969139701,98,61,66012,613.746,1980
262592019292605,98,61,66012,613.746,1980
262592069488915,100,62,66012,633.081,1980
262592119646422,100,62,66012,633.081,1980
262592169830691,100,62,66012,627.353,1980
262592220038169,100,62,66012,627.353,1980
262592270201738,100,59,66012,616.04,1980
262592320393062,100,59,66012,616.04,1980
262592370529224,100,59,66012,614.119,1980
262592420712272,100,59,66012,614.119,1980
262592470875672,100,58,66012,606.739,1980
262592521093224,100,58,66012,606.739,1980
262592571232873,100,58,66012,608.265,1980
262592621405956,100,58,66012,608.265,1980
262592671570189,100,58,66012,608.285,1980
262592721793903,100,58,66012,608.285,1980
262592771946212,100,58,66012,609.134,1980
262592822115957,100,58,66012,609.134,1980
262592872273731,100,58,66012,612.132,1980
262592922488826,100,58,66012,612.132,1980
262592972642791,100,58,66012,615.871,1980
262593022825552,100,58,66012,615.871,1980
262593073387630,99,59,66012,612.038,1980
262593123618131,99,59,66012,612.038,1980
262593174529320,99,59,66012,567.692,1980
262593225572900,99,59,66012,567.692,1980
262593280559520,2,2,66012,525.189,1980
262593331298980,2,2,66012,525.189,1980
262593381738227,2,2,66012,491.361,1980
262593433162895,2,2,66012,491.361,1980
262593483309613,72,35,66012,465.746,1980
262593533450917,72,35,66012,465.746,1980
262593585071772,72,35,66012,440.61,1980
262593635386618,72,35,66012,440.61,1980
262593687014455,72,37,66012,414.651,1980
262593737152552,72,37,66012,414.651,1980
262593787970051,72,37,66012,395.051,1980
262593838090235,72,37,66012,395.051,1980
262593888249962,82,40,66012,375.0,1980
262593938741187,82,40,66012,375.0,1980
262593988877210,82,40,66012,349.187,1980
262594039016831,82,40,66012,349.187,1980
262594089136746,98,49,66012,329.975,1980
262594139270002,98,49,66012,329.975,1980
262594189551946,98,49,66012,341.651,1980
262594239685968,98,49,66012,341.651,1980
262594289926573,100,51,66012,360.532,1980
262594340249174,100,51,66012,360.532,1980
262594390380811,100,51,66012,369.636,1980
262594440491442,100,51,66012,369.636,1980
262594490729150,100,51,66012,370.398,1980
262594540834942,100,51,66012,370.398,1980
262594590955431,100,51,66012,369.857,1980
262594651686985,100,51,66012,369.857,1980
262594701803331,100,51,66012,364.902,1980
262594751910541,100,51,66012,364.902,1980
262594802025110,100,51,66012,386.868,1980
262594852133281,100,51,66012,386.868,1980
262594902260342,99,54,66012,417.136,1980
262594952372134,99,54,66012,417.136,1980
262595002495697,99,54,66012,446.806,1980
262595052617412,99,54,66012,446.806,1980
262595102875954,99,54,66012,476.169,1980
262595152988433,99,54,66012,476.169,1980
262595203121912,99,54,66012,499.311,1980
262595253316801,99,54,66012,499.311,1980
262595303562718,98,59,66012,520.487,1980
262595353780018,98,59,66012,520.487,1980
262595403923648,98,59,66012,547.502,1980
262595455571182,98,59,66012,547.502,1980
262595505722460,98,61,66012,566.774,1980
262595555934529,98,61,66012,566.774,1980
262595606123085,98,61,66012,593.291,1980
262595656276569,98,61,66012,593.291,1980
262595706461017,100,59,66012,616.552,1980
262595756612609,100,59,66012,616.552,1980
262595806818495,100,59,66012,623.812,1980
262595856987446,100,59,66012,623.812,1980
262595907172382,95,56,66012,613.142,1980
262595957571162,95,56,66012,613.142,1980
262596007734163,95,56,66012,606.687,1980
262596057962403,95,56,66012,606.687,1980
262596108116055,96,55,66012,598.134,1980
262596158287775,96,55,66012,598.134,1980
262596208455102,96,55,66012,595.284,1980
262596258651097,96,55,66012,595.284,1980
262596308821956,94,57,66012,597.072,1980
262596359027266,94,57,66012,597.072,1980
262596409212457,94,57,66012,593.311,1980
262596459390442,94,57,66012,593.311,1980
262596509610810,94,58,66012,598.361,1980
262596561708386,94,58,66012,598.361,1980
262596612353874,94,58,66012,589.352,1980
262596663203705,94,58,66012,589.352,1980
262596714329534,20,20,66012,548.351,1980
262596768050488,20,20,66012,506.378,1980
262596818247611,20,20,66012,506.378,1980
262596868439126,39,18,66012,481.792,1980
262596918600508,39,18,66012,481.792,1980
262596968929575,39,18,66012,454.187,1980
262597019130394,39,18,66012,454.187,1980
262597069266735,72,36,66012,435.192,1980
262597120657582,72,36,66012,435.192,1980
262597172125015,72,36,66012,412.249,1980
262597222696901,72,36,66012,412.249,1980
262597273137103,79,40,66012,384.998,1980
262597323311853,79,40,66012,384.998,1980
262597373922988,79,40,66012,369.163,1980
262597424085009,79,40,66012,369.163,1980
262597474203771,99,49,66012,347.039,1980
262597524374999,99,49,66012,347.039,1980
262597574496528,99,49,66012,324.195,1980
262597624721035,99,49,66012,324.195,1980
262597675067123,100,51,66012,338.807,1980
262597732991822,100,51,66012,338.807,1980
262597783112712,100,51,66012,355.717,1980
262597834435539,100,51,66012,355.717,1980
262597884555910,1,1,66012,344.869,1980
262597934682328,1,1,66012,344.869,1980
262597984827977,1,1,66012,324.643,1980
262598034952435,1,1,66012,324.643,1980
262598085070590,49,25,66012,341.504,1980
262598135188163,49,25,66012,341.504,1980
262598185324729,49,25,66012,369.854,1980
262598235436115,49,25,66012,369.854,1980
262598285554086,98,51,66012,388.965,1980
262598335764840,98,51,66012,388.965,1980
262598385921405,98,51,66012,386.929,1980
262598436052462,98,51,66012,386.929,1980
262598486172526,0,0,66012,363.01,1980
262598536355627,0,0,66012,363.01,1980
262598586538364,0,0,66012,377.049,1980
262598636760877,0,0,66012,377.049,1980
262598688533646,94,52,66012,404.121,1980
262598738729171,94,52,66012,404.121,1980
262598788862741,94,52,66012,426.205,1980
262598839080533,94,52,66012,426.205,1980
262598889302976,95,55,66012,469.509,1980
262598939501644,95,55,66012,469.509,1980
262598989696036,95,55,66012,510.962,1980
262599039839584,95,55,66012,510.962,1980
262599090052324,94,54,66012,516.445,1980
262599140275980,94,54,66012,516.445,1980
262599190468564,94,54,66012,512.089,1980
262599240610229,94,54,66012,512.089,1980
262599290797490,96,53,66012,508.141,1980
262599341016201,96,53,66012,508.141,1980
262599391244303,96,53,66012,524.132,1980
262599441438592,96,53,66012,524.132,1980
262599491605974,94,53,66012,567.247,1980
