t_ns,util_gpu_pct,util_mem_pct,mem_used_mib,power_w,sm_clock_mhz
263330586347306,0,0,962,109.507,1980
263330649336953,0,0,962,114.432,1980
263330719086712,0,0,6852,119.378,1980
263330769300312,0,0,6852,119.378,1980
263330819490111,0,0,6852,124.312,1980
263330869626341,0,0,6852,124.312,1980
263330919743140,14,0,6852,129.336,1980
263330971801930,14,0,6852,129.336,1980
263331022006108,14,0,6852,134.299,1980
263331072168814,14,0,6852,134.299,1980
263331122364655,12,0,6852,139.898,1980
263331172559630,12,0,6852,139.898,1980
263331222782418,12,0,6852,144.629,1980
263331273010815,12,0,6852,144.629,1980
263331323218710,13,0,6852,148.596,1980
263331373469608,13,0,6852,148.596,1980
263331423682781,13,0,6852,151.765,1980
263331473947704,13,0,6852,151.765,1980
263331524208814,13,0,6852,151.52,1980
263331574407806,13,0,6852,151.52,1980
263331624596065,13,0,6852,151.607,1980
263331674765835,13,0,6852,151.607,1980
263331806812044,14,0,6872,151.674,1980
263331942056007,14,0,6872,151.525,1980
263332097964854,0,0,6872,151.452,1980
263332148089391,0,0,6872,151.375,1980
263332198197632,0,0,6872,151.375,1980
263332251378379,0,0,6872,151.305,1980
263332301780608,0,0,6872,151.305,1980
263332432825077,0,0,6872,151.18,1980
263332593982647,0,0,6872,151.081,1980
263332733060238,0,0,6872,150.87,1980
263332813683596,0,0,6872,150.821,1980
263332884038938,0,0,6872,150.821,1980
263332949322374,0,0,6872,150.783,1980
263333014613546,0,0,6872,150.779,1980
263333084951034,0,0,6872,150.779,1980
263333150234281,0,0,6872,150.777,1980
263333210463317,0,0,6872,150.771,1980
263333636914364,0,0,6872,150.784,1980
263333702221597,0,0,6872,150.784,1980
263333762455328,0,0,6872,150.829,1980
263333822699260,0,0,6872,150.828,1980
263333882940423,0,0,6872,150.828,1980
263333948232278,0,0,6872,150.835,1980
263334013514559,0,0,6872,150.864,1980
263334495367353,0,0,6872,150.841,1980
263334555983452,0,0,6872,150.828,1980
263334608064637,0,0,6872,150.828,1980
263334659747825,0,0,6872,150.763,1980
263334710046052,0,0,6872,150.711,1980
263334760161377,0,0,6872,150.711,1980
263334810281389,0,0,6872,150.711,1980
263334860533614,0,0,6872,150.711,1980
263334910658314,0,0,6872,150.698,1980
263334961721036,0,0,6872,150.698,1980
263335012049043,0,0,6872,150.682,1980
263335062322075,0,0,6872,150.682,1980
263335112462989,0,0,6872,150.682,1980
263335162595642,0,0,6872,150.682,1980
263335212817759,0,0,6872,150.634,1980
263335263349430,0,0,6872,150.634,1980
263335322465848,0,0,6872,150.608,1980
263335372591349,0,0,6872,150.608,1980
263335422705997,0,0,6872,150.603,1980
263335472848109,0,0,6872,150.603,1980
263335522960977,0,0,6872,150.621,1980
263335995787246,0,0,6872,150.647,1980
263336045955296,0,0,6940,150.641,1980
263336380855874,0,0,7036,150.752,1980
263336430997457,0,0,7520,150.745,1980
263336481138897,0,0,7520,150.745,1980
263336533057042,1,0,7520,150.757,1980
263336583461592,1,0,7520,150.757,1980
263336636084693,1,0,7520,150.766,1980
263336686679164,1,0,7520,150.766,1980
263336737005047,0,0,7520,150.813,1980
263336787293864,0,0,7520,150.813,1980
263336837421114,0,0,7520,150.817,1980
263336887908895,0,0,7520,150.817,1980
263336938106670,0,0,7520,150.839,1980
263336991995489,0,0,7520,150.839,1980
263337042347991,0,0,7520,150.875,1980
263337092536566,0,0,7520,150.875,1980
263337142678618,0,0,7520,150.845,1980
263337202244877,0,0,7520,150.845,1980
263337252419723,0,0,7520,150.851,1980
263337302558370,0,0,7520,150.851,1980
263337357333079,0,0,7520,150.857,1980
263337407602700,0,0,8460,150.857,1980
263337457723322,0,0,10136,150.9,1980
263337508428378,0,0,10136,150.9,1980
263337558913973,0,0,10582,150.887,1980
263337609272285,0,0,10582,150.887,1980
263337659445065,0,0,10582,150.9,1980
263337710144898,0,0,10582,150.9,1980
263337760274035,0,0,10582,150.891,1980
263337810390675,0,0,10582,150.891,1980
263337860500250,0,0,10582,150.958,1980
263337910606670,0,0,10582,151.072,1980
263337960710976,15,0,10582,151.072,1980
263338010817906,15,0,10582,151.158,1980
263338060923411,15,0,10582,151.158,1980
263338111096696,15,0,10582,151.291,1980
263338219145303,15,0,10582,151.346,1980
263338666749773,0,0,10582,151.336,1980
263339103092381,0,0,10116,151.072,1980
263339550203516,0,0,10156,150.902,1980
263339600348244,0,0,10156,150.902,1980
263339650468014,0,0,10156,150.913,1980
263339700585142,0,0,10156,150.913,1980
263339750695715,0,0,10156,150.846,1980
263339800801586,0,0,10156,150.846,1980
263339850910578,0,0,10156,150.855,1980
263339901023261,0,0,10156,150.855,1980
263339951134626,0,0,10156,150.875,1980
263340001252903,0,0,10156,150.875,1980
263340051375028,0,0,10156,150.862,1980
263340101490488,0,0,10156,150.862,1980
263340151610108,0,0,10156,150.882,1980
263340201723918,0,0,10156,150.882,1980
263340251862001,0,0,10156,150.882,1980
263340301972329,0,0,10156,150.882,1980
263340352050983,0,0,10156,150.869,1980
263340402157438,0,0,10156,150.869,1980
263340452262773,0,0,10156,150.846,1980
263340502372074,0,0,10156,150.846,1980
263340552487170,0,0,10156,150.807,1980
263340602599717,0,0,10156,150.807,1980
263340652708367,0,0,10156,150.834,1980
263340702819085,0,0,10156,150.834,1980
263340752933302,0,0,10156,150.815,1980
263340803067772,0,0,10156,150.815,1980
263340853191748,0,0,10156,150.818,1980
263340903302171,0,0,10156,150.818,1980
263340953414644,0,0,10156,150.806,1980
263341003533240,0,0,10156,150.806,1980
263341053653658,0,0,10156,150.844,1980
263341105260405,0,0,10156,150.844,1980
263341155371699,0,0,10156,150.85,1980
263341205493233,0,0,10156,150.85,1980
263341255671765,0,0,10156,150.866,1980
263341305883234,0,0,10156,150.866,1980
263341356031441,0,0,10156,150.849,1980
263341406159542,0,0,10156,150.849,1980
263341456284474,0,0,10156,150.878,1980
263341506408786,0,0,10156,150.878,1980
263341556532308,0,0,10156,150.894,1980
263341606646149,0,0,10156,150.894,1980
263341656753820,0,0,10156,150.842,1980
263341706864064,0,0,10156,150.842,1980
263341757632967,0,0,10156,150.822,1980
263341817907242,0,0,10156,150.836,1980
263341869100414,0,0,10156,150.836,1980
263341922582860,0,0,10156,150.845,1980
263341978476179,0,0,10156,150.845,1980
263342028628471,0,0,10184,150.825,1980
263342078863838,0,0,10282,150.825,1980
263342129031627,0,0,10574,150.806,1980
263342179174484,0,0,10574,150.806,1980
263342910806279,0,0,10574,161.693,1980
263343259723765,0,0,10254,151.084,1980
263343610793622,0,0,10282,151.039,1980
263343660927816,0,0,10366,151.023,1980
263343711046760,0,0,10368,151.023,1980
263343761200254,0,0,10348,152.467,1980
263343811311673,0,0,10370,152.467,1980
263343861465571,0,0,10376,154.005,1980
263343911649100,0,0,10378,154.005,1980
263343961858245,12,3,10380,155.071,1980
263344012019578,12,3,10378,155.071,1980
263344062155668,12,3,10370,155.871,1980
263344112278967,12,3,10394,155.871,1980
263344162404342,9,2,10380,157.068,1980
263344212544165,9,2,10382,158.205,1980
263344262694256,9,2,10406,158.205,1980
263344312850740,9,2,10412,158.877,1980
263344363024902,9,3,10396,158.877,1980
263344413243104,9,3,10398,159.856,1980
263344463381024,9,3,10416,159.856,1980
263344860622544,0,0,10406,158.483,1980
263345227269086,0,0,10320,154.275,1980
263345277461773,0,0,18718,154.275,1980
263345327591463,0,0,18718,154.511,1980
263345377721783,0,0,18718,154.511,1980
263345427847316,0,0,18718,153.404,1980
263345478032670,0,0,18718,153.404,1980
263345528546311,0,0,18718,151.872,1980
263345583776404,0,0,18718,151.872,1980
263345637084484,0,0,18718,151.818,1980
263345687222743,0,0,18718,151.818,1980
263345738130304,0,0,18718,151.796,1980
263345788273756,0,0,18718,151.796,1980
263345841735781,0,0,18718,151.803,1980
263345891885054,0,0,19038,151.803,1980
263345943172087,0,0,19038,158.346,1980
263345993756026,0,0,19040,158.346,1980
263346045047346,0,0,19040,160.82,1980
263346095239229,0,0,19042,160.82,1980
263346145383736,3,1,19042,161.047,1980
263346195514134,3,1,19042,161.047,1980
263346245647845,3,1,19042,162.182,1980
263346622797535,0,0,19042,161.725,1980
263346672956130,0,0,18874,161.725,1980
263346723189629,1,0,18848,163.177,1980
263346773329578,1,0,18848,163.177,1980
263346823529646,1,0,18848,164.08,1980
263346873734025,1,0,18866,164.08,1980
263346923881549,10,3,18864,165.311,1980
263346974052316,10,3,18860,165.311,1980
263347024196717,10,3,18860,157.729,1980
263347074404868,10,3,18868,157.729,1980
263347124563376,9,2,18868,159.144,1980
263347174706164,9,2,18868,159.144,1980
263347224818781,9,2,18868,159.93,1980
263347274934052,9,2,18848,159.93,1980
263347325083633,12,3,18848,159.19,1980
263347375276722,12,3,18848,159.19,1980
263347425437334,12,3,18848,160.594,1980
263347475569500,12,3,18872,160.594,1980
263347525694632,10,4,18854,162.407,1980
263347575844778,10,4,18856,162.407,1980
263347968280017,0,0,18858,160.316,1980
263348020076127,0,0,18858,159.052,1980
263348070404921,0,0,18858,159.052,1980
263348121794400,0,0,18858,157.229,1980
263348172060358,0,0,18858,157.229,1980
263348222179994,0,0,18858,156.326,1980
263348272295104,0,0,18858,156.326,1980
263348322406216,0,0,18858,155.688,1980
263348372520589,0,0,18858,155.688,1980
263348422637446,0,0,18858,154.216,1980
263348472754596,0,0,18858,154.216,1980
263348522878690,0,0,18858,152.328,1980
263348572991214,0,0,18858,152.328,1980
263348623317067,0,0,18858,151.066,1980
263348673441757,0,0,18858,151.066,1980
263348723585762,0,0,18858,150.894,1980
263348778078978,0,0,18858,150.894,1980
263348828417060,0,0,18858,150.93,1980
263348878533574,0,0,18858,150.93,1980
263348928645600,0,0,18858,150.906,1980
263348983987518,0,0,18858,150.906,1980
263349397653529,0,0,18858,150.852,1980
263349447790485,0,0,18858,150.83,1980
263349589291268,0,0,18858,150.843,1980
263349734787298,0,0,18858,150.817,1980
263349785812305,0,0,18858,150.817,1980
263349836658691,0,0,18858,151.03,1980
263349887411455,0,0,18858,151.03,1980
263349938153403,1,1,18858,151.329,1980
263349988314776,1,1,18858,151.329,1980
263350038466440,1,1,18894,151.756,1980
263350202133040,1,1,18894,158.429,1980
263350252370623,4,2,18894,158.311,1980
263350303942382,4,2,18894,158.311,1980
263350354097103,10,5,18894,175.829,1980
263350405420517,10,5,18894,175.829,1980
263350457045980,10,5,18894,195.66,1980
263350507193451,10,5,18894,195.66,1980
263350558415645,75,37,18894,216.433,1980
263350608827661,75,37,18894,216.433,1980
263350658980482,75,37,18894,239.03,1980
263350709114616,75,37,18894,239.03,1980
263350759818973,82,40,18894,261.37,1980
263350809986167,82,40,18894,261.37,1980
263350860203483,82,40,18894,283.84,1980
263350910392204,82,40,18894,283.84,1980
263350960587901,91,43,18894,302.074,1980
263351020327471,91,43,18894,325.172,1980
263351070468868,91,43,18894,325.172,1980
263351120614572,76,38,18894,319.722,1980
263351170745719,76,38,20004,319.722,1980
263351220876810,76,38,23894,336.751,1980
263351270997780,76,38,25086,336.751,1980
263351321117862,57,29,25086,368.479,1980
263351371237822,57,29,25086,368.479,1980
263351421381157,57,29,25086,392.171,1980
263351471537994,57,29,25086,392.171,1980
263351521682092,98,50,25086,394.455,1980
263351571865908,98,50,29766,394.455,1980
263351622014528,98,50,34420,390.149,1980
263351672138609,98,50,36864,390.149,1980
263351722283168,38,18,36864,399.18,1980
263351772411781,38,18,42878,399.18,1980
263351822524119,38,18,42878,419.036,1980
263351872636032,38,18,42878,419.036,1980
263351922750001,98,54,42878,439.65,1980
263351972874153,98,54,42878,439.65,1980
263352022997657,98,54,42878,460.487,1980
263352073122234,98,54,42878,460.487,1980
263352123243673,95,54,42878,494.55,1980
263352173362677,95,54,42878,494.55,1980
263352223479657,95,54,42878,517.901,1980
263352273600543,95,54,42878,517.901,1980
263352323722270,97,56,42878,517.087,1980
263352373846275,97,56,42878,517.087,1980
263352423962225,97,56,42878,514.419,1980
263352474093113,97,56,42878,514.419,1980
263352524214022,95,54,42878,534.306,1980
263352574325983,95,54,42878,534.306,1980
263352624453488,95,54,42878,546.557,1980
263352678091766,95,54,42878,546.557,1980
263352729115654,54,32,42878,525.699,1980
263352780183858,54,32,42878,525.699,1980
263352831276755,54,32,42878,483.905,1980
263352882427615,54,32,42878,483.905,1980
263352932604613,2,2,42878,452.917,1980
263352982810052,2,2,42878,452.917,1980
263353034190196,2,2,42878,426.63,1980
263353085331789,2,2,42878,426.63,1980
263353136195439,74,36,42878,409.054,1980
263353186350897,74,36,42878,409.054,1980
263353236964015,74,36,42878,387.027,1980
263353287168585,74,36,42878,387.027,1980
263353338024665,80,39,42878,367.449,1980
263353388175483,80,39,42878,367.449,1980
263353438331439,80,39,42878,346.629,1980
263353488449190,80,39,42878,346.629,1980
263353538966902,91,45,42878,330.829,1980
263353589293386,91,45,42878,330.829,1980
263353639441837,91,45,42878,317.213,1980
263353690269472,91,45,42878,317.213,1980
263353740390051,100,49,42880,327.345,1980
263353790502268,100,49,44072,327.345,1980
263353840615248,100,49,44072,375.706,1980
263353890728882,100,49,44072,375.706,1980
263353940842508,98,49,44072,413.442,1980
263353991056970,98,49,44072,413.442,1980
263354041748615,98,49,48686,436.064,1980
263354091865145,98,49,48686,436.064,1980
263354141994474,89,44,51958,451.989,1980
263354192110051,89,44,54338,451.989,1980
263354242237760,89,44,54338,475.009,1980
263354292354359,89,44,54338,475.009,1980
263354342467071,98,55,54338,492.727,1980
263354392579835,98,55,54338,492.727,1980
263354442687615,98,55,54338,510.037,1980
263354492807821,98,55,54338,510.037,1980
263354542924891,95,53,54338,528.102,1980
263354593062182,95,53,54338,528.102,1980
263354643175829,95,53,54338,547.589,1980
263354693295499,95,53,54338,547.589,1980
263354743402526,96,53,54338,573.466,1980
263354793519993,96,53,54338,573.466,1980
263354843654469,96,53,54338,571.681,1980
263354893788893,96,53,54338,571.681,1980
263354945344355,95,54,54338,567.061,1980
263354995469783,95,54,54338,567.061,1980
263355046208037,95,54,54338,544.992,1980
263355096886984,95,54,54338,544.992,1980
263355147796028,38,33,54338,509.053,1980
263355197922311,38,33,54338,509.053,1980
263355249494144,38,33,54338,472.261,1980
263355299690483,38,33,54338,472.261,1980
263355350925692,25,12,54338,450.039,1980
263355401086902,25,12,54338,450.039,1980
263355451276349,25,12,54338,430.047,1980
263355502030383,25,12,54338,430.047,1980
263355552201051,74,37,54338,410.386,1980
263355603390942,74,37,54338,410.386,1980
263355654329969,74,37,54338,390.517,1980
263355704469992,74,37,54338,390.517,1980
263355755383766,81,40,54338,371.685,1980
263355805524964,81,40,54338,371.685,1980
263355855674943,81,40,54338,352.463,1980
263355905814624,81,40,54338,352.463,1980
263355955965675,95,45,54338,332.89,1980
263356010663828,95,45,54338,332.89,1980
263356060789562,95,45,54338,328.515,1980
263356110919386,95,45,54338,328.515,1980
263356161038863,68,34,54338,367.241,1980
263356211154442,68,34,54338,367.241,1980
263356261272428,68,34,54338,410.027,1980
263356311396616,68,34,54338,410.027,1980
263356361519445,98,51,54338,436.635,1980
263356411706158,98,51,54338,436.635,1980
263356461825149,98,51,54338,457.022,1980
263356511944098,98,51,54338,457.022,1980
263356562074713,88,47,54338,482.586,1980
263356612198187,88,47,54338,482.586,1980
263356662318643,88,47,54338,500.948,1980
263356712449791,88,47,54338,500.948,1980
263356762577677,95,54,54338,521.97,1980
263356812694015,95,54,54338,521.97,1980
263356862811078,95,54,54338,539.155,1980
263356912921935,95,54,54338,539.155,1980
263356963051408,98,57,54338,560.225,1980
263357013173544,98,57,54338,560.225,1980
263357063293034,98,57,54338,580.574,1980
263357113411396,98,57,54338,580.574,1980
263357163528449,95,54,54338,594.09,1980
263357213648452,95,54,54338,594.09,1980
263357263785543,95,54,54338,587.762,1980
263357313900322,95,54,54338,587.762,1980
263357365963324,97,53,54338,584.703,1980
263357417120484,97,53,54338,584.703,1980
263357467768307,97,53,54338,559.591,1980
263357518906951,97,53,54338,517.419,1980
263357574907823,24,25,54338,517.419,1980
263357626251587,24,25,54338,480.146,1980
263357676369561,24,25,54338,480.146,1980
263357727815731,30,14,54338,459.947,1980
263357779512687,30,14,54338,459.947,1980
263357830104721,30,14,54338,435.733,1980
263357880927007,30,14,54338,435.733,1980
263357931081227,76,38,54338,414.781,1980
263357981502409,76,38,54338,414.781,1980
263358032573728,76,38,54338,397.008,1980
263358082685770,76,38,54338,397.008,1980
263358132979415,91,44,54338,375.305,1980
263358183768004,91,44,54338,375.305,1980
263358234461373,91,44,54338,350.521,1980
263358284599935,91,44,54338,350.521,1980
263358334753990,100,49,54338,329.055,1980
263358384871771,100,49,54340,329.055,1980
263358434996457,100,49,54340,332.322,1980
263358485116631,100,49,54340,332.322,1980
263358535225595,68,35,54340,387.94,1980
263358585334904,68,35,54340,387.94,1980
263358635458838,68,35,54340,429.197,1980
263358685576586,68,35,54340,429.197,1980
263358735688035,98,52,54340,457.104,1980
263358785798923,98,52,54340,457.104,1980
263358835922915,98,52,54340,479.866,1980
263358886040851,98,52,56720,479.866,1980
263358936150133,95,53,56720,499.24,1980
263358986259145,95,53,56720,499.24,1980
263359036367850,95,53,56720,520.448,1980
263359086477136,95,53,56720,520.448,1980
263359136585669,95,55,56720,544.254,1980
263359186691871,95,55,56720,544.254,1980
263359236808950,95,55,56720,563.978,1980
263359286919108,95,55,56720,563.978,1980
263359337027751,97,55,56720,586.423,1980
263359387134865,97,55,56720,586.423,1980
263359437242586,97,55,56720,610.013,1980
263359487355815,97,55,56720,610.013,1980
263359537470941,95,55,56720,604.017,1980
263359587579451,95,55,56720,604.017,1980
263359637686838,95,55,56720,593.177,1980
263359687794638,95,55,56720,593.177,1980
263359737917866,97,54,56720,589.54,1980
263359788032898,97,54,56720,589.54,1980
263359838607943,97,54,56720,566.82,1980
263359889288849,97,54,56720,566.82,1980
263359939967815,28,28,56720,524.256,1980
263359990111743,28,28,56720,524.256,1980
263360040232684,28,28,56720,488.72,1980
263360092154090,28,28,56720,488.72,1980
263360142721004,31,14,56720,465.757,1980
263360192843602,31,14,56720,465.757,1980
263360243469101,31,14,56720,440.123,1980
263360293575047,31,14,56720,440.123,1980
263360345117230,76,37,56720,418.26,1980
263360396168302,76,37,56720,418.26,1980
263360446293586,76,37,56720,397.718,1980
263360496838953,76,37,56720,397.718,1980
263360547662346,84,41,56720,376.084,1980
263360597804385,84,41,56720,376.084,1980
263360648754856,84,41,56720,361.642,1980
263360698867960,84,41,56720,361.642,1980
263360749007217,98,48,56720,336.71,1980
263360799176950,98,48,56720,336.71,1980
263360849334676,98,48,56720,336.153,1980
263360899465045,98,48,56720,336.153,1980
263360949590654,72,36,56720,384.705,1980
263360999717377,72,36,56720,384.705,1980
263361049834784,72,36,56720,428.98,1980
263361102930009,72,36,56720,428.98,1980
263361153043293,98,52,56720,454.454,1980
263361203150416,98,52,56720,454.454,1980
263361253296194,98,52,56720,480.268,1980
263361303436324,98,52,56720,480.268,1980
263361353633349,95,53,56720,504.773,1980
263361403751427,95,53,56720,504.773,1980
263361453857753,95,53,56720,522.346,1980
263361503997454,95,53,56720,522.346,1980
263361554109293,95,54,56720,542.855,1980
263361604219220,95,54,56720,542.855,1980
263361654326773,95,54,56720,566.486,1980
263361704433182,95,54,56720,566.486,1980
263361754532239,97,54,56720,584.011,1980
263361804657109,97,54,56720,584.011,1980
263361854769769,97,54,56720,609.821,1980
263361904880167,97,54,56720,609.821,1980
263361954988555,95,55,56720,602.699,1980
263362005115754,95,55,56720,602.699,1980
263362055229208,95,55,56720,596.445,1980
263362105335232,95,55,56720,596.445,1980
263362155773576,95,52,56720,591.677,1980
263362206853542,95,52,56720,591.677,1980
263362257579786,95,52,56720,559.01,1980
263362308518082,95,52,56720,559.01,1980
263362358719378,12,12,56720,515.24,1980
263362410664856,12,12,56720,515.24,1980
263362460804134,12,12,56720,481.86,1980
263362512054664,12,12,56720,481.86,1980
263362562175833,49,23,56720,460.975,1980
263362612317878,49,23,56720,460.975,1980
263362662733570,49,23,56720,434.119,1980
263362713420348,49,23,56720,434.119,1980
263362764442829,71,35,56720,410.874,1980
263362814556553,71,35,56720,410.874,1980
263362865600073,71,35,56720,390.272,1980
263362915761989,71,35,56720,390.272,1980
263362966218096,89,44,56720,374.979,1980
263363016382604,89,44,56720,374.979,1980
263363066933093,89,44,56720,350.979,1980
263363117424833,89,44,56720,350.979,1980
263363167551871,100,49,56720,328.648,1980
263363217679536,100,49,56720,328.648,1980
263363267796653,100,49,56720,345.881,1980
263363317906766,100,49,56720,345.881,1980
263363368077800,76,39,56720,399.528,1980
263363418201473,76,39,56720,399.528,1980
263363468343150,76,39,56720,433.038,1980
263363518457164,76,39,56720,433.038,1980
263363568582067,98,50,56720,454.177,1980
263363618690067,98,50,56720,454.177,1980
263363668796796,98,50,56720,477.664,1980
263363718905490,98,50,56720,477.664,1980
263363769015790,95,52,56720,500.586,1980
263363819131907,95,52,56720,500.586,1980
263363869246697,95,52,56720,519.065,1980
263363919353501,95,52,56720,519.065,1980
263363969459630,97,54,56720,538.387,1980
263364019572459,97,54,56720,538.387,1980
263364069688760,97,54,56720,556.44,1980
263364119804593,97,54,56720,556.44,1980
263364169915222,95,54,56720,579.935,1980
263364220027626,95,54,56720,579.935,1980
263364270133729,95,54,56720,592.847,1980
263364320248766,95,54,56720,592.847,1980
263364370353433,96,54,56720,585.588,1980
263364421183529,96,54,56720,585.588,1980
263364471886477,96,54,56720,582.807,1980
263364522546622,96,54,56720,553.706,1980
263364573427391,96,59,56720,553.706,1980
263364624471265,96,59,56720,509.532,1980
263364674586425,96,59,56720,509.532,1980
263364725080652,2,2,56720,478.361,1980
263364775209759,2,2,56720,478.361,1980
263364826082517,2,2,56720,452.766,1980
263364877580614,2,2,56720,452.766,1980
263364929109053,75,37,56720,431.446,1980
263364979806728,75,37,56720,431.446,1980
263365030160335,75,37,56720,414.897,1980
263365080333651,75,37,56720,414.897,1980
263365130634206,79,39,56720,392.524,1980
263365181283184,79,39,56720,392.524,1980
263365231417462,79,39,56720,376.247,1980
263365281543669,79,39,56720,376.247,1980
263365331665936,100,49,56720,350.104,1980
263365382077338,100,49,56720,350.104,1980
263365437570904,100,49,56720,335.65,1980
263365487681023,100,49,56720,335.65,1980
263365537796277,98,49,56720,350.72,1980
263365587988891,98,49,56720,350.72,1980
263365638094911,98,49,56720,395.394,1980
263365688199022,98,49,56720,395.394,1980
263365738300984,98,48,56720,440.718,1980
263365788412070,98,48,56720,440.718,1980
263365838732997,98,48,56720,465.161,1980
263365888845863,98,48,56720,465.161,1980
263365938958193,85,44,56720,487.06,1980
263365989073198,85,44,56720,487.06,1980
263366039188709,85,44,56720,510.312,1980
263366089299287,85,44,56720,510.312,1980
263366139410336,97,52,56720,528.768,1980
263366189525561,97,52,56720,528.768,1980
263366239636116,97,52,56720,551.281,1980
263366289743576,97,52,56720,551.281,1980
263366339849426,96,53,56720,570.433,1980
263366389974944,96,53,56720,570.433,1980
263366440083577,96,53,56720,592.316,1980
263366490183876,96,53,56720,592.316,1980
263366540283606,96,53,56720,606.385,1980
263366590386801,96,53,56720,606.385,1980
263366640496086,96,53,56720,599.509,1980
263366690603779,96,53,56720,599.509,1980
263366740709821,96,55,56720,593.383,1980
263366792539383,96,55,56720,593.383,1980
263366843259651,96,55,56720,572.36,1980
263366893944547,96,55,56720,572.36,1980
263366944655993,45,37,56720,527.401,1980
263366995414067,45,37,56720,527.401,1980
263367045557063,45,37,56720,490.148,1980
263367096961309,45,37,56720,490.148,1980
263367148244934,24,11,56720,468.143,1980
263367199703193,24,11,56720,468.143,1980
263367250548087,24,11,56720,445.228,1980
263367301200139,24,11,56720,445.228,1980
263367352325847,77,38,56720,421.48,1980
263367402472825,77,38,56720,421.48,1980
263367452817621,77,38,56720,405.22,1980
263367502971159,77,38,56720,405.22,1980
263367553744816,86,42,56720,382.844,1980
263367604560805,86,42,56720,382.844,1980
263367655180911,86,42,56720,362.634,1980
263367705312968,86,42,56720,362.634,1980
263367755451565,99,49,56720,338.37,1980
263367805577253,99,49,56720,338.37,1980
263367855711085,99,49,56720,330.652,1980
263367905890192,99,49,56720,330.652,1980
263367956039123,70,35,56720,374.425,1980
263368006159256,70,35,56720,374.425,1980
263368056281810,70,35,56720,419.411,1980
263368110144862,70,35,56720,419.411,1980
263368160254634,98,51,56720,443.627,1980
263368210358383,98,51,56720,443.627,1980
263368260460054,98,51,56720,468.666,1980
263368310563582,98,51,56720,468.666,1980
263368360676521,98,53,56720,493.712,1980
263368410784880,98,53,56720,493.712,1980
263368460893278,98,53,56720,514.901,1980
263368511021010,98,53,56720,514.901,1980
263368561134870,96,55,56720,532.196,1980
263368611248541,96,55,56720,532.196,1980
263368661360278,96,55,56720,549.656,1980
263368711472023,96,55,56720,549.656,1980
263368761579715,94,55,56720,571.763,1980
263368811697232,94,55,56720,571.763,1980
263368861804336,94,55,56720,595.022,1980
263368911913153,94,55,56720,595.022,1980
263368962025426,95,54,56720,593.432,1980
263369012133598,95,54,56720,593.432,1980
263369062240213,95,54,56720,589.437,1980
263369112347376,95,54,56720,589.437,1980
263369164749823,97,53,56720,590.888,1980
263369215724026,97,53,56720,590.888,1980
263369266758595,97,53,56720,563.037,1980
263369317826430,97,53,56720,563.037,1980
263369377755181,26,27,56720,517.387,1980
263369428057981,26,27,56720,484.071,1980
263369478212989,26,27,56720,484.071,1980
263369530122200,34,16,56720,463.497,1980
263369580292394,34,16,56720,463.497,1980
263369632064353,34,16,56720,437.838,1980
263369683744251,34,16,56720,437.838,1980
263369735139587,74,36,56720,418.99,1980
263369785900441,74,36,56720,418.99,1980
263369836035858,74,36,56720,396.883,1980
263369886840659,74,36,56720,396.883,1980
263369937035836,86,42,56720,379.773,1980
263369987276282,86,42,56720,379.773,1980
263370037895271,86,42,56720,359.305,1980
263370088023765,86,42,56720,359.305,1980
263370138209589,100,49,56720,334.042,1980
263370188368789,100,49,56720,334.042,1980
263370238477715,100,49,56720,339.257,1980
263370288585557,100,49,56720,339.257,1980
263370338707251,75,38,56720,387.124,1980
263370388814493,75,38,56720,387.124,1980
263370438921174,75,38,56720,430.403,1980
263370489049319,75,38,56720,430.403,1980
263370539160574,98,50,56720,450.19,1980
263370589272703,98,50,56720,450.19,1980
263370639394690,98,50,56720,470.232,1980
263370689530673,98,50,56720,470.232,1980
263370739654653,95,50,56720,492.309,1980
263370789773772,95,50,56720,492.309,1980
263370840730668,95,50,56720,510.886,1980
263370890842182,95,50,56720,510.886,1980
263370940947880,98,55,56720,529.614,1980
263370991056816,98,55,56720,529.614,1980
263371041169467,98,55,56720,550.661,1980
263371091284852,98,55,56720,550.661,1980
263371141397672,95,54,56720,570.521,1980
263371191501962,95,54,56720,570.521,1980
263371241609299,95,54,56720,591.555,1980
263371291718861,95,54,56720,591.555,1980
263371341847442,97,53,56720,586.762,1980
263371391955734,97,53,56720,586.762,1980
263371442051993,97,53,56720,583.161,1980
263371492165667,97,53,56720,583.161,1980
263371543149167,98,55,56720,568.175,1980
263371593831270,98,55,56720,568.175,1980
263371644489962,98,55,56720,525.225,1980
263371694710209,98,55,56720,525.225,1980
263371745758403,2,2,56720,487.064,1980
263371795909425,2,2,56720,487.064,1980
263371847430907,2,2,56720,466.9,1980
263371899179731,2,2,56720,466.9,1980
263371949804778,74,36,56720,442.543,1980
263372001174632,74,36,56720,442.543,1980
263372051328153,74,36,56720,418.421,1980
263372101487121,74,36,56720,418.421,1980
263372151632406,81,39,56720,401.56,1980
263372202577877,81,39,56720,401.56,1980
263372252743346,81,39,56720,377.811,1980
263372302947209,81,39,56720,377.811,1980
263372353115957,96,47,56720,357.298,1980
263372403260837,96,47,56720,357.298,1980
263372453657625,96,47,56720,337.96,1980
263372503782209,96,47,56720,337.96,1980
263372553899654,100,50,56720,331.881,1980
263372604016790,100,50,56720,331.881,1980
263372654140882,100,50,56720,380.067,1980
263372704259179,100,50,56720,380.067,1980
263372754389407,98,50,56720,427.845,1980
263372804506570,98,50,56720,427.845,1980
263372854621879,98,50,56720,449.917,1980
263372904730012,98,50,56720,449.917,1980
263372954835523,90,44,56720,472.053,1980
263373004938856,90,44,56720,472.053,1980
263373055121639,90,44,56720,495.013,1980
263373105277867,90,44,56720,495.013,1980
263373155416703,98,55,56720,514.817,1980
263373205550985,98,55,56720,514.817,1980
263373255691947,98,55,56720,534.599,1980
263373305840303,98,55,56720,534.599,1980
263373355972991,94,53,56720,552.722,1980
263373406091633,94,53,56720,552.722,1980
263373456210397,94,53,56720,569.593,1980
263373506338484,94,53,56720,569.593,1980
263373556495450,95,55,56720,593.854,1980
263373606630609,95,55,56720,593.854,1980
263373656768819,95,55,56720,583.276,1980
263373706892892,95,55,56720,583.276,1980
263373757021130,94,53,56720,576.942,1980
263373807154091,94,53,56720,576.942,1980
263373858155082,94,53,56720,572.445,1980
263373908850975,94,53,56720,572.445,1980
263373959823435,92,62,56720,537.306,1980
263374010702036,92,62,56720,537.306,1980
263374061532882,92,62,56720,494.433,1980
263374111731221,92,62,56720,494.433,1980
263374161918451,2,2,56720,464.659,1980
263374213135572,2,2,56720,464.659,1980
263374263293155,2,2,56720,446.142,1980
263374314521102,2,2,56720,446.142,1980
263374364655586,75,36,56720,426.672,1980
263374414858362,75,36,56720,426.672,1980
263374465007078,75,36,56720,407.209,1980
263374515170234,75,36,56720,407.209,1980
263374565380558,87,42,56720,388.028,1980
263374615593176,87,42,56720,388.028,1980
263374666088683,87,42,56720,371.253,1980
263374716534386,87,42,56720,371.253,1980
263374766925821,100,49,56720,344.991,1980
263374817048349,100,49,56720,344.991,1980
263374867162122,100,49,56720,323.862,1980
263374917288095,100,49,56720,323.862,1980
263374967401511,78,39,56720,362.466,1980
263375017510178,78,39,56720,362.466,1980
263375067624242,78,39,56720,409.851,1980
263375117739185,78,39,56720,409.851,1980
263375167855947,98,50,56720,444.308,1980
263375217969484,98,50,56720,444.308,1980
263375268081699,98,50,56720,470.613,1980
263375318195747,98,50,56720,470.613,1980
263375368318377,94,51,56720,489.131,1980
263375418426954,94,51,56720,489.131,1980
263375469308990,94,51,56720,509.813,1980
263375519418156,94,51,56720,509.813,1980
263375569527951,94,53,56720,528.112,1980
263375619637228,94,53,56720,528.112,1980
263375669751737,94,53,56720,544.439,1980
263375719865062,94,53,56720,544.439,1980
263375769975178,97,53,56720,563.71,1980
263375820085094,97,53,56720,563.71,1980
263375870199174,97,53,56720,593.382,1980
263375920306703,97,53,56720,593.382,1980
263375970645693,98,55,56720,588.542,1980
263376020827803,98,55,56720,588.542,1980
263376070991287,98,55,56720,580.733,1980
263376123017015,98,55,56720,580.733,1980
263376173983105,95,54,56720,573.989,1980
263376224828207,95,54,56720,573.989,1980
263376275694162,95,54,56720,531.073,1980
263376326132833,95,54,56720,531.073,1980
263376376286993,2,2,56720,487.201,1980
263376426422419,2,2,56720,487.201,1980
263376476558435,2,2,56720,466.345,1980
263376526683129,2,2,56720,466.345,1980
263376578127795,76,37,56720,443.31,1980
263376628312731,76,37,56720,443.31,1980
263376678536233,76,37,56720,428.994,1980
263376728684961,76,37,56720,407.368,1980
263376778824766,86,42,56720,407.368,1980
263376829157567,86,42,56720,388.721,1980
263376879783667,86,42,56720,388.721,1980
263376930093589,100,49,56720,364.86,1980
263376980277881,100,49,56720,364.86,1980
263377030510175,100,49,56720,346.884,1980
263377081849228,100,49,56720,346.884,1980
263377131982014,100,50,56720,329.446,1980
263377182102113,100,50,56720,329.446,1980
263377232220213,100,50,56720,380.107,1980
263377282331209,100,50,56720,380.107,1980
263377332445683,98,51,56720,424.145,1980
263377382562833,98,51,56720,424.145,1980
263377432681118,98,51,56720,457.85,1980
263377482801441,98,51,56720,457.85,1980
263377532933241,95,52,56720,473.644,1980
263377583048647,95,52,56720,473.644,1980
263377633188163,95,52,56720,491.794,1980
263377683318446,95,52,56720,491.794,1980
263377733440308,96,54,56720,517.938,1980
263377783554059,96,54,56720,517.938,1980
263377833668374,96,54,56720,535.968,1980
263377883781054,96,54,56720,535.968,1980
263377933900720,97,53,56720,553.481,1980
263377984022380,97,53,56720,553.481,1980
263378034165689,97,53,56720,574.328,1980
263378084282749,97,53,56720,574.328,1980
263378134398543,98,55,56720,601.565,1980
263378184525392,98,55,56720,601.565,1980
263378234636463,98,55,56720,596.001,1980
263378284747753,98,55,56720,596.001,1980
263378334863289,96,54,56720,584.014,1980
263378384979050,96,54,56720,584.014,1980
263378437147060,96,54,56720,578.986,1980
263378487757324,96,54,56720,578.986,1980
263378539179929,2,2,56720,547.247,1980
263378589918925,2,2,56720,547.247,1980
263378641653617,2,2,56720,505.49,1980
263378692065068,2,2,56720,505.49,1980
263378742267022,60,28,56720,479.45,1980
263378793950672,60,28,56720,479.45,1980
263378844706793,60,28,56720,457.632,1980
263378894887251,60,28,56720,457.632,1980
263378945058123,84,41,56720,434.267,1980
263378995522087,84,41,56720,434.267,1980
263379045656364,84,41,56720,415.042,1980
263379095901299,84,41,56720,415.042,1980
263379146059284,99,49,56720,388.476,1980
263379196262680,99,49,56720,388.476,1980
263379246379315,99,49,56720,373.367,1980
263379296506935,99,49,56720,373.367,1980
263379346622069,100,50,56720,355.725,1980
263379396747394,100,50,56720,355.725,1980
263379446864205,100,50,56720,329.759,1980
263379496980313,100,50,56720,329.759,1980
263379547095673,75,38,56720,376.98,1980
263379597215983,75,38,56720,376.98,1980
263379647324433,75,38,56720,419.344,1980
263379697448755,75,38,56720,419.344,1980
263379747571128,90,48,56720,449.367,1980
263379797689123,90,48,56720,449.367,1980
263379847821490,90,48,56720,473.32,1980
263379897943781,90,48,56720,473.32,1980
263379948065599,97,52,56720,497.187,1980
263379998183244,97,52,56720,497.187,1980
263380048301119,97,52,56720,510.598,1980
263380098415405,97,52,56720,510.598,1980
263380148552369,96,55,56720,529.511,1980
263380198679889,96,55,56720,529.511,1980
263380248803381,96,55,56720,549.265,1980
263380298937023,96,55,56720,549.265,1980
263380349056744,95,54,56720,573.396,1980
263380399178858,95,54,56720,573.396,1980
263380449298900,95,54,56720,599.08,1980
263380499430321,95,54,56720,599.08,1980
263380549547390,95,54,56720,589.721,1980
263380599657507,95,54,56720,589.721,1980
263380650434869,95,54,56720,574.933,1980
263380701278696,95,54,56720,574.933,1980
263380751985517,2,2,56720,535.888,1980
263380803116552,2,2,56720,535.888,1980
263380853279763,2,2,56720,497.449,1980
263380903438734,2,2,56720,497.449,1980
263380953948208,57,27,56720,464.638,1980
263381004798771,57,27,56720,464.638,1980
263381055955975,57,27,56720,445.918,1980
263381106091031,57,27,56720,445.918,1980
263381156247278,78,38,56720,429.58,1980
263381206391570,78,38,56720,429.58,1980
263381256522554,78,38,56720,402.959,1980
263381306960614,78,38,56720,402.959,1980
263381357275589,100,49,56720,378.433,1980
263381407416028,100,49,56720,378.433,1980
263381457544713,100,49,56720,362.743,1980
263381507712291,100,49,56720,362.743,1980
263381558160681,100,50,56720,339.189,1980
263381608502421,100,50,56720,339.189,1980
263381658681879,100,50,56720,323.036,1980
263381708821454,100,50,56720,323.036,1980
263381758988848,97,50,56720,360.639,1980
263381809120693,97,50,56720,360.639,1980
263381859233863,97,50,56720,413.835,1980
263381909353286,97,50,56720,413.835,1980
263381959484513,91,45,56720,444.599,1980
263382009611536,91,45,56720,444.599,1980
263382059797151,91,45,56720,468.576,1980
263382109912679,91,45,56720,468.576,1980
263382160051595,98,55,56720,488.867,1980
263382210183787,98,55,56720,488.867,1980
263382260307750,98,55,56720,507.954,1980
263382310427556,98,55,56720,507.954,1980
263382360548314,95,54,56720,526.874,1980
263382410666125,95,54,56720,526.874,1980
263382460780216,95,54,56720,548.108,1980
263382510896763,95,54,56720,548.108,1980
263382561025188,97,53,56720,565.482,1980
263382611139965,97,53,56720,565.482,1980
263382661271328,97,53,56720,597.762,1980
263382711394566,97,53,56720,597.762,1980
263382761517548,98,54,56720,592.563,1980
263382811646102,98,54,56720,592.563,1980
263382861767376,98,54,56720,583.795,1980
263382911890295,98,54,56720,583.795,1980
263382962745130,62,46,56720,569.6,1980
263383013818725,62,46,56720,569.6,1980
263383064873262,62,46,56720,527.557,1980
263383115004917,62,46,56720,527.557,1980
263383165155186,11,5,56720,488.716,1980
263383216574543,11,5,56720,488.716,1980
263383266736136,11,5,56720,461.947,1980
263383317718070,11,5,56720,461.947,1980
263383367840847,75,37,56720,439.24,1980
263383419145127,75,37,56720,439.24,1980
263383469309872,75,37,56720,422.853,1980
263383519472499,75,37,56720,422.853,1980
263383569880645,89,43,56720,401.235,1980
263383620028670,89,43,56720,401.235,1980
263383670536954,89,43,56720,379.355,1980
263383721102783,89,43,56720,379.355,1980
263383771458164,100,49,56720,365.022,1980
263383821600405,100,49,56720,365.022,1980
263383877466100,100,49,56720,342.96,1980
263383930490343,100,49,56720,342.96,1980
263383980623530,74,38,56720,330.087,1980
263384030752177,74,38,56720,330.087,1980
263384080872214,74,38,56720,378.243,1980
263384130998754,74,38,56720,378.243,1980
263384181124017,98,52,56720,431.624,1980
263384231268660,98,52,56720,431.624,1980
263384281386978,98,52,56720,454.426,1980
263384331723450,98,52,56720,454.426,1980
263384381850708,98,54,56720,478.413,1980
263384431973789,98,54,56720,478.413,1980
263384482093752,98,54,56720,500.768,1980
263384532214938,98,54,56720,500.768,1980
263384582333480,95,55,56720,522.661,1980
263384632445887,95,55,56720,522.661,1980
263384682574242,95,55,56720,539.589,1980
263384732711102,95,55,56720,561.677,1980
263384782833685,95,56,56720,561.677,1980
263384832952492,95,56,56720,580.603,1980
263384883052189,95,56,56720,580.603,1980
263384933176998,95,55,56720,604.909,1980
263384983898822,95,55,56720,604.909,1980
263385034042341,95,55,56720,596.396,1980
263385084163259,95,55,56720,596.396,1980
263385134284824,97,55,56720,591.293,1980
263385184411304,97,55,56720,591.293,1980
263385234526671,97,55,56720,588.929,1980
263385285478279,97,55,56720,588.929,1980
263385336520123,37,33,56720,570.538,1980
263385387379277,37,33,56720,570.538,1980
263385438175778,37,33,56720,526.423,1980
263385488316970,37,33,56720,526.423,1980
263385539804014,26,13,56720,486.041,1980
263385589932256,26,13,56720,486.041,1980
263385640112011,26,13,56720,465.513,1980
263385690891120,26,13,56720,465.513,1980
263385742226503,78,38,56720,439.614,1980
263385793285066,78,38,56720,439.614,1980
263385843452264,78,38,56720,419.062,1980
263385893656115,78,38,56720,419.062,1980
263385943814322,99,48,56720,402.382,1980
263385993953715,99,48,56720,402.382,1980
263386044094999,99,48,56720,375.838,1980
263386094668641,99,48,56720,375.838,1980
263386145199402,100,50,56720,353.337,1980
263386195313915,100,50,56720,353.337,1980
263386245427993,100,50,56720,330.431,1980
263386295550561,100,50,56720,330.431,1980
263386345661374,85,42,56720,338.397,1980
263386395770575,85,42,56720,338.397,1980
263386445883151,85,42,56720,380.997,1980
263386495990833,85,42,56720,380.997,1980
263386546462811,98,48,56720,426.75,1980
263386596618911,98,48,56720,426.75,1980
263386646729666,98,48,56720,448.8,1980
263386696838013,98,48,56720,448.8,1980
263386746944164,95,51,56720,467.714,1980
263386797070482,95,51,56720,467.714,1980
263386847176774,95,51,56720,486.535,1980
263386897283197,95,51,56720,486.535,1980
263386947391711,95,54,56720,507.385,1980
263386997499794,95,54,56720,507.385,1980
263387047629199,95,54,56720,529.532,1980
263387097749231,95,54,56720,529.532,1980
263387147868426,95,53,56720,549.945,1980
263387197989270,95,53,56720,549.945,1980
263387248141565,95,53,56720,573.003,1980
263387298278956,95,53,56720,573.003,1980
263387348401740,97,52,56720,581.744,1980
263387398523350,97,52,56720,581.744,1980
263387448645051,97,52,56720,577.939,1980
263387498790009,97,52,56720,577.939,1980
263387548912646,98,54,56720,572.545,1980
263387599922631,98,54,56720,572.545,1980
263387650590920,98,54,56720,554.426,1980
263387701204052,98,54,56720,554.426,1980
263387752042671,2,2,56720,514.108,1980
263387802194372,2,2,56720,514.108,1980
263387853537158,2,2,56720,474.051,1980
263387903650559,2,2,56720,474.051,1980
263387953767650,74,36,56720,450.317,1980
263388003973525,74,36,56720,450.317,1980
263388055057606,74,36,56720,428.067,1980
263388105233293,74,36,56720,428.067,1980
263388155861063,85,41,56720,404.543,1980
263388206031915,85,41,56720,404.543,1980
263388256170931,85,41,56720,386.646,1980
263388306454563,85,41,56720,386.646,1980
263388356910324,99,48,56720,371.29,1980
263388407039146,99,48,56720,371.29,1980
263388457484245,99,48,56720,353.439,1980
263388507606466,99,48,56720,353.439,1980
263388557868636,100,50,56720,325.843,1980
263388607992939,100,50,56720,325.843,1980
263388658110244,100,50,56720,346.882,1980
263388708227545,100,50,56720,346.882,1980
263388758347552,98,50,56720,396.373,1980
263388808475652,98,50,56720,396.373,1980
263388858603640,98,50,56720,434.298,1980
263388908727879,98,50,56720,434.298,1980
263388958847051,90,48,56720,453.162,1980
263389008968606,90,48,56720,453.162,1980
263389059063708,90,48,56720,475.504,1980
263389109192668,90,48,56720,475.504,1980
263389159315035,95,52,56720,493.734,1980
263389209435395,95,52,56720,493.734,1980
263389259553125,95,52,56720,511.947,1980
263389309667223,95,52,56720,511.947,1980
263389359784082,98,55,56720,533.423,1980
263389409904479,98,55,56720,533.423,1980
263389460034194,98,55,56720,557.345,1980
263389510172966,98,55,56720,557.345,1980
263389560302534,94,53,56720,580.74,1980
263389610432913,94,53,56720,580.74,1980
263389660560688,94,53,56720,591.887,1980
263389710706169,94,53,56720,591.887,1980
263389760823127,97,52,56720,581.565,1980
263389810939553,97,52,56720,581.565,1980
263389862905366,97,52,56720,577.742,1980
263389913715573,97,52,56720,577.742,1980
263389963957069,23,23,56720,557.91,1980
263390014764342,23,23,56720,557.91,1980
263390068533318,23,23,56720,507.696,1980
263390119866439,23,23,56720,507.696,1980
263390170004186,36,17,56720,474.944,1980
263390221246797,36,17,56720,474.944,1980
263390272266628,36,17,56720,456.771,1980
263390322421395,36,17,56720,456.771,1980
263390374074448,79,38,56720,435.301,1980
263390424821865,79,38,56720,435.301,1980
263390474939675,79,38,56720,411.476,1980
263390525303575,79,38,56720,411.476,1980
263390575485742,99,49,56720,394.272,1980
263390626088398,99,49,56720,394.272,1980
263390676196888,99,49,56720,370.419,1980
263390726301203,99,49,56720,370.419,1980
263390776650900,100,50,56720,353.779,1980
263390826805801,100,50,56720,353.779,1980
263390876935398,100,50,56720,326.973,1980
263390927045687,100,50,56720,326.973,1980
263390977155720,98,49,56720,360.348,1980
263391027259879,98,49,56720,360.348,1980
263391077362812,98,49,56720,412.328,1980
263391127497076,98,49,56720,412.328,1980
263391177604920,91,44,56720,446.335,1980
263391227705832,91,44,56720,446.335,1980
263391277815131,91,44,56720,468.904,1980
263391328042879,91,44,56720,468.904,1980
263391378145761,97,56,56720,482.888,1980
263391428263503,97,56,56720,482.888,1980
263391478373282,97,56,56720,499.681,1980
263391528479787,97,56,56720,499.681,1980
263391578598998,96,54,56720,516.53,1980
263391628713710,96,54,56720,516.53,1980
263391678830162,96,54,56720,530.988,1980
263391728947923,96,54,56720,530.988,1980
263391779052055,96,54,56720,552.234,1980
263391829162944,96,54,56720,552.234,1980
263391879272563,96,54,56720,570.016,1980
263391929390068,96,54,56720,570.016,1980
263391979505526,97,54,56720,563.437,1980
263392029616343,97,54,56720,563.437,1980
263392080550426,97,54,56720,555.574,1980
263392131291701,97,54,56720,555.574,1980
263392182050548,18,18,56720,525.81,1980
263392232755239,18,18,56720,525.81,1980
263392285207947,18,18,56720,478.406,1980
263392335371109,18,18,56720,478.406,1980
263392386823677,43,20,56720,453.41,1980
263392437044916,43,20,56720,432.234,1980
263392487237847,43,20,56720,432.234,1980
263392537377920,77,37,56720,412.846,1980
263392587804323,77,37,56720,412.846,1980
263392637951113,77,37,56720,398.58,1980
263392688114850,77,37,56720,398.58,1980
263392738753818,98,48,56720,386.85,1980
263392788877133,98,48,56720,386.85,1980
263392839036864,98,48,56720,365.807,1980
263392889220344,98,48,56720,365.807,1980
263392939353958,100,50,56720,347.444,1980
263392989538904,100,50,56720,347.444,1980
263393039676426,100,50,56720,329.664,1980
263393089822714,100,50,56720,329.664,1980
263393139961274,98,51,56720,366.844,1980
263393190067480,98,51,56720,366.844,1980
263393240189728,98,51,56720,414.838,1980
263393290350348,98,51,56720,414.838,1980
263393340485910,90,45,56720,448.614,1980
263393390631722,90,45,56720,448.614,1980
263393440770202,90,45,56720,471.948,1980
263393490916847,90,45,56720,471.948,1980
263393541046385,95,53,56720,496.222,1980
263393591171451,95,53,56720,496.222,1980
263393641302843,95,53,56720,514.008,1980
263393691433745,95,53,56720,514.008,1980
263393741569933,95,54,56720,534.506,1980
263393791700787,95,54,56720,534.506,1980
263393841829181,95,54,56720,555.194,1980
263393891946771,95,54,56720,555.194,1980
263393942097999,97,56,56720,577.29,1980
263393992239514,97,56,56720,577.29,1980
263394042374909,97,56,56720,597.622,1980
263394092504805,97,56,56720,597.622,1980
263394142633877,95,54,56720,590.53,1980
263394192789595,95,54,56720,590.53,1980
263394242924305,95,54,56720,582.656,1980
263394293103647,95,54,56720,582.656,1980
263394343256084,92,62,56720,574.643,1980
263394393767246,92,62,56720,574.643,1980
263394444774747,92,62,56720,538.213,1980
263394495801349,92,62,56720,538.213,1980
263394545928268,2,2,56720,491.789,1980
263394596117125,2,2,56720,491.789,1980
263394647705718,2,2,56720,465.947,1980
263394697823071,2,2,56720,465.947,1980
263394747958963,76,37,56720,447.63,1980
263394798086450,76,37,56720,447.63,1980
263394849261931,76,37,56720,423.293,1980
263394899400828,76,37,56720,423.293,1980
263394949576740,89,44,56720,408.437,1980
263394999804002,89,44,56720,408.437,1980
263395049917642,89,44,56720,389.122,1980
263395100084607,89,44,56720,389.122,1980
263395150330831,100,49,56720,376.063,1980
263395200506056,100,49,56720,376.063,1980
263395250623059,100,49,56720,356.205,1980
263395300830337,100,49,56720,356.205,1980
263395350946952,79,39,56720,342.303,1980
263395401067538,79,39,56720,342.303,1980
263395451195453,79,39,56720,388.19,1980
263395501326298,79,39,56720,388.19,1980
263395551453113,98,51,56720,436.133,1980
263395601707172,98,51,56720,436.133,1980
263395651833840,98,51,56720,467.18,1980
263395701951027,98,51,56720,467.18,1980
263395752064529,95,52,56720,488.482,1980
263395802177922,95,52,56720,488.482,1980
263395854245712,95,52,56720,510.169,1980
263395904365051,95,52,56720,510.169,1980
263395954479704,96,54,56720,530.215,1980
263396004594803,96,54,56720,530.215,1980
263396054705144,96,54,56720,546.092,1980
263396104832359,96,54,56720,546.092,1980
263396154944403,96,52,56720,565.492,1980
263396205055599,96,52,56720,565.492,1980
263396255168566,96,52,56720,582.185,1980
263396305279909,96,52,56720,582.185,1980
263396355402514,98,56,56720,598.157,1980
263396405514986,98,56,56720,598.157,1980
263396455628244,98,56,56720,592.195,1980
263396505738812,98,56,56720,592.195,1980
263396555851409,96,54,56720,588.257,1980
263396605968088,96,54,56720,588.257,1980
263396656918307,96,54,56720,571.471,1980
263396707740669,96,54,56720,571.471,1980
263396758803189,2,2,56720,536.817,1980
263396809606166,2,2,56720,536.817,1980
263396860948796,2,2,56720,486.649,1980
263396911494889,2,2,56720,486.649,1980
263396961634347,69,33,56720,462.783,1980
263397012497618,69,33,56720,462.783,1980
263397063530101,69,33,56720,438.511,1980
263397113731083,69,33,56720,438.511,1980
263397163875525,81,40,56720,423.545,1980
263397214715641,81,40,56720,423.545,1980
263397265231043,81,40,56720,406.846,1980
263397315356995,81,40,56720,406.846,1980
263397365895202,100,49,56720,387.044,1980
263397416457561,100,49,56720,387.044,1980
263397466604285,100,49,56720,354.643,1980
263397516775675,100,49,56720,354.643,1980
263397574216157,100,50,56720,330.971,1980
263397630284694,100,50,56720,330.971,1980
263397680416454,100,50,56720,328.834,1980
263397730524834,100,50,56720,328.834,1980
263397780646747,99,50,56720,377.483,1980
263397830802813,99,50,56720,377.483,1980
263397880916412,99,50,56720,427.476,1980
263397931036175,99,50,56720,427.476,1980
263397981150323,91,45,56720,447.422,1980
263398031280400,91,45,56720,447.422,1980
263398081397418,91,45,56720,464.189,1980
263398131504068,91,45,56720,464.189,1980
263398181614026,98,55,56720,486.235,1980
263398231722859,98,55,56720,486.235,1980
263398281830259,98,55,56720,507.568,1980
263398331936657,98,55,56720,507.568,1980
263398382045994,95,53,56720,528.435,1980
263398432156921,95,53,56720,528.435,1980
263398482305467,95,53,56720,548.546,1980
263398532428626,95,53,56720,548.546,1980
263398582542038,95,55,56720,571.419,1980
263398632649542,95,55,56720,571.419,1980
263398682758444,95,55,56720,592.055,1980
263398732866877,95,55,56720,592.055,1980
263398782976020,95,53,56720,584.378,1980
263398833083321,95,53,56720,584.378,1980
263398883187918,95,53,56720,576.976,1980
263398935171181,95,53,56720,576.976,1980
263398986022507,89,61,56720,572.853,1980
263399036911342,89,61,56720,572.853,1980
263399087647956,89,61,56720,535.432,1980
263399137919672,89,61,56720,535.432,1980
263399188810190,2,2,56720,495.671,1980
263399238983574,2,2,56720,495.671,1980
263399290464098,2,2,56720,471.627,1980
263399340605764,76,37,56720,449.56,1980
263399391489918,76,37,56720,449.56,1980
263399441644613,76,37,56720,429.971,1980
263399491761214,76,37,56720,429.971,1980
263399541877995,97,48,56720,410.345,1980
263399592081973,97,48,56720,410.345,1980
263399642551043,97,48,56720,386.568,1980
263399692697564,97,48,56720,386.568,1980
263399742833425,100,50,56720,366.23,1980
263399792956735,100,50,56720,366.23,1980
263399843050785,100,50,56720,349.733,1980
263399893294856,100,50,56720,349.733,1980
263399943446947,78,39,56720,341.858,1980
263399993567675,78,39,56720,341.858,1980
263400043679513,78,39,56720,384.088,1980
263400093897307,78,39,56720,384.088,1980
263400144342811,98,49,56720,434.817,1980
263400194460156,98,49,56720,434.817,1980
263400244616799,98,49,56720,455.715,1980
263400294754064,98,49,56720,455.715,1980
263400344866559,95,52,56720,478.224,1980
263400395089301,95,52,56720,478.224,1980
263400445201387,95,52,56720,497.125,1980
263400495327680,95,52,56720,497.125,1980
263400545434309,95,53,56720,513.823,1980
263400595568621,95,53,56720,513.823,1980
263400645717103,95,53,56720,528.81,1980
263400695837453,95,53,56720,528.81,1980
263400745950522,95,54,56720,548.42,1980
263400796061349,95,54,56720,548.42,1980
263400846582061,95,54,56720,569.625,1980
263400896692267,95,54,56720,569.625,1980
263400946796382,95,52,56720,586.378,1980
263400996906884,95,52,56720,586.378,1980
263401047019122,95,52,56720,577.754,1980
263401098973587,95,52,56720,577.754,1980
263401149989638,54,41,56720,552.241,1980
263401200670341,54,41,56720,552.241,1980
263401251574587,54,41,56720,517.414,1980
263401302340057,54,41,56720,517.414,1980
263401352861805,15,7,56720,474.827,1980
263401403010784,15,7,56720,474.827,1980
263401453130602,15,7,56720,457.775,1980
263401504421604,15,7,56720,457.775,1980
263401554538412,75,37,56720,438.396,1980
263401605305386,75,37,56720,438.396,1980
263401655593351,75,37,56720,417.729,1980
263401705725273,75,37,56720,417.729,1980
263401755899469,96,47,56720,397.539,1980
263401806080646,96,47,56720,397.539,1980
263401856365784,96,47,56720,370.77,1980
263401906655905,96,47,56720,370.77,1980
263401956811384,100,50,56720,345.901,1980
263402006926417,100,50,56720,345.901,1980
263402057044182,100,50,56720,325.959,1980
263402107152036,100,50,56720,325.959,1980
263402157290721,81,40,56720,344.419,1980
263402207408520,81,40,56720,344.419,1980
263402257519167,81,40,56720,387.591,1980
263402307680803,81,40,56720,387.591,1980
263402357807041,98,48,56720,427.992,1980
263402407931025,98,48,56720,427.992,1980
263402458051652,98,48,56720,448.614,1980
263402508173596,98,48,56720,448.614,1980
263402558285630,95,51,56720,470.602,1980
263402608399675,95,51,56720,470.602,1980
263402658515321,95,51,56720,491.943,1980
263402708631108,95,51,56720,491.943,1980
263402758740287,95,55,56720,509.809,1980
263402808848806,95,55,56720,509.809,1980
263402858962830,95,55,56720,539.097,1980
263402909071011,95,55,56720,539.097,1980
263402959171532,95,54,56720,559.921,1980
263403009272822,95,54,56720,559.921,1980
263403059376824,95,54,56720,586.577,1980
263403109482715,95,54,56720,586.577,1980
263403159586002,97,52,56720,586.132,1980
263403209690506,97,52,56720,586.132,1980
263403259797423,97,52,56720,580.157,1980
263403309908015,97,52,56720,580.157,1980
263403360232416,98,54,56720,576.633,1980
263403411190434,98,54,56720,576.633,1980
263403462023463,98,54,56720,551.763,1980
263403512854367,98,54,56720,551.763,1980
263403563578563,2,2,56720,511.632,1980
263403613720525,2,2,56720,511.632,1980
263403663888498,2,2,56720,475.004,1980
263403714007006,2,2,56720,475.004,1980
263403766875516,75,36,56720,455.356,1980
263403817032854,75,36,56720,455.356,1980
263403867194557,75,36,56720,432.52,1980
263403917334638,75,36,56720,432.52,1980
263403967848096,79,39,56720,406.292,1980
263404019004329,79,39,56720,406.292,1980
263404069161606,79,39,56720,389.775,1980
263404119327151,79,39,56720,389.775,1980
263404169458150,94,45,56720,369.618,1980
263404219597472,94,45,56720,369.618,1980
263404270227780,94,45,56720,356.384,1980
263404321109564,94,45,56720,356.384,1980
263404371230376,100,49,56720,338.421,1980
263404421350162,100,49,56720,338.421,1980
263404471461345,100,49,56720,338.224,1980
263404521571237,100,49,56720,338.224,1980
263404571680245,98,51,56720,391.862,1980
263404621787657,98,51,56720,391.862,1980
263404671893346,98,51,56720,431.157,1980
263404722002350,98,51,56720,431.157,1980
263404772117147,90,45,56720,458.199,1980
263404822225426,90,45,56720,458.199,1980
263404872334408,90,45,56720,480.633,1980
263404922443571,90,45,56720,480.633,1980
263404972551032,98,55,56720,504.994,1980
263405022658374,98,55,56720,504.994,1980
263405072780569,98,55,56720,526.127,1980
263405122892048,98,55,56720,526.127,1980
263405172999233,95,54,56720,547.542,1980
263405223111547,95,54,56720,547.542,1980
263405273221937,95,54,56720,571.087,1980
263405323345220,95,54,56720,571.087,1980
263405373454463,97,53,56720,590.159,1980
263405423560236,97,53,56720,590.159,1980
263405473664418,97,53,56720,609.994,1980
263405523771913,97,53,56720,609.994,1980
263405573890900,95,53,56720,601.599,1980
263405624006395,95,53,56720,601.599,1980
263405674115483,95,53,56720,595.445,1980
263405724224143,95,53,56720,595.445,1980
263405775028170,69,50,56720,579.755,1980
263405825815353,69,50,56720,579.755,1980
263405876666758,69,50,56720,535.673,1980
263405927924355,69,50,56720,535.673,1980
263405979285827,4,3,56720,495.48,1980
263406030939727,4,3,56720,495.48,1980
263406081115162,4,3,56720,471.252,1980
263406132433465,4,3,56720,471.252,1980
263406182627977,74,36,56720,444.039,1980
263406233626266,74,36,56720,444.039,1980
263406284100670,74,36,56720,426.75,1980
263406334255705,74,36,56720,426.75,1980
263406384364754,93,46,56720,407.175,1980
263406434495424,93,46,56720,407.175,1980
263406484700336,93,46,56720,382.436,1980
263406535134060,93,46,56720,382.436,1980
263406585444573,100,50,56720,366.119,1980
263406635612592,100,50,56720,366.119,1980
263406685738353,100,50,56720,338.978,1980
263406735849027,100,50,56720,338.978,1980
263406785965930,72,36,56720,342.783,1980
263406836053278,72,36,56720,342.783,1980
263406886160127,72,36,56720,385.892,1980
263406936265151,72,36,56720,385.892,1980
263406986382400,98,49,56720,435.155,1980
263407036492353,98,49,56720,435.155,1980
263407086598633,98,49,56720,451.47,1980
263407136706672,98,49,56720,451.47,1980
263407186809824,95,51,56720,473.425,1980
263407236934510,95,51,56720,473.425,1980
263407287039757,95,51,56720,492.84,1980
263407337147804,95,51,56720,492.84,1980
263407387251092,96,55,56720,510.586,1980
263407437352023,96,55,56720,510.586,1980
263407487453904,96,55,56720,530.951,1980
263407537558211,96,55,56720,530.951,1980
263407587663921,96,54,56720,553.179,1980
263407637768502,96,54,56720,553.179,1980
263407687874173,96,54,56720,575.783,1980
263407737977751,96,54,56720,575.783,1980
263407788079126,96,54,56720,593.974,1980
263407838188134,96,54,56720,593.974,1980
263407888302103,96,54,56720,583.723,1980
263407940367853,96,54,56720,583.723,1980
263407991147349,96,64,56720,573.718,1980
263408041932955,96,64,56720,573.718,1980
263408092966124,96,64,56720,538.099,1980
263408152324276,2,2,56720,498.604,1980
263408203129522,2,2,56720,498.604,1980
263408253311413,2,2,56720,470.32,1980
263408304497192,2,2,56720,470.32,1980
263408355747337,75,37,56720,449.614,1980
263408406495334,75,37,56720,449.614,1980
263408456621691,75,37,56720,430.772,1980
263408507302521,75,37,56720,430.772,1980
263408557417788,91,44,56720,404.426,1980
263408607560373,91,44,56720,404.426,1980
263408657699419,91,44,56720,383.414,1980
263408707836230,91,44,56720,383.414,1980
263408757994660,100,50,56720,357.884,1980
263408808110345,100,50,56720,357.884,1980
263408858226895,100,50,56720,340.066,1980
263408908343687,100,50,56720,340.066,1980
263408958458303,88,43,56720,348.65,1980
263409008569228,88,43,56720,348.65,1980
263409058675095,88,43,56720,390.882,1980
263409108780160,88,43,56720,390.882,1980
263409158895320,90,44,56720,434.643,1980
263409209003336,90,44,56720,434.643,1980
263409259106111,90,44,56720,454.674,1980
263409309208804,90,44,56720,454.674,1980
263409359311049,96,54,56720,476.02,1980
263409409416169,96,54,56720,476.02,1980
263409459546234,96,54,56720,496.787,1980
263409509658451,96,54,56720,496.787,1980
263409559767715,95,53,56720,516.481,1980
263409609875944,95,53,56720,516.481,1980
263409659998827,95,53,56720,530.242,1980
263409710104962,95,53,56720,530.242,1980
263409760209900,95,53,56720,550.455,1980
263409810316423,95,53,56720,550.455,1980
263409860420288,95,53,56720,577.68,1980
263409910523993,95,53,56720,577.68,1980
263409960625013,95,53,56720,573.064,1980
263410010725869,95,53,56720,573.064,1980
263410061364625,95,53,56720,554.437,1980
263410112056376,95,53,56720,554.437,1980
263410162979010,2,2,56720,511.722,1980
263410213964890,2,2,56720,511.722,1980
263410264103808,2,2,56720,474.498,1980
263410314253361,2,2,56720,474.498,1980
263410365878047,69,33,56720,451.549,1980
263410416028440,69,33,56720,451.549,1980
263410467333338,69,33,56720,430.168,1980
263410517660233,69,33,56720,430.168,1980
263410567821091,77,38,56720,410.776,1980
263410618771858,77,38,56720,410.776,1980
263410668921100,77,38,56720,394.462,1980
263410719064038,77,38,56720,394.462,1980
263410769302411,98,48,56720,379.618,1980
263410819433661,98,48,56720,379.618,1980
263410869603669,98,48,56720,358.818,1980
263410920143048,98,48,56720,358.818,1980
263410970396257,100,50,56720,343.906,1980
263411020571178,100,50,56720,343.906,1980
263411070706960,100,50,56720,335.989,1980
263411120822936,100,50,56720,335.989,1980
263411170936926,98,52,56720,390.639,1980
263411221049676,98,52,56720,390.639,1980
263411271154683,98,52,56720,439.267,1980
263411321307937,98,52,56720,439.267,1980
263411371436978,91,46,56720,460.418,1980
263411421548329,91,46,56720,460.418,1980
263411471657979,91,46,56720,482.849,1980
263411521765417,91,46,56720,482.849,1980
263411571872697,96,54,56720,505.94,1980
263411621982565,96,54,56720,505.94,1980
263411672085945,96,54,56720,528.828,1980
263411722191439,96,54,56720,528.828,1980
263411772304859,97,53,56720,546.847,1980
263411822417711,97,53,56720,546.847,1980
263411872532423,97,53,56720,564.092,1980
263411922638136,97,53,56720,564.092,1980
263411972742252,98,55,56720,584.903,1980
263412022849199,98,55,56720,584.903,1980
263412072954165,98,55,56720,603.996,1980
263412123049737,98,55,56720,603.996,1980
263412173197332,95,54,56720,595.019,1980
263412223352273,95,54,56720,595.019,1980
263412273493367,95,54,56720,587.239,1980
263412323608330,95,54,56720,587.239,1980
263412376380996,98,56,56720,587.106,1980
263412426969759,98,56,56720,587.106,1980
263412477746347,98,56,56720,554.051,1980
263412528372311,98,56,56720,554.051,1980
263412578577837,2,2,56720,509.559,1980
263412628718274,2,2,56720,509.559,1980
263412678848517,2,2,56720,480.424,1980
263412730385665,2,2,56720,480.424,1980
263412780521158,74,36,56720,459.477,1980
263412830645336,74,36,56720,459.477,1980
263412881700529,74,36,56720,435.919,1980
263412931839812,74,36,56720,435.919,1980
263412982004660,86,42,56720,415.0,1980
263413032114271,86,42,56720,415.0,1980
263413082244833,86,42,56720,399.699,1980
263413132424535,86,42,56720,399.699,1980
263413182606488,100,49,56720,375.829,1980
263413232792027,100,49,56720,375.829,1980
263413282894745,100,49,56720,348.518,1980
263413333058372,100,49,56720,348.518,1980
263413383172800,78,39,56720,325.849,1980
263413433291983,78,39,56720,325.849,1980
263413483436376,78,39,56720,355.567,1980
263413533551886,78,39,56720,355.567,1980
263413583670182,98,49,56720,402.722,1980
263413633794474,98,49,56720,402.722,1980
263413683911444,98,49,56720,438.172,1980
263413734035850,98,49,56720,438.172,1980
263413784146072,97,52,56720,462.618,1980
263413834257702,97,52,56720,462.618,1980
263413884368836,97,52,56720,483.377,1980
263413934477154,97,52,56720,483.377,1980
263413984594372,95,53,56720,504.048,1980
263414035890486,95,53,56720,504.048,1980
263414085999861,95,53,56720,524.404,1980
263414136114806,95,53,56720,524.404,1980
263414186221878,95,53,56720,547.302,1980
263414236338348,95,53,56720,547.302,1980
263414286454290,95,53,56720,570.309,1980
263414336563013,95,53,56720,570.309,1980
263414386666328,95,54,56720,590.434,1980
263414436816007,95,54,56720,590.434,1980
263414486920406,95,54,56720,593.535,1980
263414537026535,95,54,56720,593.535,1980
263414588843491,95,53,56720,588.097,1980
263414639591309,95,53,56720,588.097,1980
263414690369999,95,53,56720,560.559,1980
263414741138370,95,53,56720,560.559,1980
263414793617616,2,2,56720,519.655,1980
263414844318416,2,2,56720,519.655,1980
263414894476163,2,2,56720,483.285,1980
263414945886109,2,2,56720,483.285,1980
263414996308985,74,36,56720,462.399,1980
263415046445150,74,36,56720,462.399,1980
263415097442344,74,36,56720,440.511,1980
263415148093538,74,36,56720,440.511,1980
263415198288730,90,44,56720,422.435,1980
263415248427674,90,44,56720,422.435,1980
263415298583667,90,44,56720,403.658,1980
263415348953220,90,44,56720,378.82,1980
263415399099149,100,50,56720,378.82,1980
263415449239875,100,50,56720,360.368,1980
263415499359090,100,50,56720,360.368,1980
263415549470233,81,41,56720,331.949,1980
263415599578568,81,41,56720,331.949,1980
263415649697530,81,41,56720,359.723,1980
263415699810630,81,41,56720,359.723,1980
263415749929695,98,50,56720,406.348,1980
263415800056889,98,50,56720,406.348,1980
263415850173876,98,50,56720,445.654,1980
263415900282230,98,50,56720,445.654,1980
263415950389819,98,52,56720,470.659,1980
263416000495193,98,52,56720,470.659,1980
263416050599940,98,52,56720,492.829,1980
263416100703332,98,52,56720,492.829,1980
263416150807951,95,54,56720,513.008,1980
263416200915243,95,54,56720,513.008,1980
263416251023868,95,54,56720,531.937,1980
263416301129121,95,54,56720,531.937,1980
263416351234362,97,53,56720,547.446,1980
263416401343412,97,53,56720,547.446,1980
263416451457299,97,53,56720,570.066,1980
263416501565465,97,53,56720,570.066,1980
263416551673698,96,53,56720,594.484,1980
263416601779539,96,53,56720,594.484,1980
263416651883513,96,53,56720,584.23,1980
263416701988096,96,53,56720,584.23,1980
263416752092374,95,54,56720,577.812,1980
263416802198662,95,54,56720,577.812,1980
263416852646530,95,54,56720,568.956,1980
263416903515843,95,54,56720,568.956,1980
263416954281372,2,2,56720,527.748,1980
263417005095105,2,2,56720,527.748,1980
263417057231380,2,2,56720,486.65,1980
263417107378791,2,2,56720,486.65,1980
263417157575146,62,29,56720,463.663,1980
263417209211680,62,29,56720,463.663,1980
263417260523639,62,29,56720,439.709,1980
263417310655765,62,29,56720,439.709,1980
263417360788617,80,39,56720,420.79,1980
263417411251906,80,39,56720,420.79,1980
263417461475028,80,39,56720,403.468,1980
263417512118230,80,39,56720,403.468,1980
263417562329219,100,50,56720,381.425,1980
263417612445039,100,50,56720,381.425,1980
263417662556763,100,50,56720,366.033,1980
263417712688589,100,50,56720,366.033,1980
263417762795442,100,50,56720,344.149,1980
263417812898660,100,50,56720,344.149,1980
263417863016638,100,50,56720,334.923,1980
263417913136418,100,50,56720,334.923,1980
263417963239494,98,50,56720,385.347,1980
263418013342180,98,50,56720,385.347,1980
263418063445170,98,50,56720,427.511,1980
263418113548528,98,50,56720,427.511,1980
263418163649812,89,48,56720,453.499,1980
263418213751024,89,48,56720,453.499,1980
263418263852223,89,48,56720,475.582,1980
263418313963048,89,48,56720,475.582,1980
263418364066831,97,55,56720,493.367,1980
263418414169282,97,55,56720,493.367,1980
263418464271141,97,55,56720,510.035,1980
263418514377091,97,55,56720,510.035,1980
263418564486200,95,54,56720,531.129,1980
263418614592683,95,54,56720,531.129,1980
263418664710482,95,54,56720,551.496,1980
263418714815516,95,54,56720,551.496,1980
263418764919363,94,53,56720,579.858,1980
263418815037384,94,53,56720,579.858,1980
263418865145353,94,53,56720,590.212,1980
263418915247204,94,53,56720,590.212,1980
263418965350142,95,55,56720,579.482,1980
263419015456972,95,55,56720,579.482,1980
263419065560622,95,55,56720,575.212,1980
263419116270379,95,55,56720,575.212,1980
263419167302622,36,32,56720,546.203,1980
263419218152659,36,32,56720,546.203,1980
263419269054791,36,32,56720,504.719,1980
263419320041964,36,32,56720,504.719,1980
263419370216844,30,14,56720,477.851,1980
263419420336445,30,14,56720,477.851,1980
263419470873470,30,14,56720,456.405,1980
263419521022143,30,14,56720,456.405,1980
263419572411086,78,38,56720,435.812,1980
263419622563567,78,38,56720,435.812,1980
263419673448651,78,38,56720,415.82,1980
263419723581459,78,38,56720,415.82,1980
263419774200879,92,45,56720,397.388,1980
263419824436236,92,45,56720,397.388,1980
263419874544627,92,45,56720,377.812,1980
263419924649538,92,45,56720,377.812,1980
263419974753766,100,50,56720,360.128,1980
263420026760498,100,50,56720,360.128,1980
263420076865452,100,50,56720,332.672,1980
263420126982122,100,50,56720,332.672,1980
263420177047487,90,47,56720,363.722,1980
263420227163601,90,47,56720,363.722,1980
263420277281030,90,47,56720,408.358,1980
263420327387460,90,47,56720,408.358,1980
263420377494049,98,50,56720,447.859,1980
263420427598805,98,50,56720,447.859,1980
263420477711783,98,50,56720,470.509,1980
263420527822147,98,50,56720,470.509,1980
263420577926126,95,53,56720,495.659,1980
263420628034436,95,53,56720,495.659,1980
263420678138251,95,53,56720,512.526,1980
263420728245074,95,53,56720,512.526,1980
263420778354357,97,53,56720,535.246,1980
263420828459526,97,53,56720,535.246,1980
263420878564184,97,53,56720,552.302,1980
263420928671267,97,53,56720,552.302,1980
263420978776453,95,54,56720,571.357,1980
263421028890714,95,54,56720,571.357,1980
263421078992237,95,54,56720,600.604,1980
263421129101137,95,54,56720,600.604,1980
263421179205313,95,53,56720,594.712,1980
263421229311253,95,53,56720,594.712,1980
263421279415198,95,53,56720,583.526,1980
263421329519900,95,53,56720,583.526,1980
263421379624795,98,56,56720,576.474,1980
263421430312625,98,56,56720,576.474,1980
263421481015181,98,56,56720,543.352,1980
263421531729472,98,56,56720,543.352,1980
263421581850197,2,2,56720,500.657,1980
263421632037970,2,2,56720,500.657,1980
263421682160513,2,2,56720,471.938,1980
263421733872550,2,2,56720,471.938,1980
263421784525281,75,36,56720,450.889,1980
263421835657190,75,36,56720,450.889,1980
263421885778928,75,36,56720,425.106,1980
263421936892500,75,36,56720,425.106,1980
263421987303833,86,42,56720,405.154,1980
263422037443023,86,42,56720,405.154,1980
263422087592707,86,42,56720,387.789,1980
263422137716481,86,42,56720,387.789,1980
263422187893237,100,49,56720,368.957,1980
263422238104930,100,49,56720,368.957,1980
263422288224188,100,49,56720,350.231,1980
263422338340575,100,49,56720,350.231,1980
263422388452113,79,40,56720,328.045,1980
263422438577768,79,40,56720,328.045,1980
263422488700226,79,40,56720,363.231,1980
263422538806453,79,40,56720,363.231,1980
263422588929964,97,50,56720,414.333,1980
263422639051420,97,50,56720,414.333,1980
263422689157897,97,50,56720,446.386,1980
263422739719258,97,50,56720,446.386,1980
263422789829710,98,52,56720,470.418,1980
263422839940920,98,52,56720,470.418,1980
263422890048067,98,52,56720,489.528,1980
263422940151642,98,52,56720,489.528,1980
263422990256222,95,54,56720,508.846,1980
263423040361056,95,54,56720,508.846,1980
263423090465456,95,54,56720,530.277,1980
263423140570118,95,54,56720,530.277,1980
263423190673841,97,53,56720,545.105,1980
263423240776087,97,53,56720,545.105,1980
263423290878585,97,53,56720,566.477,1980
263423340982407,97,53,56720,566.477,1980
263423391088657,97,54,56720,591.372,1980
263423441193912,97,54,56720,591.372,1980
263423491297239,97,54,56720,583.089,1980
263423541401222,97,54,56720,583.089,1980
263423591506747,95,54,56720,578.142,1980
263423641613225,95,54,56720,578.142,1980
263423692550971,95,54,56720,566.78,1980
263423743502742,95,54,56720,566.78,1980
263423794379780,2,2,56720,525.556,1980
263423844540271,2,2,56720,525.556,1980
263423894678883,2,2,56720,483.666,1980
263423944859234,2,2,56720,483.666,1980
263423996227229,64,30,56720,462.233,1980
263424046375155,64,30,56720,462.233,1980
263424096590265,64,30,56720,443.382,1980
263424147083194,64,30,56720,443.382,1980
263424197208064,88,43,56720,424.392,1980
263424247368935,88,43,56720,424.392,1980
263424298093277,88,43,56720,402.86,1980
263424348500141,88,43,56720,402.86,1980
263424398623766,100,50,56720,383.6,1980
263424448739759,100,50,56720,383.6,1980
263424498844982,100,50,56720,364.552,1980
263424551576952,100,50,56720,364.552,1980
263424601684939,100,50,56720,345.445,1980
263424651790751,100,50,56720,345.445,1980
263424701893744,100,50,56720,339.782,1980
263424752014270,100,50,56720,339.782,1980
263424802130320,98,48,56720,383.788,1980
263424852233710,98,48,56720,383.788,1980
263424902338697,98,48,56720,429.29,1980
263424952441825,98,48,56720,429.29,1980
263425002544056,90,47,56720,457.877,1980
263425052647626,90,47,56720,457.877,1980
263425102759836,90,47,56720,479.056,1980
263425152869549,90,47,56720,479.056,1980
263425202972361,97,51,56720,504.096,1980
263425253045182,97,51,56720,504.096,1980
263425303147539,97,51,56720,524.748,1980
263425353257262,97,51,56720,524.748,1980
263425403362990,98,54,56720,541.625,1980
263425453463692,98,54,56720,541.625,1980
263425503565200,98,54,56720,562.302,1980
263425553665183,98,54,56720,562.302,1980
263425603773443,96,53,56720,586.034,1980
263425653878287,96,53,56720,586.034,1980
263425703982759,96,53,56720,593.103,1980
263425754085220,96,53,56720,593.103,1980
263425804185036,97,52,56720,584.5,1980
263425858773691,97,52,56720,572.92,1980
263425909440304,97,52,56720,572.92,1980
263425960361393,19,19,56720,531.942,1980
263426011235182,19,19,56720,531.942,1980
263426066194673,19,19,56720,488.63,1980
263426116481809,19,19,56720,488.63,1980
263426166661729,41,20,56720,463.05,1980
263426216786062,41,20,56720,463.05,1980
263426267975099,41,20,56720,437.657,1980
263426318527554,41,20,56720,437.657,1980
263426369413541,77,38,56720,422.739,1980
263426420397116,77,38,56720,422.739,1980
263426470585697,77,38,56720,400.446,1980
263426520975591,77,38,56720,400.446,1980
263426571323460,96,47,56720,384.063,1980
263426621476581,96,47,56720,384.063,1980
263426671887483,96,47,56720,358.965,1980
263426722033466,96,47,56720,358.965,1980
263426772159800,100,50,56720,335.782,1980
263426822613248,100,50,56720,335.782,1980
263426872733923,100,50,56720,326.558,1980
263426922845566,100,50,56720,326.558,1980
263426972956495,98,48,56720,370.591,1980
263427023090101,98,48,56720,370.591,1980
263427073203642,98,48,56720,422.964,1980
263427123324753,98,48,56720,422.964,1980
263427173439877,91,44,56720,447.503,1980
263427223552904,91,44,56720,447.503,1980
263427273662282,91,44,56720,467.878,1980
263427323774518,91,44,56720,467.878,1980
263427373881735,97,56,56720,483.922,1980
263427423991661,97,56,56720,483.922,1980
263427474127368,97,56,56720,502.39,1980
263427524236094,97,56,56720,502.39,1980
263427574345746,95,53,56720,518.761,1980
263427628476440,95,53,56720,518.761,1980
263427678766973,95,53,56720,535.458,1980
263427728915152,95,53,56720,535.458,1980
263427779042358,95,53,56720,555.227,1980
263427829160632,95,53,56720,555.227,1980
263427879275041,95,53,56720,575.848,1980
263427929404878,95,53,56720,575.848,1980
263427979516354,95,54,56720,562.861,1980
263428029631341,95,54,56720,562.861,1980
263428080410688,95,54,56720,558.117,1980
263428131381187,95,54,56720,558.117,1980
263428182050382,24,24,56720,517.458,1980
263428232900424,24,24,56720,517.458,1980
263428283599985,24,24,56720,478.309,1980
263428333758062,24,24,56720,478.309,1980
263428385553984,44,21,56720,458.798,1980
263428435689447,44,21,56720,458.798,1980
263428485871558,44,21,56720,439.508,1980
263428536843898,44,21,56720,439.508,1980
263428587229155,80,39,56720,417.935,1980
263428638122753,80,39,56720,417.935,1980
263428688255215,80,39,56720,402.571,1980
263428738441310,80,39,56720,402.571,1980
263428788625871,100,49,56720,386.204,1980
263428838833946,100,49,56720,386.204,1980
263428888963857,100,49,56720,362.404,1980
263428939080283,100,49,56720,362.404,1980
263428989195395,100,50,56720,346.122,1980
263429039324580,100,50,56720,346.122,1980
263429089437593,100,50,56720,333.672,1980
263429139562989,100,50,56720,333.672,1980
263429189670694,98,48,56720,381.417,1980
263429239777761,98,48,56720,381.417,1980
263429289885773,98,48,56720,426.715,1980
263429339990114,98,48,56720,426.715,1980
263429390103208,89,47,56720,450.338,1980
263429440206506,89,47,56720,450.338,1980
263429490310334,89,47,56720,468.25,1980
263429540416143,89,47,56720,468.25,1980
263429590517028,97,52,56720,484.365,1980
263429640666951,97,52,56720,484.365,1980
263429690792285,97,52,56720,502.774,1980
263429740894419,97,52,56720,502.774,1980
263429790999226,98,55,56720,519.033,1980
263429841111682,98,55,56720,519.033,1980
263429891217016,98,55,56720,533.337,1980
263429941325691,98,55,56720,533.337,1980
263429991429507,94,53,56720,552.864,1980
263430041534007,94,53,56720,552.864,1980
263430091637169,94,53,56720,570.939,1980
263430141741407,94,53,56720,570.939,1980
263430191879215,95,53,56720,557.162,1980
263430242039474,95,53,56720,557.162,1980
263430293041606,95,53,56720,536.366,1980
263430344091307,95,53,56720,536.366,1980
263430394892979,2,2,56720,496.777,1980
263430445010974,2,2,56720,496.777,1980
263430496938661,2,2,56720,463.156,1980
263430547136965,2,2,56720,463.156,1980
263430598411422,59,28,56720,443.478,1980
263430648936656,59,28,56720,443.478,1980
263430699052123,59,28,56720,419.435,1980
263430749196647,59,28,56720,419.435,1980
263430799520451,81,39,56720,402.751,1980
263430849643680,81,39,56720,402.751,1980
263430900094467,81,39,56720,393.121,1980
263430950205013,81,39,56720,393.121,1980
263431000333741,100,49,56720,379.511,1980
263431050478070,100,49,56720,379.511,1980
263431102550392,100,49,56720,355.499,1980
263431152683657,100,49,56720,355.499,1980
263431202815058,100,50,56720,336.576,1980
263431252924997,100,50,56720,336.576,1980
263431303032395,100,50,56720,336.713,1980
263431353145188,100,50,56720,336.713,1980
263431403257081,99,52,56720,397.936,1980
263431453362845,99,52,56720,397.936,1980
263431503474396,99,52,56720,439.459,1980
263431553584224,99,52,56720,439.459,1980
263431603689853,91,47,56720,464.308,1980
263431653792997,91,47,56720,464.308,1980
263431703947130,91,47,56720,489.038,1980
263431754097658,91,47,56720,489.038,1980
263431804205200,98,56,56720,505.053,1980
263431854311095,98,56,56720,505.053,1980
263431904430827,98,56,56720,526.8,1980
263431954541446,98,56,56720,526.8,1980
263432004651723,95,55,56720,544.055,1980
263432054757903,95,55,56720,544.055,1980
263432104861134,95,55,56720,559.723,1980
263432154968300,95,55,56720,559.723,1980
263432205077590,98,57,56720,578.756,1980
263432255182489,98,57,56720,578.756,1980
263432305286588,98,57,56720,593.7,1980
263432355388745,98,57,56720,593.7,1980
263432405491296,95,55,56720,580.451,1980
263432455594778,95,55,56720,580.451,1980
263432505699558,95,55,56720,571.139,1980
263432557972346,95,55,56720,566.11,1980
263432609041827,96,58,56720,566.11,1980
263432659762483,96,58,56720,525.513,1980
263432710527807,96,58,56720,525.513,1980
263432765212035,2,2,56720,486.176,1980
263432815338354,2,2,56720,486.176,1980
263432865482482,2,2,56720,463.615,1980
263432916828273,2,2,56720,463.615,1980
263432966977766,73,36,56720,441.117,1980
263433017050039,73,36,56720,441.117,1980
263433068263583,73,36,56720,422.607,1980
263433118374753,73,36,56720,422.607,1980
263433168531082,88,43,56720,404.534,1980
263433219407588,88,43,56720,404.534,1980
263433270147310,88,43,56720,384.966,1980
263433320777421,88,43,56720,384.966,1980
263433370885028,100,49,56720,368.606,1980
263433421099310,100,49,56720,368.606,1980
263433471399634,100,49,56720,354.445,1980
263433522146904,100,49,56720,354.445,1980
263433572252912,78,39,56720,338.421,1980
263433622361533,78,39,56720,338.421,1980
263433672477250,78,39,56720,381.402,1980
263433722597936,78,39,56720,381.402,1980
263433772700278,98,47,56720,428.101,1980
263433824245060,98,47,56720,428.101,1980
263433874349543,98,47,56720,460.966,1980
263433924455238,98,47,56720,460.966,1980
263433974559876,98,51,56720,481.312,1980
263434024667032,98,51,56720,481.312,1980
263434074772695,98,51,56720,501.883,1980
263434124880688,98,51,56720,501.883,1980
263434174983066,95,53,56720,519.462,1980
263434225088738,95,53,56720,519.462,1980
263434275190501,95,53,56720,537.384,1980
263434325303391,95,53,56720,537.384,1980
263434375407066,95,54,56720,558.754,1980
263434425508674,95,54,56720,558.754,1980
263434475608734,95,54,56720,582.658,1980
263434525709980,95,54,56720,582.658,1980
263434575828385,95,53,56720,599.929,1980
263434625933145,95,53,56720,599.929,1980
263434676038604,95,53,56720,589.475,1980
263434726141069,95,53,56720,589.475,1980
263434776241768,96,51,56720,581.562,1980
263434826420143,96,51,56720,581.562,1980
263434877263218,96,51,56720,570.126,1980
263434928215052,96,51,56720,570.126,1980
263434979250908,12,12,56720,530.542,1980
263435030099151,12,12,56720,530.542,1980
263435080742111,12,12,56720,488.537,1980
263435130899122,12,12,56720,488.537,1980
263435182433531,50,24,56720,465.763,1980
263435233779173,50,24,56720,465.763,1980
263435284178402,50,24,56720,443.265,1980
263435335317166,50,24,56720,443.265,1980
263435386072096,81,40,56720,426.471,1980
263435436232791,81,40,56720,426.471,1980
263435486359153,81,40,56720,407.009,1980
263435536808205,81,40,56720,407.009,1980
263435587773790,100,49,56720,380.751,1980
263435638115687,100,49,56720,380.751,1980
263435688229510,100,49,56720,361.064,1980
263435738360086,100,49,56720,361.064,1980
263435788472642,100,50,56720,341.926,1980
263435838587283,100,50,56720,341.926,1980
263435888692493,100,50,56720,338.258,1980
263435939571333,100,50,56720,338.258,1980
263435989683004,98,51,56720,385.269,1980
263436039883821,98,51,56720,385.269,1980
263436090035716,98,51,56720,436.53,1980
263436140212237,98,51,56720,436.53,1980
263436190342726,89,48,56720,460.341,1980
263436240454423,89,48,56720,460.341,1980
263436290570228,89,48,56720,478.841,1980
263436340682725,89,48,56720,478.841,1980
263436390794242,95,55,56720,496.984,1980
263436440906608,95,55,56720,496.984,1980
263436491042147,95,55,56720,513.673,1980
263436541151135,95,55,56720,513.673,1980
263436591259157,95,54,56720,531.82,1980
263436641365661,95,54,56720,531.82,1980
263436691475808,95,54,56720,555.785,1980
263436741584543,95,54,56720,555.785,1980
263436791689753,95,54,56720,582.585,1980
263436841797204,95,54,56720,582.585,1980
263436891934840,95,54,56720,588.118,1980
263436942046651,95,54,56720,588.118,1980
263436992161520,95,55,56720,577.585,1980
263437043368989,95,55,56720,577.585,1980
263437093473073,95,55,56720,566.003,1980
263437144259325,95,55,56720,566.003,1980
263437194907703,37,33,56720,530.264,1980
263437245702966,37,33,56720,530.264,1980
263437295814431,37,33,56720,491.42,1980
263437345953462,37,33,56720,491.42,1980
263437396127639,24,11,56720,456.982,1980
263437447947017,24,11,56720,456.982,1980
263437498964098,24,11,56720,440.704,1980
263437549749050,24,11,56720,440.704,1980
263437600672491,77,38,56720,418.44,1980
263437651338640,77,38,56720,418.44,1980
263437701489891,77,38,56720,397.992,1980
263437751683911,77,38,56720,397.992,1980
263437802004945,100,49,56720,379.098,1980
263437852362685,100,49,56720,379.098,1980
263437902514963,100,49,56720,358.813,1980
263437952620057,100,49,56720,358.813,1980
263438002885861,100,50,56720,336.491,1980
263438053004194,100,50,56720,336.491,1980
263438103111506,100,50,56720,322.631,1980
263438153231751,100,50,56720,322.631,1980
263438203354221,97,54,56720,368.433,1980
263438253459042,97,54,56720,368.433,1980
263438303564787,97,54,56720,416.95,1980
263438353722255,97,54,56720,416.95,1980
263438403833341,99,53,56720,448.66,1980
263438453940347,99,53,56720,448.66,1980
263438504046452,99,53,56720,477.759,1980
263438554150010,99,53,56720,477.759,1980
263438604251756,95,55,56720,499.062,1980
263438654354758,95,55,56720,499.062,1980
263438704459671,95,55,56720,517.861,1980
263438754578445,95,55,56720,517.861,1980
263438804681765,98,58,56720,535.43,1980
263438854784232,98,58,56720,535.43,1980
263438904885908,98,58,56720,562.883,1980
263438954987418,98,58,56720,562.883,1980
263439006121304,95,57,56720,583.206,1980
263439056226830,95,57,56720,583.206,1980
263439106330657,95,57,56720,608.641,1980
263439156433383,95,57,56720,608.641,1980
263439206535102,98,58,56720,601.657,1980
263439256638637,98,58,56720,601.657,1980
263439306741444,98,58,56720,595.679,1980
263439356844717,98,58,56720,595.679,1980
263439406947936,95,57,56720,592.428,1980
263439457590397,95,57,56720,592.428,1980
263439508697457,95,57,56720,575.216,1980
263439559588092,95,57,56720,575.216,1980
263439610428228,2,2,56720,529.948,1980
263439660572526,2,2,56720,529.948,1980
263439710930116,2,2,56720,492.804,1980
263439761075170,2,2,56720,492.804,1980
263439812457493,59,28,56720,470.888,1980
263439862931367,59,28,56720,448.915,1980
263439913114911,59,28,56720,448.915,1980
263439963237680,84,41,56720,427.256,1980
263440013384334,84,41,56720,427.256,1980
263440063538876,84,41,56720,404.552,1980
263440113759099,84,41,56720,404.552,1980
263440164140810,100,49,56720,383.227,1980
263440214649286,100,49,56720,383.227,1980
263440264760126,100,49,56720,359.001,1980
263440314881753,100,49,56720,359.001,1980
263440365518386,100,50,56720,332.436,1980
263440415637184,100,50,56720,332.436,1980
263440465748515,100,50,56720,343.291,1980
263440515868361,100,50,56720,343.291,1980
263440565981673,98,48,56720,390.751,1980
263440616048999,98,48,56720,390.751,1980
263440666167977,98,48,56720,433.218,1980
263440716273020,98,48,56720,433.218,1980
263440766384173,90,47,56720,454.852,1980
263440816496880,90,47,56720,454.852,1980
263440866602204,90,47,56720,479.355,1980
263440916715803,90,47,56720,479.355,1980
263440966825678,97,52,56720,499.486,1980
263441016943718,97,52,56720,499.486,1980
263441067074131,97,52,56720,514.896,1980
263441117177759,97,52,56720,514.896,1980
263441167281287,98,56,56720,538.149,1980
263441217388788,98,56,56720,538.149,1980
263441267505217,98,56,56720,557.674,1980
263441317619504,98,56,56720,557.674,1980
263441368455832,95,54,56720,574.518,1980
263441418564257,95,54,56720,574.518,1980
263441468671529,95,54,56720,579.255,1980
263441518775775,95,54,56720,579.255,1980
263441568882347,95,53,56720,574.512,1980
263441618986395,95,53,56720,574.512,1980
263441669821477,95,53,56720,558.732,1980
263441720483781,95,53,56720,558.732,1980
263441771198034,2,2,56720,515.245,1980
263441822180650,2,2,56720,515.245,1980
263441872695270,2,2,56720,475.871,1980
263441922820090,2,2,56720,475.871,1980
263441974316780,57,27,56720,455.033,1980
263442024463231,57,27,56720,455.033,1980
263442074610013,57,27,56720,433.255,1980
263442124718755,57,27,56720,433.255,1980
263442174872085,80,39,56720,419.189,1980
263442225647247,80,39,56720,419.189,1980
263442276275221,80,39,56720,398.801,1980
263442326383417,80,39,56720,398.801,1980
263442376496190,100,49,56720,380.892,1980
263442426918447,100,49,56720,380.892,1980
263442477049779,100,49,56720,365.52,1980
263442527220667,100,49,56720,365.52,1980
263442577553405,100,50,56720,338.062,1980
263442627693200,100,50,56720,338.062,1980
263442677836716,100,50,56720,337.98,1980
263442727947460,100,50,56720,337.98,1980
263442778067716,98,49,56720,384.91,1980
263442828186472,98,49,56720,384.91,1980
263442878302139,98,49,56720,434.115,1980
263442928424037,98,49,56720,434.115,1980
263442978545943,89,44,56720,454.354,1980
263443028663550,89,44,56720,454.354,1980
263443078780066,89,44,56720,478.118,1980
263443128904042,89,44,56720,478.118,1980
263443179019970,95,55,56720,500.342,1980
263443229123966,95,55,56720,500.342,1980
263443279228888,95,55,56720,521.922,1980
263443329335675,95,55,56720,521.922,1980
263443379442619,95,53,56720,544.487,1980
263443429549894,95,53,56720,544.487,1980
263443479664725,95,53,56720,563.955,1980
263443529775946,95,53,56720,563.955,1980
263443579886082,96,54,56720,584.256,1980
263443629995374,96,54,56720,584.256,1980
263443680105599,96,54,56720,599.609,1980
263443730212252,96,54,56720,599.609,1980
263443780319909,95,54,56720,587.155,1980
263443830425812,95,54,56720,587.155,1980
263443880546762,95,54,56720,577.599,1980
263443931603866,95,54,56720,577.599,1980
263443982504051,25,25,56720,538.452,1980
263444033225725,25,25,56720,538.452,1980
263444086593659,25,25,56720,494.675,1980
263444136714883,25,25,56720,494.675,1980
263444186856535,41,20,56720,469.328,1980
263444238162010,41,20,56720,469.328,1980
263444289055425,41,20,56720,445.556,1980
263444340421236,41,20,56720,445.556,1980
263444390573056,79,38,56720,419.059,1980
263444441703623,79,38,56720,419.059,1980
263444491854220,79,38,56720,398.966,1980
263444542630232,79,38,56720,398.966,1980
263444593117740,95,47,56720,381.91,1980
263444643877848,95,47,56720,381.91,1980
263444694275620,95,47,56720,362.942,1980
263444744419836,95,47,56720,362.942,1980
263444794559295,100,49,56720,347.74,1980
263444844674930,100,49,56720,347.74,1980
263444894789088,100,49,56720,334.213,1980
263444944908467,100,49,56720,334.213,1980
263444995029177,89,46,56720,382.673,1980
263445045141860,89,46,56720,382.673,1980
263445095253201,89,46,56720,426.396,1980
263445145368666,89,46,56720,426.396,1980
263445195473349,90,45,56720,461.903,1980
263445245603160,90,45,56720,461.903,1980
263445295715494,90,45,56720,480.954,1980
263445345819852,90,45,56720,480.954,1980
263445395932920,95,53,56720,499.766,1980
263445446040484,95,53,56720,499.766,1980
263445496148370,95,53,56720,518.627,1980
263445546256928,95,53,56720,518.627,1980
263445596371099,95,54,56720,537.639,1980
263445646475732,95,54,56720,537.639,1980
263445696579888,95,54,56720,558.328,1980
263445746689152,95,54,56720,558.328,1980
263445796795486,97,53,56720,578.331,1980
263445846900859,97,53,56720,578.331,1980
263445897015372,97,53,56720,599.894,1980
263445947142154,97,53,56720,599.894,1980
263445997244650,98,55,56720,598.194,1980
263446047350023,98,55,56720,598.194,1980
263446099839631,98,55,56720,592.526,1980
263446150692180,98,55,56720,592.526,1980
263446201399535,52,41,56720,556.795,1980
263446252241617,52,41,56720,556.795,1980
263446305629991,52,41,56720,517.63,1980
263446355809045,52,41,56720,517.63,1980
263446406004946,15,7,56720,485.758,1980
263446456150519,15,7,56720,485.758,1980
263446506687754,15,7,56720,463.37,1980
263446556861909,15,7,56720,463.37,1980
263446606999284,76,37,56720,442.088,1980
263446657164386,76,37,56720,442.088,1980
263446707335803,76,37,56720,420.305,1980
263446758286571,76,37,56720,420.305,1980
263446808415692,92,45,56720,405.708,1980
263446858591563,92,45,56720,405.708,1980
263446908700314,92,45,56720,378.06,1980
263446958874774,92,45,56720,378.06,1980
263447009051711,100,50,56720,354.192,1980
263447059285497,100,50,56720,354.192,1980
263447109394778,100,50,56720,333.057,1980
263447159549707,100,50,56720,333.057,1980
263447209665739,78,40,56720,358.131,1980
263447259776428,78,40,56720,358.131,1980
263447309882106,78,40,56720,408.98,1980
263447363393944,78,40,56720,408.98,1980
263447413501860,98,50,56720,443.968,1980
263447463609764,98,50,56720,443.968,1980
263447513714747,98,50,56720,464.47,1980
263447563817184,98,50,56720,464.47,1980
263447613966815,95,51,56720,489.062,1980
263447664087092,95,51,56720,489.062,1980
263447714205378,95,51,56720,510.536,1980
263447764319336,95,51,56720,510.536,1980
263447814427991,98,56,56720,529.969,1980
263447864541494,98,56,56720,529.969,1980
263447914660029,98,56,56720,549.96,1980
263447964768371,98,56,56720,549.96,1980
263448014871612,96,54,56720,568.62,1980
263448064979477,96,54,56720,568.62,1980
263448115100278,96,54,56720,597.256,1980
263448165207989,96,54,56720,597.256,1980
263448215313183,97,53,56720,594.899,1980
263448265425275,97,53,56720,594.899,1980
263448315534132,97,53,56720,589.801,1980
263448365639699,97,53,56720,589.801,1980
263448416713838,98,55,56720,584.788,1980
263448467541234,98,55,56720,554.471,1980
263448518154683,98,55,56720,554.471,1980
263448568991212,2,2,56720,511.342,1980
263448620140481,2,2,56720,511.342,1980
263448670306116,2,2,56720,480.004,1980
263448720854030,2,2,56720,480.004,1980
263448771610697,74,36,56720,457.28,1980
263448822136848,74,36,56720,457.28,1980
263448872904239,74,36,56720,436.001,1980
263448923025695,74,36,56720,436.001,1980
263448973165834,89,43,56720,413.764,1980
263449023277780,89,43,56720,413.764,1980
263449073385646,89,43,56720,397.339,1980
263449123495682,89,43,56720,397.339,1980
263449173598398,100,49,56720,376.888,1980
263449223749131,100,49,56720,376.888,1980
263449273868689,100,49,56720,354.266,1980
263449328144547,100,49,56720,354.266,1980
263449378253152,90,45,56720,330.271,1980
263449428359798,90,45,56720,330.271,1980
263449478463510,90,45,56720,367.995,1980
263449528655171,90,45,56720,367.995,1980
263449578770553,98,50,56720,412.924,1980
263449628888962,98,50,56720,412.924,1980
263449678997079,98,50,56720,446.766,1980
263449729121817,98,50,56720,446.766,1980
263449779231727,95,52,56720,465.985,1980
263449829342297,95,52,56720,465.985,1980
263449879457075,95,52,56720,481.973,1980
263449929565861,95,52,56720,481.973,1980
263449979674605,95,54,56720,513.32,1980
263450029786081,95,54,56720,513.32,1980
263450079898039,95,54,56720,534.556,1980
263450130007019,95,54,56720,534.556,1980
263450180120422,95,54,56720,559.882,1980
263450230227049,95,54,56720,559.882,1980
263450280339458,95,54,56720,575.747,1980
263450330444090,95,54,56720,575.747,1980
263450380548493,97,55,56720,597.085,1980
263450430647926,97,55,56720,597.085,1980
263450480758631,97,55,56720,598.366,1980
263450530860845,97,55,56720,598.366,1980
263450583028199,98,55,56720,581.021,1980
263450633979860,98,55,56720,581.021,1980
263450684999497,98,55,56720,540.753,1980
263450736028534,98,55,56720,540.753,1980
263450786141695,2,2,56720,502.273,1980
263450837276646,2,2,56720,502.273,1980
263450887473083,2,2,56720,482.302,1980
263450939121621,2,2,56720,482.302,1980
263450989237646,73,36,56720,454.846,1980
263451040742982,73,36,56720,454.846,1980
263451090873560,73,36,56720,424.464,1980
263451141968894,73,36,56720,424.464,1980
263451192717022,81,40,56720,401.732,1980
263451243145736,81,40,56720,401.732,1980
263451294081100,81,40,56720,384.966,1980
263451344931523,81,40,56720,384.966,1980
263451395054942,100,49,56720,370.475,1980
263451445304921,100,49,56720,370.475,1980
263451495865337,100,49,56720,340.376,1980
263451547094237,100,49,56720,340.376,1980
263451597205677,100,50,56720,325.148,1980
263451647321346,100,50,56720,325.148,1980
263451697427205,100,50,56720,366.169,1980
263451747549422,100,50,56720,366.169,1980
263451797649667,99,49,56720,412.551,1980
263451847756662,99,49,56720,412.551,1980
263451899480271,99,49,56720,447.342,1980
263451949592939,99,49,56720,447.342,1980
263451999710239,90,48,56720,471.187,1980
263452049820317,90,48,56720,471.187,1980
263452099931453,90,48,56720,493.189,1980
263452234449750,90,48,56720,514.793,1980
263452284573551,95,53,56720,536.313,1980
263452334681119,95,53,56720,536.313,1980
263452384793189,95,55,56720,558.63,1980
263452434911906,95,55,56720,558.63,1980
263452485024802,95,55,56720,575.982,1980
263452535127804,95,55,56720,575.982,1980
263452585230604,95,54,56720,605.219,1980
263452635338456,95,54,56720,605.219,1980
263452685462453,95,54,56720,600.898,1980
263452735567503,95,54,56720,600.898,1980
263452785671153,94,53,56720,592.977,1980
263452835777896,94,53,56720,592.977,1980
263452886687419,94,53,56720,571.667,1980
263452937729060,94,53,56720,571.667,1980
263452988585394,2,2,56720,525.892,1980
263453040091502,2,2,56720,525.892,1980
263453090200125,2,2,56720,486.934,1980
263453141785952,2,2,56720,486.934,1980
263453191911032,62,29,56720,462.262,1980
263453242071589,62,29,56720,462.262,1980
263453292357745,62,29,56720,439.268,1980
263453342523287,62,29,56720,439.268,1980
263453392683285,81,40,56720,422.363,1980
263453443589632,81,40,56720,422.363,1980
263453493746749,81,40,56720,403.839,1980
263453543888556,81,40,56720,403.839,1980
263453594189138,100,49,56720,384.297,1980
263453644761385,100,49,56720,384.297,1980
263453695114809,100,49,56720,358.301,1980
263453745217610,100,49,56720,358.301,1980
263453795327571,100,50,56720,336.243,1980
263453845428058,100,50,56720,336.243,1980
263453895533445,100,50,56720,347.264,1980
263453945644956,100,50,56720,347.264,1980
263453995752742,98,49,56720,393.843,1980
263454045872455,98,49,56720,393.843,1980
263454095989383,98,49,56720,440.07,1980
263454146096294,98,49,56720,440.07,1980
263454196285233,89,46,56720,464.612,1980
263454246389809,89,46,56720,464.612,1980
263454296487823,89,46,56720,487.63,1980
263454346589728,89,46,56720,487.63,1980
263454396691816,95,54,56720,510.794,1980
263454446795372,95,54,56720,510.794,1980
263454496896080,95,54,56720,525.864,1980
263454547007085,95,54,56720,525.864,1980
263454597114642,95,53,56720,547.625,1980
263454647236663,95,53,56720,547.625,1980
263454697337913,95,53,56720,564.684,1980
263454747440033,95,53,56720,564.684,1980
263454797538381,95,53,56720,589.807,1980
263454847636697,95,53,56720,589.807,1980
263454897733826,95,53,56720,596.188,1980
263454947834306,95,53,56720,596.188,1980
263454997941552,96,55,56720,584.924,1980
263455048047154,96,55,56720,584.924,1980
263455098463653,96,55,56720,575.752,1980
263455149205077,96,55,56720,575.752,1980
263455200250644,39,34,56720,539.716,1980
263455251877996,39,34,56720,539.716,1980
263455302695630,39,34,56720,497.916,1980
263455353979860,39,34,56720,497.916,1980
263455404130587,27,12,56720,469.007,1980
263455455454113,27,12,56720,469.007,1980
263455507033848,27,12,56720,444.74,1980
263455558217282,27,12,56720,444.74,1980
263455608335537,75,37,56720,427.051,1980
263455659297401,75,37,56720,427.051,1980
263455710084809,75,37,56720,406.706,1980
263455760527681,75,37,56720,406.706,1980
263455811163608,96,47,56720,388.636,1980
263455864252842,96,47,56720,388.636,1980
263455914361020,96,47,56720,374.202,1980
263455964462676,96,47,56720,374.202,1980
263456014570348,100,50,56720,350.943,1980
263456064679725,100,50,56720,350.943,1980
263456114786170,100,50,56720,330.313,1980
263456164885468,100,50,56720,330.313,1980
263456215082663,81,40,56720,372.076,1980
263456265198920,81,40,56720,372.076,1980
263456315298902,81,40,56720,419.798,1980
263456365410536,81,40,56720,419.798,1980
263456415511343,99,48,56720,447.574,1980
263456465613434,99,48,56720,447.574,1980
263456515714092,99,48,56720,474.208,1980
263456565814124,99,48,56720,474.208,1980
263456615921785,95,51,56720,495.583,1980
263456666029400,95,51,56720,495.583,1980
263456716158170,95,51,56720,515.485,1980
263456766262908,95,51,56720,515.485,1980
263456816363315,96,55,56720,536.414,1980
263456866479709,96,55,56720,536.414,1980
263456916631639,96,55,56720,557.604,1980
263456966758196,96,55,56720,557.604,1980
263457016881881,96,53,56720,574.781,1980
263457067004438,96,53,56720,574.781,1980
263457117130804,96,53,56720,597.876,1980
263457167246637,96,53,56720,597.876,1980
263457217351978,97,51,56720,598.724,1980
263457267455179,97,51,56720,598.724,1980
263457317555960,97,51,56720,592.733,1980
263457367660539,97,51,56720,592.733,1980
263457418413439,98,54,56720,593.555,1980
263457469239301,98,54,56720,593.555,1980
263457520152190,98,54,56720,558.388,1980
263457570792289,98,54,56720,558.388,1980
263457626021247,2,2,56720,514.386,1980
263457676160213,2,2,56720,481.047,1980
263457726800622,2,2,56720,481.047,1980
263457776924929,74,36,56720,456.903,1980
263457827927757,74,36,56720,456.903,1980
263457878821961,74,36,56720,437.488,1980
263457928925378,74,36,56720,437.488,1980
263457979167265,88,43,56720,414.325,1980
263458029449234,88,43,56720,414.325,1980
263458079553494,88,43,56720,399.827,1980
263458129676143,88,43,56720,399.827,1980
263458179949498,100,50,56720,376.986,1980
263458230164561,100,50,56720,376.986,1980
263458280280556,100,50,56720,348.455,1980
263458331162640,100,50,56720,348.455,1980
263458381266614,86,43,56720,328.337,1980
263458431374438,86,43,56720,328.337,1980
263458481476857,86,43,56720,361.677,1980
263458531582702,86,43,56720,361.677,1980
263458581738823,98,50,56720,409.126,1980
263458631874978,98,50,56720,409.126,1980
263458682028272,98,50,56720,442.133,1980
263458732153145,98,50,56720,442.133,1980
263458782266047,90,49,56720,464.388,1980
263458832372381,90,49,56720,464.388,1980
263458882477896,90,49,56720,484.016,1980
263458932580808,90,49,56720,484.016,1980
263458982680984,95,54,56720,500.942,1980
263459032779557,95,54,56720,500.942,1980
263459082882041,95,54,56720,520.631,1980
263459132984167,95,54,56720,520.631,1980
263459183085704,98,56,56720,542.682,1980
263459233186107,98,56,56720,542.682,1980
263459283285170,98,56,56720,564.496,1980
263459333384270,98,56,56720,564.496,1980
263459383483368,96,54,56720,590.053,1980
263459433588193,96,54,56720,590.053,1980
263459483687724,96,54,56720,587.67,1980
263459533790223,96,54,56720,587.67,1980
263459583893014,97,53,56720,582.987,1980
263459634023706,97,53,56720,582.987,1980
263459684694639,97,53,56720,573.958,1980
263459735490053,97,53,56720,573.958,1980
263459786167538,22,22,56720,536.427,1980
263459836927529,22,22,56720,536.427,1980
263459887086239,22,22,56720,495.918,1980
263459937224504,22,22,56720,495.918,1980
263459988346927,43,20,56720,470.241,1980
263460039483890,43,20,56720,470.241,1980
263460089675675,43,20,56720,448.073,1980
263460140201563,43,20,56720,448.073,1980
263460191396478,79,38,56720,432.237,1980
263460241526509,79,38,56720,432.237,1980
263460291669420,79,38,56720,410.317,1980
263460341856990,79,38,56720,410.317,1980
263460391998421,99,49,56720,388.541,1980
263460442151676,99,49,56720,388.541,1980
263460492314888,99,49,56720,365.1,1980
263460542553699,99,49,56720,365.1,1980
263460598690320,100,50,56720,341.588,1980
263460648794288,100,50,56720,341.588,1980
263460698896346,100,50,56720,335.263,1980
263460749005983,100,50,56720,335.263,1980
263460799114953,98,50,56720,381.601,1980
263460849251876,98,50,56720,381.601,1980
263460899392877,98,50,56720,423.776,1980
263460949507376,98,50,56720,423.776,1980
263460999610862,90,45,56720,454.807,1980
263461049713230,90,45,56720,454.807,1980
263461100493076,90,45,56720,477.766,1980
263461150601065,90,45,56720,477.766,1980
263461200707637,98,55,56720,499.238,1980
263461250811243,98,55,56720,499.238,1980
263461300916556,98,55,56720,515.978,1980
263461351025003,98,55,56720,515.978,1980
263461401142034,95,54,56720,536.536,1980
263461451253357,95,54,56720,536.536,1980
263461502206027,95,54,56720,557.144,1980
263461552323382,95,54,56720,557.144,1980
263461602424118,97,52,56720,582.16,1980
263461652524135,97,52,56720,582.16,1980
263461702624996,97,52,56720,599.324,1980
263461752732374,97,52,56720,599.324,1980
263461802840359,98,54,56720,591.333,1980
263461852939934,98,54,56720,591.333,1980
263461906591087,98,54,56720,585.154,1980
263461957556350,98,54,56720,585.154,1980
263462008594880,58,44,56720,554.316,1980
263462059710361,58,44,56720,554.316,1980
263462109871986,58,44,56720,510.137,1980
263462160052600,58,44,56720,510.137,1980
263462210204111,17,8,56720,484.263,1980
263462261248033,17,8,56720,484.263,1980
263462312298270,17,8,56720,463.32,1980
263462363390749,17,8,56720,463.32,1980
263462413957627,80,39,56720,442.088,1980
263462464053625,80,39,56720,442.088,1980
263462514225123,80,39,56720,419.683,1980
263462564375537,80,39,56720,419.683,1980
263462614521088,100,49,56720,399.695,1980
263462664638940,100,49,56720,399.695,1980
263462714746533,100,49,56720,370.292,1980
263462764850008,100,49,56720,370.292,1980
263462814973512,70,34,56720,371.358,1980
263462865047442,70,34,56720,371.358,1980
263462915149210,70,34,56720,377.764,1980
263462965251320,70,34,56720,377.764,1980
263463015361348,91,43,56720,399.2,1980
263463065463089,91,43,56720,399.2,1980
263463115598295,91,43,56720,434.127,1980
263463165732055,91,43,56720,434.127,1980
263463215863509,95,51,56720,467.179,1980
263463265977545,95,51,56720,467.179,1980
263463316084262,95,51,56720,482.588,1980
263463366189435,95,51,56720,482.588,1980
263463416292918,95,51,56720,503.405,1980
263463466398934,95,51,56720,503.405,1980
263463516501778,95,51,56720,518.566,1980
263463566606524,95,51,56720,518.566,1980
263463616720766,95,51,56720,541.891,1980
263463666826644,95,51,56720,541.891,1980
263463716928411,95,51,56720,555.91,1980
