t_ns,util_gpu_pct,util_mem_pct,mem_used_mib,power_w,sm_clock_mhz
263617445652184,0,0,962,98.709,1980
263617510229210,0,0,962,98.709,1980
263617565440478,0,0,6852,104.412,1980
263617616531765,0,0,6852,104.412,1980
263617666712011,0,0,6852,109.666,1980
263617716860684,0,0,6852,109.666,1980
263617767023549,8,0,6852,114.305,1980
263617817227549,8,0,6852,114.305,1980
263617867441966,8,0,6852,120.238,1980
263617917648862,8,0,6852,120.238,1980
263617967831177,10,0,6852,124.874,1980
263618018044888,10,0,6852,124.874,1980
263618068267531,10,0,6852,130.828,1980
263618118489774,10,0,6852,130.828,1980
263618170152073,15,0,6852,135.553,1980
263618220377985,15,0,6852,135.553,1980
263618270574808,15,0,6852,136.841,1980
263618320765528,15,0,6852,136.841,1980
263618370943988,15,0,6852,136.736,1980
263618421210310,15,0,6852,136.736,1980
263618471992660,15,0,6852,136.996,1980
263618558523802,15,0,6872,136.951,1980
263618698569206,15,0,6872,136.811,1980
263618847508498,0,0,6872,136.782,1980
263618897660013,0,0,6872,136.782,1980
263618947771230,0,0,6872,136.618,1980
263619000581500,0,0,6872,136.618,1980
263619050776128,0,0,6872,136.34,1980
263619194493923,0,0,6872,136.23,1980
263619335808918,0,0,6872,136.297,1980
263619474509169,0,0,6872,135.876,1980
263619550797151,0,0,6872,135.781,1980
263619611038413,0,0,6872,135.781,1980
263619676330047,0,0,6872,135.877,1980
263619746689767,0,0,6872,135.997,1980
263619811974467,0,0,6872,135.997,1980
263619877259949,0,0,6872,135.826,1980
263619942545188,0,0,6872,135.77,1980
263620301534497,0,0,6872,135.856,1980
263620374942466,0,0,6872,135.781,1980
263620440240725,0,0,6872,135.846,1980
263620505536764,0,0,6872,135.846,1980
263620575887569,0,0,6872,136.009,1980
263620646239677,0,0,6872,135.948,1980
263620716587661,0,0,6872,135.948,1980
263621150978291,0,0,6872,135.782,1980
263621225711242,0,0,6872,135.782,1980
263621276651314,0,0,6872,135.772,1980
263621330086781,0,0,6872,135.772,1980
263621380208372,0,0,6872,135.909,1980
263621431169435,0,0,6872,135.909,1980
263621481282617,0,0,6872,135.947,1980
263621531474396,0,0,6872,135.947,1980
263621581613886,0,0,6872,135.795,1980
263621631732911,0,0,6872,135.795,1980
263621681849732,0,0,6872,135.738,1980
263621732223267,0,0,6872,135.738,1980
263621782329540,0,0,6872,135.822,1980
263621832466868,0,0,6872,135.822,1980
263621882598735,0,0,6872,135.931,1980
263621932709676,0,0,6872,135.931,1980
263621982976323,0,0,6872,135.783,1980
263622039065774,0,0,6872,135.783,1980
263622089701155,0,0,6872,135.725,1980
263622139812616,0,0,6872,135.725,1980
263622189955178,0,0,6872,135.823,1980
263622240047189,0,0,6872,135.823,1980
263622572895837,0,0,6872,135.749,1980
263622623092239,0,0,7036,135.749,1980
263622912309969,1,0,7036,135.753,1980
263622962522640,0,0,7520,135.785,1980
263623012657486,0,0,7520,135.785,1980
263623062828676,0,0,7520,135.97,1980
263623113717776,0,0,7520,135.97,1980
263623164732961,0,0,7520,135.939,1980
263623214856687,0,0,7520,135.939,1980
263623264966896,0,0,7520,135.804,1980
263623315078271,0,0,7520,135.804,1980
263623365190986,0,0,7520,135.82,1980
263623415297028,0,0,7520,135.82,1980
263623472318038,0,0,7520,135.944,1980
263623522460555,0,0,7520,135.944,1980
263623572613295,0,0,7520,136.012,1980
263623622721903,0,0,7520,136.012,1980
263623672912199,0,0,7520,135.847,1980
263623725566012,0,0,7520,135.847,1980
263623777476503,0,0,7520,135.84,1980
263623827685837,0,0,7520,135.84,1980
263623877986055,0,0,7520,135.963,1980
263623928109876,0,0,7520,135.963,1980
263623986254499,0,0,7520,136.073,1980
263624036872602,0,0,8542,136.073,1980
263624087832254,0,0,10136,135.907,1980
263624137952972,0,0,10136,135.907,1980
263624188138750,0,0,10136,135.831,1980
263624238263422,0,0,10582,135.831,1980
263624288384297,0,0,10582,135.944,1980
263624338502804,0,0,10582,135.944,1980
263624388619871,0,0,10582,136.084,1980
263624438747021,0,0,10582,136.084,1980
263624488864786,0,0,10582,135.994,1980
263624539028820,0,0,10582,135.994,1980
263624589212552,9,0,10582,136.026,1980
263624639382708,9,0,10582,136.026,1980
263624689507176,9,0,10582,136.216,1980
263624739618907,9,0,10582,136.216,1980
263624789734918,15,0,10582,136.494,1980
263624872836785,15,0,10582,136.505,1980
263625187824248,0,0,10582,136.548,1980
263625492865385,1,0,10116,136.291,1980
263625808775459,0,0,10156,135.849,1980
263625858911618,0,0,10156,135.726,1980
263625909040165,0,0,10156,135.726,1980
263625959154282,0,0,10156,135.874,1980
263626009267499,0,0,10156,135.874,1980
263626059374282,0,0,10156,135.914,1980
263626109479969,0,0,10156,135.914,1980
263626159585747,0,0,10156,135.722,1980
263626209687262,0,0,10156,135.722,1980
263626259789554,0,0,10156,135.661,1980
263626309895044,0,0,10156,135.661,1980
263626360006946,0,0,10156,135.782,1980
263626410109370,0,0,10156,135.782,1980
263626460213100,0,0,10156,135.868,1980
263626510315655,0,0,10156,135.868,1980
263626560417786,0,0,10156,135.726,1980
263626610516680,0,0,10156,135.726,1980
263626660680148,0,0,10156,135.678,1980
263626710813751,0,0,10156,135.678,1980
263626760927864,0,0,10156,135.795,1980
263626811037945,0,0,10156,135.795,1980
263626861153072,0,0,10156,135.896,1980
263626911262260,0,0,10156,135.896,1980
263626961383507,0,0,10156,135.751,1980
263627011499269,0,0,10156,135.751,1980
263627061609497,0,0,10156,135.633,1980
263627111715497,0,0,10156,135.633,1980
263627161820766,0,0,10156,135.744,1980
263627211926235,0,0,10156,135.744,1980
263627262033532,0,0,10156,135.896,1980
263627312140137,0,0,10156,135.896,1980
263627362246690,0,0,10156,135.789,1980
263627412351163,0,0,10156,135.789,1980
263627462456763,0,0,10156,135.65,1980
263627512565149,0,0,10156,135.65,1980
263627562672650,0,0,10156,135.73,1980
263627612778636,0,0,10156,135.73,1980
263627662896316,0,0,10156,135.868,1980
263627713005232,0,0,10156,135.868,1980
263627763106167,0,0,10156,135.788,1980
263627813207438,0,0,10156,135.788,1980
263627863308770,0,0,10156,135.654,1980
263627913410926,0,0,10156,135.654,1980
263627963511782,0,0,10156,135.682,1980
263628013613225,0,0,10156,135.682,1980
263628063716989,0,0,10156,135.849,1980
263628113820861,0,0,10156,135.849,1980
263628163924815,0,0,10156,135.791,1980
263628214029981,0,0,10156,135.791,1980
263628264300965,0,0,10156,135.628,1980
263628314422875,0,0,10156,135.628,1980
263628379744591,0,0,10156,135.646,1980
263628438206768,0,0,10156,135.646,1980
263628495306513,0,0,10156,135.8,1980
263628545538327,0,0,10184,135.827,1980
263628595758944,0,0,10282,135.827,1980
263628646039152,0,0,10574,135.747,1980
263628696179759,0,0,10574,135.747,1980
263629441183420,0,0,10574,147.146,1980
263629771216790,0,0,10254,135.944,1980
263630105817331,0,0,10282,135.707,1980
263630155978469,0,0,10342,135.879,1980
263630206047524,0,0,10368,135.879,1980
263630256178147,0,0,10348,137.214,1980
263630306301106,0,0,10370,137.214,1980
263630356555554,11,3,10376,139.046,1980
263630406779425,11,3,10378,139.046,1980
263630456934211,11,3,10364,140.034,1980
263630507087609,11,3,10368,140.034,1980
263630557216861,11,3,10372,141.957,1980
263630607422022,11,3,10394,141.957,1980
263630657578216,11,3,10400,143.352,1980
263630707690080,11,3,10382,143.352,1980
263630757896583,9,2,10406,143.844,1980
263630808007809,9,2,10392,143.844,1980
263630858131019,9,2,10396,144.497,1980
263630908280374,9,2,10402,144.497,1980
263630958405986,9,2,10404,145.686,1980
263631315997848,3,1,10406,145.403,1980
263631666287733,0,0,10320,139.633,1980
263631716445543,0,0,18718,139.633,1980
263631766612332,0,0,18718,139.571,1980
263631816793152,0,0,18718,139.571,1980
263631866910873,0,0,18718,138.714,1980
263631922548279,0,0,18718,138.714,1980
263631973574637,0,0,18718,137.52,1980
263632023715687,0,0,18718,137.52,1980
263632074066509,0,0,18718,136.577,1980
263632124263346,0,0,18718,136.577,1980
263632174382056,0,0,18718,136.604,1980
263632230088447,0,0,18718,136.604,1980
263632283826958,0,0,18718,136.713,1980
263632334083676,0,0,18718,136.713,1980
263632384276785,0,0,18718,136.67,1980
263632434446800,0,0,19038,136.67,1980
263632485768807,0,0,19038,143.611,1980
263632535932807,0,0,19040,143.611,1980
263632586431544,17,9,19042,145.774,1980
263632636541359,17,9,19042,145.774,1980
263632686670129,17,9,19042,146.387,1980
263632736786343,17,9,19042,146.387,1980
263632786895575,2,0,19042,146.247,1980
263633130400340,5,1,19042,146.879,1980
263633180531992,0,0,18874,147.052,1980
263633231183534,0,0,18850,147.052,1980
263633281466827,0,0,18868,148.41,1980
263633331582724,0,0,18848,148.41,1980
263633381848490,11,3,18866,149.61,1980
263633432012452,11,3,18864,149.61,1980
263633482118838,11,3,18860,150.672,1980
263633532245314,11,3,18848,150.672,1980
263633582461421,11,3,18868,143.362,1980
263633632581334,11,3,18848,143.362,1980
263633682689988,11,3,18848,143.554,1980
263633732812140,11,3,18868,143.554,1980
263633782955165,12,4,18868,144.782,1980
263633833096880,12,4,18848,144.782,1980
263633883236413,12,4,18848,144.616,1980
263633933407207,12,4,18862,144.616,1980
263633983532939,10,3,18852,146.601,1980
263634033654996,10,3,18874,146.601,1980
263634083771298,10,3,18856,148.982,1980
263634469412207,0,0,18858,146.028,1980
263634521011728,0,0,18858,146.028,1980
263634571511313,0,0,18858,144.944,1980
263634622613542,0,0,18858,144.944,1980
263634672744201,0,0,18858,144.284,1980
263634723243261,0,0,18858,144.284,1980
263634773355941,0,0,18858,143.386,1980
263634823464519,0,0,18858,143.386,1980
263634873596567,0,0,18858,142.105,1980
263634923703630,0,0,18858,142.105,1980
263634973823449,0,0,18858,140.637,1980
263635023952452,0,0,18858,140.637,1980
263635074115371,0,0,18858,138.155,1980
263635124230460,0,0,18858,138.155,1980
263635174334037,0,0,18858,136.305,1980
263635226056916,0,0,18858,136.305,1980
263635276165830,0,0,18858,136.303,1980
263635326270532,0,0,18858,136.303,1980
263635376375423,0,0,18858,136.122,1980
263635427133307,0,0,18858,136.122,1980
263635815656867,0,0,18858,136.074,1980
263635865825741,0,0,18858,135.985,1980
263636007768159,0,0,18858,136.087,1980
263636149772596,0,0,18858,136.058,1980
263636200937855,0,0,18858,136.058,1980
263636251584479,0,0,18858,136.112,1980
263636302465832,0,0,18858,136.112,1980
263636353496396,1,1,18858,136.843,1980
263636403683603,1,1,18858,136.843,1980
263636453789673,1,1,18894,137.303,1980
263636619710001,1,1,18894,141.554,1980
263636669880274,7,3,18894,142.259,1980
263636721114904,7,3,18894,142.259,1980
263636771243028,13,6,18894,160.456,1980
263636821892673,13,6,18894,160.456,1980
263636872463392,13,6,18894,181.601,1980
263636922593400,13,6,18894,181.601,1980
263636973187130,75,37,18894,202.839,1980
263637024076689,75,37,18894,202.839,1980
263637075426499,75,37,18894,224.069,1980
263637125857984,75,37,18894,224.069,1980
263637176036437,82,40,18894,249.296,1980
263637226194829,82,40,18894,249.296,1980
263637277148732,82,40,18894,273.012,1980
263637327505406,82,40,18894,273.012,1980
263637377629204,93,44,18894,294.843,1980
263637430603413,93,44,18894,294.843,1980
263637480726353,93,44,18894,309.27,1980
263637530878543,93,44,18894,309.27,1980
263637581102756,65,32,20170,309.262,1980
263637631259912,65,32,23894,309.262,1980
263637681390932,65,32,25086,335.315,1980
263637731499622,65,32,25086,335.315,1980
263637781713088,71,36,25086,364.713,1980
263637831817886,71,36,25086,364.713,1980
263637881934174,71,36,25086,389.703,1980
263637932067808,71,36,25086,389.703,1980
263637982188964,98,50,30266,384.271,1980
263638032648581,98,50,35608,384.271,1980
263638082768003,98,50,36864,381.034,1980
263638132880087,98,50,36864,381.034,1980
263638182995639,36,20,42878,393.008,1980
263638233109909,36,20,42878,393.008,1980
263638283215783,36,20,42878,415.58,1980
263638333317378,36,20,42878,415.58,1980
263638383434102,95,55,42878,435.472,1980
263638433542529,95,55,42878,435.472,1980
263638483644111,95,55,42878,459.041,1980
263638533749530,95,55,42878,459.041,1980
263638583854256,96,54,42878,492.334,1980
263638633956422,96,54,42878,492.334,1980
263638684061610,96,54,42878,512.191,1980
263638734167639,96,54,42878,512.191,1980
263638784267084,97,52,42878,508.069,1980
263638834371163,97,52,42878,508.069,1980
263638884496268,97,52,42878,504.585,1980
263638934598160,97,52,42878,504.585,1980
263638984699509,98,55,42878,530.047,1980
263639034835053,98,55,42878,530.047,1980
263639084948373,98,55,42878,527.05,1980
263639135942171,98,55,42878,527.05,1980
263639187099730,49,35,42878,506.012,1980
263639237890416,49,35,42878,506.012,1980
263639288025410,49,35,42878,462.699,1980
263639340364469,49,35,42878,462.699,1980
263639390489791,2,2,42878,432.529,1980
263639441888562,2,2,42878,432.529,1980
263639492561521,2,2,42878,408.065,1980
263639542715136,2,2,42878,408.065,1980
263639594607730,74,36,42878,390.864,1980
263639645072986,74,36,42878,390.864,1980
263639695207096,74,36,42878,372.373,1980
263639745331789,74,36,42878,372.373,1980
263639795448516,81,40,42878,354.11,1980
263639846673536,81,40,42878,332.548,1980
263639896790047,81,40,42878,332.548,1980
263639947331722,93,46,42878,312.742,1980
263639998288076,93,46,42878,312.742,1980
263640048394427,93,46,42878,313.619,1980
263640098507234,93,46,42878,313.619,1980
263640148624157,100,49,42880,322.934,1980
263640198735885,100,49,44072,322.934,1980
263640248838656,100,49,44072,375.246,1980
263640298953598,100,49,44072,375.246,1980
263640349088669,98,49,44072,410.007,1980
263640399191877,98,49,44072,410.007,1980
263640449295579,98,49,48686,431.036,1980
263640499402545,98,49,48686,431.036,1980
263640549503755,81,42,51958,451.984,1980
263640599604447,81,42,54338,451.984,1980
263640649705692,81,42,54338,470.613,1980
263640699808906,81,42,54338,470.613,1980
263640749946617,97,53,54338,492.705,1980
263640800043054,97,53,54338,492.705,1980
263640850139895,97,53,54338,514.524,1980
263640900244798,97,53,54338,514.524,1980
263640950346272,99,54,54338,535.095,1980
263641000446458,99,54,54338,535.095,1980
263641050546952,99,54,54338,551.554,1980
263641100651468,99,54,54338,551.554,1980
263641150752168,96,53,54338,578.769,1980
263641200858369,96,53,54338,578.769,1980
263641250959793,96,53,54338,575.885,1980
263641301064456,96,53,54338,575.885,1980
263641351168710,97,52,54338,573.363,1980
263641402240487,97,52,54338,573.363,1980
263641452911940,97,52,54338,540.971,1980
263641503816003,97,52,54338,540.971,1980
263641554551665,13,13,54338,502.581,1980
263641604694454,13,13,54338,502.581,1980
263641655839415,13,13,54338,468.008,1980
263641706021073,13,13,54338,468.008,1980
263641757470051,38,18,54338,441.929,1980
263641808842334,38,18,54338,441.929,1980
263641858979255,38,18,54338,422.057,1980
263641910353926,38,18,54338,422.057,1980
263641961038631,74,37,54338,399.174,1980
263642012204524,74,37,54338,399.174,1980
263642063368520,74,37,54338,383.067,1980
263642114034613,74,37,54338,383.067,1980
263642164831577,84,41,54338,362.215,1980
263642215332374,84,41,54338,362.215,1980
263642266066752,84,41,54338,336.374,1980
263642316763433,84,41,54338,336.374,1980
263642366875861,99,48,54338,318.893,1980
263642416986841,99,48,54338,318.893,1980
263642467096770,99,48,54338,321.74,1980
263642517200292,99,48,54338,321.74,1980
263642567305244,67,33,54338,367.42,1980
263642617428964,67,33,54338,367.42,1980
263642667535181,67,33,54338,412.264,1980
263642718517835,67,33,54338,412.264,1980
263642768627737,98,51,54338,437.933,1980
263642818731732,98,51,54338,437.933,1980
263642868833757,98,51,54338,458.042,1980
263642918934195,98,51,54338,458.042,1980
263642969044964,93,51,54338,479.778,1980
263643019145829,93,51,54338,479.778,1980
263643069248618,93,51,54338,502.319,1980
263643119352010,93,51,54338,502.319,1980
263643169456851,96,54,54338,522.411,1980
263643219566794,96,54,54338,522.411,1980
263643269672681,96,54,54338,540.255,1980
263643319773208,96,54,54338,540.255,1980
263643369873297,97,53,54338,557.0,1980
263643419973914,97,53,54338,557.0,1980
263643470074803,97,53,54338,585.268,1980
263643520190336,97,53,54338,585.268,1980
263643570289417,99,55,54338,583.401,1980
263643620393327,99,55,54338,583.401,1980
263643670494454,99,55,54338,580.699,1980
263643720595600,99,55,54338,580.699,1980
263643771625499,96,54,54338,576.244,1980
263643822497368,96,54,54338,576.244,1980
263643873172779,96,54,54338,538.054,1980
263643924286949,96,54,54338,538.054,1980
263643974440301,2,2,54338,496.387,1980
263644024569124,2,2,54338,496.387,1980
263644076323113,2,2,54338,466.489,1980
263644128057668,2,2,54338,466.489,1980
263644179593924,60,28,54338,446.684,1980
263644229704383,60,28,54338,446.684,1980
263644280200106,60,28,54338,426.077,1980
263644330323685,60,28,54338,426.077,1980
263644380472937,78,38,54338,404.972,1980
263644431020099,78,38,54338,404.972,1980
263644482193589,78,38,54338,379.406,1980
263644532335130,78,38,54338,379.406,1980
263644582502449,92,45,54338,359.798,1980
263644632630520,92,45,54338,359.798,1980
263644682907889,92,45,54338,336.231,1980
263644733021413,92,45,54338,336.231,1980
263644783138644,100,49,54340,311.447,1980
263644833254048,100,49,54340,311.447,1980
263644883359624,100,49,54340,342.587,1980
263644933465811,100,49,54340,342.587,1980
263644983571554,87,46,54340,392.606,1980
263645033672512,87,46,54340,392.606,1980
263645083774934,87,46,54340,426.768,1980
263645133880731,87,46,54340,426.768,1980
263645183984206,98,51,54340,452.296,1980
263645234045617,98,51,54340,452.296,1980
263645284134906,98,51,56720,477.24,1980
263645334255744,98,51,56720,477.24,1980
263645384363980,95,52,56720,493.97,1980
263645434469360,95,52,56720,493.97,1980
263645484585561,95,52,56720,518.366,1980
263645534701766,95,52,56720,518.366,1980
263645584806026,98,56,56720,542.749,1980
263645634908495,98,56,56720,542.749,1980
263645685013491,98,56,56720,562.653,1980
263645735117379,98,56,56720,562.653,1980
263645785218912,96,55,56720,579.182,1980
263645835324104,96,55,56720,579.182,1980
263645885434619,96,55,56720,594.059,1980
263645935537444,96,55,56720,594.059,1980
263645985669145,96,56,56720,583.398,1980
263646035779728,96,56,56720,583.398,1980
263646085884656,96,56,56720,579.674,1980
263646136051520,96,56,56720,579.674,1980
263646187094840,96,55,56720,576.859,1980
263646237947820,96,55,56720,576.859,1980
263646288868023,96,55,56720,531.994,1980
263646339603667,96,55,56720,531.994,1980
263646390289090,2,2,56720,491.184,1980
263646440402824,2,2,56720,491.184,1980
263646492205522,2,2,56720,461.584,1980
263646543956141,2,2,56720,461.584,1980
263646594722054,61,29,56720,435.517,1980
263646644831399,61,29,56720,435.517,1980
263646695949142,61,29,56720,417.937,1980
263646747179471,61,29,56720,417.937,1980
263646798145328,77,38,56720,393.566,1980
263646848271680,77,38,56720,393.566,1980
263646898376616,77,38,56720,371.312,1980
263646948536524,77,38,56720,371.312,1980
263646999664800,86,42,56720,357.465,1980
263647050381076,86,42,56720,338.329,1980
263647100487473,86,42,56720,338.329,1980
263647150596270,100,49,56720,316.309,1980
263647200721190,100,49,56720,316.309,1980
263647250827166,100,49,56720,333.141,1980
263647300939023,100,49,56720,333.141,1980
263647351064169,55,29,56720,384.929,1980
263647401172328,55,29,56720,384.929,1980
263647451283959,55,29,56720,414.913,1980
263647501399233,55,29,56720,414.913,1980
263647551514611,99,51,56720,442.477,1980
263647601620292,99,51,56720,442.477,1980
263647651725459,99,51,56720,461.922,1980
263647701830048,99,51,56720,461.922,1980
263647751937903,97,50,56720,482.857,1980
263647802047922,97,50,56720,482.857,1980
263647852154506,97,50,56720,503.778,1980
263647902255605,97,50,56720,503.778,1980
263647952362284,99,55,56720,523.3,1980
263648002469604,99,55,56720,523.3,1980
263648052570621,99,55,56720,544.885,1980
263648102671986,99,55,56720,544.885,1980
263648152770566,96,55,56720,560.493,1980
263648202873064,96,55,56720,560.493,1980
263648252975207,96,55,56720,586.993,1980
263648303076242,96,55,56720,586.993,1980
263648353176036,97,56,56720,581.194,1980
263648403277755,97,56,56720,581.194,1980
263648453377967,97,56,56720,580.428,1980
263648503889750,97,56,56720,580.428,1980
263648553993959,96,55,56720,569.251,1980
263648604860237,96,55,56720,569.251,1980
263648655566089,96,55,56720,527.861,1980
263648706500372,96,55,56720,527.861,1980
263648759598871,2,2,56720,486.163,1980
263648809738959,2,2,56720,486.163,1980
263648861269459,2,2,56720,456.05,1980
263648911414901,2,2,56720,456.05,1980
263648962703419,65,31,56720,438.914,1980
263649013196966,65,31,56720,438.914,1980
263649064349119,65,31,56720,416.575,1980
263649114457749,65,31,56720,416.575,1980
263649165237532,71,35,56720,395.927,1980
263649216734920,71,35,56720,395.927,1980
263649267416365,71,35,56720,370.191,1980
263649317561836,71,35,56720,370.191,1980
263649368143104,91,45,56720,354.131,1980
263649418594265,91,45,56720,354.131,1980
263649468703628,91,45,56720,328.267,1980
263649519063026,91,45,56720,328.267,1980
263649569168737,100,49,56720,311.283,1980
263649619278422,100,49,56720,311.283,1980
263649669378555,100,49,56720,353.045,1980
263649719481245,100,49,56720,353.045,1980
263649769578467,98,50,56720,400.385,1980
263649819675743,98,50,56720,400.385,1980
263649869774331,98,50,56720,432.655,1980
263649919899472,98,50,56720,432.655,1980
263649970022194,91,46,56720,457.323,1980
263650020139083,91,46,56720,457.323,1980
263650070244460,91,46,56720,482.918,1980
263650120351564,91,46,56720,482.918,1980
263650170462974,96,53,56720,504.415,1980
263650220568106,96,53,56720,504.415,1980
263650270678518,96,53,56720,523.441,1980
263650320790295,96,53,56720,523.441,1980
263650370897301,96,54,56720,546.935,1980
263650421006904,96,54,56720,546.935,1980
263650471109389,96,54,56720,564.749,1980
263650521211560,96,54,56720,564.749,1980
263650571314012,96,55,56720,587.236,1980
263650621416164,96,55,56720,587.236,1980
263650671518908,96,55,56720,593.163,1980
263650721623359,96,55,56720,593.163,1980
263650771727307,96,54,56720,583.996,1980
263650821831101,96,54,56720,583.996,1980
263650872519579,96,54,56720,578.005,1980
263650923331946,96,54,56720,578.005,1980
263650974653594,85,58,56720,536.484,1980
263651025787451,85,58,56720,536.484,1980
263651075922596,85,58,56720,487.539,1980
263651126396471,85,58,56720,487.539,1980
263651176793311,2,2,56720,459.045,1980
263651228178006,2,2,56720,459.045,1980
263651279709517,2,2,56720,431.715,1980
263651330775802,2,2,56720,431.715,1980
263651380979877,75,37,56720,411.861,1980
263651431329100,75,37,56720,411.861,1980
263651481525869,75,37,56720,387.424,1980
263651532898514,75,37,56720,387.424,1980
263651583820242,82,40,56720,365.256,1980
263651633934131,82,40,56720,365.256,1980
263651684272657,82,40,56720,346.642,1980
263651734421255,82,40,56720,346.642,1980
263651784732810,100,49,56720,333.715,1980
263651837658097,100,49,56720,333.715,1980
263651887764691,100,49,56720,311.824,1980
263651937869294,100,49,56720,311.824,1980
263651987971342,75,38,56720,343.727,1980
263652038075666,75,38,56720,343.727,1980
263652088193827,75,38,56720,389.744,1980
263652138296141,75,38,56720,389.744,1980
263652188398248,98,48,56720,428.798,1980
263652238499534,98,48,56720,428.798,1980
263652288602326,98,48,56720,448.118,1980
263652338707739,98,48,56720,448.118,1980
263652388808087,96,51,56720,473.586,1980
263652438914236,96,51,56720,473.586,1980
263652489016412,96,51,56720,494.61,1980
263652539126352,96,51,56720,494.61,1980
263652589229589,96,53,56720,515.887,1980
263652639332337,96,53,56720,515.887,1980
263652689434677,96,53,56720,538.768,1980
263652739535124,96,53,56720,538.768,1980
263652789641961,98,53,56720,558.801,1980
263652839748973,98,53,56720,558.801,1980
263652889848600,98,53,56720,585.317,1980
263652939951126,98,53,56720,585.317,1980
263652990053361,96,53,56720,591.335,1980
263653040155725,96,53,56720,591.335,1980
263653090277731,96,53,56720,584.613,1980
263653140389025,96,53,56720,584.613,1980
263653190490131,96,58,56720,580.142,1980
263653241580312,96,58,56720,580.142,1980
263653292208461,96,58,56720,553.247,1980
263653343305048,96,58,56720,553.247,1980
263653397964303,19,19,56720,506.898,1980
263653449409296,19,19,56720,506.898,1980
263653499534650,19,19,56720,472.83,1980
263653551049890,19,19,56720,472.83,1980
263653601337543,75,36,56720,447.079,1980
263653652311844,75,36,56720,447.079,1980
263653702464674,75,36,56720,421.759,1980
263653752608975,75,36,56720,421.759,1980
263653802731935,81,40,56720,400.727,1980
263653853104428,81,40,56720,384.994,1980
263653903211988,81,40,56720,384.994,1980
263653953582473,93,46,56720,359.955,1980
263654003943618,93,46,56720,359.955,1980
263654054553742,93,46,56720,338.201,1980
263654104761596,93,46,56720,338.201,1980
263654154862212,100,50,56720,314.603,1980
263654204979919,100,50,56720,314.603,1980
263654255096598,100,50,56720,328.513,1980
263654305204777,100,50,56720,328.513,1980
263654355311334,98,51,56720,376.58,1980
263654405418655,98,51,56720,376.58,1980
263654455511600,98,51,56720,415.787,1980
263654508124626,98,51,56720,415.787,1980
263654558238541,89,46,56720,436.385,1980
263654608356933,89,46,56720,436.385,1980
263654658466160,89,46,56720,461.094,1980
263654708576577,89,46,56720,461.094,1980
263654758699496,98,56,56720,482.701,1980
263654808810685,98,56,56720,482.701,1980
263654858912603,98,56,56720,507.204,1980
263654909020384,98,56,56720,507.204,1980
263654959124635,96,54,56720,525.418,1980
263655009223993,96,54,56720,525.418,1980
263655059322074,96,54,56720,547.539,1980
263655109419792,96,54,56720,547.539,1980
263655159516999,96,56,56720,566.204,1980
263655209618586,96,56,56720,566.204,1980
263655259699345,96,56,56720,587.798,1980
263655309809333,96,56,56720,587.798,1980
263655359923727,96,54,56720,583.265,1980
263655410033251,96,54,56720,583.265,1980
263655460149740,96,54,56720,581.549,1980
263655510254839,96,54,56720,581.549,1980
263655562215737,94,64,56720,580.746,1980
263655613093005,94,64,56720,580.746,1980
263655663937166,94,64,56720,541.466,1980
263655714740082,94,64,56720,541.466,1980
263655774920095,2,2,56720,496.383,1980
263655825039716,2,2,56720,496.383,1980
263655877048235,2,2,56720,465.345,1980
263655928776175,2,2,56720,465.345,1980
263655978909021,74,36,56720,442.203,1980
263656030476688,74,36,56720,442.203,1980
263656080975084,74,36,56720,422.484,1980
263656132049632,74,36,56720,422.484,1980
263656183262418,82,40,56720,397.43,1980
263656233393808,82,40,56720,397.43,1980
263656283545063,82,40,56720,376.473,1980
263656333653122,82,40,56720,376.473,1980
263656384052531,96,47,56720,355.598,1980
263656434909169,96,47,56720,355.598,1980
263656485042156,96,47,56720,339.821,1980
263656535148353,96,47,56720,339.821,1980
263656585254588,92,46,56720,312.925,1980
263656635357151,92,46,56720,312.925,1980
263656685470641,92,46,56720,344.237,1980
263656735576126,92,46,56720,344.237,1980
263656785678209,98,50,56720,387.767,1980
263656835783284,98,50,56720,387.767,1980
263656885884991,98,50,56720,427.882,1980
263656935993178,98,50,56720,427.882,1980
263656986110505,90,48,56720,451.856,1980
263657036217592,90,48,56720,451.856,1980
263657086319936,90,48,56720,476.906,1980
263657136430570,90,48,56720,476.906,1980
263657186532696,96,54,56720,497.289,1980
263657236636440,96,54,56720,497.289,1980
263657286737742,96,54,56720,517.381,1980
263657336837714,96,54,56720,517.381,1980
263657386941084,96,55,56720,538.841,1980
263657437047119,96,55,56720,538.841,1980
263657487150934,96,55,56720,560.657,1980
263657537261535,96,55,56720,560.657,1980
263657587801727,96,54,56720,587.931,1980
263657637907055,96,54,56720,587.931,1980
263657688010997,96,54,56720,597.221,1980
263657738113631,96,54,56720,597.221,1980
263657788215763,96,54,56720,590.539,1980
263657838319435,96,54,56720,590.539,1980
263657889361511,96,54,56720,585.861,1980
263657940313491,96,54,56720,585.861,1980
263657991353631,5,5,56720,551.296,1980
263658042420283,5,5,56720,551.296,1980
263658092528771,5,5,56720,506.154,1980
263658142691211,5,5,56720,506.154,1980
263658194493456,44,22,56720,476.543,1980
263658245237348,44,22,56720,476.543,1980
263658295341347,44,22,56720,451.473,1980
263658346554902,44,22,56720,451.473,1980
263658396673426,77,38,56720,425.692,1980
263658447072498,77,38,56720,425.692,1980
263658497183779,77,38,56720,401.673,1980
263658547336156,77,38,56720,401.673,1980
263658598272808,92,45,56720,384.56,1980
263658648400133,92,45,56720,384.56,1980
263658698566403,92,45,56720,359.391,1980
263658748707480,92,45,56720,359.391,1980
263658798888454,100,49,56720,338.436,1980
263658848996885,100,49,56720,338.436,1980
263658899107785,100,49,56720,320.491,1980
263658949214666,100,49,56720,320.491,1980
263658999316094,75,37,56720,337.732,1980
263659049422625,75,37,56720,337.732,1980
263659099522819,75,37,56720,384.878,1980
263659149632325,75,37,56720,384.878,1980
263659199739769,98,49,56720,428.387,1980
263659249843433,98,49,56720,428.387,1980
263659299946483,98,49,56720,446.723,1980
263659350047642,98,49,56720,446.723,1980
263659400148564,96,51,56720,460.249,1980
263659450267796,96,51,56720,460.249,1980
263659500373853,96,51,56720,484.564,1980
263659550474262,96,51,56720,484.564,1980
263659600577987,99,56,56720,507.387,1980
263659650677141,99,56,56720,507.387,1980
263659700775838,99,56,56720,523.343,1980
263659750888627,99,56,56720,523.343,1980
263659800987937,96,54,56720,543.826,1980
263659851088434,96,54,56720,543.826,1980
263659901187568,96,54,56720,567.535,1980
263659951286559,96,54,56720,567.535,1980
263660001390181,97,52,56720,582.641,1980
263660051491462,97,52,56720,582.641,1980
263660101626581,97,52,56720,571.643,1980
263660151736276,97,52,56720,571.643,1980
263660201838132,96,53,56720,558.976,1980
263660252931997,96,53,56720,558.976,1980
263660303838915,96,53,56720,547.667,1980
263660355465973,96,53,56720,547.667,1980
263660406644432,2,2,56720,513.253,1980
263660456818895,2,2,56720,473.517,1980
263660506942107,2,2,56720,473.517,1980
263660558152082,74,36,56720,445.994,1980
263660608261401,74,36,56720,445.994,1980
263660658399129,74,36,56720,427.674,1980
263660709697493,74,36,56720,427.674,1980
263660759824983,81,40,56720,402.027,1980
263660809979240,81,40,56720,402.027,1980
263660860375901,81,40,56720,387.437,1980
263660910713552,81,40,56720,387.437,1980
263660961182422,98,48,56720,361.774,1980
263661011361135,98,48,56720,361.774,1980
263661061467361,98,48,56720,345.813,1980
263661111629558,98,48,56720,345.813,1980
263661161780026,100,50,56720,328.276,1980
263661211885742,100,50,56720,328.276,1980
263661261991309,100,50,56720,321.878,1980
263661312113053,100,50,56720,321.878,1980
263661362215608,98,50,56720,370.855,1980
263661412337080,98,50,56720,370.855,1980
263661462446065,98,50,56720,413.269,1980
263661512559591,98,50,56720,413.269,1980
263661562667352,91,48,56720,435.507,1980
263661612769052,91,48,56720,435.507,1980
263661662869943,91,48,56720,461.73,1980
263661712970299,91,48,56720,461.73,1980
263661763073693,97,53,56720,483.328,1980
263661813179611,97,53,56720,483.328,1980
263661863286484,97,53,56720,503.389,1980
263661913390678,97,53,56720,503.389,1980
263661963490891,99,55,56720,519.628,1980
263662013593462,99,55,56720,519.628,1980
263662064656622,99,55,56720,544.093,1980
263662114762359,99,55,56720,544.093,1980
263662164875206,96,54,56720,560.209,1980
263662215315266,96,54,56720,560.209,1980
263662265419260,96,54,56720,581.327,1980
263662315527203,96,54,56720,581.327,1980
263662365627769,96,55,56720,574.74,1980
263662415732222,96,55,56720,574.74,1980
263662465833491,96,55,56720,572.472,1980
263662515939136,96,55,56720,572.472,1980
263662567187834,29,29,56720,548.122,1980
263662617796474,29,29,56720,548.122,1980
263662668642678,29,29,56720,503.374,1980
263662718758892,29,29,56720,503.374,1980
263662769440239,26,12,56720,465.497,1980
263662819575719,26,12,56720,465.497,1980
263662870451479,26,12,56720,440.677,1980
263662921668334,26,12,56720,440.677,1980
263662971810211,74,36,56720,418.404,1980
263663021923266,74,36,56720,418.404,1980
263663072105654,74,36,56720,396.747,1980
263663122250530,74,36,56720,396.747,1980
263663173064564,91,44,56720,377.351,1980
263663223793055,91,44,56720,377.351,1980
263663274219543,91,44,56720,363.267,1980
263663324510830,91,44,56720,363.267,1980
263663374618233,100,50,56720,342.28,1980
263663424776310,100,50,56720,342.28,1980
263663475399625,100,50,56720,316.303,1980
263663525520110,100,50,56720,316.303,1980
263663575652603,74,37,56720,326.833,1980
263663625765222,74,37,56720,326.833,1980
263663675877929,74,37,56720,373.227,1980
263663725985850,74,37,56720,373.227,1980
263663776090200,98,50,56720,424.138,1980
263663826193595,98,50,56720,424.138,1980
263663876298507,98,50,56720,444.957,1980
263663926418234,98,50,56720,444.957,1980
263663976522403,96,51,56720,461.657,1980
263664026624578,96,51,56720,461.657,1980
263664076724321,96,51,56720,481.16,1980
263664126824374,96,51,56720,481.16,1980
263664176936796,99,55,56720,509.719,1980
263664227041968,99,55,56720,509.719,1980
263664277145489,99,55,56720,527.924,1980
263664327255242,99,55,56720,527.924,1980
263664377362052,96,54,56720,550.021,1980
263664427478834,96,54,56720,550.021,1980
263664477581333,96,54,56720,565.746,1980
263664527681500,96,54,56720,565.746,1980
263664577783710,97,53,56720,584.693,1980
263664627887930,97,53,56720,584.693,1980
263664677999821,97,53,56720,574.972,1980
263664739443125,97,53,56720,574.972,1980
263664789542869,96,54,56720,573.347,1980
263664840239054,96,54,56720,573.347,1980
263664891230554,96,54,56720,552.262,1980
263664942205784,96,54,56720,552.262,1980
263664993158224,2,2,56720,516.513,1980
263665043291249,2,2,56720,516.513,1980
263665093401300,2,2,56720,479.526,1980
263665145032530,2,2,56720,479.526,1980
263665195146260,74,36,56720,457.462,1980
263665245258914,74,36,56720,457.462,1980
263665295391595,74,36,56720,431.254,1980
263665345551341,74,36,56720,431.254,1980
263665396216102,85,41,56720,409.282,1980
263665446362046,85,41,56720,409.282,1980
263665496874806,85,41,56720,389.63,1980
263665546984251,85,41,56720,389.63,1980
263665597456253,99,49,56720,373.345,1980
263665647563749,99,49,56720,373.345,1980
263665697665805,99,49,56720,347.075,1980
263665747770863,99,49,56720,347.075,1980
263665797875855,100,50,56720,315.185,1980
263665847981563,100,50,56720,315.185,1980
263665898096296,100,50,56720,332.7,1980
263665948197650,100,50,56720,332.7,1980
263665998316863,98,50,56720,382.297,1980
263666048422971,98,50,56720,382.297,1980
263666098523950,98,50,56720,422.747,1980
263666148697331,98,50,56720,422.747,1980
263666198880377,91,48,56720,445.296,1980
263666249010362,91,48,56720,445.296,1980
263666299129300,91,48,56720,467.571,1980
263666349236968,91,48,56720,467.571,1980
263666399341315,96,54,56720,488.959,1980
263666449448125,96,54,56720,488.959,1980
263666499563860,96,54,56720,505.082,1980
263666549667195,96,54,56720,505.082,1980
263666599771410,97,52,56720,522.473,1980
263666649874099,97,52,56720,522.473,1980
263666699980970,97,52,56720,552.213,1980
263666750322998,97,52,56720,552.213,1980
263666800435116,96,55,56720,576.29,1980
263666850538808,96,55,56720,576.29,1980
263666900640342,96,55,56720,576.14,1980
263666950745043,96,55,56720,576.14,1980
263667000848419,96,54,56720,570.771,1980
263667051743454,96,54,56720,570.771,1980
263667102517757,96,54,56720,542.83,1980
263667154134399,96,54,56720,542.83,1980
263667204887774,2,2,56720,508.706,1980
263667255920119,2,2,56720,508.706,1980
263667306160540,2,2,56720,460.725,1980
263667357690206,2,2,56720,460.725,1980
263667408982254,73,35,56720,437.262,1980
263667459182470,73,35,56720,437.262,1980
263667510225091,73,35,56720,418.706,1980
263667560346200,81,40,56720,399.814,1980
263667610468804,81,40,56720,399.814,1980
263667661184811,81,40,56720,381.893,1980
263667711782802,81,40,56720,381.893,1980
263667762306404,99,48,56720,360.571,1980
263667812465620,99,48,56720,360.571,1980
263667862574870,99,48,56720,342.455,1980
263667912744433,99,48,56720,342.455,1980
263667962855279,100,50,56720,322.622,1980
263668012973985,100,50,56720,322.622,1980
263668063091075,100,50,56720,328.701,1980
263668113193823,100,50,56720,328.701,1980
263668163300267,98,49,56720,366.994,1980
263668213406206,98,49,56720,366.994,1980
263668263523283,98,49,56720,419.52,1980
263668313629667,98,49,56720,419.52,1980
263668363736121,89,48,56720,443.207,1980
263668413837683,89,48,56720,443.207,1980
263668463940835,89,48,56720,463.76,1980
263668514045205,89,48,56720,463.76,1980
263668564148139,97,55,56720,481.358,1980
263668614247213,97,55,56720,481.358,1980
263668664349491,97,55,56720,500.263,1980
263668714458331,97,55,56720,500.263,1980
263668764555174,96,53,56720,519.752,1980
263668814657878,96,53,56720,519.752,1980
263668864758983,96,53,56720,535.581,1980
263668914865192,96,53,56720,535.581,1980
263668964971738,96,54,56720,554.476,1980
263669015072290,96,54,56720,554.476,1980
263669065176955,96,54,56720,570.924,1980
263669115285333,96,54,56720,570.924,1980
263669165384873,96,54,56720,564.145,1980
263669215484785,96,54,56720,564.145,1980
263669265584064,96,54,56720,555.632,1980
263669316539136,96,54,56720,555.632,1980
263669367457498,29,28,56720,521.156,1980
263669418130577,29,28,56720,521.156,1980
263669469226752,29,28,56720,482.78,1980
263669519864376,29,28,56720,482.78,1980
263669571541067,30,14,56720,451.287,1980
263669622152141,30,14,56720,451.287,1980
263669672293362,30,14,56720,432.211,1980
263669723362167,30,14,56720,432.211,1980
263669774025401,76,38,56720,409.828,1980
263669825184676,76,38,56720,409.828,1980
263669875784253,76,38,56720,392.324,1980
263669926199781,76,38,56720,392.324,1980
263669976663164,89,43,56720,379.757,1980
263670026806608,89,43,56720,379.757,1980
263670076970428,89,43,56720,361.646,1980
263670127727537,89,43,56720,361.646,1980
263670178191173,100,49,56720,343.852,1980
263670228344452,100,49,56720,343.852,1980
263670281600981,100,49,56720,320.718,1980
263670331711751,100,49,56720,320.718,1980
263670381821685,75,39,56720,344.159,1980
263670431969152,75,39,56720,344.159,1980
263670482070666,75,39,56720,384.008,1980
263670532183886,75,39,56720,384.008,1980
263670582304718,99,51,56720,426.984,1980
263670632407027,99,51,56720,426.984,1980
263670682515419,99,51,56720,450.437,1980
263670732622921,99,51,56720,450.437,1980
263670782725350,96,53,56720,472.683,1980
263670832830219,96,53,56720,472.683,1980
263670882929646,96,53,56720,495.187,1980
263670933039524,96,53,56720,495.187,1980
263670983139203,96,55,56720,518.442,1980
263671033239525,96,55,56720,518.442,1980
263671083340667,96,55,56720,537.269,1980
263671133464033,96,55,56720,537.269,1980
263671183565157,97,54,56720,559.262,1980
263671233666059,97,54,56720,559.262,1980
263671283769940,97,54,56720,580.176,1980
263671333872218,97,54,56720,580.176,1980
263671384846062,96,55,56720,592.969,1980
263671434948716,96,55,56720,592.969,1980
263671485047041,96,55,56720,587.011,1980
263671535157393,96,55,56720,587.011,1980
263671585270722,97,54,56720,581.283,1980
263671635372658,97,54,56720,581.283,1980
263671685723021,97,54,56720,582.074,1980
263671736535690,97,54,56720,582.074,1980
263671787584045,18,18,56720,542.304,1980
263671838552309,18,18,56720,542.304,1980
263671895854404,18,18,56720,505.975,1980
263671947213686,18,18,56720,505.975,1980
263671997367255,40,19,56720,466.599,1980
263672047513452,40,19,56720,466.599,1980
263672097892886,40,19,56720,444.248,1980
263672149247536,40,19,56720,444.248,1980
263672199360676,78,38,56720,422.807,1980
263672249513672,78,38,56720,422.807,1980
263672299632680,78,38,56720,400.552,1980
263672349788530,78,38,56720,400.552,1980
263672399903429,100,49,56720,377.805,1980
263672450354366,100,49,56720,377.805,1980
263672500532156,100,49,56720,355.459,1980
263672550806757,100,49,56720,355.459,1980
263672600913663,100,50,56720,338.16,1980
263672651024183,100,50,56720,338.16,1980
263672701129291,100,50,56720,311.659,1980
263672751239385,100,50,56720,311.659,1980
263672801357422,98,48,56720,345.418,1980
263672851460424,98,48,56720,345.418,1980
263672901564979,98,48,56720,397.58,1980
263672951667229,98,48,56720,397.58,1980
263673001768083,91,45,56720,436.236,1980
263673051872131,91,45,56720,436.236,1980
263673101973099,91,45,56720,459.871,1980
263673152073713,91,45,56720,459.871,1980
263673202183904,96,52,56720,478.574,1980
263673252284246,96,52,56720,478.574,1980
263673302384641,96,52,56720,497.32,1980
263673352485765,96,52,56720,497.32,1980
263673402585125,97,52,56720,516.568,1980
263673452714807,97,52,56720,516.568,1980
263673502815936,97,52,56720,537.251,1980
263673552913741,97,52,56720,537.251,1980
263673603101059,99,54,56720,565.235,1980
263673653197710,99,54,56720,565.235,1980
263673703306527,99,54,56720,587.144,1980
263673753404033,99,54,56720,587.144,1980
263673803501687,96,53,56720,585.646,1980
263673853601166,96,53,56720,585.646,1980
263673903697983,96,53,56720,581.766,1980
263673953794045,96,53,56720,581.766,1980
263674004678988,97,61,56720,577.156,1980
263674055606030,97,61,56720,577.156,1980
263674106607937,97,61,56720,537.035,1980
263674157661530,97,61,56720,537.035,1980
263674207794892,2,2,56720,502.104,1980
263674259428780,2,2,56720,502.104,1980
263674309574253,2,2,56720,464.859,1980
263674361010519,2,2,56720,464.859,1980
263674411138279,75,36,56720,442.836,1980
263674461934157,75,36,56720,442.836,1980
263674512959713,75,36,56720,423.08,1980
263674563181826,75,36,56720,423.08,1980
263674613809919,86,42,56720,402.198,1980
263674664600477,86,42,56720,381.508,1980
263674715250113,86,42,56720,381.508,1980
263674765519349,100,49,56720,361.158,1980
263674815635313,100,49,56720,361.158,1980
263674865751910,100,49,56720,333.523,1980
263674915856989,100,49,56720,333.523,1980
263674965984914,80,40,56720,312.268,1980
263675016096724,80,40,56720,312.268,1980
263675066208802,80,40,56720,354.766,1980
263675116322983,80,40,56720,354.766,1980
263675166433054,98,50,56720,396.493,1980
263675216538234,98,50,56720,396.493,1980
263675266666892,98,50,56720,432.869,1980
263675316772036,98,50,56720,432.869,1980
263675366886501,98,52,56720,456.507,1980
263675416989775,98,52,56720,456.507,1980
263675467092556,98,52,56720,478.617,1980
263675517194830,98,52,56720,478.617,1980
263675567296639,96,54,56720,497.746,1980
263675617397503,96,54,56720,497.746,1980
263675667502892,96,54,56720,518.422,1980
263675717602886,96,54,56720,518.422,1980
263675767703320,97,53,56720,538.955,1980
263675817805475,97,53,56720,538.955,1980
263675867906623,97,53,56720,556.616,1980
263675918014608,97,53,56720,556.616,1980
263675968116142,99,54,56720,590.832,1980
263676018215195,99,54,56720,590.832,1980
263676068320691,99,54,56720,584.75,1980
263676118424155,99,54,56720,584.75,1980
263676168527004,96,54,56720,577.688,1980
263676218628434,96,54,56720,577.688,1980
263676269273933,96,54,56720,566.246,1980
263676319973223,96,54,56720,566.246,1980
263676371065284,2,2,56720,525.593,1980
263676421683831,2,2,56720,525.593,1980
263676471797023,2,2,56720,482.971,1980
263676522283826,2,2,56720,482.971,1980
263676572430362,56,27,56720,455.465,1980
263676623414732,56,27,56720,455.465,1980
263676673880869,56,27,56720,435.157,1980
263676724106754,56,27,56720,435.157,1980
263676775369732,81,39,56720,415.422,1980
263676825882985,81,39,56720,415.422,1980
263676876588862,81,39,56720,390.837,1980
263676926691883,81,39,56720,390.837,1980
263676976823787,97,48,56720,369.402,1980
263677026955418,97,48,56720,369.402,1980
263677077083799,97,48,56720,353.6,1980
263677127551427,97,48,56720,353.6,1980
263677177809245,100,50,56720,328.885,1980
263677227934340,100,50,56720,328.885,1980
263677278067037,100,50,56720,315.055,1980
263677328180195,100,50,56720,315.055,1980
263677378286163,98,48,56720,365.477,1980
263677428394903,98,48,56720,365.477,1980
263677478500242,98,48,56720,414.567,1980
263677528615556,98,48,56720,414.567,1980
263677578724307,90,46,56720,438.986,1980
263677628844146,90,46,56720,438.986,1980
263677678950191,90,46,56720,461.867,1980
263677729047943,90,46,56720,461.867,1980
263677779149897,96,54,56720,479.918,1980
263677829260410,96,54,56720,479.918,1980
263677879361667,96,54,56720,502.335,1980
263677929465165,96,54,56720,502.335,1980
263677979593694,98,54,56720,514.932,1980
263678029700336,98,54,56720,514.932,1980
263678080172782,98,54,56720,537.251,1980
263678130274502,98,54,56720,537.251,1980
263678180374303,96,53,56720,564.777,1980
263678230481402,96,53,56720,564.777,1980
263678280584035,96,53,56720,587.828,1980
263678330709562,96,53,56720,587.828,1980
263678380814656,96,53,56720,580.996,1980
263678430918425,96,53,56720,580.996,1980
263678481825545,96,53,56720,565.871,1980
263678532894629,96,53,56720,565.871,1980
263678583778295,2,2,56720,524.176,1980
263678634823466,2,2,56720,524.176,1980
263678684947831,2,2,56720,482.622,1980
263678735307195,2,2,56720,482.622,1980
263678785418634,49,23,56720,456.515,1980
263678836160476,49,23,56720,456.515,1980
263678886336956,49,23,56720,436.764,1980
263678936517348,49,23,56720,436.764,1980
263678986664846,82,40,56720,418.639,1980
263679037743248,82,40,56720,418.639,1980
263679088379903,82,40,56720,396.894,1980
263679138523930,82,40,56720,396.894,1980
263679188626532,100,49,56720,380.943,1980
263679238745643,100,49,56720,380.943,1980
263679288855976,100,49,56720,352.396,1980
263679338988876,100,49,56720,352.396,1980
263679389535542,100,50,56720,331.124,1980
263679439654565,100,50,56720,331.124,1980
263679489767752,100,50,56720,322.624,1980
263679539872171,100,50,56720,322.624,1980
263679589974363,98,50,56720,371.096,1980
263679640074981,98,50,56720,371.096,1980
263679690191694,98,50,56720,416.173,1980
263679740298501,98,50,56720,416.173,1980
263679790409101,92,46,56720,445.441,1980
263679840512820,92,46,56720,445.441,1980
263679890620341,92,46,56720,472.458,1980
263679940722585,92,46,56720,472.458,1980
263679990827753,98,55,56720,491.561,1980
263680040930326,98,55,56720,491.561,1980
263680091053966,98,55,56720,511.252,1980
263680141159326,98,55,56720,511.252,1980
263680191263407,96,54,56720,534.622,1980
263680241364164,96,54,56720,534.622,1980
263680291465208,96,54,56720,552.233,1980
263680341565182,96,54,56720,552.233,1980
263680391665651,97,54,56720,570.062,1980
263680441768667,97,54,56720,570.062,1980
263680491868440,97,54,56720,586.894,1980
263680541967514,97,54,56720,586.894,1980
263680592085671,96,54,56720,580.112,1980
263680642192313,96,54,56720,580.112,1980
263680692289968,96,54,56720,576.978,1980
263680745543177,96,54,56720,576.978,1980
263680796402050,74,52,56720,558.445,1980
263680847384579,74,52,56720,558.445,1980
263680898485357,74,52,56720,511.257,1980
263680953890412,74,52,56720,511.257,1980
263681006059991,2,1,56720,467.263,1980
263681056175211,2,1,56720,467.263,1980
263681107542979,2,1,56720,444.47,1980
263681159121232,2,1,56720,444.47,1980
263681210254895,75,37,56720,425.124,1980
263681260363001,75,37,56720,425.124,1980
263681310465827,75,37,56720,403.981,1980
263681360623414,75,37,56720,403.981,1980
263681410846630,89,44,56720,382.309,1980
263681460949854,89,44,56720,382.309,1980
263681511561879,89,44,56720,366.687,1980
263681561900733,89,44,56720,366.687,1980
263681612051477,100,49,56720,346.677,1980
263681662249249,100,49,56720,346.677,1980
263681712787398,100,49,56720,325.176,1980
263681762897867,100,49,56720,325.176,1980
263681813004207,80,40,56720,321.641,1980
263681863109159,80,40,56720,321.641,1980
263681913211566,80,40,56720,361.673,1980
263681963320605,80,40,56720,361.673,1980
263682015835003,98,50,56720,413.127,1980
263682065939917,98,50,56720,413.127,1980
263682116042259,98,50,56720,441.497,1980
263682166143827,98,50,56720,441.497,1980
263682216243916,96,52,56720,458.922,1980
263682266343689,96,52,56720,458.922,1980
263682316444471,96,52,56720,483.875,1980
263682366546457,96,52,56720,483.875,1980
263682416647227,96,54,56720,503.408,1980
263682466747891,96,54,56720,503.408,1980
263682516864655,96,54,56720,528.154,1980
263682566965066,96,54,56720,528.154,1980
263682617070288,96,54,56720,550.632,1980
263682667172496,96,54,56720,550.632,1980
263682717275829,96,54,56720,566.405,1980
263682767385619,96,54,56720,566.405,1980
263682817488579,97,56,56720,585.774,1980
263682867588118,97,56,56720,585.774,1980
263682917692136,97,56,56720,581.801,1980
263682967791221,97,56,56720,581.801,1980
263683017892313,96,54,56720,576.771,1980
263683069111113,96,54,56720,563.972,1980
263683120047104,96,54,56720,563.972,1980
263683170989898,2,2,56720,522.278,1980
263683221783798,2,2,56720,522.278,1980
263683273546899,2,2,56720,481.184,1980
263683323710550,2,2,56720,481.184,1980
263683373842823,66,31,56720,454.525,1980
263683425424370,66,31,56720,454.525,1980
263683475908545,66,31,56720,433.661,1980
263683526656586,66,31,56720,433.661,1980
263683577814454,80,39,56720,410.971,1980
263683628791255,80,39,56720,410.971,1980
263683679137837,80,39,56720,387.929,1980
263683729663710,80,39,56720,387.929,1980
263683780060296,99,49,56720,367.05,1980
263683830194078,99,49,56720,367.05,1980
263683880334216,99,49,56720,350.918,1980
263683930670667,99,49,56720,350.918,1980
263683980779034,100,50,56720,322.094,1980
263684030888981,100,50,56720,322.094,1980
263684080990427,100,50,56720,321.379,1980
263684131048429,100,50,56720,321.379,1980
263684181149393,98,49,56720,371.37,1980
263684231251059,98,49,56720,371.37,1980
263684281371629,98,49,56720,411.62,1980
263684331519473,98,49,56720,411.62,1980
263684381654481,91,45,56720,439.693,1980
263684431766980,91,45,56720,439.693,1980
263684481890617,91,45,56720,461.548,1980
263684532005564,91,45,56720,461.548,1980
263684582118624,98,54,56720,484.209,1980
263684632227945,98,54,56720,484.209,1980
263684682335481,98,54,56720,504.414,1980
263684732442247,98,54,56720,504.414,1980
263684782547632,96,54,56720,525.985,1980
263684832658097,96,54,56720,525.985,1980
263684882770039,96,54,56720,543.323,1980
263684932874598,96,54,56720,543.323,1980
263684982976159,96,55,56720,568.043,1980
263685033043530,96,55,56720,568.043,1980
263685083164021,96,55,56720,589.501,1980
263685133272677,96,55,56720,589.501,1980
263685183375539,96,54,56720,583.245,1980
263685233479237,96,54,56720,583.245,1980
263685283581880,96,54,56720,578.954,1980
263685333685580,96,54,56720,578.954,1980
263685384551499,92,62,56720,570.654,1980
263685435216460,92,62,56720,570.654,1980
263685486058505,92,62,56720,530.819,1980
263685536799197,92,62,56720,530.819,1980
263685586929849,2,2,56720,487.626,1980
263685637290203,2,2,56720,487.626,1980
263685687421983,2,2,56720,460.754,1980
263685739109426,2,2,56720,460.754,1980
263685789263526,75,36,56720,440.138,1980
263685839711779,75,36,56720,440.138,1980
263685889830997,75,36,56720,415.847,1980
263685940016995,75,36,56720,415.847,1980
263685990154978,95,47,56720,397.571,1980
263686040301480,95,47,56720,397.571,1980
263686090406668,95,47,56720,374.858,1980
263686140556806,95,47,56720,374.858,1980
263686190887250,100,50,56720,351.618,1980
263686241340089,100,50,56720,351.618,1980
263686291460920,100,50,56720,331.634,1980
263686341571335,100,50,56720,331.634,1980
263686391679756,79,39,56720,318.799,1980
263686441790035,79,39,56720,318.799,1980
263686491891905,79,39,56720,367.402,1980
263686541995377,79,39,56720,367.402,1980
263686592100745,98,48,56720,414.604,1980
263686642206573,98,48,56720,414.604,1980
263686692308188,98,48,56720,442.169,1980
263686742407851,98,48,56720,442.169,1980
263686792507587,96,51,56720,463.693,1980
263686842610084,96,51,56720,463.693,1980
263686892709812,96,51,56720,483.474,1980
263686942831724,96,51,56720,483.474,1980
263686992936174,97,52,56720,502.1,1980
263687043040440,97,52,56720,502.1,1980
263687093153268,97,52,56720,518.109,1980
263687143254888,97,52,56720,518.109,1980
263687193359730,99,54,56720,538.072,1980
263687243459387,99,54,56720,538.072,1980
263687293604731,99,54,56720,562.68,1980
263687343711021,99,54,56720,562.68,1980
263687393811930,96,53,56720,576.968,1980
263687443958703,96,53,56720,576.968,1980
263687494083327,96,53,56720,574.527,1980
263687544191408,96,53,56720,574.527,1980
263687595051931,69,49,56720,552.864,1980
263687645955211,69,49,56720,552.864,1980
263687696875140,69,49,56720,508.867,1980
263687748503134,69,49,56720,508.867,1980
263687800167767,2,1,56720,470.913,1980
263687850319157,2,1,56720,470.913,1980
263687901932222,2,1,56720,450.577,1980
263687952075571,2,1,56720,450.577,1980
263688002230918,74,36,56720,430.004,1980
263688052354513,74,36,56720,430.004,1980
263688102517331,74,36,56720,407.014,1980
263688152643799,74,36,56720,407.014,1980
263688202756739,95,47,56720,388.853,1980
263688252876138,95,47,56720,388.853,1980
263688303243430,95,47,56720,373.831,1980
263688353688103,95,47,56720,373.831,1980
263688403916594,100,50,56720,348.821,1980
263688454124869,100,50,56720,348.821,1980
263688504248256,100,50,56720,322.496,1980
263688554367811,100,50,56720,322.496,1980
263688604471028,75,37,56720,322.685,1980
263688654579275,75,37,56720,322.685,1980
263688704681368,75,37,56720,368.705,1980
263688754788703,75,37,56720,368.705,1980
263688804892151,98,48,56720,408.224,1980
263688855005847,98,48,56720,408.224,1980
263688905106935,98,48,56720,433.382,1980
263688955210609,98,48,56720,433.382,1980
263689005313097,97,49,56720,455.93,1980
263689055418666,97,49,56720,455.93,1980
263689105537045,97,49,56720,475.921,1980
263689155643805,97,49,56720,475.921,1980
263689205753073,99,54,56720,495.031,1980
263689255863320,99,54,56720,495.031,1980
263689305961967,99,54,56720,515.495,1980
263689356065744,99,54,56720,515.495,1980
263689406166161,96,53,56720,541.809,1980
263689456269368,96,53,56720,541.809,1980
263689506369813,96,53,56720,562.999,1980
263689556472558,96,53,56720,562.999,1980
263689606578279,96,55,56720,575.762,1980
263689656681745,96,55,56720,575.762,1980
263689706781231,96,55,56720,571.848,1980
263689756881433,96,55,56720,571.848,1980
263689806982570,96,53,56720,568.345,1980
263689857778024,96,53,56720,568.345,1980
263689908879560,96,53,56720,549.971,1980
263689959818668,96,53,56720,549.971,1980
263690010889384,2,2,56720,508.342,1980
263690062386867,2,2,56720,508.342,1980
263690112495948,2,2,56720,469.378,1980
263690164174536,2,2,56720,469.378,1980
263690216182060,72,35,56720,447.885,1980
263690267955300,72,35,56720,447.885,1980
263690318659472,72,35,56720,422.933,1980
263690368782256,72,35,56720,422.933,1980
263690418929444,77,38,56720,406.028,1980
263690469109896,77,38,56720,406.028,1980
263690519256678,77,38,56720,387.435,1980
263690569391475,77,38,56720,387.435,1980
263690619778687,89,43,56720,366.652,1980
263690669905142,89,43,56720,366.652,1980
263690720038554,89,43,56720,353.218,1980
263690770537508,89,43,56720,353.218,1980
263690827362684,100,50,56720,328.434,1980
263690877488346,100,50,56720,322.628,1980
263690927612573,100,50,56720,322.628,1980
263690977727231,98,50,56720,378.728,1980
263691027836448,98,50,56720,378.728,1980
263691077939176,98,50,56720,418.265,1980
263691128046279,98,50,56720,418.265,1980
263691178153814,90,45,56720,440.885,1980
263691228259221,90,45,56720,440.885,1980
263691278363651,90,45,56720,464.362,1980
263691328471094,90,45,56720,464.362,1980
263691378579303,98,54,56720,488.147,1980
263691428685863,98,54,56720,488.147,1980
263691478786365,98,54,56720,504.052,1980
263691528891153,98,54,56720,504.052,1980
263691578990505,96,54,56720,521.05,1980
263691629093630,96,54,56720,521.05,1980
263691679199744,96,54,56720,543.586,1980
263691729300427,96,54,56720,543.586,1980
263691779401028,96,55,56720,561.319,1980
263691829498321,96,55,56720,561.319,1980
263691879598038,96,55,56720,589.211,1980
263691929695464,96,55,56720,589.211,1980
263691979799745,96,54,56720,584.39,1980
263692029896587,96,54,56720,584.39,1980
263692080897195,96,54,56720,580.22,1980
263692131008560,96,54,56720,580.22,1980
263692181738748,75,53,56720,566.454,1980
263692232557476,75,53,56720,566.454,1980
263692283179589,75,53,56720,524.6,1980
263692333945037,75,53,56720,524.6,1980
263692384134111,2,1,56720,482.092,1980
263692439142849,2,1,56720,482.092,1980
263692490746183,2,1,56720,456.177,1980
263692541918446,2,1,56720,456.177,1980
263692592083952,75,37,56720,434.989,1980
263692642312389,75,37,56720,434.989,1980
263692692420228,75,37,56720,416.465,1980
263692742524345,75,37,56720,416.465,1980
263692793191492,93,46,56720,396.921,1980
263692843316755,93,46,56720,396.921,1980
263692893511008,93,46,56720,374.412,1980
263692944050812,93,46,56720,374.412,1980
263692994154778,100,50,56720,346.038,1980
263693044254420,100,50,56720,346.038,1980
263693099851296,100,50,56720,329.432,1980
263693152438955,100,50,56720,329.432,1980
263693202626921,67,33,56720,316.833,1980
263693252743045,67,33,56720,316.833,1980
263693302866532,67,33,56720,366.857,1980
263693352971822,67,33,56720,366.857,1980
263693403082734,98,49,56720,415.164,1980
263693453194565,98,49,56720,415.164,1980
263693503311060,98,49,56720,437.05,1980
263693553418367,98,49,56720,437.05,1980
263693603524328,97,51,56720,463.573,1980
263693653640083,97,51,56720,463.573,1980
263693703747877,97,51,56720,484.739,1980
263693753854298,97,51,56720,484.739,1980
263693803953961,98,55,56720,502.117,1980
263693854058613,98,55,56720,502.117,1980
263693904163429,98,55,56720,525.815,1980
263693954268689,98,55,56720,525.815,1980
263694004369550,96,54,56720,547.81,1980
263694054472087,96,54,56720,547.81,1980
263694104573426,96,54,56720,564.749,1980
263694154678685,96,54,56720,564.749,1980
263694204780007,96,52,56720,590.214,1980
263694254887940,96,52,56720,590.214,1980
263694304996705,96,52,56720,580.95,1980
263694355110977,96,52,56720,580.95,1980
263694406673161,96,57,56720,574.054,1980
263694457408632,96,57,56720,574.054,1980
263694508339057,96,57,56720,533.691,1980
263694559452824,96,57,56720,533.691,1980
263694609564271,2,2,56720,496.996,1980
263694660294065,2,2,56720,496.996,1980
263694710446637,2,2,56720,464.223,1980
263694761622208,2,2,56720,464.223,1980
263694815793135,74,36,56720,439.209,1980
263694866559252,74,36,56720,439.209,1980
263694916665190,74,36,56720,417.302,1980
263694967014608,74,36,56720,417.302,1980
263695017165660,90,44,56720,396.826,1980
263695067328958,90,44,56720,396.826,1980
263695117447988,90,44,56720,374.192,1980
263695167575235,90,44,56720,374.192,1980
263695217678375,100,50,56720,353.342,1980
263695267822512,100,50,56720,353.342,1980
263695320787053,100,50,56720,330.698,1980
263695370899134,100,50,56720,330.698,1980
263695421008574,83,42,56720,315.792,1980
263695471111055,83,42,56720,315.792,1980
263695521236167,83,42,56720,350.107,1980
263695571340826,83,42,56720,350.107,1980
263695621448327,98,53,56720,400.926,1980
263695671553499,98,53,56720,400.926,1980
263695721661048,98,53,56720,435.353,1980
263695771762871,98,53,56720,435.353,1980
263695821868627,97,51,56720,459.649,1980
263695871993894,97,51,56720,459.649,1980
263695922113846,97,51,56720,478.383,1980
263695972239909,97,51,56720,478.383,1980
263696022341017,96,56,56720,495.247,1980
263696072448305,96,56,56720,495.247,1980
263696122557093,96,56,56720,520.47,1980
263696172658305,96,56,56720,520.47,1980
263696222761953,96,56,56720,539.469,1980
263696272862110,96,56,56720,539.469,1980
263696322967405,96,56,56720,567.532,1980
263696373069051,96,56,56720,567.532,1980
263696423169052,96,56,56720,581.17,1980
263696473270927,96,56,56720,581.17,1980
263696523374957,96,56,56720,574.826,1980
263696573477186,96,56,56720,574.826,1980
263696624238869,94,63,56720,562.431,1980
263696675013386,94,63,56720,520.362,1980
263696725766882,94,63,56720,520.362,1980
263696778976502,2,2,56720,475.895,1980
263696829083521,2,2,56720,475.895,1980
263696880549149,2,2,56720,451.369,1980
263696930657180,2,2,56720,451.369,1980
263696982097207,74,36,56720,428.714,1980
263697033311419,74,36,56720,428.714,1980
263697084509431,74,36,56720,405.267,1980
263697135987671,74,36,56720,405.267,1980
263697186996422,86,42,56720,385.542,1980
263697237136316,86,42,56720,385.542,1980
263697287246174,86,42,56720,367.833,1980
263697337429457,86,42,56720,367.833,1980
263697388052005,100,49,56720,348.997,1980
263697438570726,100,49,56720,348.997,1980
263697488745476,100,49,56720,331.079,1980
263697538857790,100,49,56720,331.079,1980
263697588970702,80,40,56720,308.669,1980
263697639051789,80,40,56720,308.669,1980
263697689164613,80,40,56720,355.276,1980
263697739271455,80,40,56720,355.276,1980
263697789432090,98,51,56720,399.287,1980
263697839558711,98,51,56720,399.287,1980
263697889662736,98,51,56720,436.858,1980
263697939801810,98,51,56720,436.858,1980
263697989914290,90,48,56720,461.531,1980
263698040048584,90,48,56720,461.531,1980
263698090167267,90,48,56720,485.281,1980
263698140298023,90,48,56720,485.281,1980
263698190433807,96,52,56720,501.717,1980
263698240636797,96,52,56720,501.717,1980
263698290805955,96,52,56720,520.91,1980
263698340982766,96,52,56720,520.91,1980
263698391172849,98,55,56720,548.389,1980
263698441337285,98,55,56720,548.389,1980
263698491494671,98,55,56720,565.42,1980
263698541655391,98,55,56720,565.42,1980
263698591812711,95,54,56720,592.164,1980
263698641935924,95,54,56720,592.164,1980
263698692044286,95,54,56720,591.871,1980
263698742144795,95,54,56720,591.871,1980
263698792247154,98,57,56720,583.085,1980
263698842348279,98,57,56720,583.085,1980
263698892479836,98,57,56720,579.433,1980
263698943128822,98,57,56720,579.433,1980
263698993758549,53,41,56720,556.367,1980
263699044883845,53,41,56720,556.367,1980
263699095833366,53,41,56720,510.764,1980
263699145974275,53,41,56720,510.764,1980
263699197859578,10,6,56720,473.714,1980
263699247988745,10,6,56720,473.714,1980
263699298186703,10,6,56720,450.543,1980
263699349417490,10,6,56720,450.543,1980
263699399535262,72,35,56720,428.425,1980
263699449711761,72,35,56720,428.425,1980
263699499860089,72,35,56720,404.187,1980
263699550378054,72,35,56720,404.187,1980
263699601068728,91,45,56720,382.367,1980
263699651208657,91,45,56720,382.367,1980
263699701410102,91,45,56720,362.127,1980
263699751916323,91,45,56720,362.127,1980
263699802415217,100,50,56720,340.062,1980
263699852646709,100,50,56720,340.062,1980
263699902767734,100,50,56720,319.695,1980
263699952876156,100,50,56720,319.695,1980
263700002980016,80,39,56720,328.782,1980
263700053082417,80,39,56720,328.782,1980
263700103185317,80,39,56720,374.612,1980
263700153289427,80,39,56720,374.612,1980
263700203393955,98,48,56720,424.564,1980
263700253495547,98,48,56720,424.564,1980
263700303606452,98,48,56720,443.594,1980
263700353723498,98,48,56720,443.594,1980
263700403823529,96,52,56720,466.435,1980
263700453921716,96,52,56720,466.435,1980
263700504039765,96,52,56720,486.531,1980
263700554141059,96,52,56720,486.531,1980
263700604241821,97,52,56720,507.535,1980
263700654338918,97,52,56720,507.535,1980
263700704444899,97,52,56720,529.296,1980
263700754543173,97,52,56720,529.296,1980
263700804643858,99,54,56720,547.583,1980
263700854740344,99,54,56720,547.583,1980
263700904840400,99,54,56720,572.776,1980
263700954978538,99,54,56720,572.776,1980
263701005144312,96,54,56720,584.887,1980
263701055269617,96,54,56720,584.887,1980
263701105392791,96,54,56720,575.194,1980
263701155506649,96,54,56720,575.194,1980
263701206477172,79,55,56720,556.571,1980
263701257189095,79,55,56720,556.571,1980
263701308350654,79,55,56720,513.863,1980
263701360983076,79,55,56720,513.863,1980
263701412453267,2,2,56720,474.767,1980
263701462619644,2,2,56720,474.767,1980
263701513905085,2,2,56720,449.662,1980
263701565144234,2,2,56720,449.662,1980
263701615312763,75,37,56720,432.183,1980
263701666504214,75,37,56720,432.183,1980
263701716652569,75,37,56720,408.808,1980
263701766791145,75,37,56720,408.808,1980
263701817399335,91,45,56720,385.085,1980
263701867583928,91,45,56720,385.085,1980
263701917731072,91,45,56720,363.998,1980
263701967835495,91,45,56720,363.998,1980
263702017962963,100,50,56720,342.781,1980
263702068623087,100,50,56720,342.781,1980
263702118734145,100,50,56720,328.16,1980
263702168849361,100,50,56720,328.16,1980
263702218960450,81,41,56720,323.792,1980
263702269066024,81,41,56720,323.792,1980
263702319168603,81,41,56720,366.496,1980
263702369290663,81,41,56720,366.496,1980
263702419394215,98,49,56720,422.467,1980
263702469517008,98,49,56720,422.467,1980
263702519622699,98,49,56720,446.653,1980
263702569729502,98,49,56720,446.653,1980
263702619831792,97,49,56720,470.864,1980
263702669937171,97,49,56720,470.864,1980
263702720041614,97,49,56720,494.039,1980
263702770147790,97,49,56720,494.039,1980
263702820261807,99,55,56720,514.755,1980
263702870367624,99,55,56720,514.755,1980
263702920470119,99,55,56720,536.666,1980
263702970577288,99,55,56720,536.666,1980
263703020678889,96,54,56720,559.879,1980
263703070805424,96,54,56720,559.879,1980
263703120908794,96,54,56720,579.535,1980
263703171014182,96,54,56720,579.535,1980
263703221114262,97,53,56720,585.825,1980
263703271235669,97,53,56720,585.825,1980
263703321336564,97,53,56720,578.081,1980
263703371436930,97,53,56720,578.081,1980
263703421540081,97,53,56720,572.713,1980
263703472543810,97,53,56720,572.713,1980
263703523365701,97,53,56720,538.823,1980
263703574319921,97,53,56720,538.823,1980
263703625755426,2,2,56720,499.473,1980
263703675897027,2,2,56720,499.473,1980
263703727503343,2,2,56720,467.053,1980
263703777625576,2,2,56720,467.053,1980
263703827790129,73,36,56720,440.796,1980
263703878312095,73,36,56720,440.796,1980
263703929659406,73,36,56720,420.545,1980
263703979977596,80,39,56720,401.986,1980
263704030104876,80,39,56720,401.986,1980
263704080657354,80,39,56720,384.764,1980
263704130789616,80,39,56720,384.764,1980
263704181337191,100,49,56720,359.694,1980
263704231659809,100,49,56720,359.694,1980
263704281766032,100,49,56720,336.145,1980
263704331868558,100,49,56720,336.145,1980
263704382502668,100,50,56720,313.973,1980
263704432613188,100,50,56720,313.973,1980
263704482717356,100,50,56720,336.341,1980
263704532824804,100,50,56720,336.341,1980
263704582943005,98,49,56720,392.143,1980
263704633047276,98,49,56720,392.143,1980
263704683167398,98,49,56720,426.712,1980
263704733273864,98,49,56720,426.712,1980
263704783374525,90,48,56720,448.358,1980
263704833474487,90,48,56720,448.358,1980
263704883575089,90,48,56720,468.734,1980
263704933680773,90,48,56720,468.734,1980
263704983789200,96,52,56720,488.529,1980
263705034877578,96,52,56720,488.529,1980
263705084982042,96,52,56720,505.746,1980
263705135091819,96,52,56720,505.746,1980
263705185197492,99,56,56720,521.492,1980
263705235300710,99,56,56720,521.492,1980
263705285415123,99,56,56720,540.373,1980
263705335526554,99,56,56720,540.373,1980
263705385627450,96,54,56720,562.815,1980
263705435744753,96,54,56720,562.815,1980
263705485850996,96,54,56720,567.649,1980
263705535953071,96,54,56720,567.649,1980
263705586060282,97,52,56720,557.977,1980
263705636160458,97,52,56720,557.977,1980
263705686262154,97,52,56720,545.603,1980
263705737258575,97,52,56720,545.603,1980
263705788284748,13,13,56720,503.901,1980
263705839345213,13,13,56720,503.901,1980
263705889530802,13,13,56720,464.391,1980
263705939676020,13,13,56720,464.391,1980
263705989829246,46,22,56720,442.838,1980
263706040993662,46,22,56720,442.838,1980
263706091176944,46,22,56720,422.165,1980
263706142290783,46,22,56720,422.165,1980
263706193162923,80,39,56720,402.314,1980
263706244232954,80,39,56720,402.314,1980
263706294375140,80,39,56720,388.709,1980
263706345283847,80,39,56720,388.709,1980
263706395445756,94,46,56720,373.197,1980
263706445628332,94,46,56720,373.197,1980
263706495774418,94,46,56720,352.283,1980
263706545882070,94,46,56720,352.283,1980
263706596037270,100,50,56720,334.655,1980
263706646163107,100,50,56720,334.655,1980
263706696272359,100,50,56720,320.548,1980
263706746377090,100,50,56720,320.548,1980
263706796479352,98,50,56720,370.372,1980
263706846593278,98,50,56720,370.372,1980
263706896698433,98,50,56720,417.054,1980
263706948855812,98,50,56720,417.054,1980
263706998989349,92,47,56720,442.314,1980
263707049111516,92,47,56720,442.314,1980
263707099224481,92,47,56720,459.794,1980
263707149344098,92,47,56720,459.794,1980
263707199459272,96,53,56720,483.042,1980
263707249572753,96,53,56720,483.042,1980
263707299683257,96,53,56720,501.447,1980
263707349792849,96,53,56720,501.447,1980
263707399901591,97,52,56720,525.909,1980
263707450017789,97,52,56720,525.909,1980
263707500127457,97,52,56720,548.182,1980
263707550236881,97,52,56720,548.182,1980
263707600342408,98,55,56720,569.207,1980
263707650449753,98,55,56720,569.207,1980
263707700565588,98,55,56720,589.412,1980
263707750682405,98,55,56720,589.412,1980
263707800790138,96,54,56720,584.696,1980
263707850892161,96,54,56720,584.696,1980
263707900997038,96,54,56720,580.485,1980
263707951103795,96,54,56720,580.485,1980
263708002184442,96,59,56720,574.068,1980
263708052964695,96,59,56720,574.068,1980
263708103561830,96,59,56720,535.873,1980
263708154683870,96,59,56720,535.873,1980
263708204844910,2,2,56720,494.617,1980
263708256316163,2,2,56720,494.617,1980
263708306463509,2,2,56720,469.714,1980
263708358680170,2,2,56720,469.714,1980
263708409904946,74,36,56720,440.149,1980
263708460083767,74,36,56720,440.149,1980
263708510237452,74,36,56720,422.251,1980
263708560722988,74,36,56720,422.251,1980
263708612064170,83,41,56720,401.3,1980
263708662740332,83,41,56720,401.3,1980
263708712922836,83,41,56720,379.033,1980
263708763031614,83,41,56720,379.033,1980
263708813136998,100,49,56720,358.635,1980
263708863307077,100,49,56720,358.635,1980
263708913746563,100,49,56720,331.031,1980
263708963867764,100,49,56720,331.031,1980
263709013976903,85,42,56720,312.869,1980
263709064042498,85,42,56720,312.869,1980
263709114149881,85,42,56720,360.865,1980
263709164254320,85,42,56720,360.865,1980
263709214363863,98,50,56720,409.057,1980
263709264482592,98,50,56720,409.057,1980
263709314587964,98,50,56720,436.454,1980
263709364686882,98,50,56720,436.454,1980
263709414785209,90,48,56720,455.752,1980
263709464885048,90,48,56720,455.752,1980
263709514987308,90,48,56720,475.369,1980
263709565118625,90,48,56720,475.369,1980
263709615234932,96,54,56720,496.905,1980
263709665345811,96,54,56720,496.905,1980
263709715449657,96,54,56720,514.44,1980
263709765555434,96,54,56720,514.44,1980
263709815660091,96,55,56720,534.873,1980
263709865772732,96,55,56720,534.873,1980
263709915873376,96,55,56720,554.621,1980
263709965979038,96,55,56720,554.621,1980
263710016046661,96,54,56720,586.205,1980
263710066151131,96,54,56720,586.205,1980
263710116264616,96,54,56720,583.431,1980
263710166376242,96,54,56720,583.431,1980
263710216477975,96,54,56720,578.105,1980
263710266586685,96,54,56720,578.105,1980
263710317766583,96,54,56732,563.402,1980
263710368823446,96,54,56732,563.402,1980
263710419530874,1,1,56732,521.526,1980
263710470200017,1,1,56732,521.526,1980
263710530528443,1,1,56732,481.912,1980
263710580650001,1,1,56732,481.912,1980
263710632143052,8,4,56732,446.3,1980
263710682299524,8,4,56732,417.094,1980
263710732410124,8,4,56732,417.094,1980
263710783823592,61,29,56732,394.776,1980
263710833936474,61,29,56732,394.776,1980
263710884130080,61,29,56732,366.183,1980
263710935074097,61,29,56732,366.183,1980
263710985247789,69,33,56732,340.94,1980
263711035415648,69,33,56732,340.94,1980
263711085564039,69,33,56732,307.592,1980
263711135683345,69,33,56732,307.592,1980
263711185822039,78,37,56732,280.391,1980
263711236315925,78,37,56732,280.391,1980
263711286440776,78,37,56732,265.896,1980
263711336619468,78,37,56732,265.896,1980
263711386760575,89,43,56732,282.085,1980
263711444320585,89,43,56732,282.085,1980
263711494434878,89,43,56732,301.09,1980
263711544541767,89,43,56732,301.09,1980
263711594682600,82,40,56732,342.944,1980
263711644830367,82,40,56732,342.944,1980
263711694947251,82,40,56732,372.49,1980
263711745056724,82,40,56732,372.49,1980
263711795181773,94,46,56732,396.636,1980
263711845292792,94,46,56732,396.636,1980
263711895426322,94,46,56732,414.328,1980
263711945557525,94,46,56732,414.328,1980
263711995659746,87,44,56732,442.1,1980
263712045765583,87,44,56732,442.1,1980
263712095874926,87,44,56732,461.564,1980
263712145990281,87,44,56732,461.564,1980
263712196123447,96,52,56732,485.837,1980
263712246242388,96,52,56732,485.837,1980
263712296347281,96,52,56732,510.962,1980
263712346454320,96,52,56732,510.962,1980
263712396558847,91,50,56732,536.276,1980
263712446688287,91,50,56732,536.276,1980
263712496795316,91,50,56732,557.592,1980
263712546897424,91,50,56732,557.592,1980
263712596998674,93,53,56732,555.095,1980
263712647108656,93,53,56732,555.095,1980
263712697216174,93,53,56732,545.921,1980
263712747344154,93,53,56732,545.921,1980
263712797452848,91,50,56732,547.391,1980
263712847555078,91,50,56732,547.391,1980
263712898377270,91,50,56732,529.104,1980
263712949282022,91,50,56732,529.104,1980
263713000042414,2,2,56732,488.788,1980
263713054060458,2,2,56732,488.788,1980
263713104262127,2,2,56732,453.611,1980
263713155556294,2,2,56732,453.611,1980
263713205666101,51,24,56732,426.235,1980
263713255778783,51,24,56732,426.235,1980
263713307387658,51,24,56732,401.388,1980
263713358261416,51,24,56732,401.388,1980
263713408371057,63,30,56732,379.591,1980
263713458538325,63,30,56732,379.591,1980
263713509109415,63,30,56732,357.674,1980
263713559294199,63,30,56732,357.674,1980
263713610724578,70,33,56732,334.123,1980
263713660895489,70,33,56732,334.123,1980
263713711019141,70,33,56732,310.051,1980
263713761682084,70,33,56732,310.051,1980
263713812155690,78,37,56732,289.5,1980
263713862388580,78,37,56732,289.5,1980
263713912496283,78,37,56732,278.881,1980
263713962653460,78,37,56732,278.881,1980
263714015490660,86,42,56732,297.917,1980
263714065599198,86,42,56732,297.917,1980
263714115725237,86,42,56732,321.56,1980
263714165838826,86,42,56732,321.56,1980
263714215951996,85,42,56732,351.871,1980
263714266058922,85,42,56732,351.871,1980
263714316171665,85,42,56732,379.325,1980
263714366276617,85,42,56732,379.325,1980
263714416385081,78,38,56732,397.077,1980
263714466496339,78,38,56732,397.077,1980
263714516602026,78,38,56732,423.557,1980
263714566703945,78,38,56732,423.557,1980
263714616808193,89,48,56732,448.396,1980
263714666910929,89,48,56732,448.396,1980
263714717045662,89,48,56732,469.138,1980
263714767152405,89,48,56732,469.138,1980
263714817263134,91,48,56732,488.496,1980
263714867380633,91,48,56732,488.496,1980
263714917490548,91,48,56732,514.278,1980
263714967602510,91,48,56732,514.278,1980
263715017709999,95,52,56732,535.092,1980
263715067811468,95,52,56732,535.092,1980
263715117912926,95,52,56732,554.779,1980
263715168026151,95,52,56732,554.779,1980
263715218140701,89,49,56732,548.387,1980
263715268250946,89,49,56732,548.387,1980
263715318348391,89,49,56732,545.316,1980
263721246063836,0,0,56732,138.418,1980
263725598436490,0,0,56732,137.74,1980
263725648552234,0,0,56732,137.74,1980
263725698657595,0,0,56732,137.709,1980
263725748766226,0,0,56732,137.709,1980
263725798871146,0,0,56732,137.558,1980
263725848991022,0,0,56732,137.558,1980
263725899092011,0,0,56732,137.548,1980
263725949188900,0,0,56732,137.548,1980
263725999291119,0,0,56732,137.61,1980
263726049391893,0,0,56732,137.61,1980
263726099493928,0,0,56732,137.734,1980
263726149670172,0,0,56732,137.734,1980
263726199789706,0,0,56732,137.575,1980
263726249946259,0,0,56732,137.575,1980
263726300654806,0,0,56732,137.528,1980
263726350757134,0,0,56732,137.528,1980
263726400860895,0,0,56732,137.546,1980
263726450962140,0,0,56732,137.546,1980
263726501068244,0,0,56732,137.697,1980
263726551168660,0,0,56732,137.697,1980
263726601268473,0,0,56732,137.624,1980
263726651370399,0,0,56732,137.624,1980
263726701868334,0,0,56732,137.491,1980
263726751969138,0,0,56732,137.491,1980
263726802081222,0,0,56732,137.495,1980
263726852182869,0,0,56732,137.495,1980
263726902436434,0,0,56732,137.545,1980
263726952536549,0,0,56732,137.545,1980
263727002807389,0,0,56732,137.626,1980
263727052910928,0,0,56732,137.626,1980
263727103020608,0,0,56732,137.431,1980
263727153120953,0,0,56732,137.431,1980
263727203225785,0,0,56732,137.374,1980
263727253693180,0,0,56732,137.374,1980
263727303800480,0,0,56732,137.404,1980
263727353902445,0,0,56732,137.404,1980
263727404005953,0,0,56732,137.506,1980
263727454108258,0,0,56732,137.506,1980
263727504210559,0,0,56732,137.41,1980
263727554311244,0,0,56732,137.41,1980
263727604414130,0,0,56732,137.312,1980
263727654779205,0,0,56732,137.312,1980
263727705331754,0,0,56732,137.294,1980
263727755510054,0,0,56732,137.294,1980
263727805756073,0,0,56732,137.348,1980
263727855866340,0,0,56732,137.348,1980
263727905966226,0,0,56732,137.432,1980
263727956053008,0,0,56732,137.432,1980
263728006218800,0,0,56732,137.275,1980
263728056320565,0,0,56732,137.275,1980
263728106428031,0,0,56732,137.244,1980
263728156534349,0,0,56732,137.244,1980
263728206637012,0,0,56732,137.227,1980
263728256740804,0,0,56732,137.227,1980
263728306988982,0,0,56732,137.333,1980
263728357610195,0,0,56732,137.333,1980
263728407713985,0,0,56732,137.274,1980
263728457962444,0,0,56732,137.274,1980
263728508443989,0,0,56732,137.162,1980
263728558546949,0,0,56732,137.162,1980
263728608650686,0,0,56732,137.151,1980
263728658754761,0,0,56732,137.151,1980
263728708858080,0,0,56732,137.218,1980
263728758962307,0,0,56732,137.218,1980
263728809129950,0,0,56732,137.318,1980
263728859233809,0,0,56732,137.318,1980
263728909337601,0,0,56732,137.177,1980
263728959478820,0,0,56732,137.177,1980
263729009584343,0,0,56732,137.109,1980
263729059693388,0,0,56732,137.109,1980
263729109897963,0,0,56732,137.1,1980
263729160547569,0,0,56732,137.1,1980
263729210652312,0,0,56732,137.258,1980
263729260754668,0,0,56732,137.258,1980
263729310855220,0,0,56732,137.223,1980
263729361280137,0,0,56732,137.223,1980
263729411382928,0,0,56732,137.107,1980
263729461488229,0,0,56732,137.107,1980
263729511595798,0,0,56732,137.084,1980
263729562170347,0,0,56732,137.084,1980
263729612273908,0,0,56732,137.159,1980
263729662375516,0,0,56732,137.159,1980
263729712481654,0,0,56732,137.268,1980
263729762819833,0,0,56732,137.268,1980
263729813120756,0,0,56732,137.123,1980
263729863222916,0,0,56732,137.123,1980
263729913852971,0,0,56732,137.033,1980
263729963953837,0,0,56732,137.033,1980
263730014283368,0,0,56732,137.056,1980
263730064385077,0,0,56732,137.056,1980
263730114491636,0,0,56732,137.171,1980
263730164596024,0,0,56732,137.171,1980
263730214696386,0,0,56732,137.144,1980
263730264800504,0,0,56732,137.144,1980
263730314902201,0,0,56732,136.999,1980
263730365151472,0,0,56732,136.999,1980
263730415520635,0,0,56732,136.962,1980
263730465625093,0,0,56732,136.962,1980
263730515949124,0,0,56732,137.014,1980
263730566052740,0,0,56732,137.014,1980
263730616153471,0,0,56732,137.125,1980
263730666257136,0,0,56732,137.125,1980
263730716356788,0,0,56732,136.954,1980
263730766458385,0,0,56732,136.954,1980
263730816563034,0,0,56732,136.899,1980
263730866663567,0,0,56732,136.899,1980
263730916850346,0,0,56732,136.919,1980
263730966955053,0,0,56732,136.919,1980
263731017384290,0,0,56732,137.044,1980
263731067491443,0,0,56732,137.044,1980
263731117593330,0,0,56732,137.034,1980
263731167699620,0,0,56732,137.034,1980
263731217809662,0,0,56732,136.901,1980
263731267912393,0,0,56732,136.901,1980
263731318016080,0,0,56732,136.908,1980
263731368121133,0,0,56732,136.908,1980
263731418222060,0,0,56732,136.957,1980
263731468327935,0,0,56732,136.957,1980
263731519556158,0,0,56732,137.101,1980
263731569672452,0,0,56732,137.101,1980
263731620272485,0,0,56732,136.908,1980
263731670374738,0,0,56732,136.908,1980
263731720477828,0,0,56732,136.871,1980
263731770581144,0,0,56732,136.871,1980
263731820683715,0,0,56732,136.866,1980
263731871096257,0,0,56732,136.866,1980
263731921630694,0,0,56732,136.997,1980
263731971731921,0,0,56732,136.997,1980
263732021832939,0,0,56732,136.973,1980
263732071934113,0,0,56732,136.973,1980
263732122037001,0,0,56732,136.822,1980
263732172139746,0,0,56732,136.822,1980
263732222242655,0,0,56732,136.811,1980
263732272342076,0,0,56732,136.811,1980
263732322442328,0,0,56732,136.855,1980
263732372542951,0,0,56732,136.855,1980
263732422646208,0,0,56732,136.953,1980
263732472745932,0,0,56732,136.953,1980
263732522847572,0,0,56732,136.75,1980
263732572946232,0,0,56732,136.75,1980
263732623051552,0,0,56732,136.758,1980
263732673150323,0,0,56732,136.758,1980
263732723251975,0,0,56732,136.765,1980
263732773352106,0,0,56732,136.765,1980
263732823786070,0,0,56732,136.916,1980
263732873985772,0,0,56732,136.916,1980
263732924052448,0,0,56732,136.827,1980
263732974191632,0,0,56732,136.827,1980
263733024292368,0,0,56732,136.698,1980
263733074438038,0,0,56732,136.698,1980
263733124538541,0,0,56732,136.694,1980
263733174640706,0,0,56732,136.694,1980
263733224742089,0,0,56732,136.749,1980
263733274949622,0,0,56732,136.749,1980
263733325067597,0,0,56732,136.849,1980
263733375197761,0,0,56732,136.849,1980
263733425298854,0,0,56732,136.68,1980
263733475425760,0,0,56732,136.68,1980
263733525526367,0,0,56732,136.658,1980
263733575627983,0,0,56732,136.658,1980
263733625964935,0,0,56732,136.688,1980
263733676087566,0,0,56732,136.688,1980
263733726187101,0,0,56732,136.805,1980
263733776291918,0,0,56732,136.805,1980
263733826394555,0,0,56732,136.727,1980
263733876496680,0,0,56732,136.727,1980
263733926597073,0,0,56732,136.586,1980
263733976697738,0,0,56732,136.586,1980
263734026800933,0,0,56732,136.601,1980
263734076902655,0,0,56732,136.601,1980
263734127007827,0,0,56732,136.667,1980
263734177111669,0,0,56732,136.667,1980
263734227213536,0,0,56732,136.711,1980
263734277435517,0,0,56732,136.711,1980
263734327919613,0,0,56732,136.556,1980
263734378497984,0,0,56732,136.556,1980
263734428846145,0,0,56732,136.528,1980
263734479276135,0,0,56732,136.528,1980
263734529589416,0,0,56732,136.527,1980
263734579691773,0,0,56732,136.527,1980
263734629796029,0,0,56732,136.632,1980
263734679895972,0,0,56732,136.632,1980
263734729999851,0,0,56732,136.514,1980
263734780105039,0,0,56732,136.514,1980
263734830211266,0,0,56732,136.402,1980
263734880315773,0,0,56732,136.402,1980
263734930418406,0,0,56732,136.411,1980
263734980521388,0,0,56732,136.411,1980
263735030624481,0,0,56732,136.516,1980
263735080727131,0,0,56732,136.516,1980
263735130826965,0,0,56732,136.524,1980
263735181062596,0,0,56732,136.524,1980
263735231169716,0,0,56732,136.39,1980
263735281271610,0,0,56732,136.39,1980
263735331432575,0,0,56732,136.352,1980
263735381536380,0,0,56732,136.352,1980
263735431636368,0,0,56732,136.387,1980
263735481823984,0,0,56732,136.387,1980
263735531928767,0,0,56732,136.507,1980
263735582031848,0,0,56732,136.507,1980
263735632136206,0,0,56732,136.374,1980
263735682237399,0,0,56732,136.374,1980
263735732339008,0,0,56732,136.321,1980
263735782439817,0,0,56732,136.321,1980
263735832545543,0,0,56732,136.363,1980
263735882647099,0,0,56732,136.363,1980
263735932746813,0,0,56732,136.496,1980
263735982849882,0,0,56732,136.496,1980
263736032948938,0,0,56732,136.445,1980
263736083052955,0,0,56732,136.445,1980
263736133279278,0,0,56732,136.31,1980
263736183382943,0,0,56732,136.31,1980
263736233484255,0,0,56732,136.298,1980
263736283582786,0,0,56732,136.298,1980
263736333681890,0,0,56732,136.423,1980
263736383778331,0,0,56732,136.423,1980
263736433930095,0,0,56732,136.475,1980
263736484470754,0,0,56732,136.475,1980
263736534568636,0,0,56732,136.288,1980
263736584668086,0,0,56732,136.288,1980
263736634824618,0,0,56732,136.222,1980
263736684925261,0,0,56732,136.222,1980
263736735024885,0,0,56732,136.297,1980
263736785123767,0,0,56732,136.297,1980
263736835220027,0,0,56732,136.421,1980
263736885345888,0,0,56732,136.421,1980
263736935460004,0,0,56732,136.285,1980
263736985562609,0,0,56732,136.285,1980
263737035668619,0,0,56732,136.159,1980
263737085779392,0,0,56732,136.159,1980
263737135881200,0,0,56732,136.197,1980
263737185989194,0,0,56732,136.197,1980
263737236094135,0,0,56732,136.357,1980
263737286199730,0,0,56732,136.357,1980
263737336600079,0,0,56732,136.327,1980
263737386714163,0,0,56732,136.327,1980
263737436817311,0,0,56732,136.197,1980
263737486921015,0,0,56732,136.197,1980
263737537032391,0,0,56732,136.19,1980
263737587137623,0,0,56732,136.19,1980
263737637244197,0,0,56732,136.331,1980
263737687347676,0,0,56732,136.331,1980
263737737534421,0,0,56732,136.341,1980
263737787929700,0,0,56732,136.341,1980
263737838038795,0,0,56732,136.166,1980
263737888144702,0,0,56732,136.166,1980
263737938276043,0,0,56732,136.153,1980
263737988382604,0,0,56732,136.153,1980
263738038490353,0,0,56732,136.235,1980
263738088797249,0,0,56732,136.235,1980
263738138903346,0,0,56732,136.371,1980
263738189010689,0,0,56732,136.371,1980
263738239336381,0,0,56732,136.234,1980
263738289438330,0,0,56732,136.234,1980
263738339544432,0,0,56732,136.136,1980
263738389646098,0,0,56732,136.136,1980
263738439747880,0,0,56732,136.138,1980
263738489922901,0,0,56732,136.138,1980
263738540030048,0,0,56732,136.285,1980
263738590153390,0,0,56732,136.285,1980
263738640276120,0,0,56732,136.195,1980
263738690395110,0,0,56732,136.195,1980
263738740511470,0,0,56732,136.067,1980
263738790630597,0,0,56732,136.067,1980
263738840745599,0,0,56732,136.076,1980
263738890850140,0,0,56732,136.076,1980
263738940954154,0,0,56732,136.218,1980
263738991059743,0,0,56732,136.218,1980
263739041224123,0,0,56732,136.225,1980
263739091776448,0,0,56732,136.056,1980
263739141913986,0,0,56732,136.056,1980
263739192031818,0,0,56732,135.991,1980
263739242144580,0,0,56732,135.991,1980
263739292252665,0,0,56732,136.073,1980
263739342360766,0,0,56732,136.073,1980
263739392646629,0,0,56732,136.2,1980
263739442753612,0,0,56732,136.2,1980
263739492871916,0,0,56732,136.034,1980
263739543197284,0,0,56732,136.034,1980
263739593302624,0,0,56732,135.948,1980
263739643405100,0,0,56732,135.948,1980
263739693689854,0,0,56732,136.004,1980
263739743795150,0,0,56732,136.004,1980
263739793901966,0,0,56732,136.176,1980
263739844007887,0,0,56732,136.176,1980
263739894322968,0,0,56732,136.104,1980
263739944427844,0,0,56732,136.104,1980
263739994532697,0,0,56732,135.958,1980
263740044971359,0,0,56732,135.958,1980
263740095080217,0,0,56732,135.983,1980
263740145182189,0,0,56732,135.983,1980
263740195283633,0,0,56732,136.102,1980
263740245390599,0,0,56732,136.102,1980
263740295490925,0,0,56732,136.103,1980
263740345694452,0,0,56732,136.103,1980
263740395796291,0,0,56732,135.938,1980
263740445896661,0,0,56732,135.938,1980
263740495996700,0,0,56732,135.925,1980
263740546231024,0,0,56732,135.925,1980
263740596330951,0,0,56732,135.995,1980
263740646435451,0,0,56732,135.995,1980
263740696695813,0,0,56732,136.115,1980
263740746800367,0,0,56732,136.115,1980
263740796901226,0,0,56732,135.937,1980
263740847009886,0,0,56732,135.937,1980
263740897319959,0,0,56732,135.87,1980
263740947423066,0,0,56732,135.87,1980
263740997528321,0,0,56732,135.905,1980
263741047870550,0,0,56732,135.905,1980
263741097972460,0,0,56732,136.044,1980
263741148076783,0,0,56732,136.044,1980
263741198208819,0,0,56732,136.005,1980
263741248310361,0,0,56732,136.005,1980
263741298416661,0,0,56732,135.859,1980
263741348525022,0,0,56732,135.859,1980
263741398625390,0,0,56732,135.865,1980
263741448729761,0,0,56732,135.865,1980
263741498830835,0,0,56732,135.974,1980
263741548933279,0,0,56732,135.974,1980
263741599036251,0,0,56732,135.986,1980
263741649137850,0,0,56732,135.986,1980
263741699587962,0,0,56732,135.834,1980
263741749814592,0,0,56732,135.834,1980
263741799916085,0,0,56732,135.796,1980
263741850024150,0,0,56732,135.796,1980
263741900126339,0,0,56732,135.863,1980
263741950384182,0,0,56732,135.863,1980
263742000660549,0,0,56732,135.976,1980
263742050761961,0,0,56732,135.976,1980
263742100889225,0,0,56732,135.803,1980
263742151070623,0,0,56732,135.803,1980
263742201171597,0,0,56732,135.746,1980
263742251273843,0,0,56732,135.746,1980
263742301373958,0,0,56732,135.773,1980
263742351473239,0,0,56732,135.773,1980
263742401578894,0,0,56732,135.909,1980
263742451680167,0,0,56732,135.909,1980
263742501962405,0,0,56732,135.865,1980
263742552065165,0,0,56732,135.865,1980
263742602379373,0,0,56732,135.724,1980
263742652640422,0,0,56732,135.724,1980
263742702859184,0,0,56732,135.712,1980
263742752961588,0,0,56732,135.712,1980
263742803279566,0,0,56732,135.813,1980
263742853381470,0,0,56732,135.813,1980
263742903488412,0,0,56732,135.881,1980
263742953590331,0,0,56732,135.881,1980
263743003693150,0,0,56732,135.748,1980
263743054029246,0,0,56732,135.748,1980
263743104333619,0,0,56732,135.74,1980
263743154435333,0,0,56732,135.74,1980
263743204539686,0,0,56732,135.802,1980
263743254645970,0,0,56732,135.802,1980
263743304748758,0,0,56732,135.939,1980
263743354859670,0,0,56732,135.939,1980
263743404963087,0,0,56732,135.82,1980
263743455320042,0,0,56732,135.82,1980
263743505684739,0,0,56732,135.73,1980
263743555792288,0,0,56732,135.73,1980
263743605893642,0,0,56732,135.755,1980
263743655997654,0,0,56732,135.755,1980
263743706129841,0,0,56732,135.949,1980
263743756462251,0,0,56732,135.949,1980
263743806569157,0,0,56732,135.93,1980
263743856798311,0,0,56732,135.93,1980
263743906899393,0,0,56732,135.748,1980
263743957025512,0,0,56732,135.748,1980
263744007127243,0,0,56732,135.742,1980
263744057229479,0,0,56732,135.742,1980
263744107643049,0,0,56732,135.857,1980
263744157748840,0,0,56732,135.857,1980
263744207851867,0,0,56732,135.915,1980
263744257957011,0,0,56732,135.915,1980
263744308061535,0,0,56732,135.736,1980
263744358162942,0,0,56732,135.736,1980
263744408363732,0,0,56732,135.694,1980
263744458750828,0,0,56732,135.694,1980
263744508853451,0,0,56732,135.795,1980
263744559053487,0,0,56732,135.795,1980
263744609154828,0,0,56732,135.927,1980
263744659254546,0,0,56732,135.927,1980
263744709666798,0,0,56732,135.764,1980
263744759767983,0,0,56732,135.764,1980
263744809870745,0,0,56732,135.638,1980
263744859971275,0,0,56732,135.638,1980
263744910201363,0,0,56732,135.709,1980
263744960366336,0,0,56732,135.709,1980
263745010466355,0,0,56732,135.846,1980
263745060570575,0,0,56732,135.846,1980
263745110681766,0,0,56732,135.71,1980
263745160779714,0,0,56732,135.71,1980
263745210885779,0,0,56732,135.591,1980
263745261231934,0,0,56732,135.591,1980
263745311434407,0,0,56732,135.619,1980
263745361531999,0,0,56732,135.619,1980
263745411636303,0,0,56732,135.748,1980
263745461734893,0,0,56732,135.748,1980
263745511840513,0,0,56732,135.709,1980
263745561941342,0,0,56732,135.709,1980
263745612141518,0,0,56732,135.54,1980
263745662238927,0,0,56732,135.54,1980
263745712343325,0,0,56732,135.547,1980
263745762444038,0,0,56732,135.547,1980
263745812676550,0,0,56732,135.649,1980
263745862781984,0,0,56732,135.649,1980
263745912882482,0,0,56732,135.724,1980
263745962995161,0,0,56732,135.724,1980
263746013102358,0,0,56732,135.553,1980
263746063285018,0,0,56732,135.553,1980
263746113386284,0,0,56732,135.507,1980
263746163490822,0,0,56732,135.507,1980
263746213593405,0,0,56732,135.584,1980
263746263696890,0,0,56732,135.584,1980
263746313796754,0,0,56732,135.705,1980
263746363897149,0,0,56732,135.705,1980
263746414097945,0,0,56732,135.576,1980
263746464203601,0,0,56732,135.576,1980
263746514530192,0,0,56732,135.506,1980
263746564632547,0,0,56732,135.506,1980
263746614733458,0,0,56732,135.529,1980
263746664836170,0,0,56732,135.529,1980
263746714938692,0,0,56732,135.7,1980
263746765042718,0,0,56732,135.7,1980
263746815145807,0,0,56732,135.652,1980
263746865249561,0,0,56732,135.652,1980
263746915411938,0,0,56732,135.519,1980
263746965521677,0,0,56732,135.519,1980
263747015625446,0,0,56732,135.535,1980
263747065733282,0,0,56732,135.535,1980
263747115837575,0,0,56732,135.677,1980
263747166148537,0,0,56732,135.677,1980
263747216252146,0,0,56732,135.71,1980
263747266354588,0,0,56732,135.71,1980
263747316457316,0,0,56732,135.557,1980
263747366557552,0,0,56732,135.557,1980
263747416663690,0,0,56732,135.519,1980
263747466765763,0,0,56732,135.519,1980
263747516928159,0,0,56732,135.606,1980
263747567034314,0,0,56732,135.606,1980
263747617139731,0,0,56732,135.719,1980
263747667244698,0,0,56732,135.719,1980
263747717350693,0,0,56732,135.55,1980
263747767518221,0,0,56732,135.55,1980
263747817747678,0,0,56732,135.475,1980
263747867848694,0,0,56732,135.475,1980
263747917950091,0,0,56732,135.522,1980
263747968155626,0,0,56732,135.522,1980
263748018257284,0,0,56732,135.658,1980
263748068357811,0,0,56732,135.658,1980
263748118462447,0,0,56732,135.537,1980
263748168563775,0,0,56732,135.537,1980
263748218674351,0,0,56732,135.436,1980
263748268777792,0,0,56732,135.436,1980
263748318881739,0,0,56732,135.432,1980
263748368982411,0,0,56732,135.432,1980
263748419087155,0,0,56732,135.6,1980
263748469322168,0,0,56732,135.6,1980
263748519426313,0,0,56732,135.559,1980
263748569709326,0,0,56732,135.559,1980
263748619812444,0,0,56732,135.413,1980
263748669915076,0,0,56732,135.413,1980
263748720018495,0,0,56732,135.409,1980
263748770271269,0,0,56732,135.409,1980
263748820371958,0,0,56732,135.562,1980
263748870473465,0,0,56732,135.562,1980
263748920875930,0,0,56732,135.613,1980
263748970980874,0,0,56732,135.613,1980
263749021082564,0,0,56732,135.442,1980
263749071182091,0,0,56732,135.442,1980
263749121318013,0,0,56732,135.382,1980
263749171573440,0,0,56732,135.382,1980
263749221676411,0,0,56732,135.49,1980
263749271776693,0,0,56732,135.49,1980
263749321904674,0,0,56732,135.577,1980
263749372013729,0,0,56732,135.577,1980
263749422114318,0,0,56732,135.412,1980
263749472216045,0,0,56732,135.412,1980
263749522316718,0,0,56732,135.346,1980
263749572428524,0,0,56732,135.346,1980
263749622530235,0,0,56732,135.429,1980
263749672633377,0,0,56732,135.429,1980
263749722734022,0,0,56732,135.577,1980
263749772836450,0,0,56732,135.577,1980
263749822936589,0,0,56732,135.414,1980
263749873043347,0,0,56732,135.414,1980
263749923144872,0,0,56732,135.3,1980
263749973244780,0,0,56732,135.3,1980
263750023345692,0,0,56732,135.347,1980
263750073645980,0,0,56732,135.347,1980
263750123746259,0,0,56732,135.515,1980
263750173848084,0,0,56732,135.515,1980
263750224030697,0,0,56732,135.447,1980
263750274131880,0,0,56732,135.447,1980
263750324232787,0,0,56732,135.29,1980
263750374335775,0,0,56732,135.29,1980
263750424436482,0,0,56732,135.334,1980
263750474762563,0,0,56732,135.334,1980
263750524866882,0,0,56732,135.509,1980
263750574969061,0,0,56732,135.509,1980
263750625071772,0,0,56732,135.458,1980
263750675172219,0,0,56732,135.458,1980
263750725276529,0,0,56732,135.289,1980
263750775381705,0,0,56732,135.289,1980
263750825489161,0,0,56732,135.291,1980
263750875600346,0,0,56732,135.291,1980
263750925716954,0,0,56732,135.428,1980
263750975822444,0,0,56732,135.428,1980
263751025928858,0,0,56732,135.449,1980
263751076035593,0,0,56732,135.449,1980
263751126137706,0,0,56732,135.29,1980
263751176237847,0,0,56732,135.29,1980
263751226350469,0,0,56732,135.266,1980
263751276460857,0,0,56732,135.266,1980
263751326571355,0,0,56732,135.391,1980
263751376671406,0,0,56732,135.391,1980
263751426771309,0,0,56732,135.429,1980
263751476869591,0,0,56732,135.429,1980
263751527029269,0,0,56732,135.231,1980
263751577190221,0,0,56732,135.231,1980
263751627316842,0,0,56732,135.189,1980
263751677428720,0,0,56732,135.189,1980
263751727534617,0,0,56732,135.29,1980
263751777639788,0,0,56732,135.29,1980
263751827745888,0,0,56732,135.384,1980
263751877849848,0,0,56732,135.384,1980
263751927953022,0,0,56732,135.25,1980
263751978670707,0,0,56732,135.25,1980
263752028776635,0,0,56732,135.202,1980
263752079881523,0,0,56732,135.202,1980
263757121119908,0,0,56732,135.029,1980
263759107440841,0,0,56732,134.872,1980
263759172770086,0,0,56732,134.872,1980
263759248919735,0,0,56732,134.999,1980
263759309169651,0,0,56732,135.079,1980
263759369418647,0,0,56732,135.079,1980
263759438222101,0,0,56732,134.907,1980
263759499189469,0,0,56732,134.857,1980
263759559433027,0,0,56732,134.857,1980
263759619672227,0,0,56732,134.94,1980
263759679909993,0,0,56732,134.94,1980
263759745216333,0,0,56732,135.052,1980
263759806391184,0,0,56732,134.913,1980
263759872368376,0,0,56732,134.913,1980
263759937677513,0,0,56732,134.848,1980
263760008048095,0,0,56732,134.919,1980
263760083474643,0,0,56732,134.919,1980
263760153849333,0,0,56732,135.078,1980
263760219158544,0,0,56732,134.954,1980
263760290401571,0,0,56732,134.954,1980
263760365840408,0,0,56732,134.841,1980
263760711068145,0,0,56732,134.881,1980
263760762018987,0,0,56732,134.881,1980
263760813041296,0,0,56732,134.977,1980
263760864050154,0,0,56732,134.977,1980
263760915077556,0,0,56732,135.715,1980
263760967952784,0,0,56732,135.715,1980
263761018089473,3,2,56732,142.115,1980
263761068878574,3,2,56732,142.115,1980
263761120712236,3,2,56732,161.563,1980
263761171745264,3,2,56732,161.563,1980
263761221872885,71,35,56732,180.246,1980
263761272041246,71,35,56732,180.246,1980
263761322171574,71,35,56732,200.318,1980
263761372279018,71,35,56732,200.318,1980
263761422796872,86,42,56732,222.907,1980
263761472935853,86,42,56732,222.907,1980
263761523240311,86,42,56732,245.049,1980
263761573786837,86,42,56732,245.049,1980
263761623911573,100,50,56732,266.702,1980
263761674037155,100,50,56732,266.702,1980
263761724150979,100,50,56732,288.452,1980
263761774271367,100,50,56732,288.452,1980
263761824393360,80,39,56732,318.943,1980
263761874498694,80,39,56732,318.943,1980
263761924609150,80,39,56732,370.406,1980
263761974712447,80,39,56732,370.406,1980
263762024821326,97,48,56732,411.355,1980
263762074933839,97,48,56732,411.355,1980
263762125041212,97,48,56732,431.815,1980
263762175153126,97,48,56732,431.815,1980
263762225253389,95,48,56732,450.731,1980
263762275359944,95,48,56732,450.731,1980
263762325461105,95,48,56732,474.189,1980
263762375563079,95,48,56732,474.189,1980
263762425674444,94,54,56732,502.222,1980
263762475780703,94,54,56732,502.222,1980
263762525880536,94,54,56732,524.373,1980
263762575986347,94,54,56732,524.373,1980
263762626042769,94,53,56732,540.126,1980
263762676146887,94,53,56732,540.126,1980
263762726264410,94,53,56732,565.97,1980
263762776375387,94,53,56732,565.97,1980
263762826481438,95,53,56732,571.31,1980
263762876601260,95,53,56732,571.31,1980
263762926705813,95,53,56732,557.49,1980
263762976819997,95,53,56732,557.49,1980
263763027478083,96,64,56732,535.196,1980
263763078291481,96,64,56732,535.196,1980
263763129388542,96,64,56732,498.136,1980
263763185704008,96,64,56732,498.136,1980
263763235818907,2,2,56732,469.408,1980
263763287061281,2,2,56732,469.408,1980
263763338645518,2,2,56732,438.121,1980
263763389113107,2,2,56732,438.121,1980
263763439255292,71,35,56732,415.182,1980
263763489721039,71,35,56732,415.182,1980
263763539848293,71,35,56732,388.619,1980
263763590868587,71,35,56732,388.619,1980
263763641003686,82,39,56732,367.712,1980
263763691549022,82,39,56732,367.712,1980
263763741726245,82,39,56732,348.356,1980
263763792281846,82,39,56732,348.356,1980
263763842389443,100,49,56732,329.374,1980
263763892537239,100,49,56732,329.374,1980
263763949435378,100,49,56732,310.193,1980
263763999541386,88,44,56732,308.974,1980
263764049647589,88,44,56732,308.974,1980
263764099768294,88,44,56732,356.809,1980
263764149875931,88,44,56732,356.809,1980
263764199977991,98,51,56732,402.416,1980
263764250085241,98,51,56732,402.416,1980
263764300197489,98,51,56732,426.414,1980
263764350308462,98,51,56732,426.414,1980
263764400409471,88,48,56732,450.85,1980
263764450511668,88,48,56732,450.85,1980
263764500612971,88,48,56732,471.502,1980
263764550729468,88,48,56732,471.502,1980
263764600832622,96,54,56732,490.384,1980
263764650937736,96,54,56732,490.384,1980
263764701041763,96,54,56732,509.087,1980
263764751147469,96,54,56732,509.087,1980
263764801260691,94,54,56732,527.495,1980
263764851365340,94,54,56732,527.495,1980
263764901466778,94,54,56732,553.689,1980
263764951577208,94,54,56732,553.689,1980
263765001693062,96,53,56732,568.652,1980
263765052230241,96,53,56732,568.652,1980
263765102336051,96,53,56732,560.289,1980
263765152439759,96,53,56732,560.289,1980
263765202562773,97,54,56732,554.031,1980
263765252663088,97,54,56732,554.031,1980
263765302773452,97,54,56732,557.177,1980
263765353161064,97,54,56732,557.177,1980
263765404117970,80,56,56732,531.227,1980
263765455032215,80,56,56732,531.227,1980
263765505723148,80,56,56732,487.563,1980
263765563309524,80,56,56732,487.563,1980
263765613464076,2,2,56732,458.53,1980
263765664087188,2,2,56732,458.53,1980
263765715270604,2,2,56732,432.201,1980
263765765418293,2,2,56732,432.201,1980
263765815632365,70,35,56732,410.118,1980
263765867192422,70,35,56732,410.118,1980
263765918214644,70,35,56732,391.997,1980
263765968358724,70,35,56732,391.997,1980
263766019782819,77,38,56732,368.081,1980
263766070633125,77,38,56732,368.081,1980
263766121503897,77,38,56732,348.696,1980
263766172492345,77,38,56732,348.696,1980
263766222784486,92,45,56732,334.873,1980
263766272935013,92,45,56732,334.873,1980
263766323340772,92,45,56732,312.668,1980
263766374683152,92,45,56732,312.668,1980
263766424803862,100,50,56732,312.203,1980
263766474908535,100,50,56732,312.203,1980
263766525022447,100,50,56732,363.191,1980
263766575125848,100,50,56732,363.191,1980
263766625244453,97,47,56732,402.253,1980
263766675346588,97,47,56732,402.253,1980
263766725453449,97,47,56732,429.866,1980
263766775560254,97,47,56732,429.866,1980
263766825687296,88,45,56732,453.708,1980
263766875794973,88,45,56732,453.708,1980
263766925898848,88,45,56732,479.847,1980
263766976008695,88,45,56732,479.847,1980
263767026112305,96,51,56732,497.67,1980
263767076218495,96,51,56732,497.67,1980
263767126321410,96,51,56732,519.145,1980
263767176423376,96,51,56732,519.145,1980
263767226525454,94,52,56732,541.012,1980
263767276631079,94,52,56732,541.012,1980
263767326735341,94,52,56732,563.18,1980
263767376851252,94,52,56732,563.18,1980
263767426952414,94,52,56732,585.315,1980
263767477057495,94,52,56732,585.315,1980
263767527165147,94,52,56732,579.267,1980
263767577278366,94,52,56732,579.267,1980
263767627382690,98,55,56732,570.074,1980
263767677490609,98,55,56732,570.074,1980
263767727598584,98,55,56732,564.698,1980
263767778461085,98,55,56732,564.698,1980
263767829464971,49,39,56732,525.527,1980
263767880511340,49,39,56732,525.527,1980
263767931528012,49,39,56732,482.533,1980
263767981692601,49,39,56732,482.533,1980
263768033240374,11,5,56732,453.542,1980
263768084787590,11,5,56732,453.542,1980
263768134933432,11,5,56732,432.028,1980
263768186353050,11,5,56732,432.028,1980
263768238449681,70,34,56732,408.486,1980
263768288744425,70,34,56732,408.486,1980
263768338870764,70,34,56732,386.199,1980
263768389004643,70,34,56732,386.199,1980
263768439177635,87,43,56732,363.735,1980
263768489390907,87,43,56732,363.735,1980
263768540077010,87,43,56732,338.511,1980
263768590179288,87,43,56732,338.511,1980
263768640287314,100,49,56732,318.661,1980
263768690390186,100,49,56732,318.661,1980
263768740498618,100,49,56732,299.355,1980
263768790604117,100,49,56732,299.355,1980
263768840713491,79,40,56732,331.482,1980
263768890817775,79,40,56732,331.482,1980
263768940918206,79,40,56732,378.781,1980
263768991034856,79,40,56732,378.781,1980
263769041141761,97,49,56732,417.496,1980
263769091245419,97,49,56732,417.496,1980
263769141345645,97,49,56732,442.361,1980
263769191456173,97,49,56732,442.361,1980
263769241562004,96,49,56732,467.909,1980
263769291662716,96,49,56732,467.909,1980
263769341763171,96,49,56732,488.94,1980
263769391871548,96,49,56732,488.94,1980
263769441975575,98,54,56732,507.404,1980
263769492079438,98,54,56732,507.404,1980
263769542189505,98,54,56732,522.501,1980
263769592290963,98,54,56732,522.501,1980
263769642399386,94,53,56732,546.309,1980
263769692520839,94,53,56732,546.309,1980
263769742645020,94,53,56732,570.306,1980
263769792749405,94,53,56732,570.306,1980
263769842852918,96,55,56732,566.981,1980
263769892954767,96,55,56732,566.981,1980
263769943060990,96,55,56732,556.856,1980
263769993162943,96,55,56732,556.856,1980
263770044239375,94,53,56732,547.005,1980
263770094942887,94,53,56732,547.005,1980
263770145553021,94,53,56732,511.179,1980
263770196293315,94,53,56732,511.179,1980
263770246423922,2,2,56732,464.625,1980
263770297578855,2,2,56732,464.625,1980
263770349100508,2,2,56732,435.225,1980
263770399266926,2,2,56732,435.225,1980
263770449403250,67,33,56732,414.705,1980
263770500105132,67,33,56732,414.705,1980
263770551355316,67,33,56732,393.264,1980
263770601459832,67,33,56732,393.264,1980
263770651757413,74,36,56732,371.863,1980
263770701884742,74,36,56732,371.863,1980
263770752450555,74,36,56732,349.438,1980
263770802566374,74,36,56732,332.459,1980
263770853137350,96,47,56732,332.459,1980
263770903251294,96,47,56732,317.665,1980
263770953384594,96,47,56732,317.665,1980
263771011151106,100,50,56732,294.307,1980
263771061266916,100,50,56732,294.307,1980
263771111378358,100,50,56732,322.507,1980
263771161485278,100,50,56732,322.507,1980
263771211593703,97,53,56732,366.42,1980
263771261703868,97,53,56732,366.42,1980
263771311808665,97,53,56732,409.339,1980
263771361912565,97,53,56732,409.339,1980
263771412032636,93,51,56732,434.678,1980
263771462160874,93,51,56732,434.678,1980
263771512266845,93,51,56732,459.398,1980
263771562378804,93,51,56732,459.398,1980
263771612484764,94,55,56732,481.611,1980
263771662592176,94,55,56732,481.611,1980
263771712700873,94,55,56732,503.357,1980
263771762809280,94,55,56732,503.357,1980
263771812924321,94,57,56732,523.675,1980
263771863032661,94,57,56732,523.675,1980
263771913133200,94,57,56732,549.463,1980
263771963234386,94,57,56732,549.463,1980
263772013465586,94,56,56732,580.17,1980
263772063567430,94,56,56732,580.17,1980
263772113670074,94,56,56732,588.592,1980
263772163781014,94,56,56732,588.592,1980
263772213887767,94,57,56732,582.892,1980
263772263988705,94,57,56732,582.892,1980
263772314089345,94,57,56732,578.56,1980
263772364194351,94,57,56732,578.56,1980
263772414500583,94,56,56732,579.893,1980
263772464603290,94,56,56732,579.893,1980
263772515611813,94,56,56732,551.194,1980
263772566390948,94,56,56732,551.194,1980
263772617194208,2,2,56732,508.208,1980
263772667368240,2,2,56732,508.208,1980
263772718830269,2,2,56732,470.07,1980
263772769363447,2,2,56732,470.07,1980
263772819481481,57,27,56732,447.725,1980
263772869618917,57,27,56732,447.725,1980
263772919729279,57,27,56732,426.835,1980
263772970100643,57,27,56732,426.835,1980
263773020749852,75,37,56732,403.15,1980
263773071468161,75,37,56732,403.15,1980
263773122021446,75,37,56732,382.462,1980
263773172149864,75,37,56732,382.462,1980
263773222266966,98,48,56732,360.646,1980
263773272396552,98,48,56732,360.646,1980
263773322581511,98,48,56732,335.06,1980
263773372918407,98,48,56732,335.06,1980
263773423928896,100,50,56732,309.54,1980
263773474055523,100,50,56732,309.54,1980
263773524167577,100,50,56732,319.446,1980
263773574269978,100,50,56732,319.446,1980
263773624403693,97,48,56732,366.588,1980
263773674510663,97,48,56732,366.588,1980
263773724687209,97,48,56732,409.624,1980
263773774792791,97,48,56732,409.624,1980
263773824898888,90,43,56732,433.678,1980
263773875081453,90,43,56732,433.678,1980
263773925203046,90,43,56732,455.452,1980
263773975304155,90,43,56732,455.452,1980
263774025408856,98,56,56732,478.229,1980
263774075509778,98,56,56732,478.229,1980
263774125618397,98,56,56732,495.436,1980
263774175720491,98,56,56732,495.436,1980
263774225824639,94,53,56732,512.368,1980
263774275925542,94,53,56732,512.368,1980
263774326047529,94,53,56732,534.641,1980
263774376148662,94,53,56732,534.641,1980
263774426253906,94,51,56732,552.547,1980
263774476354999,94,51,56732,552.547,1980
263774526458639,94,51,56732,557.539,1980
263774576562920,94,51,56732,557.539,1980
263774626669865,95,55,56732,548.231,1980
263774676770849,95,55,56732,548.231,1980
