t_ns,util_gpu_pct,util_mem_pct,mem_used_mib,power_w,sm_clock_mhz
262006243520878,1,0,962,111.68,1980
262006298052137,1,0,962,111.68,1980
262006348194587,1,0,6852,116.538,1980
262006398430794,1,0,6852,116.538,1980
262006451930934,0,0,6852,121.392,1980
262006502078856,0,0,6852,121.392,1980
262006552202126,0,0,6852,126.359,1980
262006602316933,0,0,6852,126.359,1980
262006652516924,15,0,6852,131.321,1980
262006702731614,15,0,6852,131.321,1980
262006752956165,15,0,6852,135.576,1980
262006803126055,15,0,6852,135.576,1980
262006853325334,12,0,6852,140.443,1980
262006903564129,12,0,6852,140.443,1980
262006956096421,12,0,6852,145.9,1980
262007006336297,12,0,6852,145.9,1980
262007056570539,12,0,6852,149.551,1980
262007106797816,12,0,6852,149.551,1980
262007157024858,12,0,6852,150.152,1980
262007207249278,12,0,6852,150.152,1980
262007257470504,14,0,6852,150.15,1980
262007307697030,14,0,6852,150.15,1980
262007357920293,14,0,6852,150.277,1980
262007410676333,14,0,6852,150.277,1980
262007515680856,13,0,6872,150.339,1980
262007598348361,13,0,6872,150.339,1980
262007668767256,1,0,6872,150.227,1980
262007817489572,0,0,6872,150.104,1980
262007868424420,0,0,6872,150.104,1980
262007918541327,0,0,6872,150.031,1980
262007970438539,0,0,6872,150.031,1980
262008020566610,0,0,6872,149.937,1980
262008070727873,0,0,6872,149.937,1980
262008190520768,0,0,6872,149.86,1980
262008343301272,0,0,6872,149.658,1980
262008414599156,0,0,6872,149.658,1980
262008559428210,0,0,6872,149.524,1980
262008624715028,0,0,6872,149.544,1980
262008695053062,0,0,6872,149.544,1980
262008760333864,0,0,6872,149.555,1980
262008820556073,0,0,6872,149.498,1980
262008890887191,0,0,6872,149.498,1980
262008951107774,0,0,6872,149.448,1980
262009307549997,0,0,6872,149.389,1980
262009443770726,0,0,6872,149.384,1980
262009509076548,0,0,6872,149.384,1980
262009579410063,0,0,6872,149.404,1980
262009654796706,0,0,6872,149.396,1980
262009725134905,0,0,6872,149.379,1980
262009855908849,0,0,6872,149.407,1980
262010284171404,0,0,6872,149.451,1980
262010334281021,0,0,6872,149.439,1980
262010384390909,0,0,6872,149.439,1980
262010435473119,0,0,6872,149.425,1980
262010485592321,0,0,6872,149.425,1980
262010535696001,0,0,6872,149.406,1980
262010585799734,0,0,6872,149.406,1980
262010635905776,0,0,6872,149.401,1980
262010686077138,0,0,6872,149.401,1980
262010736208266,0,0,6872,149.398,1980
262010786316015,0,0,6872,149.398,1980
262010836430718,0,0,6872,149.403,1980
262010886539175,0,0,6872,149.403,1980
262010937721123,0,0,6872,149.392,1980
262010988129603,0,0,6872,149.392,1980
262011038283735,0,0,6872,149.364,1980
262011088431112,0,0,6872,149.364,1980
262011138613880,0,0,6872,149.377,1980
262011188802200,0,0,6872,149.377,1980
262011239019224,0,0,6872,149.405,1980
262011289158253,0,0,6872,149.405,1980
262011339392730,0,0,6872,149.384,1980
262011389511974,0,0,6872,149.384,1980
262011439623976,0,0,6872,149.405,1980
262011489732588,0,0,6872,149.405,1980
262011539941527,0,0,6872,149.416,1980
262011590678997,0,0,6872,149.416,1980
262011640841356,0,0,6872,149.402,1980
262011691004197,0,0,6872,149.402,1980
262011745009631,0,0,6872,149.392,1980
262012132653487,0,0,6872,149.41,1980
262012182826565,0,0,6942,149.41,1980
262012232946999,0,0,7036,149.425,1980
262012617706777,0,0,7036,149.421,1980
262012667999086,0,0,7504,149.421,1980
262012718207858,0,0,7520,149.466,1980
262012768407907,0,0,7520,149.466,1980
262012818579790,1,0,7520,149.478,1980
262012868750290,1,0,7520,149.478,1980
262012918882061,1,0,7520,149.465,1980
262012969009369,1,0,7520,149.465,1980
262013020326199,0,0,7520,149.466,1980
262013073412265,0,0,7520,149.466,1980
262013123529700,0,0,7520,149.514,1980
262013173728430,0,0,7520,149.514,1980
262013223844602,0,0,7520,149.49,1980
262013274062383,0,0,7520,149.49,1980
262013324211853,0,0,7520,149.509,1980
262013375766964,0,0,7520,149.509,1980
262013425896735,0,0,7520,149.534,1980
262013476084292,0,0,7520,149.534,1980
262013526202991,0,0,7520,149.546,1980
262013584240660,0,0,7520,149.546,1980
262013634358971,0,0,7520,149.552,1980
262013684470388,0,0,7520,149.552,1980
262013734644302,0,0,7520,149.505,1980
262013784791666,0,0,7520,149.505,1980
262013835052717,0,0,7520,149.508,1980
262013885205421,0,0,7520,149.508,1980
262013935560803,0,0,7520,149.522,1980
262013985677414,0,0,7520,149.522,1980
262014036258866,0,0,7520,149.515,1980
262014086367500,0,0,7520,149.515,1980
262014136471733,0,0,7520,149.486,1980
262014186818255,0,0,7520,149.486,1980
262014238015553,0,0,7520,149.431,1980
262014288191165,0,0,8542,149.431,1980
262014338292230,0,0,10136,149.426,1980
262014388516392,0,0,10136,149.426,1980
262014439077292,1,0,10136,149.394,1980
262014489198493,1,0,10582,149.394,1980
262014543056666,1,0,10582,149.377,1980
262014593163954,1,0,10582,149.377,1980
262014643270229,0,0,10582,149.387,1980
262014693378963,0,0,10582,149.387,1980
262014743511586,0,0,10582,149.43,1980
262014793627360,0,0,10582,149.43,1980
262014843748875,0,0,10582,149.452,1980
262014893868225,0,0,10582,149.452,1980
262014943975112,0,0,10582,149.507,1980
262014994085820,0,0,10582,149.507,1980
262015044188904,13,0,10582,149.616,1980
262015094292455,13,0,10582,149.616,1980
262015144395217,13,0,10582,149.71,1980
262015194497553,13,0,10582,149.71,1980
262015244606869,13,0,10582,149.8,1980
262015371249941,13,0,10582,149.855,1980
262015722347912,0,0,10582,149.843,1980
262016045758759,0,0,10116,149.615,1980
262016383933855,0,0,10156,149.378,1980
262016434091577,0,0,10156,149.333,1980
262016484212191,0,0,10156,149.333,1980
262016534324798,0,0,10156,149.343,1980
262016584433013,0,0,10156,149.343,1980
262016634727837,0,0,10156,149.353,1980
262016684838145,0,0,10156,149.353,1980
262016734951968,0,0,10156,149.347,1980
262016785061191,0,0,10156,149.347,1980
262016835166780,0,0,10156,149.342,1980
262016885283018,0,0,10156,149.342,1980
262016935393269,0,0,10156,149.348,1980
262016985809159,0,0,10156,149.348,1980
262017035919100,0,0,10156,149.334,1980
262017086028304,0,0,10156,149.334,1980
262017136163746,0,0,10156,149.314,1980
262017186282384,0,0,10156,149.314,1980
262017236391474,0,0,10156,149.321,1980
262017286546199,0,0,10156,149.321,1980
262017336679622,0,0,10156,149.33,1980
262017386797053,0,0,10156,149.33,1980
262017436903650,0,0,10156,149.359,1980
262017487008885,0,0,10156,149.359,1980
262017537109523,0,0,10156,149.368,1980
262017587209961,0,0,10156,149.368,1980
262017637314448,0,0,10156,149.37,1980
262017687415375,0,0,10156,149.37,1980
262017737515772,0,0,10156,149.358,1980
262017787614774,0,0,10156,149.358,1980
262017837714985,0,0,10156,149.355,1980
262017887816979,0,0,10156,149.355,1980
262017937919588,0,0,10156,149.375,1980
262017988024944,0,0,10156,149.375,1980
262018038129045,0,0,10156,149.381,1980
262018088230920,0,0,10156,149.381,1980
262018138335624,0,0,10156,149.408,1980
262018188441082,0,0,10156,149.408,1980
262018238540607,0,0,10156,149.421,1980
262018288648784,0,0,10156,149.421,1980
262018338752903,0,0,10156,149.412,1980
262018388856919,0,0,10156,149.412,1980
262018438957770,0,0,10156,149.423,1980
262018489057344,0,0,10156,149.423,1980
262018539155603,0,0,10156,149.409,1980
262018589260007,0,0,10156,149.409,1980
262018639361332,0,0,10156,149.41,1980
262018689464735,0,0,10156,149.41,1980
262018739564132,0,0,10156,149.414,1980
262018789662312,0,0,10156,149.414,1980
262018839763203,0,0,10156,149.429,1980
262018889862436,0,0,10156,149.429,1980
262018939959548,0,0,10156,149.408,1980
262018990043524,0,0,10156,149.408,1980
262019042438754,0,0,10156,149.432,1980
262019102728525,0,0,10156,149.432,1980
262019168052143,0,0,10156,149.424,1980
262019234813820,0,0,10156,149.389,1980
262019285024416,0,0,10156,149.389,1980
262019335214606,0,0,10184,149.409,1980
262019385446365,0,0,10282,149.409,1980
262019435627335,0,0,10574,149.416,1980
262019485760040,0,0,10574,149.416,1980
262020231330333,0,0,10574,159.039,1980
262020582555874,1,0,10254,150.857,1980
262020935345545,0,0,10282,150.773,1980
262020985519153,0,0,10340,150.773,1980
262021035768193,0,0,10368,151.901,1980
262021085980823,0,0,10348,151.901,1980
262021136265212,0,0,10352,153.08,1980
262021186427198,0,0,10356,153.08,1980
262021236550502,10,3,10360,154.132,1980
262021286663952,10,3,10378,154.132,1980
262021336769312,10,3,10378,155.194,1980
262021386921241,10,3,10384,155.194,1980
262021437045264,9,3,10392,156.824,1980
262021487207227,9,3,10398,156.824,1980
262021537361824,9,3,10400,157.77,1980
262021587502662,9,3,10402,157.77,1980
262021637746853,9,3,10408,158.708,1980
262021687896051,9,3,10392,158.708,1980
262021738074824,9,3,10396,159.278,1980
262021788202388,9,3,10402,159.278,1980
262021838320152,11,3,10404,161.012,1980
262022207562731,2,1,10406,159.922,1980
262022580049736,0,0,10406,155.149,1980
262022630203988,0,0,18718,154.963,1980
262022680827903,0,0,18718,154.963,1980
262022730948091,0,0,18718,154.46,1980
262022781090493,0,0,18718,154.46,1980
262022831214533,0,0,18718,152.706,1980
262022881326325,0,0,18718,152.706,1980
262022931438378,0,0,18718,151.705,1980
262022981549601,0,0,18718,151.705,1980
262023031781849,0,0,18718,151.721,1980
262023081922968,0,0,18718,151.721,1980
262023132038238,0,0,18718,151.689,1980
262023182149148,0,0,18718,151.689,1980
262023232429638,0,0,18718,151.65,1980
262023282536260,0,0,18718,151.65,1980
262023332644264,0,0,18718,151.59,1980
262023383733611,0,0,18718,151.59,1980
262023434195078,0,0,18718,151.533,1980
262023484305021,0,0,19038,151.533,1980
262023534410723,0,0,19038,161.063,1980
262023584516408,0,0,19040,161.063,1980
262023640476969,17,9,19040,160.98,1980
262023690597012,17,9,19042,160.98,1980
262023742468648,17,9,19042,160.891,1980
262023792579471,17,9,19042,160.891,1980
262023842942886,2,0,19042,161.845,1980
262024273264369,0,0,19042,162.197,1980
262024323453432,0,0,18874,162.856,1980
262024373576197,0,0,18848,162.856,1980
262024423720647,8,2,18868,165.184,1980
262024473824519,8,2,18866,165.184,1980
262024523968750,8,2,18848,157.067,1980
262024574072084,8,2,18848,157.067,1980
262024624174430,10,3,18860,157.352,1980
262024674479925,10,3,18860,157.352,1980
262024724620681,10,3,18848,158.859,1980
262024774746247,10,3,18848,158.859,1980
262024824880964,9,3,18848,159.253,1980
262024875154522,9,3,18868,159.253,1980
262024925264850,9,3,18868,159.445,1980
262024975370584,9,3,18848,159.445,1980
262025025502293,12,3,18848,160.455,1980
262025075666076,12,3,18848,160.455,1980
262025125797372,12,3,18872,162.437,1980
262025176079850,12,3,18854,162.437,1980
262025226184551,12,5,18854,165.309,1980
262025276294140,12,5,18858,165.309,1980
262025658463551,0,0,18858,161.516,1980
262025710123116,0,0,18858,161.516,1980
262025763466353,0,0,18858,160.363,1980
262025813785851,0,0,18858,160.363,1980
262025863903648,0,0,18858,158.901,1980
262025914025503,0,0,18858,158.901,1980
262025964240264,0,0,18858,158.038,1980
262026014765068,0,0,18858,158.038,1980
262026064868818,0,0,18858,157.139,1980
262026114972953,0,0,18858,157.139,1980
262026165048405,0,0,18858,154.901,1980
262026215229370,0,0,18858,154.901,1980
262026265374870,0,0,18858,152.249,1980
262026315584803,0,0,18858,152.249,1980
262026365701865,0,0,18858,150.973,1980
262026415852283,0,0,18858,150.973,1980
262026465976368,0,0,18858,150.913,1980
262026516268050,0,0,18858,150.913,1980
262026566378215,0,0,18858,150.9,1980
262026616484685,0,0,18858,150.9,1980
262026666590954,0,0,18858,150.897,1980
262026723807314,0,0,18858,150.884,1980
262027145086197,0,0,18858,150.903,1980
262027195267902,0,0,18858,150.903,1980
262027277250997,0,0,18858,150.916,1980
262027504075139,0,0,18858,150.928,1980
262027555215004,0,0,18858,150.932,1980
262027606209598,0,0,18858,150.932,1980
262027657272549,0,0,18858,151.287,1980
262027708076213,0,0,18858,151.287,1980
262027758179118,0,0,18858,151.728,1980
262027808302020,0,0,18894,151.728,1980
262027981265064,2,2,18894,155.165,1980
262028035383168,0,0,18894,159.518,1980
262028113065865,0,0,18894,159.518,1980
262028319046882,0,0,18894,200.235,1980
262028372888179,75,36,18894,219.958,1980
262028436057005,74,37,18894,240.588,1980
262028502241408,74,37,18894,240.588,1980
262028562145314,74,37,18894,263.22,1980
262028612522511,74,37,18894,263.22,1980
262028663523313,87,43,18894,287.429,1980
262028713670751,87,43,18894,287.429,1980
262028764935206,87,43,18894,306.75,1980
262028815060007,87,43,18894,306.75,1980
262028865179960,95,49,18894,319.655,1980
262028915306411,95,49,18958,319.655,1980
262028967964143,95,49,23894,317.273,1980
262029018059894,95,49,25086,317.273,1980
262029068192163,3,1,25086,349.317,1980
262029118303672,3,1,25086,349.317,1980
262029168415151,3,1,25086,376.249,1980
262029218534530,3,1,25086,376.249,1980
262029268656786,98,50,25086,403.169,1980
262029318798363,98,50,25966,403.169,1980
262029368924205,98,50,34420,396.349,1980
262029419052508,98,50,36864,396.349,1980
262029469177536,25,11,36864,390.179,1980
262029519305748,25,11,36864,390.179,1980
262029569421194,25,11,42878,405.234,1980
262029620281345,25,11,42878,405.234,1980
262029670398902,94,48,42878,426.754,1980
262029720517682,94,48,42878,426.754,1980
262029770631650,94,48,42878,446.278,1980
262029820747391,94,48,42878,446.278,1980
262029870868412,98,55,42878,477.199,1980
262029921004352,98,55,42878,477.199,1980
262029971115283,98,55,42878,518.366,1980
262030021224305,98,55,42878,518.366,1980
262030071332843,94,54,42878,523.513,1980
262030121440327,94,54,42878,523.513,1980
262030171547571,94,54,42878,518.302,1980
262030221647880,94,54,42878,518.302,1980
262030271754988,96,55,42878,513.083,1980
262030321866182,96,55,42878,513.083,1980
262030371974900,96,55,42878,538.936,1980
262030422095008,96,55,42878,538.936,1980
262030472754311,95,54,42878,544.579,1980
262030523457293,95,54,42878,514.251,1980
262030574361693,95,54,42878,514.251,1980
262030625036028,11,10,42878,469.255,1980
262030676521406,11,10,42878,469.255,1980
262030726640535,11,10,42878,438.901,1980
262030778413106,11,10,42878,438.901,1980
262030830030764,51,25,42878,419.524,1980
262030880315466,51,25,42878,419.524,1980
262030930467820,51,25,42878,399.091,1980
262030981828078,51,25,42878,399.091,1980
262031032461135,75,39,42878,380.449,1980
262031083679931,75,39,42878,380.449,1980
262031134725949,75,39,42878,359.031,1980
262031185608693,75,39,42878,359.031,1980
262031236755402,82,43,42878,339.723,1980
262031286859652,82,43,42878,339.723,1980
262031337022041,82,43,42878,327.128,1980
262031387188269,82,43,42878,327.128,1980
262031441237589,97,50,42878,325.487,1980
262031491343455,97,50,42880,325.487,1980
262031541460594,97,50,44072,346.768,1980
262031591569943,97,50,44072,346.768,1980
262031641696168,68,34,44072,390.92,1980
262031691799875,68,34,44072,390.92,1980
262031743605505,68,34,44072,432.704,1980
262031793731924,68,34,47494,432.704,1980
262031843839973,98,49,48686,449.33,1980
262031893951045,98,49,48890,449.33,1980
262031944074065,98,49,54338,467.494,1980
262031994177600,98,49,54338,467.494,1980
262032044319518,94,51,54338,491.995,1980
262032094462925,94,51,54338,491.995,1980
262032144578410,94,51,54338,509.702,1980
262032194687430,94,51,54338,509.702,1980
262032244803686,96,54,54338,536.189,1980
262032294921047,96,54,54338,536.189,1980
262032345085255,96,54,54338,555.883,1980
262032395275748,96,54,54338,555.883,1980
262032445377760,98,54,54338,572.521,1980
262032495484532,98,54,54338,572.521,1980
262032545588239,98,54,54338,593.61,1980
262032595710559,98,54,54338,593.61,1980
262032645815417,95,53,54338,587.208,1980
262032695932862,95,53,54338,587.208,1980
262032746048087,95,53,54338,578.768,1980
262032796865869,95,53,54338,578.768,1980
262032847620284,91,61,54338,546.496,1980
262032898567785,91,61,54338,546.496,1980
262032948683131,91,61,54338,508.021,1980
262032999047847,91,61,54338,508.021,1980
262033049165368,2,2,54338,478.444,1980
262033100896764,2,2,54338,478.444,1980
262033151059813,2,2,54338,454.281,1980
262033201188002,2,2,54338,454.281,1980
262033251516323,71,37,54338,428.422,1980
262033301690496,71,37,54338,428.422,1980
262033351818160,71,37,54338,406.538,1980
262033401967502,71,37,54338,406.538,1980
262033452064629,73,39,54338,384.115,1980
262033502725287,73,39,54338,384.115,1980
262033552934328,73,39,54338,361.891,1980
262033603505041,73,39,54338,361.891,1980
262033653641521,86,42,54338,346.434,1980
262033703807274,86,42,54338,346.434,1980
262033758427559,86,42,54338,324.581,1980
262033808543025,86,42,54338,324.581,1980
262033858676318,100,52,54338,342.464,1980
262033908795530,100,52,54338,342.464,1980
262033958896672,100,52,54338,391.56,1980
262034008998714,100,52,54338,391.56,1980
262034059132769,98,51,54338,426.496,1980
262034109240143,98,51,54338,426.496,1980
262034159347354,98,51,54338,453.244,1980
262034209459206,98,51,54338,453.244,1980
262034259576089,88,48,54338,476.202,1980
262034309677234,88,48,54338,476.202,1980
262034359781392,88,48,54338,496.449,1980
262034409884963,88,48,54338,496.449,1980
262034460014891,95,56,54338,519.673,1980
262034510117726,95,56,54338,519.673,1980
262034560223838,95,56,54338,537.253,1980
262034610334265,95,56,54338,537.253,1980
262034660444735,95,55,54338,558.031,1980
262034710556038,95,55,54338,558.031,1980
262034760662031,95,55,54338,578.691,1980
262034810763912,95,55,54338,578.691,1980
262034860886566,96,53,54338,601.5,1980
262034910987162,96,53,54338,601.5,1980
262034961116796,96,53,54338,595.311,1980
262035011242149,96,53,54338,595.311,1980
262035061352090,98,55,54338,589.597,1980
262035112334562,98,55,54338,589.597,1980
262035163225048,98,55,54338,576.551,1980
262035213861804,98,55,54338,576.551,1980
262035264710976,64,47,54338,534.408,1980
262035316201009,64,47,54338,534.408,1980
262035367019605,64,47,54338,490.49,1980
262035417174607,64,47,54338,490.49,1980
262035468004997,2,2,54338,469.379,1980
262035519778072,2,2,54338,469.379,1980
262035570365705,2,2,54338,449.924,1980
262035621218623,2,2,54338,449.924,1980
262035671410819,71,37,54338,428.629,1980
262035721541643,71,37,54338,428.629,1980
262035772448897,71,37,54338,409.246,1980
262035822591758,71,37,54338,409.246,1980
262035872878959,83,42,54338,387.943,1980
262035924485929,83,42,54338,387.943,1980
262035975036841,83,42,54338,363.993,1980
262036025889769,83,42,54338,363.993,1980
262036076003816,97,50,54338,343.389,1980
262036126124191,97,50,54340,343.389,1980
262036176330368,97,50,54340,320.613,1980
262036226450419,97,50,54340,320.613,1980
262036276562812,66,34,54340,360.862,1980
262036326673381,66,34,54340,360.862,1980
262036376798103,66,34,54340,405.821,1980
262036426966409,66,34,54340,436.047,1980
262036477122002,97,51,54340,436.047,1980
262036527309254,97,51,54340,457.196,1980
262036577485161,97,51,54340,457.196,1980
262036627607507,89,49,56720,475.955,1980
262036677717391,89,49,56720,475.955,1980
262036727831717,89,49,56720,495.385,1980
262036777951204,89,49,56720,495.385,1980
262036828073655,89,49,56720,495.385,1980
262036878197279,96,53,56720,517.467,1980
262036928301686,96,53,56720,536.077,1980
262036978403609,96,53,56720,536.077,1980
262037028525076,98,56,56720,560.538,1980
262037078628061,98,56,56720,560.538,1980
262037128738978,98,56,56720,585.345,1980
262037178862333,98,56,56720,585.345,1980
262037228978688,94,54,56720,591.429,1980
262037279092020,94,54,56720,591.429,1980
262037329200662,94,54,56720,588.413,1980
262037379303063,94,54,56720,588.413,1980
262037429407445,98,56,56720,583.714,1980
262037479512456,98,56,56720,583.714,1980
262037529628747,98,56,56720,578.635,1980
262037580338481,98,56,56720,578.635,1980
262037631509124,68,50,56720,536.044,1980
262037682408623,68,50,56720,536.044,1980
262037732543288,68,50,56720,495.186,1980
262037783786857,68,50,56720,495.186,1980
262037833925062,2,1,56720,470.12,1980
262037885692477,2,1,56720,470.12,1980
262037936898411,2,1,56720,445.655,1980
262037988520324,2,1,56720,445.655,1980
262038038752428,71,37,56720,423.335,1980
262038089985012,71,37,56720,423.335,1980
262038141690635,71,37,56720,403.07,1980
262038191828370,71,37,56720,403.07,1980
262038242996831,77,40,56720,385.972,1980
262038293913070,77,40,56720,385.972,1980
262038344037636,77,40,56720,365.683,1980
262038394187371,77,40,56720,365.683,1980
262038444506693,91,46,56720,349.176,1980
262038495108645,91,46,56720,349.176,1980
262038545237337,91,46,56720,325.541,1980
262038595347359,91,46,56720,325.541,1980
262038645452607,80,42,56720,359.597,1980
262038695569304,80,42,56720,359.597,1980
262038745680289,80,42,56720,414.767,1980
262038795790478,80,42,56720,414.767,1980
262038845909577,99,51,56720,443.649,1980
262038896027907,99,51,56720,443.649,1980
262038946135761,99,51,56720,470.817,1980
262038996247083,99,51,56720,470.817,1980
262039046354897,89,49,56720,495.307,1980
262039096471280,89,49,56720,495.307,1980
262039146584176,89,49,56720,515.843,1980
262039196690473,89,49,56720,515.843,1980
262039246798498,95,53,56720,540.078,1980
262039296901645,95,53,56720,540.078,1980
262039347012611,95,53,56720,563.224,1980
262039397112788,95,53,56720,563.224,1980
262039447216078,95,55,56720,584.869,1980
262039497317728,95,55,56720,584.869,1980
262039547418557,95,55,56720,602.717,1980
262039597517915,95,55,56720,602.717,1980
262039647622036,96,53,56720,612.448,1980
262039697721882,96,53,56720,612.448,1980
262039747825334,96,53,56720,606.845,1980
262039797927671,96,53,56720,606.845,1980
262039848030127,98,56,56720,601.686,1980
262039898129621,98,56,56720,601.686,1980
262039948941645,98,56,56720,583.803,1980
262039999990112,98,56,56720,583.803,1980
262040050592142,2,2,56720,535.215,1980
262040100705932,2,2,56720,535.215,1980
262040150978265,2,2,56720,493.427,1980
262040201063332,2,2,56720,493.427,1980
262040252530774,25,12,56720,471.145,1980
262040302703476,25,12,56720,471.145,1980
262040352889987,25,12,56720,444.72,1980
262040403280792,25,12,56720,444.72,1980
262040453476642,71,37,56720,422.503,1980
262040504557879,71,37,56720,422.503,1980
262040554708017,71,37,56720,398.792,1980
262040605348967,71,37,56720,398.792,1980
262040656079541,90,46,56720,383.583,1980
262040707354769,90,46,56720,383.583,1980
262040757501499,90,46,56720,358.442,1980
262040807644999,90,46,56720,358.442,1980
262040862452704,100,53,56720,343.303,1980
262040912573587,100,53,56720,343.303,1980
262040962687039,100,53,56720,338.817,1980
262041012793302,100,53,56720,338.817,1980
262041062910424,75,39,56720,388.955,1980
262041113029620,75,39,56720,388.955,1980
262041164505846,75,39,56720,429.508,1980
262041214612115,75,39,56720,429.508,1980
262041264728111,98,50,56720,453.197,1980
262041314843736,98,50,56720,453.197,1980
262041364955367,98,50,56720,475.419,1980
262041415069684,98,50,56720,475.419,1980
262041465181139,96,53,56720,498.479,1980
262041515287836,96,53,56720,498.479,1980
262041565403754,96,53,56720,524.997,1980
262041615521436,96,53,56720,524.997,1980
262041665630118,97,54,56720,541.931,1980
262041715734845,97,54,56720,541.931,1980
262041765837228,97,54,56720,562.077,1980
262041815945158,97,54,56720,562.077,1980
262041866049970,95,54,56720,574.886,1980
262041916152969,95,54,56720,574.886,1980
262041966264953,95,54,56720,595.658,1980
262042016376901,95,54,56720,595.658,1980
262042066491437,95,55,56720,586.083,1980
262042116603065,95,55,56720,586.083,1980
262042169195815,95,55,56720,583.874,1980
262042220078580,95,55,56720,583.874,1980
262042271015397,98,55,56720,561.071,1980
262042322021036,98,55,56720,561.071,1980
262042381250812,98,55,56720,517.187,1980
262042432808935,28,14,56720,479.587,1980
262042483530575,28,14,56720,479.587,1980
262042533717985,28,14,56720,452.993,1980
262042585261091,28,14,56720,452.993,1980
262042636903156,72,37,56720,430.238,1980
262042688332068,72,37,56720,430.238,1980
262042739095414,72,37,56720,414.654,1980
262042789288314,72,37,56720,414.654,1980
262042840119545,85,44,56720,393.643,1980
262042890770145,85,44,56720,393.643,1980
262042940921374,85,44,56720,372.783,1980
262042991530743,85,44,56720,372.783,1980
262043041710968,100,52,56720,360.48,1980
262043091877835,100,52,56720,360.48,1980
262043143584681,100,52,56720,339.925,1980
262043193709074,100,52,56720,339.925,1980
262043243837995,69,34,56720,346.079,1980
262043293956614,69,34,56720,346.079,1980
262043344063688,69,34,56720,393.037,1980
262043394179837,69,34,56720,393.037,1980
262043444323487,98,48,56720,438.489,1980
262043494437360,98,48,56720,438.489,1980
262043544550491,98,48,56720,464.689,1980
262043594661213,98,48,56720,464.689,1980
262043644767918,95,50,56720,487.623,1980
262043694874477,95,50,56720,487.623,1980
262043744997296,95,50,56720,506.519,1980
262043795115469,95,50,56720,506.519,1980
262043845226295,98,56,56720,530.462,1980
262043895344850,98,56,56720,530.462,1980
262043945459694,98,56,56720,545.822,1980
262043995585751,98,56,56720,545.822,1980
262044045700089,94,53,56720,569.471,1980
262044095810747,94,53,56720,569.471,1980
262044145925044,94,53,56720,590.916,1980
262044196039478,94,53,56720,590.916,1980
262044246151211,96,51,56720,604.541,1980
262044296259231,96,51,56720,604.541,1980
262044346370756,96,51,56720,599.239,1980
262044396489602,96,51,56720,599.239,1980
262044446595623,96,53,56720,590.977,1980
262044496715683,96,53,56720,590.977,1980
262044547540969,96,53,56720,568.242,1980
262044598632414,96,53,56720,568.242,1980
262044649346691,46,37,56720,524.664,1980
262044699487124,46,37,56720,524.664,1980
262044749654691,46,37,56720,489.023,1980
262044800168501,46,37,56720,489.023,1980
262044851105766,70,36,56720,466.37,1980
262044901465512,70,36,56720,466.37,1980
262044951707386,70,36,56720,443.599,1980
262045002414680,70,36,56720,443.599,1980
262045053539796,72,37,56720,423.143,1980
262045103701898,72,37,56720,423.143,1980
262045153805735,72,37,56720,399.932,1980
262045203961836,72,37,56720,399.932,1980
262045254556373,87,44,56720,377.455,1980
262045304747521,87,44,56720,377.455,1980
262045354950529,87,44,56720,351.052,1980
262045405054733,87,44,56720,351.052,1980
262045455160960,100,53,56720,333.766,1980
262045505272890,100,53,56720,333.766,1980
262045557449085,100,53,56720,327.224,1980
262045607552290,100,53,56720,327.224,1980
262045657670145,99,52,56720,377.373,1980
262045707770532,99,52,56720,377.373,1980
262045757871529,99,52,56720,429.928,1980
262045807977763,99,52,56720,429.928,1980
262045858095670,90,46,56720,457.128,1980
262045908211646,90,46,56720,457.128,1980
262045958321516,90,46,56720,480.057,1980
262046008430094,90,46,56720,480.057,1980
262046058538326,98,55,56720,506.896,1980
262046108654581,98,55,56720,506.896,1980
262046158757264,98,55,56720,523.991,1980
262046208859619,98,55,56720,523.991,1980
262046258961829,94,54,56720,547.588,1980
262046309074541,94,54,56720,547.588,1980
262046359183762,94,54,56720,562.912,1980
262046409286680,94,54,56720,562.912,1980
262046459391771,98,56,56720,583.214,1980
262046509508823,98,56,56720,583.214,1980
262046560447868,98,56,56720,609.082,1980
262046610564655,98,56,56720,609.082,1980
262046660670746,94,54,56720,601.053,1980
262046710789623,94,54,56720,601.053,1980
262046760906601,94,54,56720,591.803,1980
262046811018022,94,54,56720,591.803,1980
262046861126328,94,59,56720,587.19,1980
262046911860103,94,59,56720,587.19,1980
262046962036147,94,59,56720,553.834,1980
262047013638082,94,59,56720,553.834,1980
262047063772467,2,2,56720,510.175,1980
262047113943916,2,2,56720,510.175,1980
262047164100085,2,2,56720,480.81,1980
262047215615973,2,2,56720,480.81,1980
262047265816381,70,36,56720,456.183,1980
262047315960036,70,36,56720,456.183,1980
262047366563077,70,36,56720,434.94,1980
262047417888013,70,36,56720,434.94,1980
262047468042493,75,39,56720,414.056,1980
262047518197758,75,39,56720,414.056,1980
262047569169415,75,39,56720,395.512,1980
262047621787908,75,39,56720,395.512,1980
262047672453364,93,48,56720,371.186,1980
262047722639996,93,48,56720,371.186,1980
262047773257432,93,48,56720,360.679,1980
262047832862930,93,48,56720,341.787,1980
262047882985687,92,49,56720,341.787,1980
262047933131873,92,49,56720,362.35,1980
262047983243136,92,49,56720,362.35,1980
262048033350498,92,49,56720,407.498,1980
262048083459301,98,51,56720,407.498,1980
262048135219835,98,51,56720,449.141,1980
262048185340678,98,51,56720,449.141,1980
262048235460005,89,48,56720,469.664,1980
262048285573209,89,48,56720,469.664,1980
262048335680112,89,48,56720,492.738,1980
262048385783037,89,48,56720,492.738,1980
262048435901052,94,54,56720,515.91,1980
262048486023190,94,54,56720,515.91,1980
262048536138612,94,54,56720,535.6,1980
262048586258468,94,54,56720,535.6,1980
262048636373995,94,55,56720,555.164,1980
262048686505106,94,55,56720,555.164,1980
262048736629009,94,55,56720,573.388,1980
262048786752582,94,55,56720,573.388,1980
262048836864767,93,53,56720,589.834,1980
262048886978806,93,53,56720,589.834,1980
262048937081466,93,53,56720,598.856,1980
262048987184501,93,53,56720,598.856,1980
262049037287847,96,53,56720,587.707,1980
262049087389980,96,53,56720,587.707,1980
262049137491995,96,53,56720,584.514,1980
262049188398042,96,53,56720,584.514,1980
262049239085847,13,13,56720,552.58,1980
262049290120908,13,13,56720,552.58,1980
262049340716741,13,13,56720,510.712,1980
262049392150397,13,13,56720,510.712,1980
262049442578884,45,23,56720,482.891,1980
262049492724742,45,23,56720,482.891,1980
262049544289842,45,23,56720,456.444,1980
262049594444708,45,23,56720,456.444,1980
262049645899540,69,36,56720,432.919,1980
262049696371900,69,36,56720,432.919,1980
262049747056338,69,36,56720,414.749,1980
262049798131496,69,36,56720,414.749,1980
262049848282166,88,45,56720,389.968,1980
262049898429536,88,45,56720,389.968,1980
262049949046477,88,45,56720,376.385,1980
262049999210897,88,45,56720,376.385,1980
262050049380836,100,52,56720,357.171,1980
262050099548924,100,52,56720,357.171,1980
262050149672252,100,52,56720,335.975,1980
262050199807089,100,52,56720,335.975,1980
262050249912875,86,43,56720,351.667,1980
262050300022735,86,43,56720,351.667,1980
262050350149190,86,43,56720,398.64,1980
262050400262965,86,43,56720,398.64,1980
262050450380634,98,49,56720,441.353,1980
262050500514112,98,49,56720,441.353,1980
262050550632115,98,49,56720,460.033,1980
262050600740022,98,49,56720,460.033,1980
262050650846382,94,51,56720,477.726,1980
262050700977367,94,51,56720,477.726,1980
262050751085069,94,51,56720,503.746,1980
262050801198339,94,51,56720,503.746,1980
262050851301023,94,55,56720,522.177,1980
262050901404022,94,55,56720,522.177,1980
262050951512722,94,55,56720,542.864,1980
262051001617319,94,55,56720,542.864,1980
262051051720807,94,53,56720,563.329,1980
262051102910053,94,53,56720,563.329,1980
262051153019987,94,53,56720,582.236,1980
262051203128342,94,53,56720,582.236,1980
262051253234026,96,52,56720,591.135,1980
262051303352618,96,52,56720,591.135,1980
262051353466503,96,52,56720,582.99,1980
262051403580700,96,52,56720,582.99,1980
262051453693217,98,54,56720,579.594,1980
262051504470848,98,54,56720,579.594,1980
262051555384705,98,54,56720,555.433,1980
262051606179594,98,54,56720,555.433,1980
262051656828487,2,2,56720,523.98,1980
262051708292163,2,2,56720,523.98,1980
262051758935616,2,2,56720,482.811,1980
262051809103792,2,2,56720,482.811,1980
262051860642185,70,36,56720,454.768,1980
262051910788558,70,36,56720,454.768,1980
262051962359302,70,36,56720,431.628,1980
262052012527555,70,36,56720,431.628,1980
262052062781321,79,40,56720,410.737,1980
262052112927002,79,40,56720,410.737,1980
262052163317380,79,40,56720,392.377,1980
262052213472830,79,40,56720,392.377,1980
262052263627588,96,49,56720,372.196,1980
262052313738382,96,49,56720,372.196,1980
262052363867224,96,49,56720,358.95,1980
262052413971247,96,49,56720,358.95,1980
262052464069254,94,50,56720,336.23,1980
262052514174742,94,50,56720,336.23,1980
262052564285824,94,50,56720,349.639,1980
262052614388132,94,50,56720,349.639,1980
262052664569367,98,51,56720,403.364,1980
262052714722922,98,51,56720,403.364,1980
262052764912453,98,51,56720,448.703,1980
262052815035958,98,51,56720,448.703,1980
262052865149393,89,48,56720,470.399,1980
262052915256320,89,48,56720,470.399,1980
262052965361836,89,48,56720,497.773,1980
262053015466672,89,48,56720,497.773,1980
262053065569845,94,54,56720,519.964,1980
262053115703983,94,54,56720,519.964,1980
262053165825812,94,54,56720,536.94,1980
262053215960743,94,54,56720,536.94,1980
262053266073602,93,55,56720,553.5,1980
262053316216112,93,55,56720,553.5,1980
262053366328166,93,55,56720,577.2,1980
262053416437321,93,55,56720,577.2,1980
262053466543073,93,53,56720,598.898,1980
262053516652533,93,53,56720,598.898,1980
262053566757263,93,53,56720,596.095,1980
262053616874183,93,53,56720,596.095,1980
262053666990328,96,53,56720,587.224,1980
262053717101590,96,53,56720,587.224,1980
262053767214593,96,53,56720,579.913,1980
262053817977670,96,53,56720,579.913,1980
262053868806453,15,15,56720,540.833,1980
262053919448688,15,15,56720,540.833,1980
262053969601084,15,15,56720,503.947,1980
262054020771805,15,15,56720,503.947,1980
262054070934407,47,23,56720,469.312,1980
262054122545963,47,23,56720,469.312,1980
262054173716956,47,23,56720,443.656,1980
262054224841480,47,23,56720,443.656,1980
262054275254041,75,38,56720,425.286,1980
262054325428496,75,38,56720,425.286,1980
262054375536884,75,38,56720,404.11,1980
262054426288215,75,38,56720,404.11,1980
262054476404102,93,47,56720,387.918,1980
262054526535013,93,47,56720,387.918,1980
262054576692906,93,47,56720,365.703,1980
262054626849450,93,47,56720,365.703,1980
262054677009495,100,52,56720,349.098,1980
262054727135571,100,52,56720,349.098,1980
262054777251187,100,52,56720,330.385,1980
262054827360697,100,52,56720,330.385,1980
262054877475414,98,51,56720,364.856,1980
262054927582032,98,51,56720,364.856,1980
262054977683128,98,51,56720,418.594,1980
262055027784566,98,51,56720,418.594,1980
262055077884732,90,46,56720,453.547,1980
262055127984742,90,46,56720,453.547,1980
262055178045528,90,46,56720,472.375,1980
262055228168168,90,46,56720,472.375,1980
262055278362301,94,53,56720,496.608,1980
262055328481411,94,53,56720,496.608,1980
262055378591591,94,53,56720,515.566,1980
262055428710266,94,53,56720,515.566,1980
262055478822877,96,53,56720,537.484,1980
262055528939623,96,53,56720,537.484,1980
262055579054918,96,53,56720,555.178,1980
262055629169197,96,53,56720,555.178,1980
262055679284058,98,55,56720,578.879,1980
262055729398862,98,55,56720,578.879,1980
262055779519545,98,55,56720,603.079,1980
262055829635238,98,55,56720,603.079,1980
262055879748309,94,54,56720,594.816,1980
262055930997407,94,54,56720,594.816,1980
262055982276176,94,54,56720,589.033,1980
262056032434202,94,54,56720,589.033,1980
262056083452553,94,59,56720,583.485,1980
262056134313847,94,59,56720,583.485,1980
262056185158771,94,59,56720,547.535,1980
262056235835428,94,59,56720,547.535,1980
262056286739236,2,2,56720,512.79,1980
262056336902162,2,2,56720,512.79,1980
262056387055344,2,2,56720,478.279,1980
262056437692119,2,2,56720,478.279,1980
262056487844209,71,36,56720,459.395,1980
262056538006596,71,36,56720,438.498,1980
262056589159149,71,36,56720,438.498,1980
262056639302325,86,44,56720,416.647,1980
262056689932429,86,44,56720,416.647,1980
262056740504143,86,44,56720,396.313,1980
262056790703185,86,44,56720,396.313,1980
262056841294490,100,52,56720,375.904,1980
262056891473839,100,52,56720,375.904,1980
262056941598315,100,52,56720,349.405,1980
262056991728414,100,52,56720,349.405,1980
262057041858432,73,38,56720,337.539,1980
262057091974484,73,38,56720,337.539,1980
262057142109127,73,38,56720,381.047,1980
262057192220755,73,38,56720,381.047,1980
262057242356286,98,51,56720,424.291,1980
262057292493921,98,51,56720,424.291,1980
262057342614758,98,51,56720,452.09,1980
262057392747414,98,51,56720,452.09,1980
262057442869664,94,51,56720,471.768,1980
262057492983262,94,51,56720,471.768,1980
262057543104265,94,51,56720,495.202,1980
262057593216422,94,51,56720,495.202,1980
262057643329487,95,55,56720,513.911,1980
262057693432493,95,55,56720,513.911,1980
262057743561050,95,55,56720,531.747,1980
262057793671710,95,55,56720,531.747,1980
262057843782606,95,53,56720,555.31,1980
262057893898530,95,53,56720,555.31,1980
262057944013168,95,53,56720,574.839,1980
262057994129845,95,53,56720,574.839,1980
262058044238315,94,54,56720,593.534,1980
262058094350796,94,54,56720,593.534,1980
262058144464194,94,54,56720,586.145,1980
262058195779539,94,54,56720,586.145,1980
262058245893660,86,59,56720,571.375,1980
262058296534280,86,59,56720,571.375,1980
262058347286411,86,59,56720,540.606,1980
262058398019564,86,59,56720,540.606,1980
262058448161848,2,2,56720,493.016,1980
262058498322675,2,2,56720,493.016,1980
262058549709964,2,2,56720,468.768,1980
262058599835194,2,2,56720,468.768,1980
262058650624043,71,36,56720,446.951,1980
262058700771919,71,36,56720,446.951,1980
262058751197331,71,36,56720,428.04,1980
262058801363546,71,36,56720,428.04,1980
262058851691132,85,44,56720,406.769,1980
262058902637243,85,44,56720,406.769,1980
262058952748393,85,44,56720,390.237,1980
262059002917169,85,44,56720,390.237,1980
262059053046582,100,52,56720,370.552,1980
262059103281882,100,52,56720,370.552,1980
262059153786118,100,52,56720,348.359,1980
262059203903310,100,52,56720,348.359,1980
262059254023548,68,35,56720,338.324,1980
262059304145395,68,35,56720,338.324,1980
262059354254815,68,35,56720,380.257,1980
262059404367209,68,35,56720,380.257,1980
262059454488050,98,50,56720,438.433,1980
262059504591520,98,50,56720,438.433,1980
262059554695209,98,50,56720,461.513,1980
262059604801342,98,50,56720,461.513,1980
262059654911015,96,49,56720,485.047,1980
262059705019330,96,49,56720,485.047,1980
262059755120686,96,49,56720,505.779,1980
262059805222567,96,49,56720,505.779,1980
262059855325376,98,55,56720,526.656,1980
262059905429863,98,55,56720,526.656,1980
262059955532688,98,55,56720,550.437,1980
262060005640664,98,55,56720,550.437,1980
262060055743362,95,54,56720,570.642,1980
262060105858049,95,54,56720,570.642,1980
262060155975413,95,54,56720,591.263,1980
262060206104143,95,54,56720,591.263,1980
262060256233163,96,52,56720,607.542,1980
262060306344705,96,52,56720,607.542,1980
262060356455178,96,52,56720,599.905,1980
262060406565385,96,52,56720,599.905,1980
262060456670424,98,55,56720,592.668,1980
262060507472208,98,55,56720,592.668,1980
262060558330818,98,55,56720,558.824,1980
262060609283573,98,55,56720,558.824,1980
262060660264639,2,2,56720,515.111,1980
262060711210485,2,2,56720,515.111,1980
262060761387025,2,2,56720,482.76,1980
262060812977895,2,2,56720,482.76,1980
262060863063985,71,36,56720,460.337,1980
262060913186722,71,36,56720,460.337,1980
262060963338196,71,36,56720,437.37,1980
262061013849258,71,36,56720,437.37,1980
262061063987664,77,39,56720,416.184,1980
262061114130619,77,39,56720,416.184,1980
262061165265810,77,39,56720,395.137,1980
262061215769154,77,39,56720,395.137,1980
262061266459797,95,49,56720,376.329,1980
262061317264034,95,49,56720,376.329,1980
262061367406394,95,49,56720,354.092,1980
262061417513441,95,49,56720,354.092,1980
262061467655759,100,53,56720,338.886,1980
262061517767686,100,53,56720,338.886,1980
262061567870831,100,53,56720,361.66,1980
262061617986937,100,53,56720,361.66,1980
262061668088635,98,52,56720,404.443,1980
262061718198355,98,52,56720,404.443,1980
262061769060823,98,52,56720,449.506,1980
262061819169530,98,52,56720,449.506,1980
262061869279745,89,49,56720,467.789,1980
262061919385381,89,49,56720,467.789,1980
262061969499305,89,49,56720,495.109,1980
262062019610495,89,49,56720,495.109,1980
262062069732308,95,56,56720,517.529,1980
262062119847826,95,56,56720,517.529,1980
262062169964439,95,56,56720,536.767,1980
262062220079879,95,56,56720,536.767,1980
262062270188408,94,55,56720,559.94,1980
262062320295653,94,55,56720,559.94,1980
262062370400615,94,55,56720,572.246,1980
262062420507518,94,55,56720,572.246,1980
262062470616404,96,57,56720,595.56,1980
262062520722480,96,57,56720,595.56,1980
262062570858643,96,57,56720,602.394,1980
262062620966720,96,57,56720,602.394,1980
262062671072731,94,55,56720,595.452,1980
262062721189434,94,55,56720,595.452,1980
262062771311971,94,55,56720,592.574,1980
262062821429625,94,55,56720,592.574,1980
262062872058375,95,64,56720,592.015,1980
262062922721871,95,64,56720,592.015,1980
262062973939220,95,64,56720,548.009,1980
262063024733859,95,64,56720,548.009,1980
262063074859795,2,2,56720,503.685,1980
262063126233194,2,2,56720,503.685,1980
262063176629580,2,2,56720,475.842,1980
262063226749650,2,2,56720,475.842,1980
262063276869278,70,36,56720,454.298,1980
262063327029847,70,36,56720,454.298,1980
262063377856387,70,36,56720,431.007,1980
262063428021478,70,36,56720,431.007,1980
262063478172752,88,45,56720,412.551,1980
262063528294235,88,45,56720,412.551,1980
262063578412785,88,45,56720,389.899,1980
262063628618436,88,45,56720,389.899,1980
262063678926779,100,53,56720,374.434,1980
262063729301535,100,53,56720,374.434,1980
262063780057401,100,53,56720,352.698,1980
262063830177625,100,53,56720,352.698,1980
262063880301352,73,37,56720,341.238,1980
262063930414096,73,37,56720,341.238,1980
262063980526289,73,37,56720,377.792,1980
262064030639209,73,37,56720,377.792,1980
262064083228834,98,49,56720,430.816,1980
262064133351188,98,49,56720,430.816,1980
262064183463876,98,49,56720,463.24,1980
262064233570379,98,49,56720,463.24,1980
262064283674057,95,50,56720,488.585,1980
262064333777103,95,50,56720,488.585,1980
262064383891719,95,50,56720,510.284,1980
262064434057904,95,50,56720,510.284,1980
262064484171629,96,52,56720,529.616,1980
262064534279411,96,52,56720,529.616,1980
262064584396136,96,52,56720,547.922,1980
262064634502286,96,52,56720,547.922,1980
262064684605762,94,53,56720,569.737,1980
262064734709375,94,53,56720,569.737,1980
262064784813306,94,53,56720,593.105,1980
262064834937497,94,53,56720,593.105,1980
262064885061376,96,55,56720,603.797,1980
262064935168304,96,55,56720,603.797,1980
262064985279031,96,55,56720,596.212,1980
262065035393346,96,55,56720,596.212,1980
262065085505109,95,53,56720,587.902,1980
262065135875171,95,53,56720,587.902,1980
262065187255749,95,53,56720,571.038,1980
262065237923871,95,53,56720,571.038,1980
262065288878563,2,2,56720,530.941,1980
262065339021799,2,2,56720,530.941,1980
262065390959041,2,2,56720,488.765,1980
262065441113694,2,2,56720,488.765,1980
262065492445705,68,34,56720,466.758,1980
262065543989281,68,34,56720,439.799,1980
262065595367139,68,34,56720,439.799,1980
262065646329623,78,40,56720,416.186,1980
262065697270874,78,40,56720,416.186,1980
262065747442073,78,40,56720,400.938,1980
262065797606326,78,40,56720,400.938,1980
262065847777495,94,48,56720,378.621,1980
262065899016355,94,48,56720,378.621,1980
262065949597444,94,48,56720,360.416,1980
262066000144373,94,48,56720,360.416,1980
262066050801923,100,53,56720,340.871,1980
262066100924837,100,53,56720,340.871,1980
262066151037652,100,53,56720,343.32,1980
262066201154779,100,53,56720,343.32,1980
262066251259772,98,51,56720,396.183,1980
262066301366332,98,51,56720,396.183,1980
262066351479509,98,51,56720,438.719,1980
262066401594495,98,51,56720,438.719,1980
262066451703074,90,48,56720,462.231,1980
262066501846196,90,48,56720,462.231,1980
262066551959825,90,48,56720,484.02,1980
262066602076028,90,48,56720,484.02,1980
262066652188481,96,53,56720,505.877,1980
262066702294621,96,53,56720,505.877,1980
262066752402159,96,53,56720,524.283,1980
262066802516805,96,53,56720,524.283,1980
262066852694197,96,53,56720,547.057,1980
262066902811740,96,53,56720,547.057,1980
262066952921720,96,53,56720,557.845,1980
262067003040785,96,53,56720,557.845,1980
262067053154292,95,54,56720,581.982,1980
262067103269492,95,54,56720,581.982,1980
262067153378910,95,54,56720,594.672,1980
262067203483621,95,54,56720,594.672,1980
262067253590887,95,55,56720,585.769,1980
262067303700956,95,55,56720,585.769,1980
262067353810497,95,55,56720,582.153,1980
262067404456820,95,55,56720,582.153,1980
262067455274287,33,31,56720,554.794,1980
262067506184629,33,31,56720,554.794,1980
262067557059596,33,31,56720,514.23,1980
262067607255552,33,31,56720,514.23,1980
262067657381984,25,13,56720,476.538,1980
262067708351777,25,13,56720,476.538,1980
262067759454001,25,13,56720,456.544,1980
262067809584901,25,13,56720,456.544,1980
262067860130589,74,38,56720,438.665,1980
262067911136535,74,38,56720,438.665,1980
262067961258725,74,38,56720,419.428,1980
262068011780210,74,38,56720,419.428,1980
262068061936288,93,48,56720,401.227,1980
262068112094212,93,48,56720,401.227,1980
262068162472243,93,48,56720,385.178,1980
262068212629267,93,48,56720,385.178,1980
262068262762702,100,53,56720,359.147,1980
262068313969201,100,53,56720,359.147,1980
262068364087926,100,53,56720,337.791,1980
262068414198536,100,53,56720,337.791,1980
262068464325541,98,49,56720,371.755,1980
262068514445437,98,49,56720,371.755,1980
262068564560972,98,49,56720,418.305,1980
262068614676855,98,49,56720,418.305,1980
262068664790067,91,44,56720,456.166,1980
262068714912941,91,44,56720,456.166,1980
262068765031141,91,44,56720,477.521,1980
262068815137946,91,44,56720,477.521,1980
262068865246284,95,55,56720,493.048,1980
262068915353086,95,55,56720,493.048,1980
262068965473364,95,55,56720,510.274,1980
262069015581754,95,55,56720,510.274,1980
262069065707962,95,54,56720,524.812,1980
262069115842451,95,54,56720,524.812,1980
262069165963883,95,54,56720,542.704,1980
262069216078602,95,54,56720,542.704,1980
262069266192660,95,53,56720,556.666,1980
262069316302481,95,53,56720,556.666,1980
262069366407172,95,53,56720,576.941,1980
262069416524760,95,53,56720,576.941,1980
262069466633766,96,53,56720,568.583,1980
262069516744132,96,53,56720,568.583,1980
262069566857244,96,53,56720,557.128,1980
262069617658168,96,53,56720,557.128,1980
262069668467293,17,18,56720,514.144,1980
262069719436467,17,18,56720,514.144,1980
262069769569729,17,18,56720,472.119,1980
262069819696775,17,18,56720,472.119,1980
262069870283652,40,20,56720,446.11,1980
262069920972221,40,20,56720,446.11,1980
262069972268988,40,20,56720,426.286,1980
262070022403147,40,20,56720,426.286,1980
262070072989424,74,38,56720,405.986,1980
262070123132140,74,38,56720,405.986,1980
262070173259126,74,38,56720,392.802,1980
262070223426981,74,38,56720,392.802,1980
262070273839153,97,50,56720,380.13,1980
262070324126619,97,50,56720,380.13,1980
262070374524593,97,50,56720,358.685,1980
262070424647938,97,50,56720,358.685,1980
262070474757145,100,53,56720,346.107,1980
262070524867108,100,53,56720,346.107,1980
262070574982104,100,53,56720,331.074,1980
262070625050388,100,53,56720,331.074,1980
262070675165240,98,51,56720,377.405,1980
262070725291690,98,51,56720,377.405,1980
262070775405428,98,51,56720,421.335,1980
262070825516657,98,51,56720,421.335,1980
262070875627415,91,46,56720,458.425,1980
262070925739210,91,46,56720,458.425,1980
262070975846968,91,46,56720,483.481,1980
262071025952668,91,46,56720,483.481,1980
262071076087134,98,56,56720,501.812,1980
262071126204463,98,56,56720,501.812,1980
262071176312187,98,56,56720,526.056,1980
262071226423119,98,56,56720,526.056,1980
262071276528920,95,54,56720,548.212,1980
262071326652821,95,54,56720,548.212,1980
262071376763121,95,54,56720,564.777,1980
262071426871795,95,54,56720,564.777,1980
262071476983296,96,54,56720,585.643,1980
262071527088412,96,54,56720,585.643,1980
262071577197794,96,54,56720,598.065,1980
262071627308162,96,54,56720,598.065,1980
262071677423414,95,54,56720,590.918,1980
262071727532971,95,54,56720,590.918,1980
262071777970568,95,54,56720,583.349,1980
262071828084173,95,54,56720,583.349,1980
262071878760823,71,51,56720,569.556,1980
262071929599512,71,51,56720,569.556,1980
262071980588187,71,51,56720,526.301,1980
262072030710278,71,51,56720,526.301,1980
262072080836565,5,3,56720,489.187,1980
262072132474412,5,3,56720,489.187,1980
262072183824554,5,3,56720,465.873,1980
262072233940068,5,3,56720,465.873,1980
262072284064058,73,37,56720,441.671,1980
262072335341992,73,37,56720,441.671,1980
262072385498283,73,37,56720,424.498,1980
262072436425808,73,37,56720,424.498,1980
262072486889303,87,44,56720,408.293,1980
262072537051013,87,44,56720,408.293,1980
262072587862679,87,44,56720,391.216,1980
262072638347335,87,44,56720,391.216,1980
262072688683731,100,52,56720,369.169,1980
262072738840491,100,52,56720,369.169,1980
262072788954459,100,52,56720,348.327,1980
262072839063804,100,52,56720,348.327,1980
262072889173009,79,41,56720,358.772,1980
262072939281907,79,41,56720,358.772,1980
262072989389740,79,41,56720,406.48,1980
262073039543820,79,41,56720,406.48,1980
262073089661356,98,51,56720,448.045,1980
262073139768614,98,51,56720,448.045,1980
262073189878926,98,51,56720,473.118,1980
262073239992290,98,51,56720,473.118,1980
262073290107646,95,52,56720,492.183,1980
262073340214273,95,52,56720,492.183,1980
262073390321242,95,52,56720,515.638,1980
262073440430627,95,52,56720,515.638,1980
262073490549999,95,55,56720,533.635,1980
262073540658643,95,55,56720,533.635,1980
262073590786400,95,55,56720,554.664,1980
262073640894325,95,55,56720,554.664,1980
262073690994654,95,54,56720,566.868,1980
262073741102634,95,54,56720,566.868,1980
262073791216706,95,54,56720,584.999,1980
262073841322375,95,54,56720,584.999,1980
262073891429850,96,53,56720,597.309,1980
262073941549962,96,53,56720,597.309,1980
262073991658952,96,53,56720,589.831,1980
262074041764586,96,53,56720,589.831,1980
262074091871598,98,55,56728,586.604,1980
262074142533278,98,55,56732,586.604,1980
262074193245128,98,55,56732,558.916,1980
262074244321660,98,55,56732,558.916,1980
262074295103488,2,2,56732,516.447,1980
262074348577566,2,2,56732,473.89,1980
262074398728563,2,2,56732,473.89,1980
262074449090759,54,26,56732,448.127,1980
262074499201921,54,26,56732,448.127,1980
262074550718756,54,26,56732,419.878,1980
262074602212230,54,26,56732,419.878,1980
262074652352919,58,29,56732,400.666,1980
262074702904631,58,29,56732,400.666,1980
262074753799344,58,29,56732,377.155,1980
262074804466529,58,29,56732,377.155,1980
262074854607445,68,34,56732,351.902,1980
262074904755040,68,34,56732,351.902,1980
262074955348105,68,34,56732,319.692,1980
262075005517229,68,34,56732,319.692,1980
262075055626877,79,40,56732,291.823,1980
262075105740641,79,40,56732,291.823,1980
262075155876889,79,40,56732,294.717,1980
262075205994981,79,40,56732,294.717,1980
262075256322107,83,43,56732,308.509,1980
262075306438839,83,43,56732,308.509,1980
262075356554980,83,43,56732,340.763,1980
262075406672510,83,43,56732,340.763,1980
262075456800838,94,47,56732,371.51,1980
262075506911518,94,47,56732,371.51,1980
262075557036723,94,47,56732,400.844,1980
262075607150693,94,47,56732,400.844,1980
262075657263288,85,42,56732,422.646,1980
262075707378900,85,42,56732,422.646,1980
262075757491842,85,42,56732,441.896,1980
262075807613593,85,42,56732,441.896,1980
262075857724398,96,54,56732,469.932,1980
262075907844332,96,54,56732,469.932,1980
262075957951270,96,54,56732,488.0,1980
262076008064866,96,54,56732,488.0,1980
262076058179784,90,51,56732,511.453,1980
262076108301214,90,51,56732,511.453,1980
262076158412783,90,51,56732,534.051,1980
262076208525774,90,51,56732,534.051,1980
262076258650026,96,54,56732,563.717,1980
262076308769677,96,54,56732,563.717,1980
262076358877354,96,54,56732,574.051,1980
262076408993745,96,54,56732,574.051,1980
262076459109731,90,51,56732,565.618,1980
262076509235633,90,51,56732,565.618,1980
262076559350506,90,51,56732,561.074,1980
262076609455606,90,51,56732,561.074,1980
262076659563279,97,54,56732,564.416,1980
262076710618962,97,54,56732,564.416,1980
262076761620157,97,54,56732,536.913,1980
262076812252676,97,54,56732,536.913,1980
262076863073893,2,2,56732,496.343,1980
262076913194040,2,2,56732,496.343,1980
262076964748237,2,2,56732,463.91,1980
262077014905379,2,2,56732,463.91,1980
262077065058246,56,28,56732,442.122,1980
262077115596518,56,28,56732,442.122,1980
262077166130101,56,28,56732,419.024,1980
262077216589850,56,28,56732,419.024,1980
262077266730196,63,31,56732,390.392,1980
262077316867029,63,31,56732,390.392,1980
262077367057108,63,31,56732,367.085,1980
262077417912616,63,31,56732,367.085,1980
262077468047056,73,37,56732,344.972,1980
262077518170142,73,37,56732,344.972,1980
262077568324054,73,37,56732,326.606,1980
262077626026347,73,37,56732,326.606,1980
262077676206905,84,43,56732,302.12,1980
262077726430913,84,43,56732,302.12,1980
262077779762552,84,43,56732,302.183,1980
262077829905669,84,43,56732,302.183,1980
262077880039277,67,33,56732,325.285,1980
262077930173185,67,33,56732,325.285,1980
262077980284748,67,33,56732,361.7,1980
262078030416575,67,33,56732,361.7,1980
262078080535220,86,43,56732,385.353,1980
262078130651483,86,43,56732,385.353,1980
262078180768825,86,43,56732,403.29,1980
262078230880313,86,43,56732,403.29,1980
262078280998543,83,44,56732,421.391,1980
262078331113164,83,44,56732,421.391,1980
262078381243140,83,44,56732,443.499,1980
262078431357785,83,44,56732,443.499,1980
262078481463305,83,47,56732,457.475,1980
262078531603503,83,47,56732,457.475,1980
262078581739345,83,47,56732,480.69,1980
262078631853924,83,47,56732,480.69,1980
262078681965649,90,52,56732,503.277,1980
262078732094970,90,52,56732,503.277,1980
262078782205421,90,52,56732,529.954,1980
262078832318741,90,52,56732,529.954,1980
262078882434106,85,48,56732,543.422,1980
262078932537697,85,48,56732,543.422,1980
262078982655914,85,48,56732,537.095,1980
262079032764467,85,48,56732,537.095,1980
262079082891477,86,46,56732,533.945,1980
262079133012029,86,46,56732,533.945,1980
262085054517235,0,0,56732,153.716,1980
262089409846938,0,0,56732,152.861,1980
262089460080501,0,0,56732,152.845,1980
262089510215325,0,0,56732,152.845,1980
262089560765942,0,0,56732,152.848,1980
262089610870800,0,0,56732,152.848,1980
262089661014873,0,0,56732,152.828,1980
262089711123158,0,0,56732,152.828,1980
262089761236454,0,0,56732,152.781,1980
262089811337826,0,0,56732,152.781,1980
262089861774629,0,0,56732,152.791,1980
262089911892538,0,0,56732,152.791,1980
262089962585541,0,0,56732,152.767,1980
262090012696107,0,0,56732,152.767,1980
262090062801684,0,0,56732,152.77,1980
262090112906882,0,0,56732,152.77,1980
262090163104669,0,0,56732,152.737,1980
262090213215472,0,0,56732,152.737,1980
262090263319817,0,0,56732,152.712,1980
262090313432402,0,0,56732,152.712,1980
262090363582505,0,0,56732,152.693,1980
262090413690242,0,0,56732,152.693,1980
262090463798963,0,0,56732,152.64,1980
262090514359067,0,0,56732,152.64,1980
262090564475181,0,0,56732,152.597,1980
262090614581770,0,0,56732,152.597,1980
262090665040929,0,0,56732,152.583,1980
262090715145973,0,0,56732,152.583,1980
262090765250957,0,0,56732,152.59,1980
262090815352010,0,0,56732,152.59,1980
262090865487954,0,0,56732,152.542,1980
262090916099885,0,0,56732,152.542,1980
262090966205871,0,0,56732,152.493,1980
262091016312364,0,0,56732,152.493,1980
262091066419966,0,0,56732,152.44,1980
262091116530143,0,0,56732,152.44,1980
262091166639967,0,0,56732,152.411,1980
262091216744450,0,0,56732,152.411,1980
262091266846121,0,0,56732,152.401,1980
262091316950320,0,0,56732,152.401,1980
262091367059467,0,0,56732,152.358,1980
262091417167175,0,0,56732,152.358,1980
262091467271846,0,0,56732,152.358,1980
262091517374554,0,0,56732,152.358,1980
262091567987599,0,0,56732,152.352,1980
262091618097264,0,0,56732,152.352,1980
262091668210228,0,0,56732,152.314,1980
262091718663941,0,0,56732,152.314,1980
262091768774476,0,0,56732,152.278,1980
262091818883249,0,0,56732,152.278,1980
262091869044879,0,0,56732,152.276,1980
262091919155667,0,0,56732,152.276,1980
262091969341533,0,0,56732,152.296,1980
262092019669999,0,0,56732,152.296,1980
262092069781854,0,0,56732,152.292,1980
262092119892890,0,0,56732,152.292,1980
262092170039259,0,0,56732,152.287,1980
262092220144694,0,0,56732,152.287,1980
262092270254954,0,0,56732,152.276,1980
262092320367903,0,0,56732,152.276,1980
262092370929575,0,0,56732,152.275,1980
262092421588205,0,0,56732,152.275,1980
262092471690400,0,0,56732,152.251,1980
262092521802883,0,0,56732,152.251,1980
262092572436836,0,0,56732,152.238,1980
262092622645342,0,0,56732,152.238,1980
262092672759702,0,0,56732,152.268,1980
262092722868292,0,0,56732,152.268,1980
262092772975286,0,0,56732,152.282,1980
262092823084195,0,0,56732,152.282,1980
262092873202871,0,0,56732,152.27,1980
262092923373424,0,0,56732,152.27,1980
262092973478045,0,0,56732,152.24,1980
262093023588266,0,0,56732,152.24,1980
262093074141376,0,0,56732,152.212,1980
262093124270455,0,0,56732,152.212,1980
262093174376406,0,0,56732,152.203,1980
262093224765375,0,0,56732,152.203,1980
262093275467302,0,0,56732,152.193,1980
262093325675453,0,0,56732,152.193,1980
262093375779019,0,0,56732,152.183,1980
262093425882619,0,0,56732,152.183,1980
262093476582920,0,0,56732,152.183,1980
262093526693095,0,0,56732,152.183,1980
262093576804848,0,0,56732,152.174,1980
262093626912523,0,0,56732,152.174,1980
262093677225996,0,0,56732,152.134,1980
262093727346236,0,0,56732,152.134,1980
262093777677010,0,0,56732,152.136,1980
262093827783293,0,0,56732,152.136,1980
262093877885495,0,0,56732,152.123,1980
262093927988353,0,0,56732,152.123,1980
262093978051478,0,0,56732,152.127,1980
262094028162802,0,0,56732,152.127,1980
262094078271875,0,0,56732,152.158,1980
262094128410621,0,0,56732,152.158,1980
262094178535831,0,0,56732,152.178,1980
262094228697074,0,0,56732,152.178,1980
262094278824009,0,0,56732,152.172,1980
262094328971095,0,0,56732,152.172,1980
262094379579307,0,0,56732,152.159,1980
262094429689083,0,0,56732,152.159,1980
262094479799371,0,0,56732,152.165,1980
262094529907756,0,0,56732,152.165,1980
262094580011542,0,0,56732,152.176,1980
262094630116084,0,0,56732,152.176,1980
262094680716674,0,0,56732,152.148,1980
262094731197511,0,0,56732,152.148,1980
262094781302793,0,0,56732,152.158,1980
262094831415916,0,0,56732,152.158,1980
262094881839990,0,0,56732,152.156,1980
262094931965329,0,0,56732,152.156,1980
262094982506727,0,0,56732,152.148,1980
262095033070559,0,0,56732,152.148,1980
262095083179195,0,0,56732,152.119,1980
262095133287909,0,0,56732,152.119,1980
262095183450661,0,0,56732,152.073,1980
262095233562714,0,0,56732,152.073,1980
262095283672045,0,0,56732,152.08,1980
262095334183207,0,0,56732,152.08,1980
262095384296718,0,0,56732,152.067,1980
262095434407580,0,0,56732,152.067,1980
262095484516449,0,0,56732,152.059,1980
262095534634953,0,0,56732,152.059,1980
262095584917975,0,0,56732,152.032,1980
262095635457946,0,0,56732,152.032,1980
262095685841726,0,0,56732,152.025,1980
262095736067295,0,0,56732,152.025,1980
262095786421191,0,0,56732,151.997,1980
262095836725177,0,0,56732,151.997,1980
262095886828481,0,0,56732,151.983,1980
262095936933464,0,0,56732,151.983,1980
262095987040437,0,0,56732,151.965,1980
262096037144772,0,0,56732,151.965,1980
262096087251787,0,0,56732,151.956,1980
262096137363874,0,0,56732,151.956,1980
262096187487313,0,0,56732,151.962,1980
262096237634973,0,0,56732,151.962,1980
262096287765371,0,0,56732,151.946,1980
262096337897844,0,0,56732,151.946,1980
262096388588702,0,0,56732,151.952,1980
262096438700126,0,0,56732,151.952,1980
262096488805665,0,0,56732,151.949,1980
262096538916408,0,0,56732,151.949,1980
262096589034914,0,0,56732,151.933,1980
262096639149099,0,0,56732,151.933,1980
262096689558380,0,0,56732,151.925,1980
262096739675334,0,0,56732,151.925,1980
262096789783967,0,0,56732,151.88,1980
262096839895394,0,0,56732,151.88,1980
262096890009273,0,0,56732,151.853,1980
262096940112504,0,0,56732,151.853,1980
262096990214968,0,0,56732,151.834,1980
262097040321088,0,0,56732,151.834,1980
262097090429353,0,0,56732,151.856,1980
262097140541295,0,0,56732,151.856,1980
262097190649168,0,0,56732,151.884,1980
262097240757232,0,0,56732,151.884,1980
262097290864853,0,0,56732,151.874,1980
262097341511659,0,0,56732,151.874,1980
262097391622241,0,0,56732,151.854,1980
262097441727925,0,0,56732,151.854,1980
262097491835539,0,0,56732,151.875,1980
262097541944307,0,0,56732,151.875,1980
262097592057576,0,0,56732,151.882,1980
262097642636714,0,0,56732,151.882,1980
262097692743927,0,0,56732,151.895,1980
262097742851776,0,0,56732,151.895,1980
262097793256067,0,0,56732,151.932,1980
262097843362429,0,0,56732,151.932,1980
262097893466462,0,0,56732,151.946,1980
262097943568087,0,0,56732,151.946,1980
262097993672164,0,0,56732,151.929,1980
262098043779023,0,0,56732,151.929,1980
262098094221763,0,0,56732,151.926,1980
262098144325318,0,0,56732,151.926,1980
262098194530133,0,0,56732,151.925,1980
262098245060564,0,0,56732,151.925,1980
262098295603868,0,0,56732,151.923,1980
262098346031131,0,0,56732,151.923,1980
262098396136600,0,0,56732,151.892,1980
262098446240094,0,0,56732,151.892,1980
262098496368371,0,0,56732,151.872,1980
262098546487357,0,0,56732,151.872,1980
262098596593009,0,0,56732,151.885,1980
262098646752429,0,0,56732,151.885,1980
262098696880485,0,0,56732,151.839,1980
262098746987218,0,0,56732,151.839,1980
262098797090288,0,0,56732,151.823,1980
262098847190930,0,0,56732,151.823,1980
262098897786856,0,0,56732,151.819,1980
262098948205635,0,0,56732,151.819,1980
262098998316833,0,0,56732,151.816,1980
262099048425113,0,0,56732,151.816,1980
262099098562256,0,0,56732,151.781,1980
262099148668486,0,0,56732,151.781,1980
262099198779391,0,0,56732,151.73,1980
262099249135299,0,0,56732,151.73,1980
262099299263277,0,0,56732,151.708,1980
262099349375802,0,0,56732,151.708,1980
262099399478937,0,0,56732,151.689,1980
262099449586873,0,0,56732,151.689,1980
262099499693778,0,0,56732,151.706,1980
262099549796130,0,0,56732,151.706,1980
262099599904315,0,0,56732,151.686,1980
262099650014505,0,0,56732,151.686,1980
262099700123441,0,0,56732,151.695,1980
262099750234970,0,0,56732,151.695,1980
262099800878509,0,0,56732,151.663,1980
262099851019203,0,0,56732,151.663,1980
262099901122548,0,0,56732,151.663,1980
262099951227377,0,0,56732,151.663,1980
262100001329903,0,0,56732,151.678,1980
262100051431961,0,0,56732,151.678,1980
262100101535849,0,0,56732,151.715,1980
262100151642580,0,0,56732,151.715,1980
262100201749946,0,0,56732,151.721,1980
262100251855362,0,0,56732,151.721,1980
262100301955831,0,0,56732,151.734,1980
262100352057716,0,0,56732,151.734,1980
262100402170100,0,0,56732,151.787,1980
262100452274612,0,0,56732,151.787,1980
262100502690962,0,0,56732,151.738,1980
262100552840150,0,0,56732,151.738,1980
262100602944145,0,0,56732,151.716,1980
262100653051621,0,0,56732,151.716,1980
262100703158465,0,0,56732,151.726,1980
262100753266455,0,0,56732,151.726,1980
262100803369323,0,0,56732,151.721,1980
262100853769759,0,0,56732,151.721,1980
262100904039889,0,0,56732,151.738,1980
262100954146178,0,0,56732,151.738,1980
262101004248531,0,0,56732,151.699,1980
262101054352163,0,0,56732,151.699,1980
262101104548985,0,0,56732,151.689,1980
262101154659760,0,0,56732,151.689,1980
262101204763320,0,0,56732,151.676,1980
262101254866185,0,0,56732,151.676,1980
262101304972034,0,0,56732,151.694,1980
262101355242890,0,0,56732,151.694,1980
262101405347922,0,0,56732,151.663,1980
262101455463411,0,0,56732,151.663,1980
262101505570463,0,0,56732,151.688,1980
262101555677061,0,0,56732,151.667,1980
262101605785556,0,0,56732,151.667,1980
262101656059962,0,0,56732,151.64,1980
262101706163678,0,0,56732,151.64,1980
262101756437462,0,0,56732,151.616,1980
262101806599593,0,0,56732,151.616,1980
262101856749821,0,0,56732,151.584,1980
262101907078577,0,0,56732,151.584,1980
262101957185273,0,0,56732,151.594,1980
262102007301345,0,0,56732,151.594,1980
262102057504835,0,0,56732,151.562,1980
262102107619817,0,0,56732,151.562,1980
262102157776958,0,0,56732,151.532,1980
262102207881828,0,0,56732,151.532,1980
262102258292310,0,0,56732,151.535,1980
262102308403845,0,0,56732,151.535,1980
262102358511525,0,0,56732,151.493,1980
262102408837992,0,0,56732,151.493,1980
262102458945373,0,0,56732,151.458,1980
262102509130227,0,0,56732,151.458,1980
262102559385349,0,0,56732,151.459,1980
262102609651912,0,0,56732,151.459,1980
262102659757880,0,0,56732,151.454,1980
262102710081307,0,0,56732,151.454,1980
262102760338668,0,0,56732,151.446,1980
262102810462852,0,0,56732,151.446,1980
262102860568428,0,0,56732,151.392,1980
262102910673080,0,0,56732,151.392,1980
262102960781269,0,0,56732,151.372,1980
262103010895495,0,0,56732,151.372,1980
262103061006565,0,0,56732,151.358,1980
262103111129514,0,0,56732,151.358,1980
262103161232132,0,0,56732,151.344,1980
262103211338773,0,0,56732,151.344,1980
262103261764180,0,0,56732,151.29,1980
262103312107938,0,0,56732,151.29,1980
262103362216142,0,0,56732,151.259,1980
262103412322057,0,0,56732,151.259,1980
262103462427870,0,0,56732,151.265,1980
262103512537223,0,0,56732,151.265,1980
262103562826603,0,0,56732,151.249,1980
262103613254788,0,0,56732,151.249,1980
262103663360953,0,0,56732,151.249,1980
262103713470359,0,0,56732,151.249,1980
262103763580184,0,0,56732,151.261,1980
262103813686011,0,0,56732,151.261,1980
262103863788404,0,0,56732,151.297,1980
262103913891172,0,0,56732,151.297,1980
262103964004234,0,0,56732,151.291,1980
262104014114892,0,0,56732,151.291,1980
262104064219865,0,0,56732,151.244,1980
262104114326864,0,0,56732,151.244,1980
262104164502412,0,0,56732,151.265,1980
262104214705449,0,0,56732,151.265,1980
262104265043293,0,0,56732,151.27,1980
262104315147974,0,0,56732,151.27,1980
262104365254759,0,0,56732,151.259,1980
262104415364665,0,0,56732,151.259,1980
262104465480692,0,0,56732,151.226,1980
262104515891561,0,0,56732,151.226,1980
262104566147462,0,0,56732,151.207,1980
262104616351065,0,0,56732,151.207,1980
262104666463855,0,0,56732,151.201,1980
262104716612367,0,0,56732,151.201,1980
262104766717495,0,0,56732,151.197,1980
262104816879679,0,0,56732,151.197,1980
262104866989327,0,0,56732,151.176,1980
262104917296450,0,0,56732,151.176,1980
262104967624546,0,0,56732,151.141,1980
262105017726015,0,0,56732,151.141,1980
262105068121668,0,0,56732,151.183,1980
262105118225640,0,0,56732,151.183,1980
262105168369982,0,0,56732,151.145,1980
262105218591008,0,0,56732,151.145,1980
262105268692535,0,0,56732,151.112,1980
262105318794195,0,0,56732,151.112,1980
262105368902386,0,0,56732,151.117,1980
262105419011097,0,0,56732,151.117,1980
262105469115281,0,0,56732,151.11,1980
262105519530403,0,0,56732,151.11,1980
262105575637484,0,0,56732,151.121,1980
262105625748553,0,0,56732,151.121,1980
262105676056416,0,0,56732,151.084,1980
262105726160394,0,0,56732,151.084,1980
262105776264929,0,0,56732,151.063,1980
262105826373668,0,0,56732,151.063,1980
262105876587314,0,0,56732,151.048,1980
262105926702407,0,0,56732,151.048,1980
262105976833720,0,0,56732,151.042,1980
262106026940190,0,0,56732,151.042,1980
262106077049530,0,0,56732,151.026,1980
262106127368577,0,0,56732,151.026,1980
262106177753656,0,0,56732,151.026,1980
262106228087454,0,0,56732,151.026,1980
262106278190919,0,0,56732,151.035,1980
262106328297992,0,0,56732,151.035,1980
262106378636113,0,0,56732,151.053,1980
262106428741592,0,0,56732,151.053,1980
262106478847277,0,0,56732,151.054,1980
262106528952173,0,0,56732,151.054,1980
262106579200531,0,0,56732,151.05,1980
262106629304442,0,0,56732,151.05,1980
262106679622520,0,0,56732,151.043,1980
262106729726985,0,0,56732,151.043,1980
262106779830661,0,0,56732,151.021,1980
262106829935908,0,0,56732,151.021,1980
262106880087509,0,0,56732,151.049,1980
262106930195704,0,0,56732,151.049,1980
262106980301250,0,0,56732,151.033,1980
262107030410524,0,0,56732,151.033,1980
262107080817289,0,0,56732,151.065,1980
262107130926698,0,0,56732,151.065,1980
262107181035189,0,0,56732,151.036,1980
262107231140495,0,0,56732,151.036,1980
262107281315559,0,0,56732,151.042,1980
262107331433330,0,0,56732,151.042,1980
262107381580421,0,0,56732,151.043,1980
262107431685864,0,0,56732,151.043,1980
262107482036289,0,0,56732,151.036,1980
262107532148449,0,0,56732,151.036,1980
262107584925599,0,0,56732,151.024,1980
262107635037179,0,0,56732,151.024,1980
262107685144596,0,0,56732,151.024,1980
262107735468157,0,0,56732,151.024,1980
262107785580220,0,0,56732,151.007,1980
262107835680209,0,0,56732,151.007,1980
262107885786051,0,0,56732,150.956,1980
262107935891694,0,0,56732,150.956,1980
262107985995994,0,0,56732,150.963,1980
262108036106523,0,0,56732,150.963,1980
262108086208859,0,0,56732,150.932,1980
262108136310481,0,0,56732,150.932,1980
262108186413465,0,0,56732,150.954,1980
262108236518300,0,0,56732,150.954,1980
262108286736716,0,0,56732,150.979,1980
262108336840606,0,0,56732,150.979,1980
262108386943351,0,0,56732,150.95,1980
262108437046184,0,0,56732,150.95,1980
262108487310252,0,0,56732,150.923,1980
262108537411962,0,0,56732,150.923,1980
262108587576129,0,0,56732,150.913,1980
262108637679780,0,0,56732,150.913,1980
262108687785309,0,0,56732,150.92,1980
262108737891107,0,0,56732,150.92,1980
262108788278945,0,0,56732,150.93,1980
262108838469519,0,0,56732,150.93,1980
262108888575692,0,0,56732,150.943,1980
262108938680739,0,0,56732,150.943,1980
262108988789247,0,0,56732,150.947,1980
262109038895168,0,0,56732,150.947,1980
262109089004623,0,0,56732,150.941,1980
262109139129454,0,0,56732,150.941,1980
262109189243506,0,0,56732,150.926,1980
262109239353681,0,0,56732,150.926,1980
262109289462008,0,0,56732,150.899,1980
262109339567623,0,0,56732,150.899,1980
262109389702207,0,0,56732,150.886,1980
262109439824552,0,0,56732,150.886,1980
262109489952854,0,0,56732,150.921,1980
262109540062162,0,0,56732,150.921,1980
262109590182642,0,0,56732,150.916,1980
262109640289356,0,0,56732,150.916,1980
262109690400739,0,0,56732,150.878,1980
262109740693667,0,0,56732,150.878,1980
262109790796713,0,0,56732,150.868,1980
262109840899014,0,0,56732,150.868,1980
262109891004029,0,0,56732,150.836,1980
262109941107445,0,0,56732,150.836,1980
262109991209381,0,0,56732,150.818,1980
262110041320709,0,0,56732,150.818,1980
262110091423858,0,0,56732,150.798,1980
262110141526457,0,0,56732,150.798,1980
262110191629550,0,0,56732,150.805,1980
262110241732715,0,0,56732,150.805,1980
262110292118405,0,0,56732,150.814,1980
262110342319657,0,0,56732,150.814,1980
262110392429688,0,0,56732,150.847,1980
262110442742674,0,0,56732,150.847,1980
262110492855010,0,0,56732,150.837,1980
262110543059141,0,0,56732,150.837,1980
262110593352114,0,0,56732,150.859,1980
262110643457150,0,0,56732,150.859,1980
262110693592779,0,0,56732,150.875,1980
262110743696688,0,0,56732,150.875,1980
262110793797958,0,0,56732,150.889,1980
262110843899620,0,0,56732,150.889,1980
262110894317704,0,0,56732,150.882,1980
262110944421106,0,0,56732,150.882,1980
262110994522438,0,0,56732,150.869,1980
262111044848630,0,0,56732,150.869,1980
262111096223768,0,0,56732,150.849,1980
262111146325800,0,0,56732,150.849,1980
262111196425895,0,0,56732,150.852,1980
262111246603615,0,0,56732,150.852,1980
262111296890237,0,0,56732,150.843,1980
262111347067305,0,0,56732,150.843,1980
262111397167263,0,0,56732,150.798,1980
262111447267526,0,0,56732,150.798,1980
262111497470098,0,0,56732,150.818,1980
262111547600276,0,0,56732,150.818,1980
262111597765948,0,0,56732,150.766,1980
262111648063413,0,0,56732,150.766,1980
262111698188328,0,0,56732,150.756,1980
262111748336278,0,0,56732,150.756,1980
262111798438432,0,0,56732,150.744,1980
262111848762405,0,0,56732,150.744,1980
262111898908265,0,0,56732,150.753,1980
262111949050020,0,0,56732,150.753,1980
262111999151179,0,0,56732,150.795,1980
262112049255036,0,0,56732,150.795,1980
262112099358589,0,0,56732,150.815,1980
262112149697750,0,0,56732,150.815,1980
262112199861259,0,0,56732,150.794,1980
262112250250323,0,0,56732,150.794,1980
262112300353171,0,0,56732,150.778,1980
262112350460424,0,0,56732,150.778,1980
262112400563200,0,0,56732,150.777,1980
262112450671509,0,0,56732,150.777,1980
262112500885896,0,0,56732,150.757,1980
262112551038862,0,0,56732,150.757,1980
262112601149331,0,0,56732,150.777,1980
262112651252874,0,0,56732,150.777,1980
262112701451633,0,0,56732,150.78,1980
262112751564594,0,0,56732,150.78,1980
262112802295679,0,0,56732,150.83,1980
262112852402831,0,0,56732,150.83,1980
262112902510921,0,0,56732,150.836,1980
262112952612637,0,0,56732,150.836,1980
262113002713486,0,0,56732,150.84,1980
262113052815570,0,0,56732,150.84,1980
262113102920602,0,0,56732,150.827,1980
262113153027125,0,0,56732,150.827,1980
262113203143623,0,0,56732,150.862,1980
262113253253165,0,0,56732,150.862,1980
262113303361405,0,0,56732,150.859,1980
262113353588342,0,0,56732,150.859,1980
262113403917527,0,0,56732,150.837,1980
262113454030276,0,0,56732,150.837,1980
262113504140090,0,0,56732,150.847,1980
262113554242464,0,0,56732,150.847,1980
262113604345054,0,0,56732,150.817,1980
262113654729815,0,0,56732,150.817,1980
262113705026913,0,0,56732,150.785,1980
262113755139343,0,0,56732,150.785,1980
262113805240595,0,0,56732,150.703,1980
262113855348143,0,0,56732,150.703,1980
262113905453611,0,0,56732,150.658,1980
262113955686362,0,0,56732,150.658,1980
262114005797708,0,0,56732,150.594,1980
262114055912517,0,0,56732,150.594,1980
262114106145618,0,0,56732,150.547,1980
262114156256914,0,0,56732,150.547,1980
262114206594051,0,0,56732,150.499,1980
262114256934717,0,0,56732,150.499,1980
262114307044601,0,0,56732,150.468,1980
262114357154624,0,0,56732,150.468,1980
262114407264869,0,0,56732,150.488,1980
262114457378262,0,0,56732,150.488,1980
262114507742373,0,0,56732,150.452,1980
262114557845838,0,0,56732,150.452,1980
262114607968394,0,0,56732,150.388,1980
262114658090844,0,0,56732,150.388,1980
262114708220968,0,0,56732,150.392,1980
262114758341879,0,0,56732,150.392,1980
262114808464160,0,0,56732,150.369,1980
262114858596182,0,0,56732,150.369,1980
262114908719823,0,0,56732,150.354,1980
262114958841562,0,0,56732,150.354,1980
262115008962765,0,0,56732,150.334,1980
262115059086611,0,0,56732,150.334,1980
262115109213426,0,0,56732,150.337,1980
262115159340086,0,0,56732,150.337,1980
262115209466278,0,0,56732,150.299,1980
262115259590892,0,0,56732,150.321,1980
262115309714624,0,0,56732,150.321,1980
262115359840775,0,0,56732,150.257,1980
262115409965268,0,0,56732,150.257,1980
262115460089068,0,0,56732,150.228,1980
262115510210771,0,0,56732,150.228,1980
262115560335095,0,0,56732,150.228,1980
262115610461151,0,0,56732,150.228,1980
262115660579607,0,0,56732,150.205,1980
262115710695799,0,0,56732,150.205,1980
262115760813472,0,0,56732,150.2,1980
262115810932024,0,0,56732,150.2,1980
262115861054263,0,0,56732,150.186,1980
262116201603700,0,0,56732,150.202,1980
262121026615431,0,0,56732,150.126,1980
262121659804548,0,0,56732,150.109,1980
262122992595513,0,0,56732,150.069,1980
262123052843958,0,0,56732,150.069,1980
262123123211411,0,0,56732,150.092,1980
262123193567207,0,0,56732,150.098,1980
262123269211041,0,0,56732,150.092,1980
262123334810545,0,0,56732,150.092,1980
262123395345536,0,0,56732,150.076,1980
262123461277154,0,0,56732,150.076,1980
262123526654897,0,0,56732,150.082,1980
262123597160244,0,0,56732,150.084,1980
262123668365327,0,0,56732,150.093,1980
262123734525647,0,0,56732,150.093,1980
262123805334734,0,0,56732,150.075,1980
262123870643166,0,0,56732,150.068,1980
262123935950975,0,0,56732,150.068,1980
262124002226445,0,0,56732,150.075,1980
262124067542048,0,0,56732,150.05,1980
262124133453434,0,0,56732,150.05,1980
262124203824568,0,0,56732,150.058,1980
262124269807091,0,0,56732,150.035,1980
262124651802791,0,0,56732,150.046,1980
262124702825415,0,0,56732,150.01,1980
262124753915079,0,0,56732,150.01,1980
262124804588419,0,0,56732,150.468,1980
262124855598594,0,0,56732,150.468,1980
262124905755480,2,2,56732,151.102,1980
262124957049569,2,2,56732,151.102,1980
262125007210470,2,2,56732,165.426,1980
262125058992450,2,2,56732,165.426,1980
262125109123868,66,34,56732,184.144,1980
262125159728681,66,34,56732,184.144,1980
262125210838210,66,34,56732,202.631,1980
262125261551098,66,34,56732,202.631,1980
262125311686558,76,39,56732,223.286,1980
262125361804881,76,39,56732,223.286,1980
262125411960581,76,39,56732,244.19,1980
262125462339848,76,39,56732,244.19,1980
262125512758512,97,51,56732,265.159,1980
262125562911105,97,51,56732,285.284,1980
262125613063638,97,51,56732,285.284,1980
262125663179687,97,51,56732,304.771,1980
262125713290989,94,50,56732,304.771,1980
262125763419605,94,50,56732,353.529,1980
262125813545476,94,50,56732,353.529,1980
262125863652816,97,49,56732,395.027,1980
262125913759542,97,49,56732,395.027,1980
262125963867336,97,49,56732,425.033,1980
262126013988386,97,49,56732,425.033,1980
262126064091797,85,45,56732,447.037,1980
262126114204082,85,45,56732,447.037,1980
262126164312574,85,45,56732,466.558,1980
262126214422205,85,45,56732,466.558,1980
262126264532416,95,51,56732,488.834,1980
262126314638750,95,51,56732,488.834,1980
262126364921402,95,51,56732,509.128,1980
262126415051350,95,51,56732,509.128,1980
262126465166985,98,54,56732,524.73,1980
262126515273584,98,54,56732,524.73,1980
262126565389556,98,54,56732,545.398,1980
262126615516769,98,54,56732,545.398,1980
262126665628903,93,53,56732,570.608,1980
262126715735989,93,53,56732,570.608,1980
262126765845796,93,53,56732,567.76,1980
262126815952026,93,53,56732,567.76,1980
262126866054293,96,55,56732,558.886,1980
262126916170304,96,55,56732,558.886,1980
262126966279991,96,55,56732,556.175,1980
262127017053901,96,55,56732,556.175,1980
262127068019019,48,38,56732,525.001,1980
262127118895996,48,38,56732,525.001,1980
262127169548708,48,38,56732,486.96,1980
262127219682667,48,38,56732,486.96,1980
262127269865520,13,6,56732,454.349,1980
262127320941736,13,6,56732,454.349,1980
262127372303350,13,6,56732,436.079,1980
262127422465322,13,6,56732,436.079,1980
262127473390876,67,35,56732,412.367,1980
262127523514802,67,35,56732,412.367,1980
262127573662797,67,35,56732,391.036,1980
262127623778449,67,35,56732,391.036,1980
262127674633534,73,38,56732,368.362,1980
262127724772611,73,38,56732,368.362,1980
262127774911952,73,38,56732,351.466,1980
262127825060300,73,38,56732,351.466,1980
262127875867714,86,44,56732,335.647,1980
262127926561054,86,44,56732,335.647,1980
262127977132390,86,44,56732,317.242,1980
262128037842598,86,44,56732,317.242,1980
262128087970065,93,49,56732,317.385,1980
262128138076220,93,49,56732,317.385,1980
262128188187409,93,49,56732,369.318,1980
262128238307670,93,49,56732,369.318,1980
262128288434776,98,51,56732,409.117,1980
262128338545581,98,51,56732,409.117,1980
262128388760644,98,51,56732,430.796,1980
262128438871150,98,51,56732,430.796,1980
262128488984469,87,47,56732,453.736,1980
262128539112107,87,47,56732,453.736,1980
262128589959995,87,47,56732,477.617,1980
262128640073765,87,47,56732,477.617,1980
262128690180711,94,52,56732,496.055,1980
262128740305575,94,52,56732,496.055,1980
262128790418045,94,52,56732,521.283,1980
262128840532923,94,52,56732,521.283,1980
262128890641711,98,55,56732,542.798,1980
262128940751350,98,55,56732,542.798,1980
262128990881526,98,55,56732,561.052,1980
262129041005757,98,55,56732,561.052,1980
262129091113691,92,53,56732,590.201,1980
262129141217874,92,53,56732,590.201,1980
262129191320847,92,53,56732,581.056,1980
262129241436886,92,53,56732,581.056,1980
262129291541498,94,54,56732,574.748,1980
262129341651679,94,54,56732,574.748,1980
262129391821142,94,54,56732,574.286,1980
262129442670668,94,54,56732,574.286,1980
262129493499084,30,29,56732,537.636,1980
262129544127090,30,29,56732,537.636,1980
262129594253447,30,29,56732,493.35,1980
262129644431528,30,29,56732,493.35,1980
262129695386388,25,12,56732,466.826,1980
262129747158046,25,12,56732,466.826,1980
262129798368372,25,12,56732,446.175,1980
262129848475048,25,12,56732,446.175,1980
262129898672053,68,35,56732,421.058,1980
262129948790737,68,35,56732,421.058,1980
262129998913866,68,35,56732,395.691,1980
262130049108093,68,35,56732,395.691,1980
262130099630042,84,43,56732,377.984,1980
262130149839240,84,43,56732,377.984,1980
262130199963335,84,43,56732,360.125,1980
262130250199354,84,43,56732,360.125,1980
262130300396050,100,52,56732,340.853,1980
262130351056296,100,52,56732,340.853,1980
262130401174175,100,52,56732,310.798,1980
262130451303156,100,52,56732,310.798,1980
262130501435539,71,36,56732,354.633,1980
262130551544502,71,36,56732,354.633,1980
262130601651789,71,36,56732,398.228,1980
262130651771897,71,36,56732,398.228,1980
262130701887617,97,49,56732,432.633,1980
262130751997127,97,49,56732,432.633,1980
262130802114348,97,49,56732,453.402,1980
262130852224200,97,49,56732,453.402,1980
262130902348678,92,51,56732,472.285,1980
262130952458830,92,51,56732,472.285,1980
262131002563108,92,51,56732,488.911,1980
262131052674489,92,51,56732,488.911,1980
262131102787234,95,55,56732,503.777,1980
262131152904607,95,55,56732,503.777,1980
262131203014518,95,55,56732,522.216,1980
262131253152334,95,55,56732,522.216,1980
262131303262959,95,53,56732,535.381,1980
262131353373271,95,53,56732,535.381,1980
262131403496721,95,53,56732,557.138,1980
262131453604448,95,53,56732,557.138,1980
262131503716211,92,53,56732,552.217,1980
262131553921420,92,53,56732,552.217,1980
262131604036797,92,53,56732,541.324,1980
262131654144247,92,53,56732,541.324,1980
262131705018652,94,62,56732,527.922,1980
262131755909764,94,62,56732,527.922,1980
262131806857124,94,62,56732,492.969,1980
262131856967836,94,62,56732,492.969,1980
262131908591823,2,2,56732,453.438,1980
262131958743226,2,2,56732,453.438,1980
262132010276230,2,2,56732,432.294,1980
262132062151113,2,2,56732,432.294,1980
262132113323551,66,34,56732,411.752,1980
262132163490914,66,34,56732,411.752,1980
262132213656260,66,34,56732,398.983,1980
262132263836128,66,34,56732,398.983,1980
262132313962256,82,42,56732,376.767,1980
262132364100141,82,42,56732,376.767,1980
262132414235832,82,42,56732,357.13,1980
262132464377485,82,42,56732,357.13,1980
262132514743681,100,53,56732,342.005,1980
262132564868106,100,53,56732,342.005,1980
262132614993688,100,53,56732,325.314,1980
262132665122610,100,53,56732,325.314,1980
262132715231393,73,37,56732,335.791,1980
262132765352425,73,37,56732,335.791,1980
262132816820411,73,37,56732,382.558,1980
262132866935556,73,37,56732,382.558,1980
262132917066909,89,44,56732,425.226,1980
262132967212626,89,44,56732,425.226,1980
262133017462223,89,44,56732,450.271,1980
262133067582614,89,44,56732,450.271,1980
262133117690332,93,51,56732,468.613,1980
262133167799529,93,51,56732,520.83,1980
262133217912299,93,51,56732,491.363,1980
262133268403358,92,51,56732,509.092,1980
262133318513050,92,51,56732,509.092,1980
262133368623381,92,51,56732,525.916,1980
262133418731451,92,51,56732,525.916,1980
262133468839722,92,52,56732,548.332,1980
262133518967789,92,52,56732,548.332,1980
262133569046495,92,52,56732,572.445,1980
262133619175392,92,52,56732,572.445,1980
262133669285276,95,53,56732,568.361,1980
262133719447333,95,53,56732,568.361,1980
262133769562666,95,53,56732,553.316,1980
262133820507117,95,53,56732,553.316,1980
262133871574730,15,16,56732,507.365,1980
262133922599140,15,16,56732,507.365,1980
262133972734520,15,16,56732,470.833,1980
262134022904867,15,16,56732,470.833,1980
262134074194880,40,20,56732,447.003,1980
262134126087100,40,20,56732,447.003,1980
262134177460706,40,20,56732,422.813,1980
262134228901099,40,20,56732,422.813,1980
262134279074865,67,34,56732,405.825,1980
262134329212400,67,34,56732,405.825,1980
262134379357808,67,34,56732,384.725,1980
262134429521857,67,34,56732,384.725,1980
262134479684963,82,42,56732,365.548,1980
262134530042584,82,42,56732,365.548,1980
262134580201542,82,42,56732,351.594,1980
262134630367059,82,42,56732,351.594,1980
262134680886176,99,52,56732,328.97,1980
262134731044784,99,52,56732,328.97,1980
262134781162152,99,52,56732,313.191,1980
262134831278597,99,52,56732,313.191,1980
262134881398164,76,40,56732,360.2,1980
262134931523363,76,40,56732,360.2,1980
262134981641228,76,40,56732,405.931,1980
262135031754285,76,40,56732,405.931,1980
262135081874302,97,51,56732,434.586,1980
262135131990894,97,51,56732,434.586,1980
262135182117955,97,51,56732,456.156,1980
262135232232630,97,51,56732,456.156,1980
262135282341397,95,50,56732,480.591,1980
262135332463513,95,50,56732,480.591,1980
262135382580332,95,50,56732,502.683,1980
262135432692900,95,50,56732,502.683,1980
262135482812133,98,55,56732,527.559,1980
262135532921854,98,55,56732,527.559,1980
262135587325557,98,55,56732,548.804,1980
262135637447032,98,55,56732,548.804,1980
262135687556166,93,52,56732,563.469,1980
262135737666737,93,52,56732,563.469,1980
262135787783269,93,52,56732,583.468,1980
262135837896316,93,52,56732,583.468,1980
262135888012094,98,56,56732,588.056,1980
262135938121285,98,56,56732,588.056,1980
262135988232531,98,56,56732,582.003,1980
262136038353949,98,56,56732,582.003,1980
262136088484324,93,53,56732,578.715,1980
262136139010859,93,53,56732,578.715,1980
262136189676782,93,53,56732,569.339,1980
262136240389091,93,53,56732,569.339,1980
262136291101297,8,8,56732,526.114,1980
262136342074587,8,8,56732,526.114,1980
262136393384556,8,8,56732,487.563,1980
262136443595915,8,8,56732,487.563,1980
262136495435345,44,22,56732,461.104,1980
262136545559206,44,22,56732,461.104,1980
262136597106905,44,22,56732,438.792,1980
262136648199603,44,22,56732,438.792,1980
262136698336026,67,35,56732,420.097,1980
262136749181730,67,35,56732,420.097,1980
262136799624032,67,35,56732,394.806,1980
262136849770075,67,35,56732,394.806,1980
262136899938806,87,45,56732,372.8,1980
262136950363552,87,45,56732,372.8,1980
262137000478912,87,45,56732,355.503,1980
262137050660096,87,45,56732,355.503,1980
262137100788509,100,53,56732,328.479,1980
262137150914452,100,53,56732,328.479,1980
262137201053454,100,53,56732,320.463,1980
262137251165877,100,53,56732,320.463,1980
262137301304480,97,49,56732,370.611,1980
262137351419898,97,49,56732,370.611,1980
262137401529578,97,49,56732,415.57,1980
262137451642532,97,49,56732,415.57,1980
262137501752024,89,44,56732,439.476,1980
262137551867325,89,44,56732,439.476,1980
262137601973867,89,44,56732,462.639,1980
262137652081718,89,44,56732,462.639,1980
262137702194300,98,54,56732,482.237,1980
262137752300495,98,54,56732,482.237,1980
262137802455551,98,54,56732,496.962,1980
262137852565740,98,54,56732,496.962,1980
262137902685856,92,52,56732,519.075,1980
262137952799681,92,52,56732,519.075,1980
262138003627406,92,52,56732,544.983,1980
262138053744320,92,52,56732,544.983,1980
262138103854674,94,51,56732,563.408,1980
262138153966003,94,51,56732,563.408,1980
262138204074829,94,51,56732,585.11,1980
262138254191179,94,51,56732,585.11,1980
262138304308639,98,54,56732,581.971,1980
262138354433734,98,54,56732,581.971,1980
262138405771901,98,54,56732,584.942,1980
262138456666221,98,54,56732,584.942,1980
262138507381292,54,42,56732,557.149,1980
262138558012142,54,42,56732,557.149,1980
262138608994617,54,42,56732,517.053,1980
262138660437838,54,42,56732,517.053,1980
262138710590380,11,6,56732,484.248,1980
262138763328081,11,6,56732,484.248,1980
262138813832807,11,6,56732,466.238,1980
262138865112254,11,6,56732,466.238,1980
262138916135735,68,34,56732,445.683,1980
262138967044488,68,34,56732,445.683,1980
262139017743388,68,34,56732,419.703,1980
262139067865065,68,34,56732,419.703,1980
262139118041477,84,43,56732,398.393,1980
262139168519582,84,43,56732,398.393,1980
262139218879559,84,43,56732,379.009,1980
262139269019398,84,43,56732,379.009,1980
262139319177511,100,53,56732,355.397,1980
262139369313691,100,53,56732,355.397,1980
262139419440783,100,53,56732,325.088,1980
262139469551986,100,53,56732,325.088,1980
262139519678883,78,40,56732,352.201,1980
262139569795222,78,40,56732,352.201,1980
262139619913202,78,40,56732,394.367,1980
262139670029812,78,40,56732,394.367,1980
262139720139283,97,50,56732,438.551,1980
262139770248122,97,50,56732,438.551,1980
262139822154918,97,50,56732,461.123,1980
262139872277533,92,50,56732,484.657,1980
262139922386226,92,50,56732,484.657,1980
262139972493394,92,50,56732,502.566,1980
262140022637404,92,50,56732,502.566,1980
262140153591291,94,55,56732,521.209,1980
262140203709501,94,55,56732,538.649,1980
262140253811377,94,55,56732,538.649,1980
262140303921579,92,53,56732,561.936,1980
262140354027301,92,53,56732,561.936,1980
262140404129310,92,53,56732,586.884,1980
262140454230317,92,53,56732,586.884,1980
262140504331145,94,52,56732,585.017,1980
262140554451730,94,52,56732,585.017,1980
262140604557780,94,52,56732,575.994,1980
262140654668189,94,52,56732,575.994,1980
262140704775786,97,55,56732,568.442,1980
262140755736820,97,55,56732,568.442,1980
262140806518170,97,55,56732,537.253,1980
262140857188926,97,55,56732,537.253,1980
262140907360527,2,2,56732,493.468,1980
262140959272620,2,2,56732,493.468,1980
262141010856644,2,2,56732,465.9,1980
262141061056912,2,2,56732,465.9,1980
262141112096891,67,34,56732,440.945,1980
262141162246860,67,34,56732,440.945,1980
262141212476697,67,34,56732,420.466,1980
262141263451271,67,34,56732,420.466,1980
262141314132917,74,38,56732,403.226,1980
262141364238508,74,38,56732,403.226,1980
262141414471565,74,38,56732,378.001,1980
262141464631713,74,38,56732,378.001,1980
262141514763558,96,50,56732,362.039,1980
262141564876049,96,50,56732,362.039,1980
262141614991683,96,50,56732,339.013,1980
262141665109106,96,50,56732,339.013,1980
262141715210011,100,53,56732,318.735,1980
262141765308384,100,53,56732,318.735,1980
262141815409349,100,53,56732,355.272,1980
262141865525854,100,53,56732,355.272,1980
262141915626422,97,50,56732,397.837,1980
262141965735039,97,50,56732,397.837,1980
262142015835675,97,50,56732,434.019,1980
262142066954824,97,50,56732,434.019,1980
262142117045352,88,47,56732,457.348,1980
262142167145211,88,47,56732,457.348,1980
262142217247083,88,47,56732,478.778,1980
262142267350736,88,47,56732,478.778,1980
262142317451969,94,51,56732,495.782,1980
262142367556301,94,51,56732,495.782,1980
262142417655257,94,51,56732,516.91,1980
262142467762209,94,51,56732,516.91,1980
262142517870404,98,55,56732,537.323,1980
262142567976495,98,55,56732,537.323,1980
262142618079301,98,55,56732,557.557,1980
262142668183463,98,55,56732,557.557,1980
262142718292444,92,53,56732,579.949,1980
262142768402114,92,53,56732,579.949,1980
262142818506299,92,53,56732,573.847,1980
262142868609555,92,53,56732,573.847,1980
262142918711584,94,52,56732,564.003,1980
262142971427038,94,52,56732,564.003,1980
262143022131491,94,52,56732,557.109,1980
262143072943952,94,52,56732,522.775,1980
262143124040204,25,25,56732,522.775,1980
262143178396465,25,25,56732,485.277,1980
262143229014895,25,25,56732,485.277,1980
262143279122557,30,15,56732,456.054,1980
262143330635740,30,15,56732,456.054,1980
262143381646397,30,15,56732,432.131,1980
262143431797367,30,15,56732,432.131,1980
262143481968803,68,35,56732,412.071,1980
262143532421331,68,35,56732,412.071,1980
262143583543477,68,35,56732,394.158,1980
262143633663178,68,35,56732,394.158,1980
262143683810503,84,43,56732,374.744,1980
262143734292280,84,43,56732,374.744,1980
262143784457756,84,43,56732,357.999,1980
262143834586844,84,43,56732,357.999,1980
262143884687704,100,53,56732,336.434,1980
262143936865872,100,53,56732,336.434,1980
262143986990292,100,53,56732,318.745,1980
262144037102052,100,53,56732,318.745,1980
262144087213831,79,41,56732,362.147,1980
262144137311634,79,41,56732,362.147,1980
262144187410443,79,41,56732,410.843,1980
262144237513583,79,41,56732,410.843,1980
262144287617095,98,50,56732,441.747,1980
262144337722793,98,50,56732,441.747,1980
262144387826018,98,50,56732,466.801,1980
262144437927783,98,50,56732,466.801,1980
262144488030429,92,51,56732,487.422,1980
262144538131109,92,51,56732,487.422,1980
262144588230199,92,51,56732,508.257,1980
262144638332520,92,51,56732,508.257,1980
262144688435912,92,54,56732,527.815,1980
262144738534762,92,54,56732,527.815,1980
262144788633498,92,54,56732,544.985,1980
262144838734008,92,54,56732,544.985,1980
262144888835984,93,53,56732,564.018,1980
262144938944027,93,53,56732,564.018,1980
262144989045183,93,53,56732,590.518,1980
262145039145670,93,53,56732,590.518,1980
262145089245252,95,53,56732,581.191,1980
262145139346797,95,53,56732,581.191,1980
262145189453002,95,53,56732,570.654,1980
262145239552510,95,53,56732,570.654,1980
262145289654637,92,53,56732,565.01,1980
262145340618265,92,53,56732,565.01,1980
262145391522669,92,53,56732,537.61,1980
262145442525403,92,53,56732,537.61,1980
262145493637126,2,2,56732,496.623,1980
262145544574819,2,2,56732,496.623,1980
262145594767437,2,2,56732,463.333,1980
262145646365651,2,2,56732,463.333,1980
262145696516001,65,33,56732,437.953,1980
262145746644369,65,33,56732,437.953,1980
262145796760222,65,33,56732,414.862,1980
262145848037250,65,33,56732,414.862,1980
262145898285794,73,37,56732,389.832,1980
262145949112408,73,37,56732,389.832,1980
262145999694588,73,37,56732,374.368,1980
262146050301106,73,37,56732,374.368,1980
262146101021863,89,45,56732,357.291,1980
262146151142051,89,45,56732,357.291,1980
262146201252340,89,45,56732,339.993,1980
262146251448322,89,45,56732,339.993,1980
262146301570817,100,53,56732,322.169,1980
262146351681557,100,53,56732,322.169,1980
262146401792527,100,53,56732,344.316,1980
262146451893861,100,53,56732,344.316,1980
262146501994502,97,51,56732,404.759,1980
262146552114352,97,51,56732,404.759,1980
262146602223486,97,51,56732,437.98,1980
262146652326324,97,51,56732,437.98,1980
262146702443175,86,47,56732,466.042,1980
262146752552926,86,47,56732,466.042,1980
262146802656566,86,47,56732,488.548,1980
262146852760541,86,47,56732,488.548,1980
262146902859967,92,54,56732,509.195,1980
262146952971912,92,54,56732,509.195,1980
262147003077549,92,54,56732,530.381,1980
262147053179592,92,54,56732,530.381,1980
262147103280671,93,53,56732,549.134,1980
262147153381172,93,53,56732,549.134,1980
262147203488960,93,53,56732,568.534,1980
262147253587171,93,53,56732,568.534,1980
262147303687918,95,52,56732,582.737,1980
262147353836495,95,52,56732,582.737,1980
262147403962574,95,52,56732,587.695,1980
262147454094711,95,52,56732,587.695,1980
262147504216455,98,55,56732,578.433,1980
262147554328739,98,55,56732,578.433,1980
262147605856420,98,55,56732,571.271,1980
262147656733213,98,55,56732,571.271,1980
262147707806459,58,44,56732,536.468,1980
262147758669167,58,44,56732,536.468,1980
262147810147617,58,44,56732,495.881,1980
262147861318295,58,44,56732,495.881,1980
262147911441391,11,5,56732,461.408,1980
262147962388771,11,5,56732,461.408,1980
262148013186988,11,5,56732,442.883,1980
262148063574314,11,5,56732,442.883,1980
262148113692242,68,35,56732,419.071,1980
262148163798255,68,35,56732,419.071,1980
262148213930422,68,35,56732,398.701,1980
262148264537366,68,35,56732,398.701,1980
262148314673580,93,47,56732,388.451,1980
262148365004252,93,47,56732,388.451,1980
262148415224886,93,47,56732,364.602,1980
262148465381137,93,47,56732,364.602,1980
262148515542076,100,53,56732,343.911,1980
262148565663416,100,53,56732,343.911,1980
262148615768379,100,53,56732,324.527,1980
262148665880103,100,53,56732,324.527,1980
262148715988212,75,37,56732,361.554,1980
262148766158345,75,37,56732,361.554,1980
262148816267338,75,37,56732,407.68,1980
262148866380283,75,37,56732,407.68,1980
262148916491265,97,48,56732,443.451,1980
262148966603905,97,48,56732,443.451,1980
262149016704021,97,48,56732,468.175,1980
262149066808229,97,48,56732,468.175,1980
262149116909185,92,50,56732,488.091,1980
262149167014143,92,50,56732,488.091,1980
262149217117699,92,50,56732,508.308,1980
262149267231753,92,50,56732,508.308,1980
262149317390240,95,52,56732,524.119,1980
262149367523265,95,52,56732,524.119,1980
262149417629016,95,52,56732,536.004,1980
262149467745637,95,52,56732,536.004,1980
262149517861167,92,52,56732,553.688,1980
262149567963452,92,52,56732,553.688,1980
262149618062427,92,52,56732,581.475,1980
262149668162112,92,52,56732,581.475,1980
262149718270191,93,52,56732,575.529,1980
262149768387978,93,52,56732,575.529,1980
262149818490813,93,52,56732,566.83,1980
262149868597256,93,52,56732,566.83,1980
262149919256064,93,55,56732,553.443,1980
262149970207638,93,55,56732,553.443,1980
262150021256512,93,55,56732,512.61,1980
262150071391085,93,55,56732,512.61,1980
262150122921655,2,2,56732,470.843,1980
262150173785833,2,2,56732,470.843,1980
262150225565604,2,2,56732,445.58,1980
262150277100915,2,2,56732,429.234,1980
262150328826541,66,34,56732,429.234,1980
262150378948564,66,34,56732,411.549,1980
262150429091322,66,34,56732,411.549,1980
262150480078871,72,37,56732,389.692,1980
262150530449001,72,37,56732,389.692,1980
262150580574393,72,37,56732,371.453,1980
262150630687862,72,37,56732,371.453,1980
262150680857568,91,47,56732,352.176,1980
262150731019634,91,47,56732,352.176,1980
262150781145772,91,47,56732,331.75,1980
262150831252479,91,47,56732,331.75,1980
262150881360113,100,53,56732,319.853,1980
262150931461437,100,53,56732,319.853,1980
262150981561885,100,53,56732,368.642,1980
262151031663645,100,53,56732,368.642,1980
262151081845827,97,48,56732,416.079,1980
262151131951661,97,48,56732,416.079,1980
262151182059891,97,48,56732,436.966,1980
262151232162048,97,48,56732,436.966,1980
262151282261316,92,48,56732,459.691,1980
262151332361898,92,48,56732,459.691,1980
262151382491207,92,48,56732,477.431,1980
262151432595718,92,48,56732,477.431,1980
262151482756593,92,52,56732,493.546,1980
262151532872470,92,52,56732,493.546,1980
262151582978502,92,52,56732,515.722,1980
262151633079928,92,52,56732,515.722,1980
262151683179679,95,51,56732,530.244,1980
262151733289024,95,51,56732,530.244,1980
262151783393982,95,51,56732,554.424,1980
262151835441648,95,51,56732,554.424,1980
262151885543428,98,55,56732,571.612,1980
262151935642100,98,55,56732,571.612,1980
262151985740418,98,55,56732,559.595,1980
262152035841143,98,55,56732,559.595,1980
262152085940713,92,52,56732,549.081,1980
262152136517212,92,52,56732,549.081,1980
262152187471652,92,52,56732,518.138,1980
262152238278881,92,52,56732,518.138,1980
262152289119535,2,2,56732,479.163,1980
262152339475941,2,2,56732,479.163,1980
262152390055507,2,2,56732,452.943,1980
262152441267912,2,2,56732,452.943,1980
262152491430489,64,33,56732,431.388,1980
262152541696724,64,33,56732,431.388,1980
262152591952476,64,33,56732,413.36,1980
262152642097878,64,33,56732,413.36,1980
262152692905246,75,38,56732,390.163,1980
262152743041002,75,38,56732,390.163,1980
262152793171489,75,38,56732,371.265,1980
262152843330043,75,38,56732,371.265,1980
262152893536913,96,50,56732,356.229,1980
262152943661622,96,50,56732,356.229,1980
262152993771984,96,50,56732,341.094,1980
262153051658315,96,50,56732,341.094,1980
262153101760050,100,53,56732,325.66,1980
262153151865022,100,53,56732,325.66,1980
262153201967874,100,53,56732,363.083,1980
262153252082892,100,53,56732,363.083,1980
262153302202111,97,49,56732,405.73,1980
262153352301963,97,49,56732,405.73,1980
262153402401033,97,49,56732,443.494,1980
262153453634102,97,49,56732,443.494,1980
262153503738472,88,47,56732,462.8,1980
262153553849368,88,47,56732,462.8,1980
262153603953616,88,47,56732,478.125,1980
262153654063225,88,47,56732,478.125,1980
262153704166983,90,51,56732,495.248,1980
262153754267603,90,51,56732,495.248,1980
262153804366681,90,51,56732,510.703,1980
262153854467523,90,51,56732,510.703,1980
262153904567282,93,53,56732,524.282,1980
262153954667597,93,53,56732,524.282,1980
262154004777583,93,53,56732,544.928,1980
262154054886409,93,53,56732,544.928,1980
262154104996176,95,53,56732,563.472,1980
262154155104937,95,53,56732,563.472,1980
262154205211802,95,53,56732,558.152,1980
262154255323732,95,53,56732,558.152,1980
262154305424552,92,52,56732,546.262,1980
262154356361303,92,52,56732,546.262,1980
262154407394816,92,52,56732,512.904,1980
262154458253389,92,52,56732,512.904,1980
262154509030366,2,2,56732,477.855,1980
262154560585922,2,2,56732,477.855,1980
262154610693774,2,2,56732,445.437,1980
262154662080208,2,2,56732,445.437,1980
262154712233503,59,29,56732,426.958,1980
262154763741060,59,29,56732,426.958,1980
262154815431797,59,29,56732,412.988,1980
262154866396106,59,29,56732,412.988,1980
262154917350198,72,37,56732,396.034,1980
262154967453418,72,37,56732,396.034,1980
262155017642362,72,37,56732,373.789,1980
262155067802916,72,37,56732,373.789,1980
262155117977358,96,50,56732,354.556,1980
262155168048252,96,50,56732,354.556,1980
262155218229261,96,50,56732,337.208,1980
262155272232430,96,50,56732,337.208,1980
262155322339939,100,53,56732,321.795,1980
262155372452334,100,53,56732,321.795,1980
262155422556786,100,53,56732,348.263,1980
262155472660931,100,53,56732,348.263,1980
262155522776379,98,52,56732,401.875,1980
262155572885837,98,52,56732,401.875,1980
262155622996834,98,52,56732,441.646,1980
262155673102827,98,52,56732,441.646,1980
262155723204564,89,46,56732,462.078,1980
262155773306935,89,46,56732,462.078,1980
262155823405916,89,46,56732,487.528,1980
262155873518826,89,46,56732,487.528,1980
262155923623821,98,56,56732,507.112,1980
262155973727420,98,56,56732,507.112,1980
262156023843060,98,56,56732,524.95,1980
262156073949340,98,56,56732,524.95,1980
262156124055295,93,54,56732,548.783,1980
262156174161857,93,54,56732,548.783,1980
262156224264937,93,54,56732,562.743,1980
262156274370446,93,54,56732,562.743,1980
262156324471903,98,57,56732,582.07,1980
262156374575156,98,57,56732,582.07,1980
262156424678673,98,57,56732,582.514,1980
262156474780846,98,57,56732,582.514,1980
262156524884216,93,55,56732,573.846,1980
262156574985286,93,55,56732,573.846,1980
262156625085823,93,55,56732,567.657,1980
262156675191435,93,55,56732,567.657,1980
262156726243003,98,58,56732,557.567,1980
262156776900886,98,58,56732,557.567,1980
262156827842639,98,58,56732,518.026,1980
262156878080037,98,58,56732,518.026,1980
262156929614877,2,2,56732,476.152,1980
262156979771574,2,2,56732,452.359,1980
262157029914337,2,2,56732,452.359,1980
262157080342067,66,33,56732,433.402,1980
262157131108128,66,33,56732,433.402,1980
262157181908028,66,33,56732,408.363,1980
262157232575069,66,33,56732,408.363,1980
262157283770751,75,38,56732,388.493,1980
262157334596817,75,38,56732,388.493,1980
262157384708500,75,38,56732,369.742,1980
262157434853048,75,38,56732,369.742,1980
262157485127840,90,46,56732,351.784,1980
262157535247092,90,46,56732,351.784,1980
262157585411800,90,46,56732,337.261,1980
262157635564771,90,46,56732,337.261,1980
262157685668900,100,53,56732,319.71,1980
262157735787180,100,53,56732,319.71,1980
262157785899836,100,53,56732,365.233,1980
262157836010172,100,53,56732,365.233,1980
262157886111448,97,48,56732,410.263,1980
262157936230678,97,48,56732,410.263,1980
262157986341389,97,48,56732,439.537,1980
262158036444200,97,48,56732,439.537,1980
262158086564296,87,45,56732,464.597,1980
262158136667405,87,45,56732,464.597,1980
262158186768136,87,45,56732,485.164,1980
262158236884804,87,45,56732,485.164,1980
262158286993559,95,53,56732,504.972,1980
262158337823703,95,53,56732,504.972,1980
262158387926522,95,53,56732,528.592,1980
262158438029632,95,53,56732,528.592,1980
262158488127761,93,52,56732,549.281,1980
262158538236171,93,52,56732,549.281,1980
262158588645458,93,52,56732,573.78,1980
262158638753169,93,52,56732,573.78,1980
262158688853295,94,50,56732,589.479,1980
262158738953802,94,50,56732,589.479,1980
262158789055311,94,50,56732,582.28,1980
262158839617873,94,50,56732,582.28,1980
262158889720044,98,54,56732,579.418,1980
262158939819961,98,54,56732,579.418,1980
262158989921784,98,54,56732,575.795,1980
262159040891719,98,54,56732,575.795,1980
262159091459851,57,43,56732,542.827,1980
262159142467496,57,43,56732,542.827,1980
262159193259091,57,43,56732,500.127,1980
262159244327908,57,43,56732,500.127,1980
262159294470376,11,5,56732,470.451,1980
262159346186486,11,5,56732,470.451,1980
262159396312907,11,5,56732,448.299,1980
262159446471220,11,5,56732,448.299,1980
262159496706153,66,34,56732,423.862,1980
262159546909720,66,34,56732,423.862,1980
262159597253320,66,34,56732,402.277,1980
262159647387541,66,34,56732,402.277,1980
262159698033366,87,45,56732,383.557,1980
262159748409125,87,45,56732,383.557,1980
262159798583548,87,45,56732,363.35,1980
262159848785880,87,45,56732,363.35,1980
262159898888602,100,53,56732,340.993,1980
262159950258568,100,53,56732,340.993,1980
262160000371003,100,53,56732,323.116,1980
262160050478496,100,53,56732,323.116,1980
262160100583333,78,41,56732,362.731,1980
262160150752084,78,41,56732,362.731,1980
262160200855079,78,41,56732,409.508,1980
262160250953982,78,41,56732,409.508,1980
262160301057303,97,49,56732,438.474,1980
262160351164528,97,49,56732,438.474,1980
262160401268345,97,49,56732,457.842,1980
262160451369963,97,49,56732,457.842,1980
262160501470121,93,51,56732,481.482,1980
262160551571140,93,51,56732,481.482,1980
262160601670304,93,51,56732,500.388,1980
262160651784295,93,51,56732,500.388,1980
262160701889105,94,54,56732,517.099,1980
262160752000004,94,54,56732,517.099,1980
262160802110437,94,54,56732,534.544,1980
262160852213541,94,54,56732,534.544,1980
262160902316121,93,53,56732,553.158,1980
262160952423989,93,53,56732,553.158,1980
262161002530405,93,53,56732,573.561,1980
262161052637427,93,53,56732,573.561,1980
262161103639095,92,52,56732,567.433,1980
262161153744325,92,52,56732,567.433,1980
262161203846876,92,52,56732,559.344,1980
262161253994413,92,52,56732,559.344,1980
262161304959246,93,55,56732,547.355,1980
262161355933757,93,55,56732,547.355,1980
262161406539666,93,55,56732,509.987,1980
262161457119657,93,55,56732,509.987,1980
262161507271668,2,2,56732,470.367,1980
262161558843877,2,2,56732,470.367,1980
262161608970350,2,2,56732,449.261,1980
262161660422553,2,2,56732,449.261,1980
262161711188007,66,34,56732,431.514,1980
262161761490961,66,34,56732,431.514,1980
262161811642021,66,34,56732,406.8,1980
262161862584966,66,34,56732,406.8,1980
262161912815881,80,40,56732,386.973,1980
262161962941983,80,40,56732,386.973,1980
262162013105865,80,40,56732,370.548,1980
262162063209891,80,40,56732,370.548,1980
262162113312691,100,53,56732,349.505,1980
262162163478192,100,53,56732,349.505,1980
262162215204272,100,53,56732,329.644,1980
262162265308984,100,53,56732,329.644,1980
262162315408798,69,36,56732,323.413,1980
262162365534579,69,36,56732,323.413,1980
262162415636233,69,36,56732,368.538,1980
262162465734094,69,36,56732,368.538,1980
262162515848796,97,54,56732,419.947,1980
262162565960830,97,54,56732,419.947,1980
262162616066337,97,54,56732,441.344,1980
262162666170016,97,54,56732,441.344,1980
262162716272732,86,49,56732,468.969,1980
262162766379335,86,49,56732,468.969,1980
262162817283084,86,49,56732,490.488,1980
262162867386928,86,49,56732,490.488,1980
262162917487503,95,57,56732,514.08,1980
262162967588822,95,57,56732,514.08,1980
262163017689926,95,57,56732,532.19,1980
262163067793124,95,57,56732,532.19,1980
262163117894887,93,56,56732,557.53,1980
262163167996340,93,56,56732,557.53,1980
262163218100349,93,56,56732,576.521,1980
262163268201764,93,56,56732,576.521,1980
262163318301373,95,57,56732,599.137,1980
262163368403403,95,57,56732,599.137,1980
262163418506079,95,57,56732,592.963,1980
262163468607774,95,57,56732,592.963,1980
262163518707594,93,56,56732,589.57,1980
262163568807039,93,56,56732,589.57,1980
262163618945964,93,56,56732,586.977,1980
262163669665041,93,56,56732,586.977,1980
262163720521925,95,61,56732,571.396,1980
262163771334650,95,61,56732,571.396,1980
262163821976208,95,61,56732,526.801,1980
262163872945896,95,61,56732,526.801,1980
262163923086104,2,2,56732,486.813,1980
262163974566576,2,2,56732,486.813,1980
262164025767156,2,2,56732,465.37,1980
262164077376041,2,2,56732,465.37,1980
262164127505653,66,34,56732,445.218,1980
262164177675680,66,34,56732,445.218,1980
262164228452079,66,34,56732,420.025,1980
262164278623247,66,34,56732,420.025,1980
262164328920197,82,42,56732,400.75,1980
262164379043128,82,42,56732,400.75,1980
262164429177196,82,42,56732,376.954,1980
262164479431730,82,42,56732,376.954,1980
262164529561343,100,52,56732,358.414,1980
262164579898727,100,52,56732,358.414,1980
262164630082932,100,52,56732,331.923,1980
262164680197413,100,52,56732,331.923,1980
262164730311181,80,41,56732,340.711,1980
262164780413442,80,41,56732,340.711,1980
262164830513739,80,41,56732,391.239,1980
262164880622424,80,41,56732,391.239,1980
262164930726910,97,49,56732,434.714,1980
262164980830141,97,49,56732,434.714,1980
262165030941693,97,49,56732,454.746,1980
262165081047237,97,49,56732,454.746,1980
262165131170754,93,50,56732,475.778,1980
262165181279073,93,50,56732,475.778,1980
262165231382365,93,50,56732,496.769,1980
262165281484597,93,50,56732,496.769,1980
262165331590941,96,53,56732,519.95,1980
262165381717042,96,53,56732,519.95,1980
262165431832720,96,53,56732,540.057,1980
262165481941431,96,53,56732,540.057,1980
262165532047119,93,53,56732,560.763,1980
262165584810184,93,53,56732,575.578,1980
262165634916715,93,53,56732,575.578,1980
262165685023417,95,54,56732,583.944,1980
262165735131164,95,54,56732,583.944,1980
262165785251276,95,54,56732,575.383,1980
262165835353521,95,54,56732,575.383,1980
262165886902394,96,53,56732,566.454,1980
262165937663139,96,53,56732,566.454,1980
262165988285988,96,53,56732,526.949,1980
262166039213477,96,53,56732,526.949,1980
262166093285997,2,2,56732,486.928,1980
262166144912800,2,2,56732,486.928,1980
262166195028031,2,2,56732,461.313,1980
262166246208598,2,2,56732,461.313,1980
262166297375594,66,34,56732,441.46,1980
262166347567063,66,34,56732,441.46,1980
262166397760329,66,34,56732,417.379,1980
262166447873581,66,34,56732,417.379,1980
262166497999316,72,37,56732,392.465,1980
262166548165023,72,37,56732,392.465,1980
262166598848846,72,37,56732,380.179,1980
262166649033140,72,37,56732,380.179,1980
262166699169934,93,48,56732,365.418,1980
262166749313595,93,48,56732,365.418,1980
262166799458817,93,48,56732,341.143,1980
262166854113659,93,48,56732,341.143,1980
262166904224591,100,53,56732,325.493,1980
262166954332724,100,53,56732,325.493,1980
262167004440392,100,53,56732,366.046,1980
262167054544071,100,53,56732,366.046,1980
262167104770461,97,49,56732,418.211,1980
262167154876178,97,49,56732,418.211,1980
262167204989614,97,49,56732,443.148,1980
262167255091411,97,49,56732,443.148,1980
262167305196055,87,46,56732,463.233,1980
262167355301511,87,46,56732,463.233,1980
262167405401595,87,46,56732,484.019,1980
262167455504575,87,46,56732,484.019,1980
262167505608984,93,52,56732,508.538,1980
262167555722556,93,52,56732,508.538,1980
262167605824260,93,52,56732,524.072,1980
262167655925370,93,52,56732,524.072,1980
262167706031031,93,54,56732,548.702,1980
262167756135904,93,54,56732,548.702,1980
262167806244719,93,54,56732,568.58,1980
262167856351456,93,54,56732,568.58,1980
262167906457918,93,53,56732,589.578,1980
262167956562286,93,53,56732,589.578,1980
262168006664724,93,53,56732,585.424,1980
262168056768186,93,53,56732,585.424,1980
262168106868458,93,52,56732,578.029,1980
262168156970628,93,52,56732,578.029,1980
262168207646123,93,52,56732,554.63,1980
262168258397930,93,52,56732,554.63,1980
262168309461616,4,3,56732,516.725,1980
262168359585356,4,3,56732,516.725,1980
262168409765467,4,3,56732,478.979,1980
262168459967844,4,3,56732,478.979,1980
262168511856839,46,23,56732,452.244,1980
262168563596582,46,23,56732,452.244,1980
262168613771698,46,23,56732,431.154,1980
262168664229294,46,23,56732,431.154,1980
262168714362881,71,36,56732,412.074,1980
262168765490939,71,36,56732,412.074,1980
262168815707880,71,36,56732,381.927,1980
262168866638917,71,36,56732,381.927,1980
262168916762285,77,40,56732,365.005,1980
262168966943552,77,40,56732,365.005,1980
262169017112585,77,40,56732,343.569,1980
262169067689918,77,40,56732,343.569,1980
262169118105260,96,49,56732,328.682,1980
262169168252382,96,49,56732,328.682,1980
262169218414114,96,49,56732,323.119,1980
262169268574293,96,49,56732,323.119,1980
262169318693330,72,38,56732,373.728,1980
262169368853480,72,38,56732,373.728,1980
262169418964436,72,38,56732,416.895,1980
262169469071523,72,38,56732,416.895,1980
262169519177176,97,50,56732,441.749,1980
262169569302239,97,50,56732,441.749,1980
262169619411397,97,50,56732,465.445,1980
262169669527460,97,50,56732,465.445,1980
262169719637030,93,51,56732,486.946,1980
262169769742323,93,51,56732,486.946,1980
262169819867516,93,51,56732,507.433,1980
262169869991510,93,51,56732,507.433,1980
262169920185972,95,52,56732,534.131,1980
262169970298503,95,52,56732,534.131,1980
262170020400150,95,52,56732,551.535,1980
262170070500748,95,52,56732,551.535,1980
262170120601916,98,55,56732,576.117,1980
262170170704752,98,55,56732,576.117,1980
262170220806833,98,55,56732,597.844,1980
262170270906684,98,55,56732,597.844,1980
262170321015900,93,53,56732,597.324,1980
262170371116938,93,53,56732,597.324,1980
262170421217593,93,53,56732,590.914,1980
262170471996544,93,53,56732,590.914,1980
262170523091268,88,60,56732,566.622,1980
262170574157653,88,60,56732,566.622,1980
262170625096652,88,60,56732,523.19,1980
262170675282711,88,60,56732,523.19,1980
262170726613482,2,2,56732,488.956,1980
262170777426245,2,2,56732,488.956,1980
262170828255201,2,2,56732,466.617,1980
262170878705226,2,2,56732,466.617,1980
262170929787254,66,34,56732,444.122,1980
262170980588842,66,34,56732,444.122,1980
262171030723444,66,34,56732,419.247,1980
262171081065479,66,34,56732,419.247,1980
262171131295400,76,39,56732,397.793,1980
262171181468540,76,39,56732,397.793,1980
262171231670766,76,39,56732,374.291,1980
262171281837103,76,39,56732,374.291,1980
262171332049862,92,48,56732,350.719,1980
262171382166611,92,48,56732,350.719,1980
262171432288945,92,48,56732,329.058,1980
262171482395891,92,48,56732,329.058,1980
262171532509868,80,42,56732,339.019,1980
262171582612971,80,42,56732,339.019,1980
262171632717061,80,42,56732,391.165,1980
262171682819621,80,42,56732,391.165,1980
262171732919128,97,51,56732,428.142,1980
262171783020608,97,51,56732,428.142,1980
262171833121320,97,51,56732,450.673,1980
262171883222777,97,51,56732,450.673,1980
262171933323055,94,50,56732,472.486,1980
262171983426642,94,50,56732,472.486,1980
262172033526502,94,50,56732,491.185,1980
262172083626643,94,50,56732,491.185,1980
262172133726752,93,53,56732,514.355,1980
262172183827756,93,53,56732,514.355,1980
262172233927110,93,53,56732,535.538,1980
262172284033560,93,53,56732,535.538,1980
262172334136954,93,54,56732,553.305,1980
262172384237581,93,54,56732,553.305,1980
262172434339153,93,54,56732,570.208,1980
262172484465710,93,54,56732,570.208,1980
262172534567778,93,53,56732,586.426,1980
262172584669616,93,53,56732,586.426,1980
262172634769736,93,53,56732,580.363,1980
262172684872495,93,53,56732,580.363,1980
262172734973231,95,52,56732,573.595,1980
262172786069743,95,52,56732,573.595,1980
262172836871009,95,52,56732,567.287,1980
262172887748351,95,52,56732,528.621,1980
262172938499103,24,24,56732,528.621,1980
262172990539497,24,24,56732,485.923,1980
262173040667324,24,24,56732,485.923,1980
262173092069938,36,18,56732,458.086,1980
262173143543916,36,18,56732,458.086,1980
262173194810051,36,18,56732,434.844,1980
262173245014921,36,18,56732,434.844,1980
262173295174372,68,35,56732,413.672,1980
262173345299194,68,35,56732,413.672,1980
262173396156090,68,35,56732,394.608,1980
262173446778232,68,35,56732,394.608,1980
262173496897830,90,46,56732,376.187,1980
262173547028827,90,46,56732,376.187,1980
262173597143503,90,46,56732,352.759,1980
262173647248765,90,46,56732,352.759,1980
262173697423818,100,53,56732,331.843,1980
262173747559903,100,53,56732,331.843,1980
262173797673255,100,53,56732,323.775,1980
262173847779094,100,53,56732,323.775,1980
262173897880593,91,47,56732,373.509,1980
262173947982770,91,47,56732,373.509,1980
262173998093388,91,47,56732,415.758,1980
262174048233694,91,47,56732,415.758,1980
262174098360131,88,45,56732,443.76,1980
262174148466546,88,45,56732,443.76,1980
262174198569531,88,45,56732,461.571,1980
262174248670827,88,45,56732,461.571,1980
262174298781529,97,55,56732,480.968,1980
262174348883001,97,55,56732,480.968,1980
262174398983087,97,55,56732,500.335,1980
262174449084140,97,55,56732,500.335,1980
262174499183892,93,53,56732,520.595,1980
262174549297177,93,53,56732,520.595,1980
262174599405909,93,53,56732,539.85,1980
262174649513007,93,53,56732,539.85,1980
262174699620269,95,52,56732,562.294,1980
262174749722851,95,52,56732,562.294,1980
262174799824119,95,52,56732,581.705,1980
262174849925369,95,52,56732,581.705,1980
262174900033414,98,56,56732,571.282,1980
262174950852705,98,56,56732,571.282,1980
262175000955938,98,56,56732,559.377,1980
262175051914774,98,56,56732,559.377,1980
262175102931737,43,36,56732,522.91,1980
262175153819475,43,36,56732,522.91,1980
262175203944962,43,36,56732,484.644,1980
262175254067215,43,36,56732,484.644,1980
262175305297642,18,9,56732,460.595,1980
262175355456213,18,9,56732,460.595,1980
262175406700595,18,9,56732,438.534,1980
262175461849689,18,9,56732,438.534,1980
262175661683009,67,34,56732,398.206,1980
262175726854847,77,40,56732,372.193,1980
262175780526581,77,40,56732,372.193,1980
262175846181186,77,40,56732,354.307,1980
262175928389292,94,48,56732,336.244,1980
262175997816938,94,48,56732,324.207,1980
262176050053221,94,48,56732,324.207,1980
262176100204049,76,39,56732,352.152,1980
262176150315487,76,39,56732,352.152,1980
262176200425087,76,39,56732,403.737,1980
262176250532393,76,39,56732,403.737,1980
262176300638693,97,49,56732,441.412,1980
262176350751251,97,49,56732,441.412,1980
262176400944129,97,49,56732,461.141,1980
262176451077721,97,49,56732,461.141,1980
262176501186065,94,50,56732,485.268,1980
262176551312592,94,50,56732,485.268,1980
262176601429425,94,50,56732,507.809,1980
262176651551053,94,50,56732,507.809,1980
262176701669894,97,54,56732,529.753,1980
262176751787948,97,54,56732,529.753,1980
262176801905962,97,54,56732,548.44,1980
262176852043689,97,54,56732,548.44,1980
262176902176194,92,52,56732,573.618,1980
262176952304442,92,52,56732,573.618,1980
262177002505399,92,52,56732,587.078,1980
262177052678581,92,52,56732,587.078,1980
262177102816955,94,54,56732,592.801,1980
262177152958499,94,54,56732,592.801,1980
262177203081585,94,54,56732,581.656,1980
262177253201029,94,54,56732,581.656,1980
262177303319981,93,52,56732,572.505,1980
262177354342342,93,52,56732,572.505,1980
262177405136407,93,52,56732,534.391,1980
262177455991960,93,52,56732,534.391,1980
262177506153467,2,2,56732,490.57,1980
262177557545694,2,2,56732,490.57,1980
262177608782039,2,2,56732,462.723,1980
262177658926483,2,2,56732,462.723,1980
262177709083184,66,34,56732,437.165,1980
262177759198119,66,34,56732,437.165,1980
262177809383220,66,34,56732,416.498,1980
262177859526685,66,34,56732,416.498,1980
262177910557219,73,37,56732,397.852,1980
262177960669804,73,37,56732,397.852,1980
262178010829856,73,37,56732,378.636,1980
262178061133143,73,37,56732,378.636,1980
262178111273051,95,49,56732,356.654,1980
262178161478497,95,49,56732,356.654,1980
262178211600097,95,49,56732,338.358,1980
262178261758407,95,49,56732,338.358,1980
262178311889766,100,53,56732,322.331,1980
262178362010815,100,53,56732,322.331,1980
262178412124218,100,53,56732,364.483,1980
262178462235208,100,53,56732,364.483,1980
262178512356659,97,48,56732,407.138,1980
262178562467060,97,48,56732,407.138,1980
262178612589687,97,48,56732,438.191,1980
262178662693354,97,48,56732,438.191,1980
262178712810405,87,46,56732,461.231,1980
262178762930046,87,46,56732,461.231,1980
262178813039590,87,46,56732,484.883,1980
262178863147746,87,46,56732,484.883,1980
262178913260055,95,51,56732,506.535,1980
262178963377011,95,51,56732,506.535,1980
262179013494962,95,51,56732,529.224,1980
262179063611960,95,51,56732,529.224,1980
262179113720457,98,54,56732,547.321,1980
262179164412639,98,54,56732,547.321,1980
262179214521528,98,54,56732,559.959,1980
262179264631156,98,54,56732,559.959,1980
262179314741911,93,52,56732,585.479,1980
262179364848006,93,52,56732,585.479,1980
262179414961595,93,52,56732,579.311,1980
262179465074301,93,52,56732,579.311,1980
262179515183030,95,53,56732,569.431,1980
262179567348565,95,53,56732,569.431,1980
262179618139196,95,53,56732,557.414,1980
262179668883596,95,53,56732,557.414,1980
262179719974541,25,26,56732,517.516,1980
262179770424609,25,26,56732,517.516,1980
262179820589978,25,26,56732,475.515,1980
262179870754923,25,26,56732,475.515,1980
262179922015937,27,13,56732,449.732,1980
262179972175970,27,13,56732,449.732,1980
262180022591858,27,13,56732,427.047,1980
262180073136293,27,13,56732,427.047,1980
262180123878364,67,35,56732,411.816,1980
262180175007691,67,35,56732,411.816,1980
262180225188982,67,35,56732,389.785,1980
262180275864884,67,35,56732,389.785,1980
262180326011483,81,41,56732,370.826,1980
262180376166673,81,41,56732,370.826,1980
262180426279919,81,41,56732,351.216,1980
262180476389289,81,41,56732,351.216,1980
262180526498329,100,53,56732,334.12,1980
262180576608496,100,53,56732,334.12,1980
262180626717499,100,53,56732,320.452,1980
262180676853824,100,53,56732,320.452,1980
262180726965936,74,37,56732,370.18,1980
262180777076840,74,37,56732,370.18,1980
262180827182607,74,37,56732,412.148,1980
262180877328533,74,37,56732,412.148,1980
262180927446517,97,49,56732,440.093,1980
262180977562911,97,49,56732,440.093,1980
262181027676239,97,49,56732,462.665,1980
262181077788414,97,49,56732,462.665,1980
262181127907288,95,49,56732,484.181,1980
262181178024795,95,49,56732,484.181,1980
262181228131830,95,49,56732,507.897,1980
262181278271489,95,49,56732,507.897,1980
262181328376718,97,54,56732,524.04,1980
262181378511218,97,54,56732,524.04,1980
262181428632328,97,54,56732,542.969,1980
262181478746665,97,54,56732,542.969,1980
262181528859411,93,52,56732,567.857,1980
262181578972919,93,52,56732,567.857,1980
262181629092285,93,52,56732,589.116,1980
262181679195490,93,52,56732,589.116,1980
262181729300935,92,53,56732,585.675,1980
262181779409762,92,53,56732,585.675,1980
262181829524978,92,53,56732,577.191,1980
262181880529891,92,53,56732,577.191,1980
262181930643082,93,52,56732,575.32,1980
262181981322370,93,52,56732,575.32,1980
262182032080353,93,52,56732,549.501,1980
262182083118624,93,52,56732,549.501,1980
262182133244140,2,2,56732,510.214,1980
262182183378330,2,2,56732,510.214,1980
262182234903175,2,2,56732,475.917,1980
262182286166498,2,2,56732,475.917,1980
262182336672138,59,29,56732,450.279,1980
262182386806859,59,29,56732,450.279,1980
262182437643134,59,29,56732,428.517,1980
262182487874421,59,29,56732,428.517,1980
262182538344859,73,37,56732,404.213,1980
262182588476836,73,37,56732,404.213,1980
262182638591015,73,37,56732,382.298,1980
262182689214890,73,37,56732,382.298,1980
262182739377692,89,46,56732,360.125,1980
262182789492021,89,46,56732,360.125,1980
262182839656872,89,46,56732,344.906,1980
262182890096402,89,46,56732,344.906,1980
262182940209924,100,53,56732,321.354,1980
262182990318752,100,53,56732,321.354,1980
262183040429663,100,53,56732,340.456,1980
262183090542904,100,53,56732,340.456,1980
262183140654236,97,51,56732,391.754,1980
262183190778051,97,51,56732,391.754,1980
262183240883818,97,51,56732,437.05,1980
262183290990175,97,51,56732,437.05,1980
262183341108540,88,45,56732,456.049,1980
262183391222258,88,45,56732,456.049,1980
262183441339006,88,45,56732,477.672,1980
262183491453349,88,45,56732,477.672,1980
262183541574986,97,55,56732,495.472,1980
262183591696208,97,55,56732,495.472,1980
262183641808565,97,55,56732,514.93,1980
262183692448964,97,55,56732,514.93,1980
262183742557170,91,53,56732,539.269,1980
262183792662664,91,53,56732,539.269,1980
262183842772950,91,53,56732,552.456,1980
262183892877169,91,53,56732,552.456,1980
262183943729626,93,54,56732,579.419,1980
262183993839187,93,54,56732,579.419,1980
262184043944371,93,54,56732,584.295,1980
262184094055875,93,54,56732,584.295,1980
262184144169526,93,53,56732,570.123,1980
262184194275040,93,53,56732,566.169,1980
262184244381851,93,53,56732,566.169,1980
262184295090904,83,58,56732,535.104,1980
262184345724093,83,58,56732,535.104,1980
262184396703022,83,58,56732,505.324,1980
262184446862159,83,58,56732,505.324,1980
262184497028274,2,2,56732,469.563,1980
262184548413465,2,2,56732,469.563,1980
262184598554852,2,2,56732,444.971,1980
262184648749395,2,2,56732,444.971,1980
262184698853739,67,34,56732,425.546,1980
262184748970377,67,34,56732,425.546,1980
262184800056355,67,34,56732,404.056,1980
262184850171470,67,34,56732,404.056,1980
262184900761644,80,41,56732,381.132,1980
262184951048519,80,41,56732,381.132,1980
262185001211798,80,41,56732,361.312,1980
262185051347025,80,41,56732,361.312,1980
262185101456011,97,50,56732,344.814,1980
262185151619082,97,50,56732,344.814,1980
262185202722375,97,50,56732,322.811,1980
262185252849893,97,50,56732,322.811,1980
262185302974454,81,42,56732,337.142,1980
262185353092850,81,42,56732,337.142,1980
262185403193373,81,42,56732,396.012,1980
262185453296175,81,42,56732,396.012,1980
262185503533546,97,50,56732,436.553,1980
262185553636497,97,50,56732,436.553,1980
262185603737420,97,50,56732,459.041,1980
262185653847313,97,50,56732,459.041,1980
262185703963033,93,51,56732,485.94,1980
262185754083832,93,51,56732,485.94,1980
262185804190652,93,51,56732,504.093,1980
262185854293814,93,51,56732,504.093,1980
262185904400345,93,53,56732,525.485,1980
262185954509885,93,53,56732,525.485,1980
262186004612384,93,53,56732,544.227,1980
262186054715689,93,53,56732,544.227,1980
262186104815346,93,52,56732,565.295,1980
262186154922969,93,52,56732,565.295,1980
262186205033165,93,52,56732,590.71,1980
262186255159899,93,52,56732,590.71,1980
262186305268844,96,56,56732,590.005,1980
262186355375764,96,56,56732,590.005,1980
262186405486174,96,56,56732,579.208,1980
262186455594349,96,56,56732,579.208,1980
262186507227696,93,53,56732,571.079,1980
262186558178713,93,53,56732,571.079,1980
262186609131588,93,53,56732,535.051,1980
262186660198760,93,53,56732,535.051,1980
262186720398073,2,2,56732,490.853,1980
262186772060408,2,2,56732,490.853,1980
262186822205643,2,2,56732,464.506,1980
262186873107509,2,2,56732,464.506,1980
262186923328968,63,32,56732,444.402,1980
262186973449864,63,32,56732,444.402,1980
262187023584355,63,32,56732,419.176,1980
262187074092470,63,32,56732,419.176,1980
262187124236956,78,39,56732,398.319,1980
262187174565257,78,39,56732,398.319,1980
262187224695678,78,39,56732,385.191,1980
262187276650467,78,39,56732,385.191,1980
262187326769582,99,51,56732,363.465,1980
262187376891925,99,51,56732,363.465,1980
262187427015746,99,51,56732,359.75,1980
262187477121871,99,51,56732,359.75,1980
262187527226893,93,46,56732,367.267,1980
262187577354149,93,46,56732,367.267,1980
262187627466525,93,46,56732,400.492,1980
262187677577603,93,46,56732,400.492,1980
262187727693230,75,38,56732,434.024,1980
262187777824240,75,38,56732,434.024,1980
262187827939794,75,38,56732,463.392,1980
262187878056270,75,38,56732,463.392,1980
262187928175075,91,50,56732,482.237,1980
262187978304296,91,50,56732,482.237,1980
262188028415968,91,50,56732,500.781,1980
262188078547829,91,50,56732,500.781,1980
262188128670074,91,50,56732,518.539,1980
262188178787640,91,50,56732,518.539,1980
262188228906914,91,50,56732,535.242,1980
262188279032981,91,50,56732,535.242,1980
262188329154051,91,50,56732,547.495,1980
262188380034148,91,50,56732,547.495,1980
