t_ns,util_gpu_pct,util_mem_pct,mem_used_mib,power_w,sm_clock_mhz
262822367444450,1,0,962,98.093,1980
262822422394972,1,0,962,98.093,1980
262822477625706,1,0,6852,103.075,1980
262822527860096,1,0,6852,108.735,1980
262822578066156,0,0,6852,108.735,1980
262822628275390,0,0,6852,113.34,1980
262822678406115,0,0,6852,113.34,1980
262822730839410,19,0,6852,119.248,1980
262822789820076,19,0,6852,119.248,1980
262822840095169,19,0,6852,123.767,1980
262822890355647,19,0,6852,123.767,1980
262822940573089,13,0,6852,129.612,1980
262822990779274,13,0,6852,129.612,1980
262823040984137,13,0,6852,134.66,1980
262823093843005,13,0,6852,134.66,1980
262823147160870,14,0,6852,136.961,1980
262823197398355,14,0,6852,136.961,1980
262823247611976,14,0,6852,136.861,1980
262823297823593,14,0,6852,136.861,1980
262823348037317,15,0,6852,136.888,1980
262823399542726,15,0,6852,136.888,1980
262823475315198,15,0,6872,136.857,1980
262823616155078,11,0,6872,136.75,1980
262823766922098,0,0,6872,136.778,1980
262823817044700,0,0,6872,136.778,1980
262823870725359,0,0,6872,136.647,1980
262823920853109,0,0,6872,136.647,1980
262823971009529,0,0,6872,136.396,1980
262824096843075,0,0,6872,136.304,1980
262824244222858,0,0,6872,136.244,1980
262824314573071,0,0,6872,136.244,1980
262824458787453,0,0,6872,135.825,1980
262824524096233,0,0,6872,135.825,1980
262824596968572,0,0,6872,135.974,1980
262824667322235,0,0,6872,136.004,1980
262824732610674,0,0,6872,135.824,1980
262824802959459,0,0,6872,135.824,1980
262824863183550,0,0,6872,135.77,1980
262825275054913,0,0,6872,135.737,1980
262825335309538,0,0,6872,135.825,1980
262825405666969,0,0,6872,135.825,1980
262825476023873,0,0,6872,135.975,1980
262825546389110,0,0,6872,135.829,1980
262825616737590,0,0,6872,135.829,1980
262825751283130,0,0,6872,135.802,1980
262826134664653,0,0,6872,135.765,1980
262826185950901,0,0,6872,135.765,1980
262826239688325,0,0,6872,135.903,1980
262826291681487,0,0,6872,135.903,1980
262826341794988,0,0,6872,135.894,1980
262826392868539,0,0,6872,135.894,1980
262826442977578,0,0,6872,135.724,1980
262826493088784,0,0,6872,135.724,1980
262826544843415,0,0,6872,135.714,1980
262826594956448,0,0,6872,135.714,1980
262826645062696,0,0,6872,135.837,1980
262826695461596,0,0,6872,135.837,1980
262826745629565,0,0,6872,135.885,1980
262826795796652,0,0,6872,135.885,1980
262826845932817,0,0,6872,135.706,1980
262826896153808,0,0,6872,135.706,1980
262826946271620,0,0,6872,135.646,1980
262826998756929,0,0,6872,135.646,1980
262827048870544,0,0,6872,135.761,1980
262827099950222,0,0,6872,135.761,1980
262827150110232,0,0,6872,135.848,1980
262827200253499,0,0,6872,135.848,1980
262827250423812,0,0,6872,135.719,1980
262827547545734,0,0,6872,135.827,1980
262827597861169,0,0,7036,135.827,1980
262827892211908,1,0,7036,135.732,1980
262827942342147,0,0,7520,135.906,1980
262827993978094,0,0,7520,135.906,1980
262828044750289,0,0,7520,135.853,1980
262828094927606,0,0,7520,135.853,1980
262828150634031,0,0,7520,135.745,1980
262828200766954,0,0,7520,135.745,1980
262828250875092,0,0,7520,135.773,1980
262828303635350,0,0,7520,135.773,1980
262828356624649,0,0,7520,135.951,1980
262828406731308,0,0,7520,135.951,1980
262828457201238,0,0,7520,135.964,1980
262828507422129,0,0,7520,135.964,1980
262828557572492,0,0,7520,135.839,1980
262828607742581,0,0,7520,135.839,1980
262828657941540,0,0,7520,135.815,1980
262828708204230,0,0,7520,135.815,1980
262828759233372,0,0,7520,135.949,1980
262828809347191,0,0,7520,135.949,1980
262828859464117,0,0,7520,136.015,1980
262828909576308,0,0,7520,136.015,1980
262828959736153,0,0,7520,135.848,1980
262829014303561,0,0,7520,135.848,1980
262829064504767,0,0,8460,135.784,1980
262829114629979,0,0,10136,135.784,1980
262829164875323,0,0,10136,135.909,1980
262829216446706,0,0,10136,135.909,1980
262829270777037,0,0,10582,135.994,1980
262829320895239,0,0,10582,135.994,1980
262829371049260,0,0,10582,135.825,1980
262829421167305,0,0,10582,135.825,1980
262829471292015,0,0,10582,135.706,1980
262829521412862,0,0,10582,135.706,1980
262829571525375,6,0,10582,135.948,1980
262829621650771,6,0,10582,135.948,1980
262829671830707,6,0,10582,136.208,1980
262829721954437,6,0,10582,136.208,1980
262829772064248,15,0,10582,136.186,1980
262829822185059,15,0,10582,136.186,1980
262829898209275,15,0,10582,136.202,1980
262830216712761,0,0,10582,136.338,1980
262830525227393,1,0,10116,136.47,1980
262830843591161,0,0,10156,135.945,1980
262830893729721,0,0,10156,135.945,1980
262830943849930,0,0,10156,135.857,1980
262830993960802,0,0,10156,135.857,1980
262831044073470,0,0,10156,135.674,1980
262831094181349,0,0,10156,135.674,1980
262831144292092,0,0,10156,135.674,1980
262831194396663,0,0,10156,135.674,1980
262831244500671,0,0,10156,135.846,1980
262831294605389,0,0,10156,135.846,1980
262831344707996,0,0,10156,135.887,1980
262831394811622,0,0,10156,135.887,1980
262831445017746,0,0,10156,135.716,1980
262831495591946,0,0,10156,135.716,1980
262831545697344,0,0,10156,135.662,1980
262831595806255,0,0,10156,135.662,1980
262831645915703,0,0,10156,135.803,1980
262831696025282,0,0,10156,135.803,1980
262831746129839,0,0,10156,135.904,1980
262831796231261,0,0,10156,135.904,1980
262831846334879,0,0,10156,135.726,1980
262831896437750,0,0,10156,135.726,1980
262831946546786,0,0,10156,135.664,1980
262831996648825,0,0,10156,135.664,1980
262832046751667,0,0,10156,135.771,1980
262832096855235,0,0,10156,135.771,1980
262832146957236,0,0,10156,135.875,1980
262832197061015,0,0,10156,135.875,1980
262832247163410,0,0,10156,135.757,1980
262832297284112,0,0,10156,135.757,1980
262832347428043,0,0,10156,135.638,1980
262832397532838,0,0,10156,135.638,1980
262832447635747,0,0,10156,135.744,1980
262832497735808,0,0,10156,135.744,1980
262832547839706,0,0,10156,135.869,1980
262832597942519,0,0,10156,135.869,1980
262832648042747,0,0,10156,135.756,1980
262832698145252,0,0,10156,135.756,1980
262832748248717,0,0,10156,135.593,1980
262832798350214,0,0,10156,135.593,1980
262832848453126,0,0,10156,135.642,1980
262832898567668,0,0,10156,135.642,1980
262832958831128,0,0,10156,135.823,1980
262833019077994,0,0,10156,135.823,1980
262833076717290,0,0,10156,135.737,1980
262833126885888,0,0,10156,135.737,1980
262833177069099,0,0,10184,135.624,1980
262833227242862,0,0,10282,135.624,1980
262833277371159,0,0,10574,135.649,1980
262833327519959,0,0,10574,135.649,1980
262834060378708,0,0,10574,145.535,1980
262834387494787,0,0,10254,137.181,1980
262834718371903,0,0,10282,136.378,1980
262834768596688,0,0,10342,136.236,1980
262834818807357,0,0,10344,136.236,1980
262834868985758,0,0,10348,138.39,1980
262834919129093,0,0,10370,138.39,1980
262834969258848,12,3,10376,139.304,1980
262835019394071,12,3,10378,139.304,1980
262835069520254,12,3,10380,140.728,1980
262835119659368,12,3,10368,140.728,1980
262835169797791,9,3,10372,142.14,1980
262835219953914,9,3,10394,142.14,1980
262835270142253,9,3,10400,142.9,1980
262835320285764,9,3,10382,142.9,1980
262835370404961,11,3,10386,143.899,1980
262835420529499,11,3,10392,143.899,1980
262835470646402,11,3,10396,144.525,1980
262835520777647,11,3,10400,144.525,1980
262835570935120,9,3,10404,145.74,1980
262835927453771,5,2,10406,144.34,1980
262836277594043,0,0,10320,139.873,1980
262836328087856,0,0,18718,139.873,1980
262836379807204,0,0,18718,139.514,1980
262836432193050,0,0,18718,138.735,1980
262836483021280,0,0,18718,138.735,1980
262836533217161,0,0,18718,137.58,1980
262836583369758,0,0,18718,137.58,1980
262836633489707,0,0,18718,136.809,1980
262836684794355,0,0,18718,136.809,1980
262836734982399,0,0,18718,136.965,1980
262836785083876,0,0,18718,136.965,1980
262836835279708,0,0,18718,136.917,1980
262836886903189,0,0,18718,136.917,1980
262836937035026,0,0,18718,136.778,1980
262836989384241,0,0,18718,136.778,1980
262837039498320,0,0,19038,138.927,1980
262837089609488,0,0,19038,138.927,1980
262837139722040,17,9,19040,145.657,1980
262837195305053,17,9,19040,145.657,1980
262837247882512,17,9,19042,146.698,1980
262837298660415,17,9,19042,146.698,1980
262837348789354,2,0,19042,146.031,1980
262837398973118,2,0,19042,146.031,1980
262837759848530,0,0,19042,147.755,1980
262837809985421,0,0,18874,147.755,1980
262837860096991,0,0,18848,149.205,1980
262837910266845,0,0,18868,149.205,1980
262837960380509,12,3,18848,150.816,1980
262838010494664,12,3,18866,150.816,1980
262838060620122,12,3,18864,152.051,1980
262838110904157,12,3,18860,152.051,1980
262838161040043,10,3,18860,144.269,1980
262838211165681,10,3,18848,144.269,1980
262838261324674,10,3,18868,144.442,1980
262838311464549,10,3,18868,144.442,1980
262838361600003,10,3,18848,146.091,1980
262838411705797,10,3,18848,146.091,1980
262838461824551,10,3,18848,145.81,1980
262838512082329,10,3,18848,145.81,1980
262838562213074,11,3,18848,146.316,1980
262838612318981,11,3,18852,146.316,1980
262838662467126,11,3,18874,148.789,1980
262838712575412,11,3,18856,148.789,1980
262839094969163,0,0,18858,146.628,1980
262839145087557,0,0,18858,145.674,1980
262839195951738,0,0,18858,145.674,1980
262839251231636,0,0,18858,144.821,1980
262839301442524,0,0,18858,144.821,1980
262839351592657,0,0,18858,143.086,1980
262839401717375,0,0,18858,143.086,1980
262839451835599,0,0,18858,141.743,1980
262839501989742,0,0,18858,141.743,1980
262839552092403,0,0,18858,141.061,1980
262839602224524,0,0,18858,141.061,1980
262839652367071,0,0,18858,138.982,1980
262839702609644,0,0,18858,138.982,1980
262839752745705,0,0,18858,136.885,1980
262839802918592,0,0,18858,136.885,1980
262839853052459,0,0,18858,136.137,1980
262839903173177,0,0,18858,136.137,1980
262839953985818,0,0,18858,136.104,1980
262840004120398,0,0,18858,136.104,1980
262840054491082,0,0,18858,136.239,1980
262840104600516,0,0,18858,136.239,1980
262840502032697,0,0,18858,136.197,1980
262840552156642,0,0,18858,136.262,1980
262840633057220,0,0,18858,136.089,1980
262840849246502,0,0,18858,136.164,1980
262840899545906,0,0,18858,136.164,1980
262840950320203,0,0,18858,136.367,1980
262841001118870,0,0,18858,136.367,1980
262841051918915,0,0,18858,136.665,1980
262841102028325,0,0,18858,136.665,1980
262841152134130,2,2,18894,136.815,1980
262841319780328,2,2,18894,140.162,1980
262841369966241,3,1,18894,140.269,1980
262841420191582,3,1,18894,140.269,1980
262841471334537,3,1,18894,155.681,1980
262841521479891,3,1,18894,155.681,1980
262841571600101,74,36,18894,176.939,1980
262841621761906,74,36,18894,176.939,1980
262841671958363,74,36,18894,198.681,1980
262841723132051,74,36,18894,198.681,1980
262841773289393,74,37,18894,220.267,1980
262841823419569,74,37,18894,220.267,1980
262841874292106,74,37,18894,238.996,1980
262841925193143,74,37,18894,238.996,1980
262841975336779,87,42,18894,260.634,1980
262842025445712,87,42,18894,260.634,1980
262842076161177,87,42,18894,284.845,1980
262842128325745,87,42,18894,284.845,1980
262842178444285,98,48,18894,303.691,1980
262842228557507,98,48,18894,303.691,1980
262842278671605,98,48,19730,302.234,1980
262842328793464,98,48,23894,302.234,1980
262842378896407,1,0,25086,321.063,1980
262842429026681,1,0,25086,321.063,1980
262842479139115,1,0,25086,350.295,1980
262842529243673,1,0,25086,350.295,1980
262842579351349,98,49,25086,375.246,1980
262842629475630,98,49,25086,375.246,1980
262842679613227,98,49,28898,381.108,1980
262842729747341,98,49,34392,381.108,1980
262842779857760,30,13,36836,374.974,1980
262842829964359,30,13,36836,374.974,1980
262842880068726,30,13,42810,381.989,1980
262842930171538,30,13,42810,381.989,1980
262842980274647,84,42,42810,398.823,1980
262843030403240,84,42,42810,398.823,1980
262843080608704,84,42,42810,417.357,1980
262843130712060,84,42,42810,417.357,1980
262843180813348,96,53,42810,439.528,1980
262843230925476,96,53,42810,439.528,1980
262843281032065,96,53,42810,474.498,1980
262843331146480,96,53,42810,474.498,1980
262843381254450,96,54,42810,510.975,1980
262843431359857,96,54,42810,510.975,1980
262843481460771,96,54,42810,512.511,1980
262843531560659,96,54,42810,512.511,1980
262843581661834,96,54,42810,506.388,1980
262843631772964,96,54,42810,506.388,1980
262843681884213,96,54,42810,521.83,1980
262843732014028,96,54,42810,521.83,1980
262843783805691,96,53,42810,530.493,1980
262843837421316,96,53,42810,518.097,1980
262843887555175,96,53,42810,518.097,1980
262843938652532,39,26,42810,499.483,1980
262843988776589,39,26,42810,499.483,1980
262844039532209,39,26,42810,478.28,1980
262844089657672,39,26,42810,478.28,1980
262844140617434,76,37,42810,456.603,1980
262844190784746,76,37,42810,456.603,1980
262844241762260,76,37,42810,436.837,1980
262844291872695,76,37,42810,436.837,1980
262844343002767,86,42,42810,418.071,1980
262844393891119,86,42,42810,418.071,1980
262844444757195,86,42,42810,394.113,1980
262844494860524,86,42,42810,394.113,1980
262844545011202,99,49,42810,379.709,1980
262844609663850,99,49,42810,379.709,1980
262844659774834,99,49,42812,354.074,1980
262844709881933,99,49,44004,354.074,1980
262844760008361,60,29,44004,361.268,1980
262844810116198,60,29,44004,361.268,1980
262844860225148,60,29,44004,398.525,1980
262844910329467,60,29,44004,398.525,1980
262844960435530,98,50,45180,429.123,1980
262845010537426,98,50,50242,429.123,1980
262845060640927,98,50,50242,447.278,1980
262845110754990,98,50,54856,447.278,1980
262845160860140,87,46,54856,474.146,1980
262845210960393,87,46,54856,474.146,1980
262845261075331,87,46,54856,492.585,1980
262845311537975,87,46,54856,492.585,1980
262845361641761,96,54,54856,509.502,1980
262845411745195,96,54,54856,509.502,1980
262845461846818,96,54,54856,531.617,1980
262845511952938,96,54,54856,531.617,1980
262845562054732,97,55,54856,546.583,1980
262845612160320,97,55,54856,546.583,1980
262845662264545,97,55,54856,576.59,1980
262845712371688,97,55,54856,576.59,1980
262845762475030,96,54,54856,576.687,1980
262845812588434,96,54,54856,576.687,1980
262845862691467,96,54,54856,568.711,1980
262845912794742,96,54,54856,568.711,1980
262845965095668,96,54,54856,566.275,1980
262846015507561,96,54,54856,566.275,1980
262846067107626,96,54,54856,548.033,1980
262846117274906,96,54,54856,548.033,1980
262846167392008,38,20,54856,516.02,1980
262846217507527,38,20,54856,516.02,1980
262846267651852,38,20,54856,495.234,1980
262846317816806,38,20,54856,495.234,1980
262846368961217,79,38,54856,475.874,1980
262846419101119,79,38,54856,475.874,1980
262846470138283,79,38,54856,457.462,1980
262846521097758,79,38,54856,457.462,1980
262846571992861,90,44,54856,437.227,1980
262846622738541,90,44,54856,437.227,1980
262846673600856,90,44,54856,419.494,1980
262846723728285,90,44,54856,419.494,1980
262846774914316,100,49,54856,396.602,1980
262846825037434,100,49,54860,396.602,1980
262846875173780,100,49,54860,380.668,1980
262846925295501,100,49,54860,380.668,1980
262846975421413,68,34,54860,382.012,1980
262847025532008,68,34,54860,382.012,1980
262847075657510,68,34,54860,407.505,1980
262847125767257,68,34,54860,407.505,1980
262847176030223,98,48,54860,435.003,1980
262847226152183,98,48,54860,435.003,1980
262847276256289,98,48,54860,452.69,1980
262847326360482,98,48,54860,452.69,1980
262847376476296,95,51,54860,472.616,1980
262847426577610,95,51,54860,472.616,1980
262847476684468,95,51,54860,493.379,1980
262847526797369,95,51,54860,493.379,1980
262847576902395,96,53,54860,513.187,1980
262847627007162,96,53,54860,513.187,1980
262847677108319,96,53,54860,534.931,1980
262847727209160,96,53,54860,534.931,1980
262847777317823,96,54,54860,549.603,1980
262847827417855,96,54,54860,549.603,1980
262847877519195,96,54,54860,573.025,1980
262847927619925,96,54,54860,573.025,1980
262847978044262,99,54,54860,569.678,1980
262848028147882,99,54,54860,569.678,1980
262848078297508,99,54,54860,560.853,1980
262848129727306,99,54,54860,560.853,1980
262848179836720,51,39,54860,529.309,1980
262848231475130,51,39,54860,529.309,1980
262848281583215,51,39,54860,509.435,1980
262848332756634,51,39,54860,509.435,1980
262848384023742,75,37,54860,491.346,1980
262848434165298,75,37,54860,491.346,1980
262848485124413,75,37,54860,467.767,1980
262848535275158,75,37,54860,467.767,1980
262848585379621,89,44,54860,446.984,1980
262848636120843,89,44,54860,446.984,1980
262848686223094,89,44,54860,430.014,1980
262848736396137,89,44,54860,430.014,1980
262848786509377,100,49,54860,414.902,1980
262848836640702,100,49,54860,414.902,1980
262848886760690,100,49,54860,389.532,1980
262848936872179,100,49,54860,389.532,1980
262848986973606,73,36,54860,386.667,1980
262849037086611,73,36,54860,399.55,1980
262849087195128,73,36,54860,399.55,1980
262849137302697,73,36,54860,399.55,1980
262849187404247,98,49,54860,430.08,1980
262849237522409,98,49,54860,449.854,1980
262849287630430,98,49,54860,449.854,1980
262849337735741,96,50,54860,475.096,1980
262849387846760,96,50,54860,475.096,1980
262849437950987,96,50,54860,494.667,1980
262849488064820,96,50,54860,494.667,1980
262849538171568,96,54,54860,517.261,1980
262849588271351,96,54,54860,517.261,1980
262849638372083,96,54,54860,539.863,1980
262849688488118,96,54,54860,539.863,1980
262849738596732,96,53,54860,559.819,1980
262849788695892,96,53,54860,559.819,1980
262849838796204,96,53,54860,587.102,1980
262849888895909,96,53,54860,587.102,1980
262849938995173,96,53,54860,581.668,1980
262849989110225,96,53,54860,581.668,1980
262850039214473,96,53,54860,571.236,1980
262850094954250,96,53,54860,571.236,1980
262850145153745,97,64,54860,541.035,1980
262850195264747,97,64,54860,541.035,1980
262850245409774,97,64,54860,517.898,1980
262850295544201,97,64,54860,517.898,1980
262850346853733,74,36,54860,497.751,1980
262850397894094,74,36,54860,497.751,1980
262850448723573,74,36,54860,473.099,1980
262850498872529,74,36,54860,473.099,1980
262850550353760,77,38,54860,449.762,1980
262850601498273,77,38,54860,449.762,1980
262850651653869,77,38,54860,432.432,1980
262850702982609,77,38,54860,432.432,1980
262850754172348,85,41,54860,411.075,1980
262850804325261,85,41,54860,411.075,1980
262850854595327,85,41,54860,389.841,1980
262850905140395,85,41,54860,389.841,1980
262850955265156,99,49,54860,372.948,1980
262851005378014,99,49,54860,372.948,1980
262851055487381,99,49,54860,370.34,1980
262851105597139,99,49,54860,370.34,1980
262851155700919,99,51,54860,402.19,1980
262851205804762,99,51,54860,402.19,1980
262851255910480,99,51,54860,432.072,1980
262851306019674,99,51,54860,432.072,1980
262851356126991,95,49,54860,452.834,1980
262851406228116,95,49,54860,452.834,1980
262851456330185,95,49,54860,475.882,1980
262851506431963,95,49,54860,475.882,1980
262851556535536,96,53,54860,494.002,1980
262851606638362,96,53,54860,494.002,1980
262851656744614,96,53,54860,519.866,1980
262851706858599,96,53,54860,519.866,1980
262851756963238,97,56,54860,538.201,1980
262851807063796,97,56,54860,538.201,1980
262851857175912,97,56,54860,562.513,1980
262851907280157,97,56,54860,562.513,1980
262851957388810,96,54,54860,581.271,1980
262852007493708,96,54,54860,581.271,1980
262852057638221,96,54,54860,583.135,1980
262852107741825,96,54,54860,583.135,1980
262852157849433,97,53,54860,580.742,1980
262852207956187,97,53,54860,580.742,1980
262852258063462,97,53,54860,574.677,1980
262852308164061,97,53,54860,574.677,1980
262852358273423,96,54,54860,570.51,1980
262852408389903,96,54,54860,570.51,1980
262852458550278,96,54,54860,538.488,1980
262852508680830,96,54,54860,538.488,1980
262852560151353,66,31,54860,518.257,1980
262852611507120,66,31,54860,518.257,1980
262852662057586,66,31,54860,495.594,1980
262852712227831,66,31,54860,495.594,1980
262852762334698,76,38,54860,472.432,1980
262852812451503,76,38,54860,472.432,1980
262852863300445,76,38,54860,453.67,1980
262852913996701,76,38,54860,453.67,1980
262852964170579,89,43,54860,434.273,1980
262853014612575,89,43,54860,434.273,1980
262853065672185,89,43,54860,413.155,1980
262853116400232,89,43,54860,413.155,1980
262853166509989,95,46,54860,391.019,1980
262853216635587,95,46,54860,391.019,1980
262853266742981,95,46,54860,385.245,1980
262853316847190,95,46,54860,385.245,1980
262853366950087,85,44,54860,393.203,1980
262853417057678,85,44,54860,393.203,1980
262853467159115,85,44,54860,429.505,1980
262853517270687,85,44,54860,429.505,1980
262853567379941,98,51,54860,452.776,1980
262853617486682,98,51,54860,452.776,1980
262853667586981,98,51,54860,474.994,1980
262853717691619,98,51,54860,474.994,1980
262853767791239,96,52,54860,493.984,1980
262853817896331,96,52,54860,493.984,1980
262853868006070,96,52,54860,513.832,1980
262853918196840,96,52,54860,513.832,1980
262853968334572,99,56,54860,537.079,1980
262854018456320,99,56,54860,537.079,1980
262854068570030,99,56,54860,557.101,1980
262854118674479,99,56,54860,557.101,1980
262854168785024,96,55,54860,576.468,1980
262854218892136,96,55,54860,576.468,1980
262854269018165,96,55,54860,580.576,1980
262854319127303,96,55,54860,580.576,1980
262854369233542,96,57,54860,571.581,1980
262854419348993,96,57,54860,571.581,1980
262854469461979,96,57,54860,565.046,1980
262854519563387,96,57,54860,565.046,1980
262854575741913,96,55,54860,553.467,1980
262854626409122,96,55,54860,553.467,1980
262854676527365,96,55,54860,523.276,1980
262854726689794,96,55,54860,523.276,1980
262854778081512,47,22,54860,503.648,1980
262854828204495,47,22,54860,503.648,1980
262854879182789,47,22,54860,479.426,1980
262854930646555,47,22,54860,479.426,1980
262854981832064,75,37,54860,457.797,1980
262855031968249,75,37,54860,457.797,1980
262855082043574,75,37,54860,438.029,1980
262855132210148,75,37,54860,438.029,1980
262855182382767,86,42,54860,421.281,1980
262855232553185,86,42,54860,421.281,1980
262855282683771,86,42,54860,404.748,1980
262855332831554,86,42,54860,404.748,1980
262855388813011,98,48,54860,386.783,1980
262855438936020,98,48,54860,386.783,1980
262855489047562,98,48,54860,365.117,1980
262855539152904,98,48,54860,365.117,1980
262855589256085,62,31,54860,375.971,1980
262855639360171,62,31,54860,375.971,1980
262855689473883,62,31,54860,407.763,1980
262855739582894,62,31,54860,407.763,1980
262855789694993,98,50,54860,435.248,1980
262855839798059,98,50,54860,435.248,1980
262855889906636,98,50,54860,455.827,1980
262855940013347,98,50,54860,455.827,1980
262855990123970,87,48,54860,474.059,1980
262856040226759,87,48,54860,474.059,1980
262856090327600,87,48,54860,495.051,1980
262856140434637,87,48,54860,495.051,1980
262856190536851,96,54,54860,519.602,1980
262856240640370,96,54,54860,537.221,1980
262856290743867,96,54,54860,537.221,1980
262856340849949,96,54,54860,557.403,1980
262856390952178,97,54,54860,557.403,1980
262856441057227,97,54,54860,582.826,1980
262856491212491,97,54,54860,582.826,1980
262856541332945,96,54,54860,580.269,1980
262856591428924,96,54,54860,580.269,1980
262856641531125,96,54,54860,575.465,1980
262856691629591,96,54,54860,575.465,1980
262856741730351,96,54,54860,570.634,1980
262856791828553,97,52,54860,570.634,1980
262856842467559,97,52,54860,549.064,1980
262856892619844,97,52,54860,549.064,1980
262856944132039,45,29,54860,528.55,1980
262856994258617,45,29,54860,528.55,1980
262857044466303,45,29,54860,506.153,1980
262857095130522,45,29,54860,506.153,1980
262857145522962,76,37,54860,482.671,1980
262857195652121,76,37,54860,482.671,1980
262857246355523,76,37,54860,462.849,1980
262857297030130,76,37,54860,462.849,1980
262857347182924,87,43,54860,444.811,1980
262857397584222,87,43,54860,444.811,1980
262857448028185,87,43,54860,424.133,1980
262857498137454,87,43,54860,424.133,1980
262857548297952,100,49,54860,401.712,1980
262857598412155,100,49,54860,401.712,1980
262857648534409,100,49,54860,383.522,1980
262857698649995,100,49,54860,383.522,1980
262857748751816,69,34,54860,385.879,1980
262857798855193,69,34,54860,385.879,1980
262857848969853,69,34,54860,413.802,1980
262857899104484,69,34,54860,413.802,1980
262857949214894,98,48,54860,436.086,1980
262857999315411,98,48,54860,436.086,1980
262858049415602,98,48,54860,457.026,1980
262858099512720,98,48,54860,457.026,1980
262858149612242,96,50,54860,480.026,1980
262858199708109,96,50,54860,480.026,1980
262858249827406,96,50,54860,502.504,1980
262858299954419,96,50,54860,502.504,1980
262858350064183,96,54,54860,524.542,1980
262858400177115,96,54,54860,524.542,1980
262858450285413,96,54,54860,543.268,1980
262858500396173,96,54,54860,543.268,1980
262858550502696,96,53,54860,563.967,1980
262858600638466,96,53,54860,563.967,1980
262858650747200,96,53,54860,583.373,1980
262858700867843,96,53,54860,583.373,1980
262858750974248,96,53,54860,579.069,1980
262858801082294,96,53,54860,579.069,1980
262858851186269,96,53,54860,570.802,1980
262858901300693,96,53,54860,570.802,1980
262858951432157,96,63,54860,545.854,1980
262859001568836,96,63,54860,545.854,1980
262859051709996,96,63,54860,519.746,1980
262859102937567,96,63,54860,519.746,1980
262859153051178,74,36,54860,495.473,1980
262859203755976,74,36,54860,495.473,1980
262859254149714,74,36,54860,474.339,1980
262859305347240,74,36,54860,474.339,1980
262859355541409,83,40,54860,455.099,1980
262859405670338,83,40,54860,455.099,1980
262859456251722,83,40,54860,435.874,1980
262859506957805,83,40,54860,435.874,1980
262859557160802,95,46,54860,416.27,1980
262859607461025,95,46,54860,416.27,1980
262859658132975,95,46,54860,398.579,1980
262859708256120,95,46,54860,398.579,1980
262859758368199,100,49,54860,378.251,1980
262859808470625,100,49,54860,378.251,1980
262859858575279,100,49,54860,386.624,1980
262859908679016,100,49,54860,386.624,1980
262859958779541,98,51,54860,416.858,1980
262860012551075,98,51,54860,416.858,1980
262860062659684,98,51,54860,438.5,1980
262860112762266,98,51,54860,438.5,1980
262860162866826,91,46,54860,460.38,1980
262860212969210,91,46,54860,460.38,1980
262860263072675,91,46,54860,486.282,1980
262860313173584,91,46,54860,486.282,1980
262860363279113,98,55,54860,505.197,1980
262860413394651,98,55,54860,505.197,1980
262860463499832,98,55,54860,530.297,1980
262860513601603,98,55,54860,530.297,1980
262860563701497,96,54,54860,546.633,1980
262860613803234,96,54,54860,546.633,1980
262860663904516,96,54,54860,571.663,1980
262860714014576,96,54,54860,571.663,1980
262860764114995,98,56,54860,588.23,1980
262860814218069,98,56,54860,588.23,1980
262860864317777,98,56,54860,585.649,1980
262860915272369,98,56,54860,585.649,1980
262860965372791,96,54,54860,580.978,1980
262861015477163,96,54,54860,580.978,1980
262861065578757,96,54,54860,583.337,1980
262861115682839,96,54,54860,583.337,1980
262861167088609,96,59,54860,556.963,1980
262861217205550,96,59,54860,556.963,1980
262861267350313,96,59,54860,531.41,1980
262861318486933,96,59,54860,531.41,1980
262861368621303,73,35,54860,503.463,1980
262861419195904,73,35,54860,503.463,1980
262861469891592,73,35,54860,482.099,1980
262861520396549,73,35,54860,482.099,1980
262861571291050,76,38,54860,459.396,1980
262861621436060,76,38,54860,459.396,1980
262861671614792,76,38,54860,438.354,1980
262861722537995,76,38,54860,438.354,1980
262861772676325,95,46,54860,420.081,1980
262861822825181,95,46,54860,420.081,1980
262861872938754,95,46,54860,398.843,1980
262861923062808,95,46,54860,398.843,1980
262861973195245,100,49,54860,376.419,1980
262862023300483,100,49,54860,376.419,1980
262862073422214,100,49,54860,378.919,1980
262862123523761,100,49,54860,378.919,1980
262862173636165,98,49,54860,406.179,1980
262862223756529,98,49,54860,406.179,1980
262862273866627,98,49,54860,430.216,1980
262862323968587,98,49,54860,430.216,1980
262862374071790,90,45,54860,456.146,1980
262862424171785,90,45,54860,456.146,1980
262862474278172,90,45,54860,478.563,1980
262862524378653,90,45,54860,478.563,1980
262862574479349,96,54,54860,499.442,1980
262862624580581,96,54,54860,499.442,1980
262862674681250,96,54,54860,516.449,1980
262862724782293,96,54,54860,516.449,1980
262862774884687,96,53,54860,537.73,1980
262862824986441,96,53,54860,537.73,1980
262862875087956,96,53,54860,551.245,1980
262862925188439,96,53,54860,551.245,1980
262862975287843,96,52,54860,574.311,1980
262863025388408,96,52,54860,574.311,1980
262863075488681,96,52,54860,570.711,1980
262863125605071,96,52,54860,570.711,1980
262863175749988,99,55,54860,562.216,1980
262863225854724,99,55,54860,562.216,1980
262863275992228,99,55,54860,546.968,1980
262863326154944,99,55,54860,546.968,1980
262863378040941,46,37,54860,520.573,1980
262863428174234,46,37,54860,520.573,1980
262863478372263,46,37,54860,499.172,1980
262863529820045,46,37,54860,499.172,1980
262863579986900,73,36,54860,477.645,1980
262863630103427,73,36,54860,477.645,1980
262863680239221,73,36,54860,454.179,1980
262863730780592,73,36,54860,454.179,1980
262863781702794,78,39,54860,438.265,1980
262863832427659,78,39,54860,438.265,1980
262863883421594,78,39,54860,421.127,1980
262863934355015,78,39,54860,421.127,1980
262863984462558,84,42,54860,400.997,1980
262864034610598,84,42,54860,400.997,1980
262864098754803,84,42,54860,381.015,1980
262864148876098,98,49,54860,360.097,1980
262864198995022,98,49,54860,360.097,1980
262864249107298,98,49,54860,383.203,1980
262864299210218,98,49,54860,383.203,1980
262864349311409,98,49,54860,413.811,1980
262864399422191,98,49,54860,413.811,1980
262864449524526,98,49,54860,438.884,1980
262864499630387,98,49,54860,438.884,1980
262864549768478,91,45,54860,461.382,1980
262864599870395,91,45,54860,461.382,1980
262864649973425,91,45,54860,485.139,1980
262864700075908,91,45,54860,485.139,1980
262864750181276,98,54,54860,506.987,1980
262864800283947,98,54,54860,506.987,1980
262864850388388,98,54,54860,526.862,1980
262864900735126,98,54,54860,526.862,1980
262864950843958,96,54,54860,549.298,1980
262865000950043,96,54,54860,549.298,1980
262865051056810,96,54,54860,572.142,1980
262865101163802,96,54,54860,572.142,1980
262865151276862,99,55,54860,597.862,1980
262865201402384,99,55,54860,597.862,1980
262865251512074,99,55,54860,596.9,1980
262865301614597,99,55,54860,596.9,1980
262865351720907,96,54,54860,592.576,1980
262865401822235,96,54,54860,592.576,1980
262865451925762,96,54,54860,588.413,1980
262865502792905,96,54,54860,588.413,1980
262865552906050,97,61,54860,562.96,1980
262865603073702,97,61,54860,562.96,1980
262865654087985,97,61,54860,536.655,1980
262865705508196,97,61,54860,536.655,1980
262865756748496,75,36,54860,514.988,1980
262865807738368,75,36,54860,514.988,1980
262865857890720,75,36,54860,491.211,1980
262865908541184,75,36,54860,491.211,1980
262865959303914,86,41,54860,467.279,1980
262866009643879,86,41,54860,467.279,1980
262866060124359,86,41,54860,442.885,1980
262866110244780,86,41,54860,442.885,1980
262866160351328,100,49,54860,424.868,1980
262866210478448,100,49,54860,424.868,1980
262866260595544,100,49,54860,396.325,1980
262866310707327,100,49,54860,396.325,1980
262866360819532,96,48,54860,387.667,1980
262866410933866,96,48,54860,387.667,1980
262866461034545,96,48,54860,392.463,1980
262866511149478,96,48,54860,392.463,1980
262866561266901,99,51,54860,418.837,1980
262866611382565,99,51,54860,418.837,1980
262866661485971,99,51,54860,439.647,1980
262866711587821,99,51,54860,439.647,1980
262866761689500,90,49,54860,460.232,1980
262866811793962,90,49,54860,460.232,1980
262866861895635,90,49,54860,483.002,1980
262866912024279,90,49,54860,483.002,1980
262866962126048,96,56,54860,504.857,1980
262867012227106,96,56,54860,504.857,1980
262867062327531,96,56,54860,529.225,1980
262867112429100,96,56,54860,529.225,1980
262867162540149,96,55,54860,549.633,1980
262867212641379,96,55,54860,549.633,1980
262867262842955,96,55,54860,567.465,1980
262867312977539,96,55,54860,567.465,1980
262867363080493,97,55,54860,582.816,1980
262867413187025,97,55,54860,582.816,1980
262867463290876,97,55,54860,576.29,1980
262867513409539,97,55,54860,576.29,1980
262867563513413,96,55,54860,570.826,1980
262867613616432,96,55,54860,570.826,1980
262867665983018,96,55,54860,574.151,1980
262867716104127,96,55,54860,574.151,1980
262867766248013,97,64,54860,548.986,1980
262867817887601,97,64,54860,548.986,1980
262867868003745,97,64,54860,524.044,1980
262867918135412,97,64,54860,524.044,1980
262867968643627,74,36,54860,499.774,1980
262868018965996,74,36,54860,499.774,1980
262868070321563,74,36,54860,479.975,1980
262868121150045,74,36,54860,479.975,1980
262868171954044,78,39,54860,457.74,1980
262868222083349,78,39,54860,457.74,1980
262868272948025,78,39,54860,439.26,1980
262868323084450,78,39,54860,439.26,1980
262868373213882,91,45,54860,416.811,1980
262868423383473,91,45,54860,416.811,1980
262868473525523,91,45,54860,399.116,1980
262868523636393,91,45,54860,399.116,1980
262868573741688,100,49,54860,375.855,1980
262868623847032,100,49,54860,375.855,1980
262868673956702,100,49,54860,381.07,1980
262868724062450,100,49,54860,381.07,1980
262868774165347,98,53,54860,415.701,1980
262868824268783,98,53,54860,415.701,1980
262868874371584,98,53,54860,437.791,1980
262868924476186,98,53,54860,437.791,1980
262868974578767,90,50,54860,460.403,1980
262869024684724,90,50,54860,460.403,1980
262869074797916,90,50,54860,485.729,1980
262869124902083,90,50,54860,485.729,1980
262869175004144,97,53,54860,506.601,1980
262869225107721,97,53,54860,506.601,1980
262869275215781,97,53,54860,525.8,1980
262869325326086,97,53,54860,525.8,1980
262869375426283,98,57,54860,549.219,1980
262869425527865,98,57,54860,549.219,1980
262869475627204,98,57,54860,566.507,1980
262869525786917,98,57,54860,566.507,1980
262869575914084,96,55,54860,587.831,1980
262869626041720,96,55,54860,587.831,1980
262869676153094,96,55,54860,582.983,1980
262869726262992,96,55,54860,582.983,1980
262869787143188,96,56,54860,571.97,1980
262869838457747,96,56,54860,571.97,1980
262869889218145,96,56,54860,543.217,1980
262869939759107,96,56,54860,543.217,1980
262869990118058,43,20,54860,517.805,1980
262870040227975,43,20,54860,517.805,1980
262870090626560,43,20,54860,489.798,1980
262870141924700,43,20,54860,489.798,1980
262870193009989,78,38,54860,468.078,1980
262870243846003,78,38,54860,468.078,1980
262870293984951,78,38,54860,453.59,1980
262870344491374,78,38,54860,453.59,1980
262870395206448,91,44,54860,431.541,1980
262870445345221,91,44,54860,431.541,1980
262870495484483,91,44,54860,406.76,1980
262870554445024,100,49,54860,392.309,1980
262870604573443,100,49,54860,392.309,1980
262870654681483,100,49,54860,386.364,1980
262870704788787,100,49,54860,386.364,1980
262870754890647,86,44,54860,394.961,1980
262870804991990,86,44,54860,394.961,1980
262870855119421,86,44,54860,425.942,1980
262870905227916,86,44,54860,425.942,1980
262870955335335,98,50,54860,447.865,1980
262871005446307,98,50,54860,447.865,1980
262871055554386,98,50,54860,469.327,1980
262871105655113,98,50,54860,469.327,1980
262871155756207,96,52,54860,490.52,1980
262871205858787,96,52,54860,490.52,1980
262871255961499,96,52,54860,511.855,1980
262871306067216,96,52,54860,511.855,1980
262871356167666,98,56,54860,535.092,1980
262871406273385,98,56,54860,535.092,1980
262871456392576,98,56,54860,555.593,1980
262871506498002,98,56,54860,555.593,1980
262871556597716,96,54,54860,568.966,1980
262871606707601,96,54,54860,568.966,1980
262871656825591,96,54,54860,578.949,1980
262871706958090,96,54,54860,578.949,1980
262871757049752,96,55,54860,572.459,1980
262871807162006,96,55,54860,572.459,1980
262871857263128,96,55,54860,569.149,1980
262871907376019,96,55,54860,569.149,1980
262871962691105,96,54,54860,561.753,1980
262872013203738,96,54,54860,561.753,1980
262872063367936,96,54,54860,534.471,1980
262872114351562,96,54,54860,534.471,1980
262872165016909,62,29,54860,511.895,1980
262872216335603,62,29,54860,511.895,1980
262872266904960,62,29,54860,491.352,1980
262872317084998,62,29,54860,491.352,1980
262872367210975,81,39,54860,469.14,1980
262872417332342,81,39,54860,469.14,1980
262872467756923,81,39,54860,452.133,1980
262872518616766,81,39,54860,452.133,1980
262872568771499,91,44,54860,432.702,1980
262872618895857,91,44,54860,432.702,1980
262872669095307,91,44,54860,411.363,1980
262872728324017,91,44,54860,411.363,1980
262872778438528,100,50,54860,387.229,1980
262872828546941,100,50,54860,387.229,1980
262872878645203,100,50,54860,391.544,1980
262872928746526,100,50,54860,391.544,1980
262872978844069,98,50,54860,400.015,1980
262873028946259,98,50,54860,400.015,1980
262873079050146,98,50,54860,427.962,1980
262873129152750,98,50,54860,427.962,1980
262873179264163,90,45,54860,450.679,1980
262873229364974,90,45,54860,450.679,1980
262873279466172,90,45,54860,474.617,1980
262873329569263,90,45,54860,474.617,1980
262873379680446,96,53,54860,493.613,1980
262873429785137,96,53,54860,493.613,1980
262873479889284,96,53,54860,513.756,1980
262873529989645,96,53,54860,513.756,1980
262873580091750,97,52,54860,536.436,1980
262873630194203,97,52,54860,536.436,1980
262873680303155,97,52,54860,558.954,1980
262873730405697,97,52,54860,558.954,1980
262873780507420,98,55,54860,585.437,1980
262873830607823,98,55,54860,585.437,1980
262873880712396,98,55,54860,579.728,1980
262873930812198,98,55,54860,579.728,1980
262873980913545,96,54,54860,575.786,1980
262874031019375,96,54,54860,575.786,1980
262874082642532,96,54,54860,574.5,1980
262874132786297,96,54,54860,574.5,1980
262874182915971,93,57,54860,547.628,1980
262874234796402,93,57,54860,547.628,1980
262874286294394,93,57,54860,522.883,1980
262874337992157,93,57,54860,522.883,1980
262874388631746,73,35,54860,501.345,1980
262874438823286,73,35,54860,501.345,1980
262874489989895,73,35,54860,481.771,1980
262874541027452,73,35,54860,481.771,1980
262874591584747,81,40,54860,461.077,1980
262874641753727,81,40,54860,461.077,1980
262874691920086,81,40,54860,440.903,1980
262874742033815,81,40,54860,440.903,1980
262874792274995,94,46,54860,422.178,1980
262874842417834,94,46,54860,422.178,1980
262874894274598,94,46,54860,399.52,1980
262874944380871,94,46,54860,399.52,1980
262874994504759,100,50,54860,389.001,1980
262875044607652,100,50,54860,389.001,1980
262875094705504,100,50,54860,392.999,1980
262875144804298,100,50,54860,392.999,1980
262875194901432,99,49,54860,416.192,1980
262875245007509,99,49,54860,416.192,1980
262875295106300,99,49,54860,439.142,1980
262875345207612,99,49,54860,439.142,1980
262875395304418,91,45,54860,460.27,1980
262875445404703,91,45,54860,460.27,1980
262875495504191,91,45,54860,482.698,1980
262875545604902,91,45,54860,482.698,1980
262875595712427,98,55,54860,506.262,1980
262875645812273,98,55,54860,506.262,1980
262875695918145,98,55,54860,524.081,1980
262875746024064,98,55,54860,524.081,1980
262875796125264,96,53,54860,543.013,1980
262875846232389,96,53,54860,543.013,1980
262875896333649,96,53,54860,567.064,1980
262875946433495,96,53,54860,567.064,1980
262875996533178,97,55,54860,584.365,1980
262876046633958,97,55,54860,584.365,1980
262876096742703,97,55,54860,580.03,1980
262876146850169,97,55,54860,580.03,1980
262876196953867,96,53,54860,575.284,1980
262876248537003,96,53,54860,575.284,1980
262876299267136,96,53,54860,573.145,1980
262876350280717,96,53,54860,534.935,1980
262876400917206,87,59,54860,534.935,1980
262876460179280,87,59,54860,491.229,1980
262876510331770,87,59,54860,491.229,1980
262876562150174,2,2,54860,462.804,1980
262876612272993,2,2,54860,462.804,1980
262876662416887,2,2,54860,436.576,1980
262876713583639,2,2,54860,436.576,1980
262876763750250,73,36,54860,418.755,1980
262876813856576,73,36,54860,418.755,1980
262876864006644,73,36,54860,398.708,1980
262876914140617,73,36,54860,398.708,1980
262876964254570,83,41,54860,373.843,1980
262877014783411,83,41,54860,373.843,1980
262877065812126,83,41,54860,351.911,1980
262877116842274,83,41,54860,351.911,1980
262877166968842,96,47,54860,338.958,1980
262877217097346,96,47,54860,338.958,1980
262877267206704,96,47,54860,319.846,1980
262877317325890,96,47,54860,319.846,1980
262877367423099,85,42,54860,344.761,1980
262877417540296,85,42,54860,344.761,1980
262877467638980,85,42,54860,392.98,1980
262877517743579,85,42,54860,392.98,1980
262877567841450,98,48,54860,424.934,1980
262877617940518,98,48,54860,424.934,1980
262877668683401,98,48,54860,445.239,1980
262877718783937,98,48,54860,445.239,1980
262877768882955,93,48,54860,467.663,1980
262877818980298,93,48,54860,467.663,1980
262877869115651,93,48,54860,486.957,1980
262877919240505,93,48,54860,486.957,1980
262877969361771,96,53,54860,510.886,1980
262878019996153,96,53,54860,510.886,1980
262878070128037,96,53,54860,527.721,1980
262878120236304,96,53,54860,527.721,1980
262878170346699,97,51,54860,548.943,1980
262878220452571,97,51,54860,548.943,1980
262878270557901,97,51,54860,567.823,1980
262878320661994,97,51,54860,567.823,1980
262878371025531,98,56,54860,581.749,1980
262878421131251,98,56,54860,581.749,1980
262878471240761,98,56,54860,574.501,1980
262878523035880,98,56,54860,574.501,1980
262878573177847,96,53,54860,558.223,1980
262878624863317,96,53,54860,558.223,1980
262878675170971,96,53,54860,536.586,1980
262878726614203,96,53,54860,536.586,1980
262878776788622,71,34,54860,514.723,1980
262878826970154,71,34,54860,514.723,1980
262878878166068,71,34,54860,492.267,1980
262878929248703,71,34,54860,492.267,1980
262878979437994,83,40,54860,474.638,1980
262879029554233,83,40,54860,474.638,1980
262879080189675,83,40,54860,454.568,1980
262879130680098,83,40,54860,454.568,1980
262879180852786,94,47,54860,432.818,1980
262879231280116,94,47,54860,432.818,1980
262879281674548,94,47,54860,415.134,1980
262879331785004,94,47,54860,415.134,1980
262879381889643,100,50,54860,389.905,1980
262879432011270,100,50,54860,389.905,1980
262879482115460,100,50,54860,395.389,1980
262879532225920,100,50,54860,395.389,1980
262879582331936,98,49,54860,407.166,1980
262879632437188,98,49,54860,407.166,1980
262879682539198,98,49,54860,435.212,1980
262879732647341,98,49,54860,435.212,1980
262879782748020,96,50,54860,460.078,1980
262879832872107,96,50,54860,460.078,1980
262879882983515,96,50,54860,482.672,1980
262879933087580,96,50,54860,482.672,1980
262879983188501,97,53,54860,500.79,1980
262880033291709,97,53,54860,500.79,1980
262880084286202,97,53,54860,523.755,1980
262880134399121,97,53,54860,523.755,1980
262880184514581,98,54,54860,541.38,1980
262880234632120,98,54,54860,541.38,1980
262880284737254,98,54,54860,558.994,1980
262880334845070,98,54,54860,558.994,1980
262880384943241,96,54,54860,579.17,1980
262880435056651,96,54,54860,579.17,1980
262880485159126,96,54,54860,575.654,1980
262880535261834,96,54,54860,575.654,1980
262880593237405,97,65,54860,568.463,1980
262880643511757,97,65,54860,568.463,1980
262880693634179,97,65,54860,541.246,1980
262880743789406,97,65,54860,541.246,1980
262880794588994,41,20,54860,517.217,1980
262880844701625,41,20,54860,517.217,1980
262880894841856,41,20,54860,493.08,1980
262880945008837,41,20,54860,493.08,1980
262880995170178,85,41,54860,471.25,1980
262881045337121,85,41,54860,471.25,1980
262881095497472,85,41,54860,449.545,1980
262881146027388,85,41,54860,449.545,1980
262881196446927,100,49,54860,430.485,1980
262881246568082,100,49,54860,430.485,1980
262881296678030,100,49,54860,408.283,1980
262881348016641,100,49,54860,408.283,1980
262881398136555,100,50,54860,389.666,1980
262881448249130,100,50,54860,389.666,1980
262881498371547,100,50,54860,388.398,1980
262881548473615,100,50,54860,388.398,1980
262881598578205,98,47,54860,394.354,1980
262881648689596,98,47,54860,394.354,1980
262881698804541,98,47,54860,422.237,1980
262881748917724,98,47,54860,422.237,1980
262881799032181,95,51,54860,446.087,1980
262881849135723,95,51,54860,446.087,1980
262881899237519,95,51,54860,467.889,1980
262881949337743,95,51,54860,467.889,1980
262881999443888,96,53,54860,486.582,1980
262882049657696,96,53,54860,486.582,1980
262882100487216,96,53,54860,506.367,1980
262882150601432,96,53,54860,506.367,1980
262882200710864,96,53,54860,528.329,1980
262882250811771,96,53,54860,528.329,1980
262882300912982,96,53,54860,543.412,1980
262882351014362,96,53,54860,543.412,1980
262882401137345,97,54,54860,563.951,1980
262882451257782,97,54,54860,563.951,1980
262882501363259,97,54,54860,573.872,1980
262882551470903,97,54,54860,573.872,1980
262882603425742,99,54,54860,573.208,1980
262882656402736,99,54,54860,547.806,1980
262882706560081,99,54,54860,547.806,1980
262882756745796,72,34,54860,524.531,1980
262882808460529,72,34,54860,524.531,1980
262882859928986,72,34,54860,504.994,1980
262882910700412,72,34,54860,504.994,1980
262882961699046,79,39,54860,481.029,1980
262883011804344,79,39,54860,481.029,1980
262883061914806,79,39,54860,463.279,1980
262883112069038,79,39,54860,463.279,1980
262883162222237,93,45,54860,445.897,1980
262883213174180,93,45,54860,445.897,1980
262883263278039,93,45,54860,426.556,1980
262883313715314,93,45,54860,426.556,1980
262883363827783,100,49,54860,406.984,1980
262883414423940,100,49,54860,406.984,1980
262883464552855,100,49,54860,384.728,1980
262883514668133,100,49,54860,384.728,1980
262883564775491,98,50,54860,389.526,1980
262883614878043,98,50,54860,389.526,1980
262883664985596,98,50,54860,414.437,1980
262883715087867,98,50,54860,414.437,1980
262883765194557,91,45,54860,437.88,1980
262883815297239,91,45,54860,437.88,1980
262883865404010,91,45,54860,462.381,1980
262883915513132,91,45,54860,462.381,1980
262883965685678,98,55,54860,486.838,1980
262884015799012,98,55,54860,486.838,1980
262884065899685,98,55,54860,505.497,1980
262884116008246,98,55,54860,505.497,1980
262884166109203,96,53,54860,525.819,1980
262884216215001,96,53,54860,525.819,1980
262884266318934,96,53,54860,548.116,1980
262884316430662,96,53,54860,548.116,1980
262884366534972,97,54,54860,564.633,1980
262884416641170,97,54,54860,564.633,1980
262884466742210,97,54,54860,591.202,1980
262884516866837,97,54,54860,591.202,1980
262884566968921,96,53,54860,585.631,1980
262884617072437,96,53,54860,585.631,1980
262884669999720,96,53,54860,584.282,1980
262884722986977,96,53,54860,584.282,1980
262884773105292,72,51,54860,574.171,1980
262884823423245,72,51,54860,574.171,1980
262884874812404,72,51,54860,547.318,1980
262884924920326,72,51,54860,547.318,1980
262884975977482,75,36,54860,521.373,1980
262885026311445,75,36,54860,521.373,1980
262885077131608,75,36,54860,501.499,1980
262885127487463,75,36,54860,501.499,1980
262885177628333,97,48,54860,481.609,1980
262885227811322,97,48,54860,481.609,1980
262885277919845,97,48,54860,461.479,1980
262885328076867,97,48,54860,461.479,1980
262885378422401,100,49,54860,437.226,1980
262885428532623,100,49,54860,437.226,1980
262885478658488,100,49,54860,416.939,1980
262885528770646,100,49,54860,416.939,1980
262885578873454,81,41,54860,398.059,1980
262885628979143,81,41,54860,398.059,1980
262885679086543,81,41,54860,400.858,1980
262885729186824,81,41,54860,400.858,1980
262885779298553,98,49,54860,406.31,1980
262885829402294,98,49,54860,406.31,1980
262885879504028,98,49,54860,433.843,1980
262885929618046,98,49,54860,433.843,1980
262885979726995,97,49,54860,451.96,1980
262886029829717,97,49,54860,451.96,1980
262886079929968,97,49,54860,468.936,1980
262886130046051,97,49,54860,468.936,1980
262886180211111,99,55,54860,487.512,1980
262886230339240,99,55,54860,487.512,1980
262886280456757,99,55,54860,505.692,1980
262886330560460,99,55,54860,505.692,1980
262886380662188,96,54,54860,526.534,1980
262886430763878,96,54,54860,526.534,1980
262886480868294,96,54,54860,554.831,1980
262886530972333,96,54,54860,554.831,1980
262886581081521,97,52,54860,574.53,1980
262886631182149,97,52,54860,574.53,1980
262886681283210,97,52,54860,567.668,1980
262886731384618,97,52,54860,567.668,1980
262886781484154,98,54,54860,564.77,1980
262886834552259,98,54,54860,564.77,1980
262886884679834,98,54,54860,546.04,1980
262886934828220,98,54,54860,546.04,1980
262886985727974,73,35,54860,523.663,1980
262887036237156,73,35,54860,523.663,1980
262887086714568,73,35,54860,505.252,1980
262887137600460,73,35,54860,505.252,1980
262887187911902,78,38,54860,484.254,1980
262887238261247,78,38,54860,484.254,1980
262887288390050,78,38,54860,463.156,1980
262887338501125,78,38,54860,463.156,1980
262887388677702,99,49,54860,443.352,1980
262887439235368,99,49,54860,443.352,1980
262887489375510,99,49,54860,424.058,1980
262887539526768,99,49,54860,424.058,1980
262887590819020,100,49,54860,398.632,1980
262887640932232,100,49,54860,398.632,1980
262887691040126,100,49,54860,386.843,1980
262887741148595,100,49,54860,386.843,1980
262887791248813,98,48,54860,390.063,1980
262887841383577,98,48,54860,390.063,1980
262887891489197,98,48,54860,413.398,1980
262887941611536,98,48,54860,413.398,1980
262887991712110,90,47,54860,437.303,1980
262888041817445,90,47,54860,437.303,1980
262888091916031,90,47,54860,458.341,1980
262888142025493,90,47,54860,458.341,1980
262888192149781,96,51,54860,477.117,1980
262888242260076,96,51,54860,477.117,1980
262888292361773,96,51,54860,496.231,1980
262888342467065,96,51,54860,496.231,1980
262888392565912,96,54,54860,517.905,1980
262888442672022,96,54,54860,517.905,1980
262888492772081,96,54,54860,544.108,1980
262888542873862,96,54,54860,544.108,1980
262888592982483,96,53,54860,562.19,1980
262888643084561,96,53,54860,562.19,1980
262888693185130,96,53,54860,580.959,1980
262888743286272,96,53,54860,580.959,1980
262888793387050,96,53,54860,575.248,1980
262888843487346,96,53,54860,575.248,1980
262888893696105,96,53,54860,569.426,1980
262888943812520,96,53,54860,569.426,1980
262888996148980,42,20,54860,538.033,1980
262889046295747,42,20,54860,538.033,1980
262889097861417,42,20,54860,517.185,1980
262889148758958,42,20,54860,517.185,1980
262889198865357,76,37,54860,497.765,1980
262889249288951,76,37,54860,497.765,1980
262889300498929,76,37,54860,478.861,1980
262889350861319,76,37,54860,478.861,1980
262889400973464,87,43,54860,456.052,1980
262889451090230,87,43,54860,456.052,1980
262889501435011,87,43,54860,436.404,1980
262889552138660,87,43,54860,436.404,1980
262889602250059,100,49,54860,416.546,1980
262889652373429,100,49,54860,416.546,1980
262889702483766,100,49,54860,400.058,1980
262889752587873,100,49,54860,400.058,1980
262889802715011,71,34,54860,382.469,1980
262889852821548,71,34,54860,382.469,1980
262889902922741,71,34,54860,391.1,1980
262889953046200,71,34,54860,391.1,1980
262890003173578,98,48,54860,421.744,1980
262890053278976,98,48,54860,421.744,1980
262890103383248,98,48,54860,446.147,1980
262890153488752,98,48,54860,446.147,1980
262890203589413,96,50,54860,472.118,1980
262890253691412,96,50,54860,472.118,1980
262890303791386,96,50,54860,491.323,1980
262890353900801,96,50,54860,491.323,1980
262890404006776,96,54,54860,508.434,1980
262890454112440,96,54,54860,508.434,1980
262890504214751,96,54,54860,528.876,1980
262890554316066,96,54,54860,528.876,1980
262890604416962,96,53,54860,548.02,1980
262890654525836,96,53,54860,548.02,1980
262890704625892,96,53,54860,572.055,1980
262890754727551,96,53,54860,572.055,1980
262890804828897,96,51,54860,584.8,1980
262890854940259,96,51,54860,584.8,1980
262890905042901,96,51,54860,577.325,1980
262890955150158,96,51,54860,577.325,1980
262891005255785,98,54,54860,572.279,1980
262891055369307,98,54,54860,572.279,1980
262891105516721,98,54,54860,548.39,1980
262891155673534,98,54,54860,548.39,1980
262891207180806,73,35,54860,524.023,1980
262891257307775,73,35,54860,524.023,1980
262891307870626,73,35,54860,502.73,1980
262891358011024,73,35,54860,481.428,1980
262891408851505,84,41,54860,481.428,1980
262891459008148,84,41,54860,460.533,1980
262891509899387,84,41,54860,460.533,1980
262891560464730,100,49,54860,440.601,1980
262891610993825,100,49,54860,440.601,1980
262891661113187,100,49,54860,419.455,1980
262891711296206,100,49,54860,419.455,1980
262891761429409,96,48,54860,399.611,1980
262891811538135,96,48,54860,399.611,1980
262891861642591,96,48,54860,387.553,1980
262891911756821,96,48,54860,387.553,1980
262891961862545,98,49,54860,395.61,1980
262892011973874,98,49,54860,395.61,1980
262892062089841,98,49,54860,421.208,1980
262892112198298,98,49,54860,421.208,1980
262892162301525,91,48,54860,443.849,1980
262892212409245,91,48,54860,443.849,1980
262892262511836,91,48,54860,462.792,1980
262892312615254,91,48,54860,462.792,1980
262892362716593,97,52,54860,481.756,1980
262892412821697,97,52,54860,481.756,1980
262892462923026,97,52,54860,495.736,1980
262892513032627,97,52,54860,495.736,1980
262892563151575,98,55,54860,511.239,1980
262892613263687,98,55,54860,511.239,1980
262892663364714,98,55,54860,535.801,1980
262892713469896,98,55,54860,535.801,1980
262892763571224,96,53,54860,561.8,1980
262892813673985,96,53,54860,561.8,1980
262892863777959,96,53,54860,569.438,1980
262892913879202,96,53,54860,569.438,1980
262892963979968,97,52,54860,565.142,1980
262893014082379,97,52,54860,565.142,1980
262893064182121,97,52,54860,556.9,1980
262893114296234,97,52,54860,556.9,1980
262893164778152,45,29,54860,533.378,1980
262893214890252,45,29,54860,533.378,1980
262893266159729,45,29,54860,513.471,1980
262893317467935,45,29,54860,513.471,1980
262893367574831,75,37,54860,496.553,1980
262893417760530,75,37,54860,496.553,1980
262893467927168,75,37,54860,478.927,1980
262893518063270,75,37,54860,478.927,1980
262893568191370,84,41,54860,461.122,1980
262893619175349,84,41,54860,461.122,1980
262893669304220,84,41,54860,440.102,1980
262893719436785,84,41,54860,440.102,1980
262893769896650,99,48,54860,423.043,1980
262893820010641,99,48,54860,423.043,1980
262893870117708,99,48,54860,401.604,1980
262893920224407,99,48,54860,401.604,1980
262893970353919,76,37,54860,384.668,1980
262894020455971,76,37,54860,384.668,1980
262894070575815,76,37,54860,390.035,1980
262894120682635,76,37,54860,390.035,1980
262894170795828,98,47,54860,422.899,1980
262894220899779,98,47,54860,422.899,1980
262894271019267,98,47,54860,445.434,1980
262894321120706,98,47,54860,445.434,1980
262894371223910,97,49,54860,469.602,1980
262894421323802,97,49,54860,469.602,1980
262894471427962,97,49,54860,491.664,1980
262894521529500,97,49,54860,491.664,1980
262894571631520,98,53,54860,512.249,1980
262894621731945,98,53,54860,512.249,1980
262894671834511,98,53,54860,533.767,1980
262894721939691,98,53,54860,533.767,1980
262894772040383,96,53,54860,555.213,1980
262894822138169,96,53,54860,555.213,1980
262894872255209,96,53,54860,571.211,1980
262894922353319,96,53,54860,571.211,1980
262894972452882,96,54,54860,586.733,1980
262895022561365,96,54,54860,586.733,1980
262895072672348,96,54,54860,584.288,1980
262895122780161,96,54,54860,584.288,1980
262895172882911,96,53,54860,581.87,1980
262895224875634,96,53,54860,581.87,1980
262895275041956,96,53,54860,558.666,1980
262895325205610,96,53,54860,558.666,1980
262895375316289,69,33,54860,535.96,1980
262895426920615,69,33,54860,535.96,1980
262895477663765,69,33,54860,512.643,1980
262895528823065,69,33,54860,512.643,1980
262895579258805,80,39,54860,488.56,1980
262895630107161,80,39,54860,488.56,1980
262895680252653,80,39,54860,465.777,1980
262895730468516,80,39,54860,465.777,1980
262895781099366,98,48,54860,450.248,1980
262895831851101,98,48,54860,450.248,1980
262895882100512,98,48,54860,432.074,1980
262895932228911,98,48,54860,432.074,1980
262895982794611,100,50,54860,407.843,1980
262896032905654,100,50,54860,407.843,1980
262896083043976,100,50,54860,388.186,1980
262896133145317,100,50,54860,388.186,1980
262896183258076,98,50,54860,395.492,1980
262896233393128,98,50,54860,395.492,1980
262896283494133,98,50,54860,419.519,1980
262896333599130,98,50,54860,419.519,1980
262896383700176,91,45,54860,446.7,1980
262896433804455,91,45,54860,446.7,1980
262896483909924,91,45,54860,469.741,1980
262896534013979,91,45,54860,469.741,1980
262896584141596,97,53,54860,491.935,1980
262896634248701,97,53,54860,491.935,1980
262896684349978,97,53,54860,517.911,1980
262896734449940,97,53,54860,517.911,1980
262896784554803,96,54,54860,543.107,1980
262896840624386,96,54,54860,543.107,1980
262896890784092,96,54,54860,561.175,1980
262896940903598,96,54,54860,561.175,1980
262896991018598,98,55,54860,577.429,1980
262897041126509,98,55,54860,577.429,1980
262897091248104,98,55,54860,599.988,1980
262897141355672,98,55,54860,599.988,1980
262897191458853,96,54,54860,592.162,1980
262897241561355,96,54,54860,592.162,1980
262897292040612,96,54,54860,586.732,1980
262897342148731,96,54,54860,586.732,1980
262897399706841,95,61,54860,583.665,1980
262897449851110,95,61,54860,583.665,1980
262897500016012,95,61,54860,550.927,1980
262897551294209,95,61,54860,550.927,1980
262897602871329,75,36,54860,528.177,1980
262897652979896,75,36,54860,528.177,1980
262897704237424,75,36,54860,501.761,1980
262897755289795,75,36,54860,501.761,1980
262897806278075,85,42,54860,478.434,1980
262897857126531,85,42,54860,478.434,1980
262897907515946,85,42,54860,456.925,1980
262897957624232,85,42,54860,456.925,1980
262898007736607,98,48,54860,437.062,1980
262898057921829,98,48,54860,437.062,1980
262898108040690,98,48,54860,415.644,1980
262898158805003,98,48,54860,415.644,1980
262898208923680,93,46,54860,390.148,1980
262898259031938,93,46,54860,390.148,1980
262898309136805,93,46,54860,390.098,1980
262898359238947,93,46,54860,390.098,1980
262898409352304,98,50,54860,397.518,1980
262898460362635,98,50,54860,397.518,1980
262898510464999,98,50,54860,432.895,1980
262898560565429,98,50,54860,432.895,1980
262898610669752,91,48,54860,452.757,1980
262898660778294,91,48,54860,452.757,1980
262898710886577,91,48,54860,472.402,1980
262898760993451,91,48,54860,472.402,1980
262898811097544,96,54,54860,491.298,1980
262898861208954,96,54,54860,491.298,1980
262898911315606,96,54,54860,510.873,1980
262898961418855,96,54,54860,510.873,1980
262899011521656,96,55,54860,531.275,1980
262899061629514,96,55,54860,549.539,1980
262899111729684,96,55,54860,549.539,1980
262899161833349,96,55,54860,572.476,1980
262899211952961,96,54,54860,572.476,1980
262899262060466,96,54,54860,575.568,1980
262899312692866,96,54,54860,575.568,1980
262899362797255,96,52,54860,565.793,1980
262899412898024,96,52,54860,565.793,1980
262899463040528,96,52,54860,557.376,1980
262899515782659,96,52,54860,557.376,1980
262899565925776,45,25,54860,529.525,1980
262899616622185,45,25,54860,529.525,1980
262899666738360,45,25,54860,508.175,1980
262899717451573,45,25,54860,508.175,1980
262899767556582,82,40,54860,489.196,1980
262899818509944,82,40,54860,489.196,1980
262899868952424,82,40,54860,466.717,1980
262899919080671,82,40,54860,466.717,1980
262899969224563,96,48,54860,449.363,1980
262900019631805,96,48,54860,449.363,1980
262900070212564,96,48,54860,428.428,1980
262900120333674,96,48,54860,428.428,1980
262900170739309,100,49,54860,406.307,1980
262900220848282,100,49,54860,406.307,1980
262900270962552,100,49,54860,380.486,1980
262900321100406,100,49,54860,380.486,1980
262900371204237,95,47,54860,389.493,1980
262900421317914,95,47,54860,389.493,1980
262900471420410,95,47,54860,398.96,1980
262900523690361,95,47,54860,398.96,1980
262900573792320,91,43,54860,426.623,1980
262900623897017,91,43,54860,426.623,1980
262900673999136,91,43,54860,445.749,1980
262900724108496,91,43,54860,445.749,1980
262900774208640,96,54,54860,467.769,1980
262900824312657,96,54,54860,467.769,1980
262900874428647,96,54,54860,489.491,1980
262900924537505,96,54,54860,489.491,1980
262900974645993,96,53,54860,506.273,1980
262901024758383,96,53,54860,506.273,1980
262901074858554,96,53,54860,525.073,1980
262901124958401,96,53,54860,525.073,1980
262901175058489,96,53,54860,547.028,1980
262901225158419,96,53,54860,547.028,1980
262901275257903,96,53,54860,568.771,1980
262901325359717,96,53,54860,568.771,1980
262901375459622,96,53,54860,571.098,1980
262901425561185,96,53,54860,571.098,1980
262901484096296,96,53,54860,556.261,1980
262901534206067,96,53,54860,556.261,1980
262901584359041,46,22,54860,529.094,1980
262901635916606,46,22,54860,529.094,1980
262901686114825,46,22,54860,508.187,1980
262901736232825,46,22,54860,508.187,1980
262901786417202,77,38,54860,487.945,1980
262901836605374,77,38,54860,487.945,1980
262901887593709,77,38,54860,467.155,1980
262901937730318,77,38,54860,467.155,1980
262901987888421,88,44,54860,447.608,1980
262902038037552,88,44,54860,447.608,1980
262902088357122,88,44,54860,431.074,1980
262902138830984,88,44,54860,431.074,1980
262902188957419,100,49,54860,409.759,1980
262902239131067,100,49,54860,409.759,1980
262902289236829,100,49,54860,386.169,1980
262902339340755,100,49,54860,386.169,1980
262902389450344,80,40,54860,387.231,1980
262902439552795,80,40,54860,387.231,1980
262902489661404,80,40,54860,400.995,1980
262902539765826,80,40,54860,400.995,1980
262902589868684,93,47,54860,429.305,1980
262902639971276,93,47,54860,429.305,1980
262902690077318,93,47,54860,454.582,1980
262902740176730,93,47,54860,454.582,1980
262902790279251,96,53,54860,473.786,1980
262902840376392,96,53,54860,473.786,1980
262902890472633,96,53,54860,497.199,1980
262902940568620,96,53,54860,497.199,1980
262902990670929,96,54,54860,512.903,1980
262903040834960,96,54,54860,512.903,1980
262903090961467,96,54,54860,529.629,1980
262903141080421,96,54,54860,529.629,1980
262903191194312,97,55,54860,550.687,1980
262903241305010,97,55,54860,550.687,1980
262903291410939,97,55,54860,576.295,1980
262903341519393,97,55,54860,576.295,1980
262903391626018,99,54,54860,579.488,1980
262903441743284,99,54,54860,579.488,1980
262903492146168,99,54,54860,571.137,1980
262903546087091,99,54,54860,571.137,1980
262903596648877,53,40,54860,550.159,1980
262903648080383,53,40,54860,550.159,1980
262903698196987,53,40,54860,526.965,1980
262903749806328,53,40,54860,526.965,1980
262903800162861,74,36,54860,506.83,1980
262903850877448,74,36,54860,506.83,1980
262903901995547,74,36,54860,484.423,1980
262903952155606,74,36,54860,484.423,1980
262904002837608,87,42,54860,467.75,1980
262904053082689,87,42,54860,467.75,1980
262904103543534,87,42,54860,449.806,1980
262904154143234,87,42,54860,449.806,1980
262904204794990,100,49,54860,430.18,1980
262904254924664,100,49,54860,430.18,1980
262904319302362,100,49,54860,407.611,1980
262904369419656,71,35,54860,386.41,1980
262904419533786,71,35,54860,386.41,1980
262904469641868,71,35,54860,395.256,1980
262904519741367,71,35,54860,395.256,1980
262904569843491,98,48,54860,415.093,1980
262904619950665,98,48,54860,415.093,1980
262904670042547,98,48,54860,441.84,1980
262904720142552,98,48,54860,441.84,1980
262904770326104,95,51,54860,465.605,1980
262904820460507,95,51,54860,465.605,1980
262904870573467,95,51,54860,484.758,1980
262904920690999,95,51,54860,484.758,1980
262904970796738,96,52,54860,503.885,1980
262905020904717,96,52,54860,503.885,1980
262905071015245,96,52,54860,525.748,1980
262905121122673,96,52,54860,525.748,1980
262905171231044,96,53,54860,546.305,1980
262905221336667,96,53,54860,546.305,1980
262905271441786,96,53,54860,562.664,1980
262905321555061,96,53,54860,562.664,1980
262905371659131,97,52,54860,586.323,1980
262905421771265,97,52,54860,586.323,1980
262905471885363,97,52,54860,580.625,1980
262905521992345,97,52,54860,580.625,1980
262905572094778,99,54,54860,577.592,1980
262905630918024,99,54,54860,577.592,1980
262905682112906,99,54,54860,547.651,1980
262905732387601,99,54,54860,547.651,1980
262905782557082,74,36,54860,525.055,1980
262905832766204,74,36,54860,525.055,1980
262905884101810,74,36,54860,502.901,1980
262905934240350,74,36,54860,502.901,1980
262905985463203,84,41,54860,481.838,1980
262906035619872,84,41,54860,481.838,1980
262906085778700,84,41,54860,462.363,1980
262906135909037,84,41,54860,462.363,1980
262906186016420,100,49,54860,443.956,1980
262906236142653,100,49,54860,443.956,1980
262906286245750,100,49,54860,424.015,1980
262906336416673,100,49,54860,424.015,1980
262906387127302,100,50,54860,402.372,1980
262906437238455,100,50,54860,402.372,1980
262906487350494,100,50,54860,394.565,1980
262906537468195,100,50,54860,394.565,1980
262906587673026,98,49,54860,396.377,1980
262906637780476,98,49,54860,396.377,1980
262906687894454,98,49,54860,426.616,1980
262906738005649,98,49,54860,426.616,1980
262906788110902,91,47,54860,449.058,1980
262906838213237,91,47,54860,449.058,1980
262906888315678,91,47,54860,471.875,1980
262906938431070,91,47,54860,471.875,1980
262906988537636,97,52,54860,491.53,1980
262907039111628,97,52,54860,491.53,1980
262907089214726,97,52,54860,507.504,1980
262907139314787,97,52,54860,507.504,1980
262907189414349,99,54,54860,526.274,1980
262907239517449,99,54,54860,526.274,1980
262907289636596,99,54,54860,548.233,1980
262907339746315,99,54,54860,548.233,1980
262907389846328,96,53,54860,573.106,1980
262907439949222,96,53,54860,573.106,1980
262907490061699,96,53,54860,581.066,1980
262907540162179,96,53,54860,581.066,1980
262907590270326,97,52,54860,576.384,1980
262907640369856,97,52,54860,576.384,1980
262907690472355,97,52,54860,570.466,1980
262907742196141,97,52,54860,570.466,1980
262907792349217,45,30,54860,540.238,1980
262907843739605,45,30,54860,540.238,1980
262907893907843,45,30,54860,519.706,1980
262907944071883,45,30,54860,519.706,1980
262907995521716,77,38,54860,499.994,1980
262908046106180,77,38,54860,499.994,1980
262908096234351,77,38,54860,483.278,1980
262908146380392,77,38,54860,483.278,1980
262908197328336,86,41,54860,465.145,1980
262908247459931,86,41,54860,465.145,1980
262908297601115,86,41,54860,445.837,1980
262908348075908,86,41,54860,445.837,1980
262908398595936,100,49,54860,420.564,1980
262908448766876,100,49,54860,420.564,1980
262908501302150,100,49,54860,397.547,1980
262908551421814,100,49,54860,397.547,1980
262908601536907,66,33,54860,381.489,1980
262908651648261,66,33,54860,381.489,1980
262908701763477,66,33,54860,390.231,1980
262908751880289,66,33,54860,390.231,1980
262908801985656,98,50,54860,424.859,1980
262908852094156,98,50,54860,424.859,1980
262908902197509,98,50,54860,445.642,1980
262908952298629,98,50,54860,445.642,1980
262909002401441,95,52,54860,471.836,1980
262909052509034,95,52,54860,471.836,1980
262909102608623,95,52,54860,496.817,1980
262909152713346,95,52,54860,496.817,1980
262909202813343,96,54,54860,515.049,1980
262909252922038,96,54,54860,515.049,1980
262909303024452,96,54,54860,534.757,1980
262909353137526,96,54,54860,534.757,1980
262909403241847,97,53,54860,549.17,1980
262909453350146,97,53,54860,549.17,1980
262909503452754,97,53,54860,572.268,1980
262909553557780,97,53,54860,572.268,1980
262909603657562,99,55,54860,598.583,1980
262909653757261,99,55,54860,598.583,1980
262909703865774,99,55,54860,592.307,1980
262909753970798,99,55,54860,592.307,1980
262909804073293,96,54,54860,588.335,1980
262909855264660,96,54,54860,588.335,1980
262909906375908,96,54,54860,578.973,1980
262909957382477,96,54,54860,578.973,1980
262910008127552,2,2,54860,534.556,1980
262910061210668,2,2,54860,534.556,1980
262910111317145,2,2,54860,490.339,1980
262910162639503,2,2,54860,490.339,1980
262910212754543,64,30,54860,466.0,1980
262910263927847,64,30,54860,466.0,1980
262910315388546,64,30,54860,445.245,1980
262910366557086,64,30,54860,445.245,1980
262910417096454,75,38,54860,425.654,1980
262910467271707,75,38,54860,425.654,1980
262910518588014,75,38,54860,402.88,1980
262910568697211,87,42,54860,381.366,1980
262910618862290,87,42,54860,381.366,1980
262910669308338,87,42,54860,362.067,1980
262910719465364,87,42,54860,362.067,1980
262910769948583,100,49,54860,337.025,1980
262910820533385,100,49,54860,337.025,1980
262910870645613,100,49,54860,315.69,1980
262910920762962,100,49,54860,315.69,1980
262910970873292,96,49,54860,358.552,1980
262911020983229,96,49,54860,358.552,1980
262911071086378,96,49,54860,406.652,1980
262911121192703,96,49,54860,406.652,1980
262911171305526,93,47,54860,434.503,1980
262911221413161,93,47,54860,434.503,1980
262911271515016,93,47,54860,452.972,1980
262911321614761,93,47,54860,452.972,1980
262911371715965,96,52,54860,475.567,1980
262911421816395,96,52,54860,475.567,1980
262911471920346,96,52,54860,494.057,1980
262911522025940,96,52,54860,494.057,1980
262911572131234,97,52,54860,514.714,1980
262911622233969,97,52,54860,514.714,1980
262911672338809,97,52,54860,531.031,1980
262911722439678,97,52,54860,531.031,1980
262911772548672,99,54,54860,553.73,1980
262911822656148,99,54,54860,553.73,1980
262911872756369,99,54,54860,576.566,1980
262911922877969,99,54,54860,576.566,1980
262911972986266,96,54,54860,578.412,1980
262912023090875,96,54,54860,578.412,1980
262912073752224,96,54,54860,571.252,1980
262912123855887,96,54,54860,571.252,1980
262912173964727,97,63,54860,563.08,1980
262912224132347,97,63,54860,563.08,1980
262912274285079,97,63,54860,537.976,1980
262912325817385,97,63,54860,537.976,1980
262912375954153,74,36,54860,513.235,1980
262912426339139,74,36,54860,513.235,1980
262912476588103,74,36,54860,495.174,1980
262912526739040,74,36,54860,495.174,1980
262912577083666,78,39,54860,477.405,1980
262912627778031,78,39,54860,477.405,1980
262912677916513,78,39,54860,458.329,1980
262912728132406,78,39,54860,458.329,1980
262912778999296,95,46,54860,434.858,1980
262912829651786,95,46,54860,434.858,1980
262912879761946,95,46,54860,414.09,1980
262912930338530,95,46,54860,414.09,1980
262912989125450,100,50,54860,393.223,1980
262913039255664,100,50,54860,393.223,1980
262913089376381,100,50,54860,384.908,1980
262913139486259,100,50,54860,384.908,1980
262913189604628,98,50,54860,391.817,1980
262913239718782,98,50,54860,391.817,1980
262913289821097,98,50,54860,424.831,1980
262913339929043,98,50,54860,424.831,1980
262913390031867,89,48,54860,453.73,1980
262913440143360,89,48,54860,453.73,1980
262913490240761,89,48,54860,479.59,1980
262913540340645,89,48,54860,479.59,1980
262913590441245,96,55,54860,498.607,1980
262913640539619,96,55,54860,498.607,1980
262913690677661,96,55,54860,521.583,1980
262913740800138,96,55,54860,521.583,1980
262913790905245,96,54,54860,537.524,1980
262913841013816,96,54,54860,537.524,1980
262913891118806,96,54,54860,555.008,1980
262913941238541,96,54,54860,555.008,1980
262913991343423,97,52,54860,578.695,1980
262914041452480,97,52,54860,578.695,1980
262914091557159,97,52,54860,597.531,1980
262914141664262,97,52,54860,597.531,1980
262914191770895,97,53,54860,593.977,1980
262914241880060,97,53,54860,593.977,1980
262914291985351,97,53,54860,591.426,1980
262914345936597,97,53,54860,591.426,1980
262914396254046,74,52,54860,573.59,1980
262914446399624,74,52,54860,573.59,1980
262914498323787,74,52,54860,544.007,1980
262914548861535,74,52,54860,544.007,1980
262914599386722,75,37,54860,523.204,1980
262914649598059,75,37,54860,523.204,1980
262914700703796,75,37,54860,500.441,1980
262914751190157,75,37,54860,500.441,1980
262914801342553,84,41,54860,482.192,1980
262914851462725,84,41,54860,482.192,1980
262914901624482,84,41,54860,461.477,1980
262914952089634,84,41,54860,461.477,1980
262915002203504,100,49,54860,443.424,1980
262915052350900,100,49,54860,443.424,1980
262915102491820,100,49,54860,415.415,1980
262915152608183,100,49,54860,415.415,1980
262915202711875,80,39,54860,394.553,1980
262915252813052,80,39,54860,394.553,1980
262915302925287,80,39,54860,398.341,1980
262915353051552,80,39,54860,398.341,1980
262915403158802,98,48,54860,412.293,1980
262915453262389,98,48,54860,412.293,1980
262915503364961,98,48,54860,436.234,1980
262915553466956,98,48,54860,436.234,1980
262915603570116,95,51,54860,459.619,1980
262915654100199,95,51,54860,459.619,1980
262915704209003,95,51,54860,478.086,1980
262915754311200,95,51,54860,478.086,1980
262915804416067,96,52,54860,501.115,1980
262915854528154,96,52,54860,501.115,1980
262915904629648,96,52,54860,519.096,1980
262915954730437,96,52,54860,519.096,1980
262916004831712,96,53,54860,542.083,1980
262916054931748,96,53,54860,542.083,1980
262916105040306,96,53,54860,566.542,1980
262916155140942,96,53,54860,566.542,1980
262916205241695,97,52,54860,587.825,1980
262916255364802,97,52,54860,587.825,1980
262916305466941,97,52,54860,580.45,1980
262916355567264,97,52,54860,580.45,1980
262916406884675,98,54,54860,578.956,1980
262916457056671,98,54,54860,578.956,1980
262916508640747,98,54,54860,549.236,1980
262916558758430,98,54,54860,549.236,1980
262916608862539,73,35,54860,527.416,1980
262916660250333,73,35,54860,527.416,1980
262916710828126,73,35,54860,506.929,1980
262916761671414,73,35,54860,506.929,1980
262916811835456,78,39,54860,487.387,1980
262916861959625,78,39,54860,487.387,1980
262916912089593,78,39,54860,464.49,1980
262916962260346,78,39,54860,464.49,1980
262917012445351,95,46,54860,444.108,1980
262917062570068,95,46,54860,444.108,1980
262917112764062,95,46,54860,422.595,1980
262917162877959,95,46,54860,422.595,1980
262917212987343,100,50,54860,402.152,1980
262917263096486,100,50,54860,402.152,1980
262917313207197,100,50,54860,387.016,1980
262917363313916,100,50,54860,387.016,1980
262917413430501,98,49,54860,387.131,1980
262917463594882,98,49,54860,387.131,1980
262917513696196,98,49,54860,418.367,1980
262917563809747,98,49,54860,418.367,1980
262917613921522,91,44,54860,446.831,1980
262917664043827,91,44,54860,446.831,1980
262917714147018,91,44,54860,472.896,1980
262917764272264,91,44,54860,472.896,1980
262917814374200,98,54,54860,494.934,1980
262917864474727,98,54,54860,494.934,1980
262917914576614,98,54,54860,513.555,1980
262917964681125,98,54,54860,513.555,1980
262918014778515,96,53,54860,530.954,1980
262918064877092,96,53,54860,530.954,1980
262918114974723,96,53,54860,551.587,1980
262918165040744,96,53,54860,551.587,1980
262918215143743,96,54,54860,572.948,1980
262918265258460,96,54,54860,572.948,1980
262918315368298,96,54,54860,600.208,1980
262918365475456,96,54,54860,600.208,1980
262918415601198,96,53,54860,596.883,1980
262918465708654,96,53,54860,596.883,1980
262918515816531,96,53,54860,592.971,1980
262918565939234,96,53,54860,592.971,1980
262918617667027,89,60,54860,583.188,1980
262918667864880,89,60,54860,583.188,1980
262918719590069,89,60,54860,548.099,1980
262918771095716,89,60,54860,548.099,1980
262918822445143,75,36,54860,523.873,1980
262918872602629,75,36,54860,501.476,1980
262918922749352,75,36,54860,501.476,1980
262918972861101,84,41,54860,481.143,1980
262919023031075,84,41,54860,481.143,1980
262919073163064,84,41,54860,459.575,1980
262919123303120,84,41,54860,459.575,1980
262919173410776,100,49,54860,437.482,1980
262919223518462,100,49,54860,437.482,1980
262919273741454,100,49,54860,413.472,1980
262919323845302,100,49,54860,413.472,1980
262919373947921,83,41,54860,386.555,1980
262919424043593,83,41,54860,386.555,1980
262919474151838,83,41,54860,390.059,1980
262919524260699,83,41,54860,390.059,1980
262919574363898,98,49,54860,399.215,1980
262919624462258,98,49,54860,399.215,1980
262919674575698,98,49,54860,430.976,1980
262919724688332,98,49,54860,430.976,1980
262919774786890,90,47,54860,457.614,1980
262919824891543,90,47,54860,457.614,1980
262919874992489,90,47,54860,481.0,1980
262919925092890,90,47,54860,481.0,1980
262919975195669,96,52,54860,498.933,1980
262920025296954,96,52,54860,498.933,1980
262920075403034,96,52,54860,512.721,1980
262920125505626,96,52,54860,512.721,1980
262920175647347,99,54,54860,531.625,1980
262920225749220,99,54,54860,531.625,1980
262920275849069,99,54,54860,552.352,1980
262920325948733,99,54,54860,552.352,1980
262920376053809,96,53,54860,572.499,1980
262920426156014,96,53,54860,572.499,1980
262920476262019,96,53,54860,575.853,1980
262920526362840,96,53,54860,575.853,1980
262920576467024,97,55,54860,570.496,1980
262920626567079,97,55,54860,570.496,1980
262920676667266,97,55,54860,568.659,1980
262920727103397,97,55,54860,568.659,1980
262920777264230,49,38,54860,541.634,1980
262920827439108,49,38,54860,541.634,1980
262920878560773,49,38,54860,519.526,1980
262920929804518,49,38,54860,519.526,1980
262920980966836,77,37,54860,498.798,1980
262921031817300,77,37,54860,498.798,1980
262921081972962,77,37,54860,481.274,1980
262921132481792,77,37,54860,481.274,1980
262921182868044,94,46,54860,464.909,1980
262921233083563,94,46,54860,464.909,1980
262921283325609,94,46,54860,445.31,1980
262921333432771,94,46,54860,445.31,1980
262921383540075,100,50,54860,417.862,1980
262921433678081,100,50,54860,417.862,1980
262921483783722,100,50,54860,400.028,1980
262921533895725,100,50,54860,400.028,1980
262921584016024,80,40,54860,395.934,1980
262921634129013,80,40,54860,395.934,1980
262921684250121,80,40,54860,398.168,1980
262921734375209,80,40,54860,398.168,1980
262921784490752,98,49,54860,420.788,1980
262921834603317,98,49,54860,420.788,1980
262921885048760,98,49,54860,441.232,1980
262921935162622,98,49,54860,441.232,1980
262921985276587,95,52,54860,461.721,1980
262922035386724,95,52,54860,461.721,1980
262922085492216,95,52,54860,483.193,1980
262922135595970,95,52,54860,483.193,1980
262922185704699,97,52,54860,500.757,1980
262922235809884,97,52,54860,500.757,1980
262922285913808,97,52,54860,519.156,1980
262922336036815,97,52,54860,519.156,1980
262922386149977,99,54,54860,540.057,1980
262922436252252,99,54,54860,540.057,1980
262922486360456,99,54,54860,567.875,1980
262922536463995,99,54,54860,567.875,1980
262922586564884,96,53,54860,570.558,1980
262922636667781,96,53,54860,570.558,1980
262922686770123,96,53,54860,562.517,1980
262922736872203,96,53,54860,562.517,1980
262922787339077,97,62,54860,556.287,1980
262922837532767,97,62,54860,556.287,1980
262922887650864,97,62,54860,530.221,1980
262922938945174,97,62,54860,530.221,1980
262922990567452,75,36,54860,508.82,1980
262923042067303,75,36,54860,508.82,1980
262923092558911,75,36,54860,487.677,1980
262923143050543,75,36,54860,487.677,1980
262923194113514,82,40,54860,473.632,1980
262923244209428,82,40,54860,473.632,1980
262923294442732,82,40,54860,454.123,1980
262923345255163,82,40,54860,454.123,1980
262923396033617,96,47,54860,433.495,1980
262923446823217,96,47,54860,433.495,1980
262923497209467,96,47,54860,416.465,1980
262923547320786,96,47,54860,416.465,1980
262923597442375,100,50,54860,393.396,1980
262923647566575,100,50,54860,393.396,1980
262923697682388,100,50,54860,389.132,1980
262923747785514,100,50,54860,389.132,1980
262923797895113,98,49,54860,400.963,1980
262923847995235,98,49,54860,400.963,1980
262923898107422,98,49,54860,430.144,1980
262923948237003,98,49,54860,430.144,1980
262923998344422,90,47,54860,454.125,1980
262924048452245,90,47,54860,454.125,1980
262924098555151,90,47,54860,476.148,1980
262924148660026,90,47,54860,476.148,1980
262924198760132,96,54,54860,497.398,1980
262924248863399,96,54,54860,497.398,1980
262924298963492,96,54,54860,516.656,1980
262924349068667,96,54,54860,516.656,1980
262924399172502,96,54,54860,541.898,1980
262924449279147,96,54,54860,541.898,1980
262924499380666,96,54,54860,561.993,1980
262924549486214,96,54,54860,561.993,1980
262924599589152,96,53,54860,578.33,1980
262924649693728,96,53,54860,578.33,1980
262924699805604,96,53,54860,591.394,1980
262924749911882,96,53,54860,591.394,1980
262924800017719,99,55,54860,582.564,1980
262924850124758,99,55,54860,582.564,1980
262924900510520,99,55,54860,579.731,1980
262924950673965,99,55,54860,579.731,1980
262925002456199,52,40,54860,561.341,1980
262925052591333,52,40,54860,561.341,1980
262925103745199,52,40,54860,534.87,1980
262925154637900,52,40,54860,534.87,1980
262925205063361,76,37,54860,514.071,1980
262925255191291,76,37,54860,514.071,1980
262925305361608,76,37,54860,492.867,1980
262925355506028,76,37,54860,492.867,1980
262925406390644,88,42,54860,470.677,1980
262925456492887,88,42,54860,470.677,1980
262925506659932,88,42,54860,449.709,1980
262925556891353,88,42,54860,449.709,1980
262925607034214,100,49,54860,426.766,1980
262925657137356,100,49,54860,426.766,1980
262925710719876,100,49,54860,404.01,1980
262925760824720,100,49,54860,404.01,1980
262925810926922,77,39,54860,388.946,1980
262925861034649,77,39,54860,388.946,1980
262925911142131,77,39,54860,393.612,1980
262925961253639,77,39,54860,393.612,1980
262926011360369,99,54,54860,417.859,1980
262926061463366,99,54,54860,417.859,1980
262926111566197,99,54,54860,443.345,1980
262926161669090,99,54,54860,443.345,1980
262926211773757,98,56,54860,466.943,1980
262926261878790,98,56,54860,466.943,1980
262926311999328,98,56,54860,489.191,1980
262926362103896,98,56,54860,489.191,1980
262926412207205,96,57,54860,511.812,1980
262926462308206,96,57,54860,511.812,1980
262926512410193,96,57,54860,530.473,1980
262926562510049,96,57,54860,530.473,1980
262926612613713,98,58,54860,548.434,1980
262926662711429,98,58,54860,548.434,1980
262926712811781,98,58,54860,574.059,1980
262926762908702,98,58,54860,574.059,1980
262926813079327,96,57,54860,597.67,1980
262926863207483,96,57,54860,597.67,1980
262926913318527,96,57,54860,594.325,1980
262926963443458,96,57,54860,594.325,1980
262927013554209,98,58,54860,589.013,1980
262927063661318,98,58,54860,589.013,1980
262927113797100,98,58,54860,584.39,1980
262927166678644,98,58,54860,584.39,1980
262927217096878,57,44,54860,565.565,1980
262927267217440,57,44,54860,565.565,1980
262927318086451,57,44,54860,542.889,1980
262927369535498,57,44,54860,542.889,1980
262927420756836,77,37,54860,521.4,1980
262927470904589,77,37,54860,521.4,1980
262927521054284,77,37,54860,500.815,1980
262927571204404,77,37,54860,500.815,1980
262927621378519,91,45,54860,482.199,1980
262927671484970,91,45,54860,482.199,1980
262927721589311,91,45,54860,454.369,1980
262927771888752,91,45,54860,454.369,1980
262927822598410,100,50,54860,436.636,1980
262927877897462,100,50,54860,404.472,1980
262927930294094,100,50,54860,404.472,1980
262927980406493,79,39,54860,395.919,1980
262928030508338,79,39,54860,395.919,1980
262928080626530,79,39,54860,403.412,1980
262928130728696,79,39,54860,403.412,1980
262928180839066,98,49,54860,419.431,1980
262928230943433,98,49,54860,419.431,1980
262928281053271,98,49,54860,442.089,1980
262928331155837,98,49,54860,442.089,1980
262928381257460,96,52,54860,464.249,1980
262928431357130,96,52,54860,464.249,1980
262928481462016,96,52,54860,482.308,1980
262928531563502,96,52,54860,482.308,1980
262928581663625,97,52,54860,501.127,1980
262928631767470,97,52,54860,501.127,1980
262928681867214,97,52,54860,522.493,1980
262928731971712,97,52,54860,522.493,1980
262928782171775,99,55,54860,547.277,1980
262928832277085,99,55,54860,547.277,1980
262928882377245,99,55,54860,573.689,1980
262928932479662,99,55,54860,573.689,1980
262928982578908,96,54,54860,579.481,1980
262929032684052,96,54,54860,579.481,1980
262929082783279,96,54,54860,569.092,1980
262929132883246,96,54,54860,569.092,1980
262929183029557,79,55,54860,552.931,1980
262929234224518,79,55,54860,552.931,1980
262929284370084,79,55,54860,527.53,1980
262929336067522,79,55,54860,527.53,1980
262929386188793,75,37,54860,505.51,1980
262929436945859,75,37,54860,505.51,1980
262929488262348,75,37,54860,484.246,1980
262929539176271,75,37,54860,484.246,1980
262929590134029,89,44,54860,467.379,1980
262929640718152,89,44,54860,467.379,1980
262929690871825,89,44,54860,446.645,1980
262929740980387,89,44,54860,446.645,1980
262929791083559,100,49,54860,424.805,1980
262929841228185,100,49,54860,424.805,1980
262929891337115,100,49,54860,399.754,1980
262929941456873,100,49,54860,399.754,1980
262929991564093,80,40,54860,386.244,1980
262930041669068,80,40,54860,386.244,1980
262930091774711,80,40,54860,397.63,1980
262930141885579,80,40,54860,397.63,1980
262930191995156,98,49,54860,407.639,1980
262930242101498,98,49,54860,407.639,1980
262930292202717,98,49,54860,442.318,1980
262930342311143,98,49,54860,442.318,1980
262930392411670,95,51,54860,462.341,1980
262930442514749,95,51,54860,462.341,1980
262930492615805,95,51,54860,481.34,1980
262930542718070,95,51,54860,481.34,1980
262930592829948,96,54,54860,499.136,1980
262930642931001,96,54,54860,499.136,1980
262930693039616,96,54,54860,522.793,1980
262930743147331,96,54,54860,522.793,1980
262930793262162,96,54,54860,540.739,1980
262930843363620,96,54,54860,540.739,1980
262930893469749,96,54,54860,559.507,1980
262930943571954,96,54,54860,559.507,1980
262930993681492,96,55,54860,577.347,1980
262931043782884,96,55,54860,577.347,1980
262931093886926,96,55,54860,567.119,1980
262931143988504,96,55,54860,567.119,1980
262931194887674,96,54,54860,563.861,1980
262931244990510,96,54,54860,563.861,1980
262931295351038,96,54,54860,537.973,1980
262931345500899,96,54,54860,537.973,1980
262931395642911,64,30,54860,514.689,1980
262931447099493,64,30,54860,514.689,1980
262931497246957,64,30,54860,497.187,1980
262931548808405,64,30,54860,497.187,1980
262931598913857,76,38,54860,474.341,1980
262931650255089,76,38,54860,474.341,1980
262931701499068,76,38,54860,455.697,1980
262931752398914,76,38,54860,455.697,1980
262931803192638,95,46,54860,437.285,1980
262931853793326,95,46,54860,437.285,1980
262931903951828,95,46,54860,421.152,1980
262931954520598,95,46,54860,421.152,1980
262932005023534,100,50,54860,403.398,1980
262932055139811,100,50,54860,403.398,1980
262932105247473,100,50,54860,385.538,1980
262932155367791,100,50,54860,385.538,1980
262932205468086,99,51,54860,391.855,1980
262932255579722,99,51,54860,391.855,1980
262932305679814,99,51,54860,420.259,1980
262932355782633,99,51,54860,420.259,1980
262932405886571,99,50,54860,447.777,1980
262932455994436,99,50,54860,447.777,1980
262932506110160,99,50,54860,473.269,1980
262932556217835,99,50,54860,473.269,1980
262932606318789,96,53,54860,495.031,1980
262932656423165,96,53,54860,495.031,1980
262932706524239,96,53,54860,514.019,1980
262932756628643,96,53,54860,514.019,1980
262932806729280,96,56,54860,536.593,1980
262932856830876,96,56,54860,536.593,1980
262932906931450,96,56,54860,553.137,1980
262932957052171,96,56,54860,553.137,1980
262933007158659,96,54,54860,579.116,1980
262933057267854,96,54,54860,579.116,1980
262933107374685,96,54,54860,599.412,1980
262933157478481,96,54,54860,599.412,1980
262933207582592,97,53,54860,591.357,1980
262933257682320,97,53,54860,591.357,1980
262933307782400,97,53,54860,582.366,1980
262933357882711,97,53,54860,582.366,1980
262933407982578,96,54,54860,580.635,1980
262933458115240,96,54,54860,580.635,1980
262933508248037,96,54,54860,552.967,1980
262933559495698,96,54,54860,552.967,1980
262933609647289,69,33,54860,528.541,1980
262933659854514,69,33,54860,528.541,1980
262933709968134,69,33,54860,507.676,1980
262933760086025,69,33,54860,507.676,1980
262933810752937,77,38,54860,488.442,1980
262933862017434,77,38,54860,488.442,1980
262933912205344,77,38,54860,464.68,1980
262933962882908,77,38,54860,464.68,1980
262934013047920,93,46,54860,447.058,1980
262934063197293,93,46,54860,447.058,1980
262934113343813,93,46,54860,426.82,1980
262934163655106,93,46,54860,426.82,1980
262934214162321,100,50,54860,402.933,1980
262934269353452,100,50,54860,402.933,1980
262934319480669,100,50,54860,391.559,1980
262934369588480,100,50,54860,391.559,1980
262934419697051,98,48,54860,392.331,1980
262934469806558,98,48,54860,392.331,1980
262934519914173,98,48,54860,419.834,1980
262934570025083,98,48,54860,419.834,1980
262934620134254,91,44,54860,440.501,1980
262934670246952,91,44,54860,440.501,1980
262934720350744,91,44,54860,467.472,1980
262934770462652,91,44,54860,467.472,1980
262934820570407,96,52,54860,488.581,1980
262934870672892,96,52,54860,488.581,1980
262934920777689,96,52,54860,506.146,1980
262934970891992,96,52,54860,506.146,1980
262935020993352,96,51,54860,528.546,1980
262935071048522,96,51,54860,528.546,1980
262935121147355,96,51,54860,548.385,1980
262935171250474,96,51,54860,548.385,1980
262935221353149,98,54,54860,568.129,1980
262935271449433,98,54,54860,568.129,1980
262935321525153,98,54,54860,589.646,1980
262935371644109,98,54,54860,589.646,1980
262935421757178,96,53,54860,585.982,1980
262935471878306,96,53,54860,585.982,1980
262935521981414,96,53,54860,581.284,1980
262935573823215,96,53,54860,581.284,1980
262935625145829,96,60,54860,573.044,1980
262935675411329,96,60,54860,573.044,1980
262935725529758,96,60,54860,541.495,1980
262935776943815,96,60,54860,541.495,1980
262935827058896,74,36,54860,518.282,1980
262935878511627,74,36,54860,518.282,1980
262935929823673,74,36,54860,497.799,1980
262935979992521,74,36,54860,497.799,1980
262936030745277,86,42,54860,475.318,1980
262936080902498,86,42,54860,475.318,1980
262936131007946,86,42,54860,458.973,1980
262936181162574,86,42,54860,438.635,1980
262936231301412,100,49,54860,438.635,1980
262936281462813,100,49,54860,404.336,1980
262936331568790,100,49,54860,404.336,1980
262936381674746,83,41,54860,387.476,1980
262936431786776,83,41,54860,387.476,1980
262936481900056,83,41,54860,393.379,1980
262936532011177,83,41,54860,393.379,1980
262936582114451,98,48,54860,406.243,1980
262936632216932,98,48,54860,406.243,1980
262936682319899,98,48,54860,432.964,1980
262936732426708,98,48,54860,432.964,1980
262936782527679,96,50,54860,454.192,1980
262936832628347,96,50,54860,454.192,1980
262936882729599,96,50,54860,476.682,1980
262936932830466,96,50,54860,476.682,1980
262936982934092,99,54,54860,492.934,1980
262937033044419,99,54,54860,492.934,1980
262937083145441,99,54,54860,512.769,1980
262937133254684,99,54,54860,512.769,1980
262937183354413,96,53,54860,527.89,1980
262937233690214,96,53,54860,527.89,1980
262937283792099,96,53,54860,549.728,1980
262937333899456,96,53,54860,549.728,1980
262937383999875,96,53,54860,571.701,1980
262937434139980,96,53,54860,571.701,1980
262937484244895,96,53,54860,565.647,1980
262937534345397,96,53,54860,565.647,1980
262937584453296,95,62,54860,550.214,1980
262937634638393,95,62,54860,550.214,1980
262937684790227,95,62,54860,522.081,1980
262937736037960,95,62,54860,522.081,1980
262937786923968,76,37,54860,500.844,1980
262937837237266,76,37,54860,500.844,1980
262937887361756,76,37,54860,482.487,1980
262937937490828,76,37,54860,482.487,1980
262937988156040,82,40,54860,464.415,1980
262938038310215,82,40,54860,464.415,1980
262938088521110,82,40,54860,445.74,1980
262938138658273,82,40,54860,445.74,1980
262938189385780,96,47,54860,429.755,1980
262938239931112,96,47,54860,429.755,1980
262938290083781,96,47,54860,408.943,1980
262938340191013,96,47,54860,408.943,1980
262938390297033,100,50,54860,383.681,1980
262938440403829,100,50,54860,383.681,1980
262938490506198,100,50,54860,390.303,1980
262938540607315,100,50,54860,390.303,1980
262938590707231,98,48,54860,406.891,1980
262938640809157,98,48,54860,406.891,1980
262938690949118,98,48,54860,434.002,1980
262938741051600,98,48,54860,434.002,1980
262938791156953,90,47,54860,456.904,1980
262938841264784,90,47,54860,456.904,1980
262938891391746,90,47,54860,476.147,1980
262938941500853,90,47,54860,476.147,1980
262938991610418,96,53,54860,499.395,1980
262939041719204,96,53,54860,499.395,1980
262939091829791,96,53,54860,520.996,1980
262939141931638,96,53,54860,520.996,1980
262939192042634,96,54,54860,536.63,1980
262939242148510,96,54,54860,536.63,1980
262939292261157,96,54,54860,557.007,1980
262939342370637,96,54,54860,557.007,1980
262939392486541,96,53,54860,578.9,1980
262939442595506,96,53,54860,578.9,1980
262939492706350,96,53,54860,585.462,1980
262939542819316,96,53,54860,585.462,1980
262939592923373,96,53,54860,580.082,1980
262939643032708,96,53,54860,580.082,1980
262939693179651,96,53,54860,561.069,1980
262939744800083,96,53,54860,561.069,1980
262939794935194,44,21,54860,542.459,1980
262939846725342,44,21,54860,542.459,1980
262939897207957,44,21,54860,518.665,1980
262939947364601,44,21,54860,518.665,1980
262939998260531,77,38,54860,495.827,1980
262940048415142,77,38,54860,495.827,1980
262940099254175,77,38,54860,476.971,1980
262940149424547,77,38,54860,476.971,1980
262940199564406,95,46,54860,454.893,1980
262940249677704,95,46,54860,454.893,1980
262940299896016,95,46,54860,433.683,1980
262940349999120,95,46,54860,433.683,1980
262940400117397,100,50,54860,411.017,1980
262940451645248,100,50,54860,411.017,1980
262940501768057,100,50,54860,388.081,1980
262940551884170,100,50,54860,388.081,1980
262940602006282,95,48,54860,392.56,1980
262940652117025,95,48,54860,392.56,1980
262940702227735,95,48,54860,410.476,1980
262940752337078,95,48,54860,410.476,1980
262940802448265,99,50,54860,435.061,1980
262940852553164,99,50,54860,435.061,1980
262940902633055,99,50,54860,460.903,1980
262940952752837,99,50,54860,460.903,1980
262941002864035,96,53,54860,482.238,1980
262941052973372,96,53,54860,482.238,1980
262941103045143,96,53,54860,503.271,1980
262941153149742,96,53,54860,503.271,1980
262941203255353,96,55,54860,523.081,1980
262941253362793,96,55,54860,523.081,1980
262941303465588,96,55,54860,544.51,1980
262941353571696,96,55,54860,544.51,1980
262941403684535,96,54,54860,573.036,1980
262941453787892,96,54,54860,573.036,1980
262941503896307,96,54,54860,592.919,1980
262941554003871,96,54,54860,592.919,1980
262941604109511,97,53,54860,592.069,1980
262941654211935,97,53,54860,592.069,1980
262941704321788,97,53,54860,586.847,1980
262941754424087,97,53,54860,586.847,1980
262941806735411,99,55,54860,581.211,1980
262941856933184,99,55,54860,581.211,1980
262941907965478,99,55,54860,555.5,1980
262941958069883,99,55,54860,555.5,1980
262942009569809,72,35,54860,530.559,1980
262942059896670,72,35,54860,530.559,1980
262942110763173,72,35,54860,512.173,1980
262942161921174,72,35,54860,512.173,1980
262942212068047,82,40,54860,487.846,1980
262942262591208,82,40,54860,487.846,1980
262942312765437,82,40,54860,466.942,1980
262942363025542,82,40,54860,466.942,1980
262942413191995,98,48,54860,444.749,1980
262942463304331,98,48,54860,444.749,1980
262942513470937,98,48,54860,422.652,1980
262942563636367,98,48,54860,422.652,1980
262942613758644,100,50,54860,398.25,1980
262942663867854,100,50,54860,398.25,1980
262942713972837,100,50,54860,395.412,1980
262942764049411,100,50,54860,395.412,1980
262942814166222,98,49,54860,402.927,1980
262942864275893,98,49,54860,402.927,1980
262942914396679,98,49,54860,431.729,1980
262942964505678,98,49,54860,431.729,1980
262943014607173,89,47,54860,453.129,1980
262943064715057,89,47,54860,453.129,1980
262943114821808,89,47,54860,473.075,1980
262943164926422,89,47,54860,473.075,1980
262943215032427,96,54,54860,493.348,1980
262943265136099,96,54,54860,493.348,1980
262943315238687,96,54,54860,512.586,1980
262943365344845,96,54,54860,512.586,1980
262943415442996,96,53,54860,532.904,1980
262943465546598,96,53,54860,532.904,1980
262943515658204,96,53,54860,558.862,1980
262943565758986,96,53,54860,558.862,1980
262943615867573,96,53,54860,575.193,1980
262943665989090,96,53,54860,575.193,1980
262943716096170,96,53,54860,587.214,1980
262943766204192,96,53,54860,587.214,1980
262943816310379,98,56,54860,580.354,1980
262943866415418,98,56,54860,580.354,1980
262943917366518,98,56,54860,573.34,1980
262943968122615,98,56,54860,573.34,1980
262944018945242,46,37,54860,539.577,1980
262944070048207,46,37,54860,539.577,1980
262944120245274,46,37,54860,496.936,1980
262944172071128,46,37,54860,496.936,1980
262944222200876,23,11,54860,465.81,1980
262944273649412,23,11,54860,465.81,1980
262944325527691,23,11,54860,443.819,1980
262944375701859,23,11,54860,443.819,1980
262944425830114,75,37,54860,424.823,1980
262944476953236,75,37,54860,424.823,1980
262944527774558,75,37,54860,404.614,1980
262944578425811,75,37,54860,404.614,1980
262944628584234,85,41,54860,384.443,1980
262944679122894,85,41,54860,384.443,1980
262944736984212,85,41,54860,360.719,1980
262944787092198,100,49,54860,341.843,1980
262944837607976,100,49,54860,341.843,1980
262944887715500,100,49,54860,322.155,1980
262944937828539,100,49,54860,322.155,1980
262944987938794,77,39,54860,344.457,1980
262945038045658,77,39,54860,344.457,1980
262945088147603,77,39,54860,392.283,1980
262945138251976,77,39,54860,392.283,1980
262945188362954,98,50,54860,427.63,1980
262945238480106,98,50,54860,427.63,1980
262945288581818,98,50,54860,452.178,1980
262945338993821,98,50,54860,452.178,1980
262945389113282,95,52,54860,473.553,1980
262945439213306,95,52,54860,473.553,1980
262945489309407,95,52,54860,493.066,1980
262945539412163,95,52,54860,493.066,1980
262945589686651,96,54,54860,513.156,1980
262945639788405,96,54,54860,513.156,1980
262945689884894,96,54,54860,529.319,1980
262945739982469,96,54,54860,529.319,1980
262945790042312,97,52,54860,549.735,1980
262945840143377,97,52,54860,549.735,1980
262945890242578,97,52,54860,571.863,1980
262945940341656,97,52,54860,571.863,1980
262945990441780,98,55,54860,577.746,1980
262946040542406,98,55,54860,577.746,1980
262946090642557,98,55,54860,575.668,1980
262946140763189,98,55,54860,575.668,1980
262946190873012,96,54,54860,570.956,1980
262946240977605,96,54,54860,570.956,1980
262946291121485,96,54,54860,558.324,1980
262946341521630,96,54,54860,558.324,1980
262946391666008,47,23,54860,536.738,1980
262946441823556,47,23,54860,536.738,1980
262946493069652,47,23,54860,512.918,1980
262946544246894,47,23,54860,512.918,1980
262946595634792,76,38,54860,491.818,1980
262946645819789,76,38,54860,491.818,1980
262946695927220,76,38,54860,471.059,1980
262946746147202,76,38,54860,471.059,1980
262946796280716,96,47,54860,450.501,1980
262946846396289,96,47,54860,450.501,1980
262946896559979,96,47,54860,433.91,1980
262946946675299,96,47,54860,433.91,1980
262946996918248,100,49,54860,404.501,1980
262947047070647,100,49,54860,404.501,1980
262947097204218,100,49,54860,385.604,1980
262947147335998,100,49,54860,385.604,1980
262947197451622,98,48,54860,395.418,1980
262947247577871,98,48,54860,395.418,1980
262947297714858,98,48,54860,410.788,1980
262947347830651,98,48,54860,410.788,1980
262947397947442,92,44,54860,429.406,1980
262947449046095,92,44,54860,429.406,1980
262947499158807,92,44,54860,453.15,1980
262947549266681,92,44,54860,453.15,1980
262947599371126,98,54,54860,472.268,1980
262947649474555,98,54,54860,472.268,1980
262947699577402,98,54,54860,493.055,1980
262947749691304,98,54,54860,493.055,1980
262947799791246,96,53,54860,510.136,1980
262947849892990,96,53,54860,510.136,1980
262947899992225,96,53,54860,536.317,1980
262947950048355,96,53,54860,536.317,1980
262948000169830,97,52,54860,559.643,1980
262948050289928,97,52,54860,559.643,1980
262948100398721,97,52,54860,582.681,1980
262948150508625,97,52,54860,582.681,1980
262948200615604,98,54,54860,576.299,1980
262948250724088,98,54,54860,576.299,1980
262948300826280,98,54,54860,573.414,1980
262948350967669,98,54,54860,573.414,1980
262948401483231,54,40,54860,548.591,1980
262948452594290,54,40,54860,548.591,1980
262948502740882,54,40,54860,530.323,1980
262948553661346,54,40,54860,530.323,1980
262948603796275,75,37,54860,510.262,1980
262948653944994,75,37,54860,510.262,1980
262948704085658,75,37,54860,488.906,1980
262948754557049,75,37,54860,488.906,1980
262948804708555,88,43,54860,470.239,1980
262948854866976,88,43,54860,470.239,1980
262948904989110,88,43,54860,447.139,1980
262948955436560,88,43,54860,447.139,1980
262949005619415,100,49,54860,427.905,1980
262949055853293,100,49,54860,427.905,1980
262949105972090,100,49,54860,400.198,1980
262949156089804,100,49,54860,400.198,1980
262949206192837,81,40,54860,397.111,1980
262949256299095,81,40,54860,397.111,1980
262949306409143,81,40,54860,399.156,1980
262949356510964,81,40,54860,399.156,1980
262949406615510,98,48,54860,427.26,1980
262949456720801,98,48,54860,427.26,1980
262949506829544,98,48,54860,450.222,1980
262949556931976,98,48,54860,450.222,1980
262949607040187,97,48,54860,469.659,1980
262949657150352,97,48,54860,469.659,1980
262949707263461,97,48,54860,486.013,1980
262949757364678,97,48,54860,486.013,1980
262949807475421,99,54,54860,506.756,1980
262949857578335,99,54,54860,506.756,1980
262949907692980,99,54,54860,526.074,1980
262949957796314,99,54,54860,526.074,1980
262950007900513,96,53,54860,544.311,1980
262950058016173,96,53,54860,544.311,1980
262950108116825,96,53,54860,570.75,1980
262950158220451,96,53,54860,570.75,1980
262950208330226,96,55,54860,580.638,1980
262950258430486,96,55,54860,580.638,1980
262950308530205,96,55,54860,571.651,1980
262950358631687,96,55,54860,571.651,1980
262950408731758,96,53,54860,568.702,1980
262950459171799,96,53,54860,568.702,1980
262950511100966,96,53,54860,544.476,1980
262950561235701,96,53,54860,544.476,1980
262950613031769,67,31,54860,524.277,1980
262950664127133,67,31,54860,524.277,1980
262950715395196,67,31,54860,506.518,1980
262950766293189,67,31,54860,506.518,1980
262950817330481,82,40,54860,484.549,1980
262950867471270,82,40,54860,484.549,1980
262950917577160,82,40,54860,462.999,1980
262950967992544,82,40,54860,462.999,1980
262951018775912,99,48,54860,445.055,1980
262951069167651,99,48,54860,445.055,1980
262951119301304,99,48,54860,421.809,1980
262951169407312,99,48,54860,421.809,1980
262951220364302,100,50,54860,400.879,1980
262951270485213,100,50,54860,400.879,1980
262951320591956,100,50,54860,394.691,1980
262951370717113,100,50,54860,394.691,1980
262951420827527,98,50,54860,396.995,1980
262951470933009,98,50,54860,396.995,1980
262951522798764,98,50,54860,423.558,1980
262951572909035,98,50,54860,423.558,1980
262951623014449,91,45,54860,449.93,1980
262951673120603,91,45,54860,449.93,1980
262951723259380,91,45,54860,470.607,1980
262951773385081,91,45,54860,470.607,1980
262951823503257,99,54,54860,491.652,1980
262951873610996,99,54,54860,491.652,1980
262951923719172,99,54,54860,510.634,1980
262951973827086,99,54,54860,510.634,1980
262952023932321,96,54,54860,532.857,1980
262952074041284,96,54,54860,532.857,1980
262952124143517,96,54,54860,551.944,1980
262952174248586,96,54,54860,551.944,1980
262952224354811,96,54,54860,568.65,1980
262952274458247,96,54,54860,568.65,1980
262952324576883,96,54,54860,581.026,1980
262952374682150,96,54,54860,581.026,1980
262952424788653,96,54,54860,578.813,1980
262952474891462,96,54,54860,578.813,1980
262952524998000,96,54,54860,574.879,1980
262952575488308,96,54,54860,574.879,1980
262952627024458,80,55,54860,555.052,1980
262952677187353,80,55,54860,555.052,1980
262952727930147,80,55,54860,531.465,1980
262952779459749,80,55,54860,531.465,1980
262952829656846,75,37,54860,510.489,1980
262952879831788,75,37,54860,510.489,1980
262952929997181,75,37,54860,489.41,1980
262952980688807,75,37,54860,489.41,1980
262953030828172,83,41,54860,468.563,1980
262953081296592,83,41,54860,468.563,1980
262953131453138,83,41,54860,451.723,1980
262953182064422,83,41,54860,451.723,1980
262953232318207,98,48,54860,430.02,1980
262953282426592,98,48,54860,430.02,1980
262953332540923,98,48,54860,411.458,1980
262953382747674,98,48,54860,411.458,1980
262953432861050,87,43,54860,387.401,1980
262953482970674,87,43,54860,387.401,1980
262953533075795,87,43,54860,394.494,1980
262953583186764,87,43,54860,394.494,1980
262953633304593,98,49,54860,414.862,1980
262953683422474,98,49,54860,414.862,1980
262953733530629,98,49,54860,435.571,1980
262953783635903,98,49,54860,435.571,1980
262953833738428,93,48,54860,459.053,1980
262953883840222,93,48,54860,459.053,1980
262953933943312,93,48,54860,480.584,1980
262953984047136,93,48,54860,480.584,1980
262954034156929,96,53,54860,499.163,1980
262954084259232,96,53,54860,499.163,1980
262954134360432,96,53,54860,519.304,1980
262954184468902,96,53,54860,519.304,1980
262954234569778,96,54,54860,533.451,1980
262954284675509,96,54,54860,533.451,1980
262954334779462,96,54,54860,555.556,1980
262954384880333,96,54,54860,555.556,1980
262954434982874,96,53,54860,579.596,1980
262954485089867,96,53,54860,579.596,1980
262954535192276,96,53,54860,578.567,1980
262954585300572,96,53,54860,578.567,1980
262954635402724,96,53,54860,574.082,1980
262954687276806,96,53,54860,574.082,1980
262954737457965,96,53,54860,559.278,1980
262954789336986,96,53,54860,559.278,1980
262954839443428,45,21,54860,535.413,1980
262954891183830,45,21,54860,535.413,1980
262954941645972,45,21,54860,511.903,1980
262954993071234,77,38,54860,493.313,1980
262955044608894,77,38,54860,493.313,1980
262955095247530,77,38,54860,473.315,1980
262955145870059,77,38,54860,473.315,1980
262955196230088,85,42,54860,457.482,1980
262955246990208,85,42,54860,457.482,1980
262955297640046,85,42,54860,438.472,1980
262955347747361,85,42,54860,438.472,1980
262955397932267,100,49,54860,413.325,1980
262955448079331,100,49,54860,413.325,1980
262955498203150,100,49,54860,384.686,1980
262955548328701,100,49,54860,384.686,1980
262955598442836,73,37,54860,392.162,1980
262955648547381,73,37,54860,392.162,1980
262955698661303,73,37,54860,406.107,1980
262955748765834,73,37,54860,406.107,1980
262955798869424,99,49,54860,434.369,1980
262955848978587,99,49,54860,434.369,1980
262955899080178,99,49,54860,458.76,1980
262955949192661,99,49,54860,458.76,1980
262955999304322,95,52,54860,480.179,1980
262956049414696,95,52,54860,480.179,1980
262956099515250,95,52,54860,502.004,1980
262956149619881,95,52,54860,502.004,1980
262956199727672,96,53,54860,523.598,1980
262956249840588,96,53,54860,523.598,1980
262956299948765,96,53,54860,545.732,1980
262956350055839,96,53,54860,545.732,1980
262956400155354,96,55,54860,559.998,1980
262956450256362,96,55,54860,559.998,1980
262956500361274,96,55,54860,581.851,1980
262956550461883,96,55,54860,581.851,1980
262956600570225,95,54,54860,585.306,1980
262956650677104,95,54,54860,585.306,1980
262956700779298,95,54,54860,578.912,1980
262956750882711,95,54,54860,578.912,1980
262956801892825,67,48,54860,551.069,1980
262956852110052,67,48,54860,551.069,1980
262956902234236,67,48,54860,526.111,1980
262956953490136,67,48,54860,526.111,1980
262957005022865,74,36,54860,506.397,1980
262957055135946,74,36,54860,506.397,1980
262957105274143,74,36,54860,485.027,1980
262957155464399,74,36,54860,485.027,1980
262957205574681,88,43,54860,464.681,1980
262957255681630,88,43,54860,464.681,1980
262957305827097,88,43,54860,439.265,1980
262957355947721,88,43,54860,439.265,1980
262957406232781,100,50,54860,423.274,1980
262957456388963,100,50,54860,423.274,1980
262957507492247,100,50,54860,395.692,1980
262957557609504,100,50,54860,395.692,1980
262957607722213,82,41,54860,387.935,1980
262957657829204,82,41,54860,387.935,1980
262957707937452,82,41,54860,390.533,1980
262957758050528,82,41,54860,390.533,1980
262957808156463,98,48,54860,417.453,1980
262957858263578,98,48,54860,417.453,1980
262957908366289,98,48,54860,444.753,1980
262957958471368,98,48,54860,444.753,1980
262958008574169,97,49,54860,465.324,1980
262958058691444,97,49,54860,465.324,1980
262958108792256,97,49,54860,483.796,1980
262958158893533,97,49,54860,483.796,1980
262958208996605,99,55,54860,502.136,1980
262958259102388,99,55,54860,502.136,1980
262958309202829,99,55,54860,519.61,1980
262958359303988,99,55,54860,519.61,1980
262958409407398,96,53,54860,540.473,1980
262958459515839,96,53,54860,540.473,1980
262958509614478,96,53,54860,567.698,1980
262958559715163,96,53,54860,567.698,1980
262958609811138,96,51,54860,575.982,1980
262958659908860,96,51,54860,575.982,1980
262958710009925,96,51,54860,567.602,1980
262958760131947,96,51,54860,567.602,1980
262958817949085,97,55,54860,558.029,1980
262958868118959,97,55,54860,558.029,1980
262958918316472,97,55,54860,527.759,1980
262958969671454,97,55,54860,527.759,1980
262959019811685,74,36,54860,504.752,1980
262959070345912,74,36,54860,504.752,1980
262959120776253,74,36,54860,484.049,1980
262959170911337,74,36,54860,484.049,1980
262959221973794,80,39,54860,466.079,1980
262959272462817,80,39,54860,466.079,1980
262959322670488,80,39,54860,445.966,1980
262959372813431,80,39,54860,445.966,1980
262959423044378,95,46,54860,426.089,1980
262959473416309,95,46,54860,426.089,1980
262959523520733,95,46,54860,407.545,1980
262959573624603,95,46,54860,407.545,1980
262959623743341,100,50,54860,387.595,1980
262959673855623,100,50,54860,387.595,1980
262959723963987,100,50,54860,387.613,1980
262959774065224,100,50,54860,387.613,1980
262959824170682,98,49,54860,396.412,1980
262959874283499,98,49,54860,396.412,1980
262959924394098,98,49,54860,426.32,1980
262959974497106,98,49,54860,426.32,1980
262960024612144,89,48,54860,452.523,1980
262960074715124,89,48,54860,452.523,1980
262960124822218,89,48,54860,471.723,1980
262960174923890,89,48,54860,471.723,1980
262960225038330,96,55,54860,493.203,1980
262960275141921,96,55,54860,493.203,1980
262960325242365,96,55,54860,512.053,1980
262960375341857,96,55,54860,512.053,1980
262960425442438,96,54,54860,533.549,1980
262960475542883,96,54,54860,533.549,1980
262960525646655,96,54,54860,556.12,1980
262960575746965,96,54,54860,556.12,1980
262960625850103,96,53,54860,577.588,1980
262960675950601,96,53,54860,577.588,1980
262960726053250,96,53,54860,579.558,1980
262960776155557,96,53,54860,579.558,1980
262960826257256,99,55,54860,571.548,1980
262960876356983,99,55,54860,571.548,1980
262960926457665,99,55,54860,566.969,1980
262960976579727,99,55,54860,566.969,1980
262961026763757,52,40,54860,540.462,1980
262961078195052,52,40,54860,540.462,1980
262961128330604,52,40,54860,517.931,1980
262961179717199,52,40,54860,517.931,1980
262961230572713,74,36,54860,498.497,1980
262961280699017,74,36,54860,498.497,1980
262961330865028,74,36,54860,476.939,1980
262961382189023,74,36,54860,476.939,1980
262961432323295,85,42,54860,456.722,1980
262961482771238,85,42,54860,456.722,1980
262961532902688,85,42,54860,434.002,1980
262961583043286,85,42,54860,434.002,1980
262961633182827,100,49,54860,414.922,1980
262961683317365,100,49,54860,414.922,1980
262961733421343,100,49,54860,395.664,1980
262961783524506,100,49,54860,395.664,1980
262961833639922,80,40,54860,392.959,1980
262961883742830,80,40,54860,392.959,1980
262961933854934,80,40,54860,398.329,1980
262961983971674,80,40,54860,398.329,1980
262962034043455,98,48,54860,423.316,1980
262962084145759,98,48,54860,423.316,1980
262962134248150,98,48,54860,449.741,1980
262962184350665,98,48,54860,449.741,1980
262962234451068,97,49,54860,471.836,1980
262962284557253,97,49,54860,471.836,1980
262962334657376,97,49,54860,490.892,1980
262962384761474,97,49,54860,490.892,1980
262962434862727,99,54,54860,511.27,1980
262962484974607,99,54,54860,511.27,1980
262962535080252,99,54,54860,529.09,1980
262962585180720,99,54,54860,529.09,1980
262962635282223,96,53,54860,552.098,1980
262962685386234,96,53,54860,552.098,1980
262962735488891,96,53,54860,570.465,1980
262962785587411,96,53,54860,570.465,1980
262962835707432,96,51,54860,585.17,1980
262962885807190,96,51,54860,585.17,1980
262962935906996,96,51,54860,578.143,1980
262962987641187,96,51,54860,578.143,1980
262963037770365,97,55,54860,569.098,1980
262963087894612,97,55,54860,569.098,1980
262963139475076,97,55,54860,539.588,1980
262963189612841,97,55,54860,539.588,1980
262963241203094,75,36,54860,513.612,1980
262963292385871,75,36,54860,513.612,1980
262963342734604,75,36,54860,493.301,1980
262963394196212,75,36,54860,493.301,1980
262963445064592,78,39,54860,474.088,1980
262963495517427,78,39,54860,474.088,1980
262963546593822,78,39,54860,452.232,1980
262963596962083,93,45,54860,431.383,1980
262963647063853,93,45,54860,431.383,1980
262963697479763,93,45,54860,413.145,1980
262963747589248,93,45,54860,413.145,1980
262963804946039,100,50,54860,391.826,1980
262963855068759,100,50,54860,391.826,1980
262963905177381,100,50,54860,380.206,1980
262963955287140,100,50,54860,380.206,1980
262964005389907,98,49,54860,389.941,1980
262964055500560,98,49,54860,389.941,1980
262964105607408,98,49,54860,422.666,1980
262964155715007,98,49,54860,422.666,1980
262964205819200,91,46,54860,440.676,1980
262964255924128,91,46,54860,440.676,1980
262964306031547,91,46,54860,462.098,1980
262964356143884,91,46,54860,462.098,1980
262964406246457,98,56,54860,480.796,1980
262964456347506,98,56,54860,480.796,1980
262964506447717,98,56,54860,496.051,1980
262964556548924,98,56,54860,496.051,1980
262964606663342,96,53,54860,512.862,1980
262964656765017,96,53,54860,512.862,1980
262964706865868,96,53,54860,534.749,1980
262964756966897,96,53,54860,534.749,1980
262964807069636,97,52,54860,556.101,1980
262964857173288,97,52,54860,556.101,1980
262964907274829,97,52,54860,571.576,1980
262964957375183,97,52,54860,571.576,1980
262965007530628,98,55,54860,562.932,1980
262965057657962,98,55,54860,562.932,1980
262965107761314,98,55,54860,561.431,1980
262965157887771,98,55,54860,561.431,1980
262965208051124,58,43,54860,538.435,1980
262965259560607,58,43,54860,538.435,1980
262965309683536,58,43,54860,519.5,1980
262965361054909,58,43,54860,519.5,1980
262965411206104,74,36,54860,498.597,1980
262965461317607,74,36,54860,498.597,1980
262965512188635,74,36,54860,482.281,1980
262965563368728,74,36,54860,482.281,1980
262965614058627,82,41,54860,462.923,1980
262965664180612,82,41,54860,462.923,1980
262965714344764,82,41,54860,443.294,1980
262965764473618,82,41,54860,443.294,1980
262965814601194,100,49,54860,420.612,1980
262965865082009,100,49,54860,420.612,1980
262965919102033,100,49,54860,395.783,1980
262965969218768,100,49,54860,395.783,1980
262966019328439,80,40,54860,389.392,1980
262966069434228,80,40,54860,389.392,1980
262966119539020,80,40,54860,393.679,1980
262966169640354,80,40,54860,393.679,1980
262966219742764,98,49,54860,419.8,1980
262966269850210,98,49,54860,419.8,1980
262966319953271,98,49,54860,443.864,1980
262966370053315,98,49,54860,443.864,1980
262966420153896,95,52,54860,461.133,1980
262966470259916,95,52,54860,461.133,1980
262966520360850,95,52,54860,479.93,1980
262966570466978,95,52,54860,479.93,1980
262966620567758,96,54,54860,498.781,1980
262966670668307,96,54,54860,498.781,1980
262966720775222,96,54,54860,516.545,1980
262966770884457,96,54,54860,516.545,1980
262966820986088,96,53,54860,536.093,1980
262966871099873,96,53,54860,536.093,1980
262966921205307,96,53,54860,555.948,1980
262966971316008,96,53,54860,555.948,1980
262967021448783,98,56,54860,567.833,1980
262967071553970,98,56,54860,567.833,1980
262967121654661,98,56,54860,562.788,1980
262967171754293,98,56,54860,562.788,1980
262967221855576,96,54,54860,555.671,1980
262967271978021,96,54,54860,555.671,1980
262967323523697,96,54,54860,536.508,1980
262967373634019,96,54,54860,536.508,1980
262967423776053,62,29,54860,515.862,1980
262967475263032,62,29,54860,515.862,1980
262967526833648,62,29,54860,495.465,1980
262967577961145,62,29,54860,495.465,1980
262967628118422,75,37,54860,474.732,1980
262967679051918,75,37,54860,474.732,1980
262967730361947,75,37,54860,457.207,1980
262967780545545,75,37,54860,457.207,1980
262967830721811,88,43,54860,441.389,1980
262967880855180,88,43,54860,441.389,1980
262967931164410,88,43,54860,423.055,1980
262967981270379,88,43,54860,423.055,1980
262968031524501,100,50,54860,402.483,1980
262968081632036,100,50,54860,402.483,1980
262968131732624,100,50,54860,390.185,1980
262968181830221,100,50,54860,390.185,1980
262968231933087,98,47,54860,395.201,1980
262968282043580,98,47,54860,395.201,1980
262968332152840,98,47,54860,417.154,1980
262968382255839,98,47,54860,417.154,1980
262968432361626,91,44,54860,446.226,1980
262968482462305,91,44,54860,446.226,1980
262968532566831,91,44,54860,468.465,1980
262968582675618,91,44,54860,468.465,1980
262968632782153,97,53,54860,489.465,1980
262968682884804,97,53,54860,489.465,1980
262968732990595,97,53,54860,506.39,1980
262968783096610,97,53,54860,506.39,1980
262968833199425,96,53,54860,523.725,1980
262968883302252,96,53,54860,523.725,1980
262968933415791,96,53,54860,543.448,1980
262968983521534,96,53,54860,543.448,1980
262969033622249,97,51,54860,570.815,1980
262969083722838,97,51,54860,570.815,1980
262969133823234,97,51,54860,588.642,1980
262969183942128,97,51,54860,588.642,1980
262969234041939,99,54,54860,582.644,1980
262969284144880,99,54,54860,582.644,1980
262969334872806,99,54,54860,575.786,1980
262969386504469,99,54,54860,575.786,1980
262969436619446,51,39,54860,545.124,1980
262969488094243,51,39,54860,545.124,1980
262969538242585,51,39,54860,523.157,1980
262969588373722,51,39,54860,523.157,1980
262969638488927,74,36,54860,502.855,1980
262969688967676,74,36,54860,502.855,1980
262969739830229,74,36,54860,479.89,1980
262969790202658,74,36,54860,479.89,1980
262969840352428,83,41,54860,461.467,1980
262969890470695,83,41,54860,461.467,1980
262969940622656,83,41,54860,444.531,1980
262969991212247,83,41,54860,444.531,1980
262970041345396,100,49,54860,420.521,1980
262970091457254,100,49,54860,420.521,1980
262970141570843,100,49,54860,401.474,1980
262970191697772,100,49,54860,401.474,1980
262970241803682,79,39,54860,395.962,1980
262970291933066,79,39,54860,395.962,1980
262970342042474,79,39,54860,400.476,1980
262970392152148,79,39,54860,400.476,1980
262970442269757,98,50,54860,428.084,1980
262970492376322,98,50,54860,428.084,1980
262970542873528,98,50,54860,454.137,1980
262970592978230,98,50,54860,454.137,1980
262970643083501,95,52,54860,475.878,1980
262970693185521,95,52,54860,475.878,1980
262970743291229,95,52,54860,496.258,1980
262970793393430,95,52,54860,496.258,1980
262970843506917,95,54,54860,510.507,1980
262970893609624,95,54,54860,510.507,1980
262970943711899,95,54,54860,528.001,1980
262970993813564,95,54,54860,528.001,1980
262971043917657,95,52,54860,546.884,1980
262971094027480,95,52,54860,546.884,1980
262971144128677,95,52,54860,567.393,1980
262971194229428,95,52,54860,567.393,1980
262971244335512,99,55,54860,572.082,1980
262971294436425,99,55,54860,572.082,1980
262971344543931,99,55,54860,565.798,1980
262971394646338,99,55,54860,565.798,1980
262971444753029,95,54,54860,561.638,1980
262971496038392,95,54,54860,561.638,1980
262971546160054,95,54,54860,536.769,1980
262971597465297,95,54,54860,536.769,1980
262971648995987,61,29,54860,513.289,1980
262971699477174,61,29,54860,513.289,1980
262971751928843,61,29,54860,494.558,1980
262971802064931,76,38,54860,474.897,1980
262971852181929,76,38,54860,474.897,1980
262971902924711,76,38,54860,456.815,1980
262971953037174,76,38,54860,456.815,1980
262972003540059,99,49,54860,438.002,1980
262972053812673,99,49,54860,438.002,1980
262972104060033,99,49,54860,423.106,1980
262972154220414,99,49,54860,423.106,1980
262972211457334,100,50,54860,401.0,1980
262972261578298,100,50,54860,401.0,1980
262972311684057,100,50,54860,395.871,1980
262972361818140,100,50,54860,395.871,1980
262972411932021,98,48,54860,402.361,1980
262972462049166,98,48,54860,402.361,1980
262972512160765,98,48,54860,422.917,1980
262972562277032,98,48,54860,422.917,1980
262972612384022,90,47,54860,443.035,1980
262972662490263,90,47,54860,443.035,1980
262972712598409,90,47,54860,458.906,1980
262972762700384,90,47,54860,458.906,1980
262972812800580,97,52,54860,478.967,1980
262972862901328,97,52,54860,478.967,1980
262972913012269,97,52,54860,493.514,1980
262972963117525,97,52,54860,493.514,1980
262973013225053,96,55,54860,506.791,1980
262973063349696,96,55,54860,506.791,1980
262973113460035,96,55,54860,526.928,1980
262973163562809,96,55,54860,526.928,1980
262973213671614,95,53,54860,547.638,1980
262973263773967,95,53,54860,547.638,1980
262973313879514,95,53,54860,554.506,1980
262973363982950,95,53,54860,554.506,1980
262973414096282,95,53,54860,550.303,1980
262973464204896,95,53,54860,550.303,1980
262973514834985,95,53,54860,525.076,1980
262973566466780,95,53,54860,525.076,1980
262973616621137,53,25,54860,504.087,1980
262973667078360,53,25,54860,504.087,1980
262973718271127,53,25,54860,486.716,1980
262973769196227,53,25,54860,486.716,1980
262973820775903,76,38,54860,468.31,1980
262973870965131,76,38,54860,468.31,1980
262973921073177,76,38,54860,454.454,1980
262973971707265,76,38,54860,454.454,1980
262974021888603,91,45,54860,437.702,1980
262974072011778,91,45,54860,437.702,1980
262974122116202,91,45,54860,417.039,1980
262974172220187,91,45,54860,417.039,1980
262974223664325,100,50,54860,394.12,1980
262974273771701,100,50,54860,394.12,1980
262974323889508,100,50,54860,388.397,1980
262974373998021,100,50,54860,388.397,1980
262974424103413,98,48,54860,396.86,1980
262974474213428,98,48,54860,396.86,1980
262974524469139,98,48,54860,420.605,1980
262974574574035,98,48,54860,420.605,1980
262974624677329,91,44,54860,443.637,1980
262974674780749,91,44,54860,443.637,1980
262974724883405,91,44,54860,465.35,1980
262974774991104,91,44,54860,465.35,1980
262974825114814,98,55,54860,482.916,1980
262974875223272,98,55,54860,482.916,1980
262974925324930,98,55,54860,498.762,1980
262974975430506,98,55,54860,498.762,1980
262975025532728,96,53,54860,514.195,1980
262975075637204,96,53,54860,514.195,1980
262975125744656,96,53,54860,536.106,1980
262975175907568,96,53,54860,536.106,1980
262975226044775,96,53,54860,559.523,1980
262975276150531,96,53,54860,559.523,1980
262975326264459,96,53,54860,573.74,1980
262975376372869,96,53,54860,573.74,1980
262975426477846,96,54,54860,567.434,1980
262975476582505,96,54,54860,567.434,1980
262975527972101,96,54,54860,554.346,1980
262975578177586,96,54,54860,554.346,1980
262975628735552,48,36,54860,525.89,1980
262975679917780,48,36,54860,525.89,1980
262975730052798,48,36,54860,506.911,1980
262975781339067,48,36,54860,506.911,1980
262975831458702,75,37,54860,488.993,1980
262975882241078,75,37,54860,488.993,1980
262975932465570,75,37,54860,470.989,1980
262975982604120,75,37,54860,470.989,1980
262976032790048,91,45,54860,452.493,1980
262976082934027,91,45,54860,452.493,1980
262976133167561,91,45,54860,432.147,1980
262976183878101,91,45,54860,432.147,1980
262976233984951,100,49,54860,410.932,1980
262976284540492,100,49,54860,410.932,1980
262976334662254,100,49,54860,383.633,1980
262976384786269,100,49,54860,383.633,1980
262976434898332,80,40,54860,390.302,1980
262976485006906,80,40,54860,390.302,1980
262976535109222,80,40,54860,404.087,1980
262976585380548,80,40,54860,404.087,1980
262976635492411,98,49,54860,430.271,1980
262976685596950,98,49,54860,430.271,1980
262976735702918,98,49,54860,454.9,1980
262976785805578,98,49,54860,454.9,1980
262976835909116,96,51,54860,476.52,1980
262976886043865,96,51,54860,476.52,1980
262976936145322,96,51,54860,498.535,1980
262976986249061,96,51,54860,498.535,1980
262977036350877,96,55,54860,519.413,1980
262977086454326,96,55,54860,519.413,1980
262977136598216,96,55,54860,533.149,1980
262977186728721,96,55,54860,533.149,1980
262977236841511,96,54,54860,548.791,1980
262977286951174,96,54,54860,548.791,1980
262977337073456,96,54,54860,573.982,1980
262977387191999,96,54,54860,573.982,1980
262977437296719,97,52,54860,575.199,1980
262977487399229,97,52,54860,575.199,1980
262977537500072,97,52,54860,570.627,1980
262977587605192,97,52,54860,570.627,1980
