t_ns,util_gpu_pct,util_mem_pct,mem_used_mib,power_w,sm_clock_mhz
263808004771925,0,0,962,92.092,1980
263808061031181,2,0,962,96.959,1980
263808135771022,2,0,6852,102.029,1980
263808188331277,2,0,6852,102.029,1980
263808238541972,1,0,6852,107.245,1980
263808288677213,1,0,6852,107.245,1980
263808338800915,1,0,6852,112.356,1980
263808391660126,1,0,6852,112.356,1980
263808441878718,14,0,6852,117.301,1980
263808492110786,14,0,6852,117.301,1980
263808542340226,14,0,6852,123.324,1980
263808592561840,14,0,6852,123.324,1980
263808642781867,15,0,6852,127.727,1980
263808695133405,15,0,6852,127.727,1980
263808745361591,15,0,6852,133.304,1980
263808798429005,15,0,6852,133.304,1980
263808848620288,14,0,6852,135.156,1980
263808898843772,14,0,6852,135.156,1980
263808949073952,14,0,6852,134.993,1980
263808999302749,14,0,6852,134.993,1980
263809094366959,15,0,6872,135.246,1980
263809233972408,15,0,6872,135.049,1980
263809383734352,0,0,6872,135.029,1980
263809433962328,0,0,6872,135.041,1980
263809484071477,0,0,6872,135.041,1980
263809534191206,0,0,6872,134.846,1980
263809584330220,0,0,6872,134.846,1980
263809710393872,0,0,6872,134.569,1980
263809851243679,0,0,6872,134.548,1980
263809921293225,0,0,6872,134.295,1980
263810066556167,0,0,6872,134.092,1980
263810131878962,0,0,6872,134.16,1980
263810192129356,0,0,6872,134.16,1980
263810262486861,0,0,6872,134.224,1980
263810327777698,0,0,6872,134.127,1980
263810393086627,0,0,6872,134.127,1980
263810463430697,0,0,6872,134.014,1980
263810810194998,0,0,6872,134.118,1980
263810884399661,0,0,6872,134.041,1980
263810944645187,0,0,6872,134.197,1980
263811009945374,0,0,6872,134.197,1980
263811070174995,0,0,6872,134.22,1980
263811140536997,0,0,6872,134.103,1980
263811210885995,0,0,6872,134.103,1980
263811281241491,0,0,6872,134.059,1980
263811665207289,0,0,6872,134.093,1980
263811790132023,0,0,6872,134.249,1980
263811840248585,0,0,6872,134.247,1980
263811890357914,0,0,6872,134.247,1980
263811940465104,0,0,6872,134.063,1980
263811990579744,0,0,6872,134.063,1980
263812040759142,0,0,6872,134.124,1980
263812091450523,0,0,6872,134.124,1980
263812141568130,0,0,6872,134.229,1980
263812191757949,0,0,6872,134.229,1980
263812241866435,0,0,6872,134.208,1980
263812291977635,0,0,6872,134.208,1980
263812342102595,0,0,6872,134.031,1980
263812392215609,0,0,6872,134.031,1980
263812442340354,0,0,6872,134.071,1980
263812492490156,0,0,6872,134.071,1980
263812543816521,0,0,6872,134.222,1980
263812593961684,0,0,6872,134.222,1980
263812644077784,0,0,6872,134.146,1980
263812702646464,0,0,6872,134.146,1980
263812752764302,0,0,6872,134.011,1980
263812802878399,0,0,6872,134.011,1980
263812853572408,0,0,6872,134.117,1980
263812903737220,0,0,6872,134.117,1980
263812953928694,0,0,6872,134.218,1980
263813257326700,0,0,6872,134.162,1980
263813308170460,0,0,7036,134.162,1980
263813598849999,1,0,7036,134.066,1980
263813648985744,0,0,7520,134.222,1980
263813699246229,0,0,7520,134.222,1980
263813751526675,0,0,7520,134.28,1980
263813801677070,0,0,7520,134.28,1980
263813851794047,0,0,7520,134.182,1980
263813907103878,0,0,7520,134.182,1980
263813959493403,0,0,7520,134.1,1980
263814009602822,0,0,7520,134.1,1980
263814059711861,0,0,7520,134.283,1980
263814110004658,0,0,7520,134.283,1980
263814160113160,0,0,7520,134.361,1980
263814212158147,0,0,7520,134.361,1980
263814269471877,0,0,7520,134.267,1980
263814320655178,0,0,7520,134.192,1980
263814370762938,0,0,7520,134.192,1980
263814420946967,0,0,7520,134.34,1980
263814471091051,0,0,7520,134.34,1980
263814521213435,0,0,7520,134.374,1980
263814571327962,0,0,7520,134.374,1980
263814621556765,0,0,7520,134.234,1980
263814671684913,0,0,7520,134.234,1980
263814721801067,0,0,7520,134.217,1980
263814773919035,0,0,7520,134.217,1980
263814824052540,0,0,7520,134.377,1980
263814874827873,0,0,8910,134.377,1980
263814924949227,0,0,10136,134.392,1980
263814975218315,0,0,10136,134.392,1980
263815025360359,0,0,10136,134.227,1980
263815075491556,0,0,10582,134.227,1980
263815125619048,0,0,10582,134.225,1980
263815175744567,0,0,10582,134.225,1980
263815225856405,0,0,10582,134.379,1980
263815275976194,0,0,10582,134.379,1980
263815326120398,0,0,10582,134.398,1980
263815376241214,0,0,10582,134.398,1980
263815426372450,15,0,10582,134.345,1980
263815476484957,15,0,10582,134.345,1980
263815526597460,15,0,10582,134.524,1980
263815576715751,15,0,10582,134.524,1980
263815626823984,15,0,10582,134.779,1980
263815676985181,15,0,10582,134.779,1980
263815735399065,15,0,10582,134.84,1980
263816049372124,0,0,10582,134.852,1980
263816354294716,0,0,10116,134.723,1980
263816669384320,0,0,10156,134.223,1980
263816719525195,0,0,10156,134.228,1980
263816769638921,0,0,10156,134.228,1980
263816819749746,0,0,10156,134.295,1980
263816869856778,0,0,10156,134.295,1980
263816919963818,0,0,10156,134.21,1980
263816970051008,0,0,10156,134.21,1980
263817020159440,0,0,10156,134.071,1980
263817070261953,0,0,10156,134.071,1980
263817120366833,0,0,10156,134.195,1980
263817170466510,0,0,10156,134.195,1980
263817220573267,0,0,10156,134.261,1980
263817270672942,0,0,10156,134.261,1980
263817320776852,0,0,10156,134.134,1980
263817370877429,0,0,10156,134.134,1980
263817420978782,0,0,10156,134.09,1980
263817471048276,0,0,10156,134.09,1980
263817521153536,0,0,10156,134.241,1980
263817571252847,0,0,10156,134.241,1980
263817621365751,0,0,10156,134.264,1980
263817671477020,0,0,10156,134.264,1980
263817721605592,0,0,10156,134.134,1980
263817771717305,0,0,10156,134.134,1980
263817821826943,0,0,10156,134.094,1980
263817871947576,0,0,10156,134.094,1980
263817922071545,0,0,10156,134.252,1980
263817972187576,0,0,10156,134.252,1980
263818022294551,0,0,10156,134.255,1980
263818072401556,0,0,10156,134.255,1980
263818122507098,0,0,10156,134.093,1980
263818172665629,0,0,10156,134.093,1980
263818222809760,0,0,10156,134.111,1980
263818272924453,0,0,10156,134.111,1980
263818323029434,0,0,10156,134.276,1980
263818373132647,0,0,10156,134.276,1980
263818423304480,0,0,10156,134.25,1980
263818473429582,0,0,10156,134.25,1980
263818523534973,0,0,10156,134.1,1980
263818573639975,0,0,10156,134.1,1980
263818623741722,0,0,10156,134.165,1980
263818673844148,0,0,10156,134.165,1980
263818723949769,0,0,10156,134.295,1980
263818774056305,0,0,10156,134.295,1980
263818824164178,0,0,10156,134.269,1980
263818884414613,0,0,10156,134.269,1980
263818949747001,0,0,10156,134.122,1980
263819004926599,0,0,10156,134.122,1980
263819055080102,0,0,10156,134.249,1980
263819105253963,0,0,10184,134.249,1980
263819155414581,0,0,10282,134.37,1980
263819205605446,0,0,10574,134.37,1980
263819255783778,0,0,10574,142.68,1980
263819940990515,0,0,10574,146.115,1980
263820266964293,0,0,10254,137.89,1980
263820591722534,0,0,10282,135.36,1980
263820641850271,0,0,10342,135.593,1980
263820692035290,0,0,10344,135.593,1980
263820742293051,0,0,10370,137.45,1980
263820792420201,0,0,10370,137.45,1980
263820842566737,11,3,10376,138.652,1980
263820892698009,11,3,10378,138.652,1980
263820942835095,11,3,10364,139.665,1980
263820992970130,11,3,10368,139.665,1980
263821043086773,9,3,10372,140.954,1980
263821093268766,9,3,10394,140.954,1980
263821143395437,9,3,10380,142.157,1980
263821193580029,9,3,10402,142.157,1980
263821243703050,10,3,10388,142.733,1980
263821293814999,10,3,10412,142.733,1980
263821343967709,10,3,10396,143.395,1980
263821394122143,10,3,10402,143.395,1980
263821444291807,11,3,10418,144.612,1980
263821788218268,0,0,10406,144.218,1980
263822136989967,0,0,10406,139.096,1980
263822187113940,0,0,18718,139.096,1980
263822237233897,3,3,18718,139.118,1980
263822288850512,3,3,18718,139.118,1980
263822344012714,3,3,18718,138.239,1980
263822394127260,3,3,18718,138.239,1980
263822444235088,0,0,18718,136.975,1980
263822494348018,0,0,18718,136.975,1980
263822544453813,0,0,18718,135.947,1980
263822594588330,0,0,18718,135.947,1980
263822644784957,0,0,18718,136.084,1980
263822694921713,0,0,18718,136.084,1980
263822748637971,0,0,18718,136.051,1980
263822800110589,0,0,18718,136.051,1980
263822850221639,0,0,18718,135.881,1980
263822900418647,0,0,19038,135.881,1980
263822950562033,0,0,19038,145.068,1980
263823002101531,0,0,19040,145.068,1980
263823052260782,18,9,19040,147.09,1980
263823102415317,18,9,19042,147.09,1980
263823152562309,18,9,19042,147.03,1980
263823202688378,18,9,19042,147.03,1980
263823252820582,2,0,19042,146.681,1980
263823633649241,0,0,19042,148.268,1980
263823683803484,0,0,18874,148.268,1980
263823733959900,0,0,18870,149.559,1980
263823784105711,0,0,18848,149.559,1980
263823834243442,11,3,18848,151.41,1980
263823884352186,11,3,18864,151.41,1980
263823934556763,11,3,18850,143.504,1980
263823984678450,11,3,18860,143.504,1980
263824034829895,10,3,18860,143.32,1980
263824085005181,10,3,18868,143.32,1980
263824135174887,10,3,18868,144.643,1980
263824185345040,10,3,18868,144.643,1980
263824235494130,11,3,18848,146.25,1980
263824285602220,11,3,18848,146.25,1980
263824335762929,11,3,18848,145.247,1980
263824385947644,11,3,18848,145.247,1980
263824436075159,10,3,18870,147.014,1980
263824486214515,10,3,18852,147.014,1980
263824536358342,10,3,18874,149.843,1980
263824586475537,10,3,18856,149.843,1980
263824946254619,0,0,18858,147.802,1980
263824996378953,0,0,18858,147.802,1980
263825048734046,0,0,18858,146.374,1980
263825099764856,0,0,18858,146.374,1980
263825154111274,0,0,18858,144.568,1980
263825204237353,0,0,18858,144.568,1980
263825254346877,0,0,18858,143.012,1980
263825304455862,0,0,18858,143.012,1980
263825354706341,0,0,18858,142.243,1980
263825404813892,0,0,18858,142.243,1980
263825454948782,0,0,18858,140.936,1980
263825505066218,0,0,18858,140.936,1980
263825555172834,0,0,18858,137.906,1980
263825605290849,0,0,18858,137.906,1980
263825656811410,0,0,18858,135.537,1980
263825707582094,0,0,18858,135.537,1980
263825757856088,0,0,18858,135.666,1980
263825808239562,0,0,18858,135.666,1980
263825868494693,0,0,18858,135.723,1980
263825923674535,0,0,18858,135.611,1980
263826290989206,0,0,18858,135.7,1980
263826341266776,0,0,18858,135.533,1980
263826391370554,0,0,18858,135.533,1980
263826494494759,0,0,18858,135.456,1980
263826639555133,0,0,18858,135.628,1980
263826690303975,0,0,18858,135.628,1980
263826741286491,0,0,18858,135.608,1980
263826791993654,0,0,18858,135.608,1980
263826842906497,1,1,18858,135.918,1980
263826893024141,1,1,18858,135.918,1980
263827101532678,1,1,18894,141.191,1980
263827151678461,10,4,18894,141.172,1980
263827203052417,10,4,18894,141.172,1980
263827253197050,26,13,18894,160.041,1980
263827304063561,26,13,18894,160.041,1980
263827354996342,26,13,18894,180.413,1980
263827406400350,26,13,18894,180.413,1980
263827456540945,76,37,18894,202.725,1980
263827506653101,76,37,18894,202.725,1980
263827557388775,76,37,18894,222.045,1980
263827607764964,76,37,18894,222.045,1980
263827658016034,85,41,18894,247.134,1980
263827708127731,85,41,18894,247.134,1980
263827759223872,85,41,18894,269.673,1980
263827809369108,85,41,18894,269.673,1980
263827859500796,91,43,18894,289.05,1980
263827911689222,91,43,18894,289.05,1980
263827961812256,91,43,18894,309.701,1980
263828011929321,91,43,18894,309.701,1980
263828062045092,47,23,20114,302.625,1980
263828112162151,47,23,23894,302.625,1980
263828162266168,47,23,25086,330.645,1980
263828212376919,47,23,25086,330.645,1980
263828262490216,85,43,25086,358.471,1980
263828312594289,85,43,25086,358.471,1980
263828362699210,85,43,25086,384.782,1980
263828412822594,85,43,25086,384.782,1980
263828462938481,99,50,29786,382.459,1980
263828513076598,99,50,34420,382.459,1980
263828563193948,99,50,36864,377.475,1980
263828613320734,99,50,36864,377.475,1980
263828663426312,35,20,42878,387.132,1980
263828713532412,35,20,42878,387.132,1980
263828763634598,35,20,42878,406.893,1980
263828813743547,35,20,42878,406.893,1980
263828863858315,97,54,42878,425.139,1980
263828913967136,97,54,42878,425.139,1980
263828964072215,97,54,42878,444.389,1980
263829014174830,97,54,42878,444.389,1980
263829064286494,96,54,42878,492.56,1980
263829114391867,96,54,42878,492.56,1980
263829164492940,96,54,42878,507.901,1980
263829214601579,96,54,42878,507.901,1980
263829264707748,96,54,42878,507.132,1980
263829314809284,96,54,42878,507.132,1980
263829364914097,96,54,42878,504.05,1980
263829415020691,96,54,42878,504.05,1980
263829465126196,96,55,42878,519.274,1980
263829515250270,96,55,42878,519.274,1980
263829566164515,96,55,42878,534.457,1980
263829616882283,96,55,42878,534.457,1980
263829667053817,46,37,42878,514.386,1980
263829718684189,46,37,42878,514.386,1980
263829769467939,46,37,42878,491.535,1980
263829819630440,46,37,42878,491.535,1980
263829869766100,75,37,42878,473.955,1980
263829920117842,75,37,42878,473.955,1980
263829970328810,75,37,42878,452.001,1980
263830020810345,75,37,42878,452.001,1980
263830070946280,81,40,42878,430.396,1980
263830121085602,81,40,42878,430.396,1980
263830171872596,81,40,42878,415.749,1980
263830222648135,81,40,42878,392.286,1980
263830272787953,94,46,42878,392.286,1980
263830322939508,94,46,42878,371.926,1980
263830378718852,94,46,42878,371.926,1980
263830428832628,100,49,42880,350.46,1980
263830478936055,100,49,44072,350.46,1980
263830529047840,100,49,44072,367.228,1980
263830579160183,100,49,44072,367.228,1980
263830629268999,98,48,44072,405.034,1980
263830679384240,98,48,44072,405.034,1980
263830729487831,98,48,47494,431.312,1980
263830779592465,98,48,48686,431.312,1980
263830829709448,80,42,48686,445.939,1980
263830879814354,80,42,54338,445.939,1980
263830930280452,80,42,54338,469.146,1980
263830980386930,80,42,54338,469.146,1980
263831030490114,97,52,54338,487.437,1980
263831080597154,97,52,54338,487.437,1980
263831130700875,97,52,54338,508.32,1980
263831180816640,97,52,54338,508.32,1980
263831230926788,99,54,54338,528.798,1980
263831281029807,99,54,54338,528.798,1980
263831331134046,99,54,54338,546.31,1980
263831381233975,99,54,54338,546.31,1980
263831431413559,96,53,54338,577.927,1980
263831481550566,96,53,54338,577.927,1980
263831531658812,96,53,54338,573.582,1980
263831581771597,96,53,54338,573.582,1980
263831631878526,97,52,54338,571.566,1980
263831682056303,97,52,54338,571.566,1980
263831733509962,97,52,54338,545.378,1980
263831784339847,97,52,54338,545.378,1980
263831835735409,40,26,54338,526.142,1980
263831885850408,40,26,54338,526.142,1980
263831937307276,40,26,54338,504.134,1980
263831988917693,40,26,54338,504.134,1980
263832040530626,75,37,54338,480.936,1980
263832090928645,75,37,54338,480.936,1980
263832141353739,75,37,54338,459.667,1980
263832191498118,75,37,54338,459.667,1980
263832241676245,82,40,54338,438.612,1980
263832292684331,82,40,54338,438.612,1980
263832342845679,82,40,54338,420.708,1980
263832393306524,82,40,54338,420.708,1980
263832444081851,98,46,54338,401.926,1980
263832494253338,98,46,54338,401.926,1980
263832544370382,98,46,54338,374.769,1980
263832594498622,98,46,54338,374.769,1980
263832644603619,67,33,54338,367.137,1980
263832694714038,67,33,54338,367.137,1980
263832744829207,67,33,54338,399.098,1980
263832794932891,67,33,54338,399.098,1980
263832845129548,99,50,54338,428.779,1980
263832895251476,99,50,54338,428.779,1980
263832945363316,99,50,54338,452.405,1980
263832995468438,99,50,54338,452.405,1980
263833045576238,96,51,54338,476.747,1980
263833095683159,96,51,54338,476.747,1980
263833145793529,96,51,54338,497.134,1980
263833195898958,96,51,54338,497.134,1980
263833246006747,96,54,54338,514.831,1980
263833296112064,96,54,54338,514.831,1980
263833346218519,96,54,54338,537.743,1980
263833396329263,96,54,54338,537.743,1980
263833446432961,96,55,54338,553.811,1980
263833496533729,96,55,54338,553.811,1980
263833546645427,96,55,54338,577.086,1980
263833596749838,96,55,54338,577.086,1980
263833646856331,96,54,54338,590.943,1980
263833696961005,96,54,54338,590.943,1980
263833747063693,96,54,54338,582.483,1980
263833797166640,96,54,54338,582.483,1980
263833847269474,96,52,54338,577.133,1980
263833900868270,96,52,54338,577.133,1980
263833951430013,96,52,54338,554.458,1980
263834002959515,96,52,54338,554.458,1980
263834053096712,37,22,54338,528.344,1980
263834103910217,37,22,54338,528.344,1980
263834154640652,37,22,54338,507.207,1980
263834205149191,37,22,54338,507.207,1980
263834255321785,76,37,54338,484.352,1980
263834306455407,76,37,54338,484.352,1980
263834359907344,76,37,54338,464.844,1980
263834411057629,76,37,54338,464.844,1980
263834461180303,87,42,54338,440.79,1980
263834511312772,87,42,54338,440.79,1980
263834561845847,87,42,54338,419.164,1980
263834612136798,87,42,54338,419.164,1980
263834662261279,99,49,54338,396.946,1980
263834712370504,99,49,54338,396.946,1980
263834762498967,99,49,54340,374.343,1980
263834812610436,99,49,54340,374.343,1980
263834862717821,69,35,54340,379.196,1980
263834912830674,69,35,54340,379.196,1980
263834962943349,69,35,54340,402.288,1980
263835013118729,69,35,54340,402.288,1980
263835063278579,98,51,54340,433.627,1980
263835113401811,98,51,54340,433.627,1980
263835163521494,98,51,54340,453.711,1980
263835213630601,98,51,56720,453.711,1980
263835263738737,98,54,56720,473.928,1980
263835313842406,98,54,56720,473.928,1980
263835363944718,98,54,56720,495.168,1980
263835414950048,98,54,56720,495.168,1980
263835465053946,96,55,56720,513.943,1980
263835515158808,96,55,56720,513.943,1980
263835565277689,96,55,56720,535.916,1980
263835615388046,96,55,56720,535.916,1980
263835665486682,96,56,56720,554.546,1980
263835715586770,96,56,56720,554.546,1980
263835765694838,96,56,56720,575.786,1980
263835815816116,96,56,56720,575.786,1980
263835865919279,96,55,56720,577.541,1980
263835916038779,96,55,56720,577.541,1980
263835966147622,96,55,56720,572.851,1980
263836016256479,96,55,56720,572.851,1980
263836066362160,97,54,56720,568.027,1980
263836116547995,97,54,56720,568.027,1980
263836167220933,97,54,56720,556.331,1980
263836217521929,97,54,56720,556.331,1980
263836268818243,45,35,56720,530.263,1980
263836320905347,45,35,56720,530.263,1980
263836372132043,45,35,56720,508.725,1980
263836422486609,45,35,56720,508.725,1980
263836472637396,74,37,56720,489.001,1980
263836524084587,74,37,56720,489.001,1980
263836575125031,74,37,56720,468.544,1980
263836625950196,81,39,56720,443.015,1980
263836676086345,81,39,56720,443.015,1980
263836726880220,81,39,56720,425.306,1980
263836777590517,81,39,56720,425.306,1980
263836827747383,97,47,56720,407.89,1980
263836877875236,97,47,56720,407.89,1980
263836930765319,97,47,56720,383.044,1980
263836984223286,97,47,56720,383.044,1980
263837034338198,76,37,56720,378.76,1980
263837084443582,76,37,56720,378.76,1980
263837134553363,76,37,56720,399.201,1980
263837184678102,76,37,56720,399.201,1980
263837234784993,98,51,56720,428.773,1980
263837284892829,98,51,56720,428.773,1980
263837335011456,98,51,56720,447.868,1980
263837385127813,98,51,56720,447.868,1980
263837435235664,97,52,56720,470.122,1980
263837485342685,97,52,56720,470.122,1980
263837537730857,97,52,56720,491.504,1980
263837587836667,97,52,56720,491.504,1980
263837637946699,96,55,56720,511.588,1980
263837688057548,96,55,56720,511.588,1980
263837738161733,96,55,56720,531.961,1980
263837788265757,96,55,56720,531.961,1980
263837838368604,98,57,56720,552.664,1980
263837888482864,98,57,56720,552.664,1980
263837938591279,98,57,56720,570.187,1980
263837988693296,98,57,56720,570.187,1980
263838038794008,96,54,56720,581.209,1980
263838088932694,96,54,56720,581.209,1980
263838139065235,96,54,56720,575.753,1980
263838189177784,96,54,56720,575.753,1980
263838239278926,97,54,56720,570.393,1980
263838290810306,97,54,56720,570.393,1980
263838341249163,97,54,56720,557.649,1980
263838391399941,97,54,56720,557.649,1980
263838442574214,48,36,56720,534.786,1980
263838492786596,48,36,56720,534.786,1980
263838542909819,48,36,56720,512.794,1980
263838594383229,48,36,56720,512.794,1980
263838645289396,71,35,56720,489.819,1980
263838695890895,71,35,56720,489.819,1980
263838746647641,71,35,56720,465.638,1980
263838797435087,71,35,56720,465.638,1980
263838848004896,85,42,56720,449.781,1980
263838898133637,85,42,56720,449.781,1980
263838948444138,85,42,56720,429.428,1980
263838998790589,85,42,56720,429.428,1980
263839048966675,100,49,56720,405.076,1980
263839107396996,100,49,56720,405.076,1980
263839157507086,100,49,56720,382.253,1980
263839207622611,100,49,56720,382.253,1980
263839257725009,78,39,56720,383.956,1980
263839307828530,78,39,56720,383.956,1980
263839357933958,78,39,56720,406.558,1980
263839408037252,78,39,56720,406.558,1980
263839458152674,98,50,56720,428.337,1980
263839508255093,98,50,56720,428.337,1980
263839558358807,98,50,56720,453.363,1980
263839608459086,98,50,56720,453.363,1980
263839658575158,96,51,56720,474.311,1980
263839708677996,96,51,56720,474.311,1980
263839758784756,96,51,56720,494.371,1980
263839808883404,96,51,56720,494.371,1980
263839858984782,96,53,56720,512.018,1980
263839909054097,96,53,56720,512.018,1980
263839959166080,96,53,56720,530.014,1980
263840009262528,96,53,56720,530.014,1980
263840060375056,96,54,56720,547.787,1980
263840110493430,96,54,56720,547.787,1980
263840160610078,96,54,56720,576.557,1980
263840210729528,96,54,56720,576.557,1980
263840260840255,96,55,56720,573.853,1980
263840310943768,96,55,56720,573.853,1980
263840361065739,96,55,56720,567.224,1980
263840411176326,96,55,56720,567.224,1980
263840461314850,96,54,56720,560.802,1980
263840511439546,96,54,56720,560.802,1980
263840563328966,96,54,56720,531.328,1980
263840613463425,96,54,56720,531.328,1980
263840664223499,69,33,56720,509.913,1980
263840715596454,69,33,56720,509.913,1980
263840765768301,69,33,56720,491.543,1980
263840817114782,69,33,56720,491.543,1980
263840868386384,76,38,56720,473.018,1980
263840918673101,76,38,56720,473.018,1980
263840968891170,76,38,56720,455.504,1980
263841019401779,76,38,56720,455.504,1980
263841069952329,93,46,56720,433.307,1980
263841120704243,93,46,56720,433.307,1980
263841170849270,93,46,56720,412.505,1980
263841229016942,93,46,56720,391.055,1980
263841279138365,100,49,56720,391.055,1980
263841329263090,100,49,56720,382.82,1980
263841379377842,100,49,56720,382.82,1980
263841429487501,99,48,56720,396.692,1980
263841479589317,99,48,56720,396.692,1980
263841529695819,99,48,56720,433.886,1980
263841579806602,99,48,56720,433.886,1980
263841629920823,91,44,56720,452.585,1980
263841680027937,91,44,56720,452.585,1980
263841730142114,91,44,56720,474.372,1980
263841780247450,91,44,56720,474.372,1980
263841830354262,96,51,56720,498.066,1980
263841880456797,96,51,56720,498.066,1980
263841930558666,96,51,56720,518.61,1980
263841980664900,96,51,56720,518.61,1980
263842030767515,97,51,56720,540.083,1980
263842081977914,97,51,56720,540.083,1980
263842132081973,97,51,56720,560.146,1980
263842182186595,97,51,56720,560.146,1980
263842232295065,99,53,56720,582.327,1980
263842282396430,99,53,56720,582.327,1980
263842332504209,99,53,56720,596.463,1980
263842382607327,99,53,56720,596.463,1980
263842432720659,96,53,56720,586.586,1980
263842482829222,96,53,56720,586.586,1980
263842532929733,96,53,56720,582.178,1980
263842584121362,96,53,56720,582.178,1980
263842635095015,95,58,56720,564.985,1980
263842685479814,95,58,56720,564.985,1980
263842737139697,95,58,56720,539.181,1980
263842788814004,95,58,56720,539.181,1980
263842839194568,74,36,56720,516.44,1980
263842889339977,74,36,56720,516.44,1980
263842939556478,74,36,56720,491.089,1980
263842989669203,74,36,56720,491.089,1980
263843041092626,81,40,56720,470.863,1980
263843091198817,81,40,56720,470.863,1980
263843141308074,81,40,56720,449.193,1980
263843191436921,81,40,56720,449.193,1980
263843241606042,91,44,56720,427.587,1980
263843292251658,91,44,56720,427.587,1980
263843342367238,91,44,56720,412.017,1980
263843396116221,91,44,56720,412.017,1980
263843446224729,100,49,56720,383.824,1980
263843496336891,100,49,56720,383.824,1980
263843546450439,100,49,56720,388.386,1980
263843596555710,100,49,56720,388.386,1980
263843646662714,99,51,56720,408.901,1980
263843696775176,99,51,56720,408.901,1980
263843746896293,99,51,56720,435.715,1980
263843797007199,99,51,56720,435.715,1980
263843847112076,91,46,56720,461.86,1980
263843897218790,91,46,56720,461.86,1980
263843947320687,91,46,56720,483.046,1980
263843997426509,91,46,56720,483.046,1980
263844047527480,98,55,56720,507.512,1980
263844097660758,98,55,56720,507.512,1980
263844147764620,98,55,56720,523.966,1980
263844197866257,98,55,56720,523.966,1980
263844247998100,96,54,56720,547.624,1980
263844298118216,96,54,56720,547.624,1980
263844348223983,96,54,56720,565.823,1980
263844398329945,96,54,56720,565.823,1980
263844448434685,99,55,56720,586.488,1980
263844498536564,99,55,56720,586.488,1980
263844548638225,99,55,56720,587.358,1980
263844598739767,99,55,56720,587.358,1980
263844648845481,96,54,56720,583.513,1980
263844698947514,96,54,56720,583.513,1980
263844749048986,96,54,56720,581.212,1980
263844808846449,96,54,56720,581.212,1980
263844858959673,96,59,56720,562.51,1980
263844910563018,96,59,56720,562.51,1980
263844962131544,96,59,56720,535.539,1980
263845012245885,96,59,56720,535.539,1980
263845064050907,74,36,56720,510.541,1980
263845114325878,74,36,56720,510.541,1980
263845165566253,74,36,56720,491.528,1980
263845216248378,74,36,56720,491.528,1980
263845267329547,79,39,56720,470.857,1980
263845318199177,79,39,56720,470.857,1980
263845369225114,79,39,56720,449.62,1980
263845419983474,79,39,56720,449.62,1980
263845470539689,89,44,56720,432.836,1980
263845520991714,89,44,56720,432.836,1980
263845571049136,89,44,56720,410.206,1980
263845621990623,89,44,56720,410.206,1980
263845672102906,100,49,56720,385.085,1980
263845722213125,100,49,56720,385.085,1980
263845772322902,100,49,56720,382.723,1980
263845822422353,100,49,56720,382.723,1980
263845872524594,98,50,56720,405.264,1980
263845923548281,98,50,56720,405.264,1980
263845973649193,98,50,56720,433.382,1980
263846023750167,98,50,56720,433.382,1980
263846073847514,91,45,56720,457.187,1980
263846123967135,91,45,56720,457.187,1980
263846174064745,91,45,56720,477.801,1980
263846224182644,91,45,56720,477.801,1980
263846274280877,98,55,56720,495.99,1980
263846324383214,98,55,56720,495.99,1980
263846374483908,98,55,56720,515.503,1980
263846424581944,98,55,56720,515.503,1980
263846474685662,96,54,56720,536.302,1980
263846524787958,96,54,56720,536.302,1980
263846574887299,96,54,56720,552.961,1980
263846624984103,96,54,56720,552.961,1980
263846675042695,97,53,56720,577.86,1980
263846725144988,97,53,56720,577.86,1980
263846775616310,97,53,56720,576.741,1980
263846825785524,97,53,56720,576.741,1980
263846875911948,96,53,56720,569.526,1980
263846926023634,96,53,56720,569.526,1980
263846976286307,96,53,56720,565.149,1980
263847027578111,96,53,56720,565.149,1980
263847077705348,69,49,56720,536.537,1980
263847129245853,69,49,56720,536.537,1980
263847179353827,69,49,56720,514.865,1980
263847230759528,69,49,56720,491.862,1980
263847282475803,74,36,56720,491.862,1980
263847333448086,74,36,56720,474.986,1980
263847383923924,74,36,56720,474.986,1980
263847434963109,86,42,56720,455.355,1980
263847485093588,86,42,56720,455.355,1980
263847535240264,86,42,56720,436.265,1980
263847585934744,86,42,56720,436.265,1980
263847636062437,99,48,56720,418.042,1980
263847686460536,99,48,56720,418.042,1980
263847738317828,99,48,56720,398.444,1980
263847788433573,99,48,56720,398.444,1980
263847838540641,76,38,56720,389.914,1980
263847888647119,76,38,56720,389.914,1980
263847938752908,76,38,56720,393.534,1980
263847988883418,76,38,56720,393.534,1980
263848038987369,98,49,56720,427.85,1980
263848089095645,98,49,56720,427.85,1980
263848139202431,98,49,56720,448.683,1980
263848189307702,98,49,56720,448.683,1980
263848239410891,88,47,56720,464.87,1980
263848289520104,88,47,56720,464.87,1980
263848339621637,88,47,56720,486.91,1980
263848389723937,88,47,56720,486.91,1980
263848439824987,96,52,56720,509.174,1980
263848489929365,96,52,56720,509.174,1980
263848540036356,96,52,56720,527.926,1980
263848590139852,96,52,56720,527.926,1980
263848640241843,99,55,56720,549.257,1980
263848690378582,99,55,56720,549.257,1980
263848740486394,99,55,56720,565.621,1980
263848790589067,99,55,56720,565.621,1980
263848840690554,96,53,56720,583.287,1980
263848890799040,96,53,56720,583.287,1980
263848940909774,96,53,56720,574.489,1980
263848991019515,96,53,56720,574.489,1980
263849041122142,97,54,56720,567.451,1980
263849093077522,97,54,56720,567.451,1980
263849144273606,97,54,56720,552.678,1980
263849195082999,97,54,56720,552.678,1980
263849246068050,49,37,56720,533.581,1980
263849297218135,49,37,56720,533.581,1980
263849347839483,49,37,56720,510.638,1980
263849399177806,49,37,56720,510.638,1980
263849449295782,77,37,56720,487.772,1980
263849499400074,77,37,56720,487.772,1980
263849550045100,77,37,56720,471.779,1980
263849600794499,77,37,56720,471.779,1980
263849651079353,90,44,56720,448.372,1980
263849701293074,90,44,56720,448.372,1980
263849751446871,90,44,56720,427.962,1980
263849802092792,90,44,56720,427.962,1980
263849852420523,100,49,56720,404.778,1980
263849902545510,100,49,56720,404.778,1980
263849952654509,100,49,56720,380.032,1980
263850002764687,100,49,56720,380.032,1980
263850052878836,71,36,56720,386.816,1980
263850102986531,71,36,56720,386.816,1980
263850153093076,71,36,56720,403.06,1980
263850203212525,71,36,56720,403.06,1980
263850253322266,99,50,56720,429.629,1980
263850303431494,99,50,56720,429.629,1980
263850353537072,99,50,56720,451.139,1980
263850403645142,99,50,56720,451.139,1980
263850453751753,96,49,56720,471.224,1980
263850503854183,96,49,56720,471.224,1980
263850553960375,96,49,56720,490.344,1980
263850604063411,96,49,56720,490.344,1980
263850654168001,99,55,56720,506.388,1980
263850704268927,99,55,56720,506.388,1980
263850754373223,99,55,56720,526.51,1980
263850804485798,99,55,56720,526.51,1980
263850854595252,96,54,56720,548.532,1980
263850904697070,96,54,56720,548.532,1980
263850954801189,96,54,56720,579.577,1980
263851004905640,96,54,56720,579.577,1980
263851055011178,97,52,56720,577.163,1980
263851105128458,97,52,56720,577.163,1980
263851155229529,97,52,56720,570.396,1980
263851208876764,97,52,56720,570.396,1980
263851259100689,99,55,56720,559.154,1980
263851309306869,99,55,56720,559.154,1980
263851360502393,99,55,56720,532.674,1980
263851410697702,99,55,56720,532.674,1980
263851461111398,74,36,56720,510.742,1980
263851511358978,74,36,56720,510.742,1980
263851561786410,74,36,56720,492.437,1980
263851613038166,74,36,56720,492.437,1980
263851663175390,80,39,56720,473.521,1980
263851714272862,80,39,56720,473.521,1980
263851764394857,80,39,56720,450.741,1980
263851815097209,80,39,56720,450.741,1980
263851865816220,92,45,56720,432.927,1980
263851915952568,92,45,56720,432.927,1980
263851966394380,92,45,56720,411.425,1980
263852017130479,92,45,56720,411.425,1980
263852067247073,100,50,56720,382.807,1980
263852117364677,100,50,56720,382.807,1980
263852167468709,100,50,56720,386.954,1980
263852217616744,100,50,56720,386.954,1980
263852267742173,98,50,56720,400.254,1980
263852317853442,98,50,56720,400.254,1980
263852367978513,98,50,56720,433.038,1980
263852418102383,98,50,56720,433.038,1980
263852468227462,90,45,56720,445.645,1980
263852518345560,90,45,56720,445.645,1980
263852568452073,90,45,56720,467.393,1980
263852618561373,90,45,56720,467.393,1980
263852668674195,96,53,56720,491.439,1980
263852718790027,96,53,56720,491.439,1980
263852768902822,96,53,56720,510.153,1980
263852819009331,96,53,56720,510.153,1980
263852869115333,96,54,56720,533.55,1980
263852919224336,96,54,56720,533.55,1980
263852969329277,96,54,56720,549.796,1980
263853019440320,96,54,56720,549.796,1980
263853069545096,98,55,56720,577.695,1980
263853119647807,98,55,56720,577.695,1980
263853169759353,98,55,56720,580.442,1980
263853219862583,98,55,56720,580.442,1980
263853269968508,96,54,56720,577.001,1980
263853320071224,96,54,56720,577.001,1980
263853371432944,96,54,56720,573.899,1980
263853423215459,96,54,56720,573.899,1980
263853473351071,97,62,56720,556.818,1980
263853524953863,97,62,56720,556.818,1980
263853576543487,97,62,56720,533.802,1980
263853626716553,97,62,56720,533.802,1980
263853677183961,75,36,56720,507.257,1980
263853728365359,75,36,56720,507.257,1980
263853778483385,75,36,56720,484.887,1980
263853829362368,75,36,56720,484.887,1980
263853879508015,86,42,56720,465.761,1980
263853929649671,86,42,56720,465.761,1980
263853979814226,86,42,56720,447.541,1980
263854029954477,86,42,56720,447.541,1980
263854080078189,100,49,56720,429.246,1980
263854130188902,100,49,56720,429.246,1980
263854180308104,100,49,56720,398.166,1980
263854230432666,100,49,56720,398.166,1980
263854280535508,84,42,56720,381.004,1980
263854330644428,84,42,56720,381.004,1980
263854380760914,84,42,56720,386.871,1980
263854430876025,84,42,56720,386.871,1980
263854480979699,98,49,56720,414.461,1980
263854531085856,98,49,56720,414.461,1980
263854581188176,98,49,56720,436.586,1980
263854631291958,98,49,56720,436.586,1980
263854681393729,98,52,56720,459.86,1980
263854731501757,98,52,56720,459.86,1980
263854781607374,98,52,56720,480.71,1980
263854831713517,98,52,56720,480.71,1980
263854881816419,96,54,56720,500.568,1980
263854931946128,96,54,56720,500.568,1980
263854982056489,96,54,56720,518.201,1980
263855032167358,96,54,56720,518.201,1980
263855082270602,96,53,56720,535.518,1980
263855132379926,96,53,56720,535.518,1980
263855182481319,96,53,56720,560.863,1980
263855232588922,96,53,56720,560.863,1980
263855282691926,96,55,56720,583.171,1980
263855332797022,96,55,56720,583.171,1980
263855382916205,96,55,56720,572.846,1980
263855438482440,96,54,56720,558.094,1980
263855488677840,96,54,56720,558.094,1980
263855540237221,96,54,56720,530.8,1980
263855591701450,96,54,56720,530.8,1980
263855642207775,74,36,56720,510.754,1980
263855692397064,74,36,56720,510.754,1980
263855742514887,74,36,56720,486.711,1980
263855792690378,74,36,56720,486.711,1980
263855842856102,79,39,56720,468.965,1980
263855892991083,79,39,56720,468.965,1980
263855943663832,79,39,56720,452.853,1980
263855994498232,79,39,56720,452.853,1980
263856044838991,96,47,56720,430.637,1980
263856094958010,96,47,56720,430.637,1980
263856145125978,96,47,56720,407.088,1980
263856203258473,96,47,56720,407.088,1980
263856253387712,100,49,56720,381.491,1980
263856303492912,100,49,56720,381.491,1980
263856353598787,100,49,56720,390.184,1980
263856403701761,100,49,56720,390.184,1980
263856453887978,98,49,56720,403.103,1980
263856504011491,98,49,56720,403.103,1980
263856554115341,98,49,56720,430.969,1980
263856604218724,98,49,56720,430.969,1980
263856654320759,89,45,56720,453.308,1980
263856704433239,89,45,56720,453.308,1980
263856754535651,89,45,56720,475.713,1980
263856804640683,89,45,56720,475.713,1980
263856854746743,96,54,56720,495.401,1980
263856904852781,96,54,56720,495.401,1980
263856954955001,96,54,56720,518.193,1980
263857005059074,96,54,56720,518.193,1980
263857055161048,96,54,56720,534.537,1980
263857105263033,96,54,56720,534.537,1980
263857155365375,96,54,56720,554.613,1980
263857205471313,96,54,56720,554.613,1980
263857255582028,96,52,56720,577.218,1980
263857305687937,96,52,56720,577.218,1980
263857355811625,96,52,56720,579.738,1980
263857405915234,96,52,56720,579.738,1980
263857456022147,99,55,56720,574.333,1980
263857508309573,99,55,56720,574.333,1980
263857558434349,99,55,56720,561.118,1980
263857609932045,99,55,56720,561.118,1980
263857660086189,52,39,56720,536.526,1980
263857711586053,52,39,56720,536.526,1980
263857761700792,52,39,56720,514.489,1980
263857812084945,52,39,56720,514.489,1980
263857862217664,74,36,56720,491.645,1980
263857912323883,74,36,56720,491.645,1980
263857963220280,74,36,56720,470.641,1980
263858013327222,74,36,56720,470.641,1980
263858063454835,81,40,56720,447.729,1980
263858114565747,81,40,56720,447.729,1980
263858165081423,81,40,56720,429.141,1980
263858215780234,81,40,56720,429.141,1980
263858265894929,97,47,56720,409.31,1980
263858316251030,97,47,56720,409.31,1980
263858366370990,97,47,56720,391.168,1980
263858416481735,97,47,56720,391.168,1980
263858466588001,78,38,56720,382.59,1980
263858516690735,78,38,56720,382.59,1980
263858566796771,78,38,56720,393.133,1980
263858616898682,78,38,56720,393.133,1980
263858667019616,99,51,56720,425.42,1980
263858717122746,99,51,56720,425.42,1980
263858767230156,99,51,56720,448.064,1980
263858817341313,99,51,56720,448.064,1980
263858867447377,90,49,56720,470.66,1980
263858917549147,90,49,56720,470.66,1980
263858967655787,90,49,56720,493.712,1980
263859017757878,90,49,56720,493.712,1980
263859067867862,97,55,56720,514.16,1980
263859117971553,97,55,56720,514.16,1980
263859168070750,97,55,56720,533.332,1980
263859218171715,97,55,56720,533.332,1980
263859268293001,96,55,56720,556.388,1980
263859318394271,96,55,56720,556.388,1980
263859368494658,96,55,56720,574.151,1980
263859418596575,96,55,56720,574.151,1980
263859468697852,97,54,56720,593.736,1980
263859518800780,97,54,56720,593.736,1980
263859568902527,97,54,56720,589.395,1980
263859619009470,97,54,56720,589.395,1980
263859669111276,96,55,56720,585.903,1980
263859719530308,96,55,56720,585.903,1980
263859770201491,96,55,56720,583.465,1980
263859820510635,96,55,56720,583.465,1980
263859870656626,89,61,56720,555.817,1980
263859921839312,89,61,56720,555.817,1980
263859971954855,89,61,56720,531.673,1980
263860022100972,89,61,56720,531.673,1980
263860072261475,75,36,56720,512.197,1980
263860122964290,75,36,56720,512.197,1980
263860174081850,75,36,56720,492.425,1980
263860224476736,75,36,56720,492.425,1980
263860274929952,87,42,56720,470.882,1980
263860325874650,87,42,56720,470.882,1980
263860376843243,87,42,56720,447.67,1980
263860427127616,87,42,56720,447.67,1980
263860477285318,99,49,56720,429.334,1980
263860527412373,99,49,56720,429.334,1980
263860577518243,99,49,56720,404.224,1980
263860627626699,99,49,56720,404.224,1980
263860677745258,87,43,56720,392.426,1980
263860727850315,87,43,56720,392.426,1980
263860777962492,87,43,56720,394.816,1980
263860828076534,87,43,56720,394.816,1980
263860878190632,98,48,56720,425.423,1980
263860928303292,98,48,56720,425.423,1980
263860978409676,98,48,56720,449.32,1980
263861028515012,98,48,56720,449.32,1980
263861078618406,90,47,56720,466.835,1980
263861128733284,90,47,56720,466.835,1980
263861178842671,90,47,56720,490.094,1980
263861228946901,90,47,56720,490.094,1980
263861279053404,96,52,56720,512.322,1980
263861329155112,96,52,56720,512.322,1980
263861379272002,96,52,56720,530.222,1980
263861429378446,96,52,56720,530.222,1980
263861479485971,99,54,56720,547.628,1980
263861529587966,99,54,56720,547.628,1980
263861579693321,99,54,56720,571.372,1980
263861629791364,99,54,56720,571.372,1980
263861679889369,96,53,56720,582.703,1980
263861729991436,96,53,56720,582.703,1980
263861780043395,96,53,56720,582.386,1980
263861830144251,96,53,56720,582.386,1980
263861880248562,97,52,56720,574.768,1980
263861931234004,97,52,56720,574.768,1980
263861982193137,97,52,56720,558.421,1980
263862033267809,97,52,56720,558.421,1980
263862083867609,28,27,56720,518.325,1980
263862134051955,28,27,56720,518.325,1980
263862185717910,28,27,56720,477.761,1980
263862237165550,28,27,56720,477.761,1980
263862287340246,30,14,56720,448.45,1980
263862337456013,30,14,56720,448.45,1980
263862388116201,30,14,56720,433.4,1980
263862439427108,77,38,56720,409.24,1980
263862490379957,77,38,56720,409.24,1980
263862540487568,77,38,56720,385.111,1980
263862590864507,77,38,56720,385.111,1980
263862641711817,93,46,56720,368.939,1980
263862691832435,93,46,56720,368.939,1980
263862742571851,93,46,56720,342.743,1980
263862792678531,93,46,56720,342.743,1980
263862842843171,100,50,56720,319.222,1980
263862892951572,100,50,56720,319.222,1980
263862943067261,100,50,56720,332.208,1980
263862993172201,100,50,56720,332.208,1980
263863043292536,76,38,56720,375.97,1980
263863093428882,76,38,56720,375.97,1980
263863143543748,76,38,56720,420.862,1980
263863193648584,76,38,56720,420.862,1980
263863243752426,98,49,56720,443.052,1980
263863293852788,98,49,56720,443.052,1980
263863343953659,98,49,56720,464.044,1980
263863394047099,98,49,56720,464.044,1980
263863444151353,96,52,56720,482.891,1980
263863494252825,96,52,56720,482.891,1980
263863544356909,96,52,56720,501.339,1980
263863594464007,96,52,56720,501.339,1980
263863644565378,97,54,56720,524.425,1980
263863694671195,97,54,56720,524.425,1980
263863744771803,97,54,56720,541.017,1980
263863794872097,97,54,56720,541.017,1980
263863845007541,96,53,56720,564.033,1980
263863895107850,96,53,56720,564.033,1980
263863945210319,96,53,56720,581.51,1980
263863995313196,96,53,56720,581.51,1980
263864045434765,96,54,56720,574.436,1980
263864095533856,96,54,56720,574.436,1980
263864145635050,96,54,56720,570.818,1980
263864195756711,96,54,56720,570.818,1980
263864245877173,96,58,56720,547.182,1980
263864296359625,96,58,56720,547.182,1980
263864347745308,96,58,56720,523.785,1980
263864397909755,96,58,56720,523.785,1980
263864448742272,76,37,56720,502.074,1980
263864498894473,76,37,56720,502.074,1980
263864549925981,76,37,56720,482.622,1980
263864600706298,76,37,56720,482.622,1980
263864651552670,87,43,56720,462.308,1980
263864702323161,87,43,56720,462.308,1980
263864752441641,87,43,56720,444.826,1980
263864802550260,87,43,56720,444.826,1980
263864852754949,100,49,56720,422.538,1980
263864902985335,100,49,56720,422.538,1980
263864953169331,100,49,56720,398.505,1980
263865003288279,100,49,56720,398.505,1980
263865053392099,86,43,56720,393.397,1980
263865103499395,86,43,56720,393.397,1980
263865153685569,86,43,56720,401.613,1980
263865203804251,86,43,56720,401.613,1980
263865253917553,98,48,56720,426.558,1980
263865304026681,98,48,56720,426.558,1980
263865354134724,98,48,56720,453.546,1980
263865404272224,98,48,56720,453.546,1980
263865454374012,98,52,56720,473.832,1980
263865504475297,98,52,56720,473.832,1980
263865554575282,98,52,56720,491.621,1980
263865604683866,98,52,56720,491.621,1980
263865654793689,96,53,56720,507.122,1980
263865704894980,96,53,56720,507.122,1980
263865754999419,96,53,56720,522.088,1980
263865805105200,96,53,56720,522.088,1980
263865855208705,96,53,56720,537.298,1980
263865905310684,96,53,56720,537.298,1980
263865955426904,96,53,56720,561.126,1980
263866005528587,96,53,56720,561.126,1980
263866055640065,97,54,56720,569.38,1980
263866105741108,97,54,56720,569.38,1980
263866155843115,97,54,56720,558.037,1980
263866205942394,97,54,56720,558.037,1980
263866256059584,99,53,56720,531.54,1980
263866306197969,99,53,56720,531.54,1980
263866356644378,99,53,56720,505.622,1980
263866407760070,99,53,56720,505.622,1980
263866458936865,75,36,56720,484.194,1980
263866509077537,75,36,56720,484.194,1980
263866559236500,75,36,56720,468.588,1980
263866609508670,75,36,56720,468.588,1980
263866659800372,87,42,56720,452.833,1980
263866709909003,87,42,56720,452.833,1980
263866760054634,87,42,56720,439.825,1980
263866810433866,87,42,56720,439.825,1980
263866860538772,100,49,56720,421.53,1980
263866910675288,100,49,56720,421.53,1980
263866963883286,100,49,56720,392.8,1980
263867013991915,100,49,56720,392.8,1980
263867064105062,100,50,56720,385.35,1980
263867114212411,100,50,56720,385.35,1980
263867164319794,100,50,56720,396.9,1980
263867214429156,100,50,56720,396.9,1980
263867264535490,99,50,56720,426.468,1980
263867314640080,99,50,56720,426.468,1980
263867364744278,99,50,56720,447.402,1980
263867414852208,99,50,56720,447.402,1980
263867464953858,90,48,56720,461.32,1980
263867515059110,90,48,56720,461.32,1980
263867565162684,90,48,56720,483.057,1980
263867615267522,90,48,56720,483.057,1980
263867665370738,97,52,56720,507.909,1980
263867715481048,97,52,56720,507.909,1980
263867765582306,97,52,56720,530.665,1980
263867815688860,97,52,56720,530.665,1980
263867865789034,99,55,56720,551.114,1980
263867915904134,99,55,56720,551.114,1980
263867966016006,99,55,56720,571.664,1980
263868016356692,99,55,56720,571.664,1980
263868066457610,96,54,56720,579.254,1980
263868116558839,96,54,56720,579.254,1980
263868166659585,96,54,56720,572.413,1980
263868216757567,96,54,56720,572.413,1980
263868266925574,96,55,56720,567.615,1980
263868317634959,96,55,56720,567.615,1980
263868367800938,96,55,56720,546.638,1980
263868419152162,96,55,56720,546.638,1980
263868471319978,48,37,56720,530.577,1980
263868522646944,48,37,56720,530.577,1980
263868574028115,48,37,56720,506.396,1980
263868624166799,48,37,56720,506.396,1980
263868675173181,74,36,56720,485.431,1980
263868725307752,74,36,56720,485.431,1980
263868775439158,74,36,56720,463.039,1980
263868825780320,74,36,56720,463.039,1980
263868876489039,93,45,56720,444.189,1980
263868926628947,93,45,56720,444.189,1980
263868976759902,93,45,56720,427.28,1980
263869026876122,93,45,56720,427.28,1980
263869079329582,100,49,56720,407.094,1980
263869129446472,100,49,56720,407.094,1980
263869179561909,100,49,56720,393.486,1980
263869229676087,100,49,56720,393.486,1980
263869279787151,78,39,56720,398.206,1980
263869329901384,78,39,56720,398.206,1980
263869380014622,78,39,56720,418.988,1980
263869430124055,78,39,56720,418.988,1980
263869480231355,98,50,56720,443.075,1980
263869530335000,98,50,56720,443.075,1980
263869580438864,98,50,56720,465.568,1980
263869630541662,98,50,56720,465.568,1980
263869680650604,96,50,56720,489.433,1980
263869730754859,96,50,56720,489.433,1980
263869780856263,96,50,56720,506.366,1980
263869830962047,96,50,56720,506.366,1980
263869881076618,99,55,56720,530.043,1980
263869931192958,99,55,56720,530.043,1980
263869981299532,99,55,56720,551.163,1980
263870031414742,99,55,56720,551.163,1980
263870081531821,96,54,56720,567.887,1980
263870131639868,96,54,56720,567.887,1980
263870181751424,96,54,56720,585.738,1980
263870231865566,96,54,56720,585.738,1980
263870281970596,97,53,56720,584.778,1980
263870332081000,97,53,56720,584.778,1980
263870382185130,97,53,56720,578.4,1980
263870441764864,97,53,56720,563.347,1980
263870492346992,96,54,56720,563.347,1980
263870543513204,96,54,56720,539.725,1980
263870593637438,96,54,56720,539.725,1980
263870644696554,72,35,56720,514.177,1980
263870695214347,72,35,56720,514.177,1980
263870745342201,72,35,56720,493.618,1980
263870795494517,72,35,56720,493.618,1980
263870846761312,82,40,56720,474.41,1980
263870897700557,82,40,56720,474.41,1980
263870948629285,82,40,56720,453.395,1980
263870998760500,82,40,56720,453.395,1980
263871048904216,98,48,56720,432.183,1980
263871099055991,98,48,56720,432.183,1980
263871149399875,98,48,56720,409.749,1980
263871200377369,98,48,56720,409.749,1980
263871250511576,100,50,56720,393.69,1980
263871300628989,100,50,56720,393.69,1980
263871350746145,100,50,56720,398.729,1980
263871400865701,100,50,56720,398.729,1980
263871450974068,99,49,56720,410.392,1980
263871501078648,99,49,56720,410.392,1980
263871551184962,99,49,56720,437.731,1980
263871601290264,99,49,56720,437.731,1980
263871651406853,91,45,56720,457.856,1980
263871701515061,91,45,56720,457.856,1980
263871751615242,91,45,56720,479.478,1980
263871801714091,91,45,56720,479.478,1980
263871851811969,99,55,56720,501.002,1980
263871901909253,99,55,56720,501.002,1980
263871952020962,99,55,56720,524.027,1980
263872002126679,99,55,56720,524.027,1980
263872052337775,96,53,56720,543.591,1980
263872102444648,96,53,56720,543.591,1980
263872152558515,96,53,56720,561.046,1980
263872202661018,96,53,56720,561.046,1980
263872252763707,96,55,56720,582.192,1980
263872302871423,96,55,56720,582.192,1980
263872352972777,96,55,56720,578.738,1980
263872403088201,96,55,56720,578.738,1980
263872453191468,96,53,56720,575.773,1980
263872503296053,96,53,56720,575.773,1980
263872555093219,96,53,56720,573.337,1980
263872606359732,96,53,56720,573.337,1980
263872656482484,87,59,56720,545.296,1980
263872706985320,87,59,56720,545.296,1980
263872757167981,87,59,56720,523.692,1980
263872807312935,87,59,56720,523.692,1980
263872857519110,74,36,56720,502.158,1980
263872907628636,74,36,56720,502.158,1980
263872958108294,74,36,56720,482.036,1980
263873008278730,74,36,56720,482.036,1980
263873058448610,90,44,56720,462.373,1980
263873111624150,90,44,56720,462.373,1980
263873161774486,90,44,56720,441.165,1980
263873211880012,90,44,56720,441.165,1980
263873262029388,96,47,56720,418.597,1980
263873312388406,96,47,56720,418.597,1980
263873362499776,96,47,56720,386.913,1980
263873412602586,96,47,56720,386.913,1980
263873462705320,79,39,56720,391.41,1980
263873512806352,79,39,56720,391.41,1980
263873562910148,79,39,56720,398.527,1980
263873613017235,79,39,56720,398.527,1980
263873663125751,98,48,56720,425.415,1980
263873713253704,98,48,56720,425.415,1980
263873763357680,98,48,56720,448.529,1980
263873813457494,98,48,56720,448.529,1980
263873863558715,97,49,56720,465.722,1980
263873913656331,97,49,56720,465.722,1980
263873963753763,97,49,56720,484.101,1980
263874013850883,97,49,56720,484.101,1980
263874063958656,96,54,56720,501.858,1980
263874114160897,96,54,56720,501.858,1980
263874164289609,96,54,56720,521.18,1980
263874214399625,96,54,56720,521.18,1980
263874264509301,96,53,56720,538.567,1980
263874314616881,96,53,56720,538.567,1980
263874364729404,96,53,56720,561.131,1980
263874414837130,96,53,56720,561.131,1980
263874464951181,96,53,56720,568.836,1980
263874515057494,96,53,56720,568.836,1980
263874565168901,96,53,56720,560.707,1980
263874615288778,96,53,56720,560.707,1980
263874665459611,92,61,56720,530.159,1980
263874717092184,92,61,56720,530.159,1980
263874771639843,92,61,56720,508.73,1980
263874821799642,92,61,56720,508.73,1980
263874871929211,75,36,56720,487.934,1980
263874923178250,75,36,56720,487.934,1980
263874973529844,75,36,56720,470.623,1980
263875023678230,75,36,56720,470.623,1980
263875073805816,90,44,56720,452.612,1980
263875124246807,90,44,56720,452.612,1980
263875174363206,90,44,56720,433.633,1980
263875224492279,90,44,56720,433.633,1980
263875274789564,100,49,56720,411.565,1980
263875325519611,100,49,56720,411.565,1980
263875375637024,100,49,56720,389.612,1980
263875425753679,100,49,56720,389.612,1980
263875475863566,81,40,56720,385.882,1980
263875525990465,81,40,56720,385.882,1980
263875576114429,81,40,56720,395.514,1980
263875626229843,81,40,56720,395.514,1980
263875676338389,99,48,56720,427.097,1980
263875726450059,99,48,56720,427.097,1980
263875776571704,99,48,56720,455.383,1980
263875826684376,99,48,56720,455.383,1980
263875876788103,98,52,56720,476.812,1980
263875926897121,98,52,56720,476.812,1980
263875977013004,98,52,56720,499.966,1980
263876027116406,98,52,56720,499.966,1980
263876077219847,96,53,56720,513.892,1980
263876127324850,96,53,56720,513.892,1980
263876177425422,96,53,56720,534.4,1980
263876227528377,96,53,56720,534.4,1980
263876277641077,97,54,56720,556.627,1980
263876327743117,97,54,56720,556.627,1980
263876377840636,97,54,56720,588.28,1980
263876427946840,97,54,56720,588.28,1980
263876478047229,96,53,56720,580.948,1980
263876528145769,96,53,56720,580.948,1980
263876578254374,96,53,56720,575.845,1980
263876628353360,96,53,56720,575.845,1980
263876678474826,96,52,56720,572.453,1980
263876730318614,96,52,56720,572.453,1980
263876780452889,96,52,56720,540.077,1980
263876831911843,96,52,56720,540.077,1980
263876882141377,44,25,56720,518.876,1980
263876933400759,44,25,56720,518.876,1980
263876983531744,44,25,56720,496.758,1980
263877033659060,44,25,56720,496.758,1980
263877084667237,76,37,56720,477.285,1980
263877134948088,76,37,56720,477.285,1980
263877186125779,76,37,56720,458.64,1980
263877236582483,76,37,56720,458.64,1980
263877286733865,83,41,56720,437.878,1980
263877337345143,83,41,56720,437.878,1980
263877387714861,83,41,56720,419.682,1980
263877437870917,83,41,56720,419.682,1980
263877499503034,99,49,56720,401.671,1980
263877549627706,99,49,56720,382.192,1980
263877599745288,99,49,56720,382.192,1980
263877649860037,69,35,56720,388.735,1980
263877699993952,69,35,56720,388.735,1980
263877750126030,69,35,56720,417.407,1980
263877800237462,69,35,56720,417.407,1980
263877850355771,98,49,56720,439.417,1980
263877900468466,98,49,56720,439.417,1980
263877950574393,98,49,56720,461.048,1980
263878000680532,98,49,56720,461.048,1980
263878050781706,97,50,56720,484.874,1980
263878100889966,97,50,56720,484.874,1980
263878150988880,97,50,56720,507.578,1980
263878201046687,97,50,56720,507.578,1980
263878251152729,99,54,56720,527.872,1980
263878301275529,99,54,56720,527.872,1980
263878351400644,99,54,56720,542.527,1980
263878401508879,99,54,56720,542.527,1980
263878451613658,96,54,56720,562.357,1980
263878501721014,96,54,56720,562.357,1980
263878551837809,96,54,56720,587.216,1980
263878601941600,96,54,56720,587.216,1980
263878652051168,96,55,56720,582.979,1980
263878702153764,96,55,56720,582.979,1980
263878752252753,96,55,56720,580.723,1980
263878802356506,96,55,56720,580.723,1980
263878852500722,96,54,56720,567.603,1980
263878903972689,96,54,56720,567.603,1980
263878954103760,96,54,56720,541.036,1980
263879004790599,96,54,56720,541.036,1980
263879055158499,71,34,56720,515.644,1980
263879105305683,71,34,56720,515.644,1980
263879156376851,71,34,56720,494.979,1980
263879206493850,71,34,56720,494.979,1980
263879257812581,82,40,56720,477.317,1980
263879307920592,82,40,56720,477.317,1980
263879358087516,82,40,56720,457.876,1980
263879408305675,82,40,56720,457.876,1980
263879458479347,100,49,56720,437.832,1980
263879508613250,100,49,56720,437.832,1980
263879558792131,100,49,56720,415.791,1980
263879608916883,100,49,56720,415.791,1980
263879659032681,100,50,56720,389.99,1980
263879709135317,100,50,56720,389.99,1980
263879759244475,100,50,56720,395.231,1980
263879809377032,100,50,56720,395.231,1980
263879859534675,99,49,56720,410.012,1980
263879909645042,99,49,56720,410.012,1980
263879959743696,99,49,56720,439.969,1980
263880009849493,99,49,56720,439.969,1980
263880059952516,78,39,56720,451.27,1980
263880110061784,78,39,56720,451.27,1980
263880160167739,78,39,56720,473.679,1980
263880210272302,78,39,56720,473.679,1980
263880260374736,96,54,56720,494.927,1980
263880310481018,96,54,56720,494.927,1980
263880360581880,96,54,56720,514.993,1980
263880410685067,96,54,56720,514.993,1980
263880460785389,96,54,56720,534.673,1980
263880510885417,96,54,56720,534.673,1980
263880560990907,96,54,56720,557.018,1980
263880611046360,96,54,56720,557.018,1980
263880661216140,96,53,56720,582.98,1980
263880711321907,96,53,56720,582.98,1980
263880761454172,96,53,56720,577.26,1980
263880811581547,96,53,56720,577.26,1980
263880861691160,96,55,56720,577.018,1980
263880911811288,96,55,56720,577.018,1980
263880962836599,96,55,56720,551.1,1980
263881012967784,96,55,56720,551.1,1980
263881064138760,44,34,56720,536.871,1980
263881114410921,44,34,56720,536.871,1980
263881165473650,44,34,56720,512.585,1980
263881216687172,44,34,56720,512.585,1980
263881267421311,79,38,56720,491.93,1980
263881317529775,79,38,56720,491.93,1980
263881367687398,79,38,56720,472.435,1980
263881417840175,79,38,56720,472.435,1980
263881468110822,100,49,56720,450.97,1980
263881519786141,100,49,56720,450.97,1980
263881569909396,100,49,56720,431.939,1980
263881620114271,100,49,56720,431.939,1980
263881670233603,100,50,56720,406.664,1980
263881720343162,100,50,56720,406.664,1980
263881770453023,100,50,56720,396.741,1980
263881820562210,100,50,56720,396.741,1980
263881870681073,91,49,56720,397.646,1980
263881920791463,91,49,56720,397.646,1980
263881970902520,91,49,56720,422.374,1980
263882021019903,91,49,56720,422.374,1980
263882071131916,91,49,56720,447.377,1980
263882121237930,91,49,56720,447.377,1980
263882171347764,91,49,56720,473.246,1980
263882221458837,91,49,56720,473.246,1980
263882271566185,98,56,56720,491.881,1980
263882321668639,98,56,56720,491.881,1980
263882371773794,98,56,56720,511.719,1980
263882421887425,98,56,56720,511.719,1980
263882471992146,96,56,56720,524.371,1980
263882522044440,96,56,56720,524.371,1980
263882572132106,96,56,56720,541.012,1980
263882624646690,96,56,56720,541.012,1980
263882674814719,96,55,56720,570.053,1980
263882724936978,96,55,56720,570.053,1980
263882775044183,96,55,56720,574.637,1980
263882825149595,96,55,56720,574.637,1980
263882875253021,95,56,56720,568.249,1980
263882930003086,95,56,56720,568.249,1980
263882980150587,95,56,56720,538.665,1980
263883030303559,95,56,56720,538.665,1980
263883081280481,42,33,56720,513.006,1980
263883132672543,42,33,56720,513.006,1980
263883183212160,42,33,56720,485.806,1980
263883234295221,42,33,56720,485.806,1980
263883285197053,76,37,56720,467.41,1980
263883335312230,76,37,56720,467.41,1980
263883385473008,76,37,56720,449.433,1980
263883435861669,76,37,56720,449.433,1980
263883486581684,90,44,56720,434.784,1980
263883537089336,90,44,56720,434.784,1980
263883587251045,90,44,56720,419.285,1980
263883637379128,90,44,56720,419.285,1980
263883691440372,100,49,56720,399.196,1980
263883741567310,100,49,56720,399.196,1980
263883791670751,100,49,56720,381.6,1980
263883841775037,100,49,56720,381.6,1980
263883891874333,78,40,56720,390.826,1980
263883942053620,78,40,56720,390.826,1980
263883992171773,78,40,56720,419.673,1980
263884042289516,78,40,56720,419.673,1980
263884092406293,98,50,56720,443.051,1980
263884142525594,98,50,56720,443.051,1980
263884192632108,98,50,56720,466.481,1980
263884242738476,98,50,56720,466.481,1980
263884292847420,96,52,56720,486.866,1980
263884342958053,96,52,56720,486.866,1980
263884393048781,96,52,56720,506.722,1980
263884443152433,96,52,56720,506.722,1980
263884493253574,96,54,56720,528.498,1980
263884543365223,96,54,56720,528.498,1980
263884593470461,96,54,56720,548.456,1980
263884643569814,96,54,56720,548.456,1980
263884693673980,97,53,56720,574.859,1980
263884743779051,97,53,56720,574.859,1980
263884793882889,97,53,56720,591.998,1980
263884843998918,97,53,56720,591.998,1980
263884894104630,96,54,56720,587.351,1980
263884944215312,96,54,56720,587.351,1980
263884994328411,96,54,56720,581.917,1980
263885044436039,96,54,56720,581.917,1980
263885104949025,97,53,56720,580.977,1980
263885155153000,97,53,56720,556.856,1980
263885206696736,97,53,56720,556.856,1980
263885259090620,45,28,56720,531.069,1980
263885310085467,45,28,56720,531.069,1980
263885360326101,45,28,56720,509.039,1980
263885410658624,45,28,56720,509.039,1980
263885461855627,77,38,56720,489.923,1980
263885511985747,77,38,56720,489.923,1980
263885562114252,77,38,56720,467.928,1980
263885612232037,77,38,56720,467.928,1980
263885662337593,95,47,56720,443.826,1980
263885712492527,95,47,56720,443.826,1980
263885762601935,95,47,56720,426.028,1980
263885812782350,95,47,56720,426.028,1980
263885862890035,100,50,56720,398.152,1980
263885912998270,100,50,56720,398.152,1980
263885963107155,100,50,56720,390.692,1980
263886013223070,100,50,56720,390.692,1980
263886063329905,90,44,56720,398.405,1980
263886113443295,90,44,56720,398.405,1980
263886163559068,90,44,56720,425.648,1980
263886213661741,90,44,56720,425.648,1980
263886263792390,90,44,56720,449.137,1980
263886313899916,90,44,56720,449.137,1980
263886364008272,90,44,56720,471.68,1980
263886414113203,90,44,56720,471.68,1980
263886464220032,95,52,56720,493.904,1980
263886514329033,95,52,56720,493.904,1980
263886564435157,95,52,56720,511.945,1980
263886614614597,95,52,56720,511.945,1980
263886664720578,96,53,56720,526.834,1980
263886714822994,96,53,56720,526.834,1980
263886764930512,96,53,56720,546.678,1980
263886815042358,96,53,56720,546.678,1980
263886865144556,97,54,56720,576.539,1980
263886915245929,97,54,56720,576.539,1980
263886965698425,97,54,56720,587.618,1980
263887015800569,97,54,56720,587.618,1980
263887065902278,99,54,56720,581.152,1980
263887117987591,99,54,56720,581.152,1980
263887168126334,99,54,56720,560.243,1980
263887220386977,99,54,56720,560.243,1980
263887270518219,54,41,56720,535.786,1980
263887321688339,54,41,56720,535.786,1980
263887372960868,54,41,56720,512.279,1980
263887423989040,54,41,56720,512.279,1980
263887474107233,75,37,56720,493.699,1980
263887524971862,75,37,56720,493.699,1980
263887575699780,75,37,56720,474.823,1980
263887625876758,75,37,56720,474.823,1980
263887676204098,90,44,56720,455.631,1980
263887726383273,90,44,56720,455.631,1980
263887776534311,90,44,56720,437.351,1980
263887826640285,90,44,56720,437.351,1980
263887876783423,100,49,56720,411.832,1980
263887926899420,100,49,56720,411.832,1980
263887977009340,100,49,56720,388.961,1980
263888027115274,100,49,56720,388.961,1980
263888077232321,79,40,56720,396.686,1980
263888127352044,79,40,56720,396.686,1980
263888177454751,79,40,56720,411.021,1980
263888227574375,79,40,56720,411.021,1980
263888277680051,98,49,56720,432.283,1980
263888327874543,98,49,56720,432.283,1980
263888377974948,98,49,56720,455.769,1980
263888428047257,98,49,56720,455.769,1980
263888478145729,97,52,56720,479.317,1980
263888528249972,97,52,56720,479.317,1980
263888578364931,97,52,56720,498.797,1980
263888628472970,97,52,56720,498.797,1980
263888678570803,98,54,56720,517.442,1980
263888728715728,98,54,56720,517.442,1980
263888778832851,98,54,56720,537.307,1980
263888828944460,98,54,56720,537.307,1980
263888879052586,96,54,56720,555.755,1980
263888929158459,96,54,56720,555.755,1980
263888979280120,96,54,56720,582.217,1980
263889029393670,96,54,56720,582.217,1980
263889079527159,96,55,56720,577.475,1980
263889129639105,96,55,56720,577.475,1980
263889179741491,96,55,56720,574.708,1980
263889229852483,96,55,56720,574.708,1980
263889281353115,96,54,56720,561.622,1980
263889331489067,96,54,56720,561.622,1980
263889382698294,96,54,56720,538.003,1980
263889432835652,96,54,56720,538.003,1980
263889482926114,72,35,56720,513.051,1980
263889533813890,72,35,56720,513.051,1980
263889584056917,72,35,56720,494.257,1980
263889634861765,72,35,56720,494.257,1980
263889684982536,80,40,56720,477.699,1980
263889735207351,80,40,56720,477.699,1980
263889785682105,80,40,56720,455.933,1980
263889836019675,80,40,56720,455.933,1980
263889886173427,100,49,56720,435.004,1980
263889936736422,100,49,56720,435.004,1980
263889986845430,100,49,56720,413.36,1980
263890036959689,100,49,56720,413.36,1980
263890087064214,100,50,56720,392.354,1980
263890137171226,100,50,56720,392.354,1980
263890187274227,100,50,56720,402.222,1980
263890237391049,100,50,56720,402.222,1980
263890287491021,99,49,56720,415.313,1980
263890337604325,99,49,56720,415.313,1980
263890387710905,99,49,56720,441.416,1980
263890437818105,99,49,56720,441.416,1980
263890487946628,89,47,56720,463.351,1980
263890538045924,89,47,56720,463.351,1980
263890588122535,89,47,56720,486.462,1980
263890638233551,89,47,56720,486.462,1980
263890688341610,96,55,56720,504.766,1980
263890738450204,96,55,56720,504.766,1980
263890788578487,96,55,56720,524.668,1980
263890838686819,96,55,56720,524.668,1980
263890888794003,96,54,56720,545.882,1980
263890938901124,96,54,56720,545.882,1980
263890989005964,96,54,56720,569.364,1980
263891039109288,96,54,56720,569.364,1980
263891089230183,96,54,56720,589.099,1980
263891139338566,96,54,56720,589.099,1980
263891189441381,96,54,56720,584.434,1980
263891239551928,96,54,56720,584.434,1980
263891289656464,98,54,56720,581.867,1980
263891339796501,98,54,56720,581.867,1980
263891389935610,98,54,56720,562.624,1980
263891441121719,98,54,56720,562.624,1980
263891492276325,74,36,56720,535.848,1980
263891542449141,74,36,56720,535.848,1980
263891594076792,74,36,56720,514.303,1980
263891644224928,74,36,56720,514.303,1980
263891694579239,77,38,56720,492.961,1980
263891745518788,77,38,56720,492.961,1980
263891796417211,77,38,56720,472.675,1980
263891846960098,77,38,56720,472.675,1980
263891897083018,90,44,56720,448.511,1980
263891947509371,90,44,56720,448.511,1980
263891997613469,90,44,56720,428.234,1980
263892047761351,90,44,56720,428.234,1980
263892097884352,100,50,56720,406.38,1980
263892147991928,100,50,56720,406.38,1980
263892198101984,100,50,56720,393.725,1980
263892248203736,100,50,56720,393.725,1980
263892298301677,98,50,56720,398.825,1980
263892348406565,98,50,56720,398.825,1980
263892398509852,98,50,56720,412.382,1980
263892448612243,98,50,56720,412.382,1980
263892498717305,89,48,56720,446.29,1980
263892548820553,89,48,56720,446.29,1980
263892598922476,89,48,56720,466.582,1980
263892649346975,89,48,56720,466.582,1980
263892699452821,96,55,56720,490.171,1980
263892749553329,96,55,56720,490.171,1980
263892799650350,96,55,56720,509.454,1980
263892849752347,96,55,56720,509.454,1980
263892899851327,98,54,56720,524.317,1980
263892949949405,98,54,56720,524.317,1980
263893000043454,98,54,56720,545.929,1980
263893050144466,98,54,56720,545.929,1980
263893100245482,97,53,56720,567.69,1980
263893150646898,97,53,56720,567.69,1980
263893200745857,97,53,56720,587.974,1980
263893250843953,97,53,56720,587.974,1980
263893300945176,98,54,56720,585.697,1980
263893351047255,98,54,56720,585.697,1980
263893401359396,98,54,56720,583.785,1980
263893451463922,98,54,56720,583.785,1980
263893501606254,72,51,56720,571.231,1980
263893551752644,72,51,56720,571.231,1980
263893602905408,72,51,56720,541.886,1980
263893654351453,75,36,56720,520.439,1980
263893704484190,75,36,56720,520.439,1980
263893754616051,75,36,56720,501.347,1980
263893805839484,75,36,56720,501.347,1980
263893856328386,81,39,56720,481.574,1980
263893906452863,81,39,56720,481.574,1980
263893956617760,81,39,56720,462.222,1980
263894006783010,81,39,56720,462.222,1980
263894057515702,100,49,56720,441.804,1980
263894107619902,100,49,56720,441.804,1980
263894157758463,100,49,56720,417.38,1980
263894207872282,100,49,56720,417.38,1980
263894257976609,81,40,56720,388.08,1980
263894308089767,81,40,56720,388.08,1980
263894358223180,81,40,56720,395.41,1980
263894408346295,81,40,56720,395.41,1980
263894458452014,98,50,56720,404.414,1980
263894508554478,98,50,56720,404.414,1980
263894558660117,98,50,56720,432.891,1980
263894608761420,98,50,56720,432.891,1980
263894658870685,96,52,56720,460.204,1980
263894708970140,96,52,56720,460.204,1980
263894759077062,96,52,56720,481.024,1980
263894809205893,96,52,56720,481.024,1980
263894859331767,95,54,56720,497.904,1980
263894909462678,95,54,56720,497.904,1980
263894959573711,95,54,56720,519.459,1980
263895009740770,95,54,56720,519.459,1980
263895059866866,96,54,56720,534.91,1980
263895109973346,96,54,56720,534.91,1980
263895160078105,96,54,56720,559.355,1980
263895210181388,96,54,56720,559.355,1980
263895260284402,97,56,56720,583.438,1980
263895310387486,97,56,56720,583.438,1980
263895360496474,97,56,56720,582.049,1980
263895410601401,97,56,56720,582.049,1980
263895460703709,96,54,56720,574.331,1980
263895510805793,96,54,56720,574.331,1980
263895560992576,96,54,56732,562.11,1980
263895611693410,96,54,56732,562.11,1980
263895662707633,67,48,56732,517.865,1980
263895713550998,67,48,56732,517.865,1980
263895771916355,67,48,56732,477.625,1980
263895822039990,67,48,56732,477.625,1980
263895872660533,43,20,56732,446.117,1980
263895922775721,43,20,56732,446.117,1980
263895972976712,43,20,56732,416.948,1980
263896023153612,43,20,56732,416.948,1980
263896074225300,62,30,56732,396.722,1980
263896124393952,62,30,56732,396.722,1980
263896175140397,62,30,56732,369.001,1980
263896225332173,62,30,56732,369.001,1980
263896275956250,76,36,56732,345.336,1980
263896326097135,76,36,56732,345.336,1980
263896376214507,76,36,56732,321.33,1980
263896426752140,76,36,56732,321.33,1980
263896476887187,87,42,56732,297.71,1980
263896527048270,87,42,56732,297.71,1980
263896577488265,87,42,56732,273.376,1980
263896627604096,87,42,56732,273.376,1980
263896677730290,91,44,56732,286.637,1980
263896727844151,91,44,56732,286.637,1980
263896777954744,91,44,56732,311.258,1980
263896828085468,91,44,56732,311.258,1980
263896878188765,92,45,56732,350.964,1980
263896928297053,92,45,56732,350.964,1980
263896978404087,92,45,56732,379.025,1980
263897028531883,92,45,56732,379.025,1980
263897078636163,81,41,56732,402.108,1980
263897128774522,81,41,56732,402.108,1980
263897178881685,81,41,56732,418.545,1980
263897228982719,81,41,56732,418.545,1980
263897279113473,97,54,56732,443.167,1980
263897329224787,97,54,56732,443.167,1980
263897379326564,97,54,56732,468.48,1980
263897429428998,97,54,56732,468.48,1980
263897479537417,91,50,56732,490.319,1980
263897529651598,91,50,56732,490.319,1980
263897579755449,91,50,56732,516.566,1980
263897629857939,91,50,56732,516.566,1980
263897679957607,94,53,56732,538.641,1980
263897730061718,94,53,56732,538.641,1980
263897780161206,94,53,56732,556.348,1980
263897830264469,94,53,56732,556.348,1980
263897880362563,91,50,56732,549.54,1980
263897930469096,91,50,56732,549.54,1980
263897980567677,91,50,56732,543.178,1980
263898030667859,91,50,56732,543.178,1980
263898085522844,90,60,56732,542.461,1980
263898135644580,90,60,56732,542.461,1980
263898187092063,90,60,56732,519.505,1980
263898237252948,90,60,56732,519.505,1980
263898287395895,59,28,56732,492.74,1980
263898338525032,59,28,56732,492.74,1980
263898389665400,59,28,56732,470.986,1980
263898439845351,59,28,56732,470.986,1980
263898490564210,64,30,56732,443.891,1980
263898540676894,64,30,56732,443.891,1980
263898591467498,64,30,56732,422.736,1980
263898641651125,64,30,56732,422.736,1980
263898691874013,71,34,56732,403.619,1980
263898741979436,71,34,56732,403.619,1980
263898792122364,71,34,56732,377.318,1980
263898842359802,71,34,56732,377.318,1980
263898892557267,81,39,56732,358.428,1980
263898942663442,81,39,56732,358.428,1980
263898993017326,81,39,56732,338.42,1980
263899043795627,81,39,56732,338.42,1980
263899093908007,70,34,56732,310.386,1980
263899144027025,70,34,56732,310.386,1980
263899194130403,70,34,56732,336.423,1980
263899244234540,70,34,56732,336.423,1980
263899294347914,90,44,56732,363.992,1980
263899344467551,90,44,56732,363.992,1980
263899394577807,90,44,56732,393.488,1980
263899444690273,90,44,56732,393.488,1980
263899494793978,78,41,56732,411.535,1980
263899544900687,78,41,56732,411.535,1980
263899595005094,78,41,56732,434.584,1980
263899645111071,78,41,56732,434.584,1980
263899695214393,89,47,56732,457.792,1980
263899745330114,89,47,56732,457.792,1980
263899795434410,89,47,56732,477.762,1980
263899845539111,89,47,56732,477.762,1980
263899895648505,95,52,56732,498.661,1980
263899945756073,95,52,56732,498.661,1980
263899995870420,95,52,56732,522.857,1980
263900045992314,95,52,56732,522.857,1980
263900096108402,89,49,56732,547.391,1980
263900146217443,89,49,56732,547.391,1980
263900196324770,89,49,56732,548.41,1980
263900246435134,89,49,56732,548.41,1980
263900296542291,93,49,56732,544.567,1980
263900346648388,93,49,56732,544.567,1980
263910570337261,0,0,56732,137.813,1980
263910620526747,0,0,56732,137.813,1980
263910670649795,0,0,56732,137.787,1980
263910720750504,0,0,56732,137.787,1980
263910771109654,0,0,56732,137.828,1980
263910821210694,0,0,56732,137.828,1980
263910871840396,0,0,56732,137.957,1980
263910921938870,0,0,56732,137.957,1980
263910972199855,0,0,56732,137.854,1980
263911022300411,0,0,56732,137.854,1980
263911072436049,0,0,56732,137.769,1980
263911122604427,0,0,56732,137.769,1980
263911172733893,0,0,56732,137.756,1980
263911222842389,0,0,56732,137.756,1980
263911273428428,0,0,56732,137.88,1980
263911323543886,0,0,56732,137.88,1980
263911373650656,0,0,56732,137.888,1980
263911423761805,0,0,56732,137.888,1980
263911473864508,0,0,56732,137.728,1980
263911524135858,0,0,56732,137.728,1980
263911574246646,0,0,56732,137.699,1980
263911624353828,0,0,56732,137.699,1980
263911674458919,0,0,56732,137.731,1980
263911724579393,0,0,56732,137.731,1980
263911774777318,0,0,56732,137.856,1980
263911825320006,0,0,56732,137.856,1980
263911875422524,0,0,56732,137.697,1980
263911925533473,0,0,56732,137.697,1980
263911975649126,0,0,56732,137.623,1980
263912026220124,0,0,56732,137.623,1980
263912076543149,0,0,56732,137.592,1980
263912126859989,0,0,56732,137.592,1980
263912176960475,0,0,56732,137.707,1980
263912227066933,0,0,56732,137.707,1980
263912277168355,0,0,56732,137.698,1980
263912327272094,0,0,56732,137.698,1980
263912377374826,0,0,56732,137.539,1980
263912428032133,0,0,56732,137.539,1980
263912478133127,0,0,56732,137.509,1980
263912528240413,0,0,56732,137.509,1980
263912578340886,0,0,56732,137.567,1980
263912628570726,0,0,56732,137.567,1980
263912678672993,0,0,56732,137.656,1980
263912728775438,0,0,56732,137.656,1980
263912779070074,0,0,56732,137.531,1980
263912829434227,0,0,56732,137.531,1980
263912879535732,0,0,56732,137.455,1980
263912929753410,0,0,56732,137.455,1980
263912979855705,0,0,56732,137.466,1980
263913029958822,0,0,56732,137.466,1980
263913080060665,0,0,56732,137.608,1980
263913130338998,0,0,56732,137.608,1980
263913180440301,0,0,56732,137.549,1980
263913230541261,0,0,56732,137.549,1980
263913280649436,0,0,56732,137.391,1980
263913330754158,0,0,56732,137.391,1980
263913381423134,0,0,56732,137.382,1980
263913431527009,0,0,56732,137.382,1980
263913481636582,0,0,56732,137.479,1980
263913532031196,0,0,56732,137.479,1980
263913582159573,0,0,56732,137.52,1980
263913632260743,0,0,56732,137.52,1980
263913682360997,0,0,56732,137.345,1980
263913732464115,0,0,56732,137.345,1980
263913783026040,0,0,56732,137.295,1980
263913833528311,0,0,56732,137.295,1980
263913883836114,0,0,56732,137.325,1980
263913933937616,0,0,56732,137.325,1980
263913984047693,0,0,56732,137.469,1980
263914034151136,0,0,56732,137.469,1980
263914084253970,0,0,56732,137.375,1980
263914134356261,0,0,56732,137.375,1980
263914184790218,0,0,56732,137.275,1980
263914235411121,0,0,56732,137.275,1980
263914285842665,0,0,56732,137.287,1980
263914335943905,0,0,56732,137.287,1980
263914386264357,0,0,56732,137.37,1980
263914436368652,0,0,56732,137.37,1980
263914486472029,0,0,56732,137.404,1980
263914537123271,0,0,56732,137.404,1980
263914587627902,0,0,56732,137.263,1980
263914637732312,0,0,56732,137.263,1980
263914687909883,0,0,56732,137.236,1980
263914738018333,0,0,56732,137.236,1980
263914788119109,0,0,56732,137.254,1980
263914838220010,0,0,56732,137.254,1980
263914888321636,0,0,56732,137.378,1980
263914938756357,0,0,56732,137.378,1980
263914988861072,0,0,56732,137.248,1980
263915038969841,0,0,56732,137.248,1980
263915089076154,0,0,56732,137.135,1980
263915139186064,0,0,56732,137.135,1980
263915189290493,0,0,56732,137.124,1980
263915239397824,0,0,56732,137.124,1980
263915289498966,0,0,56732,137.256,1980
263915339607325,0,0,56732,137.256,1980
263915389710127,0,0,56732,137.283,1980
263915439815432,0,0,56732,137.283,1980
263915489920838,0,0,56732,137.099,1980
263915540026315,0,0,56732,137.099,1980
263915590570056,0,0,56732,137.073,1980
263915640671193,0,0,56732,137.073,1980
263915690772404,0,0,56732,137.136,1980
263915740873352,0,0,56732,137.136,1980
263915790975134,0,0,56732,137.283,1980
263915841201225,0,0,56732,137.283,1980
263915891301650,0,0,56732,137.106,1980
263915941896614,0,0,56732,137.106,1980
263915992504418,0,0,56732,137.03,1980
263916042607846,0,0,56732,137.03,1980
263916093055281,0,0,56732,137.055,1980
263916143159757,0,0,56732,137.055,1980
263916193263860,0,0,56732,137.186,1980
263916243366217,0,0,56732,137.186,1980
263916293467972,0,0,56732,137.126,1980
263916343570652,0,0,56732,137.126,1980
263916393671752,0,0,56732,136.976,1980
263916443768276,0,0,56732,136.976,1980
263916494181433,0,0,56732,136.958,1980
263916544283644,0,0,56732,136.958,1980
263916594383184,0,0,56732,137.043,1980
263916644479352,0,0,56732,137.043,1980
263916694580573,0,0,56732,137.165,1980
263916744678454,0,0,56732,137.165,1980
263916794779390,0,0,56732,136.979,1980
263916844889464,0,0,56732,136.979,1980
263916894995429,0,0,56732,136.928,1980
263916945210825,0,0,56732,136.928,1980
263916995740809,0,0,56732,136.953,1980
263917045862086,0,0,56732,136.953,1980
263917095971521,0,0,56732,137.108,1980
263917146075058,0,0,56732,137.108,1980
263917196182571,0,0,56732,137.042,1980
263917246288698,0,0,56732,137.042,1980
263917296397247,0,0,56732,136.924,1980
263917346505304,0,0,56732,136.924,1980
263917396610098,0,0,56732,136.899,1980
263917446724556,0,0,56732,136.899,1980
263917496831329,0,0,56732,136.967,1980
263917546940056,0,0,56732,136.967,1980
263917597043936,0,0,56732,137.072,1980
263917647151474,0,0,56732,137.072,1980
263917697255112,0,0,56732,136.881,1980
263917747361597,0,0,56732,136.881,1980
263917797464457,0,0,56732,136.823,1980
263917848107696,0,0,56732,136.823,1980
263917898214476,0,0,56732,136.839,1980
263917948317032,0,0,56732,136.839,1980
263917998419382,0,0,56732,136.954,1980
263918048524193,0,0,56732,136.954,1980
263918098626960,0,0,56732,136.836,1980
263918149302616,0,0,56732,136.836,1980
263918199530531,0,0,56732,136.721,1980
263918249832479,0,0,56732,136.721,1980
263918300023627,0,0,56732,136.721,1980
263918350127120,0,0,56732,136.721,1980
263918400228378,0,0,56732,136.835,1980
263918450330416,0,0,56732,136.835,1980
263918500438690,0,0,56732,136.865,1980
263918550542435,0,0,56732,136.865,1980
263918600645800,0,0,56732,136.674,1980
263918650748522,0,0,56732,136.674,1980
263918700851370,0,0,56732,136.636,1980
263918751430702,0,0,56732,136.636,1980
263918801532873,0,0,56732,136.672,1980
263918851634702,0,0,56732,136.672,1980
263918901737780,0,0,56732,136.812,1980
263918951841351,0,0,56732,136.812,1980
263919001945110,0,0,56732,136.701,1980
263919052049980,0,0,56732,136.701,1980
263919102152023,0,0,56732,136.625,1980
263919152256456,0,0,56732,136.625,1980
263919202363541,0,0,56732,136.617,1980
263919252466567,0,0,56732,136.617,1980
263919302571433,0,0,56732,136.757,1980
263919352671874,0,0,56732,136.757,1980
263919402927227,0,0,56732,136.749,1980
263919453537947,0,0,56732,136.749,1980
263919503642794,0,0,56732,136.59,1980
263919553746593,0,0,56732,136.59,1980
263919603850213,0,0,56732,136.574,1980
263919653953146,0,0,56732,136.574,1980
263919704057914,0,0,56732,136.672,1980
263919754159925,0,0,56732,136.672,1980
263919804261722,0,0,56732,136.777,1980
263919854365383,0,0,56732,136.777,1980
263919904468775,0,0,56732,136.624,1980
263919954570951,0,0,56732,136.624,1980
263920005231361,0,0,56732,136.515,1980
263920055450449,0,0,56732,136.515,1980
263920105650849,0,0,56732,136.551,1980
263920155757053,0,0,56732,136.551,1980
263920205864130,0,0,56732,136.709,1980
263920255976900,0,0,56732,136.709,1980
263920306077909,0,0,56732,136.569,1980
263920356183668,0,0,56732,136.569,1980
263920406286177,0,0,56732,136.469,1980
263920456390123,0,0,56732,136.469,1980
263920506492639,0,0,56732,136.461,1980
263920557161155,0,0,56732,136.461,1980
263920607265113,0,0,56732,136.63,1980
263920657372610,0,0,56732,136.63,1980
263920707474988,0,0,56732,136.59,1980
263920757576276,0,0,56732,136.59,1980
263920807678516,0,0,56732,136.44,1980
263920857785618,0,0,56732,136.44,1980
263920907888737,0,0,56732,136.431,1980
263920957991603,0,0,56732,136.431,1980
263921008527583,0,0,56732,136.528,1980
263921058625299,0,0,56732,136.528,1980
263921108721980,0,0,56732,136.62,1980
263921158820029,0,0,56732,136.62,1980
263921208942043,0,0,56732,136.444,1980
263921259052198,0,0,56732,136.444,1980
263921309164417,0,0,56732,136.374,1980
263921359709587,0,0,56732,136.374,1980
263921409811547,0,0,56732,136.416,1980
263921459916424,0,0,56732,136.416,1980
263921510025660,0,0,56732,136.587,1980
263921560127711,0,0,56732,136.587,1980
263921610231136,0,0,56732,136.465,1980
263921660335395,0,0,56732,136.465,1980
263921710453887,0,0,56732,136.365,1980
263921760557945,0,0,56732,136.365,1980
263921810776357,0,0,56732,136.359,1980
263921860882897,0,0,56732,136.359,1980
263921910987108,0,0,56732,136.48,1980
263921961090238,0,0,56732,136.48,1980
263922011203220,0,0,56732,136.471,1980
263922061307336,0,0,56732,136.471,1980
263922111411676,0,0,56732,136.307,1980
263922161516022,0,0,56732,136.307,1980
263922211624220,0,0,56732,136.287,1980
263922261729014,0,0,56732,136.287,1980
263922311837157,0,0,56732,136.388,1980
263922362225511,0,0,56732,136.508,1980
263922412397254,0,0,56732,136.508,1980
263922462500853,0,0,56732,136.315,1980
263922512601010,0,0,56732,136.315,1980
263922562702740,0,0,56732,136.258,1980
263922612805595,0,0,56732,136.258,1980
263922663146930,0,0,56732,136.281,1980
263922713247959,0,0,56732,136.281,1980
263922763350100,0,0,56732,136.447,1980
263922813750101,0,0,56732,136.447,1980
263922863851318,0,0,56732,136.36,1980
263922914190190,0,0,56732,136.36,1980
263922964289642,0,0,56732,136.232,1980
263923014537568,0,0,56732,136.232,1980
263923064639200,0,0,56732,136.241,1980
263923114738468,0,0,56732,136.241,1980
263923165169288,0,0,56732,136.351,1980
263923215270763,0,0,56732,136.351,1980
263923265681611,0,0,56732,136.37,1980
263923315782902,0,0,56732,136.37,1980
263923365886168,0,0,56732,136.202,1980
263923415986719,0,0,56732,136.202,1980
263923466047532,0,0,56732,136.186,1980
263923516147759,0,0,56732,136.186,1980
263923566251682,0,0,56732,136.255,1980
263923616352723,0,0,56732,136.255,1980
263923666458170,0,0,56732,136.351,1980
263923716560552,0,0,56732,136.351,1980
263923766664454,0,0,56732,136.225,1980
263923816766888,0,0,56732,136.225,1980
263923866871084,0,0,56732,136.142,1980
263923916996885,0,0,56732,136.142,1980
263923967329800,0,0,56732,136.159,1980
263924017436236,0,0,56732,136.159,1980
263924067577431,0,0,56732,136.303,1980
263924117700123,0,0,56732,136.303,1980
263924167804700,0,0,56732,136.238,1980
263924218078115,0,0,56732,136.238,1980
263924268180950,0,0,56732,136.097,1980
263924318288969,0,0,56732,136.097,1980
263924368417401,0,0,56732,136.087,1980
263924418521118,0,0,56732,136.087,1980
263924468619547,0,0,56732,136.207,1980
263924519029670,0,0,56732,136.207,1980
263924569130360,0,0,56732,136.277,1980
263924619455287,0,0,56732,136.277,1980
263924669726672,0,0,56732,136.106,1980
263924719832246,0,0,56732,136.106,1980
263924769931267,0,0,56732,136.059,1980
263924820205495,0,0,56732,136.059,1980
263924870417169,0,0,56732,136.11,1980
263924920514640,0,0,56732,136.11,1980
263924970619407,0,0,56732,136.227,1980
263925020721905,0,0,56732,136.227,1980
263925070823561,0,0,56732,136.088,1980
263925120930579,0,0,56732,136.088,1980
263925171043558,0,0,56732,135.969,1980
263925221148412,0,0,56732,135.969,1980
263925271308688,0,0,56732,135.993,1980
263925321415760,0,0,56732,135.993,1980
263925371769360,0,0,56732,136.141,1980
263925421871178,0,0,56732,136.141,1980
263925471974737,0,0,56732,136.103,1980
263925522076188,0,0,56732,136.103,1980
263925572303341,0,0,56732,135.956,1980
263925622404368,0,0,56732,135.956,1980
263925672507235,0,0,56732,135.943,1980
263925722607939,0,0,56732,135.943,1980
263925773062360,0,0,56732,136.039,1980
263925823163032,0,0,56732,136.039,1980
263925873264278,0,0,56732,136.095,1980
263925923447927,0,0,56732,136.095,1980
263925973554785,0,0,56732,135.944,1980
263926023660184,0,0,56732,135.944,1980
263926073763141,0,0,56732,135.912,1980
263926123866109,0,0,56732,135.912,1980
263926173967185,0,0,56732,135.966,1980
263926224068275,0,0,56732,135.966,1980
263926274169017,0,0,56732,136.097,1980
263926324495406,0,0,56732,136.097,1980
263926374596432,0,0,56732,135.99,1980
263926424698728,0,0,56732,135.99,1980
263926474933258,0,0,56732,135.864,1980
263926525040679,0,0,56732,135.864,1980
263926575145181,0,0,56732,135.887,1980
263926625247955,0,0,56732,135.887,1980
263926675348957,0,0,56732,136.038,1980
263926725451095,0,0,56732,136.038,1980
263926775553891,0,0,56732,135.996,1980
263926825783520,0,0,56732,135.996,1980
263926876346178,0,0,56732,135.854,1980
263926926446966,0,0,56732,135.854,1980
263926976546148,0,0,56732,135.835,1980
263927026825716,0,0,56732,135.835,1980
263927076923509,0,0,56732,135.986,1980
263927127027821,0,0,56732,135.986,1980
263927177127038,0,0,56732,136.026,1980
263927227225280,0,0,56732,136.026,1980
263927277323480,0,0,56732,135.876,1980
263927327424702,0,0,56732,135.876,1980
263927377522670,0,0,56732,135.81,1980
263927427781830,0,0,56732,135.81,1980
263927478094699,0,0,56732,135.913,1980
263927528197074,0,0,56732,135.913,1980
263927578523764,0,0,56732,136.031,1980
263927628626010,0,0,56732,136.031,1980
263927678808759,0,0,56732,135.872,1980
263927728909636,0,0,56732,135.872,1980
263927779015717,0,0,56732,135.791,1980
263927829115607,0,0,56732,135.791,1980
263927879277764,0,0,56732,135.844,1980
263927929378823,0,0,56732,135.844,1980
263927979501997,0,0,56732,136.029,1980
263928029628098,0,0,56732,136.029,1980
263928079730279,0,0,56732,135.904,1980
263928130248287,0,0,56732,135.904,1980
263928180349242,0,0,56732,135.732,1980
263928230451318,0,0,56732,135.732,1980
263928280554864,0,0,56732,135.777,1980
263928330657871,0,0,56732,135.777,1980
263928380756546,0,0,56732,135.952,1980
263928430940617,0,0,56732,135.952,1980
263928481044371,0,0,56732,135.897,1980
263928531146502,0,0,56732,135.897,1980
263928581245286,0,0,56732,135.712,1980
263928631343177,0,0,56732,135.712,1980
263928681441576,0,0,56732,135.7,1980
263928731538868,0,0,56732,135.7,1980
263928781636627,0,0,56732,135.843,1980
263928831742486,0,0,56732,135.843,1980
263928881951361,0,0,56732,135.869,1980
263928932175238,0,0,56732,135.869,1980
263928982297555,0,0,56732,135.667,1980
263929032400397,0,0,56732,135.667,1980
263929082705776,0,0,56732,135.676,1980
263929132806808,0,0,56732,135.676,1980
263929182909749,0,0,56732,135.832,1980
263929233016365,0,0,56732,135.832,1980
263929283202605,0,0,56732,135.911,1980
263929333301832,0,0,56732,135.911,1980
263929383407196,0,0,56732,135.73,1980
263929433509315,0,0,56732,135.73,1980
263929483612055,0,0,56732,135.666,1980
263929533714426,0,0,56732,135.666,1980
263929583816790,0,0,56732,135.74,1980
263929633924702,0,0,56732,135.74,1980
263929684029755,0,0,56732,135.854,1980
263929734130580,0,0,56732,135.854,1980
263929784233176,0,0,56732,135.691,1980
263929834337058,0,0,56732,135.691,1980
263929884438313,0,0,56732,135.61,1980
263929934539517,0,0,56732,135.61,1980
263929984642141,0,0,56732,135.671,1980
263930034939061,0,0,56732,135.671,1980
263930085043989,0,0,56732,135.817,1980
263930135218403,0,0,56732,135.817,1980
263930185322411,0,0,56732,135.701,1980
263930235427916,0,0,56732,135.701,1980
263930285533722,0,0,56732,135.579,1980
263930335779967,0,0,56732,135.579,1980
263930385881707,0,0,56732,135.613,1980
263930435986526,0,0,56732,135.613,1980
263930486090893,0,0,56732,135.755,1980
263930536193159,0,0,56732,135.755,1980
263930586294618,0,0,56732,135.736,1980
263930636396367,0,0,56732,135.736,1980
263930686497636,0,0,56732,135.605,1980
263930736601185,0,0,56732,135.605,1980
263930786705164,0,0,56732,135.601,1980
263930836806806,0,0,56732,135.601,1980
263930887155404,0,0,56732,135.733,1980
263930937258426,0,0,56732,135.733,1980
263930987360807,0,0,56732,135.738,1980
263931037460322,0,0,56732,135.738,1980
263931087562503,0,0,56732,135.571,1980
263931137666839,0,0,56732,135.571,1980
263931187775638,0,0,56732,135.501,1980
263931237877637,0,0,56732,135.501,1980
263931287981649,0,0,56732,135.606,1980
263931338440944,0,0,56732,135.606,1980
263931388542628,0,0,56732,135.686,1980
263931438643339,0,0,56732,135.686,1980
263931488742511,0,0,56732,135.539,1980
263931538845598,0,0,56732,135.539,1980
263931588944995,0,0,56732,135.476,1980
263931639042110,0,0,56732,135.476,1980
263931689143390,0,0,56732,135.552,1980
263931739355270,0,0,56732,135.552,1980
263931789452962,0,0,56732,135.674,1980
263931839778687,0,0,56732,135.674,1980
263931890078911,0,0,56732,135.535,1980
263931940178959,0,0,56732,135.535,1980
263931990496851,0,0,56732,135.434,1980
263932040596468,0,0,56732,135.434,1980
263932091233525,0,0,56732,135.495,1980
263932141363714,0,0,56732,135.495,1980
263932191823746,0,0,56732,135.645,1980
263932241949877,0,0,56732,135.645,1980
263932292158979,0,0,56732,135.552,1980
263932342263638,0,0,56732,135.552,1980
263932392382344,0,0,56732,135.419,1980
263932442505753,0,0,56732,135.419,1980
263932492609651,0,0,56732,135.417,1980
263932542712955,0,0,56732,135.417,1980
263932592814078,0,0,56732,135.567,1980
263932642914764,0,0,56732,135.567,1980
263932693264433,0,0,56732,135.54,1980
263932743594365,0,0,56732,135.54,1980
263932793862817,0,0,56732,135.385,1980
263932843965787,0,0,56732,135.385,1980
263932894067535,0,0,56732,135.373,1980
263932944331236,0,0,56732,135.373,1980
263932994437084,0,0,56732,135.564,1980
263933044541861,0,0,56732,135.564,1980
263933094645237,0,0,56732,135.596,1980
263933144751725,0,0,56732,135.596,1980
263933194863499,0,0,56732,135.406,1980
263933244966223,0,0,56732,135.406,1980
263933295071654,0,0,56732,135.366,1980
263933345174582,0,0,56732,135.366,1980
263933395278358,0,0,56732,135.481,1980
263933445495080,0,0,56732,135.481,1980
263933495599584,0,0,56732,135.6,1980
263933545838965,0,0,56732,135.6,1980
263933595941932,0,0,56732,135.449,1980
263933646045963,0,0,56732,135.449,1980
263933696148359,0,0,56732,135.361,1980
263933746251812,0,0,56732,135.361,1980
263933796353496,0,0,56732,135.422,1980
263933846455407,0,0,56732,135.422,1980
263933896620816,0,0,56732,135.564,1980
263933946726303,0,0,56732,135.564,1980
263933996828741,0,0,56732,135.448,1980
263934046930694,0,0,56732,135.448,1980
263934097096342,0,0,56732,135.308,1980
263934147383926,0,0,56732,135.308,1980
263934197485691,0,0,56732,135.34,1980
263934247620618,0,0,56732,135.34,1980
263934297728120,0,0,56732,135.518,1980
263934347947527,0,0,56732,135.518,1980
263934398054174,0,0,56732,135.448,1980
263934448461137,0,0,56732,135.448,1980
263934498565476,0,0,56732,135.306,1980
263934548668508,0,0,56732,135.306,1980
263934598781660,0,0,56732,135.306,1980
263934648884528,0,0,56732,135.306,1980
263934698987339,0,0,56732,135.449,1980
263934749092347,0,0,56732,135.449,1980
263934799198294,0,0,56732,135.45,1980
263934849302265,0,0,56732,135.45,1980
263934899653876,0,0,56732,135.297,1980
263934949760245,0,0,56732,135.297,1980
263935000191096,0,0,56732,135.263,1980
263935050294009,0,0,56732,135.263,1980
263935100637162,0,0,56732,135.384,1980
263935150738982,0,0,56732,135.384,1980
263935201026887,0,0,56732,135.487,1980
263935251130726,0,0,56732,135.487,1980
263935301236089,0,0,56732,135.305,1980
263935351338417,0,0,56732,135.305,1980
263935401439793,0,0,56732,135.253,1980
263935451543734,0,0,56732,135.253,1980
263935501859532,0,0,56732,135.305,1980
263935551963161,0,0,56732,135.305,1980
263935602065538,0,0,56732,135.44,1980
263935652175818,0,0,56732,135.44,1980
263935702286775,0,0,56732,135.336,1980
263935752402680,0,0,56732,135.336,1980
263935802514825,0,0,56732,135.222,1980
263935852623623,0,0,56732,135.222,1980
263935902728867,0,0,56732,135.261,1980
263935952833397,0,0,56732,135.261,1980
263936002937869,0,0,56732,135.398,1980
263936053050278,0,0,56732,135.398,1980
263936103155141,0,0,56732,135.36,1980
263936153258403,0,0,56732,135.36,1980
263936203361584,0,0,56732,135.183,1980
263936253466629,0,0,56732,135.183,1980
263936303572256,0,0,56732,135.188,1980
263936353680902,0,0,56732,135.188,1980
263936403785985,0,0,56732,135.314,1980
263936453891202,0,0,56732,135.314,1980
263936503996583,0,0,56732,135.341,1980
263936554106677,0,0,56732,135.341,1980
263936604211701,0,0,56732,135.198,1980
263936654318762,0,0,56732,135.198,1980
263936704424953,0,0,56732,135.176,1980
263936754529094,0,0,56732,135.176,1980
263936804631215,0,0,56732,135.281,1980
263936854736918,0,0,56732,135.281,1980
263936904842427,0,0,56732,135.352,1980
263936954947960,0,0,56732,135.352,1980
263937294789762,0,0,56732,135.338,1980
263942648378113,0,0,56732,134.993,1980
263943964073700,0,0,56732,134.986,1980
263944024332034,0,0,56732,134.898,1980
263944089643600,0,0,56732,134.786,1980
263944160012291,0,0,56732,134.786,1980
263944229518989,0,0,56732,134.904,1980
263944299896685,0,0,56732,135.044,1980
263944360441339,0,0,56732,135.044,1980
263944430820018,0,0,56732,134.956,1980
263944491076968,0,0,56732,134.823,1980
263944558169811,0,0,56732,134.823,1980
263944632756347,0,0,56732,134.875,1980
263944700149257,0,0,56732,135.034,1980
263944765818500,0,0,56732,135.034,1980
263944831128975,0,0,56732,134.98,1980
263944897485135,0,0,56732,134.829,1980
263944957895952,0,0,56732,134.829,1980
263945023206350,0,0,56732,134.874,1980
263945099154844,0,0,56732,135.027,1980
263945164476799,0,0,56732,135.027,1980
263945514812243,0,0,56732,134.995,1980
263945566870355,0,0,56732,134.995,1980
263945617065611,0,0,56732,134.975,1980
263945668871187,0,0,56732,151.298,1980
263945720056654,54,25,56732,151.298,1980
263945771255055,54,25,56732,170.897,1980
263945821642960,54,25,56732,170.897,1980
263945871795426,74,36,56732,190.512,1980
263945922682334,74,36,56732,190.512,1980
263945973321339,74,36,56732,209.781,1980
263946023447106,74,36,56732,209.781,1980
263946073621299,96,47,56732,233.922,1980
263946123890017,96,47,56732,233.922,1980
263946174047444,96,47,56732,256.034,1980
263946224213088,96,47,56732,256.034,1980
263946274361977,100,50,56732,274.739,1980
263946325120598,100,50,56732,274.739,1980
263946375227060,100,50,56732,295.615,1980
263946425331578,100,50,56732,295.615,1980
263946475433852,97,48,56732,335.937,1980
263946525536723,97,48,56732,335.937,1980
263946575638722,97,48,56732,388.424,1980
263946625744327,97,48,56732,388.424,1980
263946675854917,90,43,56732,415.968,1980
263946725959986,90,43,56732,415.968,1980
263946776062089,90,43,56732,433.091,1980
263946826165995,90,43,56732,433.091,1980
263946876303043,95,54,56732,450.548,1980
263946926407398,95,54,56732,450.548,1980
263946976508312,95,54,56732,465.629,1980
263947026611000,95,54,56732,465.629,1980
263947076712925,95,53,56732,482.609,1980
263947126813831,95,53,56732,482.609,1980
263947176916940,95,53,56732,497.369,1980
263947227021513,95,53,56732,497.369,1980
263947277124645,95,53,56732,518.138,1980
263947327232435,95,53,56732,518.138,1980
263947377347327,95,53,56732,535.321,1980
263947427450573,95,53,56732,535.321,1980
263947477555703,96,54,56732,527.016,1980
263947527659893,96,54,56732,527.016,1980
263947577837708,96,54,56732,513.025,1980
263947627977514,96,54,56732,513.025,1980
263947679146875,35,27,56732,488.39,1980
263947730529782,35,27,56732,488.39,1980
263947781791298,35,27,56732,473.263,1980
263947832076674,35,27,56732,473.263,1980
263947882996153,74,36,56732,456.456,1980
263947933109207,74,36,56732,456.456,1980
263947983275239,74,36,56732,438.719,1980
263948033985193,74,36,56732,438.719,1980
263948084318629,92,45,56732,423.45,1980
263948134465557,92,45,56732,423.45,1980
263948184639086,92,45,56732,404.117,1980
263948234873647,92,45,56732,404.117,1980
263948285031224,100,50,56732,392.439,1980
263948335138594,100,50,56732,392.439,1980
263948386661263,100,50,56732,369.743,1980
263948436784851,100,50,56732,369.743,1980
263948486890496,79,40,56732,371.68,1980
263948537006606,79,40,56732,371.68,1980
263948587109096,79,40,56732,379.789,1980
263948637220679,79,40,56732,379.789,1980
263948687322295,98,50,56732,408.607,1980
263948737434844,98,50,56732,408.607,1980
263948787537581,98,50,56732,433.593,1980
263948837642076,98,50,56732,433.593,1980
263948887745849,96,52,56732,451.956,1980
263948937849053,96,52,56732,451.956,1980
263948987961037,96,52,56732,471.714,1980
263949038064610,96,52,56732,471.714,1980
263949088165371,95,54,56732,494.241,1980
263949138267814,95,54,56732,494.241,1980
263949188369310,95,54,56732,516.587,1980
263949238483164,95,54,56732,516.587,1980
263949288594830,97,53,56732,538.506,1980
263949338696970,97,53,56732,538.506,1980
263949388798126,97,53,56732,556.573,1980
263949438900585,97,53,56732,556.573,1980
263949489006666,96,53,56732,567.977,1980
263949539108375,96,53,56732,567.977,1980
263949589214240,96,53,56732,561.757,1980
263949639319991,96,53,56732,561.757,1980
263949689422347,96,53,56732,555.181,1980
263949739523731,96,53,56732,555.181,1980
263949789625779,96,53,56732,554.538,1980
263949840788766,96,53,56732,554.538,1980
263949890936391,42,28,56732,528.146,1980
263949941759190,42,28,56732,528.146,1980
263949993320802,42,28,56732,505.4,1980
263950043710257,42,28,56732,505.4,1980
263950093838483,71,35,56732,481.702,1980
263950144508857,71,35,56732,481.702,1980
263950194615768,71,35,56732,464.695,1980
263950245050343,71,35,56732,464.695,1980
263950295212193,82,40,56732,443.565,1980
263950345374764,82,40,56732,443.565,1980
263950395621349,82,40,56732,421.6,1980
263950446156892,82,40,56732,421.6,1980
263950496317431,98,48,56732,400.553,1980
263950546840919,98,48,56732,400.553,1980
263950596951915,98,48,56732,382.5,1980
263950647071980,98,48,56732,382.5,1980
263950697177397,78,38,56732,369.739,1980
263950747286734,78,38,56732,369.739,1980
263950797389045,78,38,56732,374.216,1980
263950847497466,78,38,56732,374.216,1980
263950897606961,97,47,56732,406.404,1980
263950947711613,97,47,56732,406.404,1980
263950997810224,97,47,56732,429.758,1980
263951049006019,97,47,56732,429.758,1980
263951099109163,94,50,56732,450.673,1980
263951149211406,94,50,56732,450.673,1980
263951199311612,94,50,56732,475.653,1980
263951249414920,94,50,56732,475.653,1980
263951299607028,95,52,56732,495.504,1980
263951349707753,95,52,56732,495.504,1980
263951399808206,95,52,56732,519.404,1980
263951449911213,95,52,56732,519.404,1980
263951500022096,96,51,56732,536.504,1980
263951550123580,96,51,56732,536.504,1980
263951600220901,96,51,56732,557.854,1980
263951650322429,96,51,56732,557.854,1980
263951700419408,98,53,56732,580.28,1980
263951750550210,98,53,56732,580.28,1980
263951800670182,98,53,56732,573.085,1980
263951850768255,98,53,56732,573.085,1980
263951900866657,95,52,56732,568.819,1980
263951951071594,95,52,56732,568.819,1980
263952001255940,95,52,56732,562.069,1980
263952052552631,95,52,56732,562.069,1980
263952102697873,37,17,56732,533.211,1980
263952153309166,37,17,56732,533.211,1980
263952204582757,37,17,56732,507.504,1980
263952254713805,37,17,56732,507.504,1980
263952304858330,72,35,56732,486.631,1980
263952355609658,72,35,56732,486.631,1980
263952406320920,72,35,56732,464.725,1980
263952457060477,72,35,56732,464.725,1980
263952507194823,92,45,56732,441.114,1980
263952557580233,92,45,56732,441.114,1980
263952607693284,92,45,56732,419.755,1980
263952657799513,92,45,56732,419.755,1980
263952707921693,100,50,56732,399.07,1980
263952758724974,100,50,56732,399.07,1980
263952808875515,100,50,56732,371.061,1980
263952858979619,100,50,56732,371.061,1980
263952909087145,83,42,56732,376.356,1980
263952959190763,83,42,56732,376.356,1980
263953009295812,83,42,56732,383.353,1980
263953061386693,83,42,56732,383.353,1980
263953111515878,98,49,56732,418.293,1980
263953161628406,98,49,56732,418.293,1980
263953211735577,98,49,56732,442.55,1980
263953261840940,98,49,56732,442.55,1980
263953311960688,94,51,56732,467.225,1980
263953362066878,94,51,56732,467.225,1980
263953412172160,94,51,56732,489.45,1980
263953462277594,94,51,56732,489.45,1980
263953512383911,96,52,56732,508.164,1980
263953562488718,96,52,56732,508.164,1980
263953612589108,96,52,56732,521.646,1980
263953662691344,96,52,56732,521.646,1980
263953712798085,98,54,56732,543.163,1980
263953762902228,98,54,56732,543.163,1980
263953813012526,98,54,56732,562.242,1980
263953863119501,98,54,56732,562.242,1980
263953913222759,95,53,56732,562.211,1980
263953963328944,95,53,56732,562.211,1980
263954013428051,95,53,56732,554.782,1980
263954063529803,95,53,56732,554.782,1980
263954113648105,94,59,56732,544.735,1980
263954163765462,94,59,56732,544.735,1980
263954215158279,94,59,56732,516.659,1980
263954265266891,94,59,56732,516.659,1980
263954315714492,70,34,56732,490.989,1980
263954365825695,70,34,56732,490.989,1980
263954416487610,70,34,56732,467.026,1980
263954466638291,70,34,56732,467.026,1980
263954516781663,80,38,56732,451.209,1980
263954567058073,80,38,56732,451.209,1980
263954617165442,80,38,56732,430.613,1980
263954667276989,80,38,56732,430.613,1980
263954717627858,100,49,56732,408.779,1980
263954767740368,100,49,56732,408.779,1980
263954817855239,100,49,56732,385.71,1980
263954872687087,100,49,56732,370.875,1980
263954922793669,100,50,56732,370.875,1980
263954972897885,100,50,56732,364.741,1980
263955023013678,100,50,56732,364.741,1980
263955073118732,97,53,56732,375.414,1980
263955123224713,97,53,56732,375.414,1980
263955173327422,97,53,56732,406.381,1980
263955223430595,97,53,56732,406.381,1980
263955273534646,89,47,56732,432.618,1980
263955323639700,89,47,56732,432.618,1980
263955373743905,89,47,56732,453.832,1980
263955423848813,89,47,56732,453.832,1980
263955473950423,98,57,56732,480.249,1980
263955524053494,98,57,56732,480.249,1980
263955574155179,98,57,56732,499.394,1980
263955624256549,98,57,56732,499.394,1980
263955674366686,96,55,56732,518.222,1980
263955724468084,96,55,56732,518.222,1980
263955774594675,96,55,56732,544.579,1980
263955824702112,96,55,56732,544.579,1980
263955874802260,98,57,56732,576.777,1980
263955924903466,98,57,56732,576.777,1980
263955975006424,98,57,56732,586.731,1980
263956025110863,98,57,56732,586.731,1980
263956075217419,97,55,56732,579.126,1980
263956125318932,97,55,56732,579.126,1980
263956175420930,97,55,56732,574.031,1980
263956225523628,97,55,56732,574.031,1980
263956275621006,98,57,56732,575.233,1980
263956325725033,98,57,56732,575.233,1980
263956375854174,98,57,56732,555.484,1980
263956427078240,98,57,56732,555.484,1980
263956477183269,67,32,56732,528.425,1980
263956527371791,67,32,56732,528.425,1980
263956577532217,67,32,56732,504.274,1980
263956628242515,67,32,56732,504.274,1980
263956678930473,79,38,56732,485.856,1980
263956729288020,79,38,56732,485.856,1980
263956779954085,79,38,56732,462.38,1980
263956830074584,79,38,56732,462.38,1980
263956880315792,99,49,56732,441.52,1980
263956930430790,99,49,56732,441.52,1980
263956980532953,99,49,56732,419.42,1980
263957030669772,99,49,56732,419.42,1980
263957080772393,100,50,56732,396.746,1980
263957130894099,100,50,56732,396.746,1980
263957180994532,100,50,56732,381.847,1980
263957231102502,100,50,56732,381.847,1980
263957281209634,98,48,56732,386.962,1980
263957331312222,98,48,56732,386.962,1980
263957381413881,98,48,56732,406.642,1980
263957431523612,98,48,56732,406.642,1980
263957481634687,87,45,56732,432.421,1980
263957531734328,87,45,56732,432.421,1980
263957581846791,87,45,56732,454.014,1980
263957631951118,87,45,56732,454.014,1980
263957682053034,94,53,56732,475.415,1980
263957732154329,94,53,56732,475.415,1980
263957782262961,94,53,56732,493.909,1980
263957832365020,94,53,56732,493.909,1980
263957882475329,94,53,56732,513.164,1980
263957932585762,94,53,56732,513.164,1980
263957982690003,94,53,56732,530.648,1980
263958032798446,94,53,56732,530.648,1980
263958082902336,94,52,56732,552.045,1980
263958133014292,94,52,56732,552.045,1980
263958183133753,94,52,56732,561.757,1980
263958233630651,94,52,56732,561.757,1980
263958283736804,94,53,56732,554.313,1980
263958333841048,94,53,56732,554.313,1980
263958383999212,94,53,56732,544.695,1980
