t_ns,util_gpu_pct,util_mem_pct,mem_used_mib,power_w,sm_clock_mhz
266557775625588,0,0,962,120.447,1980
266557829806859,0,0,962,120.447,1980
266557884121303,0,0,964,125.543,1980
266557934338042,0,0,6852,125.543,1980
266557984583919,0,0,6852,130.648,1980
266558034836040,0,0,6852,130.648,1980
266558084985455,3,0,6852,135.814,1980
266558135126273,3,0,6852,135.814,1980
266558185308317,3,0,6852,141.695,1980
266558235496849,3,0,6852,141.695,1980
266558285692461,11,0,6852,146.959,1980
266558335889046,11,0,6852,146.959,1980
266558386104798,11,0,6852,152.251,1980
266558436338614,11,0,6852,152.251,1980
266558486563395,13,0,6852,156.533,1980
266558536776052,13,0,6852,156.533,1980
266558587777492,13,0,6852,159.076,1980
266558637975931,13,0,6852,159.076,1980
266558688174114,13,0,6852,158.998,1980
266558738397300,13,0,6852,158.998,1980
266558788600041,13,0,6852,159.124,1980
266558838806109,13,0,6852,159.124,1980
266558889026863,12,0,6852,159.222,1980
266558939249822,12,0,6852,159.222,1980
266559025794572,12,0,6872,159.323,1980
266559165223443,10,0,6872,159.125,1980
266559317787506,0,0,6872,159.015,1980
266559586462067,0,0,6872,158.728,1980
266559637757927,0,0,6872,158.728,1980
266559687876357,0,0,6970,158.614,1980
266559737996021,0,0,6970,158.614,1980
266559788115284,0,0,7022,158.548,1980
266559838237246,0,0,7022,158.548,1980
266559888358183,3,0,7022,158.498,1980
266559938467381,3,0,7022,158.498,1980
266559988572806,3,0,7022,158.432,1980
266560038674494,3,0,7022,158.432,1980
266560088775297,0,0,7022,158.435,1980
266560138880144,0,0,7022,158.435,1980
266560188981457,0,0,7022,158.461,1980
266560239120905,0,0,7022,158.461,1980
266560289267362,0,0,7094,158.474,1980
266560339391038,0,0,7146,158.474,1980
266560389517964,0,0,7244,158.552,1980
266560439634341,0,0,7298,158.552,1980
266560489747059,1,0,10370,159.122,1980
266560539864052,1,0,11730,159.122,1980
266560589979463,1,0,11730,199.093,1980
266560640054135,1,0,11730,199.093,1980
266560690168395,75,50,11730,204.746,1980
266560740290085,75,50,11730,204.746,1980
266560790413545,75,50,11732,219.491,1980
266560840523914,75,50,11732,219.491,1980
266560890653291,72,38,11732,236.213,1980
266560940779069,72,38,11732,236.213,1980
266560990903057,72,38,11732,255.394,1980
266561041018803,72,38,11732,255.394,1980
266561091133873,73,40,11732,272.987,1980
266561141242073,73,40,11732,272.987,1980
266561191355647,73,40,11732,291.958,1980
266561241469354,73,40,11732,291.958,1980
266561291576290,75,41,11732,310.225,1980
266561341678434,75,41,11732,310.225,1980
266561391791675,75,41,11732,327.673,1980
266561441895196,75,41,11732,327.673,1980
266561492003989,76,43,11732,345.458,1980
266561542111856,76,43,11732,345.458,1980
266561592215760,76,43,11732,327.613,1980
266561642317216,76,43,11732,327.613,1980
266561692432708,77,44,11732,337.963,1980
266561742550845,77,44,11732,337.963,1980
266561792662850,77,44,11732,343.604,1980
266561842798064,77,44,11732,343.604,1980
266561892905722,78,45,11732,346.482,1980
266561943027971,78,45,11732,346.482,1980
266561993134372,78,45,11732,348.116,1980
266562043244767,78,45,11732,348.116,1980
266562093357287,79,46,11732,351.02,1980
266562143466730,79,46,11732,351.02,1980
266562193580995,79,46,11732,352.377,1980
266562243705926,79,46,11732,352.377,1980
266562293840408,80,47,11732,353.586,1980
266562343945458,80,47,11732,353.586,1980
266562394044600,80,47,11732,357.748,1980
266562444167466,80,47,11732,357.748,1980
266562494288657,81,49,11732,361.163,1980
266562544392558,81,49,11732,361.163,1980
266562594495857,81,49,11732,363.495,1980
266562644620669,81,49,11732,363.495,1980
266562694730134,83,50,11732,367.02,1980
266562744835380,83,50,11732,367.02,1980
266562794939267,83,50,11732,368.782,1980
266562845071515,83,50,11732,368.782,1980
266562895174002,84,52,11732,372.518,1980
266562945277351,84,52,11732,372.518,1980
266562995387745,84,52,11732,374.941,1980
266563045498608,84,52,11732,374.941,1980
266563095628101,85,53,11732,378.205,1980
266563145760645,85,53,11732,378.205,1980
266563195876306,85,53,11732,380.651,1980
266563245992205,85,53,11732,380.651,1980
266563296046419,86,54,11732,384.586,1980
266563346152244,86,54,11732,384.586,1980
266563396264651,86,54,11732,387.554,1980
266563446371355,86,54,11732,387.554,1980
266563496482017,89,55,11732,390.014,1980
266563546588614,89,55,11732,390.014,1980
266563596694608,89,55,11732,393.098,1980
266563646810610,89,55,11732,393.098,1980
266563696927308,90,56,11732,395.287,1980
266563747060875,90,56,11732,395.287,1980
266563797163214,90,56,11732,398.12,1980
266563847276984,90,56,11732,398.12,1980
266563897382403,90,57,11732,399.946,1980
266563947492952,90,57,11732,399.946,1980
266563997608328,90,57,11732,403.53,1980
266564047722907,90,57,11732,403.53,1980
266564097853941,91,58,11732,405.003,1980
266564147966684,91,58,11732,405.003,1980
266564198053845,91,58,11732,408.719,1980
266564248180202,91,58,11732,408.719,1980
266564298284488,92,59,11732,411.488,1980
266564348385835,92,59,11732,411.488,1980
266564398494563,92,59,12178,414.461,1980
266564448600294,92,59,12178,414.461,1980
266564498708973,93,60,12178,417.404,1980
266564548815784,93,60,12178,417.404,1980
266564598941354,93,60,12178,420.484,1980
266564649066316,93,60,12178,420.484,1980
266564699182866,93,61,12178,421.924,1980
266564749292337,93,61,12178,421.924,1980
266564799401688,93,61,12178,424.654,1980
266564849510082,93,61,12178,424.654,1980
266564899624066,94,62,12178,427.0,1980
266564949742202,94,62,12178,427.0,1980
266564999847536,94,62,12178,429.286,1980
266565049976392,94,62,12178,429.286,1980
266565100047133,94,62,12178,433.01,1980
266565150159363,94,62,12178,433.01,1980
266565200275982,94,62,12178,435.041,1980
266565250397260,94,62,12178,435.041,1980
266565300504950,95,63,12178,437.506,1980
266565350607921,95,63,12178,437.506,1980
266565400719266,95,63,12178,438.085,1980
266565450831327,95,63,12178,438.085,1980
266565500949555,95,63,12178,439.461,1980
266565551072008,95,63,12178,439.461,1980
266565601190292,95,63,12178,440.368,1980
266565651300097,95,63,12178,440.368,1980
266565701411458,95,63,12178,442.15,1980
266565751518079,95,63,12178,442.15,1980
266565801632378,95,63,12178,444.986,1980
266565851737514,95,63,12178,444.986,1980
266565901853686,96,64,12178,446.689,1980
266565951969965,96,64,12178,446.689,1980
266566002046051,96,64,12178,447.711,1980
266566052150679,96,64,12178,447.711,1980
266566102264593,95,64,12178,448.494,1980
266566152376834,95,64,12178,448.494,1980
266566202488072,95,64,12178,447.531,1980
266566252600748,95,64,12178,447.531,1980
266566302715279,96,65,12178,448.45,1980
266566353786316,96,65,12180,448.45,1980
266566403907740,96,65,14316,442.748,1980
266566454016860,96,65,22730,442.748,1980
266566504124019,62,41,25174,431.638,1980
266566554230033,62,41,25174,431.638,1980
266566604338635,62,41,25174,422.573,1980
266566654441541,62,41,31228,422.573,1980
266566704548133,62,34,31228,436.17,1980
266566754653958,62,34,31228,436.17,1980
266566804764227,62,34,31228,448.52,1980
266566854871435,62,34,31228,448.52,1980
266566904982280,96,54,31228,461.728,1980
266566955084336,96,54,31228,461.728,1980
266567005190539,96,54,31228,472.839,1980
266567055295609,96,54,31228,472.839,1980
266567105406860,97,54,31228,490.179,1980
266567155512095,97,54,31228,490.179,1980
266567205612370,97,54,31228,506.753,1980
266567255719870,97,54,31228,506.753,1980
266567305821289,97,54,31228,519.149,1980
266567355927197,97,54,31228,519.149,1980
266567406033264,97,54,31228,539.748,1980
266567456137488,97,54,31228,539.748,1980
266567506249742,96,54,31228,556.107,1980
266567556358284,96,54,31228,556.107,1980
266567606468373,96,54,31228,546.847,1980
266567656574579,96,54,31228,546.847,1980
266567706687898,38,32,31228,546.825,1980
266567756790853,38,32,31228,546.825,1980
266567806903459,38,32,31228,520.777,1980
266567857016600,38,32,31228,520.777,1980
266567907126651,66,36,31230,497.786,1980
266567957238997,66,36,31230,497.786,1980
266568007364816,66,36,31230,472.281,1980
266568057495572,66,36,31230,472.281,1980
266568107604713,69,37,31230,443.261,1980
266568157760310,69,37,31230,443.261,1980
266568207867723,69,37,31230,415.76,1980
266568258095187,69,37,31230,415.76,1980
266568308211115,71,38,31230,390.66,1980
266568358317242,71,38,31230,390.66,1980
266568408435707,71,38,31230,370.731,1980
266568458559858,71,38,31230,370.731,1980
266568508676793,72,40,31230,351.736,1980
266568558793635,72,40,31230,351.736,1980
266568608906527,72,40,31230,356.925,1980
266568659025858,72,40,31230,356.925,1980
266568709129241,73,41,31230,337.734,1980
266568759243449,73,41,31230,337.734,1980
266568809357697,73,41,31230,339.458,1980
266568859465516,73,41,31230,339.458,1980
266568909584918,74,42,31230,341.504,1980
266568959702994,74,42,31230,341.504,1980
266569009821976,74,42,31230,344.383,1980
266569059927987,74,42,31230,344.383,1980
266569110057323,75,43,31230,346.211,1980
266569160163880,75,43,31230,346.211,1980
266569210278907,75,43,31230,351.401,1980
266569260409614,75,43,31230,351.401,1980
266569310519658,76,44,31230,353.756,1980
266569360723518,76,44,31230,353.756,1980
266569410833327,76,44,31230,357.286,1980
266569460949833,76,44,31230,357.286,1980
266569511045159,77,45,31230,358.79,1980
266569561145885,77,45,31230,358.79,1980
266569611251401,77,45,31230,361.855,1980
266569661363857,78,46,31230,364.049,1980
266569711478126,78,46,31230,364.049,1980
266569761592347,78,46,31230,367.313,1980
266569811698441,78,46,31230,367.313,1980
266569861808091,79,48,31230,368.288,1980
266569911918189,79,48,31230,368.288,1980
266569962048711,79,48,31230,369.907,1980
266570012156191,79,48,31230,369.907,1980
266570062268903,80,49,31230,373.776,1980
266570112411474,80,49,31230,373.776,1980
266570162521382,80,49,31230,374.184,1980
266570212641037,80,49,31230,374.184,1980
266570262746458,82,50,31230,376.824,1980
266570312866066,82,50,31230,376.824,1980
266570362974131,82,50,31230,378.425,1980
266570413094942,82,50,31230,378.425,1980
266570463215509,84,52,31230,381.564,1980
266570513336117,84,52,31230,381.564,1980
266570563444583,84,52,31230,382.499,1980
266570613546270,84,52,31230,382.499,1980
266570663665526,85,53,31230,384.238,1980
266570713776943,85,53,31230,384.238,1980
266570763898802,85,53,31230,386.836,1980
266570814020111,85,53,31230,386.836,1980
266570864122484,88,54,31230,390.479,1980
266570914222398,88,54,31230,390.479,1980
266570964329519,88,54,31230,393.04,1980
266571014448827,88,54,31230,393.04,1980
266571064561958,89,55,31230,396.117,1980
266571114684091,89,55,31230,396.117,1980
266571164789213,89,55,31230,400.679,1980
266571214892369,89,55,31230,400.679,1980
266571265011153,90,57,31230,405.062,1980
266571315127009,90,57,31230,405.062,1980
266571365235873,90,57,31230,408.332,1980
266571415348506,90,57,31230,408.332,1980
266571465458942,91,58,31230,413.46,1980
266571515581021,91,58,31230,413.46,1980
266571565688211,91,58,31230,415.124,1980
266571615818803,91,58,31230,415.124,1980
266571665921248,92,59,31230,419.695,1980
266571716037771,92,59,31230,419.695,1980
266571766163921,92,59,31230,423.277,1980
266571816263914,92,59,31230,423.277,1980
266571866392822,93,60,31230,426.366,1980
266571916515270,93,60,31230,426.366,1980
266571966629827,93,60,31230,429.004,1980
266572016751217,93,60,31230,429.004,1980
266572066940560,94,61,31230,430.194,1980
266572117043875,94,61,31230,430.194,1980
266572167160822,94,61,31230,431.283,1980
266572217263455,94,61,31230,431.283,1980
266572267366619,94,61,31230,431.814,1980
266572317478904,94,61,31230,431.814,1980
266572367583480,94,61,31230,433.991,1980
266572417698958,94,61,31230,433.991,1980
266572467812463,94,62,31230,435.702,1980
266572517938205,94,62,31230,435.702,1980
266572568043906,94,62,31230,439.916,1980
266572618160693,94,62,31230,439.916,1980
266572668284128,94,62,31230,440.933,1980
266572718393014,94,62,31230,440.933,1980
266572768509467,94,62,31230,442.5,1980
266572818616036,94,62,31230,442.5,1980
266572868724785,95,63,31230,443.419,1980
266572918827425,95,63,31230,443.419,1980
266572968942229,95,63,31230,445.696,1980
266573019047705,95,63,31230,445.696,1980
266573069162481,95,64,31230,447.996,1980
266573119270970,95,64,31230,447.996,1980
266573169375976,95,64,31230,450.58,1980
266573219494274,95,64,31230,450.58,1980
266573269603933,96,64,31230,450.884,1980
266573319730159,96,64,31230,450.884,1980
266573369841447,96,64,31230,452.853,1980
266573419952298,96,64,31230,452.853,1980
266573470046902,96,65,36832,450.552,1980
266573520152298,96,65,36832,450.552,1980
266573570254126,96,65,42642,461.91,1980
266573620354796,96,65,42642,461.91,1980
266573670456498,95,51,42642,477.003,1980
266573720558884,95,51,42642,477.003,1980
266573770678811,95,51,42642,493.661,1980
266573820789516,95,51,42642,493.661,1980
266573870895088,96,55,42642,509.208,1980
266573921007904,96,55,42642,509.208,1980
266573971109742,96,55,42642,527.505,1980
266574021211125,96,55,42642,527.505,1980
266574071316253,96,54,42642,541.568,1980
266574121421661,96,54,42642,541.568,1980
266574171534252,96,54,42642,552.361,1980
266574221634995,96,54,42642,552.361,1980
266574271736977,96,54,42642,563.873,1980
266574321841908,96,54,42642,563.873,1980
266574374536845,96,54,42642,576.508,1980
266574424643636,96,54,42642,576.508,1980
266574474749413,97,65,42642,583.922,1980
266574524854333,97,65,42642,583.922,1980
266574574957411,97,65,42642,576.963,1980
266574625079978,97,65,42642,576.963,1980
266574675191680,77,44,42642,552.27,1980
266574725301661,77,44,42642,552.27,1980
266574775417613,77,44,42642,524.918,1980
266574825534217,77,44,42642,524.918,1980
266574875645709,73,41,42642,499.861,1980
266574925753004,73,41,42642,499.861,1980
266574975862415,73,41,42642,473.849,1980
266575025964070,73,41,42642,473.849,1980
266575076059864,73,42,42642,446.254,1980
266575126175123,73,42,42642,446.254,1980
266575176297838,73,42,42642,427.456,1980
266575226430473,73,42,42642,427.456,1980
266575276531175,75,43,42642,401.226,1980
266575326634385,75,43,42642,401.226,1980
266575376736479,75,43,42642,379.373,1980
266575426843811,75,43,42642,379.373,1980
266575476955566,76,44,42642,373.131,1980
266575527049012,76,44,42642,373.131,1980
266575577155731,76,44,42642,352.622,1980
266575627288102,76,44,42642,352.622,1980
266575677443084,77,45,42642,354.593,1980
266575727565650,77,45,42642,354.593,1980
266575777677944,77,45,42642,358.614,1980
266575827781793,77,45,42642,358.614,1980
266575877945011,78,46,42642,361.976,1980
266575928059092,78,46,42642,361.976,1980
266575978161760,78,46,42642,363.078,1980
266576028284346,78,46,42642,363.078,1980
266576078447405,80,48,42642,367.121,1980
266576128580052,80,48,42642,367.121,1980
266576178693029,80,48,42642,368.867,1980
266576228798598,80,48,42642,368.867,1980
266576278931682,81,49,42642,370.759,1980
266576329047386,81,49,42642,370.759,1980
266576379151721,81,49,42642,372.852,1980
266576429294233,81,49,42642,372.852,1980
266576479456964,82,50,42642,377.286,1980
266576529562630,82,50,42642,377.286,1980
266576583142070,82,50,42642,381.621,1980
266576633283751,82,50,42642,381.621,1980
266576683393933,84,52,42642,385.483,1980
266576733735652,84,52,42642,385.483,1980
266576783845257,84,52,42642,389.136,1980
266576833991573,84,52,42642,389.136,1980
266576884057878,84,53,42642,392.692,1980
266576934164739,84,53,42642,392.692,1980
266576984286588,84,53,42642,397.128,1980
266577034393795,84,53,42642,397.128,1980
266577084525970,87,54,42642,398.524,1980
266577134636348,87,54,42642,398.524,1980
266577184758825,87,54,42642,402.708,1980
266577234865019,87,54,42642,402.708,1980
266577284973801,88,55,42642,406.1,1980
266577335044989,88,55,42642,406.1,1980
266577385163352,88,55,42642,409.289,1980
266577435271873,88,55,42642,409.289,1980
266577485375546,90,56,42642,412.504,1980
266577535485237,90,56,42642,412.504,1980
266577585606874,90,56,42642,413.157,1980
266577635722027,90,56,42642,413.157,1980
266577685829993,91,57,42642,414.822,1980
266577735952200,91,57,42642,414.822,1980
266577786055171,91,57,42642,414.666,1980
266577836180078,91,57,42642,414.666,1980
266577886289934,92,59,42642,416.588,1980
266577936399823,92,59,42642,416.588,1980
266577986537583,92,59,42642,419.827,1980
266578036650315,92,59,42642,419.827,1980
266578086826284,93,61,42642,424.562,1980
266578136941470,93,61,42642,424.562,1980
266578187059791,93,61,42642,426.162,1980
266578237207743,93,61,42642,426.162,1980
266578287312541,94,61,42642,430.131,1980
266578337413600,94,61,42642,430.131,1980
266578387531582,94,61,42642,431.049,1980
266578437635186,94,61,42642,431.049,1980
266578487744073,95,62,42642,433.86,1980
266578537847031,95,62,42642,433.86,1980
266578587955927,95,62,42642,436.938,1980
266578638046328,95,62,42642,436.938,1980
266578688171657,95,63,42642,440.585,1980
266578738337277,95,63,42642,440.585,1980
266578788444560,95,63,42642,442.964,1980
266578838547276,95,63,42642,442.964,1980
266578888667247,95,63,42642,444.63,1980
266578938771347,95,63,42642,444.63,1980
266578988892347,95,63,42642,446.144,1980
266579039012757,95,63,42642,446.144,1980
266579089124531,94,63,42642,447.424,1980
266579139231462,94,63,42642,447.424,1980
266579189344331,94,63,42642,448.079,1980
266579239450014,94,63,42642,448.079,1980
266579289554848,96,64,42642,449.727,1980
266579339659691,96,64,42642,449.727,1980
266579389761967,96,64,42642,451.048,1980
266579439879167,96,64,42642,451.048,1980
266579489986432,95,64,42642,452.051,1980
266579540053619,95,64,42642,452.051,1980
266579590160536,95,64,42642,452.916,1980
266579640275655,95,64,42642,452.916,1980
266579690384307,96,65,42642,453.524,1980
266579740501529,96,65,42642,453.524,1980
266579790606649,96,65,42642,456.062,1980
266579840727244,96,65,42642,456.062,1980
266579890840390,95,64,42642,457.098,1980
266579940951693,95,64,42642,457.098,1980
266579991074188,95,64,42642,457.056,1980
266580041185030,95,64,42642,457.056,1980
266580091300280,96,64,42642,458.849,1980
266580141412489,96,64,42642,458.849,1980
266580191521376,96,64,42642,461.571,1980
266580241633165,96,64,42642,461.571,1980
266580291833626,96,65,42642,460.317,1980
266580341943835,96,65,42642,460.317,1980
266580392051449,96,65,42642,459.279,1980
266580442174265,96,65,42642,459.279,1980
266580492274326,69,40,42642,472.318,1980
266580542375560,69,40,42642,472.318,1980
266580592479261,69,40,42642,486.11,1980
266580642583513,69,40,42642,486.11,1980
266580692696273,96,55,42642,502.466,1980
266580742800563,96,55,42642,502.466,1980
266580792902073,96,55,42642,519.664,1980
266580843007981,96,55,42642,519.664,1980
266580893109876,96,55,42642,534.649,1980
266580943214670,96,55,42642,534.649,1980
266580993318871,96,55,42642,552.383,1980
266581043619014,96,55,42642,552.383,1980
266581094503643,96,55,42642,567.043,1980
266581144612264,96,55,42642,567.043,1980
266581194717758,96,55,42642,581.311,1980
266581244827869,96,55,42642,581.311,1980
266581294931168,96,56,42642,595.496,1980
266581345040431,96,56,42642,595.496,1980
266581395151912,96,56,42642,600.731,1980
266581445266502,96,56,42642,600.731,1980
266581495385967,62,49,42642,609.659,1980
266581545502756,62,49,42642,609.659,1980
266581595644503,62,49,42642,586.335,1980
266581645752715,62,49,42642,586.335,1980
266581695858997,74,43,42642,562.05,1980
266581745972057,74,43,42642,562.05,1980
266581796058559,74,43,42642,536.793,1980
266581846167300,74,43,42642,536.793,1980
266581896290722,76,44,42642,508.298,1980
266581946410362,76,44,42642,508.298,1980
266581996520885,76,44,42642,483.88,1980
266582046637186,76,44,42642,483.88,1980
266582096740161,78,46,42642,460.073,1980
266582146864581,78,46,42642,460.073,1980
266582196981117,78,46,42642,431.839,1980
266582247064203,78,46,42642,431.839,1980
266582297182864,79,47,42642,413.98,1980
266582347297999,79,47,42642,413.98,1980
266582397408848,79,47,42642,402.247,1980
266582447522245,79,47,42642,402.247,1980
266582497626078,81,49,42642,374.597,1980
266582547748445,81,49,42642,374.597,1980
266582597861605,81,49,42642,374.953,1980
266582647971907,81,49,42642,374.953,1980
266582698080783,81,49,42642,378.216,1980
266582748262412,81,49,42642,378.216,1980
266582798363622,81,49,42642,379.821,1980
266582848469669,81,49,42642,379.821,1980
266582898590332,82,51,42642,383.858,1980
266582948703816,82,51,42642,383.858,1980
266582998821892,82,51,42642,385.699,1980
266583048938798,82,51,42642,385.699,1980
266583099057560,83,52,42642,390.513,1980
266583149163603,83,52,42642,390.513,1980
266583199280137,83,52,42642,391.945,1980
266583249396159,83,52,42642,391.945,1980
266583299502410,86,53,42642,393.637,1980
266583349606796,86,53,42642,393.637,1980
266583399734260,86,53,42642,397.839,1980
266583449850142,86,53,42642,397.839,1980
266583499954615,88,55,42642,399.124,1980
266583550047031,88,55,42642,399.124,1980
266583600153779,88,55,42642,401.479,1980
266583650267052,88,55,42642,401.479,1980
266583700371802,89,56,42642,404.1,1980
266583750486651,89,56,42642,404.1,1980
266583800592055,89,56,42642,407.163,1980
266583850719826,89,56,42642,407.163,1980
266583900823861,90,57,42642,409.606,1980
266583950934274,90,57,42642,409.606,1980
266584001061148,90,57,42642,412.747,1980
266584051179932,90,57,42642,412.747,1980
266584101298916,91,58,42642,414.091,1980
266584151402334,91,58,42642,414.091,1980
266584201506741,91,58,42642,418.002,1980
266584251632414,91,58,42642,418.002,1980
266584301752710,92,59,42642,420.245,1980
266584351875944,92,59,42642,420.245,1980
266584401990989,92,59,42642,423.458,1980
266584452047658,92,59,42642,423.458,1980
266584502149475,94,61,42642,424.917,1980
266584552261325,94,61,42642,424.917,1980
266584602374446,94,61,42642,429.277,1980
266584652495352,94,61,42642,429.277,1980
266584702603433,94,61,42642,430.062,1980
266584752717592,94,61,42642,430.062,1980
266584802838784,94,61,42642,434.61,1980
266584852959629,94,61,42642,434.61,1980
266584903047179,95,62,42642,436.361,1980
266584953158680,95,62,42642,436.361,1980
266585003269229,95,62,42642,440.149,1980
266585053371274,95,62,42642,440.149,1980
266585103497917,94,62,42642,443.848,1980
266585153599513,94,62,42642,443.848,1980
266585203722000,94,62,42642,445.303,1980
266585253840368,94,62,42642,445.303,1980
266585303951653,95,63,42642,446.941,1980
266585354048215,95,63,42642,446.941,1980
266585404168794,95,63,42642,448.838,1980
266585454303035,95,63,42642,448.838,1980
266585504424661,95,64,42642,451.87,1980
266585554539422,95,64,42642,451.87,1980
266585604650296,95,64,42642,452.497,1980
266585654753252,95,64,42642,452.497,1980
266585704863976,94,63,42642,454.493,1980
266585754983152,94,63,42642,454.493,1980
266585805053820,94,63,42642,453.847,1980
266585855179168,94,63,42642,453.847,1980
266585905302181,95,64,42642,454.918,1980
266585955865400,95,64,42642,454.918,1980
266586005981177,95,64,42642,454.017,1980
266586056049260,95,64,42642,454.017,1980
266586106157376,95,65,42642,455.206,1980
266586156269204,95,65,42642,455.206,1980
266586206374282,95,65,42642,456.597,1980
266586256475766,95,65,42642,456.597,1980
266586306589746,96,64,42642,454.993,1980
266586356706282,96,64,42642,454.993,1980
266586406812002,96,64,42642,456.607,1980
266586456923592,96,64,42642,456.607,1980
266586507036245,96,64,42642,457.887,1980
266586557152642,96,64,42642,457.887,1980
266586607313420,96,64,42642,459.557,1980
266586657447444,96,64,42642,459.557,1980
266586707570195,96,65,42642,461.469,1980
266586757692051,96,65,42642,461.469,1980
266586807812707,96,65,42642,462.518,1980
266586857934785,96,65,42642,462.518,1980
266586908045024,96,66,42642,461.497,1980
266586958166345,96,66,42642,461.497,1980
266587008279572,96,66,42642,462.838,1980
266587058392907,96,66,42642,462.838,1980
266587108495786,96,65,42642,464.785,1980
266587158616270,96,65,42642,464.785,1980
266587208726790,96,65,42642,463.328,1980
266587258840095,96,65,42642,463.328,1980
266587308954166,96,66,42642,463.607,1980
266587359499454,96,66,42642,463.607,1980
266587409615653,96,66,42642,465.924,1980
266587459724119,96,66,42642,465.924,1980
266587509833935,88,48,42642,470.774,1980
266587559944289,88,48,43834,470.774,1980
266587610056867,88,48,43834,484.663,1980
266587660162688,88,48,43834,484.663,1980
266587710269287,96,54,43834,496.172,1980
266587760392159,96,54,43834,496.172,1980
266587810518454,96,54,43834,509.542,1980
266587860626849,96,54,43834,509.542,1980
266587910731683,99,57,43834,524.192,1980
266587960840886,99,57,43834,524.192,1980
266588010956658,99,57,43834,538.124,1980
266588061047075,99,57,43834,538.124,1980
266588111155364,96,56,43834,545.669,1980
266588161348747,96,56,43834,545.669,1980
266588211455426,96,56,43834,561.957,1980
266588261562060,96,56,43834,561.957,1980
266588311672976,96,57,43834,577.278,1980
266588361775277,96,57,43834,577.278,1980
266588411921943,96,57,43834,586.756,1980
266588462050249,96,57,43834,586.756,1980
266588512159516,53,42,43834,580.517,1980
266588562265671,53,42,43834,580.517,1980
266588612369459,53,42,43834,586.322,1920
266588662486635,53,42,43834,586.322,1920
266588712600408,73,41,43834,565.056,1965
266588762712900,73,41,43834,565.056,1965
266588812816556,73,41,43834,541.265,1965
266588862926223,73,41,43834,541.265,1965
266588913062221,74,42,43834,515.406,1965
266588963190523,74,42,43834,515.406,1965
266589013312798,74,42,43834,492.545,1980
266589063429361,74,42,43834,492.545,1980
266589113534537,76,43,43834,469.931,1980
266589163647110,76,43,43834,469.931,1980
266589213761428,76,43,43834,451.25,1980
266589263883346,76,43,43834,451.25,1980
266589313996703,77,45,43834,420.762,1980
266589364102238,77,45,43834,420.762,1980
266589414215250,77,45,43834,402.744,1980
266589464325570,77,45,43834,402.744,1980
266589514449921,78,46,43834,389.435,1980
266589564600329,78,46,43834,389.435,1980
266589614715651,78,46,43834,364.184,1980
266589664823128,78,46,43834,364.184,1980
266589714939456,80,47,43834,365.151,1980
266589765046055,80,47,43834,365.151,1980
266589815159484,80,47,43834,367.457,1980
266589865266393,80,47,43834,367.457,1980
266589915367509,81,48,43834,370.62,1980
266589965478598,81,48,43834,370.62,1980
266590015582521,81,48,43834,372.75,1980
266590065685817,81,48,43834,372.75,1980
266590115789648,81,49,43834,376.574,1980
266590165891683,81,49,43834,376.574,1980
266590215999193,81,49,43834,378.838,1980
266590266140704,81,49,43834,378.838,1980
266590316248360,82,50,43834,382.707,1980
266590366375038,82,50,43834,382.707,1980
266590416494795,82,50,43834,384.651,1980
266590466608430,82,50,43834,384.651,1980
266590516723822,83,51,43834,388.042,1980
266590566842451,83,51,43834,388.042,1980
266590616986367,83,51,43834,391.035,1980
266590667109405,83,51,43834,391.035,1980
266590717212449,84,52,43834,393.685,1980
266590767316543,84,52,43834,393.685,1980
266590817422834,84,52,43834,393.975,1980
266590867551300,84,52,43834,393.975,1980
266590917657851,87,54,43834,397.193,1980
266590967768997,87,54,43834,397.193,1980
266591017874620,87,54,43834,400.385,1980
266591067988374,87,54,43834,400.385,1980
266591118047910,88,55,43834,402.546,1980
266591168176588,88,55,43834,402.546,1980
266591218283165,88,55,43834,406.248,1980
266591268391151,88,55,43834,406.248,1980
266591318506545,89,56,43834,409.212,1980
266591368610876,89,56,43834,409.212,1980
266591418725302,89,56,43834,411.96,1980
266591468833253,89,56,43834,411.96,1980
266591518942218,91,58,43834,415.637,1980
266591569054555,91,58,43834,415.637,1980
266591619167757,91,58,43834,416.783,1980
266591669295910,91,58,43834,416.783,1980
266591719403849,92,59,43834,419.064,1980
266591769520625,92,59,43834,419.064,1980
266591819638756,92,59,43834,424.117,1980
266591869746745,92,59,43834,424.117,1980
266591919855170,93,60,43834,426.494,1980
266591969960706,93,60,43834,426.494,1980
266592020045255,93,60,43834,431.232,1980
266592070162695,93,60,43834,431.232,1980
266592120285333,94,61,43834,434.178,1980
266592170397988,94,61,43834,434.178,1980
266592220501622,94,61,43834,437.008,1980
266592270622881,94,61,43834,437.008,1980
266592320723370,94,62,43834,438.444,1980
266592370856932,94,62,43834,438.444,1980
266592420970845,94,62,43834,442.137,1980
266592471045745,94,62,43834,442.137,1980
266592521198361,95,63,43834,445.216,1980
266592571337073,95,63,43834,445.216,1980
266592621448308,95,63,43834,447.422,1980
266592671575288,95,63,43834,447.422,1980
266592721687232,94,63,43834,449.913,1980
266592771804994,94,63,43834,449.913,1980
266592821912457,94,63,43834,452.371,1980
266592872026637,94,63,43834,452.371,1980
266592922134172,95,64,43834,453.985,1980
266592972237286,95,64,43834,453.985,1980
266593022341318,95,64,43834,454.573,1980
266593072445243,95,64,43834,454.573,1980
266593122568983,95,64,43834,454.794,1980
266593172671739,95,64,43834,454.794,1980
266593222783998,95,64,43834,454.644,1980
266593272893147,95,64,43834,454.644,1980
266593323040362,95,65,43834,457.081,1980
266593373141792,95,65,43834,457.081,1980
266593423248812,95,65,43834,456.764,1980
266593473347314,95,65,43834,455.751,1980
266593523465250,96,65,43834,455.751,1980
266593573581105,96,65,43834,456.559,1980
266593623684088,96,65,43834,456.559,1980
266593673782213,96,65,43834,457.023,1980
266593723979668,96,64,43834,457.023,1980
266593774097959,96,64,43834,456.94,1980
266593824217938,96,64,43834,456.94,1980
266593874333494,96,64,43834,455.166,1980
266593924446133,96,64,43834,455.166,1980
266593974551879,96,64,43834,450.939,1980
266594024659770,96,64,43834,450.939,1980
266594074761084,96,65,43834,451.444,1980
266594124869848,96,65,43834,451.444,1980
266594174999783,96,65,43834,454.145,1980
266594225108774,96,65,43834,454.145,1980
266594275221084,96,65,43834,453.106,1980
266594325318780,96,65,43834,453.106,1980
266594375424733,96,65,43834,453.829,1980
266594425544157,96,65,43834,453.829,1980
266594475683009,80,48,43834,459.483,1980
266594525799511,80,48,43834,459.483,1980
266594575904056,80,48,43834,475.876,1980
266594626010685,80,48,43834,475.876,1980
266594676111841,96,57,43834,487.623,1980
266594726217181,96,57,43834,487.623,1980
266594776370584,96,57,43834,501.143,1980
266594826474946,96,57,43834,501.143,1980
266594876576256,96,55,43834,518.31,1980
266594926689357,96,55,43834,518.31,1980
266594976798722,96,55,43834,536.274,1980
266595026905889,96,55,43834,536.274,1980
266595077016138,97,54,43834,549.619,1980
266595127122085,97,54,43834,549.619,1980
266595177229884,97,54,43834,564.045,1980
266595227341130,97,54,43834,564.045,1980
266595277448956,99,56,43834,579.953,1980
266595327551784,99,56,43834,579.953,1980
266595377652728,99,56,43834,592.023,1980
266595427753414,99,56,43834,592.023,1980
266595477861662,66,49,43834,591.364,1980
266595527965504,66,49,43834,591.364,1980
266595578052562,66,49,43834,588.811,1980
266595628158747,66,49,43834,588.811,1980
266595678264070,71,38,43834,563.605,1980
266595728364125,71,38,43834,563.605,1980
266595778475313,71,38,43834,538.269,1980
266595828581027,71,38,43834,538.269,1980
266595878696879,72,39,43834,511.191,1980
266595928808721,72,39,43834,511.191,1980
266595978919669,72,39,43834,487.95,1980
266596029030657,72,39,43834,487.95,1980
266596079158838,73,40,43834,464.45,1980
266596129269398,73,40,43834,464.45,1980
266596179379359,73,40,43834,434.16,1980
266596229517825,73,40,43834,434.16,1980
266596279618332,74,42,43834,412.927,1980
266596329727789,74,42,43834,412.927,1980
266596379838204,74,42,43834,385.087,1980
266596429964858,74,42,43834,385.087,1980
266596480050924,74,42,43834,375.516,1980
266596530183036,74,42,43834,375.516,1980
266596580313001,74,42,43834,352.328,1980
266596630414378,74,42,43834,352.328,1980
266596680540887,76,44,43834,354.743,1980
266596730662563,76,44,43834,354.743,1980
266596780805612,76,44,43834,358.659,1980
266596830944676,76,44,43834,358.659,1980
266596881055880,77,45,43834,360.509,1980
266596931218544,77,45,43834,360.509,1980
266596981352730,77,45,43834,362.956,1980
266597031466487,77,45,43834,362.956,1980
266597081579089,78,46,43834,366.39,1980
266597131695037,78,46,43834,366.39,1980
266597181808687,78,46,43834,370.206,1980
266597231916468,78,46,43834,370.206,1980
266597282033744,79,47,43834,371.475,1980
266597332137282,79,47,43834,371.475,1980
266597382249141,79,47,43834,372.464,1980
266597432355117,79,47,43834,372.464,1980
266597482455372,80,49,43834,373.245,1980
266597532561942,80,49,43834,373.245,1980
266597582667982,80,49,43834,375.596,1980
266597632805696,80,49,43834,375.596,1980
266597682912398,82,50,43834,377.933,1980
266597733026179,82,50,43834,377.933,1980
266597783129917,82,50,43834,379.392,1980
266597833235614,82,50,43834,379.392,1980
266597883350447,83,51,43834,381.875,1980
266597933462454,83,51,43834,381.875,1980
266597983579762,83,51,43834,383.491,1980
266598033700136,83,51,43834,383.491,1980
266598083811880,84,53,43834,386.177,1980
266598133985339,84,53,43834,386.177,1980
266598184046532,84,53,43834,387.228,1980
266598234153675,84,53,43834,387.228,1980
266598284261523,87,54,43834,390.154,1980
266598334367048,87,54,43834,390.154,1980
266598384495589,87,54,43834,393.804,1980
266598434604622,87,54,43834,393.804,1980
266598484706437,89,55,43834,398.109,1980
266598534819495,89,55,43834,398.109,1980
266598584922626,89,55,43834,402.289,1980
266598635033577,89,55,43834,402.289,1980
266598685132977,89,56,43834,404.438,1980
266598735238631,89,56,43834,404.438,1980
266598785346883,89,56,43834,408.537,1980
266598835463709,89,56,43834,408.537,1980
266598885565935,90,57,43834,412.584,1980
266598935689737,90,57,43834,412.584,1980
266598985789533,90,57,43834,416.694,1980
266599035890041,90,57,43834,416.694,1980
266599085992689,91,58,43834,419.225,1980
266599136107913,91,58,43834,419.225,1980
266599186208164,91,58,43834,424.511,1980
266599236316588,91,58,43834,424.511,1980
266599286418907,93,60,43834,427.525,1980
266599336521855,93,60,43834,427.525,1980
266599386632584,93,60,43834,428.357,1980
266599436733598,93,60,43834,428.357,1980
266599486832716,94,61,43834,430.458,1980
266599536947777,94,61,43834,430.458,1980
266599587047578,94,61,43834,434.431,1980
266599637156672,94,61,43834,434.431,1980
266599687261197,94,62,43834,436.883,1980
266599737360987,94,62,43834,436.883,1980
266599787531355,94,62,43834,439.659,1980
266599837633900,94,62,43834,439.659,1980
266599887744200,95,62,43834,442.633,1980
266599937879261,95,62,43834,442.633,1980
266599988008283,95,62,43834,443.767,1980
266600038112909,95,62,43834,443.767,1980
266600088223269,94,62,43834,447.525,1980
266600138337868,94,62,43834,447.525,1980
266600188444444,94,62,43834,447.875,1980
266600238550245,94,62,43834,447.875,1980
266600288664521,94,63,43834,451.0,1980
266600338768525,94,63,43834,451.0,1980
266600388868767,94,63,43834,454.077,1980
266600438978210,94,63,43834,454.077,1980
266600489046207,95,64,43834,456.285,1980
266600539157414,95,64,43834,456.285,1980
266600589273685,95,64,43834,455.677,1980
266600639387559,95,64,43834,455.677,1980
266600689496256,94,63,43834,456.979,1980
266600739607559,94,63,43834,456.979,1980
266600789731304,94,63,43834,456.119,1980
266600839850424,94,63,43834,456.119,1980
266600889952069,96,64,43834,455.829,1980
266600940046264,96,64,43834,455.829,1980
266600990155867,96,64,43834,456.595,1980
266601040258314,96,64,43834,456.595,1980
266601090379588,96,65,43834,456.822,1980
266601140488288,96,65,43834,456.822,1980
266601190588764,96,65,43834,459.155,1980
266601240754637,96,65,43834,459.155,1980
266601290866132,95,64,43834,460.466,1980
266601340971862,95,64,43834,460.466,1980
266601391046758,95,64,43834,459.643,1980
266601441148547,95,64,43834,459.643,1980
266601491249494,97,52,43834,474.712,1980
266601541352430,97,52,43834,474.712,1980
266601591458703,97,52,43834,489.261,1980
266601641562365,97,52,43834,489.261,1980
266601691663033,99,55,43834,504.438,1980
266601741765251,99,55,43834,504.438,1980
266601791867457,99,55,43834,519.586,1980
266601841967196,99,55,43834,519.586,1980
266601892048497,96,55,43834,533.089,1980
266601942148191,96,55,43834,533.089,1980
266601992254304,96,55,43834,546.22,1980
266602042353290,96,55,43834,546.22,1980
266602092454145,97,54,43834,558.651,1980
266602142553061,97,54,43834,558.651,1980
266602192652534,97,54,43834,573.404,1980
266602242751435,97,54,43834,573.404,1980
266602292853434,99,55,43834,588.431,1980
266602342962122,99,55,43834,588.431,1980
266602393043695,99,55,43834,593.559,1980
266602443154424,99,55,43834,593.559,1980
266602493275995,85,51,43834,585.422,1980
266602543389841,85,51,43834,585.422,1980
266602593502225,85,51,43834,559.541,1980
266602643629915,85,51,43834,559.541,1980
266602693743425,72,39,43834,532.816,1980
266602743849235,72,39,43834,532.816,1980
266602793963148,72,39,43834,508.567,1980
266602844054821,72,39,43834,508.567,1980
266602894171892,72,39,43834,484.158,1980
266602944281833,72,39,43834,484.158,1980
266602994384529,72,39,43834,458.871,1980
266603044487768,72,39,43834,458.871,1980
266603094598849,73,41,43834,438.147,1980
266603144729748,73,41,43834,438.147,1980
266603194832184,73,41,43834,407.912,1980
266603244943677,73,41,43834,407.912,1980
266603295044922,74,42,43834,380.608,1980
266603345159909,74,42,43834,380.608,1980
266603395261126,74,42,43834,373.962,1980
266603445378567,74,42,43834,373.962,1980
266603495483640,74,43,43834,351.955,1980
266603545584185,74,43,43834,351.955,1980
266603595696092,74,43,43834,353.87,1980
266603645802092,74,43,43834,353.87,1980
266603695915468,76,44,43834,356.595,1980
266603746032314,76,44,43834,356.595,1980
266603796138318,76,44,43834,358.053,1980
266603846268634,76,44,43834,358.053,1980
266603896379330,77,45,43834,360.521,1980
266603946485273,77,45,43834,360.521,1980
266603996623382,77,45,43834,362.251,1980
266604046727223,77,45,43834,362.251,1980
266604096829782,78,47,43834,365.999,1980
266604146938831,78,47,43834,365.999,1980
266604197053070,78,47,43834,368.672,1980
266604247164880,78,47,43834,368.672,1980
266604297274115,80,48,43834,370.477,1980
266604347383298,80,48,43834,370.477,1980
266604397494297,80,48,43834,373.295,1980
266604447594771,80,48,43834,373.295,1980
266604497712770,81,49,43834,375.479,1980
266604547828994,81,49,43834,375.479,1980
266604597929271,81,49,43834,377.694,1980
266604648039412,81,49,43834,377.694,1980
266604698165836,83,51,43834,380.954,1980
266604748268296,83,51,43834,380.954,1980
266604798379535,83,51,43834,384.317,1980
266604848496976,83,51,43834,384.317,1980
266604898638654,83,52,43834,385.694,1980
266604948742457,83,52,43834,385.694,1980
266604998845835,83,52,43834,388.68,1980
266605048962357,83,52,43834,388.68,1980
266605099051635,85,53,43834,390.124,1980
266605149155895,85,53,43834,390.124,1980
266605199259599,85,53,43834,393.536,1980
266605249361210,85,53,43834,393.536,1980
266605299474171,88,54,43834,395.697,1980
266605349579884,88,54,43834,395.697,1980
266605399698852,88,54,43834,398.047,1980
266605449815988,88,54,43834,398.047,1980
266605499921699,89,56,43834,400.214,1980
266605550032465,89,56,43834,400.214,1980
266605600140942,89,56,43834,402.744,1980
266605650247197,89,56,43834,402.744,1980
266605700346698,91,57,43834,407.031,1980
266605750474450,91,57,43834,407.031,1980
266605800577899,91,57,43834,411.161,1980
266605850680172,91,57,43834,411.161,1980
266605900784105,91,58,43834,414.727,1980
266605950896949,91,58,43834,414.727,1980
266606001003802,91,58,43834,417.207,1980
266606051108222,91,58,43834,417.207,1980
266606101214647,92,59,43834,421.555,1980
266606151331691,92,59,43834,421.555,1980
266606201442423,92,59,43834,423.775,1980
266606251549344,92,59,43834,423.775,1980
266606301659747,93,61,43834,429.365,1980
266606351762139,93,61,43834,429.365,1980
266606401882558,93,61,43834,432.147,1980
266606451984612,93,61,43834,432.147,1980
266606502044975,94,61,43834,435.281,1980
266606553942654,94,61,43834,435.281,1980
266606604046013,94,61,43834,436.592,1980
266606654151604,94,61,43834,436.592,1980
266606704254253,94,62,43834,438.96,1980
266606754358235,94,62,43834,438.96,1980
266606804460548,94,62,43834,439.67,1980
266606854566412,94,62,43834,439.67,1980
266606904689931,94,62,43834,443.13,1980
266606954809469,94,62,43834,443.13,1980
266607004919575,94,62,43834,444.922,1980
266607055030965,94,62,43834,444.922,1980
266607105148755,94,62,43834,445.824,1980
266607155259589,94,62,43834,445.824,1980
266607205365832,94,62,43834,447.813,1980
266607255470373,94,62,43834,447.813,1980
266607305594591,95,63,43834,447.679,1980
266607355701351,95,63,43834,447.679,1980
266607405806964,95,63,43834,447.892,1980
266607455936898,95,63,43834,447.892,1980
266607506082444,95,63,43834,450.878,1980
266607556196596,95,63,43834,450.878,1980
266607606302303,95,63,43834,452.926,1980
266607656424917,95,63,43834,452.926,1980
266607706540935,95,64,43834,453.624,1980
266607756700626,95,64,43834,453.624,1980
266607806802090,95,64,43834,453.279,1980
266607856911122,95,64,43834,453.279,1980
266607907016978,94,64,43834,453.451,1980
266607957132610,94,64,43834,453.451,1980
266608007235212,94,64,43834,455.51,1980
266608057363849,94,64,43834,455.51,1980
266608107467822,96,65,43834,456.316,1980
266608157586603,96,65,43834,456.316,1980
266608209565495,96,65,43834,457.717,1980
266608259670036,96,65,43834,457.717,1980
266608309788656,75,44,43834,459.615,1980
266608359893983,75,44,43834,459.615,1980
266608410012884,75,44,43834,473.872,1980
266608460116512,75,44,43834,473.872,1980
266608510217571,98,56,43834,488.203,1980
266608560319292,98,56,43834,488.203,1980
266608610420984,98,56,43834,505.214,1980
266608660539206,98,56,43834,505.214,1980
266608710642372,96,53,43834,518.92,1980
266608760744666,96,53,43834,518.92,1980
266608810845103,96,53,43834,535.759,1980
266608860945854,96,53,43834,535.759,1980
266608911044496,97,52,43834,551.877,1980
266608961145139,97,52,43834,551.877,1980
266609011247712,97,52,43834,562.519,1980
266609061350635,97,52,43834,562.519,1980
266609111450045,99,54,43834,579.622,1980
266609161550283,99,54,43834,579.622,1980
266609211932078,99,54,43834,598.711,1980
266609262038907,99,54,43834,598.711,1980
266609312153685,64,48,43834,597.478,1980
266609362259069,64,48,43834,597.478,1980
266609412366143,64,48,43834,602.583,1935
266609462471119,64,48,43834,602.583,1935
266609512586587,74,42,43834,576.101,1965
266609562693646,74,42,43834,576.101,1965
266609612808343,74,42,43834,552.026,1965
266609662910597,74,42,43834,552.026,1965
266609713020448,75,43,43834,526.132,1980
266609763124089,75,43,43834,526.132,1980
266609813233053,75,43,43834,503.792,1980
266609863355088,75,43,43834,503.792,1980
266609913461277,76,44,43834,479.071,1980
266609963575173,76,44,43834,479.071,1980
266610013685326,76,44,43834,452.782,1980
266610063788135,76,44,43834,452.782,1980
266610113916716,77,45,43834,425.518,1980
266610164036990,77,45,43834,425.518,1980
266610214151553,77,45,43834,404.569,1980
266610264267107,77,45,43834,404.569,1980
266610314383450,79,46,43834,393.344,1980
266610364524565,79,46,43834,393.344,1980
266610414637506,79,46,43834,367.202,1980
266610464744470,79,46,43834,367.202,1980
266610514852338,80,47,43834,367.195,1980
266610564958080,80,47,43834,367.195,1980
266610615045306,80,47,43834,370.175,1980
266610665171985,80,47,43834,370.175,1980
266610715283480,81,49,43834,373.253,1980
266610765388647,81,49,43834,373.253,1980
266610815505870,81,49,43834,375.742,1980
266610865608616,81,49,43834,375.742,1980
266610915715687,82,50,43834,379.074,1980
266610965834834,82,50,43834,379.074,1980
266611015938632,82,50,43834,382.75,1980
266611066046800,82,50,43834,382.75,1980
266611116173450,84,52,43834,387.242,1980
266611166295612,84,52,43834,387.242,1980
266611216405545,84,52,43834,389.642,1980
266611266507056,84,52,43834,389.642,1980
266611316608978,84,53,43834,391.439,1980
266611366716912,84,53,43834,391.439,1980
266611416831845,84,53,43834,393.853,1980
266611466952275,84,53,43834,393.853,1980
266611517056487,87,54,43834,399.431,1980
266611567159319,87,54,43834,399.431,1980
266611617261391,87,54,43834,401.956,1980
266611667364248,87,54,43834,401.956,1980
266611717479387,88,55,43834,405.207,1980
266611767600743,88,55,43834,405.207,1980
266611817714630,88,55,43834,406.852,1980
266611867831887,88,55,43834,406.852,1980
266611917940353,88,55,43834,410.448,1980
266611968057266,88,55,43834,410.448,1980
266612018161161,88,55,43834,412.14,1980
266612068263835,88,55,43834,412.14,1980
266612118364156,89,57,43834,412.955,1980
266612168474822,89,57,43834,412.955,1980
266612218582433,89,57,43834,416.438,1980
266612268688082,89,57,43834,416.438,1980
266612318801119,90,57,43834,420.161,1980
266612368907807,90,57,43834,420.161,1980
266612419029675,90,57,43834,423.756,1980
266612469134644,90,57,43834,423.756,1980
266612519254378,91,59,43834,425.914,1980
266612569365145,91,59,43834,425.914,1980
266612619472401,91,59,43834,429.441,1980
266612669584774,91,59,43834,429.441,1980
266612719689587,92,60,43834,432.285,1980
266612769799581,92,60,43834,432.285,1980
266612819901875,92,60,43834,434.88,1980
266612870019208,92,60,43834,434.88,1980
266612920130230,93,61,43834,437.05,1980
266612970234633,93,61,43834,437.05,1980
266613020346827,93,61,43834,440.398,1980
266613070452330,93,61,43834,440.398,1980
266613120558884,95,62,43834,441.997,1980
266613170675605,95,62,43834,441.997,1980
266613220802092,95,62,43834,446.087,1980
266613270909937,95,62,43834,446.087,1980
266613321018368,95,63,43834,448.419,1980
266613371125194,95,63,43834,448.419,1980
266613421247776,95,63,43834,450.274,1980
266613471357408,95,63,43834,450.274,1980
266613521470713,95,63,43834,451.035,1980
266613571580221,95,63,43834,451.035,1980
266613621688671,95,63,43834,451.384,1980
266613671802872,95,63,43834,451.384,1980
266613721905513,95,64,43834,451.918,1980
266613772022389,95,64,43834,451.918,1980
266613822131109,95,64,43834,454.283,1980
266613872245269,95,64,43834,454.283,1980
266613922345860,95,64,43834,454.269,1980
266613972445481,95,64,43834,454.269,1980
266614022547109,95,64,43834,455.678,1980
266614072664644,95,64,43834,455.678,1980
266614122771845,95,64,43834,456.757,1980
266614172886558,95,64,43834,456.757,1980
266614222999802,95,64,43834,457.003,1980
266614273109294,95,64,43834,457.003,1980
266614323224614,96,65,43834,455.642,1980
266614373328024,96,65,43834,455.642,1980
266614423432757,96,65,43834,457.218,1980
266614473543264,96,65,43834,457.218,1980
266614523655642,96,64,43834,456.917,1980
266614573757139,96,64,43834,456.917,1980
266614623887085,96,64,43834,461.382,1980
266614673988275,96,64,43834,461.382,1980
266614724046388,96,64,43834,464.09,1980
266614774159498,96,64,43834,464.09,1980
266614824280662,96,64,43834,463.438,1980
266614874400699,96,64,43834,463.438,1980
266614924512836,96,65,43834,462.006,1980
266614974618012,96,65,43834,462.006,1980
266615024730504,96,65,43834,463.661,1980
266615074842970,96,65,43834,463.661,1980
266615124965881,96,65,43834,465.617,1980
266615175050749,96,65,43834,465.617,1980
266615225164871,96,65,43834,465.525,1980
266615275275844,96,65,43834,465.525,1980
266615325377523,76,45,43836,469.143,1980
266615375480690,76,45,43836,469.143,1980
266615425587622,76,45,43836,484.947,1980
266615475690305,76,45,43836,484.947,1980
266615525789268,99,56,43836,501.81,1980
266615575893579,99,56,43836,501.81,1980
266615626004553,99,56,43836,514.92,1980
266615676106115,99,56,43836,514.92,1980
266615726207139,96,55,43836,527.727,1980
266615776307551,96,55,43836,527.727,1980
266615826408176,96,55,43836,540.922,1980
266615876521111,96,55,43836,540.922,1980
266615927923327,96,56,43836,555.918,1980
266615978562290,96,56,43836,555.918,1980
266616028727951,96,56,43836,568.678,1980
266616078873074,96,56,43836,568.678,1980
266616129020554,96,55,43836,581.75,1980
266616179129286,96,55,43836,581.75,1980
266616229235287,96,55,43836,596.941,1980
266616279340460,96,55,43836,596.941,1980
266616329445688,90,61,43836,601.195,1980
266616379551493,90,61,43836,601.195,1980
266616429664805,90,61,43836,596.429,1980
266616479776577,90,61,43836,596.429,1980
266616529884874,71,38,43836,570.654,1980
266616579993088,71,38,43836,570.654,1980
266616630111920,71,38,43836,543.41,1980
266616680219529,71,38,43836,543.41,1980
266616730325014,71,39,43836,519.166,1980
266616780431485,71,39,43836,519.166,1980
266616830539933,71,39,43836,496.262,1980
266616880654605,71,39,43836,496.262,1980
266616930763259,72,40,43836,471.229,1980
266616980864769,72,40,43836,471.229,1980
266617030973336,72,40,43836,443.765,1980
266617081056886,72,40,43836,443.765,1980
266617131164025,73,41,43836,417.486,1980
266617181267910,73,41,43836,417.486,1980
266617231394240,73,41,43836,399.029,1980
266617281543530,73,41,43836,399.029,1980
266617331646021,74,42,43836,375.707,1980
266617381759619,74,42,43836,375.707,1980
266617431875073,74,42,43836,354.955,1980
266617481977174,74,42,43836,354.955,1980
266617532046151,76,44,43836,354.811,1980
266617582154430,76,44,43836,354.811,1980
266617632264823,76,44,43836,356.401,1980
266617682385739,76,44,43836,356.401,1980
266617732492158,77,45,43836,357.827,1980
266617782609293,77,45,43836,357.827,1980
266617832713469,77,45,43836,359.643,1980
266617882821721,77,45,43836,359.643,1980
266617932954638,78,46,43836,361.391,1980
266617983059744,78,46,43836,361.391,1980
266618033174964,78,46,43836,363.157,1980
266618083281460,78,46,43836,363.157,1980
266618133386342,78,47,43836,365.754,1980
266618183493538,78,47,43836,365.754,1980
266618233604867,78,47,43836,369.551,1980
266618283729943,78,47,43836,369.551,1980
266618333879562,79,48,43836,372.867,1980
266618383987756,79,48,43836,372.867,1980
266618434046419,79,48,43836,376.495,1980
266618484148398,79,48,43836,376.495,1980
266618534259431,80,49,43836,379.086,1980
266618584371759,80,49,43836,379.086,1980
266618634471003,80,49,43836,382.349,1980
266618684600250,80,49,43836,382.349,1980
266618734730304,83,51,43836,384.652,1980
266618784849165,83,51,43836,384.652,1980
266618834967114,83,51,43836,387.271,1980
266618885058774,83,51,43836,387.271,1980
266618935169041,84,52,43836,390.621,1980
266618985270600,84,52,43836,390.621,1980
266619035391115,84,52,43836,393.674,1980
266619085512291,84,52,43836,393.674,1980
266619135622704,85,53,43836,394.718,1980
266619185765998,85,53,43836,394.718,1980
266619235873616,85,53,43836,396.773,1980
266619285977859,85,53,43836,396.773,1980
266619336047650,88,54,43836,398.827,1980
266619386152127,88,54,43836,400.19,1980
266619436262239,88,54,43836,400.19,1980
266619486370965,88,54,43836,403.48,1980
266619536485359,89,55,43836,403.48,1980
266619586601989,89,55,43836,404.617,1980
266619636711105,89,55,43836,404.617,1980
266619686818878,89,56,43836,408.863,1980
266619736919078,89,56,43836,408.863,1980
266619787036317,89,56,43836,412.501,1980
266619837219448,89,56,43836,412.501,1980
266619887366139,89,57,43836,415.09,1980
266619937476898,89,57,43836,415.09,1980
266619987577627,89,57,43836,417.445,1980
266620037682776,89,57,43836,417.445,1980
266620087790552,90,58,43836,421.385,1980
266620137916565,90,58,43836,421.385,1980
266620188028864,90,58,43836,424.891,1980
266620238131041,90,58,43836,424.891,1980
266620288254833,92,60,43836,428.964,1980
266620338361746,92,60,43836,428.964,1980
266620388487423,92,60,43836,433.048,1980
266620438597316,92,60,43836,433.048,1980
266620488697786,93,61,43836,435.394,1980
266620538818918,93,61,43836,435.394,1980
266620588929399,93,61,43836,437.799,1980
266620639055955,93,61,43836,437.799,1980
266620689165333,95,62,43836,440.316,1980
266620739283208,95,62,43836,440.316,1980
266620789392623,95,62,43836,444.598,1980
266620839502889,95,62,43836,444.598,1980
266620889604127,95,63,43836,446.683,1980
266620939711830,95,63,43836,446.683,1980
266620989814316,95,63,43836,448.838,1980
266621039938695,95,63,43836,448.838,1980
266621090061864,95,63,43836,450.766,1980
266621140181817,95,63,43836,450.766,1980
266621190285766,95,63,43836,451.306,1980
266621240398950,95,63,43836,451.306,1980
266621290501509,94,63,43836,452.006,1980
266621340603809,94,63,43836,452.006,1980
266621390705101,94,63,43836,453.356,1980
266621440806752,94,63,43836,453.356,1980
266621490924538,95,64,43836,454.617,1980
266621541039192,95,64,43836,454.617,1980
266621591140849,95,64,43836,457.038,1980
266621641243970,95,64,43836,457.038,1980
266621691360827,94,64,43836,458.584,1980
266621741467227,94,64,43836,458.584,1980
266621791583239,94,64,43836,457.894,1980
266621841693392,94,64,43836,457.894,1980
266621891800493,95,65,43836,458.339,1980
266621941909084,95,65,43836,458.339,1980
266621992015549,95,65,43836,460.364,1980
266622042118269,95,65,43836,460.364,1980
266622092219688,96,64,43836,461.358,1980
266622142329944,96,64,43836,461.358,1980
266622192435060,96,64,43836,463.021,1980
266622242537756,96,64,43836,463.021,1980
266622292640548,82,45,43836,470.29,1980
266622342742249,82,45,43836,470.29,1980
266622392842730,82,45,43836,484.008,1980
266622442950161,82,45,43836,484.008,1980
266622493045484,96,54,43836,496.315,1980
266622543177280,96,54,43836,496.315,1980
266622593281759,96,54,43836,507.838,1980
266622643383926,96,54,43836,507.838,1980
266622693484384,96,56,43836,520.742,1980
266622743585994,96,56,43836,520.742,1980
266622793687002,96,56,43836,537.782,1980
266622843789062,96,56,43836,537.782,1980
266622893892622,96,55,43836,553.194,1980
266622943993157,96,55,43836,553.194,1980
266622994099272,96,55,43836,564.551,1980
266623044201132,96,55,43836,564.551,1980
266623094303279,96,55,43836,577.763,1980
266623144890302,96,55,43836,577.763,1980
266623194995458,96,55,43836,591.555,1980
266623245103517,96,55,43836,591.555,1980
266623295210106,68,43,43836,594.41,1980
266623345315395,68,43,43836,594.41,1980
266623395418637,68,43,43836,576.827,1965
266623445566927,68,43,43836,576.827,1965
266623495679853,72,40,43836,553.523,1965
266623545786408,72,40,43836,553.523,1965
266623595890268,72,40,43836,528.155,1965
266623645991692,72,40,43836,528.155,1965
266623696059666,73,41,43836,504.936,1980
266623746162940,73,41,43836,504.936,1980
266623796269747,73,41,43836,476.192,1980
266623846383964,73,41,43836,476.192,1980
266623896493048,75,42,43836,451.895,1980
266623946596437,75,42,43836,451.895,1980
266623996706808,75,42,43836,427.756,1980
266624046813296,75,42,43836,427.756,1980
266624096926916,76,44,43836,403.623,1980
266624147041913,76,44,43836,403.623,1980
266624197157941,76,44,43836,383.094,1980
266624247278330,76,44,43836,383.094,1980
266624297388501,77,45,43836,363.981,1980
266624347491076,77,45,43836,363.981,1980
266624397593712,77,45,43836,359.471,1980
266624447696311,77,45,43836,359.471,1980
266624497798007,78,46,43836,362.863,1980
266624547917038,78,46,43836,362.863,1980
266624598027663,78,46,43836,364.382,1980
266624648151876,78,46,43836,364.382,1980
266624698256092,79,47,43836,367.085,1980
266624748358749,79,47,43836,367.085,1980
266624798469186,79,47,43836,370.219,1980
266624848577743,79,47,43836,370.219,1980
266624898691217,79,48,43836,374.513,1980
266624948797145,79,48,43836,374.513,1980
266624998907217,79,48,43836,376.351,1980
266625049026101,79,48,43836,376.351,1980
266625099131912,81,49,43836,378.412,1980
266625149273429,81,49,43836,378.412,1980
266625199392825,81,49,43836,380.894,1980
266625249495869,81,49,43836,380.894,1980
266625299599705,82,50,43836,383.285,1980
266625349703585,82,50,43836,383.285,1980
266625399817189,82,50,43836,386.052,1980
266625449939135,82,50,43836,386.052,1980
266625500042306,83,52,43836,387.151,1980
266625550146643,83,52,43836,387.151,1980
266625600247614,83,52,43836,390.411,1980
266625650363930,83,52,43836,390.411,1980
266625700472430,85,53,43836,394.095,1980
266625750586020,85,53,43836,394.095,1980
266625800699666,85,53,43836,394.949,1980
266625850818619,85,53,43836,394.949,1980
266625900919954,87,54,43836,397.035,1980
266625951041545,87,54,43836,397.035,1980
266626001179879,87,54,43836,401.536,1980
266626051292758,87,54,43836,401.536,1980
266626101401283,89,56,43836,404.591,1980
266626151509683,89,56,43836,404.591,1980
266626201610954,89,56,43836,407.6,1980
266626251722813,89,56,43836,407.6,1980
266626301835382,89,57,43836,410.564,1980
266626351946733,89,57,43836,410.564,1980
266626402060473,89,57,43836,412.656,1980
266626452174303,89,57,43836,412.656,1980
266626502275140,90,58,43836,417.741,1980
266626552402482,90,58,43836,417.741,1980
266626602508863,90,58,43836,421.961,1980
266626652628236,90,58,43836,421.961,1980
266626702736156,91,58,43836,423.892,1980
266626752849578,91,58,43836,423.892,1980
266626802983475,91,58,43836,428.655,1980
266626853108623,91,58,43836,428.655,1980
266626903219408,93,61,43836,431.515,1980
266626953338892,93,61,43836,431.515,1980
266627003442849,93,61,43836,433.889,1980
266627053561040,93,61,43836,433.889,1980
266627103691893,94,61,43836,437.076,1980
266627153803304,94,61,43836,437.076,1980
266627203911150,94,61,43836,440.749,1980
266627254036763,94,61,43836,440.749,1980
266627304150976,95,62,43836,443.603,1980
266627354257812,95,62,43836,443.603,1980
266627404377064,95,62,43836,446.776,1980
266627454567719,95,62,43836,446.776,1980
266627504703333,95,63,43836,448.667,1980
266627554824361,95,63,43836,448.667,1980
266627604947876,95,63,43836,449.715,1980
266627655049105,95,63,43836,449.715,1980
266627705202263,94,62,43836,452.875,1980
266627755309124,94,62,43836,452.875,1980
266627805410598,94,62,43836,453.881,1980
266627855518189,94,62,43836,453.881,1980
266627905652206,95,63,43836,455.706,1980
266627955756763,95,63,43836,455.706,1980
266628005867566,95,63,43836,456.966,1980
266628055973816,95,63,43836,456.966,1980
266628106048179,95,64,43836,457.297,1980
266628156151033,95,64,43836,457.297,1980
266628206253188,95,64,43836,457.432,1980
266628256360693,95,64,43836,457.432,1980
266628306481123,95,64,43836,456.981,1980
266628356599770,95,64,43836,456.981,1980
266628406712576,95,64,43836,458.751,1980
266628456826476,95,64,43836,458.751,1980
266628506928135,96,65,43836,458.43,1980
266628557048847,96,65,43836,458.43,1980
266628607159659,96,65,43836,460.441,1980
266628657263757,96,65,43836,460.441,1980
266628707368531,96,64,43836,460.505,1980
266628757480675,96,64,43836,460.505,1980
266628807588299,96,64,43836,462.0,1980
266628857695990,96,64,43836,462.0,1980
266628907802394,96,64,43836,460.826,1980
266628957923045,96,64,43836,460.826,1980
266629008031470,96,64,43836,462.542,1980
266629058139396,96,64,43836,462.542,1980
266629109445280,96,65,43836,461.96,1980
266629159555462,96,65,43836,461.96,1980
266629209661834,96,65,43836,462.872,1980
266629259767024,96,65,43836,462.872,1980
266629309872673,95,49,43836,478.569,1980
266629359978582,95,49,43836,478.569,1980
266629410047266,95,49,43836,492.822,1980
266629460147851,95,49,43836,492.822,1980
266629510256920,98,54,43836,507.038,1980
266629560362551,98,54,43836,507.038,1980
266629610462042,98,54,43836,519.124,1980
266629660561915,98,54,43836,519.124,1980
266629710659796,96,54,43836,534.303,1980
266629760837106,96,54,43836,534.303,1980
266629810944310,96,54,43836,549.447,1980
266629861074778,96,54,43836,549.447,1980
266629911178301,96,56,43836,563.811,1980
266629961310511,96,56,43836,563.811,1980
266630011444681,96,56,43836,579.069,1980
266630061564471,96,56,43836,579.069,1980
266630111671557,96,54,43836,597.509,1980
266630161876255,96,54,43836,597.509,1980
266630211992659,96,54,43836,599.112,1980
266630262106575,96,54,43836,599.112,1980
266630312224184,91,58,43836,598.202,1980
266630362334486,91,58,43836,598.202,1980
266630412445543,91,58,43836,571.174,1980
266630462584013,91,58,43836,571.174,1980
266630512694188,71,38,43836,545.122,1980
266630562814372,71,38,43836,545.122,1980
266630612925537,71,38,43836,520.302,1980
266630663047816,71,38,43836,520.302,1980
266630713155993,72,40,43836,494.246,1980
266630763262629,72,40,43836,494.246,1980
266630813364729,72,40,43836,470.199,1980
266630863473814,72,40,43836,470.199,1980
266630913589366,73,41,43836,441.175,1980
266630963692160,73,41,43836,441.175,1980
266631013811648,73,41,43836,417.709,1980
266631063913129,73,41,43836,417.709,1980
266631114027571,74,42,43836,391.748,1980
266631164178593,74,42,43836,391.748,1980
266631214282415,74,42,43836,376.605,1980
266631264401737,74,42,43836,376.605,1980
266631314519165,75,43,43836,353.206,1980
266631364646788,75,43,43836,353.206,1980
266631414764068,75,43,43836,354.299,1980
266631464909498,75,43,43836,354.299,1980
266631515041861,76,44,43836,356.851,1980
266631565155978,76,44,43836,356.851,1980
266631615292068,76,44,43836,358.092,1980
266631665418795,76,44,43836,358.092,1980
266631715530780,77,46,43836,361.181,1980
266631765645384,77,46,43836,361.181,1980
266631815757219,77,46,43836,363.993,1980
266631865876201,77,46,43836,363.993,1980
266631915981599,79,47,43836,367.011,1980
266631966055695,79,47,43836,367.011,1980
266632016177153,79,47,43836,371.173,1980
266632066287302,79,47,43836,371.173,1980
266632116401500,80,48,43836,373.699,1980
266632166527640,80,48,43836,373.699,1980
266632216638668,80,48,43836,376.983,1980
266632266828203,80,48,43836,376.983,1980
266632316943744,81,49,43836,377.569,1980
266632367050867,81,49,43836,377.569,1980
266632417155298,81,49,43836,380.931,1980
266632467268532,81,49,43836,380.931,1980
266632517394294,83,51,43836,382.703,1980
266632567497743,83,51,43836,382.703,1980
266632617603153,83,51,43836,385.801,1980
266632667707345,83,51,43836,385.801,1980
266632717810969,84,52,43836,387.656,1980
266632767935100,84,52,43836,387.656,1980
266632818046280,84,52,43836,392.764,1980
266632868151730,84,52,43836,392.764,1980
266632918271954,85,53,43836,394.095,1980
266632968376202,85,53,43836,394.095,1980
266633018487423,85,53,43836,396.358,1980
266633068594578,85,53,43836,396.358,1980
266633118702017,88,54,43836,401.24,1980
266633168818696,88,54,43836,401.24,1980
266633218946603,88,54,43836,404.658,1980
266633269053398,88,54,43836,404.658,1980
266633319157002,89,56,43836,407.777,1980
266633369258779,89,56,43836,407.777,1980
266633419371027,89,56,43836,409.702,1980
266633469484764,89,56,43836,409.702,1980
266633519600118,90,57,43836,413.43,1980
266633569779743,90,57,43836,413.43,1980
266633619942360,90,57,43836,415.54,1980
266633670053505,90,57,43836,415.54,1980
266633720173050,91,58,43836,418.255,1980
266633770288606,91,58,43836,418.255,1980
266633820395062,91,58,43836,419.415,1980
266633870503204,91,58,43836,419.415,1980
266633920616815,92,59,43836,423.322,1980
266633970738981,92,59,43836,423.322,1980
266634020856570,92,59,43836,425.191,1980
266634070970039,92,59,43836,425.191,1980
266634121073055,93,60,43836,424.967,1980
266634171185521,93,60,43836,424.967,1980
266634221302984,93,60,43836,425.321,1980
266634271412953,93,60,43836,425.321,1980
266634321527605,94,61,43836,429.054,1980
266634371654466,94,61,43836,429.054,1980
266634421758864,94,61,43836,432.876,1980
266634471861153,94,61,43836,432.876,1980
266634521990159,93,61,43836,436.505,1980
266634572138285,93,61,43836,436.505,1980
266634622247576,93,61,43836,440.527,1980
266634672348689,93,61,43836,440.527,1980
266634722448625,94,62,43836,441.976,1980
266634772559993,94,62,43836,441.976,1980
266634822660292,94,62,43836,445.299,1980
266634872783526,94,62,43836,445.299,1980
266634922886702,95,63,43836,448.504,1980
266634973013530,95,63,43836,448.504,1980
266635023123704,95,63,43836,451.068,1980
266635073232835,95,63,43836,451.068,1980
266635123332219,95,64,43836,453.408,1980
266635173434261,95,64,43836,453.408,1980
266635223539417,95,64,43836,456.486,1980
266635273642302,95,64,43836,456.486,1980
266635323748407,94,63,43836,459.154,1980
266635373850311,94,63,43836,459.154,1980
266635423958850,94,63,43836,459.771,1980
266635474067011,94,63,43836,459.771,1980
266635524168935,96,64,43836,461.08,1980
266635574272596,96,64,43836,461.08,1980
266635624374582,96,64,43836,461.71,1980
266635674481716,96,64,43836,461.71,1980
266635724589715,95,65,43836,462.44,1980
266635774701436,95,65,43836,462.44,1980
266635824800198,95,65,43836,463.233,1980
266635874920423,95,65,43836,463.233,1980
266635925034102,96,64,43836,462.842,1980
266635975148143,96,64,43836,462.842,1980
266636025262088,96,64,43836,465.37,1980
266636075365424,96,64,43836,465.37,1980
266636125508138,82,52,43836,466.869,1980
266636175627074,82,52,43836,466.869,1980
266636225752947,82,52,43836,482.003,1980
266636275861229,82,52,43836,482.003,1980
266636325967568,98,55,43836,492.797,1980
266636376045592,98,55,43836,492.797,1980
266636426149255,98,55,43836,507.191,1980
266636476250723,98,55,43836,507.191,1980
266636526354962,96,55,43836,521.306,1980
266636576467734,96,55,43836,521.306,1980
266636626572939,96,55,43836,536.011,1980
266636676692763,96,55,43836,536.011,1980
266636726796233,97,53,43836,548.776,1980
266636776906296,97,53,43836,548.776,1980
266636827015518,97,53,43836,564.649,1980
266636877122533,97,53,43836,564.649,1980
266636927250383,99,55,43836,580.658,1980
266636977356894,99,55,43836,580.658,1980
266637027523185,99,55,43836,595.239,1980
266637077646594,99,55,43836,595.239,1980
266637127759733,63,47,43836,593.818,1980
266637177864454,63,47,43836,593.818,1980
266637227983085,63,47,43836,589.146,1980
266637278055392,63,47,43836,589.146,1980
266637328184980,72,40,43836,565.478,1980
266637378302077,72,40,43836,565.478,1980
266637428408350,72,40,43836,541.183,1980
266637478533279,72,40,43836,541.183,1980
266637528676667,73,41,43836,514.972,1980
266637578787967,73,41,43836,514.972,1980
266637628906364,73,41,43836,492.922,1980
266637679040099,73,41,43836,492.922,1980
266637729161036,74,42,43836,464.616,1980
266637779281573,74,42,43836,464.616,1980
266637829394174,74,42,43836,443.777,1980
266637879506140,74,42,43836,443.777,1980
266637929614980,75,43,43836,414.988,1980
266637979733690,75,43,43836,414.988,1980
266638029839663,75,43,43836,393.214,1980
266638079943666,75,43,43836,393.214,1980
266638130059492,77,45,43836,380.627,1980
266638180245288,77,45,43836,380.627,1980
266638230347642,77,45,43836,362.898,1980
266638280460081,77,45,43836,362.898,1980
266638330578362,78,46,43836,364.183,1980
266638380680970,78,46,43836,364.183,1980
266638430797809,78,46,43836,366.227,1980
266638480912652,78,46,43836,366.227,1980
266638531032615,79,47,43836,368.558,1980
266638581152282,79,47,43836,368.558,1980
266638631274140,79,47,43836,371.271,1980
266638681393471,79,47,43836,371.271,1980
266638731500439,80,48,43836,373.323,1980
266638781607083,80,48,43836,373.323,1980
266638831710887,80,48,43836,374.941,1980
266638881823909,80,48,43836,374.941,1980
266638931950832,81,49,43836,378.794,1980
266638982058364,81,49,43836,378.794,1980
266639032168429,81,49,43836,379.739,1980
266639082276668,81,49,43836,379.739,1980
266639132391585,82,50,43836,382.496,1980
266639182509875,82,50,43836,382.496,1980
266639232620046,82,50,43836,385.706,1980
266639282759064,82,50,43836,385.706,1980
266639332867032,82,51,43836,388.929,1980
266639382975538,82,51,43836,388.929,1980
266639433080328,82,51,43836,392.72,1980
266639483192715,82,51,43836,392.72,1980
266639533292353,84,52,43836,395.228,1980
266639583392148,84,52,43836,395.228,1980
266639633495037,84,52,43836,396.655,1980
266639683600928,84,52,43836,396.655,1980
266639733717735,87,54,43836,399.177,1980
266639783840611,87,54,43836,399.177,1980
266639833941875,87,54,43836,405.521,1980
266639884047809,87,54,43836,405.521,1980
266639934149132,88,55,43836,405.748,1980
266639984272968,88,55,43836,405.748,1980
266640034384985,88,55,43836,409.377,1980
266640084486640,88,55,43836,409.377,1980
266640134593122,89,56,43836,411.192,1980
266640184696566,89,56,43836,411.192,1980
266640234803027,89,56,43836,413.984,1980
266640284913292,89,56,43836,413.984,1980
266640335050244,90,58,43836,416.112,1980
266640385157718,90,58,43836,416.112,1980
266640435265159,90,58,43836,419.613,1980
266640485371418,90,58,43836,419.613,1980
266640535474272,92,59,43836,423.104,1980
266640585586016,92,59,43836,423.104,1980
266640635693705,92,59,43836,427.866,1980
266640685803170,92,59,43836,427.866,1980
266640735915185,93,60,43836,429.356,1980
266640786027834,93,60,43836,429.356,1980
266640836131690,93,60,43836,430.826,1980
266640886232727,93,60,43836,430.826,1980
266640936346150,94,61,43836,435.502,1980
266640986454251,94,61,43836,435.502,1980
266641036562638,94,61,43836,438.828,1980
266641086680929,94,61,43836,438.828,1980
266641136788062,94,62,43836,441.796,1980
266641186893525,94,62,43836,441.796,1980
266641237006275,94,62,43836,443.784,1980
266641287123116,94,62,43836,443.784,1980
266641337236380,95,63,43836,447.967,1980
266641387347316,95,63,43836,447.967,1980
266641437455700,95,63,43836,449.223,1980
266641487568582,95,63,43836,449.223,1980
266641537672313,94,62,43836,452.013,1980
266641587781677,94,62,43836,452.013,1980
266641637898631,94,62,43836,453.666,1980
266641688026708,94,62,43836,453.666,1980
266641738142708,95,64,43836,455.744,1980
266641788247897,95,64,43836,455.744,1980
266641838352803,95,64,43836,456.554,1980
266641888470829,95,64,43836,456.554,1980
266641938596444,95,64,43836,457.28,1980
266641988703113,95,64,43836,457.28,1980
266642038807788,95,64,43836,459.339,1980
266642088927849,95,64,43836,459.339,1980
266642139054411,95,64,43836,461.729,1980
266642189170864,95,64,43836,461.729,1980
266642239273356,95,64,43836,462.267,1980
266642289384077,95,64,43836,462.267,1980
266642339488891,95,65,43836,462.271,1980
266642389603007,95,65,43836,462.271,1980
266642439721590,95,65,43836,463.166,1980
266642489825285,95,65,43836,463.166,1980
266642539925826,96,64,43836,463.493,1980
266642590032110,96,64,43836,463.493,1980
266642640141584,96,64,43836,465.628,1980
266642690266737,96,64,43836,465.628,1980
266642740375074,96,64,43836,464.19,1980
266642790499776,96,64,43836,464.19,1980
266642840612805,96,64,43836,462.566,1980
266642890716458,96,64,43836,462.566,1980
266642940819757,96,65,43836,463.927,1980
266642990934022,96,65,43836,463.927,1980
266643041109554,96,65,43836,459.927,1980
266643091220413,96,65,43836,459.927,1980
266643141323669,75,42,43836,470.835,1980
266643191426585,75,42,43836,470.835,1980
266643241527101,75,42,43836,484.389,1980
266643291637088,75,42,43836,484.389,1980
266643341737796,97,53,43836,500.316,1980
266643391839911,97,53,43836,500.316,1980
266643441943094,97,53,43836,514.592,1980
266643492043853,97,53,43836,514.592,1980
266643542144521,99,55,43836,528.645,1980
266643592245956,99,55,43836,528.645,1980
266643642345557,99,55,43836,540.787,1980
266643692447377,99,55,43836,540.787,1980
266643742548745,96,55,43836,556.773,1980
266643792657509,96,55,43836,556.773,1980
266643842757839,96,55,43836,572.055,1980
266643892867337,96,55,43836,572.055,1980
266643942970678,96,56,43836,585.666,1980
266643993045747,96,56,43836,585.666,1980
266644043153236,96,56,43836,600.685,1980
266644093267007,96,56,43836,600.685,1980
266644143374886,57,45,43836,590.547,1980
266644193498678,57,45,43836,590.547,1980
266644243666464,57,45,43836,570.11,1980
266644293784221,57,45,43836,570.11,1980
266644343890387,65,35,43836,542.623,1980
266644393995447,65,35,43836,542.623,1980
266644444113577,65,35,43836,515.281,1980
266644494227437,65,35,43836,515.281,1980
266644544341697,69,36,43836,486.129,1980
266644594451811,69,36,43836,486.129,1980
266644644570665,69,36,43836,461.212,1980
266644694672981,69,36,43836,461.212,1980
266644744777053,71,38,43836,435.011,1980
266644794910844,71,38,43836,435.011,1980
266644845026885,71,38,43836,412.493,1980
266644895130960,71,38,43836,412.493,1980
266644945232970,71,39,43836,386.7,1980
266644995333864,71,39,43836,386.7,1980
266645045433710,71,39,43836,360.921,1980
266645095546884,71,39,43836,360.921,1980
266645145658702,72,40,43836,345.238,1980
266645195762101,72,40,43836,345.238,1980
266645245862448,72,40,43836,340.587,1980
266645295978076,72,40,43836,340.587,1980
266645346082835,73,41,43836,343.191,1980
266645396197508,73,41,43836,343.191,1980
266645446321458,73,41,43836,345.007,1980
266645496425414,73,41,43836,345.007,1980
266645546537873,75,42,43836,348.303,1980
266645596650177,75,42,43836,348.303,1980
266645646756353,75,42,43836,349.569,1980
266645696858236,75,42,43836,349.569,1980
266645746972773,75,43,43836,353.462,1980
266645797054521,75,43,43836,353.462,1980
266645847170556,75,43,43836,355.107,1980
266645897286006,75,43,43836,355.107,1980
266645948352312,76,44,43836,358.771,1980
266645998469095,76,44,43836,358.771,1980
266646048575010,76,44,43836,360.409,1980
266646098680165,76,44,43836,360.409,1980
266646148789643,77,46,43836,362.82,1980
266646198903092,77,46,43836,362.82,1980
266646249030948,77,46,43836,363.539,1980
266646299139147,77,46,43836,363.539,1980
266646349250169,79,47,43836,366.467,1980
266646399372218,79,47,43836,366.467,1980
266646449474535,79,47,43836,371.365,1980
266646499581767,79,47,43836,371.365,1980
266646549682596,80,48,43836,373.133,1980
266646599798051,80,48,43836,373.133,1980
266646649908815,80,48,43836,376.548,1980
266646700015807,80,48,43836,376.548,1980
266646750163963,81,49,43836,377.084,1980
266646800269525,81,49,43836,377.084,1980
266646851859701,81,49,43836,380.546,1980
266646901970728,83,51,43836,383.413,1980
266646952044580,83,51,43836,383.413,1980
266647002147201,83,51,43836,387.342,1980
266647052269192,83,51,43836,387.342,1980
266647102373346,84,52,43836,389.847,1980
266647152476167,84,52,43836,389.847,1980
266647202614136,84,52,43836,393.353,1980
266647252726967,84,52,43836,393.353,1980
266647302845521,85,53,43836,396.85,1980
266647352957456,85,53,43836,396.85,1980
266647403044243,85,53,43836,398.076,1980
266647453160893,85,53,43836,398.076,1980
266647503274128,88,55,43836,402.372,1980
266647553393738,88,55,43836,402.372,1980
266647603568588,88,55,43836,404.952,1980
266647653702194,88,55,43836,404.952,1980
266647703818214,89,56,43836,409.244,1980
266647753929269,89,56,43836,409.244,1980
266647804056557,89,56,43836,411.029,1980
266647854184749,89,56,43836,411.029,1980
266647904300552,90,57,43836,413.795,1980
266647954415751,90,57,43836,413.795,1980
266648004530278,90,57,43836,416.447,1980
266648054635668,90,57,43836,416.447,1980
266648104738237,91,58,43836,419.85,1980
266648154841647,91,58,43836,419.85,1980
266648204961982,91,58,43836,422.247,1980
266648255064565,91,58,43836,422.247,1980
266648305169955,91,59,43836,424.918,1980
266648355295688,91,59,43836,424.918,1980
266648405426216,91,59,43836,427.28,1980
266648455536341,91,59,43836,427.28,1980
266648505650736,92,59,43836,430.227,1980
266648555764761,92,59,43836,430.227,1980
266648605871023,92,59,43836,431.751,1980
266648655979438,92,59,43836,431.751,1980
266648706046188,93,61,43836,435.178,1980
266648756167308,93,61,43836,435.178,1980
266648806275997,93,61,43836,438.401,1980
266648856378346,93,61,43836,438.401,1980
266648906523008,93,61,43836,439.871,1980
266648956640720,93,61,43836,439.871,1980
266649006746812,93,61,43836,442.235,1980
266649056856272,93,61,43836,442.235,1980
266649106958415,94,62,43836,442.959,1980
266649157045243,94,62,43836,442.959,1980
266649207157735,94,62,43836,446.052,1980
266649257274096,94,62,43836,446.052,1980
266649307374293,95,63,43836,447.2,1980
266649357474821,95,63,43836,447.2,1980
266649407578794,95,63,43836,449.2,1980
266649457715477,95,63,43836,449.2,1980
266649507833044,95,64,43836,450.368,1980
266649557938412,95,64,43836,450.368,1980
266649608045828,95,64,43836,452.897,1980
266649658145958,95,64,43836,452.897,1980
266649708246024,95,64,43836,453.04,1980
266649758346895,95,64,43836,453.04,1980
266649808446814,95,64,43836,454.507,1980
266649858553143,95,64,43836,454.507,1980
266649908668445,87,58,43836,453.207,1980
266649958775539,87,58,43836,453.207,1980
266650008879614,87,58,43836,467.648,1980
266650058983830,87,58,43836,467.648,1980
266650109046858,96,53,43836,485.476,1980
266650159148603,96,53,43836,485.476,1980
266650209252327,96,53,43836,498.557,1980
266650259353387,96,53,43836,498.557,1980
266650309455877,96,55,43836,512.973,1980
266650359557450,96,55,43836,512.973,1980
266650409679985,96,55,43836,527.043,1980
266650459787993,96,55,43836,527.043,1980
266650509890408,97,53,43836,538.941,1980
266650560007356,97,53,43836,538.941,1980
266650610116871,97,53,43836,556.406,1980
266650660218118,97,53,43836,556.406,1980
266650710317949,99,56,43836,566.561,1980
266650760417632,99,56,43836,566.561,1980
266650810517226,99,56,43836,580.112,1980
266650860626928,99,56,43836,580.112,1980
266650910733493,58,45,43836,581.774,1980
266650960839786,58,45,43836,581.774,1980
266651010948222,58,45,43836,568.41,1980
266651061051970,58,45,43836,568.41,1980
266651111164408,70,37,43836,542.433,1980
266651161278283,70,37,43836,542.433,1980
266651211399143,70,37,43836,518.381,1980
266651261511373,70,37,43836,518.381,1980
266651311617827,71,38,43836,494.166,1980
266651361721538,71,38,43836,494.166,1980
266651411823800,71,38,43836,466.776,1980
266651461925747,71,38,43836,466.776,1980
266651512034775,72,40,43836,445.599,1980
266651562155382,72,40,43836,445.599,1980
266651612260240,72,40,43836,420.294,1980
266651662365420,72,40,43836,420.294,1980
266651712469413,72,40,43836,396.935,1980
266651762579356,72,40,43836,396.935,1980
266651812686968,72,40,43836,373.853,1980
266651862791664,72,40,43836,373.853,1980
266651912899732,73,42,43836,365.897,1980
266651963032099,73,42,43836,365.897,1980
266652013148855,73,42,43836,350.986,1980
266652063251432,73,42,43836,350.986,1980
266652113395113,75,43,43836,352.826,1980
266652163519793,75,43,43836,352.826,1980
266652213622003,75,43,43836,355.45,1980
266652263733789,75,43,43836,355.45,1980
266652313835721,76,44,43836,358.093,1980
266652363937133,76,44,43836,358.093,1980
266652414041024,76,44,43836,360.694,1980
266652464159600,76,44,43836,360.694,1980
266652514260542,78,45,43836,363.424,1980
266652564360216,78,45,43836,363.424,1980
266652614468133,78,45,43836,365.749,1980
266652664583312,78,45,43836,365.749,1980
266652714698687,79,47,43836,369.704,1980
266652764841145,79,47,43836,369.704,1980
266652814942537,79,47,43836,370.537,1980
266652865048621,79,47,43836,370.537,1980
266652915162070,80,48,43836,374.024,1980
266652965264781,80,48,43836,374.024,1980
266653015372576,80,48,43836,375.322,1980
266653065482508,80,48,43836,375.322,1980
266653115588636,80,48,43836,378.213,1980
266653165693303,80,48,43836,378.213,1980
266653215807765,80,48,43836,380.374,1980
266653265921600,80,48,43836,380.374,1980
266653316043417,81,50,43836,383.149,1980
266653366159353,81,50,43836,383.149,1980
266653416275112,81,50,43836,386.198,1980
266653466387608,81,50,43836,386.198,1980
266653516491310,82,51,43836,388.234,1980
266653566598764,82,51,43836,388.234,1980
266653616700292,82,51,43836,391.733,1980
266653666809651,82,51,43836,391.733,1980
266653716917338,83,52,43836,392.577,1980
266653767030740,83,52,43836,392.577,1980
266653817131991,83,52,43836,395.936,1980
266653867244541,83,52,43836,395.936,1980
266653917347915,88,54,43836,398.076,1980
266653967457961,88,54,43836,398.076,1980
266654017562792,88,54,43836,402.787,1980
266654067673394,88,54,43836,402.787,1980
266654117782138,88,55,43836,406.252,1980
266654167889907,88,55,43836,406.252,1980
266654218009086,88,55,43836,409.559,1980
266654268119452,88,55,43836,409.559,1980
266654318222217,90,57,43836,413.206,1980
266654368330839,90,57,43836,413.206,1980
266654418435763,90,57,43836,416.275,1980
266654468536339,90,57,43836,416.275,1980
266654518657053,91,58,43836,419.692,1980
266654568760230,91,58,43836,419.692,1980
266654618869872,91,58,43836,422.522,1980
266654668986822,91,58,43836,422.522,1980
266654719061971,92,59,43836,424.813,1980
266654769197199,92,59,43836,424.813,1980
266654819311961,92,59,43836,428.799,1980
266654869421638,92,59,43836,428.799,1980
266654919522114,92,60,43836,432.241,1980
266654969624370,92,60,43836,432.241,1980
266655019737459,92,60,43836,434.991,1980
266655069849095,92,60,43836,434.991,1980
266655119951139,93,61,43836,437.959,1980
266655170053918,93,61,43836,437.959,1980
266655220177489,93,61,43836,440.417,1980
266655270280565,93,61,43836,440.417,1980
266655320399758,94,61,43836,443.094,1980
266655370505268,94,61,43836,443.094,1980
266655420620515,94,61,43836,445.482,1980
266655470725136,94,61,43836,445.482,1980
266655520843625,94,62,43836,446.644,1980
266655570956381,94,62,43836,446.644,1980
266655621045268,94,62,43836,448.641,1980
266655671149741,94,62,43836,448.641,1980
266655721257260,95,63,43836,450.85,1980
266655771365871,95,63,43836,450.85,1980
266655821481709,95,63,43836,451.889,1980
266655871588571,95,63,43836,451.889,1980
266655921695491,95,63,43836,454.841,1980
266655971815256,95,63,43836,454.841,1980
266656021920945,95,63,43836,455.264,1980
266656072040852,95,63,43836,455.264,1980
266656122144027,95,63,43836,456.18,1980
266656172248882,95,63,43836,456.18,1980
266656222353964,95,63,43836,458.391,1980
266656272464419,95,63,43836,458.391,1980
266656322579233,95,64,43836,460.398,1980
266656372706335,95,64,43836,460.398,1980
266656422808285,95,64,43836,460.408,1980
266656472924697,95,64,43836,460.408,1980
266656523028194,94,64,43836,462.402,1980
266656573182660,94,64,43836,462.402,1980
266656623288666,94,64,43836,464.527,1980
266656673399403,94,64,43836,464.527,1980
266656723502388,96,65,43836,464.704,1980
266656773609569,96,65,43836,464.704,1980
266656823712149,96,65,43836,470.687,1980
266656873818743,96,65,43836,470.687,1980
266656923922365,97,50,43836,485.214,1980
266656974027853,97,50,43836,485.214,1980
266657024131279,97,50,43836,499.082,1980
266657074244087,97,50,43836,499.082,1980
266657124350942,99,55,43836,510.257,1980
266657174453018,99,55,43836,510.257,1980
266657224553481,99,55,43836,518.945,1980
266657274653570,99,55,43836,518.945,1980
266657324767334,96,54,43836,531.61,1980
266657374867545,96,54,43836,531.61,1980
266657424969520,96,54,43836,543.729,1980
266657475059822,96,54,43836,543.729,1980
266657525158492,97,53,43836,557.118,1980
266657575258255,97,53,43836,557.118,1980
266657625357224,97,53,43836,563.923,1980
266657675457852,97,53,43836,563.923,1980
266657725563825,98,57,43836,573.188,1980
266657775675039,98,57,43836,573.188,1980
266657825784052,98,57,43836,579.013,1965
266657875887276,98,57,43836,579.013,1965
266657925990383,89,55,43836,566.59,1965
266657976105794,89,55,43836,566.59,1965
266658026214786,89,55,43836,542.953,1965
266658076324837,89,55,43836,542.953,1965
266658126431286,76,44,43836,523.669,1965
266658176533155,76,44,43836,523.669,1965
266658226633845,76,44,43836,502.379,1980
266658276736507,76,44,43836,502.379,1980
266658326836346,77,45,43836,481.95,1980
266658376945799,77,45,43836,481.95,1980
266658427055888,77,45,43836,462.671,1980
266658477157356,77,45,43836,462.671,1980
266658527259137,79,46,43836,443.873,1980
266658577362416,79,46,43836,443.873,1980
266658627466241,79,46,43836,424.6,1980
266658677582364,79,46,43836,424.6,1980
266658727697989,79,47,43836,403.069,1980
266658777798424,79,47,43836,403.069,1980
266658827913306,79,47,43836,386.771,1980
266658878044517,79,47,43836,386.771,1980
266658928175273,80,49,43836,377.76,1980
266658978278752,80,49,43836,377.76,1980
266659028381056,80,49,43836,380.653,1980
266659078493923,80,49,43836,380.653,1980
266659128599842,82,50,43836,384.917,1980
266659178708151,82,50,43836,384.917,1980
266659228815184,82,50,43836,386.951,1980
266659278932906,82,50,43836,386.951,1980
266659329062997,83,51,43836,388.969,1980
266659379164923,83,51,43836,388.969,1980
266659429266702,83,51,43836,390.634,1980
266659479373344,83,51,43836,390.634,1980
266659529480340,84,52,43836,391.707,1980
266659579580504,84,52,43836,391.707,1980
266659629701870,84,52,43836,395.178,1980
266659679812297,84,52,43836,395.178,1980
266659729921292,87,54,43836,397.807,1980
266659780045855,87,54,43836,397.807,1980
266659830164753,87,54,43836,402.344,1980
266659880284294,87,54,43836,402.344,1980
266659930390265,88,55,43836,404.293,1980
266659980493941,88,55,43836,404.293,1980
266660030611279,88,55,43836,407.431,1980
266660080726217,88,55,43836,407.431,1980
266660130835033,89,56,43836,407.885,1980
266660180937152,89,56,43836,407.885,1980
266660231046706,89,56,43836,410.847,1980
266660281160957,89,56,43836,410.847,1980
266660331274884,91,58,43836,414.73,1980
266660381385857,91,58,43836,414.73,1980
266660431513450,91,58,43836,417.422,1980
266660481638638,91,58,43836,417.422,1980
266660531755193,91,58,43836,421.198,1980
266660581862217,91,58,43836,421.198,1980
266660632015779,91,58,43836,423.485,1980
266660682127553,91,58,43836,423.485,1980
266660732240813,93,60,43836,427.061,1980
266660782343649,93,60,43836,427.061,1980
266660832451763,93,60,43836,429.003,1980
266660882553624,93,60,43836,429.003,1980
266660932679472,93,60,43836,432.562,1980
266660982797101,93,60,43836,432.562,1980
266661032902645,93,60,43836,435.189,1980
266661083086299,93,60,43836,435.189,1980
266661133192396,93,61,43836,439.736,1980
266661183304307,93,61,43836,439.736,1980
266661233428786,93,61,43836,442.67,1980
266661283536750,93,61,43836,442.67,1980
266661333642586,93,62,43836,443.38,1980
266661383762462,93,62,43836,443.38,1980
266661433879727,93,62,43836,445.219,1980
266661483988165,93,62,43836,445.219,1980
266661534105375,95,63,43836,447.93,1980
266661584208733,95,63,43836,447.93,1980
266661634309548,95,63,43836,449.981,1980
266661684422226,95,63,43836,449.981,1980
266661734522562,95,63,43836,451.659,1980
266661784631314,95,63,43836,451.659,1980
266661834742347,95,63,43836,452.941,1980
266661884851934,95,63,43836,452.941,1980
266661934958499,94,63,43836,453.845,1980
266661985077379,94,63,43836,453.845,1980
266662035184750,94,63,43836,454.743,1980
266662085293371,94,63,43836,454.743,1980
266662135396148,96,64,43836,455.192,1980
266662185519181,96,64,43836,455.192,1980
266662235634771,96,64,43836,455.626,1980
266662285736431,96,64,43836,455.626,1980
266662335844981,94,64,43836,457.696,1980
266662386052225,94,64,43836,457.696,1980
266662436158098,94,64,43836,459.737,1980
266662486266300,94,64,43836,459.737,1980
266662536383751,95,65,43836,460.534,1980
266662586500550,95,65,43836,460.534,1980
266662636612267,95,65,43836,458.692,1980
266662686727560,95,65,43836,458.692,1980
266662736840272,96,64,43836,462.554,1980
266662786945097,96,64,43836,462.554,1980
266662837058541,96,64,43836,464.223,1980
266662887163630,96,64,43836,464.223,1980
266662937274401,96,64,43836,464.411,1980
266662987395682,96,64,43836,464.411,1980
266663037506550,96,64,43836,464.584,1980
266663087618158,96,64,43836,464.584,1980
266663137735825,96,65,43836,465.08,1980
266663187842476,96,65,43836,465.08,1980
266663237951096,96,65,43836,466.322,1980
266663288119610,96,65,43836,466.322,1980
266663338256456,96,65,43836,465.968,1980
266663388366123,96,65,43836,465.968,1980
266663438481606,96,65,43836,464.764,1980
266663488589577,96,65,43836,464.764,1980
266663538694724,96,66,43836,467.977,1980
266663588855463,96,66,43836,467.977,1980
266663638962482,96,66,43836,474.253,1980
266663689064908,96,66,43836,474.253,1980
266663739221813,96,66,43836,472.975,1980
266663789339642,96,66,43836,472.975,1980
266663839470860,96,66,43836,471.289,1980
266663889587509,96,66,43836,471.289,1980
266663939700323,98,54,43836,487.872,1980
266663989806154,98,54,43836,487.872,1980
266664039920936,98,54,43836,503.806,1980
266664090037529,98,54,43836,503.806,1980
266664140160169,96,56,43836,517.575,1980
266664190275681,96,56,43836,517.575,1980
266664240385425,96,56,43836,528.375,1980
266664290494083,96,56,43836,528.375,1980
266664340614742,97,58,43836,541.855,1980
266664390717149,97,58,43836,541.855,1980
266664440840640,97,58,43836,554.645,1980
266664490941776,97,58,43836,554.645,1980
266664541044850,96,56,43836,567.478,1980
266664591153575,96,56,43836,567.478,1980
266664641256589,96,56,43836,575.656,1980
266664691362984,96,56,43836,575.656,1980
266664741468296,97,55,43836,588.291,1980
266664791570947,97,55,43836,588.291,1980
266664841685229,97,55,43836,600.588,1980
266664891792545,97,55,43836,600.588,1980
266664941897163,66,50,43836,588.545,1980
266664992014585,66,50,43836,588.545,1980
266665042131100,66,50,43836,572.081,1980
266665092241521,66,50,43836,572.081,1980
266665142345727,71,38,43836,546.346,1980
266665192448926,71,38,43836,546.346,1980
266665242560771,71,38,43836,522.155,1980
266665292664476,71,38,43836,522.155,1980
266665342797008,72,40,43836,500.289,1980
266665392906747,72,40,43836,500.289,1980
266665443024741,72,40,43836,474.615,1980
266665493131767,72,40,43836,474.615,1980
266665543259843,73,41,43836,451.147,1980
266665593362842,73,41,43836,451.147,1980
266665643465531,73,41,43836,426.69,1980
266665693568601,73,41,43836,426.69,1980
266665743670533,74,42,43836,402.435,1980
266665793771440,74,42,43836,402.435,1980
266665843887812,74,42,43836,381.098,1980
266665893990275,74,42,43836,381.098,1980
266665944065410,75,43,43836,371.31,1980
266665994170786,75,43,43836,371.31,1980
266666044279760,75,43,43836,354.51,1980
266666094386499,75,43,43836,354.51,1980
266666144498947,76,45,43836,357.503,1980
266666194619111,76,45,43836,357.503,1980
266666244729797,76,45,43836,360.768,1980
266666294831516,76,45,43836,360.768,1980
266666344935778,78,46,43836,362.421,1980
266666395050699,78,46,43836,362.421,1980
266666445221720,78,46,43836,367.228,1980
266666495359515,78,46,43836,367.228,1980
266666545467711,79,47,43836,369.388,1980
266666603097607,79,47,43836,369.388,1980
266666653206895,79,47,43836,371.948,1980
266666703319713,79,47,43836,371.948,1980
266666753431530,80,48,43836,374.083,1980
266666803535022,80,48,43836,374.083,1980
266666853650415,80,48,43836,378.403,1980
266666903777830,80,48,43836,378.403,1980
266666953886830,81,49,43836,380.437,1980
266667004010824,81,49,43836,380.437,1980
266667054127931,81,49,43836,383.917,1980
266667104238604,81,49,43836,383.917,1980
266667154369887,83,51,43836,387.757,1980
266667204489674,83,51,43836,387.757,1980
266667254597646,83,51,43836,389.427,1980
266667304707768,83,51,43836,389.427,1980
266667354823804,84,52,43836,391.592,1980
266667404934987,84,52,43836,391.592,1980
266667455053454,84,52,43836,394.164,1980
266667505165983,84,52,43836,394.164,1980
266667555288167,85,53,43836,397.636,1980
266667605392451,85,53,43836,397.636,1980
266667655497034,85,53,43836,399.933,1980
266667705603254,85,53,43836,399.933,1980
266667755705455,88,54,43836,404.382,1980
266667805822066,88,54,43836,404.382,1980
266667855929605,88,54,43836,404.809,1980
266667906036864,88,54,43836,404.809,1980
266667956160501,89,56,43836,408.479,1980
266668006269193,89,56,43836,408.479,1980
266668056386839,89,56,43836,412.632,1980
266668106508937,89,56,43836,412.632,1980
266668156614341,89,57,43836,414.476,1980
266668206720187,89,57,43836,414.476,1980
266668256822191,89,57,43836,416.217,1980
266668306942129,89,57,43836,416.217,1980
266668357058779,90,57,43836,420.052,1980
266668407161317,90,57,43836,420.052,1980
266668457263529,90,57,43836,422.813,1980
266668507364895,90,57,43836,422.813,1980
266668557472455,91,58,43836,425.675,1980
266668607576850,91,58,43836,425.675,1980
266668657680937,91,58,43836,427.96,1980
266668707792448,91,58,43836,427.96,1980
266668757893896,92,60,43836,430.187,1980
266668808019629,92,60,43836,430.187,1980
266668858183565,92,60,43836,435.505,1980
266668908390404,92,60,43836,435.505,1980
266668958510327,93,61,43836,436.757,1980
266669008642427,93,61,43836,436.757,1980
266669058761982,93,61,43836,438.696,1980
266669108870260,93,61,43836,438.696,1980
266669158990203,94,61,43836,440.305,1980
266669209113560,94,61,43836,440.305,1980
266669259230414,94,61,43836,443.567,1980
266669309341598,94,61,43836,443.567,1980
266669359480290,95,63,43836,445.176,1980
266669409592666,95,63,43836,445.176,1980
266669459698893,95,63,43836,446.846,1980
266669509809844,95,63,43836,446.846,1980
266669559932219,95,63,43836,448.858,1980
266669610045811,95,63,43836,448.858,1980
266669660171743,95,63,43836,451.894,1980
266669710288050,95,63,43836,451.894,1980
266669760399646,94,63,43836,452.253,1980
266669810510567,94,63,43836,452.253,1980
266669860609556,94,63,43836,452.864,1980
266669910713574,94,63,43836,452.864,1980
266669960813773,95,64,43836,454.723,1980
266670010913296,95,64,43836,454.723,1980
266670061034261,95,64,43836,456.304,1980
266670111140880,95,64,43836,456.304,1980
266670161255501,95,64,43836,458.692,1980
266670211356150,95,64,43836,458.692,1980
266670261479853,95,64,43836,460.57,1980
266670311590905,95,64,43836,460.57,1980
266670361701860,95,65,43836,461.679,1980
266670411820013,95,65,43836,461.679,1980
266670461970181,95,65,43836,462.534,1980
266670512088683,95,65,43836,462.534,1980
266670562201988,96,64,43836,461.549,1980
266670612311929,96,64,43836,461.549,1980
266670662415503,96,64,43836,461.566,1980
266670712516153,96,64,43836,461.566,1980
266670762619361,96,65,43836,465.513,1980
266670812768470,96,65,43836,465.513,1980
266670862902979,96,65,43836,471.613,1980
266670913023904,96,65,43836,471.613,1980
266670963130475,95,51,43836,484.003,1980
266671013238346,95,51,43836,484.003,1980
266671063346459,95,51,43836,496.047,1980
266671114397032,95,51,43836,496.047,1980
266671164509966,96,54,43836,510.759,1980
266671214618923,96,54,43836,510.759,1980
266671264722650,96,54,43836,525.42,1980
266671314828991,96,54,43836,525.42,1980
266671364934852,96,54,43836,540.897,1980
266671415045034,96,54,43836,540.897,1980
266671465150385,96,54,43836,558.056,1980
266671515254087,96,54,43836,558.056,1980
266671565361054,96,55,43836,571.721,1980
266671615467922,96,55,43836,571.721,1980
266671665572087,96,55,43836,585.638,1980
266671715676867,96,55,43836,598.244,1980
266671765785302,96,54,43836,598.244,1980
266671815898208,96,54,43836,597.287,1980
266671866010273,96,54,43836,597.287,1980
266671916127381,92,59,43836,585.441,1980
266671966233892,92,59,43836,585.441,1980
266672016351152,92,59,43836,560.063,1980
266672066467474,92,59,43836,560.063,1980
266672116588663,71,39,43836,534.619,1980
266672166693809,71,39,43836,534.619,1980
266672216803742,71,39,43836,507.668,1980
266672266926539,71,39,43836,507.668,1980
266672317034688,72,40,43836,476.565,1980
266672367139998,72,40,43836,476.565,1980
266672417257403,72,40,43836,450.674,1980
266672467361733,72,40,43836,450.674,1980
266672517464813,73,41,43836,428.365,1980
266672567592853,73,41,43836,428.365,1980
266672617738895,73,41,43836,401.41,1980
266672667851299,73,41,43836,401.41,1980
266672717970552,74,42,43836,380.469,1980
266672768082093,74,42,43836,380.469,1980
266672818190018,74,42,43836,361.985,1980
266672868302609,74,42,43836,361.985,1980
266672918405693,75,43,43836,352.613,1980
266672968510362,75,43,43836,352.613,1980
266673018615448,75,43,43836,355.164,1980
266673068726000,75,43,43836,355.164,1980
266673118835556,77,44,43836,359.387,1980
266673168942246,77,44,43836,359.387,1980
266673219047900,77,44,43836,361.23,1980
266673269151145,77,44,43836,361.23,1980
266673319258742,78,46,43836,363.891,1980
266673369417103,78,46,43836,363.891,1980
266673419532533,78,46,43836,364.865,1980
266673469637258,78,46,43836,364.865,1980
266673519740189,79,47,43836,367.909,1980
266673569854147,79,47,43836,367.909,1980
266673619960367,79,47,43836,369.77,1980
266673670061201,79,47,43836,369.77,1980
266673720160868,80,48,43836,372.735,1980
266673770262656,80,48,43836,372.735,1980
266673820363872,80,48,43836,374.889,1980
266673870489729,80,48,43836,374.889,1980
266673920599663,80,49,43836,376.94,1980
266673970706122,80,49,43836,376.94,1980
266674020837959,80,49,43836,379.172,1980
266674070958260,80,49,43836,379.172,1980
266674121065606,82,50,43836,380.257,1980
266674171178965,82,50,43836,380.257,1980
266674221289399,82,50,43836,383.681,1980
266674271392883,82,50,43836,383.681,1980
266674321513929,83,52,43836,385.644,1980
266674371634176,83,52,43836,385.644,1980
266674421752091,83,52,43836,390.033,1980
266674471859223,83,52,43836,390.033,1980
266674521975339,84,53,43836,391.387,1980
266674572078517,84,53,43836,391.387,1980
266674622178874,84,53,43836,394.301,1980
266674672304585,84,53,43836,394.301,1980
266674722406891,87,54,43836,396.729,1980
266674772511180,87,54,43836,396.729,1980
266674822613282,87,54,43836,400.174,1980
266674872727075,87,54,43836,400.174,1980
266674922840231,89,55,43836,403.121,1980
266674972941447,89,55,43836,403.121,1980
266675023053546,89,55,43836,405.423,1980
266675073163138,89,55,43836,405.423,1980
266675123301944,90,57,43836,409.472,1980
266675173408057,90,57,43836,409.472,1980
266675223523387,90,57,43836,410.984,1980
266675273644146,90,57,43836,410.984,1980
266675323745987,91,58,43836,415.243,1980
266675373848104,91,58,43836,415.243,1980
266675423959505,91,58,43836,417.308,1980
266675474074497,91,58,43836,417.308,1980
266675524187111,92,59,43836,421.377,1980
266675574290303,92,59,43836,421.377,1980
266675624390161,92,59,43836,424.491,1980
266675674491745,92,59,43836,424.491,1980
266675724673985,92,60,43836,429.146,1980
266675774785487,92,60,43836,429.146,1980
266675824915757,92,60,43836,432.738,1980
266675875041329,92,60,43836,432.738,1980
266675926331537,92,60,43836,435.398,1980
266675977273824,92,60,43836,435.398,1980
266676027438672,92,60,43836,439.743,1980
266676077608784,92,60,43836,439.743,1980
266676127720712,93,61,43836,441.828,1980
266676177833058,93,61,43836,441.828,1980
266676227965859,93,61,43836,446.502,1980
266676278071538,93,61,43836,446.502,1980
266676328172233,93,62,43836,449.207,1980
266676378310398,93,62,43836,449.207,1980
266676428410714,93,62,43836,453.657,1980
266676478512682,93,62,43836,453.657,1980
266676528624082,95,63,43836,455.06,1980
266676578731146,95,63,43836,455.06,1980
266676628844935,95,63,43836,457.304,1980
266676678975529,95,63,43836,457.304,1980
266676729081113,95,63,43836,458.044,1980
266676779187071,95,63,43836,458.044,1980
266676829306151,95,63,43836,458.623,1980
266676879409844,95,63,43836,458.623,1980
266676929515263,94,63,43836,458.958,1980
266676979624200,94,63,43836,458.958,1980
266677029729360,94,63,43836,460.99,1980
266677079838985,94,63,43836,460.99,1980
266677129960724,95,64,43836,462.43,1980
266677180072976,95,64,43836,462.43,1980
266677230189190,95,64,43836,462.753,1980
266677280308651,95,64,43836,462.753,1980
266677330416974,95,65,43836,463.542,1980
266677380536040,95,65,43836,463.542,1980
266677430650365,95,65,43836,462.014,1980
266677480756252,95,65,43836,462.014,1980
266677530860235,96,65,43836,461.366,1980
266677580962867,96,65,43836,461.366,1980
266677631062096,96,65,43836,460.573,1980
266677681163027,96,65,43836,460.573,1980
266677731322586,82,51,43836,465.806,1980
266677781449960,82,51,43836,465.806,1980
266677831558889,82,51,43836,480.25,1980
266677881951564,82,51,43836,480.25,1980
266677932186811,99,55,43836,496.488,1980
266677982296569,99,55,43836,496.488,1980
266678032405868,99,55,43836,505.761,1980
266678082514748,99,55,43836,505.761,1980
266678132693911,96,55,43836,517.019,1980
266678182824091,96,55,43836,517.019,1980
266678232933173,96,55,43836,530.156,1980
266678283044977,96,55,43836,530.156,1980
266678333152651,97,53,43836,546.248,1980
266678383254132,97,53,43836,546.248,1980
266678433357516,97,53,43836,562.867,1980
266678483466390,97,53,43836,562.867,1980
266678533574455,99,55,43836,576.976,1980
266678583678703,99,55,43836,576.976,1980
266678635667579,99,55,43836,588.173,1980
266678685783916,99,55,43836,588.173,1980
266678735888725,66,49,43836,591.796,1980
266678785991122,66,49,43836,591.796,1980
266678836132822,66,49,43836,569.572,1980
266678886242881,66,49,43836,569.572,1980
266678936346827,65,34,43836,540.43,1980
266678986469480,65,34,43836,540.43,1980
266679036575737,65,34,43836,516.326,1980
266679086686306,65,34,43836,516.326,1980
266679136817292,67,36,43836,490.138,1980
266679186919087,67,36,43836,490.138,1980
266679237036290,67,36,43836,464.208,1980
266679287144902,67,36,43836,464.208,1980
266679337252783,70,37,43836,439.337,1980
266679387355741,70,37,43836,439.337,1980
266679437472754,70,37,43836,412.458,1980
266679487577795,70,37,43836,412.458,1980
266679537696101,71,39,43836,389.086,1980
266679587800357,71,39,43836,389.086,1980
266679637920767,71,39,43836,361.863,1980
266679688032565,71,39,43836,361.863,1980
266679738150048,72,40,43836,348.876,1980
266679788259487,72,40,43836,348.876,1980
266679838360390,72,40,43836,338.224,1980
266679888469281,72,40,43836,338.224,1980
266679938577402,73,41,43836,341.39,1980
266679988712082,73,41,43836,341.39,1980
266680038838031,73,41,43836,344.355,1980
266680088960531,73,41,43836,344.355,1980
266680139067740,74,42,43836,346.905,1980
266680189177719,74,42,43836,346.905,1980
266680239287441,74,42,43836,348.957,1980
266680289413531,74,42,43836,348.957,1980
266680339519290,75,43,43836,351.639,1980
266680389633015,75,43,43836,351.639,1980
266680439759260,75,43,43836,354.829,1980
266680489893977,75,43,43836,354.829,1980
266680539996613,76,44,43836,357.712,1980
266680590102596,76,44,43836,357.712,1980
266680640207617,76,44,43836,359.989,1980
266680690314781,76,44,43836,359.989,1980
266680740488799,77,45,43836,362.076,1980
266680790643975,77,45,43836,362.076,1980
266680840781264,77,45,43836,366.163,1980
266680890897765,77,45,43836,366.163,1980
266680941014285,78,47,43836,367.437,1980
266680991118040,78,47,43836,367.437,1980
266681041223391,78,47,43836,370.415,1980
266681091335488,78,47,43836,370.415,1980
266681141444050,79,48,43836,372.325,1980
266681191574810,79,48,43836,372.325,1980
266681241691826,79,48,43836,374.198,1980
266681291813339,79,48,43836,374.198,1980
266681341925144,81,49,43836,376.447,1980
266681392048596,81,49,43836,376.447,1980
266681442170082,81,49,43836,379.131,1980
266681492291781,81,49,43836,379.131,1980
266681542392361,83,51,43836,381.653,1980
266681592507718,83,51,43836,381.653,1980
266681642625425,83,51,43836,385.018,1980
266681692728387,83,51,43836,385.018,1980
266681742830000,83,51,43836,388.136,1980
266681792936349,83,51,43836,388.136,1980
266681843038635,83,51,43836,388.46,1980
266681893149792,83,51,43836,388.46,1980
266681943263604,84,53,43836,394.021,1980
266681993364898,84,53,43836,394.021,1980
266682043467008,84,53,43836,397.011,1980
266682093572728,84,53,43836,397.011,1980
266682143723149,87,53,43836,400.868,1980
266682193834545,87,53,43836,400.868,1980
266682243947000,87,53,43836,404.365,1980
266682294067796,87,53,43836,404.365,1980
266682344173812,88,55,43836,407.406,1980
266682394273774,88,55,43836,407.406,1980
266682444392290,88,55,43836,409.265,1980
266682494492095,88,55,43836,409.265,1980
266682544679770,88,56,43836,411.672,1980
266682594838050,88,56,43836,411.672,1980
266682644950306,88,56,43836,414.464,1980
266682695060893,88,56,43836,414.464,1980
266682745181430,90,57,43836,418.281,1980
266682795299473,90,57,43836,418.281,1980
266682845411846,90,57,43836,423.332,1980
266682895526022,90,57,43836,423.332,1980
266682945643396,90,58,43836,424.795,1980
266682995755236,90,58,43836,424.795,1980
266683045881796,90,58,43836,427.135,1980
266683095988125,90,58,43836,427.135,1980
266683146057256,91,59,43836,429.292,1980
266683196187840,91,59,43836,429.292,1980
266683246315064,91,59,43836,432.591,1980
266683296427920,91,59,43836,432.591,1980
266683346537001,93,61,43836,435.89,1980
266683396650110,93,61,43836,435.89,1980
266683446765418,93,61,43836,438.774,1980
266683496880320,93,61,43836,438.774,1980
266683546988027,94,62,43836,440.594,1980
266683597045416,94,62,43836,440.594,1980
266683647152263,94,62,43836,442.842,1980
266683697262958,94,62,43836,442.842,1980
266683747372595,95,62,43836,446.06,1980
266683797474786,95,62,43836,446.06,1980
266683847577625,95,62,43836,446.789,1980
266683897683854,95,62,43836,446.789,1980
266683947785123,95,63,43836,448.617,1980
266683997904602,95,63,43836,448.617,1980
266684048030279,95,63,43836,450.744,1980
266684098151262,95,63,43836,450.744,1980
266684148257171,94,63,43836,452.022,1980
266684198369993,94,63,43836,452.022,1980
266684248475846,94,63,43836,454.502,1980
266684298605954,94,63,43836,454.502,1980
266684348719117,95,64,43836,455.67,1980
266684398842651,95,64,43836,455.67,1980
266684448953728,95,64,43836,455.992,1980
266684499056297,95,64,43836,455.992,1980
266684549166356,94,64,43836,454.03,1980
266684599271755,94,64,43836,454.03,1980
266684649375296,94,64,43836,469.939,1980
266684699478392,94,64,43836,469.939,1980
266684749608135,96,51,43836,483.573,1980
266684799715586,96,51,43836,483.573,1980
266684849818878,96,51,43836,495.916,1980
266684899921867,96,51,43836,495.916,1980
266684950028538,97,53,43836,507.635,1980
266685000143428,97,53,43836,507.635,1980
266685050244644,97,53,43836,521.557,1980
266685100348128,97,53,43836,521.557,1980
266685150450162,99,55,43836,534.235,1980
266685200567717,99,55,43836,534.235,1980
266685250672255,99,55,43836,545.622,1980
266685300773030,99,55,43836,545.622,1980
266685350875060,96,54,43836,555.99,1980
266685400979607,96,54,43836,555.99,1980
266685453926054,96,54,43836,569.212,1980
266685504035922,96,54,43836,569.212,1980
266685554142401,66,48,43836,573.487,1980
266685604249821,66,48,43836,573.487,1980
266685654352351,66,48,43836,568.235,1980
266685704467850,66,48,43836,568.235,1980
266685754571509,71,39,43836,543.596,1980
266685804674388,71,39,43836,543.596,1980
266685854787182,71,39,43836,521.217,1980
266685904906695,71,39,43836,521.217,1980
266685955052298,72,40,43836,496.596,1980
266686005162967,72,40,43836,496.596,1980
266686055293337,72,40,43836,473.059,1980
266686105396245,72,40,43836,473.059,1980
266686155503834,74,42,43836,452.302,1980
266686205619960,74,42,43836,452.302,1980
266686255736474,74,42,43836,429.944,1980
266686305860465,74,42,43836,429.944,1980
266686355981646,75,43,43836,407.947,1980
266686406054762,75,43,43836,407.947,1980
266686456157969,75,43,43836,384.832,1980
266686506270556,75,43,43836,384.832,1980
266686556395435,76,44,43836,373.015,1980
266686606499566,76,44,43836,373.015,1980
266686656608214,76,44,43836,358.989,1980
266686706720040,76,44,43836,358.989,1980
266686756834111,77,45,43836,360.29,1980
266686806937125,77,45,43836,360.29,1980
266686857054981,77,45,43836,363.413,1980
266686907173045,77,45,43836,363.413,1980
266686957284651,78,46,43836,367.127,1980
266687007390621,78,46,43836,367.127,1980
266687057498481,78,46,43836,368.579,1980
266687107610026,78,46,43836,368.579,1980
266687157727763,80,47,43836,371.24,1980
266687207838091,80,47,43836,371.24,1980
266687257941973,80,47,43836,373.208,1980
266687308063228,80,47,43836,373.208,1980
266687358175685,81,49,43836,378.049,1980
266687408286731,81,49,43836,378.049,1980
266687458449101,81,49,43836,380.974,1980
266687508553483,81,49,43836,380.974,1980
266687558654031,81,50,43836,383.189,1980
266687608776269,81,50,43836,383.189,1980
266687658877859,81,50,43836,386.168,1980
266687708991381,81,50,43836,386.168,1980
266687759101892,83,51,43836,389.07,1980
266687809210704,83,51,43836,389.07,1980
266687859334757,83,51,43836,392.722,1980
266687909452068,83,51,43836,392.722,1980
266687959573484,83,52,43836,396.863,1980
266688009689893,83,52,43836,396.863,1980
266688059795902,83,52,43836,400.106,1980
266688109914580,83,52,43836,400.106,1980
266688160044359,86,53,43836,403.531,1980
266688210147548,86,53,43836,403.531,1980
266688260277527,86,53,43836,407.331,1980
266688310381619,86,53,43836,407.331,1980
266688360482061,87,55,43836,409.758,1980
266688410656220,87,55,43836,409.758,1980
266688460797356,87,55,43836,413.616,1980
266688510920928,87,55,43836,413.616,1980
266688561049526,89,56,43836,418.668,1980
266688611164502,89,56,43836,418.668,1980
266688661274917,89,56,43836,420.321,1980
266688711397354,89,56,43836,420.321,1980
266688761515402,90,57,43836,421.347,1980
266688811644438,90,57,43836,421.347,1980
266688861762312,90,57,43836,423.709,1980
266688911874375,90,57,43836,423.709,1980
266688961990643,90,58,43836,425.296,1980
266689012092083,90,58,43836,425.296,1980
266689062198825,90,58,43836,428.785,1980
266689112312087,90,58,43836,428.785,1980
266689162427133,92,59,43836,431.141,1980
266689212529437,92,59,43836,431.141,1980
266689262651748,92,59,43836,433.441,1980
266689312769879,92,59,43836,433.441,1980
266689362887954,93,60,43836,434.186,1980
266689413006091,93,60,43836,434.186,1980
266689463111727,93,60,43836,435.952,1980
266689513270256,93,60,43836,435.952,1980
266689563466812,94,62,43836,437.0,1980
266689613602357,94,62,43836,437.0,1980
266689663705497,94,62,43836,439.261,1980
266689713813166,94,62,43836,439.261,1980
266689763914924,95,62,43836,444.429,1980
266689814019054,95,62,43836,444.429,1980
266689864127719,95,62,43836,446.846,1980
266689914234016,95,62,43836,446.846,1980
266689964338075,95,63,43836,449.462,1980
266690014447538,95,63,43836,449.462,1980
266690064548565,95,63,43836,450.423,1980
266690114657594,95,63,43836,450.423,1980
266690164771271,94,63,43836,452.056,1980
266690214884357,94,63,43836,452.056,1980
266690264983529,94,63,43836,454.253,1980
266690315092549,94,63,43836,454.253,1980
266690365200892,95,64,43836,457.476,1980
266690415308874,95,64,43836,457.476,1980
266690465424150,95,64,43836,458.76,1980
266690515529607,95,64,43836,458.76,1980
266690565638141,95,64,43836,461.422,1980
266690615745486,95,64,43836,461.422,1980
266690665867782,95,64,43836,464.486,1980
266690715968361,95,64,43836,464.486,1980
266690766099499,95,64,43836,465.207,1980
266690816213046,95,64,43836,465.207,1980
266690866317649,95,64,43836,466.192,1980
266690916417630,95,64,43836,466.192,1980
266690966516522,95,65,43836,466.792,1980
266691016626404,95,65,43836,466.792,1980
266691066740245,95,65,43836,466.608,1980
266691116846536,95,65,43836,466.608,1980
266691166946462,96,64,43836,467.754,1980
266691217047080,96,64,43836,467.754,1980
266691267150934,96,64,43836,468.146,1980
266691317248980,96,64,43836,468.146,1980
266691367791241,96,64,43836,464.674,1980
266691417934307,96,64,43836,464.674,1980
266691468049253,96,64,43836,464.741,1980
266691518157219,96,64,43836,464.741,1980
266691568264291,92,49,43836,476.44,1980
266691618368796,92,49,43836,476.44,1980
266691668481238,92,49,43836,485.698,1980
266691718597597,92,49,43836,485.698,1980
266691768702308,96,55,43836,498.956,1980
266691818810626,96,55,43836,498.956,1980
266691868919120,96,55,43836,511.583,1980
266691919039890,96,55,43836,511.583,1980
266691969146554,96,55,43836,523.811,1980
266692019248331,96,55,43836,523.811,1980
266692069352665,96,55,43836,538.451,1980
266692119457241,96,55,43836,538.451,1980
266692169567800,96,55,43836,550.793,1980
266692219676670,96,55,43836,550.793,1980
266692269781672,96,55,43836,561.321,1980
266692319882422,96,55,43836,561.321,1980
266692372491922,96,55,43836,578.764,1980
266692422611943,96,55,43836,578.764,1980
266692472717607,96,55,43836,576.605,1980
266692522835069,96,55,43836,576.605,1980
266692572940823,71,45,43836,577.217,1965
266692623064980,71,45,43836,577.217,1965
266692673185032,71,45,43836,552.213,1965
266692723287182,71,45,43836,552.213,1965
266692773396731,71,39,43836,530.296,1965
266692823518751,71,39,43836,530.296,1965
266692873632119,71,39,43836,504.062,1980
266692923751431,71,39,43836,504.062,1980
266692973866437,72,40,43836,478.721,1980
266693023980602,72,40,43836,478.721,1980
266693074056243,72,40,43836,454.984,1980
266693124159406,72,40,43836,454.984,1980
266693174263630,73,42,43836,432.331,1980
266693224372075,73,42,43836,432.331,1980
266693274501799,73,42,43836,410.083,1980
266693324606181,73,42,43836,410.083,1980
266693374717494,75,43,43836,390.309,1980
266693424822988,75,43,43836,390.309,1980
266693474935557,75,43,43836,383.429,1980
266693525044285,75,43,43836,383.429,1980
266693575150529,76,44,43836,355.569,1980
266693625254883,76,44,43836,355.569,1980
266693675361394,76,44,43836,358.156,1980
266693725466497,76,44,43836,358.156,1980
266693775646024,77,45,43836,360.031,1980
266693825801507,77,45,43836,360.031,1980
266693875994116,77,45,43836,363.262,1980
266693926131875,77,45,43836,363.262,1980
266693976246830,78,46,43836,366.915,1980
266694026380107,78,46,43836,366.915,1980
266694076495795,78,46,43836,368.803,1980
266694126640565,78,46,43836,368.803,1980
266694176744515,80,48,43836,373.14,1980
266694226857033,80,48,43836,373.14,1980
266694276963658,80,48,43836,374.627,1980
266694327074307,80,48,43836,374.627,1980
266694377180170,81,49,43836,377.195,1980
266694427288597,81,49,43836,377.195,1980
266694477403638,81,49,43836,378.389,1980
266694527540567,81,49,43836,378.389,1980
266694577653148,81,50,43836,384.258,1980
266694627771100,81,50,43836,384.258,1980
266694677875523,81,50,43836,385.866,1980
266694727976636,81,50,43836,388.272,1980
266694778075340,82,51,43836,388.272,1980
266694828175472,82,51,43836,391.542,1980
266694878291618,82,51,43836,391.542,1980
266694928402060,83,52,43836,393.444,1980
266694978507089,83,52,43836,393.444,1980
266695028635212,83,52,43836,396.048,1980
266695078741664,83,52,43836,396.048,1980
266695128843591,86,53,43836,398.154,1980
266695178949633,86,53,43836,398.154,1980
266695229069494,86,53,43836,401.288,1980
266695279189460,86,53,43836,401.288,1980
266695329302874,88,55,43836,404.425,1980
266695379414239,88,55,43836,404.425,1980
266695429515928,88,55,43836,409.023,1980
266695479634088,88,55,43836,409.023,1980
266695529736869,89,56,43836,411.901,1980
266695579844325,89,56,43836,411.901,1980
266695629947606,89,56,43836,416.454,1980
266695680061338,89,56,43836,416.454,1980
266695730171416,90,57,43836,420.31,1980
266695780277767,90,57,43836,420.31,1980
266695830394510,90,57,43836,422.19,1980
266695880526736,90,57,43836,422.19,1980
266695930630091,91,58,43836,425.199,1980
266695980746126,91,58,43836,425.199,1980
266696030853467,91,58,43836,428.748,1980
266696080955196,91,58,43836,428.748,1980
266696131059898,93,60,43836,431.959,1980
266696181175942,93,60,43836,431.959,1980
266696231285693,93,60,43836,434.597,1980
266696281392351,93,60,43836,434.597,1980
266696331497360,94,61,43836,437.228,1980
266696381607842,94,61,43836,437.228,1980
266696431740517,94,61,43836,439.378,1980
266696481840321,94,61,43836,439.378,1980
266696531950451,94,62,43836,441.476,1980
266696586093923,94,62,43836,441.476,1980
266696636233092,94,62,43836,443.714,1980
266696686353182,94,62,43836,443.714,1980
266696736458556,95,62,43836,446.797,1980
266696786588353,95,62,43836,446.797,1980
266696836694087,95,62,43836,449.807,1980
266696886800835,95,62,43836,449.807,1980
266696936917331,94,62,43836,452.375,1980
266696987027695,94,62,43836,452.375,1980
266697037129760,94,62,43836,453.875,1980
266697087230824,94,62,43836,453.875,1980
266697137334340,95,64,43836,456.225,1980
266697187445827,95,64,43836,456.225,1980
266697237558336,95,64,43836,456.8,1980
266697287670711,95,64,43836,456.8,1980
266697337780469,95,63,43836,458.294,1980
266697387897731,95,63,43836,458.294,1980
266697438019909,95,63,43836,460.901,1980
266697488131164,95,63,43836,460.901,1980
266697538250372,94,63,43836,462.919,1980
266697588356799,94,63,43836,462.919,1980
266697638490560,94,63,43836,463.684,1980
266697688590057,94,63,43836,463.684,1980
266697738711854,96,65,43836,464.106,1980
266697788814053,96,65,43836,464.106,1980
266697838913323,96,65,43836,463.568,1980
266697889015089,96,65,43836,463.568,1980
266697939120216,95,65,43836,463.705,1980
266697989222499,95,65,43836,463.705,1980
266698039339837,95,65,43836,464.9,1980
266698089444049,95,65,43836,464.9,1980
266698139544386,95,64,43836,466.661,1980
266698189646405,95,64,43836,466.661,1980
266698239746757,95,64,43836,466.825,1980
266698289846857,95,64,43836,466.825,1980
266698339949548,96,64,43836,468.236,1980
266698390091907,96,64,43836,468.236,1980
266698440222476,96,64,43836,479.168,1980
266698490336686,96,64,43836,479.168,1980
266698540444844,96,52,43836,490.803,1980
266698590551212,96,52,43836,490.803,1980
266698640657150,96,52,43836,502.942,1980
266698690763345,96,52,43836,502.942,1980
266698740869607,96,56,43836,516.45,1980
266698790973325,96,56,43836,516.45,1980
266698841047245,96,56,43836,529.608,1980
266698891164580,96,56,43836,529.608,1980
266698941266886,96,55,43836,539.778,1980
266698991376445,96,55,43836,539.778,1980
266699041481740,96,55,43836,555.306,1980
266699091585055,96,55,43836,555.306,1980
266699141687830,97,54,43836,567.8,1980
266699191792092,97,54,43836,567.8,1980
266699241895389,97,54,43836,578.487,1980
266699291997389,97,54,43836,578.487,1980
266699342115730,99,56,43836,586.08,1980
266699392229979,99,56,43836,586.08,1980
266699442342465,99,56,43836,586.491,1980
266699492468745,99,56,43836,586.491,1980
266699542581463,85,51,43836,564.519,1965
266699592690162,85,51,43836,564.519,1965
266699642798449,85,51,43836,540.788,1965
266699692908593,85,51,43836,540.788,1965
266699743017966,73,41,43836,514.689,1980
266699793137253,73,41,43836,514.689,1980
266699843242258,73,41,43836,492.215,1980
266699893362406,73,41,43836,492.215,1980
266699943465715,74,42,43836,470.738,1980
266699993576786,74,42,43836,470.738,1980
266700043690714,74,42,43836,449.741,1980
266700093809061,74,42,43836,449.741,1980
266700143920326,75,43,43836,422.491,1980
266700194037000,75,43,43836,422.491,1980
266700244164349,75,43,43836,399.599,1980
266700294276892,75,43,43836,399.599,1980
266700344377094,77,44,43836,384.21,1980
266700394480066,77,44,43836,384.21,1980
266700444593992,77,44,43836,363.694,1980
266700494714532,77,44,43836,363.694,1980
266700544839290,78,46,43836,364.197,1980
266700594955866,78,46,43836,364.197,1980
266700645053040,78,46,43836,365.757,1980
266700695164952,78,46,43836,365.757,1980
266700745266797,79,47,43836,369.433,1980
266700795386513,79,47,43836,369.433,1980
266700845497622,79,47,43836,372.594,1980
266700895600840,79,47,43836,372.594,1980
266700945713187,80,48,43836,376.146,1980
266700995818791,80,48,43836,376.146,1980
266701045941892,80,48,43836,378.572,1980
266701096104920,80,48,43836,378.572,1980
266701146229261,81,49,43836,379.887,1980
266701196346183,81,49,43836,379.887,1980
266701246453925,81,49,43836,382.462,1980
266701296560909,81,49,43836,382.462,1980
266701346679907,82,50,43836,384.918,1980
266701396784998,82,50,43836,384.918,1980
266701446899620,82,50,43836,387.513,1980
266701497015913,82,50,43836,387.513,1980
266701547128720,82,51,43836,389.471,1980
266701597271143,82,51,43836,389.471,1980
266701647375736,82,51,43836,392.407,1980
266701697494920,82,51,43836,392.407,1980
266701747602924,84,52,43836,395.673,1980
266701797707744,84,52,43836,395.673,1980
266701847841122,84,52,43836,397.233,1980
266701897967758,84,52,43836,397.233,1980
266701948044823,87,54,43836,400.089,1980
266701998162406,87,54,43836,400.089,1980
266702048280432,87,54,43836,403.278,1980
266702098382997,87,54,43836,403.278,1980
266702148495697,88,55,43836,406.424,1980
266702198610765,88,55,43836,406.424,1980
266702248729201,88,55,43836,410.642,1980
266702298839708,88,55,43836,410.642,1980
266702348960074,90,57,43836,412.639,1980
266702399053029,90,57,43836,412.639,1980
266702449167593,90,57,43836,415.892,1980
266702499279146,90,57,43836,415.892,1980
266702549384069,91,58,43836,419.655,1980
266702599492868,91,58,43836,419.655,1980
266702649605351,91,58,43836,422.278,1980
266702699706476,91,58,43836,422.278,1980
266702749822758,92,59,43836,425.269,1980
266702799941737,92,59,43836,425.269,1980
266702850046316,92,59,43836,427.705,1980
266702900156738,92,59,43836,427.705,1980
266702950258517,93,60,43836,430.545,1980
266703000361481,93,60,43836,430.545,1980
266703050494043,93,60,43836,432.816,1980
266703100609253,93,60,43836,432.816,1980
266703150731567,93,61,43836,436.61,1980
266703200835304,93,61,43836,436.61,1980
266703250942606,93,61,43836,437.607,1980
266703301062492,93,61,43836,437.607,1980
266703351173554,94,62,43836,440.849,1980
266703401289981,94,62,43836,440.849,1980
266703451396474,94,62,43836,443.91,1980
266703501499701,94,62,43836,443.91,1980
266703551667942,94,62,43836,444.981,1980
266703601769899,94,62,43836,444.981,1980
266703651893876,94,62,43836,447.455,1980
266703702014713,94,62,43836,447.455,1980
266703752134381,94,62,43836,450.516,1980
266703802241964,94,62,43836,450.516,1980
266703852353431,94,62,43836,452.849,1980
266703902470558,94,62,43836,452.849,1980
266703952577919,95,63,43836,454.574,1980
266704002679435,95,63,43836,454.574,1980
266704052783801,95,63,43836,456.407,1980
266704102888102,95,63,43836,456.407,1980
266704153005600,95,64,43836,457.979,1980
266704203119544,95,64,43836,457.979,1980
266704253225430,95,64,43836,460.473,1980
266704303330106,95,64,43836,460.473,1980
266704353438834,95,64,43836,461.212,1980
266704403552724,95,64,43836,461.212,1980
266704453654571,95,64,43836,461.745,1980
266704503767647,95,64,43836,461.745,1980
266704553873763,94,64,43836,463.784,1980
266704603976023,94,64,43836,463.784,1980
266704654045887,94,64,43836,464.727,1980
266704704149022,94,64,43836,464.727,1980
266704754312693,96,65,43836,464.442,1980
266704804437708,96,65,43836,464.442,1980
266704854541461,96,65,43836,461.826,1980
266704904649325,96,65,43836,461.826,1980
266704954756910,95,64,43836,465.879,1980
266705004860273,95,64,43836,465.879,1980
266705054967017,95,64,43836,465.466,1980
266705105057252,95,64,43836,465.466,1980
266705155184996,96,65,43836,468.273,1980
266705205294341,96,65,43836,468.273,1980
266705256145713,96,65,43836,466.708,1980
266705306258298,96,65,43836,466.708,1980
266705356361617,83,56,43836,469.252,1980
266705406466680,83,56,43836,469.252,1980
266705456574204,83,56,43836,482.386,1980
266705506675770,83,56,43836,482.386,1980
266705556776713,96,53,43836,494.251,1980
266705606881293,96,53,43836,494.251,1980
266705656987514,96,53,43836,506.037,1980
266705707123805,96,53,43836,506.037,1980
266705757446914,97,53,43836,521.486,1980
266705807550157,97,53,43836,521.486,1980
266705857663607,97,53,43836,539.775,1980
266705907774841,97,53,43836,539.775,1980
266705958519984,99,55,43836,550.242,1980
266706008630318,99,55,43836,550.242,1980
266706058759525,99,55,43836,560.815,1980
266706108863648,99,55,43836,560.815,1980
266706158970802,96,54,43836,573.069,1980
266706209047904,96,54,43836,573.069,1980
266706259149886,96,54,43836,585.081,1980
266706309251325,96,54,43836,585.081,1980
266706359356177,96,62,43836,585.584,1980
266706409459891,96,62,43836,585.584,1980
266706459562889,96,62,43836,575.282,1980
266706509664556,96,62,43836,575.282,1980
266706559771675,65,34,43836,548.125,1980
266706609880195,65,34,43836,548.125,1980
266706659997612,65,34,43836,520.496,1980
266706710104157,65,34,43836,520.496,1980
266706760213018,66,35,43836,491.857,1980
266706810324640,66,35,43836,491.857,1980
266706861222278,66,35,43836,467.597,1980
266706911348012,66,35,43836,467.597,1980
266706961451588,67,35,43836,438.181,1980
266707011567060,67,35,43836,438.181,1980
266707061695771,67,35,43836,413.404,1980
266707111810719,67,35,43836,413.404,1980
266707161912482,70,37,43836,390.773,1980
266707212024716,70,37,43836,390.773,1980
266707262129533,70,37,43836,362.114,1980
266707312245704,70,37,43836,362.114,1980
266707362359125,71,38,43836,356.77,1980
266707412480828,71,38,43836,356.77,1980
266707462583054,71,38,43836,336.071,1980
266707512687260,71,38,43836,336.071,1980
266707562803039,72,39,43836,338.277,1980
266707612942823,72,39,43836,338.277,1980
266707663046658,72,39,43836,340.589,1980
266707713163694,72,39,43836,340.589,1980
266707763268688,72,40,43836,342.326,1980
266707813378312,72,40,43836,342.326,1980
266707863482414,72,40,43836,344.705,1980
266707913587397,72,40,43836,344.705,1980
266707963709624,73,41,43836,347.615,1980
266708013820895,73,41,43836,347.615,1980
266708063968218,73,41,43836,350.048,1980
266708114050737,73,41,43836,350.048,1980
266708164153790,74,43,43836,352.174,1980
266708214260571,74,43,43836,352.174,1980
266708264365975,74,43,43836,354.217,1980
266708314475003,74,43,43836,354.217,1980
266708364603097,76,45,43836,358.259,1980
266708414720119,76,45,43836,358.259,1980
266708464827761,76,45,43836,362.267,1980
266708514935204,76,45,43836,362.267,1980
266708565047177,77,45,43836,364.475,1980
266708615223182,77,45,43836,364.475,1980
266708665371358,77,45,43836,368.229,1980
266708715485733,77,45,43836,368.229,1980
266708765603491,79,47,43836,371.435,1980
266708815738949,79,47,43836,371.435,1980
266708865859305,79,47,43836,373.149,1980
266708915971575,79,47,43836,373.149,1980
266708966065251,80,48,43836,375.712,1980
266709016172856,80,48,43836,375.712,1980
266709066285150,80,48,43836,376.678,1980
266709116403204,80,48,43836,376.678,1980
266709166517342,80,49,43836,378.978,1980
266709216626289,80,49,43836,378.978,1980
266709266727822,80,49,43836,381.254,1980
266709316847095,80,49,43836,381.254,1980
266709366959139,81,50,43836,382.011,1980
266709417099565,81,50,43836,382.011,1980
266709467218905,81,50,43836,385.195,1980
266709517326361,81,50,43836,385.195,1980
266709567436736,82,51,43836,387.49,1980
266709617552447,82,51,43836,387.49,1980
266709667654837,82,51,43836,390.017,1980
266709717766529,82,51,43836,390.017,1980
266709767871685,83,52,43836,392.403,1980
266709817988212,83,52,43836,392.403,1980
266709868065667,83,52,43836,396.33,1980
266709918186548,83,52,43836,396.33,1980
266709968290562,87,54,43836,398.051,1980
266710018398744,87,54,43836,398.051,1980
266710068512697,87,54,43836,401.795,1980
266710118618805,87,54,43836,401.795,1980
266710168720567,88,55,43836,403.337,1980
266710218838657,88,55,43836,403.337,1980
266710268950213,88,55,43836,405.608,1980
266710319046736,88,55,43836,405.608,1980
266710369147569,89,56,43836,409.484,1980
266710419267061,89,56,43836,409.484,1980
266710469371605,89,56,43836,411.767,1980
266710519474871,89,56,43836,411.767,1980
266710569583223,90,58,43836,415.226,1980
266710619687674,90,58,43836,415.226,1980
266710669790553,90,58,43836,418.908,1980
266710719900998,90,58,43836,418.908,1980
266710770003929,91,58,43836,422.202,1980
266710820107973,91,58,43836,422.202,1980
266710870215804,91,58,43836,424.973,1980
266710920333334,91,58,43836,424.973,1980
266710970444922,91,59,43836,427.837,1980
266711020556918,91,59,43836,427.837,1980
266711070658875,91,59,43836,431.593,1980
266711120764081,91,59,43836,431.593,1980
266711170869551,92,60,43836,434.625,1980
266711220972394,92,60,43836,434.625,1980
266711271047140,92,60,43836,438.303,1980
266711321165451,92,60,43836,438.303,1980
266711371271462,93,61,43836,441.07,1980
266711421384626,93,61,43836,441.07,1980
266711471499803,93,61,43836,443.479,1980
266711521605806,93,61,43836,443.479,1980
266711571713448,93,62,43836,444.32,1980
266711621833227,93,62,43836,444.32,1980
266711671936918,93,62,43836,446.416,1980
266711722048801,93,62,43836,446.416,1980
266711772163306,95,63,43836,448.959,1980
266711822276390,95,63,43836,448.959,1980
266711872398645,95,63,43836,450.122,1980
266711922506813,95,63,43836,450.122,1980
266711972623057,95,63,43836,452.548,1980
266712022735934,95,63,43836,452.548,1980
266712072858142,95,63,43836,453.252,1980
266712122967544,95,63,43836,453.252,1980
266712173070061,94,63,43836,455.202,1980
266712223183784,94,63,43836,455.202,1980
266712273290801,94,63,43836,460.903,1980
266712323402859,94,63,43836,460.903,1980
266712373505893,95,51,43836,476.533,1980
266712423606762,95,51,43836,476.533,1980
266712473712695,95,51,43836,488.303,1980
266712523814558,95,51,43836,488.303,1980
266712573918950,96,54,43836,504.513,1980
266712624025428,96,54,43836,504.513,1980
266712674134710,96,54,43836,515.923,1980
266712724245839,96,54,43836,515.923,1980
266712774357300,96,54,43836,527.175,1980
266712824457657,96,54,43836,527.175,1980
266712874558454,96,54,43836,538.581,1980
266712924658108,96,54,43836,538.581,1980
266712974757624,96,54,43836,551.172,1980
266713024867938,96,54,43836,551.172,1980
266713074969208,96,54,43836,560.783,1980
266713125046619,96,54,43836,560.783,1980
266713175154735,90,58,43836,557.198,1980
266713225263462,90,58,43836,557.198,1980
266713275383677,90,58,43836,566.496,1980
266713325489202,90,58,43836,566.496,1980
266713375606067,77,44,43836,540.959,1980
266713425720879,77,44,43836,540.959,1980
266713475822884,77,44,43836,520.586,1980
266713525924171,77,44,43836,520.586,1980
266713576034979,72,40,43836,494.003,1980
266713626150241,72,40,43836,494.003,1980
266713676255980,72,40,43836,473.665,1980
266713726368472,72,40,43836,473.665,1980
266713776480716,73,41,43836,450.044,1980
266713826592135,73,41,43836,450.044,1980
266713876693709,73,41,43836,429.895,1980
266713926795610,73,41,43836,429.895,1980
266713976921353,74,42,43836,407.325,1980
266714027025974,74,42,43836,407.325,1980
266714077127293,74,42,43836,390.016,1980
266714127238870,74,42,43836,390.016,1980
266714177343210,76,44,43836,385.334,1980
266714227446614,76,44,43836,385.334,1980
266714277556614,76,44,43836,358.27,1980
266714327669064,76,44,43836,358.27,1980
266714377781086,78,45,43836,360.188,1980
266714427899855,78,45,43836,360.188,1980
266714478023945,78,45,43836,361.48,1980
266714528143345,78,45,43836,361.48,1980
266714578251525,78,46,43836,365.162,1980
266714628369482,78,46,43836,365.162,1980
266714678477468,78,46,43836,366.692,1980
266714728596678,78,46,43836,366.692,1980
266714778706467,80,47,43836,368.88,1980
266714828827091,80,47,43836,368.88,1980
266714878950007,80,47,43836,371.558,1980
266714929046783,80,47,43836,371.558,1980
266714979147185,80,48,43836,374.001,1980
266715029254551,80,48,43836,374.001,1980
266715079368416,80,48,43836,377.003,1980
266715129491622,80,48,43836,377.003,1980
266715179600627,81,49,43836,379.723,1980
266715229711136,81,49,43836,379.723,1980
266715279875619,81,49,43836,382.163,1980
266715329990188,81,49,43836,382.163,1980
266715380110184,82,51,43836,384.588,1980
266715430230169,82,51,43836,384.588,1980
266715480351188,82,51,43836,388.966,1980
266715530480690,82,51,43836,388.966,1980
266715580592709,83,52,43836,389.734,1980
266715630693665,83,52,43836,389.734,1980
266715680802957,83,52,43836,393.079,1980
266715730943438,83,52,43836,393.079,1980
266715781045614,84,53,43836,396.923,1980
266715831165989,84,53,43836,396.923,1980
266715881273520,84,53,43836,399.568,1980
266715931397535,84,53,43836,399.568,1980
266715981503029,87,54,43836,402.141,1980
266716031637113,87,54,43836,402.141,1980
266716081742472,87,54,43836,404.882,1980
266716131867153,87,54,43836,404.882,1980
266716181969217,88,55,43836,405.651,1980
266716232057622,88,55,43836,405.651,1980
266716282174843,88,55,43836,409.987,1980
266716332281379,88,55,43836,409.987,1980
266716382403191,90,57,43836,412.227,1980
266716432508232,90,57,43836,412.227,1980
266716482609545,90,57,43836,415.696,1980
266716532711362,90,57,43836,415.696,1980
266716582818745,90,58,43836,418.171,1980
266716632933966,90,58,43836,418.171,1980
266716683045272,90,58,43836,422.701,1980
266716733147852,90,58,43836,422.701,1980
266716783259581,91,59,43836,424.258,1980
266716833365932,91,59,43836,424.258,1980
266716883501142,91,59,43836,426.34,1980
266716933615200,91,59,43836,426.34,1980
266716983716863,92,60,43836,430.188,1980
266717033817131,92,60,43836,430.188,1980
266717083936979,92,60,43836,433.139,1980
266717134043724,92,60,43836,433.139,1980
266717184154253,93,61,43836,437.758,1980
266717234269556,93,61,43836,437.758,1980
266717284369322,93,61,43836,441.253,1980
266717334470673,93,61,43836,441.253,1980
266717384584736,95,62,43836,443.231,1980
266717434691042,95,62,43836,443.231,1980
266717484799539,95,62,43836,445.635,1980
266717534903226,95,62,43836,445.635,1980
266717585029846,95,63,43836,448.875,1980
266717635148049,95,63,43836,448.875,1980
266717685259030,95,63,43836,451.162,1980
266717735377069,95,63,43836,451.162,1980
266717785483095,95,63,43836,453.818,1980
266717835592073,95,63,43836,453.818,1980
266717885695289,95,63,43836,455.253,1980
266717935798259,95,63,43836,455.253,1980
266717985903596,94,63,43836,457.399,1980
266718036018188,94,63,43836,457.399,1980
266718086125932,94,63,43836,457.928,1980
266718136232353,94,63,43836,457.928,1980
266718186335868,95,64,43836,457.679,1980
266718236443626,95,64,43836,457.679,1980
266718286545426,95,64,43836,458.01,1980
266718336659182,95,64,43836,458.01,1980
266718386763664,95,64,43836,458.82,1980
266718436877085,95,64,43836,458.82,1980
266718486981892,95,64,43836,459.868,1980
266718537092652,95,64,43836,459.868,1980
266718587202455,96,65,43836,460.804,1980
266718637308552,96,65,43836,460.804,1980
266718687411688,96,65,43836,462.238,1980
266718737512606,96,65,43836,462.238,1980
266718787623817,96,64,43836,463.854,1980
266718837745213,96,64,43836,463.854,1980
266718887851569,96,64,43836,464.546,1980
266718937976894,96,64,43836,464.546,1980
266718988044200,95,64,43836,465.58,1980
266719038150678,95,64,43836,465.58,1980
266719088255193,95,64,43836,465.357,1980
266719138370262,95,64,43836,465.357,1980
266719188472799,81,48,43836,478.383,1980
266719238576559,81,48,43836,478.383,1980
266719288682061,81,48,43836,494.511,1980
266719338783963,81,48,43836,494.511,1980
266719388892789,97,54,43836,504.864,1980
266719438997074,97,54,43836,504.864,1980
266719489170104,97,54,43836,517.915,1980
266719539304512,97,54,43836,517.915,1980
266719589410908,96,54,43836,533.567,1980
266719639526360,96,54,43836,533.567,1980
266719689639151,96,54,43836,548.643,1980
266719739741523,96,54,43836,548.643,1980
266719789849102,96,54,43836,564.909,1980
266719839958027,96,54,43836,564.909,1980
266719890052132,96,54,43836,577.804,1980
266719940159390,96,54,43836,577.804,1980
266719990268443,96,55,43836,592.016,1980
266720040737088,96,55,43836,592.016,1980
266720090858151,96,55,43836,595.799,1980
266720140970364,96,55,43836,595.799,1965
266720191059846,66,51,43836,598.834,1965
266720241166544,66,51,43836,598.834,1965
266720291278203,66,51,43836,573.262,1965
266720341400821,66,51,43836,551.041,1965
266720391508821,71,38,43836,551.041,1965
266720441622392,71,38,43836,528.862,1980
266720491736965,71,38,43836,528.862,1980
266720541836807,71,38,43836,497.418,1980
266720591942163,71,39,43836,497.418,1980
266720642050172,71,39,43836,471.542,1980
266720692163946,71,39,43836,471.542,1980
266720742295570,72,40,43836,442.045,1980
266720792398632,72,40,43836,442.045,1980
266720842503413,72,40,43836,420.226,1980
266720892620212,72,40,43836,420.226,1980
266720942734161,73,42,43836,396.117,1980
266720992836010,73,42,43836,396.117,1980
266721042941857,73,42,43836,377.126,1980
266721093047863,73,42,43836,377.126,1980
266721143166785,75,43,43836,355.655,1980
266721193285234,75,43,43836,355.655,1980
266721243386966,75,43,43836,353.537,1980
266721293509415,75,43,43836,353.537,1980
266721343627695,76,44,43836,355.323,1980
266721393729946,76,44,43836,355.323,1980
266721443850729,76,44,43836,356.866,1980
266721493965484,76,44,43836,356.866,1980
266721544050468,77,45,43836,360.219,1980
266721594163740,77,45,43836,360.219,1980
266721644272953,77,45,43836,361.643,1980
266721694373497,77,45,43836,361.643,1980
266721744478064,79,46,43836,364.479,1980
266721794606545,79,46,43836,364.479,1980
266721844722871,79,46,43836,367.576,1980
266721894848599,79,46,43836,367.576,1980
266721944970575,80,48,43836,370.632,1980
266721995057411,80,48,43836,370.632,1980
266722045161751,80,48,43836,373.185,1980
266722095278106,80,48,43836,373.185,1980
266722145388744,80,49,43836,375.155,1980
266722195496239,80,49,43836,375.155,1980
266722245598927,80,49,43836,377.119,1980
266722295711011,80,49,43836,377.119,1980
266722345840395,82,50,43836,379.526,1980
266722395951092,82,50,43836,379.526,1980
266722446049658,82,50,43836,382.091,1980
266722496165496,82,50,43836,382.091,1980
266722546274751,83,51,43836,384.635,1980
266722596379311,83,51,43836,384.635,1980
266722646503458,83,51,43836,387.093,1980
266722696605914,83,51,43836,387.093,1980
266722746708228,84,52,43836,389.799,1980
266722796821445,84,52,43836,389.799,1980
266722846927675,84,52,43836,393.759,1980
266722897042867,84,52,43836,393.759,1980
266722947157348,86,53,43836,396.391,1980
266722997280141,86,53,43836,396.391,1980
266723047403402,86,53,43836,400.932,1980
266723097516110,86,53,43836,400.932,1980
266723147631318,87,54,43836,403.881,1980
266723197761380,87,54,43836,403.881,1980
266723247870511,87,54,43836,406.892,1980
266723297979193,87,54,43836,406.892,1980
266723348046501,89,56,43836,410.133,1980
266723398147319,89,56,43836,410.133,1980
266723448265200,89,56,43836,414.051,1980
266723498367578,89,56,43836,414.051,1980
266723548481370,89,57,43836,417.509,1980
266723598587986,89,57,43836,417.509,1980
266723648708413,89,57,43836,421.315,1980
266723698817967,89,57,43836,421.315,1980
266723748920884,91,58,43836,423.704,1980
266723799029692,91,58,43836,423.704,1980
266723849131361,91,58,43836,424.859,1980
266723899238610,91,58,43836,424.859,1980
266723949349695,92,60,43836,430.055,1980
266723999468298,92,60,43836,430.055,1980
266724049576190,92,60,43836,432.628,1980
266724099689252,92,60,43836,432.628,1980
266724149793418,94,61,43836,435.181,1980
266724199915443,94,61,43836,435.181,1980
266724250038830,94,61,43836,437.88,1980
266724300148416,94,61,43836,437.88,1980
266724350260437,94,62,43836,440.493,1980
266724400367080,94,62,43836,440.493,1980
266724450476472,94,62,43836,443.273,1980
266724500587928,94,62,43836,443.273,1980
266724550699435,95,62,43836,446.503,1980
266724600811475,95,62,43836,446.503,1980
266724650928754,95,62,43836,448.386,1980
266724701034524,95,62,43836,448.386,1980
266724751145699,95,63,43836,451.685,1980
266724801256134,95,63,43836,451.685,1980
266724851368856,95,63,43836,454.223,1980
266724901477304,95,63,43836,454.223,1980
266724951603163,94,63,43836,454.232,1980
266725001712150,94,63,43836,454.232,1980
266725051828404,94,63,43836,455.458,1980
266725101945567,94,63,43836,455.458,1980
266725152072003,95,63,43836,458.074,1980
266725202175496,95,63,43836,458.074,1980
266725252276205,95,63,43836,460.172,1980
266725302378726,95,63,43836,460.172,1980
266725352511696,95,64,43836,461.961,1980
266725402621332,95,64,43836,461.961,1980
266725452732413,95,64,43836,461.682,1980
266725502845020,95,64,43836,461.682,1980
266725552973470,95,64,43836,461.243,1980
266725603056356,95,64,43836,461.243,1980
266725653176635,95,64,43836,463.018,1980
266725703293176,95,64,43836,463.018,1980
266725753398363,95,64,43836,464.116,1980
266725803501399,95,64,43836,464.116,1980
266725853612589,95,64,43836,464.26,1980
266725903714667,95,64,43836,464.26,1980
266725953815269,96,64,43836,462.327,1980
266726003920061,96,64,43836,462.327,1980
266726054037390,96,64,43836,473.15,1980
266726104139955,96,64,43836,473.15,1980
266726154241383,97,51,43836,486.222,1980
266726204343119,97,51,43836,486.222,1980
266726254443107,97,51,43836,498.867,1980
266726304545372,97,51,43836,498.867,1980
266726354646866,99,55,43836,511.052,1980
266726404750720,99,55,43836,511.052,1980
266726454857078,99,55,43836,527.95,1980
266726504956976,99,55,43836,527.95,1980
266726555046122,96,55,43836,541.078,1980
266726605152413,96,55,43836,541.078,1980
266726655283307,96,55,43836,556.776,1980
266726705392258,96,55,43836,556.776,1980
266726755497403,97,53,43836,568.211,1980
266726805599813,97,53,43836,568.211,1980
266726855701059,97,53,43836,578.113,1980
266726905806134,97,53,43836,578.113,1980
266726955915232,99,55,43836,587.261,1980
266727006028609,99,55,43836,587.261,1980
266727056135312,99,55,43836,546.606,1980
266727106245717,99,55,43836,546.606,1980
266727156354473,0,0,43836,503.553,1980
266727206460608,0,0,43836,503.553,1980
266727256564579,0,0,43836,471.415,1980
266727306668351,0,0,43836,471.415,1980
266727357114955,60,39,43836,467.811,1980
266727407233106,60,39,43836,467.811,1980
266727457340316,60,39,43836,439.76,1980
266727507445511,60,39,43836,439.76,1980
266727557561243,70,37,43836,410.307,1980
266727607667822,70,37,43836,410.307,1980
266727657774023,70,37,43836,385.562,1980
266727707881404,70,37,43836,385.562,1980
266727757986116,71,38,43836,356.233,1980
266727808052236,71,38,43836,356.233,1980
266727858154025,71,38,43836,336.009,1980
266727908350483,71,38,43836,336.009,1980
266727958456394,71,39,43836,315.986,1980
266728008568596,71,39,43836,315.986,1980
266728058677167,71,39,43836,330.096,1980
266728108781819,71,39,43836,330.096,1980
266728158896534,73,41,43836,347.764,1980
266728209006438,73,41,43836,347.764,1980
266728259119186,73,41,43836,359.064,1980
266728309223213,73,41,43836,359.064,1980
266728359324066,74,42,43836,343.075,1980
266728409430188,74,42,43836,343.075,1980
266728459534221,74,42,43836,346.363,1980
266728509656672,74,42,43836,346.363,1980
266728559757592,75,43,43836,348.411,1980
266728609861474,75,43,43836,348.411,1980
266728659969022,75,43,43836,351.077,1980
266728710064168,75,43,43836,351.077,1980
266728760229981,76,44,43836,354.135,1980
266728810372507,76,44,43836,354.135,1980
266728860500776,76,44,43836,357.334,1980
266728910609893,76,44,43836,357.334,1980
266728960730993,77,45,43836,360.407,1980
266729010884080,77,45,43836,360.407,1980
266729060993019,77,45,43836,363.289,1980
266729111112326,77,45,43836,363.289,1980
266729161230240,79,47,43836,365.764,1980
266729211338274,79,47,43836,365.764,1980
266729261454177,79,47,43836,369.213,1980
266729311578487,79,47,43836,369.213,1980
266729361690449,80,48,43836,370.617,1980
266729411815895,80,48,43836,370.617,1980
266729461933596,80,48,43836,374.036,1980
266729512053302,80,48,43836,374.036,1980
266729562157244,80,49,43836,376.721,1980
266729612267153,80,49,43836,376.721,1980
266729662366437,80,49,43836,378.966,1980
266729712477756,80,49,43836,378.966,1980
266729762581920,82,50,43836,382.331,1980
266729812701846,82,50,43836,382.331,1980
266729862842128,82,50,43836,386.35,1980
266729912952515,82,50,43836,386.35,1980
266729963073001,83,51,43836,387.038,1980
266730013183243,83,51,43836,387.038,1980
266730063346394,83,51,43836,389.388,1980
266730113451991,83,51,43836,389.388,1980
266730163560794,84,52,43836,391.832,1980
266730213663262,84,52,43836,391.832,1980
266730263764829,84,52,43836,394.192,1980
266730313879583,84,52,43836,394.192,1980
266730363990993,87,53,43836,399.544,1980
266730414104308,87,53,43836,399.544,1980
266730464204015,87,53,43836,401.987,1980
266730514318039,87,53,43836,401.987,1980
266730564418684,88,55,43836,405.503,1980
266730614519187,88,55,43836,405.503,1980
266730664639569,88,55,43836,408.919,1980
266730714766291,88,55,43836,408.919,1980
266730764871678,89,56,43836,412.097,1980
266730814975041,89,56,43836,412.097,1980
266730865079024,89,56,43836,414.803,1980
266730915265269,89,56,43836,414.803,1980
266730965364182,91,58,43836,420.219,1980
266731015465275,91,58,43836,420.219,1980
266731065574271,91,58,43836,423.173,1980
266731115680236,91,58,43836,423.173,1980
266731165794512,92,59,43836,426.535,1980
266731215911675,92,59,43836,426.535,1980
266731266034282,92,59,43836,429.817,1980
266731316180823,92,59,43836,429.817,1980
266731366301824,93,60,43836,431.794,1980
266731416406645,93,60,43836,431.794,1980
266731466515889,93,60,43836,432.282,1980
266731516639362,93,60,43836,432.282,1980
266731566755615,94,61,43836,435.01,1980
266731616870591,94,61,43836,435.01,1980
266731666982686,94,61,43836,436.352,1980
266731717087055,94,61,43836,436.352,1980
266731767254613,94,61,43836,439.405,1980
266731817358685,94,61,43836,439.405,1980
266731867462310,94,61,43836,440.708,1980
266731917569746,94,61,43836,440.708,1980
266731967673733,94,62,43836,443.259,1980
266732017803196,94,62,43836,443.259,1980
266732067915301,94,62,43836,446.106,1980
266732118034808,94,62,43836,446.106,1980
266732168143630,94,62,43836,447.93,1980
266732218256681,94,62,43836,447.93,1980
266732268359179,94,62,43836,449.448,1980
266732318460152,94,62,43836,449.448,1980
266732368573627,95,63,43836,450.88,1980
266732418679890,95,63,43836,450.88,1980
266732468781849,95,63,43836,453.892,1980
266732518892874,95,63,43836,453.892,1980
266732569024682,95,64,43836,455.055,1980
266732619125454,95,64,43836,455.055,1980
266732669236248,95,64,43836,458.177,1980
266732719336757,95,64,43836,458.177,1980
266732769451364,95,64,43836,459.692,1980
266732819557858,95,64,43836,459.692,1980
266732869661834,95,64,43836,461.831,1980
266732919762004,95,64,43836,461.831,1980
266732969878253,96,64,43836,463.477,1980
266733019979180,96,64,43836,463.477,1980
266733070083076,96,64,43836,463.288,1980
266733120240980,96,64,43836,463.288,1980
266733170393968,82,55,43836,463.498,1980
266733220515997,82,55,43836,463.498,1980
266733270623713,82,55,43836,477.415,1980
266733320736660,82,55,43836,477.415,1980
266733370854008,96,53,43836,489.418,1980
266733420965290,96,53,43836,489.418,1980
266733471053468,96,53,43836,501.205,1980
266733521170405,96,53,43836,501.205,1980
266733571286751,95,53,43836,515.186,1980
266733621402273,95,53,43836,515.186,1980
266733671529212,95,53,43836,526.615,1980
266733721633551,95,53,43836,526.615,1980
266733771735618,95,55,43836,540.771,1980
266733821840097,95,55,43836,540.771,1980
266733871946024,95,55,43836,557.14,1980
266733922052367,95,55,43836,557.14,1980
266733972157832,96,54,43836,568.859,1980
266734022276351,96,54,43836,568.859,1980
266734072425896,96,54,43836,581.763,1980
266734122544813,96,54,43836,581.763,1980
266734172656750,66,48,43836,589.225,1980
266734222811360,66,48,43836,589.225,1980
266734272923660,66,48,43836,566.197,1980
266734323047136,66,48,43836,566.197,1980
266734373163575,65,33,43836,538.03,1980
266734423271409,65,33,43836,538.03,1980
266734473382553,65,33,43836,512.48,1980
266734523495766,65,33,43836,512.48,1980
266734573623812,65,34,43836,485.571,1980
266734623735850,65,34,43836,485.571,1980
266734673841030,65,34,43836,458.177,1980
266734723944829,65,34,43836,458.177,1980
266734774055367,69,36,43836,430.017,1980
266734824165953,69,36,43836,430.017,1980
266734874285663,69,36,43836,406.388,1980
266734924404723,69,36,43836,406.388,1980
266734974521530,70,37,43836,376.061,1980
266735024643361,70,37,43836,376.061,1980
266735074766388,70,37,43836,356.015,1980
266735124878968,70,37,43836,356.015,1980
266735175028181,70,38,43836,342.992,1980
266735225141927,70,38,43836,342.992,1980
266735275250693,70,38,43836,334.33,1980
266735325355301,70,38,43836,334.33,1980
266735375463898,72,40,43836,336.702,1980
266735425578696,72,40,43836,336.702,1980
266735475695156,72,40,43836,340.228,1980
266735525814488,72,40,43836,340.228,1980
266735575948856,73,41,43836,342.123,1980
266735626055020,73,41,43836,342.123,1980
266735676172937,73,41,43836,344.941,1980
266735726278369,73,41,43836,344.941,1980
266735776400411,74,43,43836,347.849,1980
266735826582492,74,43,43836,347.849,1980
266735876712457,74,43,43836,350.042,1980
266735927922019,74,43,43836,350.042,1980
266735978305295,76,44,43836,351.9,1980
266736028485897,76,44,43836,351.9,1980
266736078642224,76,44,43836,352.354,1980
266736128785973,76,44,43836,352.354,1980
266736178920911,76,45,43836,355.321,1980
266736229044877,76,45,43836,355.321,1980
266736279169346,76,45,43836,358.284,1980
266736329295329,76,45,43836,358.284,1980
266736379402408,77,46,43836,360.167,1980
266736429514495,77,46,43836,360.167,1980
266736479621286,77,46,43836,364.217,1980
266736529728338,77,46,43836,364.217,1980
266736579861265,78,47,43836,366.874,1980
266736629975916,78,47,43836,366.874,1980
266736680051758,78,47,43836,368.915,1980
266736730158392,78,47,43836,368.915,1980
266736780298181,79,48,43836,370.636,1980
266736830428021,79,48,43836,370.636,1980
266736880540927,79,48,43836,373.134,1980
266736930654406,79,48,43836,373.134,1980
266736980761980,80,49,43836,377.045,1980
266737030870067,80,49,43836,377.045,1980
266737080979463,80,49,43836,380.434,1980
266737131055517,80,49,43836,380.434,1980
266737181177933,82,50,43836,384.301,1980
266737231286413,82,50,43836,384.301,1980
266737281397200,82,50,43836,386.68,1980
266737331502932,82,50,43836,386.68,1980
266737381630702,84,52,43836,391.2,1980
266737431746125,84,52,43836,391.2,1980
266737481851869,84,52,43836,391.601,1980
266737531956158,84,52,43836,391.601,1980
266737582059501,85,53,43836,394.896,1980
266737632202122,85,53,43836,394.896,1980
266737682314811,85,53,43836,399.606,1980
266737732421661,85,53,43836,399.606,1980
266737782555951,87,54,43836,403.279,1980
266737832678413,87,54,43836,403.279,1980
266737882807779,87,54,43836,405.446,1980
266737932921995,87,54,43836,405.446,1980
266737983039852,87,54,43836,408.728,1980
266738033151457,87,54,43836,408.728,1980
266738083279904,87,54,43836,412.936,1980
266738133393460,87,54,43836,412.936,1980
266738183500263,89,57,43836,415.175,1980
266738233616365,89,57,43836,415.175,1980
266738283726442,89,57,43836,419.405,1980
266738333858208,89,57,43836,419.405,1980
266738383988470,89,57,43836,421.3,1980
266738434060098,89,57,43836,421.3,1980
266738484204097,89,57,43836,425.903,1980
266738534323933,89,57,43836,425.903,1980
266738584435011,90,58,43836,429.029,1980
266738634550129,90,58,43836,429.029,1980
266738684666780,90,58,43836,431.295,1980
266738734802384,90,58,43836,431.295,1980
266738784928789,92,60,43836,432.802,1980
266738835060155,92,60,43836,432.802,1980
266738885171726,92,60,43836,436.692,1980
266738935302464,92,60,43836,436.692,1980
266738985414389,93,61,43836,439.557,1980
266739035544214,93,61,43836,439.557,1980
266739085651939,93,61,43836,440.982,1980
266739135760722,93,61,43836,440.982,1980
266739185895409,94,62,43836,443.777,1980
266739236006012,94,62,43836,443.777,1980
266739286116130,94,62,43836,445.339,1980
266739336235877,94,62,43836,445.339,1980
266739386359365,95,63,43836,447.931,1980
266739436474667,95,63,43836,447.931,1980
266739486587276,95,63,43836,448.603,1980
266739536697893,95,63,43836,448.603,1980
266739586826586,94,62,43836,450.316,1980
266739636964028,94,62,43836,450.316,1980
266739687049399,94,62,43836,452.049,1980
266739737172595,94,62,43836,452.049,1980
266739787280339,95,63,43836,454.641,1980
266739837388493,95,63,43836,454.641,1980
266739887492721,95,63,43836,455.126,1980
266739937605759,95,63,43836,455.126,1980
266739987717742,95,64,43836,453.437,1980
266740037840038,95,64,43836,453.437,1980
266740087959718,95,64,43836,468.42,1980
266740138055406,95,64,43836,468.42,1980
266740188160749,95,53,43836,481.611,1980
266740238272281,95,53,43836,481.611,1980
266740288377234,95,53,43836,497.001,1980
266740338489111,95,53,43836,497.001,1980
266740388597706,95,56,43836,511.142,1980
266740438705671,95,56,43836,511.142,1980
266740488835336,95,56,43836,524.347,1980
266740538948153,95,56,43836,524.347,1980
266740589056084,95,55,43836,539.133,1980
266740639167308,95,55,43836,539.133,1980
266740689287980,95,55,43836,552.253,1980
266740739396648,95,55,43836,552.253,1980
266740789499074,95,56,43836,562.607,1980
266740839602080,95,56,43836,562.607,1980
266740889711821,95,56,43836,574.434,1980
266740939820488,95,56,43836,574.434,1980
266740989930521,81,57,43836,584.731,1980
266741040047354,81,57,43836,584.731,1980
266741090172896,81,57,43836,577.719,1965
266741140300680,81,57,43836,577.719,1965
266741190417532,76,44,43836,554.841,1965
266741240525099,76,44,43836,554.841,1965
266741290633654,76,44,43836,530.195,1980
266741340751699,76,44,43836,530.195,1980
266741390868806,75,43,43836,509.837,1980
266741440979062,75,43,43836,509.837,1980
266741491046718,75,43,43836,489.299,1980
266741541166057,75,43,43836,489.299,1980
266741591276927,76,44,43836,463.487,1980
266741641397921,76,44,43836,463.487,1980
266741691505750,76,44,43836,440.262,1980
266741741623006,76,44,43836,440.262,1980
266741791791861,78,45,43836,419.113,1980
266741841898209,78,45,43836,419.113,1980
266741892006348,78,45,43836,402.084,1980
266741942107783,78,45,43836,402.084,1980
266741992211277,78,46,43836,385.28,1980
266742042313007,78,46,43836,385.28,1980
266742092425466,78,46,43836,370.421,1980
266742142533065,78,46,43836,370.421,1980
266742192640375,79,48,43836,371.907,1980
266742242767570,79,48,43836,371.907,1980
266742292879364,79,48,43836,374.746,1980
266742342989244,79,48,43836,374.746,1980
266742393060202,80,49,43836,375.474,1980
266742443167379,80,49,43836,375.474,1980
266742493269243,80,49,43836,377.936,1980
266742543371561,80,49,43836,377.936,1980
266742593486632,82,51,43836,380.463,1980
266742643591819,82,51,43836,380.463,1980
266742693705438,82,51,43836,383.542,1980
266742743806258,82,51,43836,383.542,1980
266742793918551,83,51,43836,386.518,1980
266742844024387,83,51,43836,386.518,1980
266742894125458,83,51,43836,387.74,1980
266742944229925,83,51,43836,387.74,1980
266742994341084,84,52,43836,391.462,1980
266743044451305,84,52,43836,391.462,1980
266743094554460,84,52,43836,394.817,1980
266743144657885,84,52,43836,394.817,1980
266743194765986,87,54,43836,398.679,1980
266743244867581,87,54,43836,398.679,1980
266743294979721,87,54,43836,401.587,1980
266743345104674,87,54,43836,401.587,1980
266743395215207,88,55,43836,406.145,1980
266743445325094,88,55,43836,406.145,1980
266743495441045,88,55,43836,407.873,1980
266743545549566,88,55,43836,407.873,1980
266743595655305,90,56,43836,411.215,1980
266743645773032,90,56,43836,411.215,1980
266743695879426,90,56,43836,415.052,1980
266743745988306,90,56,43836,415.052,1980
266743796053970,90,58,43836,416.789,1980
266743846166671,90,58,43836,416.789,1980
266743896286133,90,58,43836,420.185,1980
266743946388917,90,58,43836,420.185,1980
266743996496607,90,58,43836,422.515,1980
266744046608545,90,58,43836,422.515,1980
266744096716569,90,58,43836,424.289,1980
266744146833178,90,58,43836,424.289,1980
266744196941130,92,59,43836,426.204,1980
266744247055645,92,59,43836,426.204,1980
266744297173341,92,59,43836,428.777,1980
266744347282819,92,59,43836,428.777,1980
266744397393467,92,60,43836,430.689,1980
266744447509255,92,60,43836,430.689,1980
266744497618150,92,60,43836,434.948,1980
266744547720778,92,60,43836,434.948,1980
266744597822120,93,61,43836,437.216,1980
266744647961045,93,61,43836,437.216,1980
266744698043977,93,61,43836,440.959,1980
266744748160968,93,61,43836,440.959,1980
266744798277408,95,62,43836,444.002,1980
266744848392599,95,62,43836,444.002,1980
266744898499875,95,62,43836,445.258,1980
266744948623483,95,62,43836,445.258,1980
266744998757972,95,63,43836,447.51,1980
266745048876649,95,63,43836,447.51,1980
266745098993667,95,63,43836,449.508,1980
266745149105413,95,63,43836,449.508,1980
266745199209712,94,62,43836,451.446,1980
266745249341315,94,62,43836,451.446,1980
266745299453254,94,62,43836,453.647,1980
266745349558867,94,62,43836,453.647,1980
266745399672271,95,64,43836,455.622,1980
266745449795406,95,64,43836,455.622,1980
266745499922928,95,64,43836,454.177,1980
266745550035052,95,64,43836,454.177,1980
266745600150308,95,64,43836,455.607,1980
266745650255860,95,64,43836,455.607,1980
266745700360704,95,64,43836,455.651,1980
266745750472511,95,64,43836,455.651,1980
266745800586260,95,64,43836,455.492,1980
266745850693838,95,64,43836,455.492,1980
266745900810244,95,64,43836,457.002,1980
266745950941895,95,64,43836,457.002,1980
266746001046507,94,64,43836,458.661,1980
266746051150198,94,64,43836,458.661,1980
266746101271455,94,64,43836,456.603,1980
266746151396014,94,64,43836,456.603,1980
266746201499225,96,64,43836,454.155,1980
266746251614153,96,64,43836,454.155,1980
266746301737129,96,64,43836,453.344,1980
266746351839943,96,64,43836,453.344,1980
266746401949797,96,65,43836,456.921,1980
266746452046384,96,65,43836,456.921,1980
266746502153671,96,65,43836,459.195,1980
266746552266882,96,65,43836,459.195,1980
266746602371804,96,65,43836,459.414,1980
266746652498628,96,65,43836,459.414,1980
266746702606216,96,65,43836,459.375,1980
266746752709492,96,65,43836,459.375,1980
266746802824605,96,65,43836,461.193,1980
266746852935896,96,65,43836,461.193,1980
266746903052460,96,65,43836,466.555,1980
266746953156973,96,65,43836,466.555,1980
266747004199985,97,66,43836,472.531,1980
266747054301568,97,66,43836,472.531,1980
266747104404087,97,66,43836,486.514,1980
266747154505672,97,66,43836,486.514,1980
266747204607533,96,53,43836,502.002,1980
266747254707756,96,53,43836,502.002,1980
266747304808172,96,53,43836,518.609,1980
266747354909102,96,53,43836,518.609,1980
266747405020435,95,56,43836,529.966,1980
266747455123132,95,56,43836,529.966,1980
266747505223997,95,56,43836,543.957,1980
266747555326501,95,56,43836,543.957,1980
266747605427834,95,55,43836,556.228,1980
266747655527967,95,55,43836,566.653,1980
266747705627360,95,55,43836,566.653,1980
266747755726628,95,55,43836,582.181,1980
266747805828475,97,54,43836,582.181,1980
266747855931649,97,54,43836,591.212,1980
266747906042006,97,54,43836,591.212,1980
266747956152367,97,54,43836,582.285,1980
266748006260310,99,56,43836,582.285,1980
266748056375182,99,56,43836,581.374,1980
266748106478879,99,56,43836,581.374,1980
266748156594787,82,49,43836,554.983,1980
266748206709824,82,49,43836,554.983,1980
266748256817222,82,49,43836,526.968,1980
266748306935008,82,49,43836,526.968,1980
266748357053080,68,36,43836,497.295,1980
266748407189819,68,36,43836,497.295,1980
266748457298539,68,36,43836,472.85,1980
266748507405804,68,36,43836,472.85,1980
266748557510242,70,37,43836,449.566,1980
266748607677247,70,37,43836,449.566,1980
266748657789491,70,37,43836,419.532,1980
266748707906075,70,37,43836,419.532,1980
266748758010983,71,38,43836,393.173,1980
266748808119879,71,38,43836,393.173,1980
266748858223434,71,38,43836,373.39,1980
266748908327080,71,38,43836,373.39,1980
266748958433120,71,39,43836,360.921,1980
266749008536501,71,39,43836,360.921,1980
266749058650262,71,39,43836,339.441,1980
266749108753344,71,39,43836,339.441,1980
266749158868952,72,41,43836,342.617,1980
266749208977946,72,41,43836,342.617,1980
266749259056845,72,41,43836,346.128,1980
266749309177487,72,41,43836,346.128,1980
266749359284580,73,42,43836,348.181,1980
266749409413534,73,42,43836,348.181,1980
266749459533828,73,42,43836,350.039,1980
266749509657629,73,42,43836,350.039,1980
266749559774544,75,44,43836,352.396,1980
266749609903652,75,44,43836,352.396,1980
266749660016061,75,44,43836,356.248,1980
266749710132712,75,44,43836,356.248,1980
266749760252252,76,44,43836,358.309,1980
266749810379677,76,44,43836,358.309,1980
266749860534838,76,44,43836,359.968,1980
266749910733834,76,44,43836,359.968,1980
266749960900739,77,45,43836,361.193,1980
266750011126811,77,45,43836,361.193,1980
266750061298207,77,45,43836,364.189,1980
266750111480143,77,45,43836,364.189,1980
266750161660369,78,46,43836,366.395,1980
266750211825639,78,46,43836,366.395,1980
266750262044116,78,46,43836,367.508,1980
266750312176773,78,46,43836,367.508,1980
266750362279512,79,48,43836,370.945,1980
266750412403699,79,48,43836,370.945,1980
266750462506202,79,48,43836,374.611,1980
266750512631438,79,48,43836,374.611,1980
266750562745346,80,49,43836,376.819,1980
266750612870806,80,49,43836,376.819,1980
266750662972122,80,49,43836,377.999,1980
266750713090803,80,49,43836,377.999,1980
266750763194993,82,50,43836,380.217,1980
266750813293145,82,50,43836,380.217,1980
266750863400310,82,50,43836,384.941,1980
266750913518365,82,50,43836,384.941,1980
266750963623241,83,51,43836,389.191,1980
266751013732095,83,51,43836,389.191,1980
266751063845838,83,51,43836,390.066,1980
266751113950066,83,51,43836,390.066,1980
266751164063611,84,52,43836,391.926,1980
266751214164692,84,52,43836,391.926,1980
266751264267512,84,52,43836,395.553,1980
266751314380819,84,52,43836,395.553,1980
266751364491696,87,54,43836,398.42,1980
266751414612370,87,54,43836,398.42,1980
266751464720371,87,54,43836,400.561,1980
266751514843137,87,54,43836,400.561,1980
266751564943339,87,55,43836,403.762,1980
266751615045858,87,55,43836,403.762,1980
266751665171330,87,55,43836,408.686,1980
266751715271657,87,55,43836,408.686,1980
266751765384222,88,56,43836,410.706,1980
266751815501047,88,56,43836,410.706,1980
266751865616208,88,56,43836,413.425,1980
266751915714713,88,56,43836,413.425,1980
266751965813061,89,57,43836,415.643,1980
266752015952121,89,57,43836,415.643,1980
266752066051478,89,57,43836,419.864,1980
266752116161503,89,57,43836,419.864,1980
266752166269353,91,59,43836,422.624,1980
266752216386163,91,59,43836,422.624,1980
266752266494853,91,59,43836,425.094,1980
266752316594297,91,59,43836,425.094,1980
266752366696308,92,60,43836,428.476,1980
266752416811310,92,60,43836,428.476,1980
266752466938684,92,60,43836,430.828,1980
266752517057613,92,60,43836,430.828,1980
266752567165095,93,61,43836,433.929,1980
266752617298301,93,61,43836,433.929,1980
266752667413683,93,61,43836,435.017,1980
266752717520592,93,61,43836,435.017,1980
266752767621701,94,62,43836,438.587,1980
266752817752067,94,62,43836,438.587,1980
266752867861007,94,62,43836,442.292,1980
266752917973445,94,62,43836,442.292,1980
266752968077602,93,61,43836,444.745,1980
266753018189337,93,61,43836,444.745,1980
266753068293536,93,61,43836,447.336,1980
266753118393436,93,61,43836,447.336,1980
266753168492500,94,62,43836,449.488,1980
266753218604769,94,62,43836,449.488,1980
266753268710372,94,62,43836,450.761,1980
266753318838005,94,62,43836,450.761,1980
266753368962167,95,63,43836,451.616,1980
266753419066602,95,63,43836,451.616,1980
266753469168379,95,63,43836,453.17,1980
266753519265997,95,63,43836,453.17,1980
266753569391790,95,64,43836,454.088,1980
266753619491580,95,64,43836,454.088,1980
266753669594484,95,64,43836,456.11,1980
266753719697850,95,64,43836,456.11,1980
266753769799805,95,64,43836,456.886,1980
266753820599183,95,64,43836,456.886,1980
266753870708779,95,64,43836,455.204,1980
266753920810391,95,64,43836,455.204,1980
266753970912944,81,48,43836,467.273,1980
266754021032906,81,48,43836,467.273,1980
266754071136405,81,48,43836,480.544,1980
266754121238452,81,48,43836,480.544,1980
266754171354801,96,55,43836,494.788,1980
266754221459924,96,55,43836,494.788,1980
266754271557964,96,55,43836,507.123,1980
266754321658138,96,55,43836,507.123,1980
266754371760775,96,53,43836,522.855,1980
266754421874047,96,53,43836,522.855,1980
266754471971355,96,53,43836,535.434,1980
266754522081931,96,53,43836,535.434,1980
266754572181446,96,54,43836,546.699,1980
266754622278461,96,54,43836,546.699,1980
266754672378100,96,54,43836,558.895,1980
266754722478069,96,54,43836,558.895,1980
266754772577043,97,53,43836,570.754,1980
266754822716045,97,53,43836,570.754,1980
266754872822954,97,53,43836,576.073,1980
266754922938704,97,53,43836,576.073,1980
266754973043194,67,44,43836,566.41,1980
266755023157976,67,44,43836,566.41,1980
266755073269225,67,44,43836,541.851,1980
266755123389087,67,44,43836,541.851,1980
266755173510016,71,39,43836,518.241,1980
266755223609140,71,39,43836,518.241,1980
266755273706917,71,39,43836,495.454,1980
266755323807969,71,39,43836,495.454,1980
266755373932881,72,40,43836,470.406,1980
266755424049607,72,40,43836,470.406,1980
266755474155675,72,40,43836,443.831,1980
266755524260110,72,40,43836,443.831,1980
266755574358106,73,41,43836,422.517,1980
266755624482644,73,41,43836,422.517,1980
266755674582587,73,41,43836,404.693,1980
266755724688864,73,41,43836,404.693,1980
266755774788196,75,42,43836,378.794,1980
266755824886652,75,42,43836,378.794,1980
266755875008692,75,42,43836,371.424,1980
266755925126555,75,42,43836,371.424,1980
266755975240274,76,43,43836,354.186,1980
266756025351086,76,43,43836,354.186,1980
266756075465258,76,43,43836,356.468,1980
266756125598145,76,43,43836,356.468,1980
266756175698075,77,44,43836,358.448,1980
266756225806540,77,44,43836,358.448,1980
266756275924541,77,44,43836,361.08,1980
266756326027548,77,44,43836,361.08,1980
266756376125231,78,46,43836,363.647,1980
266756426237734,78,46,43836,363.647,1980
266756476338641,78,46,43836,366.539,1980
266756526441431,78,46,43836,366.539,1980
266756582996257,79,47,43836,367.752,1980
266756635440528,79,47,43836,367.752,1980
266756685556244,79,47,43836,369.816,1980
266756735661065,79,47,43836,369.816,1980
266756785771337,80,48,43836,373.402,1980
266756835881515,80,48,43836,373.402,1980
266756885995135,80,48,43836,377.177,1980
266756936099217,80,48,43836,377.177,1980
266756986199979,81,49,43836,377.907,1980
266757036304774,81,49,43836,377.907,1980
266757086409149,81,49,43836,380.383,1980
266757136514876,81,49,43836,380.383,1980
266757186625022,81,50,43836,380.874,1980
266757236723963,81,50,43836,380.874,1980
266757286823111,81,50,43836,384.029,1980
266757336926203,81,50,43836,384.029,1980
266757387061012,82,51,43836,387.711,1980
266757437170447,82,51,43836,387.711,1980
266757487270292,82,51,43836,389.563,1980
266757537375209,82,51,43836,389.563,1980
266757587475189,84,53,43836,391.553,1980
266757637605183,84,53,43836,391.553,1980
266757687714939,84,53,43836,394.252,1980
266757737827560,84,53,43836,394.252,1980
266757787935455,87,54,43836,396.996,1980
266757838059033,87,54,43836,396.996,1980
266757888160419,87,54,43836,398.903,1980
266757938282470,87,54,43836,398.903,1980
266757988397780,89,55,43836,403.7,1980
266758038505715,89,55,43836,403.7,1980
266758088628329,89,55,43836,407.16,1980
266758138748784,89,55,43836,407.16,1980
266758188853653,90,57,43836,410.944,1980
266758238955112,90,57,43836,410.944,1980
266758289054576,90,57,43836,413.846,1980
266758339164015,90,57,43836,413.846,1980
266758389275405,91,58,43836,416.164,1980
266758439384299,91,58,43836,416.164,1980
266758489491075,91,58,43836,420.083,1980
266758539589617,91,58,43836,420.083,1980
266758589702906,92,59,43836,423.266,1980
266758639804533,92,59,43836,423.266,1980
266758689905536,92,59,43836,427.712,1980
266758740019885,92,59,43836,427.712,1980
266758790124140,93,60,43836,429.316,1980
266758840224212,93,60,43836,429.316,1980
266758890322855,93,60,43836,431.647,1980
266758940421256,93,60,43836,431.647,1980
266758990592208,94,61,43836,433.084,1980
266759040695757,94,61,43836,433.084,1980
266759090816432,94,61,43836,435.29,1980
266759140929424,94,61,43836,435.29,1980
266759191053409,93,61,43836,438.242,1980
266759241156053,93,61,43836,438.242,1980
266759291268814,93,61,43836,442.008,1980
266759341371764,93,61,43836,442.008,1980
266759391476479,94,62,43836,443.574,1980
266759441582156,94,62,43836,443.574,1980
266759491682516,94,62,43836,446.399,1980
266759541783095,94,62,43836,446.399,1980
266759591897072,95,63,43836,449.147,1980
266759641999416,95,63,43836,449.147,1980
266759692101334,95,63,43836,450.146,1980
266759742207797,95,63,43836,450.146,1980
266759792322502,95,63,43836,452.078,1980
266759842425185,95,63,43836,452.078,1980
266759892541246,95,63,43836,455.627,1980
266759942645009,95,63,43836,455.627,1980
266759992747485,94,63,43836,456.571,1980
266760042845986,94,63,43836,456.571,1980
266760092944393,94,63,43836,455.943,1980
266760143056990,94,63,43836,455.943,1980
266760193161706,96,64,43836,455.491,1980
266760243272143,96,64,43836,455.491,1980
266760293379039,96,64,43836,456.067,1980
266760343479308,96,64,43836,456.067,1980
266760393582111,94,64,43836,457.708,1980
266760443681590,94,64,43836,457.708,1980
266760493789990,94,64,43836,458.269,1980
266760543898797,94,64,43836,458.269,1980
266760594000020,96,65,43836,458.545,1980
266760644101585,96,65,43836,458.545,1980
266760694204103,96,65,43836,459.513,1980
266760744314160,96,65,43836,459.513,1980
266760794415831,96,64,43836,461.887,1980
266760844520412,96,64,43836,461.887,1980
266760894622298,96,64,43836,469.962,1980
266760944722291,96,64,43836,469.962,1980
266760994820149,96,53,43836,478.323,1980
266761044917021,96,53,43836,478.323,1980
266761096158999,96,53,43836,489.947,1980
266761146264039,96,53,43836,489.947,1980
266761196366835,96,56,43836,501.698,1980
266761246469784,96,56,43836,501.698,1980
266761296570644,96,56,43836,510.415,1980
266761346687967,96,56,43836,510.415,1980
266761396786839,96,54,43836,518.195,1980
266761446892887,96,54,43836,518.195,1980
266761496997493,96,54,43836,526.661,1980
266761547102439,96,54,43836,526.661,1980
266761597213860,96,55,43836,533.764,1980
266761647312315,96,55,43836,533.764,1980
266761697416387,96,55,43836,543.779,1980
266761747521161,96,55,43836,543.779,1980
266761797624414,95,63,43836,544.529,1980
266761847728589,95,63,43836,544.529,1980
266761897847974,95,63,43836,537.204,1980
266761947949302,95,63,43836,537.204,1980
266761998068941,74,41,43836,519.998,1980
266762048177081,74,41,43836,519.998,1980
266762098285991,74,41,43836,495.966,1980
266762148415927,74,41,43836,495.966,1980
266762198520449,71,38,43836,473.665,1980
266762248621653,71,38,43836,473.665,1980
266762298724928,71,38,43836,452.667,1980
266762348845720,71,38,43836,452.667,1980
266762398953434,72,39,43836,432.652,1980
266762449058772,72,39,43836,432.652,1980
266762499158394,72,39,43836,416.821,1980
266762549259225,72,39,43836,416.821,1980
266762599361614,72,41,43836,399.562,1980
266762649461279,72,41,43836,399.562,1980
266762699569686,72,41,43836,378.681,1980
266762749677986,72,41,43836,378.681,1980
266762799787891,73,42,43836,361.85,1980
266762849894757,73,42,43836,361.85,1980
266762899996138,73,42,43836,351.111,1980
266762950106256,73,42,43836,351.111,1980
266763000268763,74,43,43836,352.413,1980
266763050372236,74,43,43836,352.413,1980
266763100504919,74,43,43836,354.724,1980
266763150625475,74,43,43836,354.724,1980
266763200726662,76,45,43836,356.571,1980
266763250833469,76,45,43836,356.571,1980
266763300935973,76,45,43836,358.685,1980
266763351048012,76,45,43836,358.685,1980
266763401148271,77,45,43836,361.786,1980
266763451317971,77,45,43836,361.786,1980
266763501476130,77,45,43836,364.03,1980
266763551605752,77,45,43836,364.03,1980
266763601732161,79,47,43836,365.993,1980
266763651855917,79,47,43836,365.993,1980
266763701973210,79,47,43836,368.158,1980
266763752055505,79,47,43836,368.158,1980
266763802177907,80,48,43836,371.957,1980
266763852302293,80,48,43836,371.957,1980
266763902415506,80,48,43836,374.199,1980
266763952524265,80,48,43836,374.199,1980
266764002635180,81,49,43836,377.167,1980
266764052748253,81,49,43836,377.167,1980
266764102859057,81,49,43836,381.639,1980
266764152966572,81,49,43836,381.639,1980
266764203049360,81,50,43836,384.592,1980
266764253161093,81,50,43836,384.592,1980
266764303272322,81,50,43836,388.669,1980
266764353377375,81,50,43836,388.669,1980
266764403493488,83,51,43836,389.32,1980
266764453598985,83,51,43836,389.32,1980
266764503711373,83,51,43836,392.374,1980
266764553840285,83,51,43836,392.374,1980
266764603950838,83,52,43836,393.24,1980
266764654053586,83,52,43836,393.24,1980
266764704156901,83,52,43836,396.945,1980
266764754270935,83,52,43836,396.945,1980
266764804389119,86,53,43836,398.355,1980
266764854500349,86,53,43836,398.355,1980
266764904624362,86,53,43836,401.424,1980
266764954736420,86,53,43836,401.424,1980
266765004842889,87,54,43836,403.672,1980
266765054948798,87,54,43836,403.672,1980
266765105050304,87,54,43836,405.66,1980
266765155165624,87,54,43836,405.66,1980
266765205279357,88,56,43836,409.099,1980
266765255385814,88,56,43836,409.099,1980
266765305517679,88,56,43836,412.24,1980
266765355627913,88,56,43836,412.24,1980
266765405731882,90,58,43836,417.901,1980
266765455841465,90,58,43836,417.901,1980
266765505944931,90,58,43836,419.663,1980
266765556055099,90,58,43836,419.663,1980
266765606156843,91,58,43836,424.9,1980
266765656276623,91,58,43836,424.9,1980
266765706379805,91,58,43836,425.525,1980
266765756489544,91,58,43836,425.525,1980
266765806591204,93,60,43836,429.943,1980
266765856720554,93,60,43836,429.943,1980
266765906839492,93,60,43836,434.058,1980
266765957387029,93,60,43836,434.058,1980
266766007510942,94,61,43836,437.545,1980
266766057616650,94,61,43836,437.545,1980
266766107724468,94,61,43836,440.742,1980
266766157827674,94,61,43836,440.742,1980
266766207951880,94,61,43836,442.363,1980
266766258047650,94,61,43836,442.363,1980
266766308163305,94,61,43836,444.767,1980
266766358283664,94,61,43836,444.767,1980
266766408385753,94,62,43836,446.183,1980
266766458498286,94,62,43836,446.183,1980
266766508617082,94,62,43836,448.804,1980
266766559647095,94,62,43836,448.804,1980
266766609776200,94,62,43836,449.695,1980
266766659883605,94,62,43836,449.695,1980
266766710005050,94,62,43836,453.071,1980
266766760111747,94,62,43836,453.071,1980
266766810214127,95,63,43836,455.889,1980
266766861955452,95,63,43836,455.889,1980
266766912054524,95,63,43836,456.69,1980
266766962173990,95,63,43836,456.69,1980
266767012277334,95,64,43836,457.153,1980
266767062398233,95,64,43836,457.153,1980
266767112501637,95,64,43836,456.7,1980
266767162617561,95,64,43836,456.7,1980
266767212728712,95,64,43836,457.07,1980
266767262843886,95,64,43836,457.07,1980
266767312963881,95,64,43836,458.828,1980
266767363046637,95,64,43836,458.828,1980
266767413171721,95,64,43836,460.676,1980
266767463275965,95,64,43836,460.676,1980
266767513388412,95,64,43836,462.08,1980
266767563505304,95,64,43836,462.08,1980
266767613616361,96,65,43836,463.889,1980
266767663720367,96,65,43836,463.889,1980
266767713824808,96,65,43836,463.755,1980
266767763925976,96,65,43836,463.755,1980
266767814029597,82,45,43836,475.735,1980
266767864131596,82,45,43836,475.735,1980
266767914232440,82,45,43836,489.58,1980
266767964344111,82,45,43836,489.58,1980
266768014452370,96,54,43836,502.025,1980
266768064563615,96,54,43836,502.025,1980
266768114706630,96,54,43836,518.775,1980
266768164822538,96,54,43836,518.775,1980
266768214927840,96,55,43836,533.976,1980
266768265039080,96,55,43836,533.976,1980
266768315145884,96,55,43836,546.029,1980
266768365254035,96,55,43836,546.029,1980
266768415357342,96,54,43836,556.46,1980
266768465458563,96,54,43836,556.46,1980
266768515561716,96,54,43836,568.857,1980
266768565681860,96,54,43836,568.857,1980
266768615821187,96,55,43836,579.65,1980
266768665937025,96,55,43836,579.65,1980
266768716057138,96,55,43836,588.196,1980
266768766171501,96,55,43836,588.196,1980
266768816281558,74,46,43836,572.929,1980
266768866404886,74,46,43836,572.929,1980
266768916524116,74,46,43836,549.059,1980
266768966627091,74,46,43836,549.059,1980
266769016730156,72,40,43836,526.085,1980
266769066835309,72,40,43836,526.085,1980
266769116942649,72,40,43836,502.567,1980
266769167072127,72,40,43836,502.567,1980
266769217175102,73,41,43836,474.471,1980
266769267284524,73,41,43836,454.468,1980
266769317393864,73,41,43836,454.468,1980
266769367521468,73,41,43836,433.013,1980
266769417630402,75,43,43836,433.013,1980
266769467733586,75,43,43836,410.082,1980
266769517845237,75,43,43836,410.082,1980
266769567962187,76,44,43836,386.127,1980
266769618045883,76,44,43836,386.127,1980
266769668167556,76,44,43836,376.117,1980
266769718272996,76,44,43836,376.117,1980
266769768380647,77,46,43836,361.722,1980
266769818486893,77,46,43836,361.722,1980
266769868591102,77,46,43836,362.95,1980
266769918719910,77,46,43836,362.95,1980
266769968835755,79,47,43836,367.153,1980
266770018940194,79,47,43836,367.153,1980
266770069046399,79,47,43836,370.248,1980
266770119158899,79,47,43836,370.248,1980
266770169268624,80,47,43836,373.381,1980
266770219379896,80,47,43836,373.381,1980
266770269489580,80,47,43836,375.502,1980
266770319693070,80,47,43836,375.502,1980
266770369896642,81,49,43836,378.563,1980
266770420029909,81,49,43836,378.563,1980
266770470198999,81,49,43836,380.71,1980
266770520343702,81,49,43836,380.71,1980
266770570452208,82,50,43836,383.206,1980
266770620574347,82,50,43836,383.206,1980
266770670681381,82,50,43836,387.178,1980
266770720783863,82,50,43836,387.178,1980
266770770884211,84,52,43836,390.889,1980
266770820991233,84,52,43836,390.889,1980
266770871107951,84,52,43836,393.04,1980
266770921237704,84,52,43836,393.04,1980
266770971348624,85,53,43836,394.552,1980
266771021462608,85,53,43836,394.552,1980
266771071576372,85,53,43836,396.214,1980
266771121680923,85,53,43836,396.214,1980
266771171784167,86,53,43836,400.368,1980
266771221886082,86,53,43836,400.368,1980
266771271997119,86,53,43836,403.77,1980
266771322103984,86,53,43836,403.77,1980
266771372218267,89,56,43836,407.554,1980
266771422319611,89,56,43836,407.554,1980
266771472421690,89,56,43836,410.906,1980
266771522528895,89,56,43836,410.906,1980
266771572637560,90,57,43836,413.951,1980
266771622739056,90,57,43836,413.951,1980
266771672840775,90,57,43836,414.976,1980
266771722952580,90,57,43836,414.976,1980
266771773046933,91,58,43836,418.026,1980
266771823166314,91,58,43836,418.026,1980
266771873279984,91,58,43836,421.815,1980
266771923391731,91,58,43836,421.815,1980
266771973536396,92,59,43836,425.914,1980
266772023654614,92,59,43836,425.914,1980
266772073768266,92,59,43836,429.452,1980
266772123879260,92,59,43836,429.452,1980
266772173990913,91,59,43836,431.353,1980
266772224107839,91,59,43836,431.353,1980
266772274213019,91,59,43836,434.443,1980
266772324313422,91,59,43836,434.443,1980
266772374412971,94,61,43836,436.321,1980
266772424527102,94,61,43836,436.321,1980
266772474635945,94,61,43836,437.891,1980
266772524741285,94,61,43836,437.891,1980
266772574841600,94,61,43836,440.371,1980
266772625019935,94,61,43836,440.371,1980
266772675128714,94,61,43836,443.995,1980
266772725247799,94,61,43836,443.995,1980
266772775367835,93,62,43836,445.472,1980
266772825480952,93,62,43836,445.472,1980
266772875598069,93,62,43836,446.214,1980
266772925702020,93,62,43836,446.214,1980
266772975802649,95,63,43836,448.997,1980
266773025920607,95,63,43836,448.997,1980
266773076024849,95,63,43836,450.402,1980
266773126143738,95,63,43836,450.402,1980
266773176274309,95,63,43836,451.363,1980
266773226381701,95,63,43836,451.363,1980
266773276492807,95,63,43836,452.38,1980
266773326599544,95,63,43836,452.38,1980
266773376714745,94,63,43836,454.59,1980
266773426817322,94,63,43836,454.59,1980
266773476918593,94,63,43836,456.839,1980
266773527049013,94,63,43836,456.839,1980
266773577157860,96,64,43836,458.092,1980
266773627261127,96,64,43836,458.092,1980
266773677362673,96,64,43836,459.148,1980
266773727467303,96,64,43836,459.148,1980
266773777579082,94,64,43836,460.298,1980
266773827682513,94,64,43836,460.298,1980
266773877808208,94,64,43836,462.059,1980
266773927920287,94,64,43836,462.059,1980
266773978032099,96,65,43836,462.849,1980
266774028161937,96,65,43836,462.849,1980
266774078267316,96,65,43836,464.048,1980
266774128371829,96,65,43836,464.048,1980
266774178476255,96,64,43836,465.256,1980
266774228578543,96,64,43836,465.256,1980
266774278677896,96,64,43836,464.022,1980
266774328793196,96,64,43836,464.022,1980
266774378947196,96,65,43836,460.111,1980
266774429057362,96,65,43836,460.111,1980
266774479223427,96,65,43836,457.767,1980
266774529330565,96,65,43836,457.767,1980
266774579448444,83,51,43836,459.73,1980
266774629556766,83,51,43836,459.73,1980
266774679658485,83,51,43836,472.811,1980
266774729758242,83,51,43836,472.811,1980
266774779859942,96,56,43836,486.923,1980
266774829969310,96,56,43836,486.923,1980
266774880212402,96,56,43836,501.321,1980
266774930316608,96,56,43836,501.321,1980
266774980419439,96,55,43836,514.585,1980
266775030521304,96,55,43836,514.585,1980
266775080623148,96,55,43836,526.649,1980
266775130723017,96,55,43836,526.649,1980
266775180843714,96,54,43836,539.002,1980
266775230945688,96,54,43836,539.002,1980
266775281045389,96,54,43836,550.468,1980
266775331147740,96,54,43836,550.468,1980
266775381262298,99,56,43836,568.705,1980
266775431364542,99,56,43836,568.705,1980
266775481465898,99,56,43836,583.858,1980
266775533327390,99,56,43836,583.858,1980
266775583456084,60,46,43836,580.637,1980
266775633562584,60,46,43836,580.637,1980
266775683682902,60,46,43836,581.403,1935
266775733802176,60,46,43836,581.403,1935
266775783913797,71,38,43836,556.116,1965
266775834025889,71,38,43836,556.116,1965
266775884132073,71,38,43836,531.482,1965
266775934252583,71,38,43836,531.482,1965
266775984355553,72,39,43836,505.351,1965
266776034464087,72,39,43836,505.351,1965
266776084564219,72,39,43836,478.645,1980
266776134691788,72,39,43836,478.645,1980
266776184822158,73,40,43836,459.13,1980
266776234934471,73,40,43836,459.13,1980
266776285047456,73,40,43836,433.118,1980
266776335177179,73,40,43836,433.118,1980
266776385282974,73,41,43836,412.861,1980
266776435387584,73,41,43836,412.861,1980
266776485497716,73,41,43836,390.091,1980
266776535643919,73,41,43836,390.091,1980
266776585760077,74,43,43836,377.731,1980
266776635865348,74,43,43836,377.731,1980
266776685998155,74,43,43836,351.45,1980
266776736103078,74,43,43836,351.45,1980
266776786212397,76,44,43836,352.169,1980
266776836325306,76,44,43836,352.169,1980
266776886435715,76,44,43836,353.731,1980
266776936537546,76,44,43836,353.731,1980
266776986643336,77,45,43836,356.329,1980
266777036762133,77,45,43836,356.329,1980
266777086877929,77,45,43836,359.229,1980
266777136980404,77,45,43836,359.229,1980
266777187063076,78,46,43836,362.415,1980
266777237168023,78,46,43836,362.415,1980
266777287269185,78,46,43836,366.742,1980
266777337395256,78,46,43836,366.742,1980
266777387497613,80,47,43836,367.898,1980
266777437640234,80,47,43836,367.898,1980
266777487742849,80,47,43836,371.09,1980
266777537845968,80,47,43836,371.09,1980
266777587959972,80,48,43836,373.121,1980
266777638045841,80,48,43836,373.121,1980
266777688172486,80,48,43836,376.803,1980
266777738279075,80,48,43836,376.803,1980
266777788395491,82,50,43836,379.54,1980
266777838503074,82,50,43836,379.54,1980
266777888616689,82,50,43836,383.466,1980
266777938726611,82,50,43836,383.466,1980
266777988833381,83,51,43836,384.591,1980
266778038940332,83,51,43836,384.591,1980
266778089046187,83,51,43836,386.95,1980
266778139153460,83,51,43836,386.95,1980
266778189258184,85,53,43836,389.987,1980
266778239377499,85,53,43836,389.987,1980
266778289488595,85,53,43836,391.179,1980
266778339611256,85,53,43836,391.179,1980
266778389723579,86,53,43836,393.948,1980
266778439843889,86,53,43836,393.948,1980
266778489958599,86,53,43836,395.625,1980
266778540058598,86,53,43836,395.625,1980
266778590160658,88,54,43836,400.585,1980
266778640301108,88,54,43836,400.585,1980
266778690406394,88,54,43836,403.915,1980
266778740512201,88,54,43836,403.915,1980
266778790613770,88,55,43836,407.136,1980
266778840724539,88,55,43836,407.136,1980
266778890829241,88,55,43836,410.828,1980
266778940937424,88,55,43836,410.828,1980
266778991048838,89,56,43836,415.773,1980
266779041171843,89,56,43836,415.773,1980
266779091277961,89,56,43836,418.198,1980
266779141398078,89,56,43836,418.198,1980
266779191499242,90,57,43836,420.848,1980
266779241607021,90,57,43836,420.848,1980
266779291713540,90,57,43836,422.208,1980
266779341853557,90,57,43836,422.208,1980
266779391969002,91,59,43836,426.099,1980
266779442057099,91,59,43836,426.099,1980
266779492163373,91,59,43836,429.185,1980
266779542281846,91,59,43836,429.185,1980
266779592394917,92,60,43836,431.036,1980
266779642510253,92,60,43836,431.036,1980
266779692623406,92,60,43836,432.56,1980
266779742732118,92,60,43836,432.56,1980
266779792832869,94,62,43836,435.332,1980
266779842940554,94,62,43836,435.332,1980
266779893046281,94,62,43836,436.494,1980
266779943155875,94,62,43836,436.494,1980
266779993265367,95,62,43836,437.932,1980
266780043374890,95,62,43836,437.932,1980
266780093487970,95,62,43836,442.107,1980
266780143602607,95,62,43836,442.107,1980
266780193709139,95,63,43836,444.316,1980
266780243826848,95,63,43836,444.316,1980
266780293945430,95,63,43836,446.851,1980
266780344075707,95,63,43836,446.851,1980
266780394190176,94,62,43836,448.886,1980
266780444313206,94,62,43836,448.886,1980
266780494463591,94,62,43836,449.776,1980
266780544593447,94,62,43836,449.776,1980
266780594741719,95,64,43836,451.266,1980
266780644864963,95,64,43836,451.266,1980
266780694979489,95,64,43836,453.584,1980
266780745048044,95,64,43836,453.584,1980
266780795148336,95,64,43836,453.386,1980
266780845265737,95,64,43836,453.386,1980
266780895380999,95,64,43836,454.36,1980
266780945487337,95,64,43836,454.36,1980
266780995594407,96,64,43836,455.032,1980
266781045722092,96,64,43836,455.032,1980
266781095824982,96,64,43836,456.569,1980
266781145931181,96,64,43836,456.569,1980
266781196040977,96,65,43836,457.73,1980
266781246166410,96,65,43836,457.73,1980
266781296268198,96,65,43836,458.425,1980
266781346369459,96,65,43836,458.425,1980
266781396479879,96,64,43836,459.851,1980
266781446637881,96,64,43836,459.851,1980
266781496753914,96,64,43836,462.183,1980
266781546855619,96,64,43836,462.183,1980
266781596956019,96,52,43836,476.199,1980
266781647045415,96,52,43836,476.199,1980
266781697149174,96,52,43836,488.808,1980
266781747252928,96,52,43836,488.808,1980
266781797352711,96,54,43836,507.345,1980
266781847454203,96,54,43836,507.345,1980
266781897554888,96,54,43836,518.726,1980
266781947656779,96,54,43836,518.726,1980
266781997758536,96,54,43836,533.71,1980
266782047878882,96,54,43836,533.71,1980
266782097980557,96,54,43836,546.271,1980
266782148045996,96,54,43836,546.271,1980
266782198179980,96,55,43836,561.531,1980
266782248281299,96,55,43836,561.531,1980
266782298382827,96,55,43836,572.951,1980
266782348485106,96,55,43836,572.951,1980
266782398585608,96,55,43836,587.112,1980
266782448692109,96,55,43836,587.112,1980
266782498797546,96,55,43836,589.119,1980
266782548902644,96,55,43836,589.119,1980
266782599022373,88,53,43836,584.905,1980
266782649136599,88,53,43836,584.905,1980
266782699245621,88,53,43836,559.387,1980
266782749355639,88,53,43836,559.387,1980
266782799494877,71,38,43836,533.904,1980
266782849606739,71,38,43836,533.904,1980
266782899718997,71,38,43836,508.463,1980
266782949824004,71,38,43836,508.463,1980
266782999943199,72,39,43836,482.277,1980
266783050060703,72,39,43836,482.277,1980
266783100166093,72,39,43836,461.415,1980
266783150289243,72,39,43836,461.415,1980
266783200397291,72,40,43836,434.492,1980
266783250501110,72,40,43836,434.492,1980
266783300603265,72,40,43836,409.813,1980
266783350716126,72,40,43836,409.813,1980
266783400820635,73,41,43836,385.486,1980
266783450956885,73,41,43836,385.486,1980
266783501050501,73,41,43836,374.45,1980
266783551152631,73,41,43836,374.45,1980
266783601269780,75,43,43836,349.981,1980
266783651404514,75,43,43836,349.981,1980
266783701507925,75,43,43836,351.785,1980
266783751622465,75,43,43836,351.785,1980
266783801725001,76,44,43836,354.051,1980
266783851837606,76,44,43836,354.051,1980
266783901948449,76,44,43836,356.978,1980
266783952060922,76,44,43836,356.978,1980
266784002166176,77,45,43836,359.33,1980
266784052287748,77,45,43836,359.33,1980
266784102396712,77,45,43836,360.893,1980
266784152523329,77,45,43836,360.893,1980
266784202631839,78,46,43836,362.944,1980
266784252742606,78,46,43836,362.944,1980
266784302886965,78,46,43836,365.65,1980
266784353006437,78,46,43836,365.65,1980
266784403123855,80,47,43836,366.931,1980
266784453227433,80,47,43836,366.931,1980
266784503347153,80,47,43836,370.752,1980
266784553535667,80,47,43836,370.752,1980
266784603637604,80,48,43836,372.74,1980
266784653747418,80,48,43836,372.74,1980
266784703855171,80,48,43836,377.052,1980
266784753969266,80,48,43836,377.052,1980
266784804050370,82,50,43836,379.834,1980
266784854163000,82,50,43836,379.834,1980
266784904266600,82,50,43836,382.658,1980
266784954369856,82,50,43836,382.658,1980
266785004481869,83,51,43836,385.327,1980
266785054593496,83,51,43836,385.327,1980
266785104710224,83,51,43836,389.674,1980
266785154816120,83,51,43836,389.674,1980
266785204933094,84,53,43836,391.186,1980
266785255049541,84,53,43836,391.186,1980
266785305152308,84,53,43836,393.648,1980
266785355265908,84,53,43836,393.648,1980
266785405385660,86,53,43836,396.715,1980
266785455490487,86,53,43836,396.715,1980
266785505592579,86,53,43836,399.584,1980
266785555706439,86,53,43836,399.584,1980
266785605814448,89,55,43836,402.552,1980
266785655918469,89,55,43836,402.552,1980
266785706047008,89,55,43836,404.996,1980
266785756154406,89,55,43836,404.996,1980
266785806264144,88,55,43836,408.127,1980
266785856368187,88,55,43836,408.127,1980
266785906469672,88,55,43836,409.152,1980
266785956573673,88,55,43836,409.152,1980
266786006694805,89,56,43836,413.321,1980
266786056801845,89,56,43836,413.321,1980
266786106918347,89,56,43836,414.712,1980
266786157026549,89,56,43836,414.712,1980
266786207127482,90,57,43836,418.714,1980
266786257254558,90,57,43836,418.714,1980
266786307364023,90,57,43836,420.926,1980
266786357468367,90,57,43836,420.926,1980
266786407570230,91,59,43836,424.821,1980
266786457670172,91,59,43836,424.821,1980
266786507772557,91,59,43836,428.308,1980
266786557886660,91,59,43836,428.308,1980
266786607997117,92,60,43836,430.926,1980
266786658117976,92,60,43836,430.926,1980
266786708220159,92,60,43836,432.529,1980
266786758328434,92,60,43836,432.529,1980
266786808465024,93,61,43836,435.559,1980
266786858586252,93,61,43836,435.559,1980
266786908700801,93,61,43836,438.762,1980
266786958826343,93,61,43836,438.762,1980
266787008942088,95,62,43836,440.113,1980
266787059048458,95,62,43836,440.113,1980
266787109156747,95,62,43836,443.664,1980
266787159269919,95,62,43836,443.664,1980
266787209392282,95,63,43836,446.769,1980
266787259501710,95,63,43836,446.769,1980
266787309621122,95,63,43836,450.664,1980
266787359733349,95,63,43836,450.664,1980
266787409857816,95,63,43836,452.384,1980
266787460011573,95,63,43836,452.384,1980
266787510136467,95,63,43836,451.591,1980
266787560255440,95,63,43836,451.591,1980
266787610380411,94,63,43836,452.501,1980
266787660493484,94,63,43836,452.501,1980
266787710605828,94,63,43836,455.421,1980
266787760728923,94,63,43836,455.421,1980
266787810840721,95,64,43836,456.031,1980
266787860942812,95,64,43836,456.031,1980
266787911053588,95,64,43836,458.683,1980
266787961163204,95,64,43836,458.683,1980
266788011293661,94,64,43836,460.518,1980
266788061477362,94,64,43836,460.518,1980
266788111587217,94,64,43836,461.215,1980
266788161723398,94,64,43836,461.215,1980
266788211827113,96,65,43836,460.964,1980
266788261936540,96,65,43836,460.964,1980
266788314446648,96,65,43836,461.73,1980
266788364556726,96,65,43836,461.73,1980
266788414665667,77,46,43836,465.05,1980
266788464768113,77,46,43836,465.05,1980
266788514872345,77,46,43836,480.992,1980
266788564989293,77,46,43836,480.992,1980
266788615091527,96,55,43836,492.161,1980
266788665195057,96,55,43836,492.161,1980
266788715295762,96,55,43836,507.118,1980
266788765395135,96,55,43836,507.118,1980
266788815499710,96,53,43836,520.474,1980
266788865604104,96,53,43836,520.474,1980
266788915702237,96,53,43836,532.113,1980
266788965807250,96,53,43836,532.113,1980
266789015906344,96,54,43836,543.848,1980
266789066034808,96,54,43836,543.848,1980
266789116137041,96,54,43836,551.417,1980
266789166241460,96,54,43836,551.417,1980
266789216341947,96,55,43836,563.724,1980
266789266451396,96,55,43836,563.724,1980
266789316550285,96,55,43836,576.077,1980
266789366655504,96,55,43836,576.077,1980
266789416767154,67,52,43836,577.515,1980
266789466871320,67,52,43836,577.515,1980
266789516972867,67,52,43836,560.336,1980
266789567088786,67,52,43836,560.336,1980
266789617205686,66,35,43836,534.832,1980
266789667320173,66,35,43836,534.832,1980
266789717434839,66,35,43836,506.522,1980
266789767548521,66,35,43836,506.522,1980
266789817664065,68,36,43836,479.501,1980
266789867771060,68,36,43836,479.501,1980
266789917883014,68,36,43836,456.558,1980
266789967990312,68,36,43836,456.558,1980
266790018070517,71,38,43836,429.778,1980
266790068182018,71,38,43836,429.778,1980
266790118284577,71,38,43836,408.445,1980
266790168384191,71,38,43836,408.445,1980
266790218517408,71,39,43836,389.166,1980
266790268618971,71,39,43836,389.166,1980
266790318727296,71,39,43836,363.559,1980
266790368832832,71,39,43836,363.559,1980
266790418946821,72,40,43836,346.757,1980
266790469056383,72,40,43836,346.757,1980
266790519161169,72,40,43836,339.923,1980
266790569273649,72,40,43836,339.923,1980
266790619387018,73,41,43836,341.814,1980
266790669487534,73,41,43836,341.814,1980
266790719606759,73,41,43836,345.665,1980
266790769736403,73,41,43836,345.665,1980
266790819852380,74,42,43836,348.944,1980
266790869967428,74,42,43836,348.944,1980
266790920076607,74,42,43836,352.323,1980
266790970210998,74,42,43836,352.323,1980
266791020327837,75,43,43836,352.745,1980
266791070436676,75,43,43836,352.745,1980
266791120547514,75,43,43836,354.894,1980
266791170652166,75,43,43836,354.894,1980
266791220756844,76,45,43836,357.26,1980
266791270877648,76,45,43836,357.26,1980
266791320988249,76,45,43836,360.879,1980
266791371101640,76,45,43836,360.879,1980
266791421207259,78,46,43836,362.044,1980
266791471311192,78,46,43836,362.044,1980
266791521433042,78,46,43836,365.265,1980
266791571540024,78,46,43836,365.265,1980
266791622987238,79,47,43836,368.337,1980
266791673045810,79,47,43836,368.337,1980
266791723153061,79,47,43836,370.709,1980
266791773263998,79,47,43836,370.709,1980
266791823370275,81,48,43836,371.289,1980
266791873491473,81,48,43836,371.289,1980
266791923629386,81,48,43836,374.038,1980
266791973734602,81,48,43836,374.038,1980
266792023838663,81,49,43836,377.254,1980
266792073951267,81,49,43836,377.254,1980
266792124052219,81,49,43836,378.572,1980
266792174160358,81,49,43836,378.572,1980
266792224276388,83,51,43836,380.968,1980
266792274401929,83,51,43836,380.968,1980
266792324507901,83,51,43836,384.428,1980
266792374615273,83,51,43836,384.428,1980
266792424716812,84,52,43836,386.886,1980
266792474817406,84,52,43836,386.886,1980
266792524924444,84,52,43836,388.986,1980
266792575038642,84,52,43836,388.986,1980
266792625143410,85,53,43836,390.666,1980
266792675257982,85,53,43836,390.666,1980
266792725365099,85,53,43836,392.171,1980
266792775464282,85,53,43836,392.171,1980
266792825564450,88,54,43836,396.645,1980
266792875670095,88,54,43836,396.645,1980
266792925780799,88,54,43836,399.906,1980
266792975886258,88,54,43836,399.906,1980
266793025984827,88,55,43836,404.026,1980
266793076095792,88,55,43836,404.026,1980
266793126198406,88,55,43836,407.699,1980
266793176297743,88,55,43836,407.699,1980
266793226440140,89,56,43836,412.644,1980
266793276553547,89,56,43836,412.644,1980
266793326656591,89,56,43836,414.749,1980
266793376775781,89,56,43836,414.749,1980
266793426884864,90,57,43836,418.238,1980
266793476998449,90,57,43836,418.238,1980
266793527125018,90,57,43836,421.213,1980
266793577233300,90,57,43836,421.213,1980
266793627336746,91,58,43836,425.632,1980
266793677443452,91,58,43836,425.632,1980
266793727544471,91,58,43836,430.879,1980
266793777665282,91,58,43836,430.879,1980
266793827775819,92,60,43836,434.063,1980
266793877892708,92,60,43836,434.063,1980
266793927997485,92,60,43836,436.418,1980
266793978110127,92,60,43836,436.418,1980
266794028216765,93,60,43836,438.102,1980
266794078329553,93,60,43836,438.102,1980
266794128988254,93,60,43836,438.624,1980
266794179100297,93,60,43836,438.624,1980
266794229218514,94,62,43836,440.007,1980
266794279336561,94,62,43836,440.007,1980
266794329440821,94,62,43836,443.328,1980
266794379560477,94,62,43836,443.328,1980
266794429665691,95,63,43836,443.818,1980
266794479768687,95,63,43836,443.818,1980
266794529877179,95,63,43836,446.612,1980
266794579977494,95,63,43836,446.612,1980
266794630082508,95,63,43836,447.477,1980
266794680205779,95,63,43836,447.477,1980
266794730306114,95,63,43836,448.059,1980
266794780405338,95,63,43836,449.579,1980
266794830512301,94,63,43836,449.579,1980
266794880611300,94,63,43836,451.146,1980
266794930714132,94,63,43836,451.146,1980
266794980822875,94,63,43836,452.648,1980
266795030922707,95,64,43836,452.648,1980
266795081055117,95,64,43836,453.77,1980
266795131155828,95,64,43836,453.77,1980
266795181266904,82,53,43836,454.534,1980
266795231370289,82,53,43836,454.534,1980
266795281471074,82,53,43836,465.956,1980
266795331574423,82,53,43836,465.956,1980
266795381677498,99,55,43836,481.731,1980
266795431775200,99,55,43836,481.731,1980
266795481876698,99,55,43836,496.42,1980
266795531981102,99,55,43836,496.42,1980
266795582081053,96,54,43836,506.914,1980
266795632184591,96,54,43836,506.914,1980
266795682284548,96,54,43836,520.333,1980
266795732386297,96,54,43836,520.333,1980
266795782484507,96,54,43836,534.073,1980
266795832583948,96,54,43836,534.073,1980
266795882691019,96,54,43836,548.755,1980
266795933688658,96,54,43836,548.755,1980
266795984599451,97,54,43836,560.004,1980
266796034752426,97,54,43836,560.004,1980
266796084931076,97,54,43836,572.638,1980
266796135068903,97,54,43836,572.638,1980
266796185192312,68,51,43836,582.241,1980
266796235310455,68,51,43836,582.241,1980
266796285425989,68,51,43836,562.88,1965
266796335539152,68,51,43836,562.88,1965
266796385645052,66,35,43836,537.279,1965
266796435775676,66,35,43836,537.279,1965
266796485888588,66,35,43836,509.9,1965
266796535998278,66,35,43836,509.9,1965
266796586117419,69,36,43836,486.801,1980
266796636264909,69,36,43836,486.801,1980
266796686370743,69,36,43836,461.004,1980
266796736498471,69,36,43836,461.004,1980
266796786608042,71,38,43836,440.175,1980
266796836716984,71,38,43836,440.175,1980
266796886834662,71,38,43836,414.241,1980
266796936954346,71,38,43836,414.241,1980
266796987050736,71,39,43836,389.704,1980
266797037184783,71,39,43836,389.704,1980
266797087314702,71,39,43836,363.49,1980
266797137429862,71,39,43836,363.49,1980
266797187547689,72,40,43836,350.229,1980
266797237671516,72,40,43836,350.229,1980
266797287782225,72,40,43836,341.05,1980
266797337897392,72,40,43836,341.05,1980
266797388016389,73,41,43836,343.357,1980
266797438129428,73,41,43836,343.357,1980
266797488236189,73,41,43836,346.922,1980
266797538343201,73,41,43836,346.922,1980
266797588454318,75,42,43836,348.962,1980
266797638567499,75,42,43836,348.962,1980
266797688697301,75,42,43836,351.21,1980
266797738817441,75,42,43836,351.21,1980
266797788933275,76,44,43836,353.616,1980
266797839040105,76,44,43836,353.616,1980
266797889154645,76,44,43836,354.481,1980
266797939259575,76,44,43836,354.481,1980
266797989384120,77,44,43836,358.008,1980
266798039488403,77,44,43836,358.008,1980
266798089599424,77,44,43836,359.888,1980
266798139709278,77,44,43836,359.888,1980
266798189821030,78,46,43836,363.738,1980
266798239925294,78,46,43836,363.738,1980
266798291168281,78,46,43836,365.55,1980
266798341275511,78,46,43836,365.55,1980
266798391401952,79,47,43836,368.457,1980
266798441505103,79,47,43836,368.457,1980
266798491612755,79,47,43836,372.429,1980
266798541729990,79,47,43836,372.429,1980
266798591837571,80,48,43836,375.343,1980
266798641954935,80,48,43836,375.343,1980
266798692044888,80,48,43836,377.576,1980
266798742172651,80,48,43836,377.576,1980
266798792296535,81,49,43836,379.376,1980
266798842408444,81,49,43836,379.376,1980
266798892528739,81,49,43836,382.85,1980
266798942637549,81,49,43836,382.85,1980
266798992740821,82,51,43836,384.108,1980
266799042842529,82,51,43836,384.108,1980
266799092969833,82,51,43836,387.77,1980
266799143047280,82,51,43836,387.77,1980
266799193160655,83,52,43836,391.221,1980
266799243261848,83,52,43836,391.221,1980
266799293364938,83,52,43836,393.755,1980
266799343535209,83,52,43836,393.755,1980
266799393673825,85,54,43836,396.796,1980
266799443786894,85,54,43836,396.796,1980
266799493919752,85,54,43836,397.87,1980
266799544050196,85,54,43836,397.87,1980
266799594167597,88,55,43836,400.458,1980
266799644273947,88,55,43836,400.458,1980
266799694385086,88,55,43836,404.815,1980
266799744504105,88,55,43836,404.815,1980
266799794606513,89,56,43836,407.204,1980
266799844715208,89,56,43836,407.204,1980
266799894818825,89,56,43836,409.361,1980
266799944925416,89,56,43836,409.361,1980
266799995037211,91,57,43836,413.352,1980
266800045145687,91,57,43836,413.352,1980
266800095259503,91,57,43836,416.414,1980
266800145379136,91,57,43836,416.414,1980
266800195546062,91,58,43836,417.64,1980
266800245666612,91,58,43836,417.64,1980
266800295777495,91,58,43836,421.289,1980
266800345877587,91,58,43836,421.289,1980
266800395981064,92,59,43836,423.422,1980
266800446119440,92,59,43836,423.422,1980
266800496237934,92,59,43836,426.929,1980
266800546338162,92,59,43836,426.929,1980
266800596460539,93,60,43836,430.126,1980
266800646589985,93,60,43836,430.126,1980
266800696697504,93,60,43836,432.453,1980
266800746803141,93,60,43836,432.453,1980
266800797032182,94,62,43836,437.271,1980
266800847178884,94,62,43836,437.271,1980
266800897312461,94,62,43836,441.022,1980
266800947429020,94,62,43836,441.022,1980
266800997550612,95,62,43836,443.085,1980
266801047669671,95,62,43836,443.085,1980
266801097787837,95,62,43836,444.333,1980
266801147908504,95,62,43836,444.333,1980
266801198029863,94,62,43836,449.127,1980
266801248149934,94,62,43836,449.127,1980
266801298253763,94,62,43836,451.062,1980
266801348357580,94,62,43836,451.062,1980
266801398472964,94,63,43836,453.558,1980
266801448590135,94,63,43836,453.558,1980
266801498701934,94,63,43836,454.592,1980
266801548806068,94,63,43836,454.592,1980
266801598909646,95,63,43836,455.452,1980
266801649024901,95,63,43836,455.452,1980
266801699150705,95,63,43836,456.357,1980
266801749264677,95,63,43836,456.357,1980
266801799379086,94,63,43836,457.216,1980
266801849512992,94,63,43836,457.216,1980
266801899625586,94,63,43836,456.705,1980
266801949738424,94,63,43836,456.705,1980
266801999848765,83,51,43836,458.649,1980
266802050013121,83,51,43836,458.649,1980
266802100126230,83,51,43836,472.034,1980
266802150234397,83,51,43836,472.034,1980
266802200334720,95,54,43836,481.54,1980
266802250436739,95,54,43836,481.54,1980
266802300551552,95,54,43836,496.251,1980
266802350658651,95,54,43836,496.251,1980
266802400778603,95,54,43836,508.791,1980
266802450891739,95,54,43836,508.791,1980
266802500995243,95,54,43836,520.656,1980
266802551102176,95,54,43836,520.656,1980
266802601205763,95,54,43836,532.187,1980
266802651306008,95,54,43836,532.187,1980
266802701407679,95,54,43836,545.031,1980
266802751506923,95,54,43836,545.031,1980
266802801609351,97,52,43836,557.84,1980
266802851712679,97,52,43836,557.84,1980
266802901814817,97,52,43836,570.784,1980
266802951919569,97,52,43836,570.784,1980
266803002028767,69,48,43836,575.882,1980
266803052138692,69,48,43836,575.882,1980
266803102257051,69,48,43836,567.964,1965
266803152365430,69,48,43836,567.964,1965
266803202471075,75,43,43836,546.577,1965
266803252574608,75,43,43836,546.577,1965
266803302709241,75,43,43836,523.236,1965
266803352837325,75,43,43836,523.236,1965
266803402941012,76,44,43836,501.095,1980
266803453059113,76,44,43836,501.095,1980
266803503163910,76,44,43836,482.037,1980
266803553265607,76,44,43836,482.037,1980
266803603392592,77,45,43836,463.498,1980
266803653499591,77,45,43836,463.498,1980
266803703616803,77,45,43836,439.835,1980
266803753718459,77,45,43836,439.835,1980
266803803829303,80,47,43836,416.18,1980
266803853936504,80,47,43836,416.18,1980
266803904066019,80,47,43836,400.768,1980
266803954209248,80,47,43836,400.768,1980
266804004311569,81,48,43836,390.589,1980
266804054483971,81,48,43836,390.589,1980
266804104624482,81,48,43836,374.214,1980
266804154741970,81,48,43836,374.214,1980
266804204850437,82,49,43836,374.686,1980
266804254961058,82,49,43836,374.686,1980
266804305051646,82,49,43836,376.55,1980
266804355163966,82,49,43836,376.55,1980
266804405270968,82,51,43836,379.131,1980
266804455386150,82,51,43836,379.131,1980
266804505500738,82,51,43836,381.014,1980
266804555629672,82,51,43836,381.014,1980
266804605757935,84,52,43836,385.295,1980
266804655858751,84,52,43836,385.295,1980
266804706020646,84,52,43836,388.644,1980
266804756134128,84,52,43836,388.644,1980
266804806239963,85,53,43836,393.31,1980
266804856344352,85,53,43836,393.31,1980
266804906449611,85,53,43836,396.329,1980
266804956558348,85,53,43836,396.329,1980
266805006677608,88,54,43836,400.991,1980
266805056780470,88,54,43836,400.991,1980
266805106887104,88,54,43836,403.869,1980
266805157016541,88,54,43836,403.869,1980
266805207119898,88,55,43836,408.844,1980
266805257237683,88,55,43836,408.844,1980
266805307348893,88,55,43836,413.495,1980
266805357449869,88,55,43836,413.495,1980
266805407553711,90,56,43836,417.89,1980
266805457654052,90,56,43836,417.89,1980
266805507778868,90,56,43836,421.13,1980
266805557886878,90,56,43836,421.13,1980
266805607994427,91,58,43836,423.439,1980
266805658100161,91,58,43836,423.439,1980
266805708209499,91,58,43836,427.547,1980
266805758309656,91,58,43836,427.547,1980
266805808422285,91,58,43836,429.403,1980
266805858528073,91,58,43836,429.403,1980
266805908651613,91,58,43836,430.736,1980
266805958778990,91,58,43836,430.736,1980
266806008887062,92,59,43836,433.022,1980
266806058996902,92,59,43836,433.022,1980
266806109103115,92,59,43836,434.271,1980
266806159223524,92,59,43836,434.271,1980
266806209333262,93,61,43836,436.768,1980
266806259441131,93,61,43836,436.768,1980
266806309541577,93,61,43836,437.63,1980
266806359643976,93,61,43836,437.63,1980
266806409751721,93,61,43836,438.878,1980
266806459859373,93,61,43836,438.878,1980
266806509967211,93,61,43836,440.503,1980
266806560086160,93,61,43836,440.503,1980
266806610193509,94,62,43836,443.118,1980
266806660305809,94,62,43836,443.118,1980
266806710410802,94,62,43836,444.802,1980
266806760523731,94,62,43836,444.802,1980
266806810629664,95,63,43836,445.648,1980
266806860746785,95,63,43836,445.648,1980
266806910875794,95,63,43836,449.441,1980
266806960990594,95,63,43836,449.441,1980
266807011102594,95,63,43836,450.486,1980
266807061213073,95,63,43836,450.486,1980
266807111318250,95,63,43836,452.502,1980
266807161428683,95,63,43836,452.502,1980
266807211548065,94,63,43836,453.712,1980
266807261681023,94,63,43836,453.712,1980
266807311804676,94,63,43836,454.543,1980
266807361913231,94,63,43836,454.543,1980
266807412030085,96,64,43836,455.426,1980
266807462151883,96,64,43836,455.426,1980
266807512256868,96,64,43836,456.281,1980
266807562375969,96,64,43836,456.281,1980
266807612480661,95,64,43836,455.731,1980
266807662590496,95,64,43836,455.731,1980
266807712690578,95,64,43836,455.764,1980
266807762820458,95,64,43836,455.764,1980
266807813028164,95,65,43836,456.467,1980
266807863139093,95,65,43836,456.467,1980
266807913242645,95,65,43836,457.412,1980
266807963360894,95,65,43836,457.412,1980
266808013483994,95,64,43836,458.919,1980
266808063599380,95,64,43836,458.919,1980
266808113705543,95,64,43836,461.812,1980
266808163808836,95,64,43836,461.812,1980
266808213922622,95,64,43836,461.901,1980
266808264031005,95,64,43836,461.901,1980
266808314140215,95,64,43836,460.863,1980
266808364245815,95,64,43836,460.863,1980
266808414349908,95,65,43836,458.436,1980
266808464453858,95,65,43836,458.436,1980
266808514564073,95,65,43836,456.973,1980
266808564671959,95,65,43836,456.973,1980
266808614775453,95,65,43836,458.593,1980
266808664876671,95,65,43836,458.593,1980
266808714976335,95,65,43836,463.493,1980
266808765060347,95,65,43836,463.493,1980
266808815176300,96,65,43836,466.601,1980
266808865278830,96,65,43836,466.601,1980
266808915393899,96,65,43836,470.321,1980
266808965498212,96,65,43836,470.321,1980
266809015602499,81,50,43836,471.698,1980
266809065708856,81,50,43836,471.698,1980
266809115811396,81,50,43836,479.279,1980
266809165933463,81,50,43836,479.279,1980
266809216044432,96,57,43836,487.485,1980
266809266150232,96,57,43836,487.485,1980
266809316254558,96,57,43836,502.055,1980
266809366358472,96,57,43836,502.055,1980
266809416476759,96,56,43836,516.799,1980
266809466586457,96,56,43836,516.799,1980
266809516686968,96,56,43836,531.943,1980
266809566786861,96,56,43836,531.943,1980
266809616889377,97,54,43836,547.588,1980
266809666995293,97,54,43836,547.588,1980
266809717100636,97,54,43836,555.573,1980
266809767201471,97,54,43836,555.573,1980
266809817317456,96,55,43836,566.805,1980
266809867426765,96,55,43836,566.805,1980
266809917531252,96,55,43836,578.846,1980
266809967639696,96,55,43836,578.846,1980
266810017747419,78,55,43836,579.517,1980
266810067852930,78,55,43836,579.517,1980
266810117962919,78,55,43836,584.994,1980
266810168045893,78,55,43836,584.994,1980
266810218160349,71,38,43836,562.373,1980
266810268262945,71,38,43836,562.373,1980
266810318366135,71,38,43836,537.99,1980
266810368480826,71,38,43836,537.99,1980
266810418590332,72,39,43836,517.562,1980
266810468706146,72,39,43836,517.562,1980
266810518808995,72,39,43836,489.142,1980
266810568922972,72,39,43836,489.142,1980
266810619043466,72,40,43836,467.029,1980
266810669156477,72,40,43836,467.029,1980
266810719258723,72,40,43836,439.261,1980
266810769378878,72,40,43836,439.261,1980
266810819493520,74,41,43836,415.369,1980
266810869614999,74,41,43836,415.369,1980
266810919720093,74,41,43836,391.974,1980
266810969829216,74,41,43836,391.974,1980
266811019952501,75,43,43836,376.458,1980
266811070062330,75,43,43836,376.458,1980
266811120165984,75,43,43836,353.959,1980
266811170280746,75,43,43836,353.959,1980
266811220395512,75,43,43836,354.37,1980
266811270571004,75,43,43836,354.37,1980
266811320676052,75,43,43836,356.192,1980
266811370789119,75,43,43836,356.192,1980
266811420915929,77,45,43836,359.723,1980
266811471025179,77,45,43836,359.723,1980
266811521140307,77,45,43836,362.408,1980
266811571263936,77,45,43836,362.408,1980
266811621383810,78,46,43836,365.121,1980
266811671502483,78,46,43836,365.121,1980
266811721619812,78,46,43836,368.319,1980
266811771754905,78,46,43836,368.319,1980
266811821857415,79,47,43836,371.797,1980
266811871964427,79,47,43836,371.797,1980
266811922075103,79,47,43836,372.764,1980
266811972174948,79,47,43836,372.764,1980
266812022287989,80,48,43836,375.028,1980
266812072410413,80,48,43836,375.028,1980
266812122521461,80,48,43836,376.773,1980
266812172625059,80,48,43836,376.773,1980
266812222727723,81,49,43836,379.336,1980
266812272836337,81,49,43836,379.336,1980
266812322944019,81,49,43836,383.334,1980
266812373044809,81,49,43836,383.334,1980
266812423160223,83,51,43836,383.765,1980
266812473266189,83,51,43836,383.765,1980
266812523374405,83,51,43836,386.698,1980
266812573485338,83,51,43836,386.698,1980
266812623593313,84,52,43836,388.383,1980
266812673706429,84,52,43836,388.383,1980
266812723819677,84,52,43836,391.676,1980
266812773922040,84,52,43836,391.676,1980
266812824040186,86,53,43836,392.344,1980
266812874162456,86,53,43836,392.344,1980
266812924265706,86,53,43836,397.134,1980
266812974379594,86,53,43836,397.134,1980
266813024494357,88,55,43836,400.499,1980
266813074627933,88,55,43836,400.499,1980
266813124745138,88,55,43836,404.371,1980
266813174875163,88,55,43836,404.371,1980
266813224989185,89,56,43836,406.943,1980
266813275092974,89,56,43836,406.943,1980
266813325204584,89,56,43836,409.68,1980
266813375322271,89,56,43836,409.68,1980
266813425427924,90,57,43836,412.041,1980
266813475528094,90,57,43836,412.041,1980
266813525629670,90,57,43836,414.885,1980
266813575759047,90,57,43836,414.885,1980
266813625870563,91,58,43836,418.862,1980
266813675987283,91,58,43836,418.862,1980
266813726045251,91,58,43836,420.41,1980
266813776195103,91,58,43836,420.41,1980
266813826328346,90,58,43836,424.273,1980
266813876442377,90,58,43836,424.273,1980
266813926561152,90,58,43836,427.597,1980
266813976670556,90,58,43836,427.597,1980
266814026804552,92,60,43836,430.451,1980
266814076913847,92,60,43836,430.451,1980
266814127021643,92,60,43836,431.82,1980
266814177124390,92,60,43836,431.82,1980
266814227232336,93,61,43836,435.348,1980
266814277351749,93,61,43836,435.348,1980
266814327453108,93,61,43836,437.911,1980
266814377563222,93,61,43836,437.911,1980
266814427664608,93,61,43836,440.559,1980
266814477781981,93,61,43836,440.559,1980
266814527893210,93,61,43836,442.678,1980
266814577994003,93,61,43836,442.678,1980
266814628122344,95,63,43836,443.525,1980
266814678247575,95,63,43836,443.525,1980
266814728350460,95,63,43836,446.537,1980
266814778454941,95,63,43836,446.537,1980
266814828568023,95,63,43836,448.015,1980
266814878670385,95,63,43836,448.015,1980
266814928771703,95,63,43836,448.772,1980
266814978872281,95,63,43836,448.772,1980
266815028979081,94,63,43836,449.983,1980
266815079045313,94,63,43836,449.983,1980
266815129159707,94,63,43836,453.245,1980
266815179261760,94,63,43836,453.245,1980
266815229367695,95,64,43836,453.721,1980
266815279470158,95,64,43836,453.721,1980
266815329571113,95,64,43836,454.652,1980
266815379671188,95,64,43836,454.652,1980
266815429786427,95,64,43836,456.179,1980
266815479938800,95,64,43836,456.179,1980
266815530046161,95,64,43836,457.395,1980
266815580173575,95,64,43836,457.395,1980
266815630278843,95,65,43836,460.601,1980
266815680381850,95,65,43836,460.601,1980
266815730496585,95,65,43836,460.465,1980
266815780606595,95,65,43836,460.465,1980
266815830709435,95,64,43836,459.068,1980
266815880813552,95,64,43836,459.068,1980
266815930916744,95,64,43836,458.329,1980
266815981026677,95,64,43836,458.329,1980
266816031132843,98,51,43836,472.94,1980
266816081235903,98,51,43836,472.94,1980
266816131338124,98,51,43836,487.96,1980
266816181441004,98,51,43836,487.96,1980
266816231544613,95,53,43836,503.699,1980
266816281657889,95,53,43836,503.699,1980
266816331758124,95,53,43836,518.491,1980
266816381859183,95,53,43836,518.491,1980
266816431965065,97,52,43836,532.081,1980
266816482047011,97,52,43836,532.081,1980
266816532151481,97,52,43836,544.952,1980
266816582252844,97,52,43836,544.952,1980
266816632357255,99,54,43836,560.078,1980
266816682460953,99,54,43836,560.078,1980
266816732560130,99,54,43836,574.378,1980
266816782663882,99,54,43836,574.378,1980
266816832767971,96,53,43836,589.89,1980
266816883084445,96,53,43836,589.89,1980
266816933198026,96,53,43836,596.629,1980
266816983305489,96,53,43836,596.629,1980
266817033409703,79,48,43836,597.666,1980
266817083539502,79,48,43836,597.666,1980
266817133675724,79,48,43836,571.15,1980
266817183795395,79,48,43836,571.15,1980
266817233899773,70,38,43836,546.514,1980
266817284012214,70,38,43836,546.514,1980
266817334126411,70,38,43836,520.864,1980
266817384236145,70,38,43836,520.864,1980
266817434369976,72,40,43836,495.425,1980
266817484474512,72,40,43836,495.425,1980
266817534592245,72,40,43836,466.88,1980
266817584697585,72,40,43836,466.88,1980
266817634815688,73,40,43836,441.724,1980
266817684928080,73,40,43836,441.724,1980
266817735053069,73,40,43836,412.899,1980
266817785198028,73,40,43836,412.899,1980
266817835349481,74,41,43836,390.271,1980
266817885471174,74,41,43836,390.271,1980
266817935580940,74,41,43836,374.468,1980
266817985686625,74,41,43836,374.468,1980
266818035792861,75,43,43836,350.698,1980
266818085898190,75,43,43836,350.698,1980
266818136018510,75,43,43836,351.821,1980
266818186144564,75,43,43836,351.821,1980
266818236258882,77,44,43836,353.123,1980
266818286374128,77,44,43836,353.123,1980
266818336492195,77,44,43836,353.962,1980
266818386626196,77,44,43836,353.962,1980
266818436742501,77,45,43836,357.035,1980
266818486854351,77,45,43836,357.035,1980
266818536979085,77,45,43836,360.272,1980
266818587092396,77,45,43836,360.272,1980
266818637201951,78,46,43836,365.057,1980
266818687315912,78,46,43836,365.057,1980
266818737424746,78,46,43836,368.41,1980
266818787546578,78,46,43836,368.41,1980
266818837654687,79,47,43836,371.302,1980
266818887770738,79,47,43836,371.302,1980
266818937881977,79,47,43836,373.882,1980
266818987990232,79,47,43836,373.882,1980
266819038097000,80,48,43836,377.179,1980
266819088213286,80,48,43836,377.179,1980
266819138318202,80,48,43836,380.311,1980
266819188428518,80,48,43836,380.311,1980
266819238532299,81,50,43836,384.369,1980
266819288634865,81,50,43836,384.369,1980
266819338737841,81,50,43836,386.467,1980
266819388847088,81,50,43836,386.467,1980
266819438953315,83,51,43836,390.206,1980
266819489046836,83,51,43836,390.206,1980
266819539148420,83,51,43836,391.02,1980
266819589265847,83,51,43836,391.02,1980
266819639366388,84,52,43836,391.526,1980
266819689472652,84,52,43836,391.526,1980
266819739575174,84,52,43836,394.629,1980
266819789683341,84,52,43836,394.629,1980
266819839786391,86,53,43836,397.416,1980
266819889893856,86,53,43836,397.416,1980
266819940015296,86,53,43836,401.017,1980
266819990163806,86,53,43836,401.017,1980
266820040264662,88,55,43836,403.715,1980
266820090381917,88,55,43836,403.715,1980
266820140506274,88,55,43836,407.352,1980
266820190613309,88,55,43836,407.352,1980
266820240724798,89,56,43836,410.426,1980
266820290853919,89,56,43836,410.426,1980
266820340964014,89,56,43836,414.846,1980
266820391049360,89,56,43836,414.846,1980
266820441170335,90,57,43836,417.696,1980
266820491277248,90,57,43836,417.696,1980
266820541388899,90,57,43836,422.601,1980
266820591538002,90,57,43836,422.601,1980
266820641640279,91,58,43836,426.85,1980
266820691743501,91,58,43836,426.85,1980
266820741853489,91,58,43836,429.664,1980
266820791953788,91,58,43836,429.664,1980
266820842047744,93,60,43836,430.705,1980
266820892152651,93,60,43836,430.705,1980
266820942263664,93,60,43836,435.928,1980
266820992383493,93,60,43836,435.928,1980
266821042490581,94,61,43836,438.414,1980
266821094023105,94,61,43836,440.139,1980
266821144148046,94,61,43836,440.139,1980
266821194261347,94,62,43836,443.118,1980
266821244389464,94,62,43836,443.118,1980
266821294504983,94,62,43836,445.255,1980
266821344624358,94,62,43836,445.255,1980
266821394726494,95,62,43836,446.264,1980
266821444840694,95,62,43836,446.264,1980
266821494962099,95,62,43836,446.915,1980
266821545077785,95,62,43836,446.915,1980
266821595180699,94,62,43836,448.544,1980
266821645287999,94,62,43836,448.544,1980
266821695408297,94,62,43836,450.199,1980
266821745509085,94,62,43836,450.199,1980
266821795611414,95,63,43836,451.703,1980
266821845712263,95,63,43836,451.703,1980
266821895820230,95,63,43836,451.427,1980
266821945929380,95,63,43836,451.427,1980
266821996059469,95,64,43836,452.602,1980
266822046165012,95,64,43836,452.602,1980
266822096272916,95,64,43836,454.005,1980
266822146387580,95,64,43836,454.005,1980
266822196488480,94,63,43836,455.058,1980
266822246589076,94,63,43836,455.058,1980
266822296691265,94,63,43836,457.347,1980
266822346815270,94,63,43836,457.347,1980
266822396917127,96,64,43836,459.362,1980
266822447037319,96,64,43836,459.362,1980
266822497140886,96,64,43836,460.797,1980
266822547251297,96,64,43836,460.797,1980
266822597374434,95,65,43836,460.222,1980
266822647476893,95,65,43836,460.222,1980
266822697576696,95,65,43836,460.104,1980
266822748847720,95,65,43836,460.104,1980
266822798994023,81,52,43836,460.351,1980
266822849118140,81,52,43836,460.351,1980
266822899228195,81,52,43836,472.32,1980
266822949338703,81,52,43836,472.32,1980
266822999446943,95,54,43836,481.248,1980
266823049568040,95,54,43836,481.248,1980
266823099674025,95,54,43836,493.445,1980
266823149780836,95,54,43836,493.445,1980
266823199887158,96,55,43836,501.625,1980
266823249992007,96,55,43836,501.625,1980
266823300106235,96,55,43836,512.62,1980
266823350213442,96,55,43836,512.62,1980
266823400319449,97,56,43836,521.724,1980
266823450423247,97,56,43836,521.724,1980
266823500528407,97,56,43836,530.026,1980
266823550633721,97,56,43836,530.026,1980
266823600771723,97,54,43836,540.232,1980
266823650877143,97,54,43836,540.232,1980
266823700983097,97,54,43836,550.488,1980
266823751051820,97,54,43836,550.488,1980
266823801159210,65,48,43836,555.479,1980
266823851266325,65,48,43836,555.479,1980
266823901439869,65,48,43836,561.86,1965
266823951559649,65,48,43836,561.86,1965
266824001710491,77,45,43836,542.599,1965
266824051839821,77,45,43836,542.599,1965
266824101965938,77,45,43836,524.728,1965
266824152058111,77,45,43836,524.728,1965
266824202160948,78,46,43836,508.61,1980
266824252270769,78,46,43836,508.61,1980
266824302392410,78,46,43836,491.273,1980
266824352500452,78,46,43836,491.273,1980
266824402613795,78,47,43836,471.526,1980
266824452718259,78,47,43836,471.526,1980
266824502833715,78,47,43836,457.155,1980
266824552939219,78,47,43836,457.155,1980
266824603055570,80,48,43836,437.55,1980
266824653161483,80,48,43836,437.55,1980
266824703274150,80,48,43836,419.065,1980
266824753382500,80,48,43836,419.065,1980
266824803486451,81,49,43836,413.835,1980
266824853596483,81,49,43836,413.835,1980
266824903710473,81,49,43836,383.436,1980
266824953819972,81,49,43836,383.436,1980
266825003932467,83,51,43836,386.918,1980
266825054043465,83,51,43836,386.918,1980
266825104161109,83,51,43836,388.974,1980
266825154267864,83,51,43836,388.974,1980
266825204372944,84,52,43836,391.492,1980
266825254487243,84,52,43836,391.492,1980
266825304626859,84,52,43836,391.874,1980
266825354744235,84,52,43836,391.874,1980
266825404849249,85,53,43836,394.66,1980
266825454969185,85,53,43836,394.66,1980
266825505047607,85,53,43836,397.896,1980
266825555162508,85,53,43836,397.896,1980
266825605277005,88,54,43836,401.984,1980
266825655386344,88,54,43836,401.984,1980
266825705511826,88,54,43836,403.936,1980
266825755657110,88,54,43836,403.936,1980
266825805769790,89,55,43836,407.694,1980
266825855871951,89,55,43836,407.694,1980
266825905983264,89,55,43836,408.678,1980
266825956517020,89,55,43836,408.678,1980
266826006641175,89,56,43836,410.775,1980
266826056765519,89,56,43836,410.775,1980
266826106874082,89,56,43836,412.769,1980
266826157008859,89,56,43836,412.769,1980
266826207142791,89,57,43836,416.15,1980
266826257253501,89,57,43836,416.15,1980
266826307355782,89,57,43836,419.525,1980
266826357488275,89,57,43836,419.525,1980
266826407676309,90,58,43836,422.563,1980
266826457784174,90,58,43836,422.563,1980
266826507891069,90,58,43836,424.953,1980
266826558010123,90,58,43836,424.953,1980
266826608121135,92,60,43836,428.476,1980
266826658236148,92,60,43836,428.476,1980
266826708338648,92,60,43836,431.641,1980
266826758440953,92,60,43836,431.641,1980
266826808546172,93,61,43836,434.307,1980
266826858660558,93,61,43836,434.307,1980
266826908777403,93,61,43836,438.87,1980
266826958888321,93,61,43836,438.87,1980
266827009015813,95,62,43836,440.77,1980
266827059131079,95,62,43836,440.77,1980
266827109241678,95,62,43836,443.929,1980
266827159355300,95,62,43836,443.929,1980
266827209474570,95,63,43836,446.624,1980
266827259592842,95,63,43836,446.624,1980
266827309693962,95,63,43836,447.999,1980
266827359796136,95,63,43836,447.999,1980
266827409905398,95,63,43836,449.294,1980
266827460014074,95,63,43836,449.294,1980
266827510131212,95,63,43836,451.635,1980
266827560245968,95,63,43836,451.635,1980
266827610361861,95,64,43836,451.014,1980
266827660466258,95,64,43836,451.014,1980
266827710579030,95,64,43836,452.259,1980
266827760692621,95,64,43836,452.259,1980
266827810796912,95,64,43836,452.72,1980
266827860903755,95,64,43836,452.72,1980
266827911009969,95,64,43836,452.699,1980
266827961112572,95,64,43836,452.699,1980
266828011229098,95,64,43836,453.842,1980
266828061335650,95,64,43836,453.842,1980
266828111449836,95,64,43836,453.241,1980
266828161562986,95,64,43836,453.241,1980
266828211684481,95,65,43836,453.846,1980
266828261802929,95,65,43836,453.846,1980
266828311914025,95,65,43836,454.489,1980
266828362057477,95,65,43836,454.489,1980
266828412184148,95,64,43836,453.405,1980
266828462304598,95,64,43836,453.405,1980
266828512422088,95,64,43836,451.404,1980
266828562545093,95,64,43836,451.404,1980
266828612647893,95,64,43836,454.256,1980
266828662777026,95,64,43836,454.256,1980
266828712912522,95,64,43836,454.914,1980
266828763030590,95,64,43836,454.914,1980
266828813164302,95,64,43836,457.929,1980
266828863270031,95,64,43836,457.929,1980
266828913372126,95,64,43836,460.008,1980
266828963473186,95,64,43836,460.008,1980
266829013573546,95,65,43836,461.703,1980
266829063678841,95,65,43836,461.703,1980
266829113784011,95,65,43836,461.57,1980
266829163891987,95,65,43836,461.57,1980
266829214020022,96,65,43836,462.459,1980
266829264160279,96,65,43836,462.459,1980
266829314266893,96,65,43836,462.467,1980
266829364369047,96,65,43836,462.467,1980
266829414480347,96,66,43836,468.155,1980
266829464597469,96,66,43836,468.155,1980
266829514700918,96,66,43836,468.445,1980
266829564802600,96,66,43836,468.445,1980
266829614914332,95,66,43836,465.989,1980
266829665018696,95,66,43836,465.989,1980
266829715119428,95,66,43836,468.061,1980
266829765222095,95,66,43836,468.061,1980
266829815325941,95,66,43836,466.956,1980
266829865437151,95,66,43836,466.956,1980
266829915541718,95,66,43836,467.541,1980
266829965645593,95,66,43836,467.541,1980
266830015756141,98,56,43836,481.968,1980
266830065861162,98,56,46216,481.968,1980
266830115967424,98,56,46216,497.247,1980
266830166051080,98,56,46216,497.247,1980
266830216161735,96,57,46216,508.605,1980
266830266263283,96,57,46216,508.605,1980
266830316366411,96,57,46216,523.01,1980
266830366468401,96,57,46216,523.01,1980
266830416570154,98,60,46216,529.738,1980
266830466673129,98,60,46216,529.738,1980
266830516776236,98,60,46216,547.974,1980
266830566887737,98,60,46216,547.974,1980
266830616989399,96,57,46216,564.83,1980
266830667050464,96,57,46216,564.83,1980
266830717152824,96,57,46216,573.715,1980
266830767258889,96,57,46216,573.715,1980
266830817365911,96,58,46216,587.91,1980
266830867474219,96,58,46216,587.91,1980
266830919392548,96,58,46216,601.434,1980
266830969497201,96,58,46216,601.434,1980
266831019602579,67,51,46216,590.023,1980
266831069723110,67,51,46216,590.023,1980
266831119840362,67,51,46216,572.933,1980
266831169959279,67,51,46216,572.933,1980
266831220056751,69,36,46216,548.159,1980
266831270159116,69,36,46216,548.159,1980
266831320317883,69,36,46216,522.556,1980
266831370456875,69,36,46216,522.556,1980
266831420586774,71,38,46216,499.88,1980
266831470710423,71,38,46216,499.88,1980
266831520838757,71,38,46216,468.872,1980
266831570953638,71,38,46216,468.872,1980
266831621046169,72,39,46216,443.024,1980
266831671155363,72,39,46216,443.024,1980
266831721305421,72,39,46216,416.526,1980
266831771438637,72,39,46216,416.526,1980
266831821551007,72,40,46216,395.614,1980
266831871668637,72,40,46216,395.614,1980
266831921775619,72,40,46216,367.843,1980
266831971881771,72,40,46216,367.843,1980
266832021991453,73,41,46216,358.577,1980
266832072112807,73,41,46216,358.577,1980
266832122225289,73,41,46216,343.711,1980
266832172342274,73,41,46216,343.711,1980
266832222463752,75,42,46216,345.989,1980
266832272573648,75,42,46216,345.989,1980
266832322677044,75,42,46216,349.941,1980
266832372794944,75,42,46216,349.941,1980
266832422914684,75,43,46216,353.054,1980
266832473045086,75,43,46216,353.054,1980
266832523164600,75,43,46216,355.776,1980
266832573268271,75,43,46216,355.776,1980
266832623383924,77,45,46216,359.846,1980
266832673500547,77,45,46216,359.846,1980
266832723616973,77,45,46216,361.479,1980
266832773717411,77,45,46216,361.479,1980
266832823840501,77,45,46216,364.105,1980
266832873969377,77,45,46216,364.105,1980
266832924072749,77,45,46216,366.32,1980
266832974174888,77,45,46216,366.32,1980
266833024280455,79,47,46216,369.351,1980
266833074380871,79,47,46216,369.351,1980
266833124492875,79,47,46216,371.288,1980
266833174599105,79,47,46216,371.288,1980
266833224712693,80,48,46216,375.155,1980
266833274812261,80,48,46216,375.155,1980
266833324930851,80,48,46216,376.12,1980
266833375036162,80,48,46216,376.12,1980
266833425161318,81,49,46216,377.561,1980
266833475274376,81,49,46216,377.561,1980
266833525374846,81,49,46216,380.616,1980
266833575476659,81,49,46216,380.616,1980
266833625582992,83,51,46216,379.943,1980
266833675693866,83,51,46216,379.943,1980
266833725793066,83,51,46216,382.756,1980
266833775910381,83,51,46216,382.756,1980
266833826028738,84,52,46216,383.839,1980
266833876128596,84,52,46216,383.839,1980
266833926230291,84,52,46216,387.286,1980
266833976335052,84,52,46216,387.286,1980
266834026442596,85,53,46216,389.435,1980
266834076544661,85,53,46216,389.435,1980
266834126650628,85,53,46216,393.247,1980
266834176752633,85,53,46216,393.247,1980
266834226874001,88,55,46216,395.517,1980
266834276975700,88,55,46216,395.517,1980
266834327087863,88,55,46216,398.057,1980
266834377206299,88,55,46216,398.057,1980
266834427323773,89,56,46216,400.843,1980
266834477422192,89,56,46216,400.843,1980
266834527530878,89,56,46216,404.833,1980
266834577632160,89,56,46216,404.833,1980
266834627743415,90,57,46216,409.364,1980
266834677857749,90,57,46216,409.364,1980
266834727959483,90,57,46216,412.864,1980
266834778066065,90,57,46216,412.864,1980
266834828165375,91,58,46216,418.844,1980
266834878274246,91,58,46216,418.844,1980
266834928384926,91,58,46216,420.94,1980
266834978507157,91,58,46216,420.94,1980
266835028622383,92,59,46216,423.985,1980
266835078723590,92,59,46216,423.985,1980
266835128844450,92,59,46216,426.219,1980
266835178995649,92,59,46216,426.219,1980
266835229105053,93,60,46216,430.418,1980
266835279208362,93,60,46216,430.418,1980
266835329316357,93,60,46216,433.933,1980
266835379420042,93,60,46216,433.933,1980
266835429530087,93,61,46216,439.185,1980
266835479643480,93,61,46216,439.185,1980
266835529752109,93,61,46216,440.416,1980
266835579868766,93,61,46216,440.416,1980
266835630034561,87,57,46216,441.777,1980
266835680158715,87,57,46216,441.777,1980
266835730266777,87,57,46216,452.958,1980
266835780372632,87,57,46216,452.958,1980
266835830478994,96,51,46216,465.334,1980
266835880587399,96,51,46216,465.334,1980
266835930693685,96,51,46216,480.587,1980
266835980806712,96,51,46216,480.587,1980
266836030915846,96,53,46216,496.009,1980
266836081030153,96,53,46216,496.009,1980
266836131134663,96,53,46216,511.802,1980
266836181240067,96,53,46216,511.802,1980
266836231362944,96,52,46216,522.825,1980
266836281473874,96,52,46216,522.825,1980
266836331588838,96,52,46216,535.443,1980
266836381698728,96,52,46216,535.443,1980
266836431801813,96,53,46216,546.971,1980
266836481913588,96,53,46216,546.971,1980
266836532028309,96,53,46216,547.4,1980
266836582140491,96,53,46216,547.4,1980
266836632257127,82,53,46216,558.246,1980
266836682405175,82,53,46216,558.246,1980
266836732525478,82,53,46216,538.06,1980
266836782641630,82,53,46216,538.06,1980
266836832763523,69,36,46216,514.677,1980
266836882874296,69,36,46216,514.677,1980
266836932980910,69,36,46216,490.336,1980
266836983052734,69,36,46216,490.336,1980
266837033160704,70,37,46216,464.899,1980
266837083273200,70,37,46216,464.899,1980
266837133386894,70,37,46216,443.354,1980
266837183504248,70,37,46216,443.354,1980
266837233611991,71,38,46216,420.7,1980
266837283715352,71,38,46216,420.7,1980
266837333822176,71,38,46216,395.105,1980
266837383937609,71,38,46216,395.105,1980
266837434053950,71,40,46216,376.766,1980
266837484155822,71,40,46216,376.766,1980
266837534256887,71,40,46216,367.761,1980
266837584363097,71,40,46216,367.761,1980
266837634475089,73,41,46216,343.484,1980
266837684591979,73,41,46216,343.484,1980
266837734692908,73,41,46216,345.864,1980
266837784809021,73,41,46216,345.864,1980
266837834931587,74,42,46216,348.068,1980
266837885052155,74,42,46216,348.068,1980
266837935161465,74,42,46216,350.849,1980
266837985282634,74,42,46216,350.849,1980
266838035396787,75,44,46216,352.266,1980
266838085503488,75,44,46216,352.266,1980
266838135608242,75,44,46216,354.083,1980
266838185710870,75,44,46216,354.083,1980
266838235824454,77,45,46216,356.825,1980
266838285935964,77,45,46216,356.825,1980
266838336140857,77,45,46216,358.344,1980
266838386280434,77,45,46216,358.344,1980
266838436473642,78,46,46216,359.997,1980
266838486614044,78,46,46216,359.997,1980
266838536718373,78,46,46216,362.667,1980
266838586843533,78,46,46216,362.667,1980
266838636954703,79,47,46216,367.046,1980
266838687051642,79,47,46216,367.046,1980
266838737154917,79,47,46216,367.675,1980
266838787257433,79,47,46216,367.675,1980
266838837381419,79,48,46216,370.956,1980
266838887497824,79,48,46216,370.956,1980
266838937603221,79,48,46216,372.527,1980
266838987722152,79,48,46216,372.527,1980
266839037827320,80,49,46216,375.35,1980
266839087938687,80,49,46216,375.35,1980
266839138060495,80,49,46216,378.195,1980
266839188169358,80,49,46216,378.195,1980
266839238286382,81,50,46216,380.487,1980
266839288411197,81,50,46216,380.487,1980
266839338531300,81,50,46216,383.188,1980
266839388636680,81,50,46216,383.188,1980
266839438775712,83,52,46216,385.889,1980
266839488878731,83,52,46216,385.889,1980
266839538980148,83,52,46216,389.497,1980
266839589098277,83,52,46216,389.497,1980
266839639202925,85,53,46216,392.276,1980
266839689306512,85,53,46216,392.276,1980
266839739413005,85,53,46216,396.542,1980
266839789525875,85,53,46216,396.542,1980
266839839628300,88,54,46216,399.483,1980
266839889758075,88,54,46216,399.483,1980
266839939866173,88,54,46216,403.405,1980
266839989991782,88,54,46216,403.405,1980
266840040048997,89,55,46216,407.287,1980
266840090162762,89,55,46216,407.287,1980
266840140263182,89,55,46216,409.176,1980
266840190375150,89,55,46216,409.176,1980
266840240484903,90,57,46216,411.294,1980
266840290603842,90,57,46216,411.294,1980
266840340712343,90,57,46216,415.018,1980
266840390815945,90,57,46216,415.018,1980
266840440922226,91,58,46216,418.702,1980
266840491039079,91,58,46216,418.702,1980
266840541146026,91,58,46216,421.432,1980
266840591254788,91,58,46216,421.432,1980
266840641358822,90,58,46216,423.948,1980
266840691463465,90,58,46216,423.948,1980
266840741566721,90,58,46216,425.501,1980
266840791668727,90,58,46216,425.501,1980
266840841771373,92,60,46216,428.097,1980
266840891876519,92,60,46216,428.097,1980
266840941987156,92,60,46216,430.457,1980
266840992059606,92,60,46216,430.457,1980
266841042165942,93,61,46216,434.246,1980
266841092278985,93,61,46216,434.246,1980
266841142381259,93,61,46216,436.834,1980
266841192484331,93,61,46216,436.834,1980
266841242593032,93,61,46216,439.535,1980
266841292699002,93,61,46216,439.535,1980
266841342809698,93,61,46216,440.921,1980
266841392923031,93,61,46216,440.921,1980
266841443042136,94,62,46216,442.953,1980
266841493160380,94,62,46216,442.953,1980
266841543267720,94,62,46216,444.777,1980
266841593390031,94,62,46216,444.777,1980
266841643504073,95,63,46216,447.092,1980
266841693610125,95,63,46216,447.092,1980
266841743712392,95,63,46216,449.704,1980
266841793817414,95,63,46216,449.704,1980
266841843949031,95,63,46216,451.805,1980
266841894049277,95,63,46216,451.805,1980
266841944162495,95,63,46216,453.431,1980
266841994267052,95,63,46216,453.431,1980
266842044369583,95,64,46216,452.757,1980
266842094483123,95,64,46216,452.757,1980
266842144587194,95,64,46216,454.623,1980
266842194690195,95,64,46216,454.623,1980
266842244811578,95,64,46216,457.403,1980
266842294933383,95,64,46216,457.403,1980
266842345057821,95,64,46216,458.554,1980
266842395162512,95,64,46216,458.554,1980
266842445265716,83,51,46216,463.152,1980
266842495391584,83,51,46216,463.152,1980
266842545498854,83,51,46216,473.633,1980
266842595601353,83,51,46216,473.633,1980
266842645707650,96,55,46216,485.851,1980
266842695823838,96,55,46216,485.851,1980
266842745933653,96,55,46216,497.945,1980
266842796142249,96,55,46216,497.945,1980
266842846244439,96,54,46216,508.228,1980
266842896348504,96,54,46216,508.228,1980
266842946451395,96,54,46216,525.159,1980
266842996553318,96,54,46216,525.159,1980
266843046658646,96,54,46216,538.186,1980
266843096772818,96,54,46216,538.186,1980
266843146902722,96,54,46216,551.014,1980
266843197018116,96,54,46216,551.014,1980
266843247144527,97,54,46216,563.743,1980
266843298581884,97,54,46216,563.743,1980
266843348688740,97,54,46216,570.426,1980
266843398804364,97,54,46216,570.426,1980
266843448928739,69,53,46216,577.802,1950
266843499041244,69,53,46216,577.802,1950
266843549152236,69,53,46216,555.458,1965
266843599269564,69,53,46216,555.458,1965
266843649401913,67,36,46216,530.052,1965
266843699507359,67,36,46216,530.052,1965
266843749634871,67,36,46216,506.405,1980
266843799749838,67,36,46216,506.405,1980
266843849868340,70,37,46216,483.335,1980
266843899982222,70,37,46216,483.335,1980
266843950049719,70,37,46216,455.573,1980
266844000152701,70,37,46216,455.573,1980
266844050277494,71,39,46216,429.232,1980
266844100393446,71,39,46216,429.232,1980
266844150500485,71,39,46216,410.602,1980
266844200602864,71,39,46216,410.602,1980
266844250710286,72,39,46216,385.836,1980
266844300814875,72,39,46216,385.836,1980
266844350916560,72,39,46216,360.774,1980
266844401023236,72,39,46216,360.774,1980
266844451130495,73,40,46216,346.391,1980
266844501241661,73,40,46216,346.391,1980
266844551356724,73,40,46216,342.927,1980
266844601491668,73,40,46216,342.927,1980
266844651594250,73,42,46216,345.822,1980
266844701727834,73,42,46216,345.822,1980
266844751837685,73,42,46216,348.826,1980
266844801976330,73,42,46216,348.826,1980
266844852058663,74,43,46216,350.929,1980
266844902166055,74,43,46216,350.929,1980
266844952288082,74,43,46216,351.871,1980
266845002414549,74,43,46216,351.871,1980
266845052531232,75,44,46216,356.138,1980
266845102637244,75,44,46216,356.138,1980
266845152746637,75,44,46216,358.856,1980
266845202869467,75,44,46216,358.856,1980
266845252970665,78,46,46216,361.913,1980
266845303044249,78,46,46216,361.913,1980
266845353155826,78,46,46216,363.395,1980
266845403259452,78,46,46216,363.395,1980
266845453361814,79,47,46216,366.345,1980
266845503471158,79,47,46216,366.345,1980
266845553573815,79,47,46216,368.51,1980
266845603682134,79,47,46216,368.51,1980
266845653795141,80,48,46216,370.057,1980
266845703906717,80,48,46216,370.057,1980
266845754010867,80,48,46216,372.416,1980
266845804113317,80,48,46216,372.416,1980
266845854213217,81,49,46216,374.769,1980
266845904316172,81,49,46216,374.769,1980
266845954439970,81,49,46216,378.231,1980
266846004542990,81,49,46216,378.231,1980
266846054659647,83,51,46216,382.468,1980
266846104792109,83,51,46216,382.468,1980
266846154910414,83,51,46216,383.659,1980
266846205030559,83,51,46216,383.659,1980
266846255153404,83,51,46216,386.258,1980
266846305271210,83,51,46216,386.258,1980
266846355388280,83,51,46216,389.669,1980
266846405504280,83,51,46216,389.669,1980
266846455635391,84,52,46216,392.834,1980
266846505777465,84,52,46216,392.834,1980
266846555977727,84,52,46216,396.991,1980
266846606145115,84,52,46216,396.991,1980
266846658891519,87,54,46216,401.318,1980
266846709010136,87,54,46216,401.318,1980
266846759121279,87,54,46216,404.781,1980
266846809232878,87,54,46216,404.781,1980
266846859345965,88,55,46216,409.126,1980
266846909463335,88,55,46216,409.126,1980
266846959576456,88,55,46216,412.123,1980
266847009687476,88,55,46216,412.123,1980
266847059819097,89,56,46216,413.748,1980
266847109924866,89,56,46216,413.748,1980
266847160041750,89,56,46216,417.176,1980
266847210214235,89,56,46216,417.176,1980
266847260318616,90,58,46216,419.861,1980
266847310423717,90,58,46216,419.861,1980
266847360532670,90,58,46216,424.268,1980
266847410638765,90,58,46216,424.268,1980
266847460745010,91,59,46216,426.346,1980
266847510855378,91,59,46216,426.346,1980
266847560969424,91,59,46216,428.551,1980
266847611082058,91,59,46216,428.551,1980
266847661181990,92,60,46216,431.248,1980
266847711281873,92,60,46216,431.248,1980
266847761402624,92,60,46216,433.479,1980
266847811516560,92,60,46216,433.479,1980
266847861628910,93,60,46216,434.672,1980
266847911741151,93,60,46216,434.672,1980
266847961844079,93,60,46216,437.602,1980
266848011970779,93,60,46216,437.602,1980
266848062080442,94,62,46216,440.463,1980
266848112182231,94,62,46216,440.463,1980
266848162284927,94,62,46216,443.411,1980
266848212385655,94,62,46216,443.411,1980
266848262487360,95,62,46216,445.174,1980
266848312622024,95,62,46216,445.174,1980
266848362726682,95,62,46216,445.29,1980
266848412833691,95,62,46216,445.29,1980
266848462938923,95,63,46216,448.297,1980
266848513053016,95,63,46216,448.297,1980
266848563170741,95,63,46216,450.078,1980
266848613279793,95,63,46216,450.078,1980
266848663416675,94,63,46216,451.807,1980
266848713526199,94,63,46216,451.807,1980
266848763638630,94,63,46216,453.323,1980
266848813738605,94,63,46216,453.323,1980
266848863847144,95,64,46216,456.245,1980
266848913950153,95,64,46216,458.245,1980
266848964057313,95,64,46216,458.245,1980
266849014170304,95,64,46216,460.193,1980
266849064274550,95,64,46216,460.193,1980
266849114384275,95,64,46216,460.823,1980
266849164486622,95,64,46216,460.823,1980
266849214635409,80,53,46216,463.547,1980
266849264760893,80,53,46216,463.547,1980
266849314871209,80,53,46216,479.385,1980
266849364977727,80,53,46216,479.385,1980
266849415049004,96,54,46216,491.689,1980
266849465159675,96,54,46216,491.689,1980
266849515264109,96,54,46216,504.697,1980
266849565370395,96,54,46216,504.697,1980
266849615480653,96,55,46216,518.63,1980
266849665662799,96,55,46216,518.63,1980
266849715792073,96,55,46216,533.065,1980
266849765952459,96,55,46216,533.065,1980
266849816086993,97,53,46216,548.112,1980
266849866192586,97,53,46216,548.112,1980
266849916300838,97,53,46216,563.097,1980
266849966412520,97,53,46216,563.097,1980
266850016526711,98,55,46216,572.606,1980
266850066631512,98,55,46216,572.606,1980
266850116744381,98,55,46216,586.858,1980
266850166852524,98,55,46216,586.858,1980
266850216958754,66,50,46216,592.306,1980
266850267070578,66,50,46216,592.306,1980
266850317175818,66,50,46216,573.302,1980
266850367283364,66,50,46216,573.302,1980
266850417406556,71,39,46216,549.818,1980
266850467520717,71,39,46216,549.818,1980
266850517644003,71,39,46216,525.577,1980
266850567760953,71,39,46216,525.577,1980
266850617878443,72,40,46216,501.561,1980
266850667990938,72,40,46216,501.561,1980
266850718116548,72,40,46216,479.997,1980
266850768243928,72,40,46216,479.997,1980
266850818360370,74,42,46216,456.925,1980
266850868462564,74,42,46216,456.925,1980
266850918591329,74,42,46216,426.79,1980
266850968703182,74,42,46216,426.79,1980
266851018823314,75,43,46216,403.805,1980
266851068944975,75,43,46216,403.805,1980
266851119060394,75,43,46216,384.148,1980
266851169176797,75,43,46216,384.148,1980
266851219293316,76,44,46216,371.722,1980
266851269398383,76,44,46216,371.722,1980
266851319510495,76,44,46216,358.755,1980
266851369615808,76,44,46216,358.755,1980
266851420399554,78,45,46216,361.339,1980
266851470507205,78,45,46216,361.339,1980
266851520649823,78,45,46216,363.669,1980
266851570763925,78,45,46216,363.669,1980
266851621073142,78,46,46216,365.265,1980
266851671211316,78,46,46216,365.265,1980
266851721329526,78,46,46216,366.385,1980
266851771436733,78,46,46216,366.385,1980
266851821596535,79,47,46216,367.525,1980
266851871711989,79,47,46216,367.525,1980
266851921814354,79,47,46216,369.274,1980
266851971920174,79,47,46216,369.274,1980
266852022032201,80,48,46216,372.006,1980
266852072135408,80,48,46216,372.006,1980
266852122250255,80,48,46216,374.199,1980
266852172359364,80,48,46216,374.199,1980
266852222458782,81,49,46216,377.436,1980
266852272565205,81,49,46216,377.436,1980
266852322686234,81,49,46216,380.53,1980
266852372805941,81,49,46216,380.53,1980
266852422918306,82,51,46216,383.323,1980
266852473027500,82,51,46216,383.323,1980
266852523141105,82,51,46216,385.688,1980
266852573242328,82,51,46216,385.688,1980
266852623345765,83,52,46216,388.807,1980
266852673462091,83,52,46216,388.807,1980
266852723589797,83,52,46216,393.182,1980
266852773691744,83,52,46216,393.182,1980
266852823807984,87,54,46216,395.82,1980
266852873919946,87,54,46216,395.82,1980
266852924027907,87,54,46216,400.064,1980
266852974146342,87,54,46216,400.064,1980
266853024256549,88,55,46216,403.451,1980
266853074397261,88,55,46216,403.451,1980
266853124507100,88,55,46216,408.125,1980
266853174618489,88,55,46216,408.125,1980
266853224717882,89,56,46216,411.186,1980
266853274817261,89,56,46216,411.186,1980
266853324938487,89,56,46216,413.082,1980
266853375137875,89,56,46216,413.082,1980
266853425241481,90,57,46216,415.985,1980
266853475357976,90,57,46216,415.985,1980
266853525462495,90,57,46216,419.26,1980
266853575562548,90,57,46216,419.26,1980
266853625693003,91,58,46216,422.022,1980
266853675802327,91,58,46216,422.022,1980
266853725920720,91,58,46216,424.434,1980
266853776051523,91,58,46216,424.434,1980
266853826150718,91,59,46216,428.095,1980
266853876252079,91,59,46216,428.095,1980
266853926354440,91,59,46216,430.801,1980
266853976455944,91,59,46216,430.801,1980
266854026566044,92,60,46216,434.869,1980
266854076676303,92,60,46216,434.869,1980
266854126805415,92,60,46216,435.324,1980
266854176905971,92,60,46216,435.324,1980
266854227033068,93,61,46216,437.964,1980
266854277157017,93,61,46216,437.964,1980
266854327275365,93,61,46216,439.982,1980
266854377394011,93,61,46216,439.982,1980
266854427495372,93,62,46216,443.33,1980
266854477603694,93,62,46216,443.33,1980
266854527704403,93,62,46216,445.38,1980
266854577837491,93,62,46216,445.38,1980
266854627940105,95,63,46216,448.726,1980
266854678049272,95,63,46216,448.726,1980
266854728158601,95,63,46216,450.692,1980
266854778261634,95,63,46216,450.692,1980
266854828364761,95,63,46216,452.771,1980
266854878476076,95,63,46216,452.771,1980
266854928593176,95,63,46216,453.047,1980
266854978697479,95,63,46216,453.047,1980
266855028797468,95,63,46216,452.737,1980
266855078906609,95,63,46216,452.737,1980
266855129013342,95,63,46216,455.885,1980
266855179116926,95,63,46216,455.885,1980
266855229226551,95,64,46216,456.613,1980
266855279326035,95,64,46216,456.613,1980
266855329435556,95,64,46216,458.805,1980
266855379584017,95,64,46216,458.805,1980
266855429725531,95,64,46216,458.846,1980
266855479840891,95,64,46216,458.846,1980
266855529946276,95,64,46216,460.112,1980
266855580042828,95,64,46216,460.112,1980
266855630149171,95,65,46216,460.757,1980
266855680256142,95,65,46216,460.757,1980
266855730366411,95,65,46216,462.159,1980
266855780476697,95,65,46216,462.159,1980
266855830625546,95,64,46216,464.922,1980
266855880772917,95,64,46216,464.922,1980
266855931916016,95,64,46216,467.323,1980
266855982051662,95,64,46216,467.323,1980
266856032249170,95,64,46216,468.492,1980
266856082403504,95,64,46216,468.492,1980
266856132526798,95,64,46216,472.961,1980
266856182635596,95,64,46216,472.961,1980
266856232742310,98,53,46216,487.738,1980
266856282846502,98,53,46216,487.738,1980
266856332964215,98,53,46216,501.585,1980
266856383046478,98,53,46216,501.585,1980
266856433163571,96,55,46216,514.417,1980
266856483272288,96,55,46216,514.417,1980
266856533378988,96,55,46216,528.203,1980
266856583499117,96,55,46216,528.203,1980
266856633613501,97,54,46216,539.718,1980
266856683718696,97,54,46216,539.718,1980
266856733828277,97,54,46216,550.318,1980
266856783944506,97,54,46216,550.318,1980
266856834060472,98,55,46216,559.839,1980
266856884182387,98,55,46216,559.839,1980
266856934287248,98,55,46216,569.81,1980
266856984392831,98,55,46216,569.81,1980
266857034496318,96,54,46216,586.039,1980
266857084603861,96,54,46216,586.039,1980
266857134715108,96,54,46216,581.497,1980
266857184817140,96,54,46216,581.497,1980
266857234926648,74,45,46216,571.826,1965
266857285045064,74,45,46216,571.826,1965
266857335159891,74,45,46216,543.051,1965
266857385280265,74,45,46216,543.051,1965
266857435389017,66,35,46216,514.637,1965
266857485491432,66,35,46216,514.637,1965
266857535623738,66,35,46216,487.362,1980
266857585732558,66,35,46216,487.362,1980
266857635861647,69,36,46216,465.317,1980
266857685980056,69,36,46216,465.317,1980
266857736046538,69,36,46216,437.854,1980
266857786156462,69,36,46216,437.854,1980
266857836273709,70,38,46216,414.27,1980
266857886405213,70,38,46216,414.27,1980
266857936513894,70,38,46216,392.781,1980
266857986649014,70,38,46216,392.781,1980
266858036760525,71,39,46216,369.342,1980
266858086864440,71,39,46216,369.342,1980
266858136964751,71,39,46216,359.082,1980
266858187076586,71,39,46216,359.082,1980
266858237195571,72,40,46216,339.957,1980
266858287754614,72,40,46216,339.957,1980
266858337865517,72,40,46216,342.075,1980
266858387967053,72,40,46216,342.075,1980
266858438059592,73,41,46216,345.805,1980
266858488167544,73,41,46216,345.805,1980
266858538271675,73,41,46216,349.758,1980
266858588372773,73,41,46216,349.758,1980
266858638491709,75,43,46216,351.773,1980
266858688606162,75,43,46216,351.773,1980
266858738712158,75,43,46216,354.052,1980
266858788818976,75,43,46216,354.052,1980
266858838983458,76,44,46216,356.147,1980
266858889116545,76,44,46216,356.147,1980
266858939223031,76,44,46216,357.961,1980
266858989330849,76,44,46216,357.961,1980
266859039433302,77,45,46216,360.805,1980
266859089544651,77,45,46216,360.805,1980
266859139652391,77,45,46216,363.387,1980
266859189760617,77,45,46216,363.387,1980
266859239899983,78,46,46216,365.376,1980
266859290020330,78,46,46216,365.376,1980
266859340130344,78,46,46216,368.618,1980
266859390263346,78,46,46216,368.618,1980
266859440379872,79,47,46216,370.843,1980
266859490486409,79,47,46216,370.843,1980
266859540589342,79,47,46216,373.446,1980
266859590699010,79,47,46216,373.446,1980
266859640804427,80,48,46216,376.902,1980
266859690947226,80,48,46216,376.902,1980
266859741052241,80,48,46216,378.922,1980
266859791155102,80,48,46216,378.922,1980
266859841273037,81,49,46216,380.871,1980
266859891386846,81,49,46216,380.871,1980
266859941492688,81,49,46216,383.75,1980
266859991606829,81,49,46216,383.75,1980
266860041716923,82,51,46216,385.965,1980
266860091841171,82,51,46216,385.965,1980
266860141969191,82,51,46216,388.523,1980
266860192047497,82,51,46216,388.523,1980
266860242158962,84,52,46216,390.049,1980
266860292261611,84,52,46216,390.049,1980
266860342378373,84,52,46216,393.265,1980
266860392486901,84,52,46216,393.265,1980
266860442603689,86,53,46216,396.084,1980
266860492710784,86,53,46216,396.084,1980
266860542813203,86,53,46216,399.128,1980
266860592923099,86,53,46216,399.128,1980
266860643030110,88,55,46216,401.453,1980
266860693144514,88,55,46216,401.453,1980
266860743253538,88,55,46216,404.15,1980
266860793361713,88,55,46216,404.15,1980
266860843486879,89,56,46216,406.398,1980
266860893592934,89,56,46216,406.398,1980
266860943726346,89,56,46216,409.293,1980
266860993826990,89,56,46216,409.293,1980
266861043944715,90,57,46216,411.68,1980
266861094047820,90,57,46216,411.68,1980
266861144165940,90,57,46216,415.439,1980
266861194270557,90,57,46216,415.439,1980
266861244382177,92,59,46216,418.783,1980
266861294483918,92,59,46216,418.783,1980
266861344586427,92,59,46216,421.897,1980
266861394687556,92,59,46216,421.897,1980
266861444801555,92,59,46216,426.074,1980
266861494906975,92,59,46216,426.074,1980
266861545014321,92,59,46216,429.943,1980
266861595126516,92,59,46216,429.943,1980
266861645228268,94,61,46216,433.092,1980
266861695333584,94,61,46216,433.092,1980
266861745448011,94,61,46216,436.732,1980
266861795558727,94,61,46216,436.732,1980
266861845672658,94,62,46216,440.574,1980
266861895813806,94,62,46216,440.574,1980
266861945937299,94,62,46216,442.929,1980
266861996055223,94,62,46216,442.929,1980
266862046177619,95,62,46216,446.448,1980
266862096292151,95,62,46216,446.448,1980
266862146407820,95,62,46216,446.999,1980
266862196521045,95,62,46216,446.999,1980
266862246625203,94,62,46216,449.999,1980
266862296733864,94,62,46216,449.999,1980
266862346860766,94,62,46216,450.665,1980
266862396976954,94,62,46216,450.665,1980
266862447047536,94,63,46216,450.314,1980
266862497170797,94,63,46216,450.314,1980
266862547287963,94,63,46216,450.88,1980
266862597403122,94,63,46216,450.88,1980
266862647570671,95,63,46216,452.733,1980
266862697681495,95,63,46216,452.733,1980
266862747796704,95,63,46216,453.669,1980
266862797913837,95,63,46216,453.669,1980
266862848030458,94,63,46216,455.642,1980
266862898180145,94,63,46216,455.642,1980
266862948287267,94,63,46216,454.002,1980
266862998402515,94,63,46216,454.002,1980
266863048507216,82,50,46216,466.484,1980
266863098611184,82,50,46216,466.484,1980
266863148725819,82,50,46216,481.93,1980
266863198828153,82,50,46216,481.93,1980
266863248936472,97,53,46216,494.698,1980
266863299046791,97,53,46216,494.698,1980
266863349149889,97,53,46216,510.012,1980
266863399250358,97,53,46216,510.012,1980
266863449350670,98,56,46216,522.52,1980
266863499477505,98,56,46216,522.52,1980
266863549585185,98,56,46216,536.4,1980
266863600020530,98,56,46216,536.4,1980
266863650124996,96,54,46216,549.646,1980
266863700224674,96,54,46216,549.646,1980
266863750325340,96,54,46216,564.382,1980
266863800427793,96,54,46216,564.382,1980
266863850532161,96,54,46216,574.741,1980
266863900635812,96,54,46216,574.741,1980
266863950764693,96,54,46216,577.276,1980
266864000880776,96,54,46216,577.276,1980
266864050990700,75,48,46216,569.91,1980
266864101109484,75,48,46216,569.91,1980
266864151220361,75,48,46216,543.57,1980
266864201328649,75,48,46216,543.57,1980
266864251441861,70,37,46216,517.692,1980
266864301548279,70,37,46216,517.692,1980
266864351660432,70,37,46216,490.487,1980
266864401768268,70,37,46216,490.487,1980
266864451881093,71,38,46216,469.549,1980
266864501998824,71,38,46216,469.549,1980
266864552108712,71,38,46216,445.419,1980
266864602212340,71,38,46216,445.419,1980
266864652315960,71,39,46216,419.92,1980
266864702419975,71,39,46216,419.92,1980
266864752538825,71,39,46216,395.079,1980
266864802644789,71,39,46216,395.079,1980
266864852775743,73,41,46216,367.268,1980
266864902903538,73,41,46216,367.268,1980
266864953013430,73,41,46216,359.18,1980
266865003140339,73,41,46216,359.18,1980
266865053245437,74,42,46216,345.147,1980
266865103348160,74,42,46216,345.147,1980
266865153456250,74,42,46216,347.49,1980
266865203571412,74,42,46216,347.49,1980
266865253684613,75,43,46216,349.628,1980
266865303805447,75,43,46216,349.628,1980
266865353918256,75,43,46216,353.172,1980
266865404037117,75,43,46216,353.172,1980
266865454151532,77,44,46216,356.729,1980
266865504251521,77,44,46216,356.729,1980
266865554373769,77,44,46216,359.354,1980
266865604475070,77,44,46216,359.354,1980
266865654578552,77,45,46216,361.001,1980
266865704710972,77,45,46216,361.001,1980
266865754833318,77,45,46216,364.89,1980
266865804951645,77,45,46216,364.89,1980
266865855047040,79,47,46216,367.854,1980
266865905159548,79,47,46216,367.854,1980
266865955272937,79,47,46216,369.923,1980
266866005383732,79,47,46216,369.923,1980
266866055486095,80,48,46216,372.598,1980
266866105594740,80,48,46216,372.598,1980
266866155695665,80,48,46216,374.895,1980
266866205808977,80,48,46216,374.895,1980
266866255929781,81,49,46216,378.059,1980
266866306034594,81,49,46216,378.059,1980
266866356144903,81,49,46216,381.944,1980
266866406249499,81,49,46216,381.944,1980
266866456368903,81,50,46216,383.907,1980
266866506504757,81,50,46216,383.907,1980
266866556614732,81,50,46216,387.093,1980
266866606725149,81,50,46216,387.093,1980
266866656833548,83,51,46216,391.065,1980
266866706948075,83,51,46216,391.065,1980
266866757054886,83,51,46216,393.074,1980
266866807160727,83,51,46216,393.074,1980
266866857263700,83,52,46216,394.695,1980
266866907372039,83,52,46216,394.695,1980
266866957488898,83,52,46216,398.382,1980
266867007606124,83,52,46216,398.382,1980
266867057711681,86,53,46216,399.611,1980
266867107813309,86,53,46216,399.611,1980
266867157943910,86,53,46216,402.896,1980
266867208049235,86,53,46216,402.896,1980
266867258150380,88,55,46216,405.949,1980
266867308259444,88,55,46216,405.949,1980
266867358372355,88,55,46216,409.17,1980
266867408475744,88,55,46216,409.17,1980
266867458623288,89,56,46216,410.504,1980
266867508724563,89,56,46216,410.504,1980
266867558832063,89,56,46216,412.226,1980
266867608941974,89,56,46216,412.226,1980
266867659057244,90,57,46216,413.635,1980
266867709176388,90,57,46216,413.635,1980
266867759285133,90,57,46216,419.271,1980
266867809416013,90,57,46216,419.271,1980
266867859520367,91,58,46216,422.855,1980
266867909628680,91,58,46216,422.855,1980
266867959743346,91,58,46216,426.168,1980
266868009859414,91,58,46216,426.168,1980
266868059973831,93,60,46216,428.593,1980
266868110060358,93,60,46216,428.593,1980
266868160173724,93,60,46216,432.111,1980
266868210277866,93,60,46216,432.111,1980
266868260397675,93,61,46216,433.071,1980
266868310498054,93,61,46216,433.071,1980
266868360600543,93,61,46216,435.976,1980
266868410713242,93,61,46216,435.976,1980
266868460852190,94,62,46216,438.634,1980
266868510971579,94,62,46216,438.634,1980
266868561044738,94,62,46216,442.446,1980
266868611151123,94,62,46216,442.446,1980
266868661254088,95,63,46216,445.897,1980
266868711369322,95,63,46216,445.897,1980
266868761491105,95,63,46216,444.553,1980
266868811613047,95,63,46216,444.553,1980
266868861748898,95,63,46216,446.699,1980
266868911859249,95,63,46216,446.699,1980
266868961964122,95,63,46216,448.362,1980
266869012055600,95,63,46216,448.362,1980
266869062162724,94,63,46216,449.693,1980
266869112274588,94,63,46216,449.693,1980
266869162384643,94,63,46216,451.133,1980
266869212510949,94,63,46216,451.133,1980
266869262618409,95,64,46216,453.965,1980
266869312736910,95,64,46216,453.965,1980
266869362842410,95,64,46216,454.048,1980
266869412946737,95,64,46216,454.048,1980
266869463050428,95,64,46216,456.746,1980
266869513166988,95,64,46216,456.746,1980
266869563280953,95,64,46216,458.26,1980
266869613391459,95,64,46216,458.26,1980
266869663492093,95,65,46216,459.061,1980
266869713610955,95,65,46216,459.061,1980
266869763714533,95,65,46216,461.081,1980
266869813818444,95,65,46216,461.081,1980
266869863920452,81,49,46216,467.163,1980
266869914025660,81,49,46216,467.163,1980
266869964134700,81,49,46216,482.887,1980
266870014243250,81,49,46216,482.887,1980
266870064346759,95,55,46216,496.035,1980
266870114450540,95,55,46216,496.035,1980
266870164590873,95,55,46216,509.631,1980
266870214739628,95,55,46216,509.631,1980
266870264851218,95,54,46216,520.806,1980
266870314968009,95,54,46216,520.806,1980
266870365076943,95,54,46216,536.555,1980
266870415184212,95,54,46216,536.555,1980
266870465290603,95,54,46216,548.152,1980
266870515396083,95,54,46216,548.152,1980
266870565508596,95,54,46216,558.502,1980
266870615615415,95,54,46216,558.502,1980
266870666450985,95,55,46216,573.112,1980
266870716568512,95,55,46216,573.112,1980
266870766677995,95,55,46216,574.392,1980
266870816782703,95,55,46216,574.392,1980
266870866898249,68,51,46216,582.965,1980
266870917006399,68,51,46216,582.965,1980
266870967107063,68,51,46216,559.421,1980
266871017217725,68,51,46216,559.421,1980
266871067331695,71,37,46216,531.962,1980
266871117461690,71,37,46216,531.962,1980
266871167570350,71,37,46216,507.385,1980
266871217672410,71,37,46216,507.385,1980
266871267774082,71,38,46216,484.657,1980
266871317889767,71,38,46216,484.657,1980
266871367994017,71,38,46216,461.514,1980
266871418107038,71,38,46216,461.514,1980
266871468209767,71,39,46216,438.201,1980
266871518326303,71,39,46216,438.201,1980
266871568429392,71,39,46216,411.064,1980
266871618538095,71,39,46216,411.064,1980
266871668650059,73,41,46216,393.177,1980
266871718824480,73,41,46216,393.177,1980
266871768935203,73,41,46216,375.684,1980
266871819044552,73,41,46216,375.684,1980
266871869170024,74,42,46216,352.007,1980
266871919274946,74,42,46216,352.007,1980
266871969374628,74,42,46216,352.995,1980
266872019477192,74,42,46216,352.995,1980
266872069580042,75,44,46216,355.129,1980
266872119704845,75,44,46216,355.129,1980
266872169817990,75,44,46216,356.986,1980
266872219918529,75,44,46216,356.986,1980
266872270027102,77,45,46216,358.405,1980
266872320137290,77,45,46216,358.405,1980
266872370244717,77,45,46216,362.073,1980
266872420345071,77,45,46216,362.073,1980
266872470468877,78,46,46216,365.023,1980
266872520571565,78,46,46216,365.023,1980
266872570680704,78,46,46216,367.718,1980
266872620790553,78,46,46216,367.718,1980
266872670903025,80,47,46216,369.24,1980
266872721044062,80,47,46216,369.24,1980
266872771147676,80,47,46216,371.17,1980
266872821254632,80,47,46216,371.17,1980
266872871357181,81,48,46216,374.65,1980
266872921456337,81,48,46216,374.65,1980
266872971556890,81,48,46216,377.304,1980
266873021658053,81,48,46216,377.304,1980
266873071767666,81,49,46216,380.252,1980
266873121885392,81,49,46216,380.252,1980
266873171989402,81,49,46216,381.275,1980
266873222090923,81,49,46216,381.275,1980
266873272191764,83,51,46216,386.266,1980
266873322290755,83,51,46216,386.266,1980
266873372398447,83,51,46216,388.906,1980
266873422502049,83,51,46216,388.906,1980
266873472617533,84,52,46216,390.453,1980
266873522725196,84,52,46216,390.453,1980
266873572847274,84,52,46216,394.529,1980
266873622955722,84,52,46216,394.529,1980
266873673064872,85,53,46216,398.679,1980
266873723164845,85,53,46216,398.679,1980
266873773275022,85,53,46216,401.018,1980
266873823378344,85,53,46216,401.018,1980
266873873484840,88,54,46216,403.743,1980
266873923591435,88,54,46216,403.743,1980
266873973692613,88,54,46216,406.57,1980
266874023833146,88,54,46216,406.57,1980
266874073954224,88,55,46216,410.841,1980
266874124103995,88,55,46216,410.841,1980
266874174256015,88,55,46216,413.668,1980
266874224381935,88,55,46216,413.668,1980
266874274514534,89,56,46216,416.382,1980
266874324633906,89,56,46216,416.382,1980
266874374773950,89,56,46216,418.306,1980
266874424883135,89,56,46216,418.306,1980
266874474989426,90,57,46216,421.121,1980
266874525052351,90,57,46216,421.121,1980
266874575176439,90,57,46216,424.398,1980
266874625313987,90,57,46216,424.398,1980
266874675451956,91,58,46216,426.207,1980
266874725557167,91,58,46216,426.207,1980
266874775674000,91,58,46216,431.061,1980
266874825776894,91,58,46216,431.061,1980
266874875906351,92,60,46216,433.881,1980
266874926029236,92,60,46216,433.881,1980
266874976149079,92,60,46216,438.149,1980
266875026261010,92,60,46216,438.149,1980
266875076364865,93,61,46216,439.006,1980
266875126496561,93,61,46216,439.006,1980
266875176623687,93,61,46216,442.548,1980
266875226738646,93,61,46216,442.548,1980
266875276863997,94,62,46216,444.077,1980
266875326970303,94,62,46216,444.077,1980
266875377053018,94,62,46216,447.093,1980
266875427155322,94,62,46216,447.093,1980
266875477271577,95,63,46216,449.435,1980
266875527379576,95,63,46216,449.435,1980
266875577486400,95,63,46216,449.723,1980
266875627590798,95,63,46216,449.723,1980
266875677692360,95,63,46216,452.022,1980
266875727812097,95,63,46216,452.022,1980
266875777913941,95,63,46216,453.186,1980
266875828031397,95,63,46216,453.186,1980
266875878149237,94,63,46216,454.138,1980
266875928308333,94,63,46216,454.138,1980
266875978428084,94,63,46216,454.059,1980
266876028534335,94,63,46216,454.059,1980
266876078642818,95,64,46216,457.14,1980
266876128755169,95,64,46216,457.14,1980
266876178866812,95,64,46216,456.788,1980
266876228971917,95,64,46216,456.788,1980
266876279044640,94,64,46216,458.165,1980
266876329197486,94,64,46216,458.165,1980
266876379322011,94,64,46216,459.771,1980
266876429433063,94,64,46216,459.771,1980
266876479542040,95,65,46216,462.095,1980
266876529658162,95,65,46216,464.169,1980
266876580704335,95,65,46216,464.169,1980
266876630819268,95,64,46216,463.344,1980
266876680928918,95,64,46216,463.344,1980
266876731040627,95,64,46216,475.54,1980
266876781151438,95,64,46216,475.54,1980
266876831263982,95,52,46216,487.035,1980
266876881374747,95,52,46216,487.035,1980
266876931481458,95,52,46216,496.553,1980
266876981587642,95,52,46216,496.553,1980
266877031691902,97,52,46216,512.73,1980
266877081797989,97,52,46216,512.73,1980
266877131917688,97,52,46216,524.384,1980
266877182025856,97,52,46216,524.384,1980
266877232129795,98,54,46216,536.903,1980
266877282232951,98,54,46216,536.903,1980
266877332335868,98,54,46216,550.62,1980
266877382440156,98,54,46216,550.62,1980
266877432558304,96,53,46216,562.498,1980
266877482659733,96,53,46216,562.498,1980
266877532762720,96,53,46216,573.543,1980
266877582868124,96,53,46216,573.543,1980
266877632973846,92,62,46216,573.668,1980
266877683053841,92,62,46216,573.668,1980
266877733163397,92,62,46216,574.149,1980
266877783291625,92,62,46216,574.149,1980
266877833406794,73,41,46216,551.852,1980
266877883514060,73,41,46216,551.852,1980
266877933623395,73,41,46216,530.592,1980
266877983730791,73,41,46216,530.592,1980
266878033837191,72,40,46216,506.203,1980
266878083940339,72,40,46216,506.203,1980
266878134053225,72,40,46216,480.245,1980
266878184159972,72,40,46216,480.245,1980
266878234275982,73,41,46216,458.4,1980
266878284405722,73,41,46216,458.4,1980
266878334510374,73,41,46216,432.51,1980
266878384613421,73,41,46216,432.51,1980
266878434736529,74,42,46216,409.632,1980
266878484846534,74,42,46216,409.632,1980
266878534972707,74,42,46216,391.295,1980
266878585047125,74,42,46216,391.295,1980
266878635159403,75,43,46216,384.376,1980
266878685277389,75,43,46216,384.376,1980
266878735379477,75,43,46216,359.111,1980
266878785492466,75,43,46216,359.111,1980
266878835613926,76,44,46216,360.543,1980
266878885730368,76,44,46216,360.543,1980
266878935833756,76,44,46216,363.792,1980
266878985943318,76,44,46216,363.792,1980
266879036049048,78,46,46216,366.579,1980
266879086154127,78,46,46216,366.579,1980
266879136270752,78,46,46216,367.252,1980
266879186388489,78,46,46216,367.252,1980
266879236493649,79,47,46216,369.347,1980
266879286607466,79,47,46216,369.347,1980
266879336708774,79,47,46216,373.223,1980
266879386809824,79,47,46216,373.223,1980
266879436914686,80,48,46216,374.844,1980
266879487022651,80,48,46216,374.844,1980
266879537122036,80,48,46216,379.417,1980
266879587247177,80,48,46216,379.417,1980
266879637357922,81,49,46216,380.577,1980
266879687467341,81,49,46216,380.577,1980
266879737574530,81,49,46216,384.442,1980
266879787685823,81,49,46216,384.442,1980
266879837794199,82,50,46216,384.242,1980
266879887895336,82,50,46216,384.242,1980
266879938016780,82,50,46216,386.483,1980
266879988120171,82,50,46216,386.483,1980
266880038222803,83,52,46216,389.044,1980
266880088334676,83,52,46216,389.044,1980
266880138454595,83,52,46216,393.425,1980
266880188572007,83,52,46216,393.425,1980
266880238679817,85,53,46216,394.948,1980
266880288785311,85,53,46216,394.948,1980
266880338891324,85,53,46216,398.03,1980
266880388992261,85,53,46216,398.03,1980
266880439098784,88,54,46216,402.223,1980
266880489200192,88,54,46216,402.223,1980
266880539307524,88,54,46216,404.347,1980
266880589435269,88,54,46216,404.347,1980
266880639554490,89,55,46216,408.609,1980
266880689658334,89,55,46216,408.609,1980
266880739758011,89,55,46216,409.412,1980
266880789856576,89,55,46216,409.412,1980
266880839988634,90,57,46216,414.726,1980
266880890101063,90,57,46216,414.726,1980
266880940203261,90,57,46216,418.693,1980
266880990312191,90,57,46216,418.693,1980
266881040433338,91,58,46216,422.542,1980
266881091019280,91,58,46216,422.542,1980
266881141138447,91,58,46216,425.315,1980
266881191250590,91,58,46216,425.315,1980
266881241357838,92,59,46216,429.924,1980
266881291491860,92,59,46216,429.924,1980
266881341597141,92,59,46216,432.76,1980
266881391701758,92,59,46216,432.76,1980
266881441819360,93,60,46216,435.254,1980
266881491926373,93,60,46216,435.254,1980
266881542047226,93,60,46216,437.983,1980
266881592168114,93,60,46216,437.983,1980
266881642273620,93,61,46216,440.51,1980
266881692385279,93,61,46216,440.51,1980
266881742499513,93,61,46216,444.228,1980
266881792602102,93,61,46216,444.228,1980
266881842715009,93,61,46216,446.937,1980
266881892832249,93,61,46216,446.937,1980
266881942952151,93,61,46216,449.054,1980
266881993054141,93,61,46216,449.054,1980
266882043159545,94,62,46216,449.187,1980
266882093263610,94,62,46216,449.187,1980
266882143375519,94,62,46216,452.68,1980
266882193479630,94,62,46216,452.68,1980
266882243587290,95,63,46216,453.102,1980
266882293700987,95,63,46216,453.102,1980
266882343806936,95,63,46216,454.447,1980
266882393915475,95,63,46216,454.447,1980
266882444030509,95,64,46216,456.313,1980
266882494144304,95,64,46216,456.313,1980
266882544281794,95,64,46216,456.187,1980
266882594393117,95,64,46216,456.187,1980
266882644500688,94,63,46216,455.295,1980
266882694613841,94,63,46216,455.295,1980
266882744725554,94,63,46216,455.027,1980
266882794849540,94,63,46216,455.027,1980
266882844957856,95,64,46216,457.651,1980
266882895053362,95,64,46216,457.651,1980
266882945181015,95,64,46216,458.24,1980
266882995291145,95,64,46216,458.24,1980
266883045399482,95,64,46216,460.316,1980
266883095510712,95,64,46216,460.316,1980
266883145615155,95,64,46216,460.591,1980
266883195722703,95,64,46216,460.591,1980
266883245824594,95,64,46216,462.618,1980
266883295930762,95,64,46216,462.618,1980
266883346042564,95,64,46216,462.652,1980
266883396157910,95,64,46216,462.652,1980
266883446272542,95,64,46216,461.345,1980
266883496381285,95,64,46216,461.345,1980
266883546491371,95,64,46216,463.08,1980
266883596594318,95,64,46216,463.08,1980
266883646696572,80,45,46216,479.777,1980
266883696807631,80,45,46216,479.777,1980
266883746909995,80,45,46216,497.008,1980
266883797022837,80,45,46216,497.008,1980
266883847127464,97,53,46216,510.449,1980
266883897229156,97,53,46216,510.449,1980
266883947332288,97,53,46216,526.202,1980
266883997436091,97,53,46216,526.202,1980
266884049263146,99,54,46216,539.188,1980
266884099368033,99,54,46216,539.188,1980
266884149469675,99,54,46216,551.238,1980
266884199581003,99,54,46216,551.238,1980
266884249690784,96,54,46216,562.418,1980
266884299800619,96,54,46216,562.418,1980
266884349904167,96,54,46216,580.487,1980
266884400013689,96,54,46216,580.487,1980
266884450118737,96,55,46216,594.378,1980
266884500228464,96,55,46216,594.378,1980
266884611698863,96,55,46216,595.076,1980
266884661811556,66,51,46216,597.37,1980
266884711917994,66,51,46216,597.37,1980
266884762023977,66,51,46216,568.712,1980
266884812156119,66,51,46216,568.712,1980
266884862274518,72,39,46216,542.186,1980
266884912381991,72,39,46216,542.186,1980
266884962507689,72,39,46216,519.833,1980
266885012614674,72,39,46216,519.833,1980
266885062718674,73,40,46216,496.17,1980
266885112831472,73,40,46216,496.17,1980
266885162949280,73,40,46216,473.744,1980
266885213047858,73,40,46216,473.744,1980
266885263149020,74,42,46216,445.816,1980
266885313272644,74,42,46216,445.816,1980
266885363385832,74,42,46216,422.769,1980
266885413502245,74,42,46216,422.769,1980
266885463609001,75,43,46216,394.682,1980
266885513735381,75,43,46216,394.682,1980
266885563853962,75,43,46216,383.246,1980
266885613957309,75,43,46216,383.246,1980
266885664045586,77,44,46216,358.947,1980
266885714154132,77,44,46216,358.947,1980
266885764257857,77,44,46216,362.84,1980
266885814369203,77,44,46216,362.84,1980
266885864881193,77,45,46216,363.679,1980
266885914992219,77,45,46216,363.679,1980
266885965196887,77,45,46216,365.529,1980
266886015314732,77,45,46216,365.529,1980
266886065420814,79,46,46216,367.357,1980
266886115529313,79,46,46216,367.357,1980
266886165645729,79,46,46216,368.384,1980
266886215771038,79,46,46216,368.384,1980
266886265876397,80,48,46216,370.858,1980
266886315982085,80,48,46216,370.858,1980
266886366056444,80,48,46216,374.384,1980
266886416162891,80,48,46216,374.384,1980
266886466274082,80,48,46216,377.455,1980
266886516379981,80,48,46216,377.455,1980
266886566488624,80,48,46216,376.969,1980
266886616607988,80,48,46216,376.969,1980
266886666731600,82,50,46216,381.202,1980
266886716843521,82,50,46216,381.202,1980
266886766950984,82,50,46216,385.541,1980
266886817058581,82,50,46216,385.541,1980
266886867164160,83,51,46216,387.681,1980
266886917288166,83,51,46216,387.681,1980
266886967394769,83,51,46216,387.936,1980
266887017514535,83,51,46216,387.936,1980
266887067624636,84,52,46216,392.708,1980
266887117729328,84,52,46216,392.708,1980
266887167841552,84,52,46216,395.446,1980
266887217947683,84,52,46216,395.446,1980
266887268050312,87,54,46216,396.647,1980
266887318159410,87,54,46216,396.647,1980
266887368274767,87,54,46216,398.704,1980
266887418385023,87,54,46216,398.704,1980
266887468504198,88,55,46216,400.432,1980
266887518636042,88,55,46216,400.432,1980
266887568737515,88,55,46216,406.618,1980
266887618854659,88,55,46216,406.618,1980
266887668977650,89,56,46216,409.608,1980
266887719044778,89,56,46216,409.608,1980
266887769146086,89,56,46216,411.534,1980
266887819247308,89,56,46216,411.534,1980
266887869360662,90,57,46216,415.679,1980
266887919473922,90,57,46216,415.679,1980
266887969585432,90,57,46216,421.979,1980
266888019707143,90,57,46216,421.979,1980
266888069817742,91,58,46216,423.823,1980
266888119925292,91,58,46216,423.823,1980
266888170043590,91,58,46216,427.164,1980
266888220143750,91,58,46216,427.164,1980
266888270247467,92,59,46216,431.579,1980
266888320357834,92,59,46216,431.579,1980
266888370469984,92,59,46216,435.276,1980
266888420574963,92,59,46216,435.276,1980
266888470689567,93,61,46216,437.783,1980
266888520792025,93,61,46216,437.783,1980
266888570893276,93,61,46216,439.521,1980
266888621005236,93,61,46216,439.521,1980
266888671136910,93,61,46216,440.925,1980
266888721251528,93,61,46216,440.925,1980
266888771356904,93,61,46216,443.027,1980
266888821459148,93,61,46216,443.027,1980
266888871577535,94,62,46216,443.417,1980
266888921695734,94,62,46216,443.417,1980
266888971804312,94,62,46216,445.625,1980
266889021917228,94,62,46216,445.625,1980
266889072037990,94,62,46216,446.604,1980
266889122142150,94,62,46216,446.604,1980
266889172243647,94,62,46216,449.876,1980
266889222357353,94,62,46216,449.876,1980
266889272496512,95,63,46216,451.051,1980
266889322600169,95,63,46216,451.051,1980
266889372703001,95,63,46216,451.693,1980
266889422813160,95,63,46216,451.693,1980
266889472923493,95,63,46216,453.58,1980
266889523033708,95,63,46216,453.58,1980
266889573135641,95,63,46216,455.234,1980
266889623236108,95,63,46216,455.234,1980
266889673341233,96,64,46216,455.366,1980
266889723467316,96,64,46216,455.366,1980
266889773575928,96,64,46216,455.293,1980
266889823675996,96,64,46216,455.293,1980
266889873798696,95,64,46216,456.294,1980
266889923901490,95,64,46216,456.294,1980
266889974005749,95,64,46216,455.499,1980
266890024107054,95,64,46216,455.499,1980
266890074209277,95,65,46216,456.81,1980
266890124311099,95,65,46216,456.81,1980
266890174447386,95,65,46216,456.811,1980
266890224558004,95,65,46216,456.811,1980
266890274673663,95,64,46216,454.133,1980
266890324774571,95,64,46216,454.133,1980
266890374876381,95,64,46216,455.265,1980
266890424988665,95,64,46216,455.265,1980
266890475105412,95,64,46216,454.296,1980
266890525209582,95,64,46216,454.296,1980
266890575312935,95,64,46216,465.689,1980
266890626945777,95,64,46216,465.689,1980
266890862311039,96,50,46216,505.424,1980
266890926386457,98,56,46216,505.424,1980
266890978899321,98,56,46216,516.453,1980
266891041294471,98,56,46216,529.705,1980
266891091404192,96,55,46216,529.705,1980
266891141517405,96,55,46216,541.69,1980
266891191624830,96,55,46216,541.69,1980
266891241728816,97,53,46216,560.444,1980
266891291830190,97,53,46216,560.444,1980
266891341930259,97,53,46216,574.075,1980
266891392035014,97,53,46216,574.075,1980
266891442163977,98,55,46216,574.052,1980
266891492270935,98,55,46216,574.052,1980
266891542385012,98,55,46216,574.49,1980
266891592495129,98,55,46216,574.49,1980
266891642619566,82,48,46216,550.996,1980
266891692731223,82,48,46216,550.996,1980
266891742840385,82,48,46216,528.618,1980
266891792957982,82,48,46216,528.618,1980
266891843057446,71,38,46216,504.573,1980
266891893161226,71,38,46216,504.573,1980
266891943262427,71,38,46216,480.314,1980
266891993366123,71,38,46216,480.314,1980
266892043470388,71,39,46216,456.921,1980
266892093607956,71,39,46216,456.921,1980
266892143728907,71,39,46216,432.011,1980
266892193840462,71,39,46216,432.011,1980
266892243947551,72,40,46216,407.509,1980
266892294083363,72,40,46216,407.509,1980
266892344195028,72,40,46216,385.207,1980
266892394309533,72,40,46216,385.207,1980
266892444417334,74,42,46216,370.433,1980
266892494536312,74,42,46216,370.433,1980
266892544642582,74,42,46216,350.222,1980
266892594760504,74,42,46216,350.222,1980
266892644890583,75,43,46216,349.661,1980
266892695042639,75,43,46216,349.661,1980
266892745160570,75,43,46216,351.283,1980
266892795263257,75,43,46216,351.283,1980
266892845372087,75,44,46216,351.741,1980
266892895479374,75,44,46216,351.741,1980
266892945595168,75,44,46216,354.075,1980
266892995705670,75,44,46216,354.075,1980
266893045808317,77,45,46216,353.805,1980
266893095966235,77,45,46216,353.805,1980
266893146046598,77,45,46216,357.546,1980
266893196164576,77,45,46216,357.546,1980
266893246275136,78,46,46216,360.049,1980
266893296386647,78,46,46216,360.049,1980
266893346493419,78,46,46216,363.889,1980
266893396598574,78,46,46216,363.889,1980
266893446709839,80,48,46216,367.068,1980
266893496815879,80,48,46216,367.068,1980
266893546925081,80,48,46216,370.132,1980
266893597040016,80,48,46216,370.132,1980
266893647146831,80,49,46216,374.921,1980
266893697257549,80,49,46216,374.921,1980
266893747377272,80,49,46216,378.348,1980
266893797498074,80,49,46216,378.348,1980
266893847607048,82,50,46216,382.192,1980
266893897744004,82,50,46216,382.192,1980
266893947853809,82,50,46216,383.119,1980
266893997965008,82,50,46216,383.119,1980
266894048047063,83,51,46216,388.264,1980
266894098158206,83,51,46216,388.264,1980
266894148265673,83,51,46216,390.864,1980
266894198370496,83,51,46216,390.864,1980
266894248478500,84,53,46216,394.811,1980
266894298580474,84,53,46216,394.811,1980
266894348703751,84,53,46216,397.154,1980
266894398819295,84,53,46216,397.154,1980
266894448923704,87,54,46216,401.233,1980
266894499029253,87,54,46216,401.233,1980
266894549149776,87,54,46216,404.013,1980
266894599261901,87,54,46216,404.013,1980
266894649368260,89,55,46216,407.675,1980
266894699475862,89,55,46216,407.675,1980
266894749581434,89,55,46216,409.633,1980
266894799683606,89,55,46216,409.633,1980
266894849795424,90,56,46216,414.18,1980
266894899913134,90,56,46216,414.18,1980
266894950026884,90,56,46216,418.851,1980
266895000145615,90,56,46216,418.851,1980
266895050247238,91,58,46216,423.295,1980
266895100392217,91,58,46216,423.295,1980
266895150495458,91,58,46216,425.698,1980
266895200616389,91,58,46216,425.698,1980
266895250725308,91,58,46216,428.25,1980
266895300829875,91,58,46216,428.25,1980
266895350947264,91,58,46216,430.672,1980
266895401046519,91,58,46216,430.672,1980
266895451156602,93,60,46216,432.577,1980
266895501265240,93,60,46216,432.577,1980
266895551378574,93,60,46216,435.086,1980
266895601480172,93,60,46216,435.086,1980
266895651583020,94,62,46216,437.642,1980
266895701694428,94,62,46216,437.642,1980
266895751806799,94,62,46216,440.883,1980
266895801912706,94,62,46216,440.883,1980
266895852023139,95,62,46216,443.169,1980
266895902136926,95,62,46216,443.169,1980
266895952248249,95,62,46216,444.445,1980
266896002349716,95,62,46216,444.445,1980
266896052474940,95,63,46216,446.162,1980
266896102583179,95,63,46216,446.162,1980
266896152687307,95,63,46216,448.895,1980
266896202817301,95,63,46216,448.895,1980
266896252927495,95,63,46216,450.48,1980
266896303038263,95,63,46216,450.48,1980
266896353157149,95,63,46216,453.193,1980
266896403274408,95,63,46216,453.193,1980
266896453411320,94,63,46216,454.684,1980
266896503538008,94,63,46216,454.684,1980
266896553641699,94,63,46216,456.124,1980
266896603744120,94,63,46216,456.124,1980
266896653863970,95,64,46216,455.583,1980
266896704021341,95,64,46216,455.583,1980
266896754150405,95,64,46216,458.022,1980
266896804269322,95,64,46216,458.022,1980
266896854376651,96,64,46216,458.857,1980
266896904483866,96,64,46216,458.857,1980
266896954590541,96,64,46216,460.182,1980
266897004711482,96,64,46216,460.182,1980
266897054825315,95,64,46216,461.839,1980
266897104929263,95,64,46216,461.839,1980
266897155055333,95,64,46216,462.518,1980
266897205162915,95,64,46216,462.518,1980
266897255269014,94,64,46216,462.247,1980
266897305383926,94,64,46216,462.247,1980
266897355491331,94,64,46216,467.292,1980
266897405612472,94,64,46216,467.292,1980
266897455720134,90,48,46216,477.95,1980
266897506658874,90,48,46216,477.95,1980
266897556769294,90,48,46216,489.527,1980
266897606870269,90,48,46216,489.527,1980
266897656970085,96,54,46216,501.873,1980
266897707076285,96,54,46216,501.873,1980
266897757178883,96,54,46216,515.533,1980
266897807278696,96,54,46216,515.533,1980
266897857376707,97,54,46216,526.368,1980
266897907475405,97,54,46216,526.368,1980
266897957576859,97,54,46216,542.322,1980
266898007684860,97,54,46216,542.322,1980
266898057786178,98,55,46216,551.9,1980
266898107898941,98,55,46216,551.9,1980
266898158003729,98,55,46216,565.698,1980
266898208103197,98,55,46216,565.698,1980
266898259923600,96,55,46216,573.363,1980
266898310035994,96,55,46216,573.363,1980
266898360158054,96,55,46216,576.042,1980
266898410290596,96,55,46216,576.042,1980
266898460422277,79,49,46216,561.071,1980
266898510534932,79,49,46216,561.071,1980
266898560651968,79,49,46216,535.972,1980
266898610751492,79,49,46216,535.972,1980
266898660856788,68,36,46216,513.339,1980
266898710964376,68,36,46216,513.339,1980
266898761071677,68,36,46216,489.239,1980
266898811175639,68,36,46216,489.239,1980
266898861276173,71,38,46216,465.681,1980
266898911380652,71,38,46216,465.681,1980
266898961489458,71,38,46216,442.581,1980
266899011609027,71,38,46216,442.581,1980
266899061748894,72,39,46216,414.174,1980
266899111856288,72,39,46216,414.174,1980
266899161966358,72,39,46216,391.214,1980
266899212057898,72,39,46216,391.214,1980
266899262166649,73,40,46216,368.052,1980
266899312284256,73,40,46216,368.052,1980
266899362390382,73,40,46216,360.156,1980
266899412495677,73,40,46216,360.156,1980
266899462602211,73,41,46216,347.85,1980
266899512701130,73,41,46216,347.85,1980
266899562806060,73,41,46216,349.153,1980
266899612912404,73,41,46216,349.153,1980
266899663029840,74,42,46216,351.31,1980
266899713131115,74,42,46216,351.31,1980
266899763240038,74,42,46216,353.01,1980
266899813355861,74,42,46216,353.01,1980
266899863475291,75,43,46216,355.033,1980
266899913606855,75,43,46216,355.033,1980
266899963712545,75,43,46216,357.027,1980
266900013830045,75,43,46216,357.027,1980
266900063956244,76,45,46216,358.164,1980
266900114089009,76,45,46216,358.164,1980
266900164191799,76,45,46216,363.208,1980
266900214295552,76,45,46216,363.208,1980
266900264396057,78,46,46216,365.023,1980
266900314517577,78,46,46216,365.023,1980
266900364636332,78,46,46216,366.637,1980
266900414757153,78,46,46216,366.637,1980
266900464863637,79,47,46216,370.122,1980
266900514983608,79,47,46216,370.122,1980
266900565127190,79,47,46216,374.256,1980
266900615257312,79,47,46216,374.256,1980
266900665377264,80,48,46216,376.274,1980
266900715495474,80,48,46216,376.274,1980
266900765604537,80,48,46216,379.0,1980
266900815723846,80,48,46216,379.0,1980
266900865841539,81,49,46216,380.007,1980
266900915971593,81,49,46216,380.007,1980
266900966059408,81,49,46216,382.056,1980
266901016174007,81,49,46216,382.056,1980
266901066296944,82,50,46216,384.409,1980
266901116415255,82,50,46216,384.409,1980
266901166537134,82,50,46216,387.274,1980
266901216654254,82,50,46216,387.274,1980
266901266760076,83,51,46216,390.099,1980
266901316870600,83,51,46216,390.099,1980
266901367024813,83,51,46216,392.089,1980
266901417128471,83,51,46216,392.089,1980
266901467229832,84,53,46216,393.846,1980
266901517378388,84,53,46216,393.846,1980
266901567510838,84,53,46216,395.876,1980
266901617625955,84,53,46216,395.876,1980
266901667766957,88,54,46216,398.688,1980
266901717877173,88,54,46216,398.688,1980
266901768013119,88,54,46216,400.804,1980
266901818121423,88,54,46216,400.804,1980
266901868226605,89,55,46216,404.686,1980
266901918330239,89,55,46216,404.686,1980
266901968442418,89,55,46216,407.687,1980
266902018559318,89,55,46216,407.687,1980
266902068662713,90,57,46216,411.815,1980
266902118764844,90,57,46216,411.815,1980
266902168877407,90,57,46216,414.643,1980
266902218986396,90,57,46216,414.643,1980
266902269098172,91,58,46216,417.972,1980
266902319202267,91,58,46216,417.972,1980
266902369317654,91,58,46216,420.66,1980
266902419426214,91,58,46216,420.66,1980
266902469565934,92,59,46216,424.235,1980
266902519687481,92,59,46216,424.235,1980
266902569793414,92,59,46216,426.552,1980
266902619904492,92,59,46216,426.552,1980
266902670014596,92,60,46216,430.039,1980
266902720146206,92,60,46216,430.039,1980
266902770259846,92,60,46216,433.963,1980
266902820370049,92,60,46216,433.963,1980
266902870480620,94,61,46216,436.956,1980
266902920614814,94,61,46216,436.956,1980
266902970733645,94,61,46216,439.271,1980
266903020843460,94,61,46216,439.271,1980
266903070965704,94,61,46216,442.182,1980
266903121060200,94,61,46216,442.182,1980
266903171165174,94,61,46216,445.138,1980
266903221285459,94,61,46216,445.138,1980
266903271413186,94,62,46216,445.959,1980
266903321536144,94,62,46216,445.959,1980
266903371638834,94,62,46216,449.062,1980
266903421756120,94,62,46216,449.062,1980
266903471873670,95,63,46216,450.123,1980
266903521991402,95,63,46216,450.123,1980
266903572106478,95,63,46216,452.611,1980
266903622286290,95,63,46216,452.611,1980
266903672394720,95,64,46216,454.356,1980
266903722502203,95,64,46216,454.356,1980
266903772605562,95,64,46216,460.96,1980
266903822716311,95,64,46216,460.96,1980
266903872824371,96,51,46216,473.548,1980
266903922930506,96,51,46216,473.548,1980
266903973038106,96,51,46216,487.47,1980
266904023141900,96,51,46216,487.47,1980
266904073249217,96,54,46216,498.457,1980
266904123366211,96,54,46216,498.457,1980
266904173474089,96,54,46216,509.08,1980
266904223575812,96,54,46216,509.08,1980
266904273686129,96,54,46216,520.425,1980
266904323787842,96,54,46216,520.425,1980
266904373890533,96,54,46216,531.385,1980
266904423993027,96,54,46216,531.385,1980
266904474099901,96,54,46216,543.917,1980
266904524202524,96,54,46216,543.917,1980
266904574306466,96,54,46216,552.964,1980
