t_ns,util_gpu_pct,util_mem_pct,mem_used_mib,power_w,sm_clock_mhz
263428927813324,0,0,962,92.543,1980
263428983943481,0,0,962,98.059,1980
263429034811682,0,0,6852,98.059,1980
263429087940166,0,0,6852,102.855,1980
263429138142903,0,0,6852,102.855,1980
263429188314027,0,0,6852,108.272,1980
263429238492392,0,0,6852,108.272,1980
263429288702920,11,0,6852,113.558,1980
263429338921095,11,0,6852,113.558,1980
263429389121886,11,0,6852,118.182,1980
263429439305607,11,0,6852,118.182,1980
263429489494835,10,0,6852,123.438,1980
263429539704424,10,0,6852,123.438,1980
263429589927372,10,0,6852,129.361,1980
263429640134070,10,0,6852,133.589,1980
263429690359108,16,0,6852,133.589,1980
263429740558591,16,0,6852,136.165,1980
263429790779394,16,0,6852,136.165,1980
263429842570644,15,0,6852,136.118,1980
263429892792407,15,0,6852,136.118,1980
263429943024498,15,0,6852,136.106,1980
263430032587495,15,0,6872,136.106,1980
263430116477137,14,0,6872,136.062,1980
263430186703961,14,0,6872,136.083,1980
263430333514304,0,0,6872,136.108,1980
263430383639343,0,0,6872,135.955,1980
263430433749460,0,0,6872,135.955,1980
263430483866630,0,0,6872,135.736,1980
263430533981848,0,0,6872,135.736,1980
263430584088570,0,0,6872,135.616,1980
263430700009934,0,0,6872,135.656,1980
263430848217546,0,0,6872,135.321,1980
263430918121192,0,0,6872,135.321,1980
263431055608090,0,0,6872,135.301,1980
263431120923127,0,0,6872,135.301,1980
263431186226444,0,0,6872,135.367,1980
263431251529854,0,0,6872,135.212,1980
263431316818282,0,0,6872,135.212,1980
263431387170558,0,0,6872,135.16,1980
263431457535169,0,0,6872,135.267,1980
263431879253310,0,0,6872,135.273,1980
263431939504932,0,0,6872,135.273,1980
263432004798724,0,0,6872,135.372,1980
263432075155806,0,0,6872,135.246,1980
263432145511865,0,0,6872,135.117,1980
263432210805376,0,0,6872,135.117,1980
263432276107133,0,0,6872,135.145,1980
263432659508971,0,0,6872,135.072,1980
263432781403536,0,0,6872,135.247,1980
263432831530257,0,0,6872,135.247,1980
263432881638116,0,0,6872,135.22,1980
263432932046781,0,0,6872,135.22,1980
263432982154208,0,0,6872,135.051,1980
263433032266367,0,0,6872,135.051,1980
263433082373602,0,0,6872,135.051,1980
263433132481806,0,0,6872,135.051,1980
263433182587478,0,0,6872,135.181,1980
263433232702778,0,0,6872,135.181,1980
263433285556369,0,0,6872,135.252,1980
263433336975852,0,0,6872,135.252,1980
263433387093154,0,0,6872,135.047,1980
263433437213297,0,0,6872,135.047,1980
263433487358169,0,0,6872,135.015,1980
263433537478825,0,0,6872,135.015,1980
263433587597828,0,0,6872,135.136,1980
263433642918228,0,0,6872,135.259,1980
263433693038649,0,0,6872,135.259,1980
263433748588543,0,0,6872,135.072,1980
263433802477706,0,0,6872,135.072,1980
263433852589911,0,0,6872,135.042,1980
263433902764975,0,0,6872,135.042,1980
263433952951178,0,0,6872,135.141,1980
263434003095158,0,0,6872,135.141,1980
263434053268179,0,0,6872,135.273,1980
263434349782086,0,0,6872,135.112,1980
263434400102801,0,0,7036,135.112,1980
263434706201014,0,0,7036,135.065,1980
263434756404979,0,0,7520,135.11,1980
263434809600717,0,0,7520,135.11,1980
263434860605242,1,0,7520,135.255,1980
263434913639039,1,0,7520,135.255,1980
263434963757350,1,0,7520,135.263,1980
263435013871295,1,0,7520,135.263,1980
263435063987031,0,0,7520,135.077,1980
263435114098914,0,0,7520,135.077,1980
263435164346559,0,0,7520,135.1,1980
263435224593871,0,0,7520,135.1,1980
263435278272545,0,0,7520,135.256,1980
263435328754901,0,0,7520,135.256,1980
263435378860779,0,0,7520,135.295,1980
263435428971164,0,0,7520,135.295,1980
263435480643524,0,0,7520,135.107,1980
263435530803352,0,0,7520,135.107,1980
263435580937974,0,0,7520,135.109,1980
263435631104941,0,0,7520,135.109,1980
263435681241882,0,0,7520,135.232,1980
263435732217948,0,0,7520,135.232,1980
263435782331224,0,0,7520,135.343,1980
263435832448802,0,0,7520,135.343,1980
263435882576685,0,0,7520,135.197,1980
263435932702946,0,0,7520,135.197,1980
263435983471021,0,0,7520,135.116,1980
263436033711566,0,0,7684,135.116,1980
263436084769172,0,0,9666,135.2,1980
263436134896939,0,0,10136,135.2,1980
263436185012673,0,0,10136,135.331,1980
263436235700187,0,0,10136,135.331,1980
263436285831584,0,0,10582,135.223,1980
263436335968881,0,0,10582,135.223,1980
263436386083819,0,0,10582,135.098,1980
263436436192202,0,0,10582,135.098,1980
263436486296739,0,0,10582,135.165,1980
263436536441197,0,0,10582,135.165,1980
263436586571402,0,0,10582,135.35,1980
263436636687364,0,0,10582,135.35,1980
263436686798733,9,0,10582,135.383,1980
263436736989906,9,0,10582,135.383,1980
263436787103896,9,0,10582,135.371,1980
263436837220788,9,0,10582,135.371,1980
263436887331277,15,0,10582,135.492,1980
263436973964435,15,0,10582,135.753,1980
263437288739711,0,0,10582,135.533,1980
263437594833638,1,0,10116,135.533,1980
263437909905336,0,0,10156,135.356,1980
263437960045245,0,0,10156,135.12,1980
263438010157689,0,0,10156,135.12,1980
263438060261264,0,0,10156,135.015,1980
263438110370399,0,0,10156,135.015,1980
263438160473185,0,0,10156,135.069,1980
263438210581915,0,0,10156,135.069,1980
263438260681702,0,0,10156,135.234,1980
263438310791418,0,0,10156,135.234,1980
263438360890593,0,0,10156,135.128,1980
263438410991512,0,0,10156,135.128,1980
263438461043779,0,0,10156,134.994,1980
263438511145824,0,0,10156,134.994,1980
263438561246630,0,0,10156,135.022,1980
263438611348704,0,0,10156,135.022,1980
263438661451194,0,0,10156,135.19,1980
263438711551539,0,0,10156,135.19,1980
263438761650105,0,0,10156,135.184,1980
263438811763883,0,0,10156,135.184,1980
263438861861814,0,0,10156,135.0,1980
263438911962126,0,0,10156,135.0,1980
263438962042967,0,0,10156,134.996,1980
263439012195527,0,0,10156,134.996,1980
263439062326965,0,0,10156,135.143,1980
263439112437313,0,0,10156,135.143,1980
263439162546208,0,0,10156,135.203,1980
263439212650468,0,0,10156,135.203,1980
263439262757223,0,0,10156,135.028,1980
263439312865047,0,0,10156,135.028,1980
263439362975318,0,0,10156,134.995,1980
263439413083750,0,0,10156,134.995,1980
263439463189288,0,0,10156,135.103,1980
263439513292228,0,0,10156,135.103,1980
263439563397538,0,0,10156,135.196,1980
263439613503822,0,0,10156,135.196,1980
263439663609105,0,0,10156,135.029,1980
263439713713566,0,0,10156,135.029,1980
263439763821443,0,0,10156,134.983,1980
263439813926917,0,0,10156,134.983,1980
263439864055083,0,0,10156,135.084,1980
263439914179116,0,0,10156,135.084,1980
263439968378891,0,0,10156,135.237,1980
263440018593988,0,0,10156,135.237,1980
263440083990842,0,0,10156,135.149,1980
263440149326052,0,0,10156,134.986,1980
263440202062549,0,0,10156,134.986,1980
263440252226055,0,0,10184,135.011,1980
263440302389526,0,0,10282,135.011,1980
263440352616538,0,0,10574,135.196,1980
263440402749562,0,0,10574,135.196,1980
263441082634285,0,0,10574,145.734,1980
263441410441889,1,0,10254,146.336,1980
263441737612782,0,0,10282,136.371,1980
263441787830940,0,0,10342,136.257,1980
263441838025572,0,0,10344,136.257,1980
263441888159484,0,0,10370,138.228,1980
263441938279059,0,0,10370,138.228,1980
263441988411662,0,0,10376,139.341,1980
263442038546167,0,0,10378,139.341,1980
263442088674384,12,4,10380,140.932,1980
263442138834606,12,4,10368,140.932,1980
263442188948640,12,4,10384,142.53,1980
263442239094512,12,4,10394,142.53,1980
263442289236851,9,2,10380,143.34,1980
263442339343316,9,2,10382,143.34,1980
263442389452683,9,2,10406,144.301,1980
263442439562043,9,2,10412,144.301,1980
263442489719259,9,3,10396,145.371,1980
263442539855827,9,3,10400,145.371,1980
263442589992737,9,3,10404,146.672,1980
263442943437393,0,0,10406,145.771,1980
263443291569706,0,0,10320,140.686,1980
263443341717842,0,0,18718,140.686,1980
263443391840869,0,0,18718,140.649,1980
263443442639170,0,0,18718,140.649,1980
263443492774600,3,3,18718,139.522,1980
263443542895864,3,3,18718,139.522,1980
263443593015848,3,3,18718,138.153,1980
263443643154898,3,3,18718,138.153,1980
263443693752890,0,0,18718,137.066,1980
263443744003502,0,0,18718,137.066,1980
263443794850488,0,0,18718,137.165,1980
263443844966585,0,0,18718,137.044,1980
263443896740635,0,0,18718,137.044,1980
263443947516479,0,0,18718,136.949,1980
263444000407373,0,0,18718,136.949,1980
263444050577869,0,0,18718,137.024,1980
263444100749089,0,0,19038,137.024,1980
263444150876090,0,0,19038,147.015,1980
263444200992622,0,0,19038,147.015,1980
263444251106677,18,9,19040,148.227,1980
263444301220024,18,9,19042,148.227,1980
263444351340930,18,9,19042,147.707,1980
263444401465976,18,9,19042,147.707,1980
263444451629328,2,0,19042,148.403,1980
263444501738450,2,0,19042,148.403,1980
263444866644030,0,0,19042,149.766,1980
263444916800575,0,0,18874,149.766,1980
263444967054042,0,0,18870,151.569,1980
263445017168304,0,0,18848,151.569,1980
263445067290220,11,3,18848,152.832,1980
263445117439742,11,3,18866,152.832,1980
263445167581645,11,3,18848,144.272,1980
263445217730673,11,3,18848,144.272,1980
263445267856066,10,3,18848,143.774,1980
263445318013617,10,3,18848,143.774,1980
263445368157155,10,3,18868,144.582,1980
263445418477347,10,3,18868,144.582,1980
263445468614587,10,3,18868,145.267,1980
263445518888665,10,3,18868,145.267,1980
263445569085329,10,3,18848,144.703,1980
263445619275645,10,3,18848,144.703,1980
263445669451671,10,3,18870,145.727,1980
263445719598665,10,3,18852,145.727,1980
263445769724823,10,3,18874,148.173,1980
263445819844798,10,3,18856,148.173,1980
263446183029353,0,0,18858,145.816,1980
263446233946672,0,0,18858,145.816,1980
263446285150816,0,0,18858,144.834,1980
263446336204790,0,0,18858,144.834,1980
263446386363643,0,0,18858,143.789,1980
263446436477830,0,0,18858,143.789,1980
263446486585016,0,0,18858,142.695,1980
263446536737311,0,0,18858,142.695,1980
263446586890987,0,0,18858,141.26,1980
263446637092285,0,0,18858,141.26,1980
263446687338030,0,0,18858,140.294,1980
263446737450314,0,0,18858,140.294,1980
263446787831091,0,0,18858,137.842,1980
263446837941330,0,0,18858,137.842,1980
263446888046796,0,0,18858,136.41,1980
263446938152945,0,0,18858,136.41,1980
263446988790791,0,0,18858,136.251,1980
263447038902565,0,0,18858,136.251,1980
263447089020310,0,0,18858,136.283,1980
263447139544079,0,0,18858,136.283,1980
263447189649797,0,0,18858,136.073,1980
263447582435837,0,0,18858,136.024,1980
263447632552032,0,0,18858,136.024,1980
263447713655942,0,0,18858,135.968,1980
263447783286202,0,0,18858,136.082,1980
263447927605075,0,0,18858,136.164,1980
263447978925316,0,0,18858,136.021,1980
263448030040076,0,0,18858,136.021,1980
263448080844895,0,0,18858,136.486,1980
263448131461178,0,0,18858,136.486,1980
263448192182379,0,0,18858,137.179,1980
263448407298846,2,2,18898,140.889,1980
263448458476195,0,0,18898,144.945,1980
263448510189519,0,0,18898,144.945,1980
263448560340564,0,0,18898,165.052,1980
263448610651844,0,0,18898,165.052,1980
263448661367024,75,37,18898,187.533,1980
263448711488299,75,37,18898,187.533,1980
263448762302180,75,37,18898,210.51,1980
263448812883782,75,37,18898,210.51,1980
263448863998943,75,37,18898,230.505,1980
263448915049301,75,37,18898,230.505,1980
263448965189380,75,37,18898,250.731,1980
263449015349423,75,37,18898,250.731,1980
263449065455201,92,45,18898,271.737,1980
263449115600897,92,45,18898,271.737,1980
263449166018856,92,45,18898,295.328,1980
263449216143775,92,45,18898,295.328,1980
263449266262779,98,49,18898,299.207,1980
263449316378164,98,49,18944,299.207,1980
263449367943718,98,49,23906,303.75,1980
263449418057814,98,49,25098,303.75,1980
263449468157709,25,12,25098,338.165,1980
263449518266432,25,12,25098,338.165,1980
263449568398468,25,12,25098,365.365,1980
263449618503952,25,12,25098,365.365,1980
263449668622546,99,49,25098,384.757,1980
263449718739300,99,49,26410,384.757,1980
263449768860289,99,49,34384,375.848,1980
263449818973267,99,49,36828,375.848,1980
263449869082256,38,17,36828,370.516,1980
263449919206709,38,17,40382,370.516,1980
263449969317782,38,17,42762,391.14,1980
263450019430244,38,17,42762,391.14,1980
263450069982115,92,50,42762,409.667,1980
263450120083636,92,50,42762,409.667,1980
263450170191658,92,50,42762,431.144,1980
263450220295768,92,50,42762,431.144,1980
263450270400165,97,53,42762,462.759,1980
263450320513297,97,53,42762,462.759,1980
263450370620058,97,53,42762,503.088,1980
263450420723115,97,53,42762,503.088,1980
263450470830363,97,53,42762,508.39,1980
263450520933153,97,53,42762,508.39,1980
263450571043903,97,53,42762,504.298,1980
263450621158448,97,53,42762,504.298,1980
263450671263522,96,53,42762,498.7,1980
263450721365404,96,53,42762,498.7,1980
263450771489791,96,53,42762,528.433,1980
263450822017044,96,53,42762,528.433,1980
263450872166291,84,49,42762,523.06,1980
263450922307019,84,49,42762,523.06,1980
263450972456665,84,49,42762,495.998,1980
263451023958253,84,49,42762,495.998,1980
263451074086064,63,30,42762,474.701,1980
263451125679005,63,30,42762,474.701,1980
263451175870045,63,30,42762,454.729,1980
263451227225043,63,30,42762,454.729,1980
263451278131578,75,37,42762,429.766,1980
263451328301754,75,37,42762,429.766,1980
263451379177107,75,37,42762,409.381,1980
263451429662758,75,37,42762,409.381,1980
263451480991991,90,44,42762,394.23,1980
263451531755739,90,44,42762,394.23,1980
263451581866745,90,44,42762,375.818,1980
263451632008154,90,44,42762,375.818,1980
263451682126513,100,49,42762,358.849,1980
263451732257368,100,49,42764,358.849,1980
263451782362189,100,49,43956,346.896,1980
263451832469915,100,49,43956,346.896,1980
263451882577791,75,38,43956,384.394,1980
263451932678821,75,38,43956,384.394,1980
263451982808927,75,38,43956,416.785,1980
263452032920458,75,38,48746,416.785,1980
263452083246750,98,50,48746,434.913,1980
263452133357612,98,50,54652,434.913,1980
263452183457317,98,50,54652,456.522,1980
263452233567102,98,50,54652,456.522,1980
263452283670420,95,52,54652,477.688,1980
263452333864290,95,52,54652,477.688,1980
263452383968496,95,52,54652,499.208,1980
263452434075691,95,52,54652,499.208,1980
263452484178530,97,53,54652,522.445,1980
263452534280416,97,53,54652,522.445,1980
263452584396619,97,53,54652,540.953,1980
263452634501413,97,53,54652,540.953,1980
263452684605280,96,53,54652,559.152,1980
263452734709126,96,53,54652,559.152,1980
263452784811230,96,53,54652,571.85,1980
263452834926990,96,53,54652,571.85,1980
263452885031391,96,54,54652,565.931,1980
263452935133892,96,54,54652,565.931,1980
263452985240084,96,54,54652,562.702,1980
263453036678263,96,54,54652,562.702,1980
263453087598691,95,60,54652,539.016,1980
263453137769675,95,60,54652,539.016,1980
263453188452135,95,60,54652,515.178,1980
263453239391480,95,60,54652,515.178,1980
263453290860387,74,36,54652,492.445,1980
263453341504643,74,36,54652,492.445,1980
263453391671385,74,36,54652,471.9,1980
263453442932158,74,36,54652,471.9,1980
263453493801161,82,40,54652,451.829,1980
263453543987260,82,40,54652,451.829,1980
263453594109774,82,40,54652,436.472,1980
263453644296072,82,40,54652,436.472,1980
263453694555352,96,48,54652,415.306,1980
263453744940585,96,48,54652,415.306,1980
263453795078724,96,48,54652,393.767,1980
263453845185539,96,48,54654,393.767,1980
263453895296559,100,50,54654,382.507,1980
263453945405100,100,50,54654,382.507,1980
263453995509092,100,50,54654,387.784,1980
263454045612748,100,50,54654,387.784,1980
263454095718673,98,48,54654,414.84,1980
263454145826645,98,48,54654,414.84,1980
263454195936897,98,48,54654,438.155,1980
263454246047097,98,48,54654,438.155,1980
263454296153418,79,42,54654,460.319,1980
263454346261919,79,42,54654,460.319,1980
263454396365688,79,42,54654,478.172,1980
263454446475230,79,42,54654,478.172,1980
263454496576980,96,53,54654,494.016,1980
263454546683025,96,53,54654,494.016,1980
263454596786131,96,53,54654,513.537,1980
263454646902479,96,53,54654,513.537,1980
263454697008932,97,52,54654,533.056,1980
263454747129794,97,52,54654,533.056,1980
263454797260558,97,52,54654,556.178,1980
263454847375616,97,52,54654,556.178,1980
263454897483055,99,55,54654,576.011,1980
263454947587253,99,55,54654,576.011,1980
263454997695773,99,55,54654,568.231,1980
263455048831501,99,55,54654,568.231,1980
263455100362831,96,53,54654,551.705,1980
263455150568216,96,53,54654,524.511,1980
263455200708462,96,53,54654,524.511,1980
263455250929948,68,32,54654,503.34,1980
263455302344791,68,32,54654,503.34,1980
263455352479110,68,32,54654,483.284,1980
263455404062390,68,32,54654,483.284,1980
263455454203333,73,37,54654,461.731,1980
263455504363378,73,37,54654,461.731,1980
263455554505546,73,37,54654,441.932,1980
263455604620766,73,37,54654,441.932,1980
263455655534836,79,39,54654,421.407,1980
263455705646067,79,39,54654,421.407,1980
263455756473794,79,39,54654,399.955,1980
263455807076188,79,39,54654,399.955,1980
263455857231920,96,45,54654,386.146,1980
263455907402262,96,45,54654,386.146,1980
263455957529975,96,45,54654,360.799,1980
263456007644733,96,45,54654,360.799,1980
263456057760769,58,29,54654,375.411,1980
263456107867379,58,29,54654,375.411,1980
263456157973524,58,29,54654,409.945,1980
263456208085330,58,29,54654,409.945,1980
263456258198228,98,52,54654,434.29,1980
263456308326165,98,52,54654,434.29,1980
263456358436655,98,52,54654,457.559,1980
263456408557265,98,52,57034,457.559,1980
263456458666973,98,54,57034,483.351,1980
263456508789588,98,54,57034,483.351,1980
263456558901096,98,54,57034,501.926,1980
263456609006610,98,54,57034,501.926,1980
263456659109523,96,55,57034,522.711,1980
263456709215374,96,55,57034,522.711,1980
263456759330156,96,55,57034,540.803,1980
263456809441102,96,55,57034,540.803,1980
263456859543515,96,56,57034,561.17,1980
263456909649883,96,56,57034,561.17,1980
263456959754385,96,56,57034,590.797,1980
263457009874442,96,56,57034,590.797,1980
263457059981403,96,55,57034,582.475,1980
263457110083398,96,55,57034,582.475,1980
263457160186653,96,55,57034,578.608,1980
263457210299560,96,55,57034,578.608,1980
263457260406740,97,54,57034,577.507,1980
263457310513784,97,54,57034,577.507,1980
263457361143172,97,54,57036,555.556,1980
263457412380325,97,54,57036,555.556,1980
263457462553342,46,36,57036,530.081,1980
263457512739982,46,36,57036,530.081,1980
263457563653865,46,36,57036,510.451,1980
263457613816800,46,36,57036,510.451,1980
263457664960058,74,37,57036,490.21,1980
263457715980810,74,37,57036,490.21,1980
263457766093072,74,37,57036,465.033,1980
263457817271665,74,37,57036,465.033,1980
263457867474627,83,41,57036,442.914,1980
263457917625566,83,41,57036,442.914,1980
263457967819637,83,41,57036,422.41,1980
263458017959966,83,41,57036,422.41,1980
263458068086135,96,47,57036,402.213,1980
263458118239885,96,47,57036,402.213,1980
263458168363033,96,47,57036,377.459,1980
263458218472830,96,47,57036,377.459,1980
263458268593706,72,36,57036,370.393,1980
263458318696417,72,36,57036,370.393,1980
263458368803173,72,36,57036,398.017,1980
263458418914811,72,36,57036,398.017,1980
263458469037469,98,50,57036,426.172,1980
263458519148150,98,50,57036,426.172,1980
263458569254327,98,50,57036,449.165,1980
263458619358611,98,50,57036,449.165,1980
263458669461009,88,47,57036,469.602,1980
263458719585782,88,47,57036,469.602,1980
263458769693379,88,47,57036,490.075,1980
263458819796985,88,47,57036,490.075,1980
263458869899496,96,54,57036,513.308,1980
263458919998318,96,54,57036,513.308,1980
263458970128811,96,54,57036,536.744,1980
263459020230771,96,54,57036,536.744,1980
263459070330238,96,55,57036,555.161,1980
263459120447129,96,55,57036,555.161,1980
263459170550562,96,55,57036,573.524,1980
263459220657342,96,55,57036,573.524,1980
263459270758701,96,54,57036,585.866,1980
263459320876337,96,54,57036,585.866,1980
263459370983564,96,54,57036,581.673,1980
263459421088500,96,54,57036,581.673,1980
263459471886664,97,52,57036,579.058,1980
263459521994724,97,52,57036,579.058,1980
263459572145624,97,52,57036,552.007,1980
263459623584431,97,52,57036,552.007,1980
263459673695396,42,28,57036,529.522,1980
263459725616839,42,28,57036,529.522,1980
263459775729489,42,28,57036,504.56,1980
263459826105635,42,28,57036,504.56,1980
263459876267953,75,37,57036,484.213,1980
263459926873985,75,37,57036,484.213,1980
263459978140148,75,37,57036,460.6,1980
263460028992843,75,37,57036,460.6,1980
263460079756495,88,43,57036,434.222,1980
263460130481843,88,43,57036,434.222,1980
263460180768968,88,43,57036,419.94,1980
263460230920559,88,43,57036,419.94,1980
263460281486755,100,50,57036,399.694,1980
263460331600323,100,50,57036,399.694,1980
263460381718205,100,50,57036,369.609,1980
263460431821165,100,50,57036,369.609,1980
263460481941953,75,37,57036,373.831,1980
263460532066735,75,37,57036,373.831,1980
263460582174503,75,37,57036,402.425,1980
263460633046290,75,37,57036,402.425,1980
263460683154526,90,46,57036,430.5,1980
263460733258259,90,46,57036,430.5,1980
263460783362831,90,46,57036,456.053,1980
263460833466374,90,46,57036,456.053,1980
263460883575716,98,53,57036,477.909,1980
263460933676908,98,53,57036,477.909,1980
263460983778151,98,53,57036,501.872,1980
263461033879437,98,53,57036,501.872,1980
263461083987948,96,54,57036,522.264,1980
263461134096248,96,54,57036,522.264,1980
263461184203298,96,54,57036,539.757,1980
263461234303569,96,54,57036,539.757,1980
263461284408208,98,56,57036,564.501,1980
263461334511294,98,56,57036,564.501,1980
263461384611229,98,56,57036,596.198,1980
263461434711845,98,56,57036,596.198,1980
263461484818682,96,55,57036,592.241,1980
263461534925904,96,55,57036,592.241,1980
263461585039020,96,55,57036,586.384,1980
263461635175532,96,55,57036,586.384,1980
263461685283064,96,62,57036,584.067,1980
263461735431520,96,62,57036,584.067,1980
263461785593472,96,62,57036,552.271,1980
263461837042124,96,62,57036,552.271,1980
263461887592215,42,24,57036,529.734,1980
263461938818346,42,24,57036,529.734,1980
263461990086003,42,24,57036,506.996,1980
263462040204008,42,24,57036,506.996,1980
263462090323709,81,40,57036,486.854,1980
263462140528146,81,40,57036,486.854,1980
263462191396161,81,40,57036,465.673,1980
263462241519470,81,40,57036,465.673,1980
263462291660804,99,49,57036,440.115,1980
263462341825640,99,49,57036,440.115,1980
263462391938760,99,49,57036,416.264,1980
263462442514967,99,49,57036,416.264,1980
263462492647918,100,50,57036,393.923,1980
263462542762220,100,50,57036,393.923,1980
263462592869053,100,50,57036,385.372,1980
263462642979505,100,50,57036,385.372,1980
263462693083095,98,53,57036,390.242,1980
263462743195357,98,53,57036,390.242,1980
263462793300147,98,53,57036,420.837,1980
263462843417065,98,53,57036,420.837,1980
263462893521802,78,44,57036,439.185,1980
263462943628061,78,44,57036,439.185,1980
263462993732434,78,44,57036,465.042,1980
263463043838575,78,44,57036,465.042,1980
263463093939373,96,56,57036,493.957,1980
263463144058434,96,56,57036,493.957,1980
263463194163411,96,56,57036,509.009,1980
263463244265595,96,56,57036,509.009,1980
263463294372605,96,56,57036,522.751,1980
263463344473650,96,56,57036,522.751,1980
263463394575962,96,56,57036,539.956,1980
263463444676579,96,56,57036,539.956,1980
263463494778015,97,56,57036,557.92,1980
263463544881265,97,56,57036,557.92,1980
263463594983655,97,56,57036,575.548,1980
263463645087857,97,56,57036,575.548,1980
263463695193461,96,56,57036,574.66,1980
263463745297646,96,56,57036,574.66,1980
263463796747197,96,56,57036,561.478,1980
263463847449572,96,56,57036,561.478,1980
263463897834393,69,50,57036,537.58,1980
263463947972369,69,50,57036,537.58,1980
263463999346815,69,50,57036,515.106,1980
263464050308660,69,50,57036,515.106,1980
263464101792935,75,37,57036,485.917,1980
263464151903172,75,37,57036,485.917,1980
263464202558233,75,37,57036,465.153,1980
263464252706785,75,37,57036,465.153,1980
263464303598893,87,43,57036,450.934,1980
263464353729756,87,43,57036,450.934,1980
263464404011919,87,43,57036,431.246,1980
263464454124633,87,43,57036,431.246,1980
263464504234616,100,49,57036,411.74,1980
263464556451967,100,49,57036,394.626,1980
263464606561510,100,49,57036,394.626,1980
263464656670502,83,42,57036,380.549,1980
263464706786503,83,42,57036,380.549,1980
263464756909670,83,42,57036,392.03,1980
263464807051995,83,42,57036,392.03,1980
263464857324623,98,49,57036,422.302,1980
263464907445622,98,49,57036,422.302,1980
263464957556844,98,49,57036,447.321,1980
263465007665781,98,49,57036,447.321,1980
263465057801049,96,52,57036,469.222,1980
263465107915587,96,52,57036,469.222,1980
263465158055337,96,52,57036,485.068,1980
263465208171180,96,52,57036,485.068,1980
263465258285064,97,52,57036,504.254,1980
263465308383970,97,52,57036,504.254,1980
263465358496838,97,52,57036,522.471,1980
263465408602381,97,52,57036,522.471,1980
263465458708556,98,55,57036,540.978,1980
263465508818095,98,55,57036,540.978,1980
263465558920553,98,55,57036,563.603,1980
263465609025917,98,55,57036,563.603,1980
263465659127124,96,54,57036,571.464,1980
263465709230407,96,54,57036,571.464,1980
263465759355925,96,54,57036,563.576,1980
263465809458337,96,54,57036,563.576,1980
263465859565463,86,58,57036,555.048,1980
263465909780470,86,58,57036,555.048,1980
263465959912572,86,58,57036,523.243,1980
263466010027039,86,58,57036,523.243,1980
263466060142220,73,36,57036,503.346,1980
263466111814611,73,36,57036,503.346,1980
263466163093980,73,36,57036,484.831,1980
263466213822894,73,36,57036,484.831,1980
263466264009762,78,38,57036,465.76,1980
263466314473018,78,38,57036,465.76,1980
263466365286301,78,38,57036,447.125,1980
263466416459407,78,38,57036,447.125,1980
263466466618923,94,45,57036,430.925,1980
263466516750591,94,45,57036,430.925,1980
263466567377236,94,45,57036,410.643,1980
263466618124556,94,45,57036,410.643,1980
263466668571491,100,49,57036,391.454,1980
263466718696575,100,49,57036,391.454,1980
263466768818444,100,49,57036,380.008,1980
263466818936529,100,49,57036,380.008,1980
263466869051949,99,51,57036,385.823,1980
263466919160117,99,51,57036,385.823,1980
263466969262452,99,51,57036,419.521,1980
263467019369740,99,51,57036,419.521,1980
263467069492040,91,47,57036,441.841,1980
263467119596104,91,47,57036,441.841,1980
263467169698084,91,47,57036,467.177,1980
263467219800986,91,47,57036,467.177,1980
263467269906167,98,55,57036,489.625,1980
263467320021642,98,55,57036,489.625,1980
263467370135709,98,55,57036,509.242,1980
263467420251405,98,55,57036,509.242,1980
263467470354804,96,55,57036,530.327,1980
263467520462502,96,55,57036,530.327,1980
263467570567029,96,55,57036,550.875,1980
263467620674837,96,55,57036,550.875,1980
263467670778197,98,56,57036,571.935,1980
263467720895312,98,56,57036,571.935,1980
263467771003481,98,56,57036,596.101,1980
263467821110440,98,56,57036,596.101,1980
263467871214207,96,55,57036,591.682,1980
263467921325669,96,55,57036,591.682,1980
263467971435206,96,55,57036,587.602,1980
263468021545358,96,55,57036,587.602,1980
263468071665984,96,60,57036,589.493,1980
263468121797311,96,60,57036,589.493,1980
263468172865956,96,60,57036,560.131,1980
263468222977138,96,60,57036,560.131,1980
263468273636063,72,35,57036,533.713,1980
263468323859380,72,35,57036,533.713,1980
263468375403381,72,35,57036,511.202,1980
263468426877856,72,35,57036,511.202,1980
263468477041438,76,38,57036,488.733,1980
263468527750456,76,38,57036,488.733,1980
263468578247717,76,38,57036,468.914,1980
263468629334703,76,38,57036,468.914,1980
263468679926938,88,43,57036,445.766,1980
263468730143358,88,43,57036,445.766,1980
263468780412902,88,43,57036,423.544,1980
263468830588130,88,43,57036,423.544,1980
263468880735538,99,48,57036,401.103,1980
263468930837774,99,48,57036,401.103,1980
263468980941602,99,48,57036,374.812,1980
263469031042360,99,48,57036,374.812,1980
263469081176478,98,52,57036,379.122,1980
263469131323256,98,52,57036,379.122,1980
263469181437793,98,52,57036,414.494,1980
263469231543178,98,52,57036,414.494,1980
263469281658552,90,47,57036,437.249,1980
263469331772688,90,47,57036,437.249,1980
263469381884171,90,47,57036,461.618,1980
263469432010610,90,47,57036,461.618,1980
263469482116800,96,54,57036,485.351,1980
263469532226183,96,54,57036,485.351,1980
263469582331444,96,54,57036,505.756,1980
263469632445221,96,54,57036,505.756,1980
263469682556695,96,53,57036,526.475,1980
263469732660311,96,53,57036,526.475,1980
263469782765416,96,53,57036,543.793,1980
263469832873262,96,53,57036,543.793,1980
263469882977303,99,56,57036,566.238,1980
263469933085099,99,56,57036,566.238,1980
263469983186777,99,56,57036,592.854,1980
263470033294314,99,56,57036,592.854,1980
263470083398518,96,55,57036,593.402,1980
263470133518561,96,55,57036,593.402,1980
263470183625917,96,55,57036,575.845,1980
263470233733278,96,55,57036,575.845,1980
263470283841856,95,60,57036,575.012,1980
263470334105013,95,60,57036,575.012,1980
263470384271574,95,60,57036,548.631,1980
263470434452342,95,60,57036,548.631,1980
263470484575672,73,36,57036,518.285,1980
263470535839486,73,36,57036,518.285,1980
263470585947427,73,36,57036,496.755,1980
263470636198316,73,36,57036,496.755,1980
263470686351921,77,38,57036,472.72,1980
263470736533995,77,38,57036,472.72,1980
263470787024329,77,38,57036,453.36,1980
263470837692431,77,38,57036,453.36,1980
263470887865899,89,43,57036,430.856,1980
263470938104827,89,43,57036,430.856,1980
263470989008381,89,43,57036,408.539,1980
263471039644498,89,43,57036,408.539,1980
263471089949610,100,49,57036,392.371,1980
263471140073551,100,49,57036,392.371,1980
263471190179955,100,49,57036,371.59,1980
263471240290650,100,49,57036,371.59,1980
263471290398558,99,54,57036,383.143,1980
263471340501227,99,54,57036,383.143,1980
263471390620220,99,54,57036,418.192,1980
263471440722021,99,54,57036,418.192,1980
263471490828659,98,53,57036,443.799,1980
263471540934541,98,53,57036,443.799,1980
263471591049805,98,53,57036,467.105,1980
263471641155795,98,53,57036,467.105,1980
263471691256203,96,55,57036,489.715,1980
263471741361558,96,55,57036,489.715,1980
263471791468031,96,55,57036,512.818,1980
263471841571709,96,55,57036,512.818,1980
263471891680301,96,58,57036,532.914,1980
263471941784064,96,58,57036,532.914,1980
263471991889571,96,58,57036,552.457,1980
263472041994774,96,58,57036,552.457,1980
263472092102698,96,57,57036,575.001,1980
263472142205816,96,57,57036,575.001,1980
263472192310959,96,57,57036,601.402,1980
263472242413099,96,57,57036,601.402,1980
263472292513496,96,58,57036,593.762,1980
263472342617618,96,58,57036,593.762,1980
263472392719143,96,58,57036,589.402,1980
263472442828599,96,58,57036,589.402,1980
263472492927952,96,56,57036,589.383,1980
263472545160865,96,56,57036,589.383,1980
263472596604383,96,56,57036,578.564,1980
263472647271596,96,56,57036,578.564,1980
263472697398929,52,25,57036,549.543,1980
263472747546898,52,25,57036,549.543,1980
263472798826013,52,25,57036,525.676,1980
263472849645384,52,25,57036,525.676,1980
263472900658926,73,36,57036,502.637,1980
263472951456412,73,36,57036,502.637,1980
263473001603321,73,36,57036,481.896,1980
263473051748197,73,36,57036,481.896,1980
263473101906340,86,42,57036,457.476,1980
263473152355563,86,42,57036,457.476,1980
263473202487314,86,42,57036,435.946,1980
263473252596953,86,42,57036,435.946,1980
263473302864059,97,48,57036,414.89,1980
263473353449770,97,48,57036,414.89,1980
263473403569868,97,48,57036,391.48,1980
263473453677034,97,48,57036,391.48,1980
263473503791057,75,38,57036,377.698,1980
263473553903810,75,38,57036,377.698,1980
263473604028000,75,38,57036,394.823,1980
263473654144666,75,38,57036,394.823,1980
263473704252708,98,50,57036,428.073,1980
263473754362704,98,50,57036,428.073,1980
263473804467475,98,50,57036,449.766,1980
263473854569623,98,50,57036,449.766,1980
263473904671093,96,52,57036,471.805,1980
263473954823567,96,52,57036,471.805,1980
263474004956460,96,52,57036,493.43,1980
263474055072093,96,52,57036,493.43,1980
263474105181538,96,55,57036,516.545,1980
263474155289423,96,55,57036,516.545,1980
263474205393608,96,55,57036,537.969,1980
263474255494869,96,55,57036,537.969,1980
263474305607721,96,54,57036,559.261,1980
263474355719565,96,54,57036,559.261,1980
263474405821414,96,54,57036,585.277,1980
263474455925325,96,54,57036,585.277,1980
263474506032700,96,54,57036,598.632,1980
263474556132527,96,54,57036,598.632,1980
263474606237137,96,54,57036,591.469,1980
263474656338809,96,54,57036,591.469,1980
263474715557889,97,55,57036,587.719,1980
263474765723868,97,55,57036,559.468,1980
263474815922383,97,55,57036,559.468,1980
263474866035891,73,35,57036,534.821,1980
263474916399263,73,35,57036,534.821,1980
263474966517951,73,35,57036,511.001,1980
263475017920317,73,35,57036,511.001,1980
263475068123537,81,40,57036,487.678,1980
263475119168304,81,40,57036,487.678,1980
263475169561748,81,40,57036,465.499,1980
263475219707925,81,40,57036,465.499,1980
263475269830340,96,47,57036,445.973,1980
263475320288929,96,47,57036,445.973,1980
263475370467021,96,47,57036,425.057,1980
263475420603185,96,47,57036,425.057,1980
263475470724079,100,50,57036,397.921,1980
263475520879322,100,50,57036,397.921,1980
263475570987642,100,50,57036,389.391,1980
263475621091327,100,50,57036,389.391,1980
263475671198757,98,48,57036,391.727,1980
263475721307905,98,48,57036,391.727,1980
263475771411797,98,48,57036,419.124,1980
263475821517877,98,48,57036,419.124,1980
263475871619120,90,47,57036,442.4,1980
263475921747437,90,47,57036,442.4,1980
263475971853264,90,47,57036,466.415,1980
263476021952282,90,47,57036,466.415,1980
263476072051572,96,53,57036,492.087,1980
263476122151251,96,53,57036,492.087,1980
263476172251844,96,53,57036,508.503,1980
263476222356000,96,53,57036,508.503,1980
263476272455478,96,55,57036,534.261,1980
263476322555220,96,55,57036,534.261,1980
263476372659357,96,55,57036,554.462,1980
263476422758628,96,55,57036,554.462,1980
263476472858160,96,53,57036,578.616,1980
263476522961711,96,53,57036,578.616,1980
263476573064084,96,53,57036,591.666,1980
263476623164217,96,53,57036,591.666,1980
263476673266280,96,53,57036,582.92,1980
263476723364437,96,53,57036,582.92,1980
263476773820653,96,53,57036,567.54,1980
263476823954002,96,53,57036,567.54,1980
263476874058641,48,23,57036,540.072,1980
263476924189471,48,23,57036,540.072,1980
263476975535804,48,23,57036,518.623,1980
263477026938289,48,23,57036,518.623,1980
263477078307989,75,37,57036,492.333,1980
263477128449332,75,37,57036,492.333,1980
263477178604522,75,37,57036,475.695,1980
263477229586694,75,37,57036,475.695,1980
263477280383916,85,42,57036,449.351,1980
263477331188604,85,42,57036,449.351,1980
263477381792011,85,42,57036,423.778,1980
263477431955736,85,42,57036,423.778,1980
263477482084515,100,49,57036,398.668,1980
263477532248736,100,49,57036,398.668,1980
263477582369755,100,49,57036,382.264,1980
263477632481587,100,49,57036,382.264,1980
263477682610319,77,39,57036,383.059,1980
263477732733273,77,39,57036,383.059,1980
263477782841569,77,39,57036,390.536,1980
263477832952048,77,39,57036,390.536,1980
263477883077466,98,49,57036,427.645,1980
263477933183912,98,49,57036,427.645,1980
263477983296807,98,49,57036,451.303,1980
263478033405799,98,49,57036,451.303,1980
263478083508867,96,52,57036,478.219,1980
263478133611181,96,52,57036,478.219,1980
263478183714406,96,52,57036,498.577,1980
263478233820636,96,52,57036,498.577,1980
263478283923271,97,52,57036,520.461,1980
263478334031825,97,52,57036,520.461,1980
263478384135742,97,52,57036,536.784,1980
263478434241534,97,52,57036,536.784,1980
263478484344493,98,54,57036,558.381,1980
263478534444849,98,54,57036,558.381,1980
263478584800250,98,54,57036,585.552,1980
263478634907760,98,54,57036,585.552,1980
263478685011638,96,54,57036,589.271,1980
263478735110741,96,54,57036,589.271,1980
263478785211640,96,54,57036,583.603,1980
263478835329654,96,54,57036,583.603,1980
263478890718778,95,63,57036,573.427,1980
263478942013221,95,63,57036,573.427,1980
263478992346165,95,63,57036,542.898,1980
263479043845205,95,63,57036,542.898,1980
263479096179095,74,36,57036,518.633,1980
263479146349291,74,36,57036,518.633,1980
263479196482243,74,36,57036,491.792,1980
263479246617145,74,36,57036,491.792,1980
263479297928776,81,39,57036,474.188,1980
263479348079229,81,39,57036,474.188,1980
263479398380596,81,39,57036,455.399,1980
263479448581358,81,39,57036,455.399,1980
263479498691491,100,49,57036,431.172,1980
263479548817219,100,49,57036,431.172,1980
263479599376425,100,49,57036,412.726,1980
263479663762633,100,49,57036,382.166,1980
263479713887507,94,47,57036,382.166,1980
263479763995554,94,47,57036,377.994,1980
263479814105677,94,47,57036,377.994,1980
263479864219374,98,49,57036,386.637,1980
263479914327257,98,49,57036,386.637,1980
263479964436935,98,49,57036,424.992,1980
263480014541232,98,49,57036,424.992,1980
263480066446683,98,49,57036,446.294,1980
263480116550728,90,48,57036,446.294,1980
263480166652453,90,48,57036,467.543,1980
263480216767841,90,48,57036,467.543,1980
263480266877804,96,53,57036,489.847,1980
263480316995272,96,53,57036,489.847,1980
263480367099843,96,53,57036,507.956,1980
263480417210692,96,53,57036,507.956,1980
263480467315796,97,53,57036,527.93,1980
263480517420918,97,53,57036,527.93,1980
263480567530311,97,53,57036,549.746,1980
263480617643010,97,53,57036,549.746,1980
263480667741998,99,54,57036,574.552,1980
263480717843690,99,54,57036,574.552,1980
263480767950197,99,54,57036,588.895,1980
263480818054577,99,54,57036,588.895,1980
263480868157549,96,53,57036,583.225,1980
263480918260580,96,53,57036,583.225,1980
263480968679269,96,53,57036,561.97,1980
263481018814794,96,53,57036,561.97,1980
263481068985050,60,29,57036,541.378,1980
263481120530658,60,29,57036,541.378,1980
263481170635622,60,29,57036,520.552,1980
263481221268749,60,29,57036,520.552,1980
263481272236118,75,37,57036,504.038,1980
263481322773038,75,37,57036,504.038,1980
263481372980566,75,37,57036,481.628,1980
263481423110294,75,37,57036,481.628,1980
263481473238598,82,40,57036,460.923,1980
263481523367807,82,40,57036,460.923,1980
263481573484962,82,40,57036,436.31,1980
263481624331183,82,40,57036,436.31,1980
263481674450248,96,45,57036,413.701,1980
263481724559767,96,45,57036,413.701,1980
263481775257206,96,45,57036,396.358,1980
263481825397956,96,45,57036,396.358,1980
263481875505184,71,35,57036,381.832,1980
263481925616169,71,35,57036,381.832,1980
263481977187488,71,35,57036,394.395,1980
263482027297177,71,35,57036,394.395,1980
263482078379651,98,49,57036,425.403,1980
263482128504657,98,49,57036,425.403,1980
263482178616053,98,49,57036,446.134,1980
263482228726062,98,49,57036,446.134,1980
263482278833338,95,51,57036,465.443,1980
263482328939294,95,51,57036,465.443,1980
263482379045666,95,51,57036,487.576,1980
263482429148144,95,51,57036,487.576,1980
263482479251558,96,53,57036,509.245,1980
263482529359033,96,53,57036,509.245,1980
263482579458263,96,53,57036,532.608,1980
263482629562561,96,53,57036,532.608,1980
263482679663812,96,53,57036,549.769,1980
263482729768431,96,53,57036,549.769,1980
263482779869821,96,53,57036,566.843,1980
263482829972712,96,53,57036,566.843,1980
263482880073429,99,55,57036,580.861,1980
263482930185071,99,55,57036,580.861,1980
263482980286550,99,55,57036,575.19,1980
263483030392188,99,55,57036,575.19,1980
263483080492302,96,53,57036,569.487,1980
263483130594523,96,53,57036,569.487,1980
263483181567239,96,53,57036,559.691,1980
263483232643190,96,53,57036,559.691,1980
263483283427694,2,2,57036,518.617,1980
263483334334259,2,2,57036,518.617,1980
263483386615497,2,2,57036,479.01,1980
263483436770716,2,2,57036,479.01,1980
263483488147781,72,34,57036,452.958,1980
263483539424708,72,34,57036,452.958,1980
263483589571261,72,34,57036,433.824,1980
263483639699135,72,34,57036,433.824,1980
263483689859282,82,40,57036,408.296,1980
263483740242366,82,40,57036,408.296,1980
263483790349233,82,40,57036,390.21,1980
263483840535669,82,40,57036,390.21,1980
263483890649069,97,47,57036,373.069,1980
263483941124245,97,47,57036,373.069,1980
263483991291345,97,47,57036,352.956,1980
263484041405379,97,47,57036,352.956,1980
263484091596021,100,50,57036,335.906,1980
263484141718639,100,50,57036,335.906,1980
263484191826896,100,50,57036,322.749,1980
263484241935147,100,50,57036,322.749,1980
263484292050090,98,51,57036,377.248,1980
263484342181607,98,51,57036,377.248,1980
263484392307249,98,51,57036,424.578,1980
263484442473856,98,51,57036,424.578,1980
263484492583244,91,46,57036,444.654,1980
263484542686973,91,46,57036,444.654,1980
263484592786921,91,46,57036,470.425,1980
263484642890119,91,46,57036,470.425,1980
263484692993713,98,55,57036,489.366,1980
263484743100670,98,55,57036,489.366,1980
263484793249193,98,55,57036,513.257,1980
263484843354976,98,55,57036,513.257,1980
263484893466819,96,54,57036,533.027,1980
263484943568040,96,54,57036,533.027,1980
263484993669534,96,54,57036,550.723,1980
263485043772784,96,54,57036,550.723,1980
263485093875608,97,52,57036,575.509,1980
263485143984388,97,52,57036,575.509,1980
263485194095351,97,52,57036,593.426,1980
263485244196456,97,52,57036,593.426,1980
263485294297424,99,55,57036,588.356,1980
263485344406735,99,55,57036,588.356,1980
263485394507226,99,55,57036,580.566,1980
263485451305355,99,55,57036,580.566,1980
263485502442837,56,43,57036,560.827,1980
263485552961524,56,43,57036,560.827,1980
263485603053263,56,43,57036,536.131,1980
263485653206683,56,43,57036,536.131,1980
263485704068700,73,36,57036,512.796,1980
263485755189999,73,36,57036,512.796,1980
263485805334025,73,36,57036,493.557,1980
263485855720966,73,36,57036,493.557,1980
263485905830728,81,40,57036,472.732,1980
263485956914768,81,40,57036,472.732,1980
263486007414343,81,40,57036,448.193,1980
263486058131653,81,40,57036,448.193,1980
263486108364299,98,48,57036,427.6,1980
263486158487595,98,48,57036,427.6,1980
263486208640810,98,48,57036,408.254,1980
263486258781437,98,48,57036,408.254,1980
263486308888272,77,38,57036,376.572,1980
263486358998975,77,38,57036,376.572,1980
263486409106443,77,38,57036,382.514,1980
263486459222127,77,38,57036,382.514,1980
263486509335744,98,51,57036,403.324,1980
263486559436733,98,51,57036,403.324,1980
263486609538841,98,51,57036,434.416,1980
263486659642012,98,51,57036,434.416,1980
263486709757630,90,48,57036,457.263,1980
263486759864859,90,48,57036,457.263,1980
263486809962651,90,48,57036,476.781,1980
263486860044806,90,48,57036,476.781,1980
263486910148257,97,53,57036,494.554,1980
263486960255718,97,53,57036,494.554,1980
263487010361236,97,53,57036,516.441,1980
263487060464677,97,53,57036,516.441,1980
263487110633766,98,55,57036,539.892,1980
263487160762615,98,55,57036,539.892,1980
263487210899442,98,55,57036,561.157,1980
263487261024253,98,55,57036,561.157,1980
263487311130375,96,54,57036,585.191,1980
263487361234859,96,54,57036,585.191,1980
263487411342846,96,54,57036,586.361,1980
263487461484387,96,54,57036,586.361,1980
263487511606451,99,56,57036,581.366,1980
263487561723213,99,56,57036,581.366,1980
263487611833856,99,56,57036,579.312,1980
263487661959993,99,56,57036,579.312,1980
263487713317617,59,44,57036,559.036,1980
263487763791749,59,44,57036,559.036,1980
263487815137533,59,44,57036,536.646,1980
263487865408843,59,44,57036,536.646,1980
263487916758268,75,37,57036,514.43,1980
263487967695322,75,37,57036,514.43,1980
263488017869750,75,37,57036,493.243,1980
263488068047810,75,37,57036,493.243,1980
263488118244194,95,47,57036,469.965,1980
263488168385966,95,47,57036,448.886,1980
263488219051731,95,47,57036,448.886,1980
263488269183379,100,50,57036,429.759,1980
263488319307252,100,50,57036,429.759,1980
263488369413871,100,50,57036,406.515,1980
263488419528867,100,50,57036,406.515,1980
263488469642389,74,36,57036,393.87,1980
263488519752735,74,36,57036,393.87,1980
263488569878640,74,36,57036,397.509,1980
263488619977264,74,36,57036,397.509,1980
263488670041772,99,48,57036,415.712,1980
263488720142585,99,48,57036,415.712,1980
263488770259268,99,48,57036,444.888,1980
263488820358011,99,48,57036,444.888,1980
263488870494889,97,49,57036,465.136,1980
263488920608283,97,49,57036,465.136,1980
263488970716706,97,49,57036,483.692,1980
263489020826087,97,49,57036,483.692,1980
263489070931826,99,54,57036,502.018,1980
263489121043029,99,54,57036,502.018,1980
263489171147380,99,54,57036,517.505,1980
263489221292772,99,54,57036,517.505,1980
263489271416520,96,53,57036,537.89,1980
263489322125011,96,53,57036,537.89,1980
263489372238116,96,53,57036,559.485,1980
263489422338760,96,53,57036,559.485,1980
263489472450635,96,55,57036,576.43,1980
263489522559414,96,55,57036,576.43,1980
263489572677158,96,55,57036,571.668,1980
263489622778587,96,55,57036,571.668,1980
263489672887478,96,53,57036,570.466,1980
263489725444637,96,53,57036,570.466,1980
263489778514930,96,53,57036,550.529,1980
263489829011407,96,53,57036,550.529,1980
263489879142388,63,30,57036,529.134,1980
263489930611684,63,30,57036,529.134,1980
263489980753006,63,30,57036,503.577,1980
263490030887695,63,30,57036,503.577,1980
263490081005223,80,39,57036,484.146,1980
263490131412332,80,39,57036,484.146,1980
263490181528510,80,39,57036,468.583,1980
263490232363316,80,39,57036,468.583,1980
263490283481796,93,46,57036,450.221,1980
263490333960910,93,46,57036,450.221,1980
263490384082288,93,46,57036,430.365,1980
263490434730755,93,46,57036,430.365,1980
263490485367605,100,50,57036,410.129,1980
263490535504526,100,50,57036,410.129,1980
263490585612233,100,50,57036,385.202,1980
263490635721007,100,50,57036,385.202,1980
263490685833866,98,50,57036,391.784,1980
263490735939406,98,50,57036,391.784,1980
263490786048578,98,50,57036,404.175,1980
263490836164381,98,50,57036,404.175,1980
263490886271389,91,46,57036,436.642,1980
263490936384084,91,46,57036,436.642,1980
263490986487478,91,46,57036,458.65,1980
263491036592077,91,46,57036,458.65,1980
263491086692864,96,55,57036,482.134,1980
263491136795933,96,55,57036,482.134,1980
263491186896760,96,55,57036,504.094,1980
263491237017386,96,55,57036,504.094,1980
263491287119549,96,54,57036,526.318,1980
263491337231118,96,54,57036,526.318,1980
263491387332847,96,54,57036,546.145,1980
263491437436496,96,54,57036,546.145,1980
263491487538264,96,54,57036,568.116,1980
263491537644889,96,54,57036,568.116,1980
263491587752512,96,54,57036,589.499,1980
263491637872061,96,54,57036,589.499,1980
263491687981424,97,53,57036,585.833,1980
263491738084705,97,53,57036,585.833,1980
263491788192812,97,53,57036,581.297,1980
263491838315442,97,53,57036,581.297,1980
263491888422961,45,31,57036,554.004,1980
263491939780879,45,31,57036,554.004,1980
263491990451325,45,31,57036,528.942,1980
263492041332607,45,31,57036,528.942,1980
263492091440689,76,37,57036,507.696,1980
263492143269368,76,37,57036,507.696,1980
263492193878836,76,37,57036,488.949,1980
263492244707274,76,37,57036,488.949,1980
263492294836700,89,44,57036,463.339,1980
263492344976299,89,44,57036,463.339,1980
263492395082631,89,44,57036,440.285,1980
263492445239214,89,44,57036,440.285,1980
263492495840263,100,50,57036,421.538,1980
263492546138094,100,50,57036,421.538,1980
263492596245021,100,50,57036,398.733,1980
263492646356707,100,50,57036,398.733,1980
263492696464305,79,40,57036,389.027,1980
263492746566334,79,40,57036,389.027,1980
263492796682118,79,40,57036,396.905,1980
263492846789150,79,40,57036,396.905,1980
263492896893350,98,50,57036,425.171,1980
263492947011876,98,50,57036,425.171,1980
263492997124746,98,50,57036,446.624,1980
263493047225661,98,50,57036,446.624,1980
263493097326397,96,52,57036,471.7,1980
263493147427813,96,52,57036,471.7,1980
263493197530907,96,52,57036,492.153,1980
263493247637698,96,52,57036,492.153,1980
263493297744644,97,53,57036,510.124,1980
263493347855765,97,53,57036,510.124,1980
263493397956865,97,53,57036,531.439,1980
263493448060831,97,53,57036,531.439,1980
263493498160995,96,53,57036,552.882,1980
263493548268139,96,53,57036,552.882,1980
263493598375687,96,53,57036,572.971,1980
263493648480773,96,53,57036,572.971,1980
263493698602882,96,54,57036,581.216,1980
263493748722502,96,54,57036,581.216,1980
263493798827907,96,54,57036,577.724,1980
263493848934217,96,54,57036,577.724,1980
263493910987904,95,60,57036,571.196,1980
263493962612877,95,60,57036,571.196,1980
263494013027276,95,60,57036,541.519,1980
263494063219273,95,60,57036,541.519,1980
263494114844791,73,35,57036,517.147,1980
263494164982144,73,35,57036,517.147,1980
263494215172741,73,35,57036,497.623,1980
263494265953205,73,35,57036,497.623,1980
263494316360743,87,43,57036,474.31,1980
263494366569843,87,43,57036,474.31,1980
263494416683917,87,43,57036,455.404,1980
263494466918704,87,43,57036,455.404,1980
263494517511317,100,49,57036,437.502,1980
263494567666200,100,49,57036,437.502,1980
263494617820615,100,49,57036,414.62,1980
263494667961181,100,49,57036,414.62,1980
263494718075591,96,48,57036,393.906,1980
263494768187050,96,48,57036,393.906,1980
263494818290616,96,48,57036,385.596,1980
263494868409109,96,48,57036,385.596,1980
263494918518451,98,49,57036,394.672,1980
263494968632556,98,49,57036,394.672,1980
263495018749609,98,49,57036,428.188,1980
263495068857687,98,49,57036,428.188,1980
263495118963670,90,47,57036,449.049,1980
263495169071098,90,47,57036,449.049,1980
263495219177740,90,47,57036,473.367,1980
263495269287735,90,47,57036,473.367,1980
263495319404674,96,53,57036,494.691,1980
263495369510395,96,53,57036,494.691,1980
263495419615021,96,53,57036,517.467,1980
263495469718209,96,53,57036,517.467,1980
263495519823253,97,55,57036,532.91,1980
263495569925004,97,55,57036,532.91,1980
263495620039497,97,55,57036,553.47,1980
263495670144862,97,55,57036,553.47,1980
263495720249881,96,54,57036,573.729,1980
263495770348510,96,54,57036,573.729,1980
263495820474999,96,54,57036,582.25,1980
263495870580409,96,54,57036,582.25,1980
263495920685358,97,52,57036,573.232,1980
263495972818079,97,52,57036,569.355,1980
263496022959379,97,52,57036,569.355,1980
263496074351795,45,28,57036,541.266,1980
263496124518390,45,28,57036,541.266,1980
263496174661925,45,28,57036,517.611,1980
263496226553509,45,28,57036,517.611,1980
263496277431677,74,37,57036,493.047,1980
263496327572064,74,37,57036,493.047,1980
263496377766371,74,37,57036,474.598,1980
263496427890145,74,37,57036,474.598,1980
263496478045494,96,47,57036,454.871,1980
263496528934826,96,47,57036,454.871,1980
263496579588640,96,47,57036,437.924,1980
263496630469760,96,47,57036,437.924,1980
263496680587888,100,49,57036,415.852,1980
263496731193833,100,49,57036,415.852,1980
263496781306525,100,49,57036,392.732,1980
263496831430135,100,49,57036,392.732,1980
263496881543219,81,41,57036,395.407,1980
263496931659103,81,41,57036,395.407,1980
263496981763770,81,41,57036,399.251,1980
263497031867805,81,41,57036,399.251,1980
263497081975920,99,49,57036,428.237,1980
263497132078919,99,49,57036,428.237,1980
263497182180793,99,49,57036,453.733,1980
263497232283112,99,49,57036,453.733,1980
263497282392752,96,52,57036,478.595,1980
263497332501237,96,52,57036,478.595,1980
263497382609434,96,52,57036,501.317,1980
263497432724596,96,52,57036,501.317,1980
263497482827446,97,52,57036,523.012,1980
263497532930789,97,52,57036,523.012,1980
263497583035069,97,52,57036,542.097,1980
263497633138412,97,52,57036,542.097,1980
263497683251439,98,55,57036,562.149,1980
263497733359477,98,55,57036,562.149,1980
263497783460212,98,55,57036,584.19,1980
263497833563630,98,55,57036,584.19,1980
263497883678960,96,54,57036,592.422,1980
263497933783045,96,54,57036,592.422,1980
263497983890919,96,54,57036,588.45,1980
263498033997549,96,54,57036,588.45,1980
263498093328078,97,64,57036,577.589,1980
263498143489457,97,64,57036,577.589,1980
263498193633004,97,64,57036,548.101,1980
263498244977422,97,64,57036,548.101,1980
263498295774684,74,36,57036,521.418,1980
263498347361875,74,36,57036,521.418,1980
263498398692579,74,36,57036,495.245,1980
263498449798631,74,36,57036,495.245,1980
263498499955038,81,39,57036,475.691,1980
263498550125658,81,39,57036,475.691,1980
263498600962085,81,39,57036,452.656,1980
263498651488357,81,39,57036,452.656,1980
263498701715626,99,49,57036,430.423,1980
263498751837401,99,49,57036,430.423,1980
263498801963959,99,49,57036,413.487,1980
263498852196260,99,49,57036,413.487,1980
263498902306501,100,50,57036,387.242,1980
263498952411089,100,50,57036,387.242,1980
263499002513947,100,50,57036,387.487,1980
263499052629095,100,50,57036,387.487,1980
263499102751471,98,53,57036,398.53,1980
263499152860480,98,53,57036,398.53,1980
263499202963393,98,53,57036,436.244,1980
263499253069418,98,53,57036,436.244,1980
263499303174683,91,49,57036,463.496,1980
263499353282787,91,49,57036,463.496,1980
263499403403463,91,49,57036,486.379,1980
263499453507047,91,49,57036,486.379,1980
263499503614894,98,57,57036,510.403,1980
263499553720098,98,57,57036,510.403,1980
263499603823469,98,57,57036,535.842,1980
263499653924900,98,57,57036,535.842,1980
263499704029792,97,54,57036,557.749,1980
263499754152741,97,54,57036,557.749,1980
263499804256344,97,54,57036,575.7,1980
263499854358017,97,54,57036,575.7,1980
263499904459337,99,57,57036,606.316,1980
263499954572533,99,57,57036,606.316,1980
263500004674657,99,57,57036,614.717,1980
263500054775728,99,57,57036,614.717,1980
263500104877158,97,55,57036,607.729,1980
263500155058039,97,55,57036,607.729,1980
263500205160876,97,55,57036,600.551,1980
263500255261538,97,55,57036,600.551,1980
263500305364823,96,56,57036,601.996,1980
263500356524165,96,56,57036,601.996,1980
263500406638990,96,56,57036,583.228,1980
263500458067439,96,56,57036,583.228,1980
263500508188114,67,32,57036,555.956,1980
263500559959056,67,32,57036,555.956,1980
263500611599542,67,32,57036,532.604,1980
263500661765392,67,32,57036,532.604,1980
263500713222871,77,37,57036,512.102,1980
263500763987084,77,37,57036,512.102,1980
263500814138009,77,37,57036,485.192,1980
263500864830735,77,37,57036,485.192,1980
263500915443188,96,47,57036,462.169,1980
263500965559952,96,47,57036,462.169,1980
263501015794124,96,47,57036,438.166,1980
263501066405139,96,47,57036,438.166,1980
263501118649775,100,50,57036,415.434,1980
263501168754832,100,50,57036,415.434,1980
263501218876081,100,50,57036,396.805,1980
263501268982638,100,50,57036,396.805,1980
263501319089356,98,53,57036,403.464,1980
263501369192517,98,53,57036,403.464,1980
263501419297417,98,53,57036,420.43,1980
263501469398997,98,53,57036,420.43,1980
263501519510079,99,53,57036,454.11,1980
263501569611855,99,53,57036,454.11,1980
263501619715244,99,53,57036,481.394,1980
263501669815297,99,53,57036,481.394,1980
263501719918148,96,55,57036,504.673,1980
263501770027659,96,55,57036,504.673,1980
263501820129639,96,55,57036,529.058,1980
263501870254626,96,55,57036,529.058,1980
263501920354615,99,57,57036,548.281,1980
263501970454807,99,57,57036,548.281,1980
263502020555117,99,57,57036,571.95,1980
263502070655606,99,57,57036,571.95,1980
263502120754114,96,56,57036,600.165,1980
263502170854835,96,56,57036,600.165,1980
263502220954053,96,56,57036,619.467,1980
263502271075196,96,56,57036,619.467,1980
263502321177397,98,57,57036,611.941,1980
263502371281867,98,57,57036,611.941,1980
263502421391442,98,57,57036,605.163,1980
263502471496382,98,57,57036,605.163,1980
263502521597063,96,56,57036,601.944,1980
263502573937409,96,56,57036,601.944,1980
263502625242660,96,56,57036,596.137,1980
263502676029496,96,56,57036,566.125,1980
263502726139683,46,29,57036,566.125,1980
263502777615913,46,29,57036,539.434,1980
263502828448673,46,29,57036,539.434,1980
263502878731601,78,38,57036,515.589,1980
263502928887420,78,38,57036,515.589,1980
263502979053198,78,38,57036,489.852,1980
263503029172742,78,38,57036,489.852,1980
263503079474984,100,49,57036,466.491,1980
263503129641014,100,49,57036,466.491,1980
263503179843675,100,49,57036,442.393,1980
263503229971267,100,49,57036,442.393,1980
263503280123008,96,48,57036,413.012,1980
263503330567086,96,48,57036,413.012,1980
263503380677219,96,48,57036,397.984,1980
263503430794174,96,48,57036,397.984,1980
263503480907326,98,48,57036,400.188,1980
263503531030085,98,48,57036,400.188,1980
263503581132707,98,48,57036,408.996,1980
263503631237692,98,48,57036,408.996,1980
263503681340627,83,43,57036,425.876,1980
263503731445980,83,43,57036,425.876,1980
263503781547852,83,43,57036,449.928,1980
263503831653002,83,43,57036,449.928,1980
263503881758942,96,53,57036,469.406,1980
263503931949899,96,53,57036,469.406,1980
263503982089606,96,53,57036,485.245,1980
263504032195096,96,53,57036,485.245,1980
263504082298307,97,52,57036,510.588,1980
263504132414343,97,52,57036,510.588,1980
263504182516459,97,52,57036,526.665,1980
263504232622532,97,52,57036,526.665,1980
263504282723403,96,54,57036,549.818,1980
263504332821281,96,54,57036,549.818,1980
263504382962527,96,54,57036,565.844,1980
263504433046893,96,54,57036,565.844,1980
263504483147804,96,53,57036,560.125,1980
263504536289970,96,53,57036,560.125,1980
263504587586970,96,53,57036,531.637,1980
263504637768186,96,53,57036,531.637,1980
263504687950330,70,34,57036,515.249,1980
263504739316947,70,34,57036,515.249,1980
263504789979507,70,34,57036,494.796,1980
263504841025875,70,34,57036,494.796,1980
263504891204928,79,39,57036,474.313,1980
263504942040466,79,39,57036,474.313,1980
263504992169352,79,39,57036,461.924,1980
263505042289684,79,39,57036,461.924,1980
263505093068583,95,46,57036,439.312,1980
263505143441557,95,46,57036,439.312,1980
263505193597482,95,46,57036,422.516,1980
263505243713202,95,46,57036,422.516,1980
263505293832590,100,50,57036,405.072,1980
263505343943416,100,50,57036,405.072,1980
263505394047614,100,50,57036,389.438,1980
263505444150844,100,50,57036,389.438,1980
263505494260889,98,50,57036,396.269,1980
263505544364133,98,50,57036,396.269,1980
263505594468471,98,50,57036,420.465,1980
263505644571517,98,50,57036,420.465,1980
263505694678327,91,45,57036,447.068,1980
263505744780845,91,45,57036,447.068,1980
263505794889220,91,45,57036,468.758,1980
263505844991949,91,45,57036,468.758,1980
263505895097832,98,55,57036,493.149,1980
263505945198159,98,55,57036,493.149,1980
263505995300717,98,55,57036,517.673,1980
263506045405411,98,55,57036,517.673,1980
263506095510214,96,54,57036,534.698,1980
263506145609983,96,54,57036,534.698,1980
263506195710136,96,54,57036,557.798,1980
263506245818892,96,54,57036,557.798,1980
263506295919530,97,54,57036,576.518,1980
263506346029036,97,54,57036,576.518,1980
263506396135075,97,54,57036,594.883,1980
263506446247304,97,54,57036,594.883,1980
263506496359146,96,54,57036,591.568,1980
263506546463342,96,54,57036,591.568,1980
263506596562989,96,54,57036,589.974,1980
263506647414873,96,54,57036,589.974,1980
263506699022689,74,52,57036,573.699,1980
263506749878284,74,52,57036,573.699,1980
263506800081457,74,52,57036,544.938,1980
263506851356025,74,52,57036,544.938,1980
263506902101397,74,36,57036,516.754,1980
263506952824777,74,36,57036,516.754,1980
263507004125059,74,36,57036,497.18,1980
263507055058399,74,36,57036,497.18,1980
263507105195952,83,41,57036,469.006,1980
263507155686350,83,41,57036,469.006,1980
263507206362192,83,41,57036,448.983,1980
263507257190068,83,41,57036,448.983,1980
263507307359968,100,49,57036,433.387,1980
263507357834965,100,49,57036,433.387,1980
263507407987832,100,49,57036,408.049,1980
263507458123529,100,49,57036,408.049,1980
263507508253400,76,38,57036,386.211,1980
263507558364477,76,38,57036,386.211,1980
263507608467169,76,38,57036,387.617,1980
263507658592787,76,38,57036,387.617,1980
263507708692865,98,50,57036,408.37,1980
263507758805458,98,50,57036,408.37,1980
263507808908702,98,50,57036,436.607,1980
263507859013696,98,50,57036,436.607,1980
263507909115663,90,48,57036,460.628,1980
263507959219836,90,48,57036,460.628,1980
263508009344166,90,48,57036,479.9,1980
263508059449742,90,48,57036,479.9,1980
263508109549766,96,54,57036,503.852,1980
263508159649623,96,54,57036,503.852,1980
263508209751369,96,54,57036,521.365,1980
263508259859875,96,54,57036,521.365,1980
263508309970759,96,55,57036,543.57,1980
263508360071152,96,55,57036,543.57,1980
263508410171239,96,55,57036,561.447,1980
263508460270540,96,55,57036,561.447,1980
263508510374272,96,54,57036,590.536,1980
263508560481961,96,54,57036,590.536,1980
263508610583081,96,54,57036,589.161,1980
263508660682732,96,54,57036,589.161,1980
263508710786822,97,53,57036,586.156,1980
263508760886472,97,53,57036,586.156,1980
263508814170727,97,53,57036,581.693,1980
263508864894039,97,53,57036,581.693,1980
263508915057738,45,32,57036,551.124,1980
263508965166737,45,32,57036,551.124,1980
263509015774570,45,32,57036,528.509,1980
263509065894669,45,32,57036,528.509,1980
263509116006987,76,37,57036,506.928,1980
263509166135588,76,37,57036,506.928,1980
263509216741559,76,37,57036,487.234,1980
263509266849482,76,37,57036,487.234,1980
263509317040194,91,44,57036,469.057,1980
263509367165785,91,44,57036,469.057,1980
263509417312416,91,44,57036,445.459,1980
263509467464824,91,44,57036,445.459,1980
263509517578812,100,49,57036,422.952,1980
263509567686056,100,49,57036,422.952,1980
263509617790893,100,49,57036,401.191,1980
263509667908663,100,49,57036,401.191,1980
263509718029878,78,38,57036,399.073,1980
263509768138144,78,38,57036,399.073,1980
263509818244952,78,38,57036,401.312,1980
263509868363213,78,38,57036,401.312,1980
263509918471451,98,48,57036,433.402,1980
263509968581620,98,48,57036,433.402,1980
263510018693010,98,48,57036,456.533,1980
263510068816983,98,48,57036,456.533,1980
263510118931306,96,49,57036,478.738,1980
263510169050613,96,49,57036,478.738,1980
263510219156287,96,49,57036,494.88,1980
263510269281107,96,49,57036,494.88,1980
263510319388753,98,54,57036,511.127,1980
263510369492829,98,54,57036,511.127,1980
263510419597559,98,54,57036,536.061,1980
263510469703279,98,54,57036,536.061,1980
263510519803913,96,53,57036,558.148,1980
263510569910556,96,53,57036,558.148,1980
263510620014651,96,53,57036,584.106,1980
263510670116223,96,53,57036,584.106,1980
263510720217438,97,52,57036,583.551,1980
263510770319345,97,52,57036,583.551,1980
263510820420971,97,52,57036,581.907,1980
263510870523615,97,52,57036,581.907,1980
263510922664787,96,53,57036,580.509,1980
263510973462503,96,53,57036,580.509,1980
263511023576446,96,53,57036,559.285,1980
263511073752583,96,53,57036,559.285,1980
263511123879864,72,35,57036,534.852,1980
263511174014491,72,35,57036,534.852,1980
263511224470216,72,35,57036,517.183,1980
263511275528335,72,35,57036,517.183,1980
263511326952252,76,38,57036,496.6,1980
263511377096319,76,38,57036,496.6,1980
263511427604667,76,38,57036,474.067,1980
263511477724614,76,38,57036,474.067,1980
263511528174347,92,45,57036,454.902,1980
263511578953258,92,45,57036,454.902,1980
263511629216041,92,45,57036,432.677,1980
263511679350118,92,45,57036,432.677,1980
263511738935025,100,49,57036,410.687,1980
263511789071637,100,49,57036,385.448,1980
263511839189838,100,49,57036,385.448,1980
263511889312029,99,49,57036,394.52,1980
263511939419066,99,49,57036,394.52,1980
263511989537702,99,49,57036,421.029,1980
263512039647966,99,49,57036,421.029,1980
263512090920465,96,48,57036,443.374,1980
263512141035049,96,48,57036,443.374,1980
263512191151235,96,48,57036,460.624,1980
263512241268289,96,48,57036,460.624,1980
263512291370247,96,52,57036,483.285,1980
263512341479038,96,52,57036,483.285,1980
263512391582543,96,52,57036,503.738,1980
263512441691737,96,52,57036,503.738,1980
263512491797528,97,52,57036,524.133,1980
263512541899335,97,52,57036,524.133,1980
263512592004479,97,52,57036,547.595,1980
263512642108698,97,52,57036,547.595,1980
263512692237910,98,54,57036,564.03,1980
263512742347272,98,54,57036,564.03,1980
263512792457490,98,54,57036,589.19,1980
263512842560346,98,54,57036,589.19,1980
263512892661510,96,53,57036,586.861,1980
263512942762593,96,53,57036,586.861,1980
263512992876647,96,53,57036,580.824,1980
263513042977808,96,53,57036,580.824,1980
263513093084105,96,55,57036,578.971,1980
263513143241795,96,55,57036,578.971,1980
263513194942082,96,55,57036,551.511,1980
263513245101102,96,55,57036,551.511,1980
263513296198371,74,36,57036,527.513,1980
263513347635638,74,36,57036,527.513,1980
263513397826851,74,36,57036,507.333,1980
263513447957481,74,36,57036,507.333,1980
263513498114873,82,40,57036,486.531,1980
263513548309777,82,40,57036,486.531,1980
263513599026101,82,40,57036,463.426,1980
263513649513295,82,40,57036,463.426,1980
263513699623424,100,49,57036,443.014,1980
263513749752990,100,49,57036,443.014,1980
263513800135171,100,49,57036,420.981,1980
263513850240719,100,49,57036,420.981,1980
263513900350816,100,50,57036,391.263,1980
263513950464312,100,50,57036,391.263,1980
263514000570836,100,50,57036,391.828,1980
263514050675561,100,50,57036,391.828,1980
263514100784139,98,51,57036,398.6,1980
263514150889027,98,51,57036,398.6,1980
263514203101110,98,51,57036,433.58,1980
263514253208581,98,51,57036,433.58,1980
263514303314432,89,49,57036,455.94,1980
263514353418750,89,49,57036,455.94,1980
263514403550508,89,49,57036,482.128,1980
263514453656885,89,49,57036,482.128,1980
263514503756689,98,57,57036,503.095,1980
263514553859797,98,57,57036,503.095,1980
263514603977143,98,57,57036,521.773,1980
263514654159995,98,57,57036,521.773,1980
263514704509501,96,55,57036,541.988,1980
263514754630360,96,55,57036,541.988,1980
263514804742609,96,55,57036,564.605,1980
263514854853228,96,55,57036,564.605,1980
263514904956496,96,57,57036,586.558,1980
263514955066500,96,57,57036,586.558,1980
263515005167567,96,57,57036,591.458,1980
263515055270902,96,57,57036,591.458,1980
263515105373520,96,55,57036,589.479,1980
263515155478339,96,55,57036,589.479,1980
263515205578490,96,55,57036,583.668,1980
263515255680082,96,55,57036,583.668,1980
263515305799698,96,61,57036,574.39,1980
263515356499944,96,61,57036,574.39,1980
263515406689998,96,61,57036,545.309,1980
263515457170301,96,61,57036,545.309,1980
263515508052650,75,36,57036,522.095,1980
263515558205852,75,36,57036,522.095,1980
263515609004500,75,36,57036,499.452,1980
263515659122999,75,36,57036,499.452,1980
263515709238929,91,45,57036,479.961,1980
263515759668244,91,45,57036,479.961,1980
263515809774990,91,45,57036,459.677,1980
263515859882101,91,45,57036,459.677,1980
263515910025093,100,50,57036,435.158,1980
263515960132535,100,50,57036,435.158,1980
263516010235372,100,50,57036,411.35,1980
263516060339820,100,50,57036,411.35,1980
263516110450522,83,42,57036,396.954,1980
263516160554119,83,42,57036,396.954,1980
263516210665272,83,42,57036,407.051,1980
263516260784903,83,42,57036,407.051,1980
263516310895595,98,53,57036,417.079,1980
263516361008065,98,53,57036,417.079,1980
263516411113818,98,53,57036,442.595,1980
263516461216007,98,53,57036,442.595,1980
263516511316132,97,51,57036,467.133,1980
263516561425099,97,51,57036,467.133,1980
263516611525460,97,51,57036,484.952,1980
263516661626765,97,51,57036,484.952,1980
263516711740058,97,57,57036,506.983,1980
263516761840419,97,57,57036,506.983,1980
263516811948437,97,57,57036,531.299,1980
263516862050851,97,57,57036,531.299,1980
263516912155021,96,56,57036,551.043,1980
263516962257751,96,56,57036,551.043,1980
263517012355244,96,56,57036,574.977,1980
263517062452721,96,56,57036,574.977,1980
263517112550155,96,56,57036,588.502,1980
263517162648218,96,56,57036,588.502,1980
263517212745479,96,56,57036,581.875,1980
263517264688890,96,56,57036,581.875,1980
263517315502570,96,65,57036,572.118,1980
263517366519458,96,65,57036,572.118,1980
263517417231449,96,65,57036,528.409,1980
263517475237741,96,65,57036,528.409,1980
263517525448704,2,2,57036,485.111,1980
263517575651229,2,2,57036,485.111,1980
263517627185112,2,2,57036,465.779,1980
263517678945806,2,2,57036,465.779,1980
263517729099696,74,36,57036,442.358,1980
263517780552673,74,36,57036,442.358,1980
263517830706125,74,36,57036,416.931,1980
263517880864969,74,36,57036,416.931,1980
263517930988737,89,44,57036,396.83,1980
263517981585168,89,44,57036,396.83,1980
263518031725310,89,44,57036,380.82,1980
263518081909019,89,44,57036,380.82,1980
263518132087767,100,49,57036,363.954,1980
263518182461040,100,49,57036,363.954,1980
263518232572703,100,49,57036,340.179,1980
263518282689228,100,49,57036,340.179,1980
263518332793030,81,40,57036,323.115,1980
263518382896892,81,40,57036,323.115,1980
263518432999851,81,40,57036,371.114,1980
263518483114506,81,40,57036,371.114,1980
263518533229665,98,50,57036,420.601,1980
263518583335422,98,50,57036,420.601,1980
263518633440647,98,50,57036,446.865,1980
263518683548813,98,50,57036,446.865,1980
263518733650892,95,52,57036,467.495,1980
263518783754911,95,52,57036,467.495,1980
263518833857361,95,52,57036,489.069,1980
263518883954509,95,52,57036,489.069,1980
263518934043677,96,54,57036,508.157,1980
263518984142532,96,54,57036,508.157,1980
263519034239660,96,54,57036,527.613,1980
263519084338326,96,54,57036,551.924,1980
263519134441406,96,54,57036,551.924,1980
263519184540575,96,54,57036,570.098,1980
263519234638443,96,54,57036,570.098,1980
263519284735157,98,56,57036,587.338,1980
263519334838010,98,56,57036,587.338,1980
263519384971900,98,56,57036,580.257,1980
263519435079252,98,56,57036,580.257,1980
263519485180126,96,54,57036,576.238,1980
263519538782440,96,54,57036,576.238,1980
263519588890207,96,54,57036,552.158,1980
263519639109201,96,54,57036,552.158,1980
263519690005172,64,31,57036,527.614,1980
263519741518872,64,31,57036,527.614,1980
263519793151143,64,31,57036,506.165,1980
263519843570304,64,31,57036,506.165,1980
263519893697100,80,39,57036,484.791,1980
263519944857596,80,39,57036,484.791,1980
263519995031782,80,39,57036,465.368,1980
263520045163392,80,39,57036,465.368,1980
263520095289931,99,49,57036,447.636,1980
263520145443011,99,49,57036,447.636,1980
263520195644851,99,49,57036,425.431,1980
263520245754666,99,49,57036,425.431,1980
263520303254265,100,50,57036,407.333,1980
263520353363650,100,50,57036,407.333,1980
263520403481701,100,50,57036,398.345,1980
263520453586054,100,50,57036,398.345,1980
263520503701669,99,50,57036,405.497,1980
263520553836743,99,50,57036,405.497,1980
263520603936888,99,50,57036,427.245,1980
263520654042732,99,50,57036,427.245,1980
263520704145389,91,46,57036,450.706,1980
263520754257315,91,46,57036,450.706,1980
263520804363068,91,46,57036,476.382,1980
263520854460762,91,46,57036,476.382,1980
263520904560302,98,56,57036,496.083,1980
263520954656831,98,56,57036,496.083,1980
263521004765583,98,56,57036,517.147,1980
263521054885358,98,56,57036,517.147,1980
263521104989590,96,54,57036,538.382,1980
263521155128944,96,54,57036,538.382,1980
263521205242581,96,54,57036,560.428,1980
263521255353623,96,54,57036,560.428,1980
263521305468041,97,53,57036,581.491,1980
263521355870298,97,53,57036,581.491,1980
263521405985086,97,53,57036,588.481,1980
263521456091513,97,53,57036,588.481,1980
263521506542016,96,54,57036,582.737,1980
263521556655407,96,54,57036,582.737,1980
263521606777826,96,54,57036,579.097,1980
263521656895465,96,54,57036,579.097,1980
263521707884368,75,53,57036,559.71,1980
263521758047528,75,53,57036,559.71,1980
263521808243662,75,53,57036,536.114,1980
263521859750961,75,53,57036,536.114,1980
263521910879816,73,36,57036,516.175,1980
263521962376265,73,36,57036,516.175,1980
263522012574786,73,36,57036,493.861,1980
263522063360809,73,36,57036,493.861,1980
263522113521309,89,44,57036,472.61,1980
263522163645834,89,44,57036,472.61,1980
263522213780466,89,44,57036,451.383,1980
263522264281435,89,44,57036,451.383,1980
263522314413681,100,49,57036,428.298,1980
263522364579937,100,49,57036,428.298,1980
263522420081040,100,49,57036,407.5,1980
263522470202640,100,49,57036,407.5,1980
263522520310900,81,40,57036,394.232,1980
263522570422843,81,40,57036,394.232,1980
263522620535497,81,40,57036,401.218,1980
263522670642593,81,40,57036,401.218,1980
263522720744456,98,49,57036,420.613,1980
263522770851184,98,49,57036,420.613,1980
263522820952522,98,49,57036,443.777,1980
263522871061662,98,49,57036,443.777,1980
263522921164244,95,51,57036,467.477,1980
263522971264496,95,51,57036,467.477,1980
263523021365826,95,51,57036,486.009,1980
263523071485483,95,51,57036,486.009,1980
263523121596028,98,54,57036,508.14,1980
263523171701612,98,54,57036,508.14,1980
263523221801911,98,54,57036,530.507,1980
263523271906978,98,54,57036,530.507,1980
263523322011805,96,54,57036,549.29,1980
263523372116702,96,54,57036,549.29,1980
263523422219081,96,54,57036,573.524,1980
263523472329529,96,54,57036,573.524,1980
263523522429497,97,52,57036,591.978,1980
263523572532143,97,52,57036,591.978,1980
263523622637533,97,52,57036,585.772,1980
263523672741173,97,52,57036,585.772,1980
263523722883560,98,56,57036,578.102,1980
263523774335426,98,56,57036,578.102,1980
263523824471772,98,56,57036,549.402,1980
263523874604324,98,56,57036,549.402,1980
263523924748043,74,36,57036,525.378,1980
263523974882217,74,36,57036,525.378,1980
263524025241708,74,36,57036,503.679,1980
263524075382790,74,36,57036,503.679,1980
263524125721808,90,44,57036,485.441,1980
263524175876898,90,44,57036,485.441,1980
263524226043722,90,44,57036,457.941,1980
263524276230832,90,44,57036,457.941,1980
263524326395571,100,49,57036,429.426,1980
263524376553660,100,49,57036,429.426,1980
263524426660885,100,49,57036,408.217,1980
263524476765455,100,49,57036,408.217,1980
263524526896219,83,41,57036,388.861,1980
263524577007754,83,41,57036,388.861,1980
263524627112895,83,41,57036,392.487,1980
263524677225106,83,41,57036,392.487,1980
263524727330241,98,50,57036,401.278,1980
263524777435767,98,50,57036,401.278,1980
263524827604513,98,50,57036,427.765,1980
263524877742932,98,50,57036,427.765,1980
263524927851159,95,51,57036,450.741,1980
263524977994447,95,51,57036,450.741,1980
263525028137680,95,51,57036,470.449,1980
263525078242968,95,51,57036,470.449,1980
263525128359435,96,54,57036,491.466,1980
263525178464343,96,54,57036,491.466,1980
263525228568790,96,54,57036,511.685,1980
263525278673906,96,54,57036,511.685,1980
263525328787002,96,54,57036,537.824,1980
263525378898033,96,54,57036,537.824,1980
263525429007821,96,54,57036,565.955,1980
263525479107524,96,54,57036,565.955,1980
263525529207306,97,52,57036,584.897,1980
263525579349007,97,52,57036,584.897,1980
263525629449633,97,52,57036,581.467,1980
263525679549146,97,52,57036,581.467,1980
263525729659104,98,55,57036,573.104,1980
263525781007583,98,55,57036,573.104,1980
263525831367009,98,55,57036,543.348,1980
263525881502592,98,55,57036,543.348,1980
263525931628287,73,35,57036,520.119,1980
263525982928083,73,35,57036,520.119,1980
263526033073891,73,35,57036,501.887,1980
263526084175671,73,35,57036,501.887,1980
263526134426782,79,39,57036,481.144,1980
263526185169459,79,39,57036,481.144,1980
263526235955275,79,39,57036,459.827,1980
263526286069242,79,39,57036,459.827,1980
263526336552695,100,49,57036,440.89,1980
263526386658900,100,49,57036,440.89,1980
263526436761637,100,49,57036,418.204,1980
263526488659157,100,50,57036,393.109,1980
263526538777486,100,50,57036,393.109,1980
263526588885705,100,50,57036,387.857,1980
263526638987105,100,50,57036,387.857,1980
263526689093947,98,49,57036,397.85,1980
263526739195402,98,49,57036,397.85,1980
263526790425462,98,49,57036,427.871,1980
263526840527819,98,49,57036,427.871,1980
263526890629528,90,47,57036,446.368,1980
263526940731249,90,47,57036,446.368,1980
263526990833481,90,47,57036,469.13,1980
263527040948137,90,47,57036,469.13,1980
263527091056409,97,52,57036,491.178,1980
263527141163045,97,52,57036,491.178,1980
263527191264211,97,52,57036,506.718,1980
263527241364903,97,52,57036,506.718,1980
263527292160931,97,53,57036,524.695,1980
263527342277785,97,53,57036,524.695,1980
263527392379705,97,53,57036,547.499,1980
263527442487511,97,53,57036,547.499,1980
263527492588928,96,53,57036,572.617,1980
263527542703040,96,53,57036,572.617,1980
263527592804942,96,53,57036,580.239,1980
263527642926655,96,53,57036,580.239,1980
263527693041527,96,55,57036,573.592,1980
263527743154425,96,55,57036,573.592,1980
263527794998272,96,55,57036,568.248,1980
263527846883042,96,55,57036,568.248,1980
263527897048742,48,37,57036,545.916,1980
263527947204090,48,37,57036,545.916,1980
263527998475051,48,37,57036,522.971,1980
263528050228012,48,37,57036,522.971,1980
263528100372152,75,37,57036,500.391,1980
263528150559837,75,37,57036,500.391,1980
263528201255580,75,37,57036,483.538,1980
263528251394508,75,37,57036,483.538,1980
263528301552701,90,44,57036,462.319,1980
263528352157101,90,44,57036,462.319,1980
263528402327127,90,44,57036,440.82,1980
263528452468870,90,44,57036,440.82,1980
263528502912698,100,50,57036,420.94,1980
263528553136183,100,50,57036,420.94,1980
263528603291213,100,50,57036,390.458,1980
263528653407587,100,50,57036,390.458,1980
263528703518258,81,41,57036,395.534,1980
263528753618572,81,41,57036,395.534,1980
263528803720437,81,41,57036,398.639,1980
263528853828365,81,41,57036,398.639,1980
263528903948125,98,50,57036,428.193,1980
263528954054483,98,50,57036,428.193,1980
263529004176993,98,50,57036,451.454,1980
263529054294162,98,50,57036,451.454,1980
263529104402448,96,52,57036,475.097,1980
263529154503380,96,52,57036,475.097,1980
263529204603811,96,52,57036,496.371,1980
263529254703960,96,52,57036,496.371,1980
263529304807332,96,55,57036,513.426,1980
263529354906802,96,55,57036,513.426,1980
263529405014062,96,55,57036,536.418,1980
263529455115696,96,55,57036,536.418,1980
263529505219529,96,54,57036,564.42,1980
263529555338977,96,54,57036,564.42,1980
263529605441936,96,54,57036,589.607,1980
263529655543055,96,54,57036,589.607,1980
263529705646947,96,54,57036,587.579,1980
263529755747212,96,54,57036,587.579,1980
263529805848809,96,54,57036,583.553,1980
263529855955274,96,54,57036,583.553,1980
263529916695087,96,56,57036,575.443,1980
263529966842436,96,56,57036,575.443,1980
263530017021023,96,56,57036,547.185,1980
263530068837191,96,56,57036,547.185,1980
263530118944147,73,35,57036,521.778,1980
263530169080667,73,35,57036,521.778,1980
263530219259659,73,35,57036,500.879,1980
263530269550991,73,35,57036,500.879,1980
263530319882756,91,45,57036,478.221,1980
263530369992934,91,45,57036,478.221,1980
263530420108201,91,45,57036,458.56,1980
263530470342896,91,45,57036,458.56,1980
263530520500914,100,50,57036,430.249,1980
263530570695029,100,50,57036,430.249,1980
263530620986476,100,50,57036,406.501,1980
263530671094747,100,50,57036,406.501,1980
263530721221023,84,42,57036,389.053,1980
263530771329366,84,42,57036,389.053,1980
263530821429577,84,42,57036,398.462,1980
263530871532129,84,42,57036,398.462,1980
263530921651134,98,48,57036,403.77,1980
263530971757300,98,48,57036,403.77,1980
263531021859894,98,48,57036,434.108,1980
263531071963190,98,48,57036,434.108,1980
263531122065650,95,51,57036,456.386,1980
263531172177984,95,51,57036,456.386,1980
263531222284989,95,51,57036,481.487,1980
263531272389000,95,51,57036,481.487,1980
263531322488912,96,53,57036,504.962,1980
263531372592175,96,53,57036,504.962,1980
263531422692139,96,53,57036,525.887,1980
263531472794034,96,53,57036,525.887,1980
263531522893863,96,54,57036,549.004,1980
263531573004057,96,54,57036,549.004,1980
263531623101795,96,54,57036,566.726,1980
263531673199582,96,54,57036,566.726,1980
263531723295021,97,55,57036,587.715,1980
263531773408196,97,55,57036,587.715,1980
263531823519420,97,55,57036,582.755,1980
263531873621023,97,55,57036,582.755,1980
263531923732594,98,54,57036,575.338,1980
263531973983878,98,54,57036,575.338,1980
263532024154073,98,54,57036,544.879,1980
263532074282190,98,54,57036,544.879,1980
263532125958939,73,35,57036,523.603,1980
263532176689246,73,35,57036,523.603,1980
263532226868312,73,35,57036,500.368,1980
263532276991718,73,35,57036,500.368,1980
263532327103803,82,40,57036,475.859,1980
263532377283145,82,40,57036,475.859,1980
263532427432152,82,40,57036,453.946,1980
263532478016369,82,40,57036,453.946,1980
263532528147431,96,47,57036,437.747,1980
263532578260658,96,47,57036,437.747,1980
263532628382976,96,47,57036,417.958,1980
263532681180409,96,47,57036,417.958,1980
263532731284947,100,50,57036,396.992,1980
263532781387158,100,50,57036,396.992,1980
263532831490735,100,50,57036,393.31,1980
263532881591253,100,50,57036,393.31,1980
263532931691877,98,57,57036,404.338,1980
263532981805637,98,57,57036,404.338,1980
263533031911169,98,57,57036,437.873,1980
263533082019288,98,57,57036,437.873,1980
263533132122807,91,52,57036,460.779,1980
263533182224306,91,52,57036,460.779,1980
263533232322868,91,52,57036,481.094,1980
263533282424763,91,52,57036,481.094,1980
263533332522177,98,58,57036,503.066,1980
263533382620369,98,58,57036,503.066,1980
263533432716261,98,58,57036,529.841,1980
263533482813625,98,58,57036,529.841,1980
263533532909998,96,58,57036,550.432,1980
263533583015405,96,58,57036,550.432,1980
263533633116149,96,58,57036,570.933,1980
263533683221440,96,58,57036,570.933,1980
263533733320380,96,58,57036,599.31,1980
263533783419982,96,58,57036,599.31,1980
263533833536871,96,58,57036,600.146,1980
263533883637731,96,58,57036,600.146,1980
263533933738725,96,58,57036,595.943,1980
263533983839091,96,58,57036,595.943,1980
263534034256346,96,58,57036,593.039,1980
263534084783150,96,58,57036,593.039,1980
263534134931945,97,63,57036,584.692,1980
263534186614726,97,63,57036,584.692,1980
263534236788833,97,63,57036,556.005,1980
263534288242369,97,63,57036,556.005,1980
263534338788805,74,36,57036,531.25,1980
263534389309430,74,36,57036,531.25,1980
263534440542281,74,36,57036,505.842,1980
263534490699279,74,36,57036,505.842,1980
263534540823534,84,41,57036,484.819,1980
263534590934026,84,41,57036,484.819,1980
263534641564751,84,41,57036,459.479,1980
263534691670582,84,41,57036,459.479,1980
263534741786550,100,49,57036,442.332,1980
263534791915910,100,49,57036,442.332,1980
263534848521530,100,49,57036,416.592,1980
263534898640114,86,43,57036,392.497,1980
263534948801968,86,43,57036,392.497,1980
263534998934107,86,43,57036,394.065,1980
263535049044050,86,43,57036,394.065,1980
263535099147783,98,48,57036,402.081,1980
263535149254636,98,48,57036,402.081,1980
263535199379096,98,48,57036,430.997,1980
263535249481368,98,48,57036,430.997,1980
263535299581640,98,52,57036,454.948,1980
263535349685060,98,52,57036,454.948,1980
263535399785658,98,52,57036,479.368,1980
263535449902159,98,52,57036,479.368,1980
263535500019205,96,53,57036,503.536,1980
263535550130855,96,53,57036,503.536,1980
263535600233756,96,53,57036,523.012,1980
263535650341239,96,53,57036,523.012,1980
263535700441851,96,51,57036,543.074,1980
263535750543303,96,51,57036,543.074,1980
263535800644020,96,51,57036,560.182,1980
263535851344866,96,51,57036,560.182,1980
263535901446890,96,54,57036,586.009,1980
263535951562602,96,54,57036,586.009,1980
263536001662807,96,54,57036,584.398,1980
263536051769959,96,54,57036,584.398,1980
263536101871646,96,53,57036,582.297,1980
263536152681505,96,53,57036,582.297,1980
263536202861648,96,53,57036,553.166,1980
263536252983242,96,53,57036,553.166,1980
263536304314208,69,33,57036,528.547,1980
263536354421481,69,33,57036,528.547,1980
263536404549222,69,33,57036,504.994,1980
263536455072516,69,33,57036,504.994,1980
263536505180782,79,38,57036,486.14,1980
263536555305292,79,38,57036,486.14,1980
263536605448800,79,38,57036,464.441,1980
263536655556890,79,38,57036,464.441,1980
263536705685998,100,49,57036,442.816,1980
263536755787721,100,49,57036,442.816,1980
263536805946649,100,49,57036,427.597,1980
263536856116095,100,49,57036,427.597,1980
263536906913699,100,50,57036,406.093,1980
263536957031305,100,50,57036,406.093,1980
263537007138688,100,50,57036,393.032,1980
263537057242385,100,50,57036,393.032,1980
263537107347785,98,49,57036,400.352,1980
263537157449950,98,49,57036,400.352,1980
263537207552190,98,49,57036,426.049,1980
263537257656152,98,49,57036,426.049,1980
263537307762751,91,45,57036,442.792,1980
263537357867406,91,45,57036,442.792,1980
263537407972762,91,45,57036,462.341,1980
263537458119719,91,45,57036,462.341,1980
263537508225761,98,55,57036,482.781,1980
263537558325417,98,55,57036,482.781,1980
263537608426062,98,55,57036,508.356,1980
263537658535940,98,55,57036,508.356,1980
263537708636461,96,54,57036,525.94,1980
263537758741492,96,54,57036,525.94,1980
263537808839230,96,54,57036,550.012,1980
263537858943529,96,54,57036,550.012,1980
263537909047343,97,53,57036,567.359,1980
263537959148118,97,53,57036,567.359,1980
263538009248335,97,53,57036,578.228,1980
263538059346528,97,53,57036,578.228,1980
263538109448432,96,54,57036,572.799,1980
263538159550909,96,54,57036,572.799,1980
263538209650479,96,54,57036,573.265,1980
263538268846913,96,54,57036,573.265,1980
263538319605064,75,53,57036,557.88,1980
263538369752059,75,53,57036,557.88,1980
263538419879691,75,53,57036,536.188,1980
263538470040120,75,53,57036,536.188,1980
263538520148583,73,36,57036,514.451,1980
263538571342106,73,36,57036,514.451,1980
263538621448710,73,36,57036,491.621,1980
263538671564933,73,36,57036,491.621,1980
263538722062898,86,42,57036,470.305,1980
263538772173008,86,42,57036,470.305,1980
263538822307738,86,42,57036,450.078,1980
263538872427488,86,42,57036,450.078,1980
263538922550060,100,50,57036,427.396,1980
263538972794055,100,50,57036,427.396,1980
263539022936486,100,50,57036,408.409,1980
263539073061889,100,50,57036,408.409,1980
263539123167495,82,41,57036,390.481,1980
263539173270699,82,41,57036,390.481,1980
263539223377105,82,41,57036,394.374,1980
263539273489154,82,41,57036,394.374,1980
263539323603004,99,51,57036,417.565,1980
263539373706952,99,51,57036,417.565,1980
263539423810031,99,51,57036,442.366,1980
263539473926083,99,51,57036,442.366,1980
263539524036623,98,53,57036,460.83,1980
263539574137300,98,53,57036,460.83,1980
263539624238554,98,53,57036,485.455,1980
263539674339757,98,53,57036,485.455,1980
263539724442451,96,54,57036,506.73,1980
263539774548557,96,54,57036,506.73,1980
263539824655399,96,54,57036,526.341,1980
263539874756307,96,54,57036,526.341,1980
263539924857138,96,56,57036,548.237,1980
263539974957419,96,56,57036,548.237,1980
263540025072485,96,56,57036,570.801,1980
263540075178922,96,56,57036,570.801,1980
263540125287166,96,55,57036,585.751,1980
263540175390108,96,55,57036,585.751,1980
263540225491168,96,55,57036,579.117,1980
263540275594586,96,55,57036,579.117,1980
263540325701224,97,54,57036,575.821,1980
263540375802687,97,54,57036,575.821,1980
263540425912589,97,54,57036,570.677,1980
263540476064512,97,54,57036,570.677,1980
263540526212776,45,35,57036,541.378,1980
263540577675746,45,35,57036,541.378,1980
263540627821064,45,35,57036,516.738,1980
263540678332135,45,35,57036,516.738,1980
263540728453714,80,39,57036,495.92,1980
263540778600496,80,39,57036,495.92,1980
263540829482943,80,39,57036,478.093,1980
263540879607654,80,39,57036,478.093,1980
263540930313042,100,49,57036,460.195,1980
263540980415380,100,49,57036,460.195,1980
263541030537656,100,49,57036,437.686,1980
263541080904758,100,49,57036,437.686,1980
263541131288860,100,50,57036,415.057,1980
263541181398874,100,50,57036,415.057,1980
263541231514394,100,50,57036,394.156,1980
263541281622391,100,50,57036,394.156,1980
263541331732233,98,49,57036,396.093,1980
263541381861034,98,49,57036,396.093,1980
263541431968261,98,49,57036,405.796,1980
263541482078696,98,49,57036,405.796,1980
263541532179834,91,45,57036,434.013,1980
263541582282026,91,45,57036,434.013,1980
263541632383138,91,45,57036,458.274,1980
263541682499966,91,45,57036,458.274,1980
263541732604455,98,54,57036,484.124,1980
263541782705008,98,54,57036,484.124,1980
263541832804830,98,54,57036,505.215,1980
263541882905447,98,54,57036,505.215,1980
263541933008910,96,54,57036,523.851,1980
263541983112113,96,54,57036,523.851,1980
263542033213739,96,54,57036,542.132,1980
263542084029109,96,54,57036,542.132,1980
263542134132598,97,52,57036,569.715,1980
263542184244452,97,52,57036,569.715,1980
263542234348025,97,52,57036,590.134,1980
263542284463474,97,52,57036,590.134,1980
263542334574071,98,55,57036,587.678,1980
263542384678517,98,55,57036,587.678,1980
263542443380301,98,55,57036,587.516,1980
263542495079029,98,55,57036,587.516,1980
263542545195151,54,41,57036,559.807,1980
263542596466314,54,41,57036,559.807,1980
263542646607308,54,41,57036,536.603,1980
263542696728054,54,41,57036,536.603,1980
263542746837975,78,38,57036,513.306,1980
263542796981197,78,38,57036,513.306,1980
263542847069150,78,38,57036,493.925,1980
263542897204418,78,38,57036,473.294,1980
263542947329102,100,49,57036,473.294,1980
263542997491770,100,49,57036,445.95,1980
263543047594946,100,49,57036,445.95,1980
263543097696371,100,50,57036,424.027,1980
263543148607719,100,50,57036,424.027,1980
263543198716530,100,50,57036,397.135,1980
263543248824893,100,50,57036,397.135,1980
263543298929307,93,45,57036,402.394,1980
263543349043783,93,45,57036,402.394,1980
263543399165294,93,45,57036,399.892,1980
263543449271979,93,45,57036,399.892,1980
263543499382004,91,44,57036,425.683,1980
263543549485758,91,44,57036,425.683,1980
263543599589104,91,44,57036,443.984,1980
263543649690066,91,44,57036,443.984,1980
263543699786417,98,54,57036,461.2,1980
263543749887351,98,54,57036,461.2,1980
263543799985129,98,54,57036,480.791,1980
263543850045725,98,54,57036,480.791,1980
263543900225261,96,53,57036,500.65,1980
263543950359751,96,53,57036,500.65,1980
263544000470044,96,53,57036,522.103,1980
263544050576715,96,53,57036,522.103,1980
263544100682785,96,53,57036,544.194,1980
263544150790000,96,53,57036,544.194,1980
263544200896252,96,53,57036,562.842,1980
263544251020555,96,53,57036,562.842,1980
263544301135230,96,55,57036,552.928,1980
263544351240534,96,55,57036,552.928,1980
263544401351396,96,55,57036,544.076,1980
263544452829978,96,55,57036,544.076,1980
263544503137972,46,35,57036,513.443,1980
263544553290765,46,35,57036,513.443,1980
263544603483660,46,35,57036,493.422,1980
263544653609521,46,35,57036,493.422,1980
263544704038282,80,39,57036,474.931,1980
263544754163633,80,39,57036,474.931,1980
263544804313401,80,39,57036,455.614,1980
263544854532997,80,39,57036,455.614,1980
263544904684211,100,49,57036,438.246,1980
263544954976770,100,49,57036,438.246,1980
263545005081181,100,49,57036,417.128,1980
263545055181486,100,49,57036,417.128,1980
263545105285693,100,50,57036,398.041,1980
263545155398894,100,50,57036,398.041,1980
263545205513428,100,50,57036,383.572,1980
263545255632936,100,50,57036,383.572,1980
263545305740652,98,50,57036,399.391,1980
263545355843515,98,50,57036,399.391,1980
263545405963328,98,50,57036,409.922,1980
263545456076677,98,50,57036,409.922,1980
263545506191201,91,46,57036,438.851,1980
263545556294090,91,46,57036,438.851,1980
263545606396383,91,46,57036,462.557,1980
263545656501348,91,46,57036,462.557,1980
263545706601459,96,53,57036,484.828,1980
263545756705498,96,53,57036,484.828,1980
263545807101860,96,53,57036,506.723,1980
263545857208677,96,53,57036,506.723,1980
263545907309800,96,54,57036,527.138,1980
263545957416044,96,54,57036,527.138,1980
263546007516243,96,54,57036,546.549,1980
263546057628249,96,54,57036,546.549,1980
263546107733871,95,55,57036,568.849,1980
263546157884242,95,55,57036,568.849,1980
263546208012801,95,55,57036,587.682,1980
263546258130746,95,55,57036,587.682,1980
263546308234605,95,54,57036,583.072,1980
263546358342185,95,54,57036,583.072,1980
263546408445260,95,54,57036,577.366,1980
263546458551271,95,54,57036,577.366,1980
263546508679424,85,58,57036,553.344,1980
263546558827972,85,58,57036,553.344,1980
263546608952952,85,58,57036,529.457,1980
263546660595077,85,58,57036,529.457,1980
263546711598412,73,36,57036,506.514,1980
263546761740044,73,36,57036,506.514,1980
263546812753789,73,36,57036,482.757,1980
263546862909435,73,36,57036,482.757,1980
263546913055806,91,45,57036,462.46,1980
263546963174540,91,45,57036,462.46,1980
263547013544650,91,45,57036,442.638,1980
263547063647786,91,45,57036,442.638,1980
263547113762311,100,50,57036,419.601,1980
263547163931889,100,50,57036,419.601,1980
263547215789782,100,50,57036,395.985,1980
263547265919860,100,50,57036,395.985,1980
263547316043906,77,38,57036,389.639,1980
263547366163029,77,38,57036,389.639,1980
263547416283381,77,38,57036,395.822,1980
263547466394076,77,38,57036,395.822,1980
263547516501084,98,48,57036,420.952,1980
263547566609053,98,48,57036,420.952,1980
263547616720934,98,48,57036,447.932,1980
263547666824621,98,48,57036,447.932,1980
263547716939669,93,49,57036,468.768,1980
263547767043536,93,49,57036,468.768,1980
263547817158599,93,49,57036,491.108,1980
263547867258822,93,49,57036,491.108,1980
263547917362844,96,53,57036,507.465,1980
263547967466312,96,53,57036,507.465,1980
263548017571092,96,53,57036,525.092,1980
263548067673156,96,53,57036,525.092,1980
263548117776195,97,51,57036,549.116,1980
263548167880825,97,51,57036,549.116,1980
263548217983619,97,51,57036,575.034,1980
263548268096258,97,51,57036,575.034,1980
263548318195752,98,54,57036,587.85,1980
263548368308877,98,54,57036,587.85,1980
263548418408334,98,54,57036,583.409,1980
263548468514477,98,54,57036,583.409,1980
263548518616845,96,53,57036,579.563,1980
263548575689560,96,53,57036,579.563,1980
263548625802354,96,53,57036,556.692,1980
263548675954281,96,53,57036,556.692,1980
263548727465845,53,25,57036,529.477,1980
263548777614304,53,25,57036,529.477,1980
263548828733801,53,25,57036,507.187,1980
263548878889698,53,25,57036,507.187,1980
263548929059853,78,38,57036,489.123,1980
263548979231171,78,38,57036,489.123,1980
263549029332341,78,38,57036,469.813,1980
263549079584477,78,38,57036,469.813,1980
263549130085226,100,49,57036,445.682,1980
263549180408176,100,49,57036,445.682,1980
263549230700009,100,49,57036,426.068,1980
263549281134649,100,49,57036,426.068,1980
263549331264500,100,50,57036,398.186,1980
263549381379890,100,50,57036,398.186,1980
263549431483551,100,50,57036,394.581,1980
263549481606188,100,50,57036,394.581,1980
263549531722441,98,48,57036,398.759,1980
263549581825763,98,48,57036,398.759,1980
263549631956703,98,48,57036,424.313,1980
263549682071103,98,48,57036,424.313,1980
263549732182572,90,47,57036,446.116,1980
263549782295390,90,47,57036,446.116,1980
263549832406625,90,47,57036,469.841,1980
263549882522960,90,47,57036,469.841,1980
263549932630426,96,54,57036,488.017,1980
263549982737893,96,54,57036,488.017,1980
263550032849359,96,54,57036,505.806,1980
263550082967527,96,54,57036,505.806,1980
263550133086479,98,54,57036,527.093,1980
263550183188905,98,54,57036,527.093,1980
263550233294736,98,54,57036,547.264,1980
263550283404448,98,54,57036,547.264,1980
263550333515643,96,53,57036,576.259,1980
263550383617154,96,53,57036,576.259,1980
263550433730577,96,53,57036,581.907,1980
263550483832834,96,53,57036,581.907,1980
263550533937805,97,51,57036,577.262,1980
263550584046071,97,51,57036,577.262,1980
263550634683377,97,51,57036,553.125,1980
263550685385805,97,51,57036,553.125,1980
263550736102208,12,12,57036,512.386,1980
263550786261200,12,12,57036,512.386,1980
263550836601322,12,12,57036,472.189,1980
263550886720262,12,12,57036,472.189,1980
263550936856525,50,24,57036,453.503,1980
263550988531445,50,24,57036,453.503,1980
263551038670512,50,24,57036,431.548,1980
263551088797677,50,24,57036,431.548,1980
263551139319551,73,37,57036,410.47,1980
263551189760497,73,37,57036,410.47,1980
263551239937619,73,37,57036,391.068,1980
263551290737547,73,37,57036,391.068,1980
263551341111369,84,42,57036,375.225,1980
263551391232668,84,42,57036,375.225,1980
263551441357046,84,42,57036,354.519,1980
263551492743112,84,42,57036,354.519,1980
263551542823757,100,50,57036,327.39,1980
263551592914306,100,50,57036,327.39,1980
263551643036719,100,50,57036,321.316,1980
263551693146367,100,50,57036,321.316,1980
263551743255813,76,37,57036,373.456,1980
263551793374097,76,37,57036,373.456,1980
263551843484495,76,37,57036,415.443,1980
263551893608196,76,37,57036,415.443,1980
263551943728336,98,47,57036,439.113,1980
263551993835284,98,47,57036,439.113,1980
263552043939891,98,47,57036,464.891,1980
263552094043147,98,47,57036,464.891,1980
263552144152450,96,51,57036,487.8,1980
263552194255251,96,51,57036,487.8,1980
263552244368351,96,51,57036,507.58,1980
263552294477215,96,51,57036,507.58,1980
263552344580799,97,51,57036,533.703,1980
263552394681791,97,51,57036,533.703,1980
263552444781761,97,51,57036,554.956,1980
263552494889495,97,51,57036,554.956,1980
263552544991950,98,53,57036,571.227,1980
263552595095349,98,53,57036,571.227,1980
263552645198462,98,53,57036,597.893,1980
263552695304229,98,53,57036,597.893,1980
263552745404714,96,53,57036,593.539,1980
263552795509777,96,53,57036,593.539,1980
263552845611329,96,53,57036,589.032,1980
263552896570639,96,53,57036,589.032,1980
263552947147802,97,62,57036,568.798,1980
263552998579223,97,62,57036,568.798,1980
263553048724963,97,62,57036,543.17,1980
263553100028782,97,62,57036,543.17,1980
263553150965617,74,36,57036,518.27,1980
263553201288416,74,36,57036,518.27,1980
263553251397045,74,36,57036,497.251,1980
263553302380953,74,36,57036,471.83,1980
263553352788542,86,42,57036,471.83,1980
263553403570898,86,42,57036,453.543,1980
263553453704462,86,42,57036,453.543,1980
263553503825344,94,46,57036,429.483,1980
263553554109092,94,46,57036,429.483,1980
263553604217223,94,46,57036,407.801,1980
263553655943693,94,46,57036,407.801,1980
263553706061118,95,47,57036,387.526,1980
263553756167100,95,47,57036,387.526,1980
263553806266935,95,47,57036,395.566,1980
263553856371472,95,47,57036,395.566,1980
263553906469159,98,48,57036,409.886,1980
263553959152431,98,48,57036,409.886,1980
263554009256140,98,48,57036,440.885,1980
263554059358937,98,48,57036,440.885,1980
263554109460088,90,47,57036,462.12,1980
263554159565176,90,47,57036,462.12,1980
263554209662068,90,47,57036,484.967,1980
263554259763039,90,47,57036,484.967,1980
263554309864309,96,53,57036,502.534,1980
263554359968356,96,53,57036,502.534,1980
263554410068483,96,53,57036,522.061,1980
263554460191603,96,53,57036,522.061,1980
263554510292020,96,54,57036,547.532,1980
263554560613249,96,54,57036,547.532,1980
263554610712764,96,54,57036,563.7,1980
263554660810247,96,54,57036,563.7,1980
263554710906434,96,53,57036,587.519,1980
263554761007428,96,53,57036,587.519,1980
263554811116252,96,53,57036,584.718,1980
263554861228642,96,53,57036,584.718,1980
263554911350047,96,53,57036,582.303,1980
263554964749607,96,53,57036,582.303,1980
263555014908200,96,53,57036,559.945,1980
263555065082498,96,53,57036,559.945,1980
263555116824076,44,21,57036,537.259,1980
263555167967611,44,21,57036,537.259,1980
263555218844112,44,21,57036,513.848,1980
263555269780065,44,21,57036,513.848,1980
263555319980860,80,39,57036,493.067,1980
263555370670800,80,39,57036,493.067,1980
263555420789029,80,39,57036,470.988,1980
263555470937257,80,39,57036,470.988,1980
263555521081045,100,49,57036,446.021,1980
263555571247505,100,49,57036,446.021,1980
263555621360649,100,49,57036,418.881,1980
263555671477160,100,49,57036,418.881,1980
263555721596980,82,40,57036,404.749,1980
263555771701693,82,40,57036,404.749,1980
263555821808722,82,40,57036,410.301,1980
263555871932385,82,40,57036,410.301,1980
263555922048727,98,48,57036,408.878,1980
263555972154190,98,48,57036,408.878,1980
263556022263705,98,48,57036,416.078,1980
263556072373051,98,48,57036,416.078,1980
263556122474021,93,47,57036,438.076,1980
263556172575739,93,47,57036,438.076,1980
263556222676959,93,47,57036,457.481,1980
263556272778958,93,47,57036,457.481,1980
263556322881165,96,53,57036,478.272,1980
263556372989229,96,53,57036,478.272,1980
263556423090205,96,53,57036,498.78,1980
263556473194854,96,53,57036,498.78,1980
263556523296802,97,54,57036,521.207,1980
263556573403234,97,54,57036,521.207,1980
263556623521829,97,54,57036,537.741,1980
263556673637660,97,54,57036,537.741,1980
263556723745282,96,53,57036,551.798,1980
263556773849682,96,53,57036,551.798,1980
263556823950314,96,53,57036,542.12,1980
263556874138915,96,53,57036,542.12,1980
263556924250654,52,39,57036,513.679,1980
263556974370394,52,39,57036,513.679,1980
263557025722591,52,39,57036,498.573,1980
263557075843095,52,39,57036,498.573,1980
263557125957101,75,37,57036,480.411,1980
263557176103918,75,37,57036,480.411,1980
263557226273819,75,37,57036,460.578,1980
263557276417179,75,37,57036,460.578,1980
263557326527658,99,49,57036,445.195,1980
263557376975213,99,49,57036,445.195,1980
263557427050497,99,49,57036,426.302,1980
263557477169613,99,49,57036,426.302,1980
263557527302484,100,50,57036,405.247,1980
263557578354166,100,50,57036,405.247,1980
263557628488991,100,50,57036,384.366,1980
263557678596917,100,50,57036,384.366,1980
263557728714499,75,40,57036,395.514,1980
263557778822724,75,40,57036,395.514,1980
263557828929467,75,40,57036,406.02,1980
263557879040472,75,40,57036,406.02,1980
263557929144154,98,53,57036,436.361,1980
263557979260216,98,53,57036,436.361,1980
263558029358099,98,53,57036,459.304,1980
263558079490394,98,53,57036,459.304,1980
263558129610440,95,55,57036,481.432,1980
263558179714107,95,55,57036,481.432,1980
263558229830712,95,55,57036,499.583,1980
263558279942373,95,55,57036,499.583,1980
263558330064629,96,56,57036,528.225,1980
263558380174667,96,56,57036,528.225,1980
263558430282337,96,56,57036,551.159,1980
263558480389011,96,56,57036,551.159,1980
263558530498933,95,56,57036,569.626,1980
263558580603406,95,56,57036,569.626,1980
263558630709880,95,56,57036,591.998,1980
263558680812580,95,56,57036,591.998,1980
263558730923264,96,55,57036,587.17,1980
263558781029342,96,55,57036,587.17,1980
263558831146386,96,55,57036,578.172,1980
263558883168093,96,55,57036,578.172,1980
263558934244758,57,42,57036,549.03,1980
263558984544837,57,42,57036,549.03,1980
263559034728556,57,42,57036,524.094,1980
263559084841897,57,42,57036,524.094,1980
263559135581561,73,36,57036,501.382,1980
263559185718567,73,36,57036,501.382,1980
263559236718167,73,36,57036,482.341,1980
263559287447157,73,36,57036,482.341,1980
263559337573632,97,48,57036,459.452,1980
263559388146832,97,48,57036,459.452,1980
263559438251696,97,48,57036,431.474,1980
263559488377346,97,48,57036,431.474,1980
263559538491635,100,50,57036,409.441,1980
263559588917503,100,50,57036,409.441,1980
263559639029244,100,50,57036,388.682,1980
263559689155290,100,50,57036,388.682,1980
263559739254344,81,41,57036,397.512,1980
263559789355345,81,41,57036,397.512,1980
263559839464329,81,41,57036,405.45,1980
263559889592376,81,41,57036,405.45,1980
263559939691385,98,49,57036,430.948,1980
263559989799401,98,49,57036,430.948,1980
263560039930345,98,49,57036,457.775,1980
263560090053222,98,49,57036,457.775,1980
263560140162792,95,52,57036,477.515,1980
263560190268386,95,52,57036,477.515,1980
263560240378592,95,52,57036,502.184,1980
263560290496508,95,52,57036,502.184,1980
263560340619098,96,53,57036,527.47,1980
263560390740469,96,53,57036,527.47,1980
263560440845130,96,53,57036,549.335,1980
263560490956635,96,53,57036,549.335,1980
263560541062097,96,55,57036,566.518,1980
263560591172140,96,55,57036,566.518,1980
263560641276428,96,55,57036,587.525,1980
263560691382902,96,55,57036,587.525,1980
263560741490459,96,54,57036,582.001,1980
263560791592017,96,54,57036,582.001,1980
263560841700862,96,54,57036,575.771,1980
263560892639810,96,54,57036,575.771,1980
263560942840407,62,46,57036,549.227,1980
263560994550003,62,46,57036,549.227,1980
263561044717372,62,46,57036,524.208,1980
263561096300371,62,46,57036,524.208,1980
263561146440905,75,37,57036,502.004,1980
263561196549736,75,37,57036,502.004,1980
263561246701906,75,37,57036,480.824,1980
263561296838177,75,37,57036,480.824,1980
263561347187531,96,47,57036,459.242,1980
263561397291390,96,47,57036,459.242,1980
263561447398170,96,47,57036,432.725,1980
263561498016817,96,47,57036,432.725,1980
263561548422077,100,50,57036,409.571,1980
263561598528171,100,50,57036,409.571,1980
263561648635605,100,50,57036,385.137,1980
263561698752866,100,50,57036,385.137,1980
263561748856322,82,41,57036,394.322,1980
263561798965863,82,41,57036,394.322,1980
263561849073354,82,41,57036,400.592,1980
263561899174396,82,41,57036,400.592,1980
263561949284361,99,48,57036,428.719,1980
263561999386419,99,48,57036,428.719,1980
263562049490683,99,48,57036,447.709,1980
263562099591470,99,48,57036,447.709,1980
263562149694729,97,49,57036,472.683,1980
263562199795103,97,49,57036,472.683,1980
263562249896796,97,49,57036,492.195,1980
263562299997956,97,49,57036,492.195,1980
263562350103531,98,54,57036,509.403,1980
263562400205499,98,54,57036,509.403,1980
263562450305692,98,54,57036,528.116,1980
263562500409458,98,54,57036,528.116,1980
263562550510006,96,53,57036,553.23,1980
263562600618897,96,53,57036,553.23,1980
263562650726898,96,53,57036,575.282,1980
263562700828145,96,53,57036,575.282,1980
263562750927579,96,54,57036,577.662,1980
263562801032649,96,54,57036,577.662,1980
263562851133992,96,54,57036,576.216,1980
263562901233796,96,54,57036,576.216,1980
263562954963785,96,53,57036,569.245,1980
263563005108125,96,53,57036,569.245,1980
263563056766613,96,53,57036,544.934,1980
263563106923631,96,53,57036,544.934,1980
263563157966441,69,33,57036,520.867,1980
263563208979163,69,33,57036,501.342,1980
263563259064930,69,33,57036,501.342,1980
263563309248453,84,41,57036,479.845,1980
263563359350238,84,41,57036,479.845,1980
263563409453725,84,41,57036,462.695,1980
263563459832561,84,41,57036,462.695,1980
263563510142922,100,49,57036,437.119,1980
263563560444875,100,49,57036,437.119,1980
263563610558038,100,49,57036,415.183,1980
263563660664467,100,49,57036,415.183,1980
263563710799721,100,50,57036,393.294,1980
263563760909444,100,50,57036,393.294,1980
263563811014824,100,50,57036,393.111,1980
263563861134249,100,50,57036,393.111,1980
263563911235567,98,49,57036,400.597,1980
263563961341913,98,49,57036,400.597,1980
263564011471072,98,49,57036,429.43,1980
263564061587202,98,49,57036,429.43,1980
263564111715074,91,48,57036,450.084,1980
263564161836016,91,48,57036,450.084,1980
263564211946794,91,48,57036,471.828,1980
263564262058442,91,48,57036,471.828,1980
263564312161107,97,52,57036,488.469,1980
263564362273248,97,52,57036,488.469,1980
263564412378540,97,52,57036,503.872,1980
263564462484667,97,52,57036,503.872,1980
263564512594269,98,55,57036,527.003,1980
263564562696261,98,55,57036,527.003,1980
263564612777917,98,55,57036,546.206,1980
263564662892765,98,55,57036,546.206,1980
263564713004734,96,54,57036,573.762,1980
263564763122780,96,54,57036,573.762,1980
263564813229628,96,54,57036,565.561,1980
263564863342441,96,54,57036,565.561,1980
263564913449313,97,52,57036,559.125,1980
263564963558220,97,52,57036,559.125,1980
263565013676873,97,52,57036,539.257,1980
263565065214065,97,52,57036,539.257,1980
263565115333073,44,27,57036,517.357,1980
263565165467986,44,27,57036,517.357,1980
263565216642111,44,27,57036,496.594,1980
263565266776178,44,27,57036,496.594,1980
263565316933446,76,37,57036,480.437,1980
263565367770844,76,37,57036,480.437,1980
263565417915332,76,37,57036,461.688,1980
263565468588535,76,37,57036,461.688,1980
263565518749833,99,49,57036,444.878,1980
263565568966862,99,49,57036,444.878,1980
263565619058810,99,49,57036,423.182,1980
263565669282624,99,49,57036,423.182,1980
263565719439339,100,50,57036,406.345,1980
263565769615801,100,50,57036,406.345,1980
263565819724808,100,50,57036,394.532,1980
263565869836349,100,50,57036,394.532,1980
263565919944477,98,50,57036,401.725,1980
263565970078917,98,50,57036,401.725,1980
263566020184988,98,50,57036,418.888,1980
263566070352270,98,50,57036,418.888,1980
263566120484052,91,46,57036,444.043,1980
263566170587467,91,46,57036,444.043,1980
263566220696919,91,46,57036,469.518,1980
263566270799373,91,46,57036,469.518,1980
263566320916068,96,53,57036,489.814,1980
263566371026973,96,53,57036,489.814,1980
263566421131271,96,53,57036,507.344,1980
263566471235975,96,53,57036,507.344,1980
263566521339689,96,54,57036,526.165,1980
263566571440228,96,54,57036,526.165,1980
263566621539598,96,54,57036,548.751,1980
263566671642835,96,54,57036,548.751,1980
263566721743597,95,55,57036,565.342,1980
263566771946236,95,55,57036,565.342,1980
263566822060496,95,55,57036,583.85,1980
263566872160190,95,55,57036,583.85,1980
263566922263141,95,54,57036,578.804,1980
263566972366581,95,54,57036,578.804,1980
263567022467401,95,54,57036,574.673,1980
263567080060043,95,54,57036,574.673,1980
263567130177185,85,58,57036,549.735,1980
263567180360510,85,58,57036,549.735,1980
263567231886842,85,58,57036,525.464,1980
263567282891598,85,58,57036,525.464,1980
263567333096718,75,36,57036,501.389,1980
263567383221791,75,36,57036,501.389,1980
263567433518421,75,36,57036,481.239,1980
263567483715769,75,36,57036,481.239,1980
263567533818400,100,49,57036,459.965,1980
263567583931206,100,49,57036,459.965,1980
263567634068050,100,49,57036,443.769,1980
263567684233070,100,49,57036,443.769,1980
263567734456360,100,50,57036,419.353,1980
263567784664588,100,50,57036,419.353,1980
263567834778001,100,50,57036,398.427,1980
263567884885050,100,50,57036,398.427,1980
263567934988580,84,42,57036,400.365,1980
263567985101043,84,42,57036,400.365,1980
263568035206922,84,42,57036,405.295,1980
263568085314016,84,42,57036,405.295,1980
263568135413920,98,50,57036,428.708,1980
263568185517229,98,50,57036,428.708,1980
263568235617049,98,50,57036,449.631,1980
263568285714951,98,50,57036,449.631,1980
263568335865492,96,51,57036,471.777,1980
263568386005398,96,51,57036,471.777,1980
263568436118409,96,51,57036,488.202,1980
263568486229044,96,51,57036,488.202,1980
263568536349272,98,56,57036,509.452,1980
263568586454806,98,56,57036,509.452,1980
263568636562241,98,56,57036,522.09,1980
263568686670470,98,56,57036,522.09,1980
263568736772962,95,54,57036,546.005,1980
263568786879599,95,54,57036,546.005,1980
263568837003961,95,54,57036,575.112,1980
263568887108709,95,54,57036,575.112,1980
263568937212325,97,52,57036,569.292,1980
263568987327199,97,52,57036,569.292,1980
263569037439773,97,52,57036,562.178,1980
263569087539807,97,52,57036,562.178,1980
263569137724369,98,55,57036,558.734,1980
263569189599272,98,55,57036,558.734,1980
263569239747300,98,55,57036,531.756,1980
263569289890904,98,55,57036,531.756,1980
263569340046530,73,35,57036,509.292,1980
263569390292416,73,35,57036,509.292,1980
263569440440493,73,35,57036,489.516,1980
263569491028622,73,35,57036,489.516,1980
263569541965662,84,41,57036,471.676,1980
263569592097723,84,41,57036,471.676,1980
263569642313189,84,41,57036,454.889,1980
263569692444649,84,41,57036,454.889,1980
263569742618277,99,49,57036,433.415,1980
263569792838410,99,49,57036,433.415,1980
263569842946128,99,49,57036,409.76,1980
263569893066615,99,49,57036,409.76,1980
263569943172073,100,50,57036,386.737,1980
263569993276441,100,50,57036,386.737,1980
263570043405468,100,50,57036,398.174,1980
263570093521609,100,50,57036,398.174,1980
263570143628221,98,50,57036,403.359,1980
263570193744840,98,50,57036,403.359,1980
263570243858327,98,50,57036,432.197,1980
263570293970342,98,50,57036,432.197,1980
263570344073302,90,48,57036,454.54,1980
263570394177432,90,48,57036,454.54,1980
263570444297547,90,48,57036,476.868,1980
263570494404439,90,48,57036,476.868,1980
263570544507323,97,53,57036,497.927,1980
263570594609716,97,53,57036,497.927,1980
263570644710312,97,53,57036,515.083,1980
263570694814962,97,53,57036,515.083,1980
263570744919276,96,53,57036,529.399,1980
263570795028965,96,53,57036,529.399,1980
263570845130336,96,53,57036,556.347,1980
263570895234890,96,53,57036,556.347,1980
263570945334807,96,54,57036,578.607,1980
263570995440619,96,54,57036,578.607,1980
263571045889261,96,54,57036,578.888,1980
263571095994891,96,54,57036,578.888,1980
263571146103371,96,55,57036,574.039,1980
263571196243560,96,55,57036,574.039,1980
263571247079104,96,55,57036,564.669,1980
263571297251711,96,55,57036,564.669,1980
263571347407422,49,37,57036,535.416,1980
263571399195557,49,37,57036,535.416,1980
263571450708856,49,37,57036,511.028,1980
263571501012953,49,37,57036,511.028,1980
263571551180695,75,37,57036,492.508,1980
263571601309792,75,37,57036,492.508,1980
263571651434404,75,37,57036,474.77,1980
263571701552495,75,37,57036,474.77,1980
263571751676784,98,48,57036,452.836,1980
263571801885346,98,48,57036,452.836,1980
263571852030509,98,48,57036,432.039,1980
263571902140058,98,48,57036,432.039,1980
263571952271996,100,50,57036,403.634,1980
263572002390736,100,50,57036,403.634,1980
263572053492214,100,50,57036,379.97,1980
263572103608889,100,50,57036,379.97,1980
263572153722627,79,41,57036,387.04,1980
263572203832241,79,41,57036,387.04,1980
263572253940565,79,41,57036,398.796,1980
263572304062079,79,41,57036,398.796,1980
263572354181988,98,50,57036,433.277,1980
263572404300753,98,50,57036,433.277,1980
263572454415001,98,50,57036,464.113,1980
263572504518278,98,50,57036,464.113,1980
263572554619995,96,52,57036,486.119,1980
263572604724732,96,52,57036,486.119,1980
263572654829714,96,52,57036,504.02,1980
263572704940995,96,52,57036,504.02,1980
263572755046926,97,56,57036,527.026,1980
263572805148876,97,56,57036,527.026,1980
263572855249961,97,56,57036,543.857,1980
263572905352638,97,56,57036,543.857,1980
263572955453664,96,54,57036,572.65,1980
263573005554337,96,54,57036,572.65,1980
263573055656827,96,54,57036,594.003,1980
263573105759277,96,54,57036,594.003,1980
263573155859413,97,53,57036,587.349,1980
263573205967486,97,53,57036,587.349,1980
263573256071973,97,53,57036,579.749,1980
263573306176854,97,53,57036,579.749,1980
263573356353340,96,53,57036,572.386,1980
263573407967030,96,53,57036,572.386,1980
263573458192756,96,53,57036,539.52,1980
263573508345534,96,53,57036,539.52,1980
263573558495076,70,34,57036,514.309,1980
263573609824506,70,34,57036,514.309,1980
263573661092684,70,34,57036,492.33,1980
263573711266300,70,34,57036,492.33,1980
263573762205273,85,41,57036,476.726,1980
263573813132165,85,41,57036,476.726,1980
263573863479288,85,41,57036,459.623,1980
263573913678670,85,41,57036,459.623,1980
263573963784506,99,49,57036,437.738,1980
263574014272214,99,49,57036,437.738,1980
263574064420995,99,49,57036,421.801,1980
263574114561079,99,49,57036,421.801,1980
263574164668197,100,50,57036,393.988,1980
263574214770221,100,50,57036,393.988,1980
263574264875926,100,50,57036,403.242,1980
263574314980291,100,50,57036,403.242,1980
263574365092539,98,49,57036,409.826,1980
263574415215405,98,49,57036,409.826,1980
263574465355712,98,49,57036,437.025,1980
263574515458299,98,49,57036,437.025,1980
263574565574401,90,47,57036,463.841,1980
263574615675161,90,47,57036,463.841,1980
263574665777395,90,47,57036,484.911,1980
263574715879642,90,47,57036,484.911,1980
263574765979723,97,52,57036,504.215,1980
263574816044048,97,52,57036,504.215,1980
263574866154101,97,52,57036,525.753,1980
263574916255770,97,52,57036,525.753,1980
263574966359232,98,55,57036,543.022,1980
263575016459511,98,55,57036,543.022,1980
263575066562096,98,55,57036,563.416,1980
263575116665030,98,55,57036,563.416,1980
263575166770688,96,54,57036,583.349,1980
263575216874427,96,54,57036,583.349,1980
263575266974921,96,54,57036,582.472,1980
263575317077823,96,54,57036,582.472,1980
263575369759138,96,53,57036,574.813,1980
263575421267072,96,53,57036,553.354,1980
263575471629055,96,53,57036,553.354,1980
263575521766476,39,20,57036,528.101,1980
263575573413720,39,20,57036,528.101,1980
263575624598815,39,20,57036,506.317,1980
263575675609436,39,20,57036,506.317,1980
263575725754868,81,39,57036,482.569,1980
263575776660920,81,39,57036,482.569,1980
263575827245940,81,39,57036,462.987,1980
263575877350322,81,39,57036,462.987,1980
263575927560316,99,48,57036,444.955,1980
263575978396636,99,48,57036,444.955,1980
263576028502319,99,48,57036,423.424,1980
263576078630779,99,48,57036,423.424,1980
263576133038154,100,50,57036,407.206,1980
263576183156128,100,50,57036,407.206,1980
263576233265970,100,50,57036,391.36,1980
263576283371761,100,50,57036,391.36,1980
263576333472623,99,51,57036,401.923,1980
263576383579002,99,51,57036,401.923,1980
263576433689512,99,51,57036,417.987,1980
263576483804881,99,51,57036,417.987,1980
263576533916613,99,51,57036,444.599,1980
263576584027419,99,51,57036,444.599,1980
263576634128594,99,51,57036,470.666,1980
263576684225534,99,51,57036,470.666,1980
263576734329032,96,53,57036,490.769,1980
263576784427115,96,53,57036,490.769,1980
263576834606434,96,53,57036,509.883,1980
263576884742570,96,53,57036,509.883,1980
263576934853589,97,56,57036,529.605,1980
263576984978145,97,56,57036,529.605,1980
263577035096271,97,56,57036,551.217,1980
263577085205753,97,56,57036,551.217,1980
263577135315731,96,55,57036,570.564,1980
263577185424827,96,55,57036,570.564,1980
263577235544209,96,55,57036,588.37,1980
263577285648487,96,55,57036,588.37,1980
263577335756525,97,54,57036,585.328,1980
263577385859164,97,54,57036,585.328,1980
263577435946224,97,54,57036,576.8,1980
263577486058237,97,54,57036,576.8,1980
263577546633364,97,54,57036,575.428,1980
263577596762324,97,54,57036,575.428,1980
263577646906638,97,54,57036,541.771,1980
263577698231945,97,54,57036,541.771,1980
263577748535917,72,35,57036,522.161,1980
263577799090452,72,35,57036,522.161,1980
263577849197367,72,35,57036,502.037,1980
263577899351705,72,35,57036,502.037,1980
263577949829478,81,40,57036,479.507,1980
263577999957602,81,40,57036,479.507,1980
263578050068327,81,40,57036,459.351,1980
263578100225972,81,40,57036,459.351,1980
263578150569949,100,49,57036,436.142,1980
263578200955300,100,49,57036,436.142,1980
263578251259267,100,49,57036,414.067,1980
263578301373078,100,49,57036,414.067,1980
263578351491776,100,50,57036,389.63,1980
263578401596192,100,50,57036,389.63,1980
263578451699183,100,50,57036,400.809,1980
263578501810944,100,50,57036,400.809,1980
263578551918375,98,51,57036,405.827,1980
263578602038217,98,51,57036,405.827,1980
263578652149872,98,51,57036,438.596,1980
263578702256377,98,51,57036,438.596,1980
263578752358269,90,48,57036,463.184,1980
263578802464946,90,48,57036,463.184,1980
263578852567917,90,48,57036,485.909,1980
263578902681222,90,48,57036,485.909,1980
263578952790754,96,56,57036,504.745,1980
263579002898523,96,56,57036,504.745,1980
263579053019632,96,56,57036,528.975,1980
263579103126854,96,56,57036,528.975,1980
263579153249017,96,55,57036,545.652,1980
263579203350097,96,55,57036,545.652,1980
263579253450400,96,55,57036,574.991,1980
263579303549097,96,55,57036,574.991,1980
263579353648108,97,53,57036,595.165,1980
263579403752596,97,53,57036,595.165,1980
263579453857532,97,53,57036,590.669,1980
263579503958222,97,53,57036,590.669,1980
263579554058387,98,55,57036,582.897,1980
263579604158719,98,55,57036,582.897,1980
263579660874177,98,55,57036,576.791,1980
263579711113393,98,55,57036,576.791,1980
263579761280102,66,48,57036,549.041,1980
263579811795827,66,48,57036,549.041,1980
263579863520765,66,48,57036,523.917,1980
263579914504452,66,48,57036,523.917,1980
263579965402390,73,36,57036,500.883,1980
263580015512324,73,36,57036,500.883,1980
263580065725485,73,36,57036,481.598,1980
263580116666175,73,36,57036,481.598,1980
263580167075297,90,44,57036,462.602,1980
263580217276273,90,44,57036,462.602,1980
263580267386698,90,44,57036,437.858,1980
263580317489050,90,44,57036,437.858,1980
263580367594933,100,49,57036,412.289,1980
263580417705825,100,49,57036,412.289,1980
263580467821941,100,49,57036,383.18,1980
263580517935533,100,49,57036,383.18,1980
263580568045964,75,37,57036,390.137,1980
263580618169564,75,37,57036,390.137,1980
263580668275552,75,37,57036,394.968,1980
263580718390507,75,37,57036,394.968,1980
263580768493178,99,49,57036,423.597,1980
263580818598738,99,49,57036,423.597,1980
263580868720482,99,49,57036,444.27,1980
263580918824203,99,49,57036,444.27,1980
263580968925379,98,53,57036,466.895,1980
263581019027312,98,53,57036,466.895,1980
263581069124373,98,53,57036,488.349,1980
263581119222222,98,53,57036,488.349,1980
263581169320971,96,54,57036,505.882,1980
263581219427553,96,54,57036,505.882,1980
263581269550032,96,54,57036,525.641,1980
263581319665758,96,54,57036,525.641,1980
263581369780895,97,54,57036,553.175,1980
263581419894841,97,54,57036,553.175,1980
263581469999386,97,54,57036,574.352,1980
263581520111930,97,54,57036,574.352,1980
263581570222071,95,54,57036,578.507,1980
263581620332600,95,54,57036,570.732,1980
263581670443682,95,54,57036,570.732,1980
263581720551940,95,54,57036,567.17,1980
263581772915895,97,53,57036,567.17,1980
263581824565544,97,53,57036,550.264,1980
263581875092295,97,53,57036,550.264,1980
263581925232827,46,28,57036,529.673,1980
263581976371322,46,28,57036,529.673,1980
263582027167044,46,28,57036,506.121,1980
263582077882447,46,28,57036,506.121,1980
263582128928136,78,38,57036,483.806,1980
263582179060209,78,38,57036,483.806,1980
263582229794458,78,38,57036,465.9,1980
263582279906266,78,38,57036,465.9,1980
263582330039681,98,48,57036,448.527,1980
263582380652946,98,48,57036,448.527,1980
263582430782621,98,48,57036,422.049,1980
263582480906229,98,48,57036,422.049,1980
263582531162037,100,50,57036,403.303,1980
263582581268638,100,50,57036,403.303,1980
263582631378922,100,50,57036,396.832,1980
263582681497089,100,50,57036,396.832,1980
263582731604592,97,49,57036,405.171,1980
263582781715813,97,49,57036,405.171,1980
263582831821948,97,49,57036,422.796,1980
263582881925462,97,49,57036,422.796,1980
263582932030363,91,46,57036,447.526,1980
263582982136814,91,46,57036,447.526,1980
263583032238777,91,46,57036,467.939,1980
263583082339411,91,46,57036,467.939,1980
263583132442138,96,53,57036,489.646,1980
263583182542502,96,53,57036,489.646,1980
263583232683717,96,53,57036,509.068,1980
263583282792810,96,53,57036,509.068,1980
263583332894214,96,54,57036,528.261,1980
263583383005346,96,54,57036,528.261,1980
263583433107648,96,54,57036,553.172,1980
263583483214924,96,54,57036,553.172,1980
263583533315095,97,56,57036,568.485,1980
263583583416103,97,56,57036,568.485,1980
263583633516007,97,56,57036,581.476,1980
263583683621832,97,56,57036,581.476,1980
263583733738058,96,54,57036,574.742,1980
263583783844946,96,54,57036,574.742,1980
263583833944054,96,54,57036,569.454,1980
