t_ns,util_gpu_pct,util_mem_pct,mem_used_mib,power_w,sm_clock_mhz
263097888906794,2,0,962,113.443,1980
263097943398117,2,0,962,113.443,1980
263098003662094,2,0,962,117.945,1980
263098064291361,0,0,6852,123.148,1980
263098114523453,0,0,6852,123.148,1980
263098164760591,0,0,6852,127.564,1980
263098214906744,0,0,6852,127.564,1980
263098265020596,17,0,6852,133.07,1980
263098315198411,17,0,6852,133.07,1980
263098365415011,17,0,6852,137.283,1980
263098415634303,17,0,6852,137.283,1980
263098465856430,14,0,6852,142.112,1980
263098516093759,14,0,6852,142.112,1980
263098566326435,14,0,6852,147.596,1980
263098616554561,14,0,6852,147.596,1980
263098666771470,13,0,6852,150.562,1980
263098719011454,13,0,6852,150.562,1980
263098769216882,13,0,6852,150.245,1980
263098819443526,13,0,6852,150.245,1980
263098871098047,13,0,6852,150.268,1980
263098921334999,13,0,6852,150.268,1980
263098971563194,13,0,6852,150.4,1980
263099025039990,13,0,6852,150.4,1980
263099075267127,12,0,6852,150.497,1980
263099159767136,12,0,6872,150.535,1980
263099306565813,12,0,6872,150.385,1980
263099467386279,0,0,6872,150.227,1980
263099517606466,0,0,6872,150.227,1980
263099567786222,0,0,6872,150.119,1980
263099617992521,0,0,6872,150.119,1980
263099668170315,0,0,6872,150.013,1980
263099816990151,0,0,6872,149.924,1980
263099976692542,0,0,6872,149.689,1980
263100049201376,0,0,6872,149.689,1980
263100190115980,0,0,6872,149.504,1980
263100260470890,0,0,6872,149.504,1980
263100320710711,0,0,6872,149.504,1980
263100385996625,0,0,6872,149.517,1980
263100451278165,0,0,6872,149.517,1980
263100516558275,0,0,6872,149.521,1980
263100586895144,0,0,6872,149.524,1980
263101017942080,0,0,6872,149.485,1980
263101093360279,0,0,6872,149.457,1980
263101158650316,0,0,6872,149.45,1980
263101223936164,0,0,6872,149.45,1980
263101294279292,0,0,6872,149.435,1980
263101359564082,0,0,6872,149.429,1980
263101424845280,0,0,6872,149.429,1980
263101809570375,0,0,6872,149.426,1980
263101883920297,0,0,6872,149.448,1980
263101937512901,0,0,6872,149.448,1980
263101988268527,0,0,6872,149.476,1980
263102040536156,0,0,6872,149.476,1980
263102090725200,0,0,6872,149.482,1980
263102140932078,0,0,6872,149.482,1980
263102192965713,0,0,6872,149.498,1980
263102243326119,0,0,6872,149.498,1980
263102293487042,0,0,6872,149.502,1980
263102343619319,0,0,6872,149.502,1980
263102393738174,0,0,6872,149.509,1980
263102443897184,0,0,6872,149.509,1980
263102494068025,0,0,6872,149.502,1980
263102544575843,0,0,6872,149.502,1980
263102594741041,0,0,6872,149.476,1980
263102644960022,0,0,6872,149.476,1980
263102696447582,0,0,6872,149.464,1980
263102747269880,0,0,6872,149.464,1980
263102797766086,0,0,6872,149.449,1980
263102851943318,0,0,6872,149.449,1980
263102902061355,0,0,6872,149.451,1980
263102952188736,0,0,6872,149.451,1980
263103002357567,0,0,6872,149.444,1980
263103052521658,0,0,6872,149.444,1980
263103102647029,0,0,6872,149.454,1980
263103395276440,0,0,6872,149.499,1980
263103445554508,0,0,7036,149.499,1980
263103746151104,0,0,7036,149.605,1980
263103796328423,0,0,7520,149.617,1980
263103847094872,0,0,7520,149.617,1980
263103897334738,1,0,7520,149.604,1980
263103950693732,1,0,7520,149.604,1980
263104000868244,1,0,7520,149.597,1980
263104055160456,0,0,7520,149.588,1980
263104105291169,0,0,7520,149.588,1980
263104155929296,0,0,7520,149.602,1980
263104221309984,0,0,7520,149.602,1980
263104276532138,0,0,7520,149.564,1980
263104326833707,0,0,7520,149.564,1980
263104376970886,0,0,7520,149.589,1980
263104428366536,0,0,7520,149.589,1980
263104478479187,0,0,7520,149.563,1980
263104529251591,0,0,7520,149.563,1980
263104579441869,0,0,7520,149.563,1980
263104632546570,0,0,7520,149.563,1980
263104682756795,0,0,7520,149.594,1980
263104737861575,0,0,7520,149.594,1980
263104788135871,0,0,7520,149.583,1980
263104838298397,0,0,7520,149.583,1980
263104889834852,0,0,7520,149.582,1980
263104940361742,0,0,7520,149.582,1980
263104991121425,0,0,8828,149.596,1980
263105041292158,0,0,10136,149.596,1980
263105091449864,1,0,10136,149.6,1980
263105142204498,1,0,10136,149.6,1980
263105192341394,1,0,10582,149.613,1980
263105242576113,1,0,10582,149.613,1980
263105292712429,0,0,10582,149.61,1980
263105342886091,0,0,10582,149.61,1980
263105393063675,0,0,10582,149.588,1980
263105443205159,0,0,10582,149.588,1980
263105493325519,9,0,10582,149.652,1980
263105543437836,9,0,10582,149.652,1980
263105593546634,9,0,10582,149.722,1980
263105643676081,9,0,10582,149.722,1980
263105693844754,13,0,10582,149.787,1980
263105743971196,13,0,10582,149.787,1980
263105794091753,13,0,10582,149.89,1980
263105844210827,13,0,10582,149.89,1980
263105951010243,13,0,10582,150.018,1980
263106269871723,0,0,10582,149.951,1980
263106581942592,0,0,10116,149.768,1980
263106906966588,0,0,10156,149.479,1980
263106957195757,0,0,10156,149.387,1980
263107007332321,0,0,10156,149.387,1980
263107057448818,0,0,10156,149.393,1980
263107107563456,0,0,10156,149.393,1980
263107157671096,0,0,10156,149.406,1980
263107207778193,0,0,10156,149.406,1980
263107257882179,0,0,10156,149.405,1980
263107307986756,0,0,10156,149.405,1980
263107358048239,0,0,10156,149.391,1980
263107408201546,0,0,10156,149.391,1980
263107458369273,0,0,10156,149.417,1980
263107508494568,0,0,10156,149.417,1980
263107558669359,0,0,10156,149.41,1980
263107608834297,0,0,10156,149.41,1980
263107658965031,0,0,10156,149.386,1980
263107709077308,0,0,10156,149.386,1980
263107759184096,0,0,10156,149.396,1980
263107809298843,0,0,10156,149.396,1980
263107859439648,0,0,10156,149.397,1980
263107909603937,0,0,10156,149.397,1980
263107959763309,0,0,10156,149.383,1980
263108009920732,0,0,10156,149.383,1980
263108060061474,0,0,10156,149.382,1980
263108110214031,0,0,10156,149.382,1980
263108160383284,0,0,10156,149.39,1980
263108210550590,0,0,10156,149.39,1980
263108260704302,0,0,10156,149.377,1980
263108310862120,0,0,10156,149.377,1980
263108361012314,0,0,10156,149.377,1980
263108411200919,0,0,10156,149.377,1980
263108461370371,0,0,10156,149.372,1980
263108511528746,0,0,10156,149.372,1980
263108561694030,0,0,10156,149.35,1980
263108611836951,0,0,10156,149.35,1980
263108661996456,0,0,10156,149.339,1980
263108712157620,0,0,10156,149.339,1980
263108762280283,0,0,10156,149.376,1980
263108812397123,0,0,10156,149.376,1980
263108862575282,0,0,10156,149.377,1980
263108912730553,0,0,10156,149.377,1980
263108962903302,0,0,10156,149.393,1980
263109013040987,0,0,10156,149.393,1980
263109063146534,0,0,10156,149.383,1980
263109113285895,0,0,10156,149.383,1980
263109163449662,0,0,10156,149.368,1980
263109213610172,0,0,10156,149.368,1980
263109263784378,0,0,10156,149.358,1980
263109313955680,0,0,10156,149.358,1980
263109374221926,0,0,10156,149.368,1980
263109434043589,0,0,10156,149.368,1980
263109485627762,0,0,10156,149.361,1980
263109535820202,0,0,10184,149.361,1980
263109585990261,0,0,10282,149.391,1980
263109636114034,0,0,10574,149.391,1980
263109686241729,4,2,10574,158.725,1980
263110356373144,0,0,10574,160.535,1980
263110685585297,0,0,10254,151.335,1980
263111016957934,0,0,10282,150.419,1980
263111067138991,0,0,10366,150.998,1980
263111117307061,0,0,10344,150.998,1980
263111167536716,0,0,10370,152.276,1980
263111217724403,0,0,10352,152.276,1980
263111267838971,11,3,10374,153.681,1980
263111318014988,11,3,10378,153.681,1980
263111368153774,11,3,10380,154.748,1980
263111418301523,11,3,10378,154.748,1980
263111468473364,9,2,10370,155.888,1980
263111518634250,9,2,10392,155.888,1980
263111568765635,9,2,10380,156.991,1980
263111618877164,9,2,10402,156.991,1980
263111668996603,10,3,10406,158.251,1980
263111719131303,10,3,10390,158.251,1980
263111769256990,10,3,10394,158.994,1980
263111819386050,10,3,10398,158.994,1980
263111869527289,10,3,10416,160.09,1980
263112237375429,0,0,10406,159.975,1980
263112586454562,0,0,10320,155.21,1980
263112636654465,0,0,18718,155.21,1980
263112689434880,3,3,18718,155.675,1980
263112740592640,3,3,18718,155.675,1980
263112790911363,3,3,18718,154.678,1980
263112848850042,3,3,18718,154.678,1980
263112900101402,0,0,18718,153.527,1980
263112950230532,0,0,18718,153.527,1980
263113000387970,0,0,18718,151.795,1980
263113050507914,0,0,18718,151.795,1980
263113100779202,0,0,18718,151.837,1980
263113151508347,0,0,18718,151.837,1980
263113201700628,0,0,18718,151.899,1980
263113251839197,0,0,18718,151.899,1980
263113305599698,0,0,18718,151.879,1980
263113355779443,0,0,18718,151.879,1980
263113405904854,0,0,18718,151.902,1980
263113456356881,0,0,19038,151.902,1980
263113506511120,0,0,19038,155.741,1980
263113556659929,0,0,19038,160.742,1980
263113606813508,0,0,19040,160.742,1980
263113656972269,3,1,19042,160.944,1980
263113707080758,3,1,19042,160.944,1980
263113757407340,3,1,19042,161.086,1980
263113807567502,3,1,19042,161.086,1980
263113857728696,10,3,19042,162.6,1980
263114231388114,0,0,18790,162.906,1980
263114281541760,0,0,18874,163.55,1980
263114331698745,0,0,18848,163.55,1980
263114381852484,0,0,18848,165.069,1980
263114432016725,0,0,18848,165.069,1980
263114482148564,11,3,18848,163.064,1980
263114532266393,11,3,18864,163.064,1980
263114582393310,11,3,18848,159.716,1980
263114632541318,11,3,18848,159.716,1980
263114682667931,11,3,18848,159.76,1980
263114732830378,11,3,18848,159.76,1980
263114782953853,11,3,18868,160.662,1980
263114833057844,11,3,18848,160.662,1980
263114883164002,12,4,18868,159.877,1980
263114933286510,12,4,18848,159.877,1980
263114983422437,12,4,18848,160.159,1980
263115033530996,12,4,18850,160.159,1980
263115083646607,11,4,18872,161.426,1980
263115133777519,11,4,18854,161.426,1980
263115183953573,11,4,18856,162.792,1980
263115562361739,0,0,18858,158.376,1980
263115613787952,0,0,18858,158.376,1980
263115663920415,0,0,18858,157.254,1980
263115721315218,0,0,18858,157.254,1980
263115771477575,0,0,18858,156.146,1980
263115821686771,0,0,18858,156.146,1980
263115871828428,0,0,18858,155.336,1980
263115922142145,0,0,18858,155.336,1980
263115972368061,0,0,18858,154.541,1980
263116023063686,0,0,18858,154.541,1980
263116073226862,0,0,18858,153.499,1980
263116123358170,0,0,18858,153.499,1980
263116173483696,0,0,18858,151.645,1980
263116223645032,0,0,18858,151.645,1980
263116273838247,0,0,18858,150.735,1980
263116323981031,0,0,18858,150.735,1980
263116374072008,0,0,18858,150.7,1980
263116424228269,0,0,18858,150.7,1980
263116474510886,0,0,18858,150.732,1980
263116524959023,0,0,18858,150.732,1980
263116590303424,0,0,18858,150.706,1980
263116640452839,0,0,18858,150.706,1980
263117023511585,0,0,18858,150.664,1980
263117073870903,0,0,18858,150.664,1980
263117124050508,0,0,18858,150.664,1980
263117230705252,0,0,18858,150.653,1980
263117378749110,0,0,18858,150.629,1980
263117429401449,0,0,18858,150.629,1980
263117480016723,0,0,18858,150.944,1980
263117530977019,0,0,18858,150.944,1980
263117581736942,0,0,18858,151.577,1980
263117631845835,0,0,18858,151.577,1980
263117681956214,2,2,18898,151.995,1980
263117862435898,2,2,18898,156.051,1980
263117913500943,0,0,18898,156.051,1980
263117964688093,0,0,18898,171.544,1980
263118016153817,0,0,18898,171.544,1980
263118067042482,76,37,18898,193.023,1980
263118117736807,76,37,18898,193.023,1980
263118167936714,76,37,18898,214.35,1980
263118218114420,76,37,18898,214.35,1980
263118269426706,77,38,18898,235.452,1980
263118320224127,77,38,18898,235.452,1980
263118370377142,77,38,18898,257.776,1980
263118421060305,77,38,18898,257.776,1980
263118471269341,92,45,18898,279.038,1980
263118521441085,92,45,18898,279.038,1980
263118571631729,92,45,18898,300.585,1980
263118622329459,92,45,18898,300.585,1980
263118672632980,100,50,18898,318.914,1980
263118722798665,100,50,18898,318.914,1980
263118772988714,100,50,18898,330.467,1980
263118823211396,100,50,18898,330.467,1980
263118873397555,100,50,18898,352.917,1980
263118923567685,100,50,18898,352.917,1980
263118973808264,100,50,18898,355.432,1980
263119024073987,100,50,18898,355.432,1980
263119074238262,100,51,18898,353.638,1980
263119124432881,100,51,18898,353.638,1980
263119174614365,100,51,18898,349.183,1980
263119224751120,100,51,18898,349.183,1980
263119274865110,21,10,18962,330.061,1980
263119325012090,21,10,21008,330.061,1980
263119375122643,21,10,25652,332.255,1980
263119425297608,21,10,27878,332.255,1980
263119475433501,92,51,27878,359.096,1980
263119525550289,92,51,27878,359.096,1980
263119575660783,92,51,27878,387.005,1965
263119625769982,92,51,27878,387.005,1965
263119675878480,99,54,27878,419.16,1965
263119726016776,99,54,27878,419.16,1965
263119776170679,99,54,27878,440.936,1980
263119826306085,99,54,27908,440.936,1980
263119876414572,32,16,42024,439.108,1980
263119926554491,32,16,46536,439.108,1980
263119976680255,32,16,46538,441.544,1980
263120026788694,32,16,46538,441.544,1980
263120076949612,89,50,48764,465.906,1980
263120127052176,89,50,53212,465.906,1980
263120177166693,89,50,53212,495.081,1980
263120227283438,89,50,53212,495.081,1980
263120277392066,97,58,53212,537.418,1980
263120327508525,97,58,53212,537.418,1980
263120377618149,97,58,53212,562.102,1980
263120427730879,97,58,53212,562.102,1980
263120477842131,97,57,53212,559.706,1980
263120527947354,97,57,53212,559.706,1980
263120578059851,97,57,53212,556.375,1980
263120628198060,97,57,53212,556.375,1980
263120678391036,96,56,53212,550.408,1980
263120728496903,96,56,53212,550.408,1980
263120778603759,96,56,53212,548.766,1980
263120828711971,96,56,53212,548.766,1980
263120878816993,96,59,53212,578.863,1980
263120928929862,96,59,53212,578.863,1980
263120979044767,96,59,53212,602.298,1980
263121029147180,96,59,53212,602.298,1980
263121079250984,99,60,53212,607.053,1980
263121129355206,99,60,53212,607.053,1980
263121179457943,99,60,53212,607.415,1980
263121229564432,99,60,53212,607.415,1980
263121279670638,99,61,53212,610.461,1980
263121329781992,99,61,53212,610.461,1980
263121380052953,99,61,53212,579.859,1980
263121431067639,99,61,53212,579.859,1980
263121482172348,18,17,53212,534.97,1980
263121532837688,18,17,53212,534.97,1980
263121582951038,18,17,53212,491.636,1980
263121633085780,18,17,53212,491.636,1980
263121684491856,32,15,53212,460.968,1980
263121734613199,32,15,53212,460.968,1980
263121785933695,32,15,53212,439.621,1980
263121837434503,32,15,53212,439.621,1980
263121888021266,74,37,53212,415.857,1980
263121939108952,74,37,53212,415.857,1980
263121989222347,74,37,53212,393.873,1980
263122040161904,74,37,53212,393.873,1980
263122090577573,87,43,53212,369.482,1980
263122140709661,87,43,53212,369.482,1980
263122190945068,87,43,53212,342.332,1980
263122241079495,87,43,53212,342.332,1980
263122291264765,100,49,53212,320.325,1980
263122341433301,100,49,53212,320.325,1980
263122391555783,100,49,53212,326.641,1980
263122441712820,100,49,53212,326.641,1980
263122491867264,100,50,53212,343.039,1980
263122542084526,100,50,53212,343.039,1980
263122592270203,100,50,53212,365.892,1980
263122642475146,100,50,53212,365.892,1980
263122692675068,100,51,53212,368.13,1980
263122742907358,100,51,53212,368.13,1980
263122793118573,100,51,53212,366.385,1980
263122843310735,100,51,53212,366.385,1980
263122893489227,100,51,53212,363.751,1980
263122943706345,100,51,53212,363.751,1980
263122993893775,100,51,53212,361.177,1980
263123044059738,100,51,53212,361.177,1980
263123094182651,61,32,57944,370.144,1980
263123144289826,61,32,57944,370.144,1980
263123194396583,61,32,57944,403.047,1980
263123244504189,61,32,57944,403.047,1980
263123294610758,99,55,57944,431.831,1980
263123344718121,99,55,57944,431.831,1980
263123394826899,99,55,57944,460.376,1980
263123444930494,99,55,57944,460.376,1980
263123495041867,99,55,57944,486.846,1980
263123545148849,99,55,62674,486.846,1980
263123595252048,99,55,62674,511.869,1980
263123645399493,99,55,62674,511.869,1980
263123695585131,98,54,62674,540.352,1980
263123745740609,98,54,67402,540.352,1980
263123795864503,98,54,67402,567.538,1980
263123845989027,98,54,67402,567.538,1980
263123896103027,100,57,67402,589.536,1980
263123946210312,100,57,67402,589.536,1980
263123996316311,100,57,67402,623.008,1980
263124046422063,100,57,67402,623.008,1980
263124096527497,97,57,67402,635.447,1980
263124146630137,97,57,67402,635.447,1980
263124196733363,97,57,67402,629.077,1980
263124246898307,97,57,67402,629.077,1980
263124297066364,97,56,67402,619.779,1980
263124347191791,97,56,67402,619.779,1980
263124397299783,97,56,67402,611.2,1980
263124447405339,97,56,67402,611.2,1980
263124497511899,97,56,67402,609.965,1980
263124547617881,97,56,67402,609.965,1980
263124597727815,97,56,67402,613.188,1965
263124647835929,97,56,67402,613.188,1965
263124697942026,97,55,67402,613.487,1965
263124748046645,97,55,67402,613.487,1965
263124798149869,97,55,67402,605.249,1980
263124848305866,97,55,67402,605.249,1980
263124898438145,97,55,67402,612.389,1980
263124948548607,97,55,67402,612.389,1980
263125000978869,97,55,67402,609.896,1980
263125051834947,97,55,67402,609.896,1980
263125102662771,61,46,67402,584.05,1980
263125153237324,61,46,67402,584.05,1980
263125208347092,61,46,67402,534.51,1980
263125259981548,61,46,67402,534.51,1980
263125310112196,10,5,67402,497.97,1980
263125361587625,10,5,67402,497.97,1980
263125411918448,10,5,67402,472.983,1980
263125462091270,10,5,67402,472.983,1980
263125512580310,77,38,67402,449.596,1980
263125562699985,77,38,67402,420.981,1980
263125613262536,77,38,67402,420.981,1980
263125664326557,86,42,67402,399.603,1980
263125714978537,86,42,67402,399.603,1980
263125765088480,86,42,67402,381.218,1980
263125816965598,86,42,67402,381.218,1980
263125867078522,100,49,67402,357.899,1980
263125917287930,100,49,67402,357.899,1980
263125967500408,100,49,67402,333.993,1980
263126017680388,100,49,67402,333.993,1980
263126067882939,100,50,67402,330.642,1980
263126118030981,100,50,67402,330.642,1980
263126168166668,100,50,67402,347.875,1980
263126218420415,100,50,67402,347.875,1980
263126268542807,100,50,67402,361.159,1980
263126318676009,100,50,67402,361.159,1980
263126369033547,100,50,67402,361.176,1980
263126419195403,100,50,67402,361.176,1980
263126469346082,100,51,67402,359.463,1980
263126519542643,100,51,67402,359.463,1980
263126577271365,100,51,67402,356.086,1980
263126627429875,100,51,67402,356.086,1980
263126677552450,73,39,72162,363.475,1980
263126727660391,73,39,72162,363.475,1980
263126777781065,73,39,72162,395.571,1980
263126827887789,73,39,72162,395.571,1980
263126877992154,99,55,72162,424.434,1965
263126928123999,99,55,72162,424.434,1965
263126978228403,99,55,72162,452.314,1965
263127028336403,99,55,72162,452.314,1965
263127078448060,99,54,72162,479.449,1965
263127128555052,99,54,72164,479.449,1965
263127178661388,99,54,72164,504.158,1980
263127228786901,99,54,72164,504.158,1980
263127278912097,97,55,72164,528.687,1980
263127329029011,97,55,72164,528.687,1980
263127379134423,97,55,72164,554.812,1980
263127429241225,97,55,72164,554.812,1980
263127479355905,97,57,72164,575.808,1980
263127529462382,97,57,72164,575.808,1980
263127579566379,97,57,72164,605.625,1980
263127630136693,97,57,72164,605.625,1980
263127680240824,97,56,72164,618.192,1980
263127730347856,97,56,72164,618.192,1980
263127780459291,97,56,72164,612.3,1980
263127830573017,97,56,72164,612.3,1980
263127880688531,96,57,72164,603.286,1980
263127930800541,96,57,72164,603.286,1980
263127980982595,96,57,72164,597.663,1980
263128031158702,96,57,72164,597.663,1980
263128081332256,94,59,72164,595.229,1980
263128131483976,94,59,72164,595.229,1980
263128181607669,94,59,72164,597.769,1980
263128231720153,94,59,72164,597.769,1980
263128281828733,98,60,72164,599.055,1980
263128331994729,98,60,72164,599.055,1980
263128382134720,98,60,72164,598.198,1980
263128432238109,98,60,72164,598.198,1980
263128482343232,98,61,72164,598.502,1980
263128532448606,98,61,72164,598.502,1980
263128583113046,98,61,72164,577.224,1980
263128633827402,98,61,72164,577.224,1980
263128684620633,2,2,72164,533.857,1980
263128734755795,2,2,72164,533.857,1980
263128786186311,2,2,72164,493.29,1980
263128836337834,2,2,72164,493.29,1980
263128887823110,70,33,72164,470.179,1980
263128937944845,70,33,72164,470.179,1980
263128989261971,70,33,72164,446.665,1980
263129039397561,70,33,72164,446.665,1980
263129090350901,74,37,72164,421.039,1980
263129141651852,74,37,72164,421.039,1980
263129192226079,74,37,72164,398.87,1980
263129242769589,74,37,72164,398.87,1980
263129293816945,80,40,72164,376.706,1980
263129343994216,80,40,72164,376.706,1980
263129394206893,80,40,72164,354.737,1980
263129444948412,80,40,72164,354.737,1980
263129495050716,99,47,72164,334.925,1980
263129545209365,99,47,72164,334.925,1980
263129595397392,99,47,72164,330.979,1980
263129645562466,99,47,72164,330.979,1980
263129695851772,100,50,72164,351.758,1980
263129746018808,100,50,72164,351.758,1980
263129796172996,100,50,72164,369.734,1980
263129846342874,100,50,72164,369.734,1980
263129896532822,100,50,72164,370.871,1980
263129946698119,100,50,72164,370.871,1980
263129996920517,100,50,72164,369.258,1980
263130047082171,100,50,72164,369.258,1980
263130097271403,100,51,72164,366.8,1980
263130147433471,100,51,72164,366.8,1980
263130197575309,100,51,72164,363.896,1980
263130247700237,100,51,72164,363.896,1980
263130297814338,65,34,72164,374.357,1965
263130347922045,65,34,72164,374.357,1965
263130398030829,65,34,72164,407.053,1965
263130448153398,65,34,72164,407.053,1965
263130498271192,99,55,72164,435.038,1965
263130548395978,99,55,72164,435.038,1965
263130598530086,99,55,72164,466.247,1980
263130648645828,99,55,72164,466.247,1980
263130698775529,99,55,72164,496.514,1980
263130748895180,99,55,72164,496.514,1980
263130799009623,99,55,72164,520.754,1980
263130849116592,99,55,72164,520.754,1980
263130899230076,98,60,72164,551.478,1980
263130949349448,98,60,72164,551.478,1980
263130999462878,98,60,72164,580.844,1965
263131049565929,98,60,72164,580.844,1965
263131099737367,98,61,72164,601.374,1965
263131149869987,98,61,72164,601.374,1965
263131199977407,98,61,72164,637.138,1965
263131250082037,98,61,72164,637.138,1965
263131300186704,98,61,72164,650.789,1980
263131350290401,98,61,72164,650.789,1980
263131400392048,98,61,72164,644.078,1980
263131450494984,98,61,72164,644.078,1980
263131500601690,98,62,72164,636.998,1980
263131550707268,98,62,72164,636.998,1980
263131600810190,98,62,72164,634.272,1980
263131650912322,98,62,72164,634.272,1980
263131701020660,98,61,72164,626.656,1980
263131751123190,98,61,72164,626.656,1980
263131801225159,98,61,72164,626.544,1980
263131851327488,98,61,72164,626.544,1980
263131901430533,98,61,72164,622.217,1980
263131951531110,98,61,72164,622.217,1980
263132001631118,98,61,72164,620.181,1980
263132051732531,98,61,72164,620.181,1980
263132101835456,98,61,72164,618.946,1980
263132151957494,98,61,72164,618.946,1980
263132202068156,98,61,72164,616.784,1980
263132252172532,98,61,72164,616.784,1980
263132303858466,98,61,72164,615.964,1980
263132354513533,98,61,72164,615.964,1980
263132405453363,98,61,72164,583.143,1980
263132456217140,98,61,72164,583.143,1980
263132510126506,2,2,72164,538.624,1980
263132560561275,2,2,72164,538.624,1980
263132610734835,2,2,72164,496.654,1980
263132662760217,2,2,72164,496.654,1980
263132714304349,74,36,72164,472.578,1980
263132765538907,74,36,72164,472.578,1980
263132816885710,74,36,72164,442.601,1980
263132867532557,80,39,72164,420.985,1980
263132917779348,80,39,72164,420.985,1980
263132968931881,80,39,72164,397.645,1980
263133019176568,80,39,72164,397.645,1980
263133069287603,89,43,72164,376.533,1980
263133119987468,89,43,72164,376.533,1980
263133170081566,89,43,72164,359.44,1980
263133220249406,89,43,72164,359.44,1980
263133270374728,100,49,72164,332.479,1980
263133320486067,100,49,72164,332.479,1980
263133370647231,100,49,72164,334.88,1980
263133420877280,100,49,72164,334.88,1980
263133471098868,100,51,72164,351.7,1980
263133521263684,100,51,72164,351.7,1980
263133571427688,100,51,72164,362.54,1980
263133621608898,100,51,72164,362.54,1980
263133671865747,100,50,72164,362.898,1980
263133722060549,100,50,72164,362.898,1980
263133772524493,100,50,72164,362.179,1980
263133822737088,100,50,72164,362.179,1980
263133872892814,100,51,72164,360.013,1980
263133926489594,100,51,72164,360.013,1980
263133976639184,100,51,72164,353.756,1980
263134026747640,100,51,72164,353.756,1980
263134076917566,89,51,72164,386.541,1980
263134127084378,89,51,72164,386.541,1980
263134177209290,89,51,72164,414.795,1980
263134227328487,89,51,72164,414.795,1980
263134277441640,99,56,72164,442.495,1980
263134327550555,99,56,72164,442.495,1980
263134377658055,99,56,72164,478.653,1950
263134427777964,99,56,72164,478.653,1950
263134477948228,89,50,72164,504.015,1965
263134528054095,89,50,72164,504.015,1965
263134578163541,89,50,72164,523.992,1965
263134628275496,89,50,72164,523.992,1965
263134678387005,97,55,72164,550.092,1965
263134728495026,97,55,72164,550.092,1965
263134778598706,97,55,72164,575.689,1980
263134828705552,97,55,72164,575.689,1980
263134878810459,97,56,72164,607.147,1980
263134928914518,97,56,72164,607.147,1980
263134979019975,97,56,72164,638.535,1980
263135029124058,97,56,72164,638.535,1980
263135079226111,97,56,72164,632.634,1980
263135129334002,97,56,72164,632.634,1980
263135179451364,97,56,72164,629.276,1980
263135229556353,97,56,72164,629.276,1980
263135279657541,97,56,72164,626.21,1980
263135329762791,97,56,72164,626.21,1980
263135379865516,97,56,72164,618.823,1980
263135430044216,97,56,72164,618.823,1980
263135480181774,96,57,72164,617.632,1980
263135530298531,96,57,72164,617.632,1980
263135580427459,96,57,72164,621.229,1980
263135630539478,96,57,72164,621.229,1980
263135680648389,96,60,72164,625.157,1980
263135730754959,96,60,72164,625.157,1980
263135780929802,96,60,72164,620.352,1980
263135831049784,96,60,72164,620.352,1980
263135881160121,96,60,72164,621.055,1980
263135932193330,96,60,72164,621.055,1980
263135982842910,96,60,72164,611.371,1980
263136033493495,96,60,72164,611.371,1980
263136084434156,32,30,72164,568.299,1980
263136135075049,32,30,72164,568.299,1980
263136185244301,32,30,72164,521.592,1980
263136235602980,32,30,72164,521.592,1980
263136287488619,29,14,72164,486.418,1980
263136338917205,29,14,72164,486.418,1980
263136390202780,29,14,72164,461.016,1980
263136441787273,29,14,72164,461.016,1980
263136491973594,76,37,72164,436.771,1980
263136543438320,76,37,72164,436.771,1980
263136593970301,76,37,72164,415.245,1980
263136644920917,76,37,72164,415.245,1980
263136696378327,85,41,72164,387.445,1980
263136746921798,85,41,72164,387.445,1980
263136797401970,85,41,72164,373.138,1980
263136848120848,85,41,72164,373.138,1980
263136898252694,100,49,72164,346.106,1980
263136948795203,100,49,72164,346.106,1980
263136999028611,100,49,72164,327.545,1980
263137049165698,100,49,72164,327.545,1980
263137099318656,100,50,72164,334.812,1980
263137149727767,100,50,72164,334.812,1980
263137199860328,100,50,72164,353.248,1980
263137250023112,100,50,72164,353.248,1980
263137300140364,100,51,72164,362.34,1980
263137350265200,100,51,72164,362.34,1980
263137400438867,100,51,72164,361.168,1980
263137450604957,100,51,72164,361.168,1980
263137500773389,100,51,72164,358.746,1980
263137550935878,100,51,72164,358.746,1980
263137601092870,100,51,72164,356.204,1980
263137651222509,100,51,72164,356.204,1980
263137701339387,63,34,72164,365.362,1980
263137751445196,63,34,72164,365.362,1980
263137801554885,63,34,72164,399.081,1980
263137851668936,63,34,72164,399.081,1980
263137901776802,99,56,72164,427.602,1965
263137951907832,99,56,72164,427.602,1965
263138002022554,99,56,72164,459.224,1965
263138052134173,99,56,72164,459.224,1965
263138102247627,99,55,72164,491.301,1965
263138152359701,99,55,72164,491.301,1965
263138202534422,99,55,72164,515.56,1965
263138252668088,99,55,72164,515.56,1965
263138302789208,98,58,72164,539.938,1965
263138352916273,98,58,72164,539.938,1965
263138403092664,98,58,72164,567.874,1980
263138453225530,98,58,72164,567.874,1980
263138503333012,100,58,72164,594.137,1980
263138553438828,100,58,72164,594.137,1980
263138603546310,100,58,72164,621.469,1980
263138653654934,100,58,72164,621.469,1980
263138703766149,100,58,72164,632.007,1980
263138753872256,100,58,72164,632.007,1980
263138803977347,100,58,72164,623.221,1980
263138854084285,100,58,72164,623.221,1980
263138904206581,100,57,72164,615.601,1980
263138954333018,100,57,72164,615.601,1980
263139004492277,100,57,72164,613.414,1980
263139054651510,100,57,72164,613.414,1980
263139104767267,100,58,72164,606.936,1980
263139154873025,100,58,72164,606.936,1980
263139204976616,100,58,72164,609.7,1980
263139255047533,100,58,72164,609.7,1980
263139305151239,97,57,72164,609.914,1980
263139355254541,97,57,72164,609.914,1980
263139405356420,97,57,72164,606.665,1980
263139455462652,97,57,72164,606.665,1980
263139505568036,97,57,72164,610.28,1980
263139555720523,97,57,72164,610.28,1980
263139605854388,97,57,72164,612.405,1965
263139655969320,97,57,72164,612.405,1965
263139706756543,96,63,72164,603.648,1965
263139757335154,96,63,72164,603.648,1965
263139807985986,96,63,72164,558.683,1965
263139858063774,96,63,72164,558.683,1965
263139908674150,2,2,72164,517.362,1980
263139960244765,2,2,72164,517.362,1980
263140011667005,2,2,72164,487.02,1980
263140063069402,2,2,72164,487.02,1980
263140113912566,76,37,72164,465.285,1980
263140164754615,76,37,72164,465.285,1980
263140214958840,76,37,72164,435.59,1980
263140265365081,76,37,72164,435.59,1980
263140316366402,86,42,72164,412.907,1980
263140366602177,86,42,72164,412.907,1980
263140417082241,86,42,72164,388.806,1980
263140467311250,86,42,72164,388.806,1980
263140517928239,100,49,72164,365.48,1980
263140568364000,100,49,72164,365.48,1980
263140618616672,100,49,72164,341.534,1980
263140668798524,100,49,72164,341.534,1980
263140718978170,100,50,72164,323.831,1980
263140769181208,100,50,72164,323.831,1980
263140819346450,100,50,72164,338.142,1980
263140869507972,100,50,72164,338.142,1980
263140919820537,100,50,72164,360.744,1980
263140969965088,100,50,72164,360.655,1980
263141020131942,100,50,72164,360.655,1980
263141070364944,100,50,72164,359.923,1980
263141120528324,100,51,72164,359.923,1980
263141170717589,100,51,72164,353.486,1980
263141220877364,100,51,72164,353.486,1980
263141270985631,61,34,72164,377.56,1980
263141321046608,61,34,72164,377.56,1980
263141371150289,61,34,72164,406.471,1980
263141421255106,61,34,72164,406.471,1980
263141471407723,99,55,72164,434.342,1965
263141521534382,99,55,72164,434.342,1965
263141571698734,99,55,72164,467.535,1965
263141621843806,99,55,72164,467.535,1965
263141671968947,90,49,72164,489.455,1965
263141722086720,90,49,72164,489.455,1965
263141772715240,90,49,72164,518.503,1980
263141822827185,90,49,72164,518.503,1980
263141872936116,96,54,72164,539.65,1980
263141923044925,96,54,72164,539.65,1980
263141973148516,96,54,72164,567.913,1980
263142023257961,96,54,72164,567.913,1980
263142073362572,96,59,72164,591.783,1980
263142123484659,96,59,72164,591.783,1980
263142173588953,96,59,72164,625.824,1980
263142223689279,96,59,72164,625.824,1980
263142273802410,98,60,72164,623.181,1980
263142323933029,98,60,72164,623.181,1980
263142374069541,98,60,72164,618.649,1980
263142424202759,98,60,72164,618.649,1980
263142474320918,98,62,72164,611.568,1980
263142524434828,98,62,72164,611.568,1980
263142574550845,98,62,72164,609.428,1980
263142624668214,98,62,72164,609.428,1980
263142674783113,100,60,72164,606.9,1980
263142724896112,100,60,72164,606.9,1980
263142775009024,100,60,72164,607.284,1980
263142825157388,100,60,72164,607.284,1980
263142875278123,97,57,72164,608.328,1980
263142925383333,97,57,72164,608.328,1980
263142975501803,97,57,72164,608.228,1980
263143025631418,97,57,72164,608.228,1980
263143076690985,67,51,72164,581.926,1980
263143127325724,67,51,72164,581.926,1980
263143177971861,67,51,72164,537.765,1980
263143228108156,67,51,72164,537.765,1980
263143279263193,6,3,72164,503.071,1980
263143329421680,6,3,72164,503.071,1980
263143380894204,6,3,72164,480.444,1980
263143431016422,6,3,72164,480.444,1980
263143482026984,73,36,72164,453.237,1980
263143533147243,73,36,72164,453.237,1980
263143584362864,73,36,72164,429.74,1980
263143635548611,73,36,72164,429.74,1980
263143686202277,83,41,72164,404.964,1980
263143736732392,83,41,72164,404.964,1980
263143787420776,83,41,72164,386.673,1980
263143837590689,83,41,72164,386.673,1980
263143887748774,99,49,72164,365.548,1980
263143937916332,99,49,72164,365.548,1980
263143988116244,99,49,72164,337.835,1980
263144038636524,99,49,72164,337.835,1980
263144088801407,100,50,72164,337.882,1980
263144138948080,100,50,72164,337.882,1980
263144189109244,100,50,72164,352.239,1980
263144239340199,100,50,72164,352.239,1980
263144289537280,100,51,72164,365.634,1980
263144339698106,100,51,72164,365.634,1980
263144389920513,100,51,72164,365.791,1980
263144440091168,100,51,72164,365.791,1980
263144490223627,100,51,72164,363.516,1980
263144540386699,100,51,72164,363.516,1980
263144590529390,100,51,72164,360.667,1980
263144640710687,100,51,72164,360.667,1980
263144690858205,70,36,72164,358.404,1980
263144740977307,70,36,72164,358.404,1980
263144791085590,70,36,72164,386.133,1980
263144841192305,70,36,72164,386.133,1980
263144891298947,99,55,72164,414.738,1980
263144941404976,99,55,72164,414.738,1980
263144991521624,99,55,72164,444.302,1965
263145041630007,99,55,72164,444.302,1965
263145092485165,99,55,72164,477.504,1965
263145142595571,99,55,72164,477.504,1965
263145192707224,99,55,72164,505.971,1965
263145242856593,99,55,72164,505.971,1965
263145293025024,96,58,72164,526.784,1980
263145343147612,96,58,72164,526.784,1980
263145393251617,96,58,72164,559.186,1950
263145443355466,96,58,72164,559.186,1950
263145493470875,98,61,72164,583.298,1965
263145543587106,98,61,72164,583.298,1965
263145593688096,98,61,72164,607.577,1965
263145643789044,98,61,72164,607.577,1965
263145693890712,99,61,72164,631.466,1980
263145743992581,99,61,72164,631.466,1980
263145794046049,99,61,72164,629.043,1965
263145844214348,99,61,72164,629.043,1965
263145894356028,100,57,72164,617.84,1965
263145944486757,100,57,72164,617.84,1965
263145994606744,100,57,72164,610.992,1965
263146044732877,100,57,72164,610.992,1965
263146094849300,100,57,72164,601.939,1980
263146144973434,100,57,72164,601.939,1980
263146195049096,100,57,72164,602.36,1980
263146245185124,100,57,72164,602.36,1980
263146295298056,97,56,72164,601.887,1980
263146345412952,97,56,72164,601.887,1980
263146395528271,97,56,72164,598.096,1980
263146445639017,97,56,72164,598.096,1980
263146495744098,97,56,72164,597.003,1980
263146545862663,97,56,72164,597.003,1980
263146595972209,97,56,72164,602.728,1980
263146647387033,97,56,72164,602.728,1980
263146698445970,97,65,72164,590.896,1980
263146750034024,97,65,72164,590.896,1980
263146800845263,97,65,72164,542.691,1980
263146851689669,97,65,72164,542.691,1980
263146901846498,2,2,72164,504.766,1980
263146953593890,2,2,72164,504.766,1980
263147003838456,2,2,72164,481.08,1980
263147055363746,2,2,72164,481.08,1980
263147106965449,74,36,72164,458.774,1980
263147157922563,74,36,72164,458.774,1980
263147208085341,74,36,72164,432.417,1980
263147259375586,74,36,72164,432.417,1980
263147309559002,79,39,72164,408.03,1980
263147359690285,79,39,72164,408.03,1980
263147410575464,79,39,72164,390.525,1980
263147461506113,79,39,72164,390.525,1980
263147512184849,96,46,72164,367.781,1980
263147562723846,96,46,72164,367.781,1980
263147613097675,96,46,72164,342.96,1980
263147663782441,96,46,72164,342.96,1980
263147714065096,93,46,72164,333.473,1980
263147764218577,93,46,72164,333.473,1980
263147820046639,93,46,72164,350.35,1980
263147966794208,93,46,72164,373.647,1980
263148016960658,100,50,72164,372.256,1980
263148067080840,100,50,72164,372.256,1980
263148117337412,100,51,72164,370.485,1980
263148167497295,100,51,72164,370.485,1980
263148217645350,100,51,72164,367.773,1980
263148267764651,100,51,72164,367.773,1980
263148317929390,100,51,72164,363.663,1980
263148368112652,100,51,72164,363.663,1980
263148418287767,100,51,72164,381.791,1980
263148468502399,100,51,72164,381.791,1980
263148518667511,98,55,72164,410.749,1965
263148568859318,98,55,72164,410.749,1965
263148619056059,98,55,72164,438.39,1965
263148669226303,98,55,72164,438.39,1965
263148719393430,99,55,72164,466.004,1965
263148769913328,99,55,72164,466.004,1965
263148820049909,99,55,72164,495.435,1965
263148870163128,99,55,72164,495.435,1965
263148920278987,89,50,72164,519.28,1980
263148970395249,89,50,72164,519.28,1980
263149020510092,89,50,72164,539.991,1980
263149070681980,89,50,72164,539.991,1980
263149120808684,95,55,72164,571.32,1980
263149170937995,95,55,72164,571.32,1980
263149221048678,95,55,72164,593.319,1980
263149271184797,95,55,72164,593.319,1980
263149321353348,95,58,72164,626.226,1980
263149371524088,95,58,72164,626.226,1980
263149421652076,95,58,72164,629.149,1980
263149471754171,95,58,72164,629.149,1980
263149521875077,95,57,72164,623.401,1980
263149572058505,95,57,72164,623.401,1980
263149622186262,95,57,72164,615.863,1980
263149672290205,95,57,72164,615.863,1980
263149722391929,95,58,72164,610.692,1980
263149772502726,95,58,72164,610.692,1980
263149822633742,95,58,72164,606.503,1980
263149872748986,95,58,72164,606.503,1980
263149922885549,95,59,72164,610.081,1980
263149973051833,95,59,72164,610.081,1980
263150023208150,95,59,72164,611.164,1980
263150073355366,95,59,72164,611.164,1980
263150123475583,95,59,72164,615.6,1980
263150173587861,95,59,72164,615.6,1980
263150223706271,95,59,72164,614.925,1980
263150273827656,95,59,72164,614.925,1965
263150323932011,94,58,72164,619.447,1965
263150374037655,94,58,72164,619.447,1965
263150425034980,94,58,72164,618.923,1965
263150475861859,49,40,72164,575.898,1965
263150526778509,49,40,72164,575.898,1965
263150577441141,49,40,72164,533.389,1980
263150628730320,49,40,72164,533.389,1980
263150678870591,19,9,72164,501.116,1980
263150731128908,19,9,72164,501.116,1980
263150781279488,19,9,72164,477.519,1980
263150832122296,19,9,72164,477.519,1980
263150882404331,75,37,72164,451.879,1980
263150932532356,75,37,72164,451.879,1980
263150982731331,75,37,72164,426.092,1980
263151033799470,75,37,72164,426.092,1980
263151084802370,85,41,72164,398.507,1980
263151136023503,85,41,72164,398.507,1980
263151186191613,85,41,72164,377.036,1980
263151236364374,85,41,72164,377.036,1980
263151286910789,100,48,72164,350.764,1980
263151337052872,100,48,72164,350.764,1980
263151387172944,100,48,72164,333.134,1980
263151437329716,100,48,72164,333.134,1980
263151487450136,100,50,72164,345.025,1980
263151537594049,100,50,72164,345.025,1980
263151587731231,100,50,72164,363.876,1980
263151637861784,100,50,72164,363.876,1980
263151687981190,100,51,72164,366.346,1980
263151738102100,100,51,72164,366.346,1980
263151788216141,100,51,72164,375.301,1980
263151838321160,100,51,72164,375.301,1980
263151888423453,99,55,72164,403.677,1950
263151938527377,99,55,72164,403.677,1950
263151988643615,99,55,72164,439.049,1965
263152038749452,99,55,72164,439.049,1965
263152088850495,99,54,72164,465.663,1965
263152138960863,99,54,72164,465.663,1965
263152189099208,99,54,72164,486.616,1980
263152239261233,99,54,72164,486.616,1980
263152290004288,92,53,72164,509.424,1980
263152340126977,92,53,72164,509.424,1980
263152390244981,92,53,72164,536.73,1980
263152440353628,92,53,72164,536.73,1980
263152490456528,98,59,72164,555.977,1980
263152540556434,98,59,72164,555.977,1980
263152590658705,98,59,72164,583.147,1980
263152640768295,98,59,72164,583.147,1980
263152690900463,97,56,72164,608.808,1980
263152741020757,97,56,72164,608.808,1980
263152791163137,97,56,72164,629.904,1980
263152841295240,97,56,72164,629.904,1980
263152891413499,96,54,72164,620.688,1980
263152941525748,96,54,72164,620.688,1980
263152991649104,96,54,72164,614.671,1980
263153041757286,96,54,72164,614.671,1980
263153091875836,95,57,72164,609.93,1980
263153141986108,95,57,72164,609.93,1980
263153192045365,95,57,72164,611.993,1980
263153242144669,95,57,72164,611.993,1980
263153292246181,98,58,72164,604.817,1980
263153342383547,98,58,72164,604.817,1980
263153392505735,98,58,72164,605.32,1980
263153442614253,98,58,72164,605.32,1980
263153493671854,98,58,72164,595.354,1980
263153544541692,98,58,72164,595.354,1980
263153595509343,98,58,72164,548.943,1980
263153646165428,98,58,72164,548.943,1980
263153696815699,2,2,72164,504.057,1980
263153746990371,2,2,72164,504.057,1980
263153798234234,2,2,72164,481.253,1980
263153849059188,2,2,72164,481.253,1980
263153900346345,75,36,72164,453.759,1980
263153951812693,75,36,72164,453.759,1980
263154002669082,75,36,72164,428.642,1980
263154052830313,75,36,72164,428.642,1980
263154102976530,79,38,72164,409.596,1980
263154153758737,79,38,72164,409.596,1980
263154204600449,79,38,72164,381.376,1980
263154254888889,79,38,72164,381.376,1980
263154305821673,89,44,72164,365.801,1980
263154356692719,89,44,72164,365.801,1980
263154407125592,89,44,72164,338.983,1980
263154457231589,89,44,72164,338.983,1980
263154507372088,100,49,72164,330.613,1980
263154557534666,100,49,72164,330.613,1980
263154607656384,100,49,72164,344.752,1980
263154657854232,100,49,72164,344.752,1980
263154707998595,100,50,72164,363.57,1980
263154758154851,100,50,72164,363.57,1980
263154808331561,100,50,72164,366.807,1980
263154858496674,100,50,72164,366.807,1980
263154908631012,100,51,72164,366.528,1980
263154958767713,100,51,72164,366.528,1980
263155008943438,100,51,72164,364.436,1980
263155059110543,100,51,72164,364.436,1980
263155109243812,100,51,72164,359.767,1980
263155159417131,100,51,72164,359.767,1980
263155209638077,100,51,72164,381.996,1980
263155259759417,100,51,72164,381.996,1980
263155309862675,99,57,72164,414.382,1950
263155359999251,99,57,72164,414.382,1950
263155410143638,99,57,72164,441.764,1965
263155460276081,99,57,72164,441.764,1965
263155510396988,99,55,72164,467.929,1965
263155560520197,99,55,72164,467.929,1965
263155610644060,99,55,72164,502.121,1980
263155660773430,99,55,72164,502.121,1980
263155710928838,89,50,72164,523.242,1980
263155761056644,89,50,72164,523.242,1980
263155811173405,89,50,72164,554.019,1980
263155861288266,89,50,72164,554.019,1980
263155911461156,97,55,72164,579.352,1980
263155961639630,97,55,72164,579.352,1980
263156011779084,97,55,72164,609.111,1980
263156061896677,97,55,72164,609.111,1980
263156111999480,97,56,72164,634.958,1965
263156162158482,97,56,72164,634.958,1965
263156212332141,97,56,72164,644.841,1965
263156262459908,97,56,72164,644.841,1965
263156312577080,97,56,72164,636.073,1950
263156362735986,97,56,72164,636.073,1950
263156412904043,97,56,72164,628.043,1965
263156463061764,97,56,72164,628.043,1965
263156513182053,97,56,72164,628.033,1965
263156563293793,97,56,72164,628.033,1965
263156613444913,97,56,72164,622.545,1965
263156663617365,97,56,72164,622.545,1965
263156713784453,97,56,72164,625.555,1965
263156763945315,97,56,72164,625.555,1965
263156814070872,97,56,72164,622.224,1980
263156864223593,97,56,72164,622.224,1980
263156914384280,97,56,72164,622.97,1980
263156964516722,97,56,72164,622.97,1980
263157014625033,97,56,72164,622.91,1980
263157064740155,97,56,72164,622.91,1980
263157115085402,97,56,72164,621.459,1980
263157165277859,97,56,72164,621.459,1980
263157217402656,97,56,72164,620.512,1980
263157268482234,97,56,72164,620.512,1980
263157319604002,70,52,72164,583.222,1980
263157370602962,70,52,72164,583.222,1980
263157420830247,70,52,72164,541.593,1980
263157471016101,70,52,72164,541.593,1980
263157521146270,6,3,72164,504.965,1980
263157572949901,6,3,72164,504.965,1980
263157629121833,6,3,72164,478.866,1980
263157679277928,74,36,72164,450.11,1980
263157729506727,74,36,72164,450.11,1980
263157779660379,74,36,72164,431.742,1980
263157829846493,74,36,72164,431.742,1980
263157880086412,82,41,72164,407.013,1980
263157930279335,82,41,72164,407.013,1980
263157980432986,82,41,72164,381.371,1980
263158031496798,82,41,72164,381.371,1980
263158081747721,95,46,72164,357.057,1980
263158132663622,95,46,72164,357.057,1980
263158182824006,95,46,72164,342.101,1980
263158232977732,95,46,72164,342.101,1980
263158283135379,100,49,72164,347.331,1980
263158333535488,100,49,72164,347.331,1980
263158383941544,100,49,72164,365.859,1980
263158434405103,100,49,72164,365.859,1980
263158484580199,100,50,72164,373.476,1980
263158534694647,100,50,72164,373.476,1980
263158584903964,100,50,72164,374.414,1980
263158635024223,100,50,72164,374.414,1980
263158685195846,100,50,72164,372.083,1980
263158735342261,100,50,72164,372.083,1980
263158785530180,100,50,72164,369.634,1980
263158850531597,100,50,72164,369.634,1980
263158900639861,97,49,72164,363.361,1980
263158950744669,97,49,72164,363.361,1980
263159000845387,97,49,72164,394.783,1980
263159050957877,97,49,72164,394.783,1980
263159101066635,99,56,72164,422.752,1965
263159151236258,99,56,72164,422.752,1965
263159201377270,99,56,72164,450.114,1965
263159251492911,99,56,72164,450.114,1965
263159301596570,99,55,72164,478.728,1965
263159351708461,99,55,72164,478.728,1965
263159401821841,99,55,72164,507.627,1980
263159451926587,99,55,72164,507.627,1980
263159502041381,95,57,72164,528.644,1980
263159552155162,95,57,72164,528.644,1980
263159602261407,95,57,72164,554.595,1980
263159652362658,95,57,72164,554.595,1980
263159702461694,98,60,72164,578.444,1980
263159752566466,98,60,72164,578.444,1980
263159802668180,98,60,72164,604.277,1980
263159852809802,98,60,72164,604.277,1980
263159902936677,98,60,72164,637.905,1980
263159953042818,98,60,72164,637.905,1980
263160003143988,98,60,72164,632.761,1980
263160053253034,98,60,72164,632.761,1980
263160103357206,98,60,72164,620.978,1980
263160153489605,98,60,72164,620.978,1980
263160203608038,98,60,72164,614.273,1980
263160253709255,98,60,72164,614.273,1980
263160303809956,98,61,72164,606.302,1980
263160353954796,98,61,72164,606.302,1980
263160404077092,98,61,72164,613.978,1980
263160454217251,98,61,72164,613.978,1980
263160504343478,98,61,72164,610.949,1980
263160554452243,98,61,72164,610.949,1980
263160604555852,98,61,72164,610.381,1980
263160654656685,98,61,72164,610.381,1980
263160704758435,100,61,72164,611.066,1980
263160754862416,100,61,72164,611.066,1980
263160804972933,100,61,72164,617.236,1980
263160855079091,100,61,72164,617.236,1980
263160905835000,100,57,72164,619.453,1980
263160956566534,100,57,72164,619.453,1980
263161007415515,100,57,72164,574.177,1980
263161058323775,100,57,72164,574.177,1980
263161110577251,2,2,72164,533.041,1980
263161160790094,2,2,72164,533.041,1980
263161210940422,2,2,72164,505.04,1980
263161262226189,2,2,72164,505.04,1980
263161313611167,74,36,72164,481.807,1980
263161365043426,74,36,72164,481.807,1980
263161416281019,74,36,72164,450.053,1980
263161466793439,74,36,72164,450.053,1980
263161516989584,83,41,72164,430.699,1980
263161567154003,83,41,72164,430.699,1980
263161617321003,83,41,72164,407.884,1980
263161667558445,83,41,72164,407.884,1980
263161717836976,97,48,72164,386.619,1980
263161768022083,97,48,72164,386.619,1980
263161818185900,97,48,72164,357.535,1980
263161868338404,97,48,72164,357.535,1980
263161918460666,100,50,72164,336.267,1980
263161968642001,100,50,72164,336.267,1980
263162020874764,100,50,72164,347.832,1980
263162071025763,100,50,72164,347.832,1980
263162121144599,83,42,72164,370.21,1980
263162171276774,83,42,72164,370.21,1980
263162221469046,83,42,72164,403.809,1980
263162271650910,83,42,72164,403.809,1980
263162321779983,99,53,72164,431.559,1980
263162372052747,99,53,72164,431.559,1980
263162422159070,99,53,72164,454.687,1980
263162472315122,99,53,72164,454.687,1980
263162522538820,88,50,72164,476.842,1980
263162572678777,88,50,72164,476.842,1980
263162622796247,88,50,72164,497.029,1980
263162672973726,88,50,72164,497.029,1980
263162723133205,98,58,72164,516.147,1980
263162773555944,98,58,72164,516.147,1980
263162823695491,98,58,72164,536.573,1980
263162873811898,98,58,72164,536.573,1980
263162923963371,95,56,72164,560.073,1980
263162974087245,95,56,72164,560.073,1980
263163024212362,95,56,72164,582.763,1980
263163074319978,95,56,72164,582.763,1980
263163124428180,98,58,72164,609.874,1980
263163174582559,98,58,72164,609.874,1980
263163224752061,98,58,72164,608.116,1980
263163274878788,98,58,72164,608.116,1980
263163324988937,95,56,72164,604.319,1980
263163375102883,95,56,72164,604.319,1980
263163425251998,95,56,72164,604.234,1980
263163476832727,95,56,72164,604.234,1980
263163527858957,98,58,72164,600.157,1980
263163578469898,98,58,72164,600.157,1980
263163629360933,98,58,72164,560.098,1980
263163687135996,2,2,72164,516.888,1980
263163737339157,2,2,72164,516.888,1980
263163789048933,2,2,72164,485.408,1980
263163839210907,2,2,72164,485.408,1980
263163889971730,74,36,72164,459.436,1980
263163941357617,74,36,72164,459.436,1980
263163991593566,74,36,72164,439.552,1980
263164041756514,74,36,72164,439.552,1980
263164092660901,79,39,72164,416.054,1980
263164143081583,79,39,72164,416.054,1980
263164193866568,79,39,72164,392.642,1980
263164244893014,79,39,72164,392.642,1980
263164295023433,99,48,72164,368.88,1980
263164345189566,99,48,72164,368.88,1980
263164395942344,99,48,72164,350.609,1980
263164446518081,99,48,72164,350.609,1980
263164496776228,100,50,72164,325.748,1980
263164546932729,100,50,72164,325.748,1980
263164597093461,100,50,72164,343.536,1980
263164647365667,100,50,72164,343.536,1980
263164697504711,100,50,72164,362.245,1980
263164747634284,100,50,72164,362.245,1980
263164797801136,100,50,72164,366.544,1980
263164848027247,100,50,72164,366.544,1980
263164898192216,100,50,72164,365.323,1980
263164948371113,100,50,72164,365.323,1980
263164998710960,100,50,72164,361.712,1980
263165067157933,100,50,72164,361.712,1980
263165117334678,100,51,72164,354.896,1980
263165167507171,100,51,72164,354.896,1980
263165217639550,100,51,72164,383.503,1965
263165267759208,100,51,72164,383.503,1965
263165317919273,99,55,72164,411.743,1965
263165368069785,99,55,72164,411.743,1965
263165418241968,99,55,72164,442.954,1965
263165468389269,99,55,72164,442.954,1965
263165518568016,99,55,72164,474.223,1965
263165568757808,99,55,72164,474.223,1965
263165618910541,99,55,72164,499.577,1965
263165669083413,99,55,72164,499.577,1965
263165719247600,88,53,72164,525.175,1965
263165769415201,88,53,72164,525.175,1965
263165819572687,88,53,72164,549.986,1965
263165869700569,88,53,72164,549.986,1965
263165919811810,98,59,72164,572.835,1980
263165970098195,98,59,72164,572.835,1980
263166020262673,98,59,72164,602.728,1980
263166070444763,98,59,72164,602.728,1980
263166120583403,98,60,72164,637.913,1980
263166170702132,98,60,72164,637.913,1980
263166220808229,98,60,72164,632.645,1980
263166270962029,98,60,72164,632.645,1980
263166321087708,98,60,72164,623.667,1980
263166371201078,98,60,72164,623.667,1980
263166421306470,98,60,72164,621.615,1980
263166471447277,98,60,72164,621.615,1980
263166521613069,98,60,72164,613.483,1980
263166571769568,98,60,72164,613.483,1980
263166621894718,98,60,72164,608.8,1980
263166672007413,98,60,72164,608.8,1980
263166722112282,98,60,72164,606.242,1980
263166772247429,98,60,72164,606.242,1980
263166822379209,98,60,72164,608.852,1980
263166872529770,98,60,72164,608.852,1980
263166922677766,98,60,72164,608.513,1980
263166972830362,98,60,72164,608.513,1980
263167022997296,98,60,72164,605.249,1980
263167073129092,98,60,72164,605.249,1980
263167124018782,100,60,72164,601.894,1980
263167174912309,100,60,72164,601.894,1980
263167225785260,100,60,72164,562.544,1980
263167276450759,100,60,72164,562.544,1980
263167327935012,2,2,72164,518.23,1980
263167378461218,2,2,72164,518.23,1980
263167428613239,2,2,72164,484.319,1980
263167478795946,2,2,72164,484.319,1980
263167528970820,74,36,72164,461.843,1980
263167579136266,74,36,72164,461.843,1980
263167629247472,74,36,72164,436.755,1980
263167679435539,74,36,72164,436.755,1980
263167729945828,81,39,72164,420.341,1980
263167780611892,81,39,72164,420.341,1980
263167830727059,81,39,72164,397.598,1980
263167880871717,81,39,72164,397.598,1980
263167931322971,99,48,72164,374.942,1980
263167981896346,99,48,72164,374.942,1980
263168032311033,99,48,72164,352.319,1980
263168082543853,99,48,72164,352.319,1980
263168132710469,100,50,72164,333.842,1980
263168182922480,100,50,72164,333.842,1980
263168233085669,100,50,72164,345.432,1980
263168283209059,100,50,72164,359.649,1980
263168333397199,100,51,72164,359.649,1980
263168383635074,100,51,72164,367.201,1980
263168433789725,100,51,72164,367.201,1980
263168483911526,100,51,72164,366.09,1980
263168534041052,100,51,72164,366.09,1980
263168585261995,100,51,72164,365.103,1980
263168635373239,100,51,72164,365.103,1980
263168685540411,78,41,72164,383.631,1980
263168735673116,78,41,72164,383.631,1980
263168785787381,78,41,72164,411.011,1965
263168835915878,78,41,72164,411.011,1965
263168886040696,99,54,72164,438.969,1965
263168936153789,99,54,72164,438.969,1965
263168986260918,99,54,72164,465.261,1980
263169036383101,99,54,72164,465.261,1980
263169086490642,92,50,72164,491.61,1980
263169136610123,92,50,72164,491.61,1980
263169186721679,92,50,72164,511.729,1980
263169236826475,92,50,72164,511.729,1980
263169286934856,97,55,72164,540.771,1980
263169337044718,97,55,72164,540.771,1980
263169387146582,97,55,72164,563.544,1980
263169437247163,97,55,72164,563.544,1980
263169487352777,96,55,72164,591.147,1980
263169537451927,96,55,72164,591.147,1980
263169587551680,96,55,72164,621.084,1980
263169637652088,96,55,72164,621.084,1980
263169687754880,96,59,72164,626.548,1980
263169737870802,96,59,72164,626.548,1980
263169788039850,96,59,72164,623.127,1980
263169838212729,96,59,72164,623.127,1980
263169888370695,98,60,72164,615.935,1980
263169938494802,98,60,72164,615.935,1980
263169988604080,98,60,72164,611.223,1980
263170038706659,98,60,72164,611.223,1980
263170088861049,98,61,72164,610.317,1980
263170138984827,98,61,72164,610.317,1980
263170189050142,98,61,72164,612.353,1980
263170239158594,98,61,72164,612.353,1980
263170289311116,100,61,72164,609.202,1980
263170339439006,100,61,72164,609.202,1980
263170389546296,100,61,72164,612.35,1980
263170439689515,100,61,72164,612.35,1980
263170490353905,96,60,72164,596.677,1980
263170541402386,96,60,72164,596.677,1980
263170592136576,96,60,72164,555.83,1980
263170642878817,96,60,72164,555.83,1980
263170693671790,2,2,72164,513.144,1980
263170743893737,2,2,72164,513.144,1980
263170795300918,2,2,72164,482.248,1980
263170845496003,2,2,72164,482.248,1980
263170897357708,74,36,72164,462.254,1980
263170948672995,74,36,72164,462.254,1980
263170999470290,74,36,72164,433.495,1980
263171049865812,74,36,72164,433.495,1980
263171101066361,77,39,72164,414.932,1980
263171151571492,77,39,72164,414.932,1980
263171201700542,77,39,72164,391.649,1980
263171252052647,77,39,72164,391.649,1980
263171302576310,87,42,72164,369.65,1980
263171353428396,87,42,72164,369.65,1980
263171404293269,87,42,72164,351.624,1980
263171454457478,87,42,72164,351.624,1980
263171504800704,100,49,72164,337.341,1980
263171555020652,100,49,72164,337.341,1980
263171605211936,100,49,72164,362.036,1980
263171655728811,100,49,72164,362.036,1980
263171706030803,100,51,72164,380.854,1980
263171756207414,100,51,72164,380.854,1980
263171806319759,100,51,72164,380.378,1980
263171856535320,100,51,72164,380.378,1980
263171906651372,100,51,72164,379.792,1980
263171956777446,100,51,72164,379.792,1980
263172006963831,100,51,72164,377.955,1980
263172057084120,100,51,72164,377.955,1980
263172107250278,100,51,72164,372.519,1980
263172157419235,100,51,72164,372.519,1980
263172207547279,100,51,72164,388.614,1980
263172257694409,100,51,72164,388.614,1980
263172307851820,99,56,72164,422.01,1950
263172358010186,99,56,72164,422.01,1950
263172408171455,99,56,72164,448.928,1965
263172458328557,99,56,72164,448.928,1965
263172508456562,99,55,72164,479.787,1965
263172558571195,99,55,72164,479.787,1965
263172608687267,99,55,72164,501.118,1980
263172658804473,99,55,72164,501.118,1980
263172708947709,89,50,72164,522.978,1980
263172759074704,89,50,72164,522.978,1980
263172809183190,89,50,72164,548.712,1980
263172859287110,89,50,72164,548.712,1980
263172909387821,95,57,72164,580.267,1980
263172959577293,95,57,72164,580.267,1980
263173009746981,95,57,72164,608.099,1980
263173059876821,95,57,72164,608.099,1980
263173110022619,95,58,72164,638.602,1980
263173160158388,95,58,72164,638.602,1980
263173210339584,95,58,72164,645.767,1980
263173260473909,95,58,72164,645.767,1980
263173310577830,95,58,72164,638.88,1965
263173360685912,95,58,72164,638.88,1965
263173410793256,95,58,72164,629.131,1965
263173460898204,95,58,72164,629.131,1965
263173510999078,95,57,72164,623.287,1965
263173561173142,95,57,72164,623.287,1965
263173611349144,95,57,72164,618.003,1980
263173661513701,95,57,72164,618.003,1980
263173711639745,98,59,72164,624.493,1980
263173761745407,98,59,72164,624.493,1980
263173811865708,98,59,72164,628.287,1980
263173862032595,98,59,72164,628.287,1980
263173912171804,98,60,72164,626.721,1980
263173962277552,98,60,72164,626.721,1980
263174012380232,98,60,72164,624.136,1980
263174062531144,98,60,72164,624.136,1980
263174112712384,98,60,72164,622.35,1980
263174163770045,98,60,72164,622.35,1980
263174214850942,98,60,72164,596.481,1980
263174265739640,98,60,72164,596.481,1980
263174316731018,2,2,72164,547.293,1980
263174366853732,2,2,72164,547.293,1980
263174418312703,2,2,72164,512.618,1980
263174468521007,2,2,72164,512.618,1980
263174519911356,62,29,72164,487.057,1980
263174571726133,62,29,72164,487.057,1980
263174622438897,62,29,72164,464.325,1980
263174672898968,62,29,72164,464.325,1980
263174723061827,77,38,72164,434.06,1980
263174774313789,77,38,72164,434.06,1980
263174824503023,77,38,72164,413.65,1980
263174874941319,77,38,72164,413.65,1980
263174925099323,88,43,72164,386.509,1980
263174975264683,88,43,72164,386.509,1980
263175025466542,88,43,72164,359.699,1980
263175075640753,88,43,72164,359.699,1980
263175125814237,100,49,72164,342.657,1980
263175176048093,100,49,72164,342.657,1980
263175226498135,100,49,72164,340.491,1980
263175276634270,100,49,72164,340.491,1980
263175326758960,100,50,72164,359.865,1980
263175376906966,100,50,72164,359.865,1980
263175427074351,100,50,72164,375.672,1980
263175477215709,100,50,72164,375.672,1980
263175527388001,100,50,72164,376.716,1980
263175577517323,100,50,72164,376.716,1980
263175627863019,100,50,72164,374.891,1980
263175678015908,100,50,72164,374.891,1980
263175739969589,100,51,72164,371.804,1980
263175790126941,100,51,72164,368.23,1980
263175840249145,100,51,72164,368.23,1980
263175890361857,75,42,72164,399.415,1980
263175940476758,75,42,72164,399.415,1980
263175990659767,75,42,72164,427.282,1965
263176040809502,75,42,72164,427.282,1965
263176090927951,99,55,72164,458.764,1950
263176141038865,99,55,72164,458.764,1950
263176191171315,99,55,72164,484.412,1965
263176241342997,99,55,72164,484.412,1965
263176291475949,89,50,72164,514.699,1965
263176341585802,89,50,72164,514.699,1965
263176391684877,89,50,72164,537.806,1965
263176441841281,89,50,72164,537.806,1965
263176491971504,97,54,72164,563.972,1980
263176542098354,97,54,72164,563.972,1980
263176592260418,97,54,72164,589.596,1980
263176642383747,97,54,72164,589.596,1980
263176692539026,97,56,72164,618.603,1950
263176742701587,97,56,72164,618.603,1950
263176792927919,97,56,72164,643.835,1965
263176843062127,97,56,72164,643.835,1965
263176893183895,97,56,72164,637.304,1965
263176943338605,97,56,72164,637.304,1965
263176993502218,97,56,72164,625.652,1980
263177043628829,97,56,72164,625.652,1980
263177093733195,96,55,72164,621.797,1980
263177143889641,96,55,72164,621.797,1980
263177194068955,96,55,72164,612.516,1980
263177244200159,96,55,72164,612.516,1980
263177294308848,96,56,72164,611.871,1980
263177344417935,96,56,72164,611.871,1980
263177394539265,96,56,72164,606.486,1980
263177444652332,96,56,72164,606.486,1980
263177494756682,95,56,72164,605.14,1980
263177544858688,95,56,72164,605.14,1980
263177594968845,95,56,72164,607.846,1980
263177645074927,95,56,72164,607.846,1980
263177695224286,95,59,72164,607.356,1965
263177745349154,95,59,72164,607.356,1965
263177795472144,95,59,72164,601.338,1965
263177846178707,95,59,72164,601.338,1965
263177897094345,43,37,72164,558.449,1965
263177948054915,43,37,72164,558.449,1965
263177998236888,43,37,72164,516.349,1980
263178048960470,43,37,72164,516.349,1980
263178099127852,20,10,72164,486.543,1980
263178149297907,20,10,72164,486.543,1980
263178200756251,20,10,72164,462.136,1980
263178252146297,20,10,72164,462.136,1980
263178303297818,73,36,72164,436.198,1980
263178353653082,73,36,72164,436.198,1980
263178405182193,73,36,72164,417.532,1980
263178455503556,73,36,72164,417.532,1980
263178506792733,82,40,72164,392.166,1980
263178556973921,82,40,72164,392.166,1980
263178607722198,82,40,72164,376.488,1980
263178658440147,82,40,72164,376.488,1980
263178709325565,96,47,72164,348.352,1980
263178759703116,96,47,72164,348.352,1980
263178809806230,96,47,72164,333.668,1980
263178860014806,96,47,72164,333.668,1980
263178910263464,100,50,72164,346.586,1980
263178960696873,100,50,72164,346.586,1980
263179011025268,100,50,72164,368.518,1980
263179061418146,100,50,72164,368.518,1980
263179111609006,100,50,72164,375.676,1980
263179161748825,100,50,72164,375.676,1980
263179211856817,100,50,72164,375.13,1980
263179262005475,100,50,72164,375.13,1980
263179312145459,100,51,72164,376.045,1980
263179362329786,100,51,72164,376.045,1980
263179412497139,100,51,72164,371.164,1980
263179462642083,100,51,72164,371.164,1980
263179697395916,73,39,72164,450.248,1965
263179762761004,99,56,72164,450.248,1965
263179816041966,99,56,72164,477.906,1965
263179869866292,99,56,72164,477.906,1965
263179920031356,99,55,72164,503.694,1950
263179980377255,99,55,72164,503.694,1950
263180031546123,99,55,72164,523.633,1965
263180082066081,99,55,72164,523.633,1965
263180132204044,99,59,72164,543.964,1965
263180182357639,99,59,72164,543.964,1965
263180232518100,99,59,72164,575.84,1980
263180282642497,99,59,72164,575.84,1980
263180332791539,100,58,72164,596.999,1980
263180382941236,100,58,72164,596.999,1980
263180433055365,100,58,72164,626.539,1980
263180483165121,100,58,72164,626.539,1980
263180533271468,100,57,72164,632.883,1980
263180583380248,100,57,72164,632.883,1980
263180633779212,100,57,72164,623.961,1980
263180683965456,100,57,72164,623.961,1980
263180734090867,100,58,72164,617.434,1980
263180784271288,100,58,72164,617.434,1980
263180834443811,100,58,72164,613.236,1980
263180884611404,100,58,72164,613.236,1980
263180934783221,96,57,72164,607.819,1980
263180984971463,96,57,72164,607.819,1980
263181035188930,96,57,72164,602.98,1980
263181085357839,96,57,72164,602.98,1980
263181135500169,96,56,72164,609.853,1980
263181185660663,96,56,72164,609.853,1980
263181235850776,96,56,72164,603.616,1965
263181286018673,96,56,72164,603.616,1965
263181336195168,96,56,72164,605.328,1965
263181386327426,96,56,72164,605.328,1965
263181438236024,96,56,72164,603.298,1965
263181489060769,96,56,72164,603.298,1980
263181539914401,96,67,72164,578.03,1980
263181590978821,96,67,72164,531.685,1980
263181645119263,96,67,72164,531.685,1980
263181695398387,2,2,72164,494.342,1980
263181745508766,2,2,72164,494.342,1980
263181796840901,2,2,72164,468.679,1980
263181848089990,2,2,72164,468.679,1980
263181899100352,71,36,72164,449.527,1980
263181950167685,71,36,72164,449.527,1980
263182000425092,71,36,72164,429.61,1980
263182050592329,71,36,72164,429.61,1980
263182101152494,81,42,72164,402.429,1980
263182151297589,81,42,72164,402.429,1980
263182201507958,81,42,72164,384.465,1980
263182251663748,81,42,72164,384.465,1980
263182301782130,98,51,72164,373.161,1980
263182351898397,98,51,72164,373.161,1980
263182402062275,98,51,72164,352.14,1980
263182452214965,98,51,72164,352.14,1980
263182502332191,100,53,72164,346.194,1980
263182552586735,100,53,72164,346.194,1980
263182602901883,100,53,72164,362.484,1980
263182653017459,100,53,72164,362.484,1980
263182703122602,100,53,72164,377.572,1980
263182753473963,100,53,72164,377.572,1980
263182803740570,100,53,72164,378.666,1980
263182853904205,100,53,72164,378.666,1980
263182904860826,100,54,72164,377.107,1980
263182954975434,100,54,72164,377.107,1980
263183005078565,100,54,72164,388.423,1980
263183055181277,100,54,72164,388.423,1980
263183105285841,99,56,72164,421.446,1950
263183155387035,99,56,72164,421.446,1950
263183205517718,99,56,72164,449.214,1965
263183255628170,99,56,72164,449.214,1965
263183305742409,99,55,72164,474.572,1965
263183358912977,99,55,72164,474.572,1965
263183409080014,99,55,72164,499.927,1965
263183459251011,99,55,72164,499.927,1965
263183509376035,88,52,72164,525.825,1965
263183559487628,88,52,72164,525.825,1965
263183609622976,88,52,72164,551.133,1965
263183659758573,88,52,72164,551.133,1965
263183709876364,95,59,72164,573.574,1965
263183759983380,95,59,72164,573.574,1965
263183810048008,95,59,72164,604.259,1980
263183860154350,95,59,72164,604.259,1980
263183910263002,98,61,72164,629.442,1980
263183960370244,98,61,72164,629.442,1980
263184010534759,98,61,72164,640.238,1980
263184060666750,98,61,72164,640.238,1980
263184110782134,98,62,72164,627.525,1980
263184160890348,98,62,72164,627.525,1980
263184210999501,98,62,72164,621.487,1980
263184261161118,98,62,72164,621.487,1980
263184311276192,100,63,72164,610.93,1980
263184361383394,100,63,72164,610.93,1980
263184411488450,100,63,72164,607.28,1980
263184461594857,100,63,72164,607.28,1980
263184511702720,97,59,72164,603.483,1980
263184561806886,97,59,72164,603.483,1980
263184611917695,97,59,72164,603.686,1980
263184662052008,97,59,72164,603.686,1980
263184712157705,97,58,72164,601.818,1980
263184762261314,97,58,72164,601.818,1980
263184818136491,97,58,72164,599.654,1980
263184868995338,97,58,72164,599.654,1980
263184919736541,76,56,72164,568.624,1980
263184970863890,76,56,72164,568.624,1980
263185030010572,76,56,72164,526.559,1980
263185080166082,76,56,72164,526.559,1980
263185130360300,2,2,72164,491.024,1980
263185180514003,2,2,72164,491.024,1980
263185231198901,2,2,72164,465.195,1980
263185281351665,2,2,72164,465.195,1980
263185331513202,71,37,72164,447.576,1980
263185382162123,71,37,72164,447.576,1980
263185432391385,71,37,72164,424.595,1980
263185483004378,71,37,72164,424.595,1980
263185533440183,78,41,72164,401.294,1980
263185584588015,78,41,72164,401.294,1980
263185634734088,78,41,72164,380.541,1980
263185685438525,78,41,72164,380.541,1980
263185736042514,92,47,72164,358.886,1980
263185786525666,92,47,72164,358.886,1980
263185836678218,92,47,72164,339.252,1980
263185886806819,92,47,72164,339.252,1980
263185936985092,100,53,72164,346.845,1980
263185987187719,100,53,72164,346.845,1980
263186037443428,100,53,72164,362.256,1980
263186087707222,100,53,72164,362.256,1980
263186147583059,100,53,72164,378.129,1980
263186197740769,100,53,72164,371.555,1980
263186247912508,100,53,72164,371.555,1980
263186298046914,59,35,72164,402.391,1980
263186348168708,59,35,72164,402.391,1980
263186398293956,59,35,72164,433.555,1980
263186448418305,59,35,72164,433.555,1980
263186498538018,98,58,72164,462.82,1980
263186548653362,98,58,72164,462.82,1980
263186598771210,98,58,72164,485.347,1965
263186648944810,98,58,72164,485.347,1965
263186699076363,82,51,72164,508.064,1965
263186749190969,82,51,72164,508.064,1965
263186799303687,82,51,72164,529.59,1980
263186849411419,82,51,72164,529.59,1980
263186899525109,98,60,72164,551.523,1980
263186949672596,98,60,72164,551.523,1980
263186999833427,98,60,72164,581.474,1980
263187049958498,98,60,72164,581.474,1980
263187100068810,100,61,72164,603.587,1980
263187150174259,100,61,72164,603.587,1980
263187200329023,100,61,72164,630.825,1980
263187250459342,100,61,72164,630.825,1980
263187300563270,97,58,72164,634.313,1980
263187350679726,97,58,72164,634.313,1980
263187400852926,97,58,72164,623.403,1980
263187450956474,97,58,72164,623.403,1980
263187501060057,95,60,72164,619.432,1980
263187551166768,95,60,72164,619.432,1980
263187601288804,95,60,72164,614.201,1980
263187651414976,95,60,72164,614.201,1980
263187701541671,98,60,72164,611.547,1980
263187751670276,98,60,72164,611.547,1980
263187801804431,98,60,72164,613.907,1980
263187854614164,98,60,72164,613.907,1980
263187905595567,97,60,72164,600.59,1980
263187956274676,97,60,72164,600.59,1980
263188007208513,97,60,72164,554.868,1980
263188067592023,97,60,72164,554.868,1980
263188119083627,2,2,72164,509.773,1980
263188170147445,2,2,72164,509.773,1980
263188220308357,2,2,72164,485.147,1980
263188271108131,2,2,72164,485.147,1980
263188321863011,70,36,72164,460.741,1980
263188372057060,70,36,72164,460.741,1980
263188422943553,70,36,72164,442.965,1980
263188474329489,70,36,72164,442.965,1980
263188525232671,77,40,72164,417.97,1980
263188575612466,77,40,72164,417.97,1980
263188625845749,77,40,72164,389.875,1980
263188676124094,77,40,72164,389.875,1980
263188726313263,95,49,72164,370.958,1980
263188776445085,95,49,72164,370.958,1980
263188826595786,95,49,72164,350.366,1980
263188876950688,95,49,72164,350.366,1980
263188927096272,100,53,72164,334.547,1980
263188978021763,100,53,72164,334.547,1980
263189028137975,100,53,72164,346.378,1980
263189078242162,100,53,72164,346.378,1980
263189128377576,64,35,72164,393.502,1980
263189178501574,64,35,72164,393.502,1980
263189228611652,64,35,72164,429.107,1965
263189278753032,64,35,72164,429.107,1965
263189328881258,99,54,72164,456.509,1965
263189379052493,99,54,72164,456.509,1965
263189429181534,99,54,72164,482.587,1965
263189479304333,99,54,72164,482.587,1965
263189529410484,95,54,72164,499.927,1980
263189579514923,95,54,72164,499.927,1980
263189629621875,95,54,72164,522.591,1980
263189679725927,95,54,72164,522.591,1980
263189729830250,97,55,72164,544.693,1980
263189779934986,97,55,72164,544.693,1980
263189830040686,97,55,72164,569.302,1980
263189880158587,97,55,72164,569.302,1980
263189930265100,98,58,72164,588.45,1980
263189980367640,98,58,72164,588.45,1980
263190030472437,98,58,72164,612.595,1980
263190080579379,98,58,72164,612.595,1980
263190130700831,97,56,72164,619.758,1980
263190180812517,97,56,72164,619.758,1980
263190230920973,97,56,72164,609.151,1980
263190281032087,97,56,72164,609.151,1980
263190331137339,94,57,72164,601.884,1980
263190381240310,94,57,72164,601.884,1980
263190431400118,94,57,72164,604.242,1980
263190482433491,94,57,72164,604.242,1980
263190533448636,97,67,72164,585.209,1980
263190584089616,97,67,72164,585.209,1980
263190635055487,97,67,72164,539.853,1980
263190685231101,97,67,72164,539.853,1980
263190737090191,2,2,72164,493.274,1980
263190788519385,2,2,72164,493.274,1980
263190838706417,2,2,72164,473.445,1980
263190888958517,2,2,72164,473.445,1980
263190939646325,71,36,72164,447.494,1980
263190989798985,71,36,72164,447.494,1980
263191040658051,71,36,72164,430.093,1980
263191091079740,71,36,72164,430.093,1980
263191141280162,80,42,72164,405.248,1980
263191192145159,80,42,72164,405.248,1980
263191242342488,80,42,72164,385.784,1980
263191292543042,80,42,72164,385.784,1980
263191342951262,93,47,72164,366.846,1980
263191393615237,93,47,72164,366.846,1980
263191443781432,93,47,72164,343.678,1980
263191493937681,93,47,72164,343.678,1980
263191544069110,100,53,72164,347.795,1980
263191594178228,100,53,72164,347.795,1980
263191644336909,100,53,72164,367.218,1980
263191694482839,100,53,72164,367.218,1980
263191744594011,100,53,72164,383.599,1980
263191794702065,100,53,72164,383.599,1980
263191845145954,100,53,72164,382.676,1980
263191895544490,100,53,72164,377.833,1980
263191945664558,100,53,72164,377.833,1980
263191995779764,100,53,72164,406.026,1965
263192045900015,100,53,72164,406.026,1965
263192096016738,98,56,72164,436.824,1920
263192146124464,98,56,72164,436.824,1920
263192196234424,98,56,72164,462.348,1965
263192246338201,98,56,72164,462.348,1965
263192296439826,99,55,72164,489.019,1965
263192346568617,99,55,72164,489.019,1965
263192396712942,99,55,72164,509.04,1965
263192446837059,99,55,72164,509.04,1965
263192496946094,92,54,72164,533.951,1980
263192547059135,92,54,72164,533.951,1980
263192597174608,92,54,72164,557.365,1980
263192647285155,92,54,72164,557.365,1980
263192697416641,98,60,72164,580.8,1980
263192747530297,98,60,72164,580.8,1980
263192797632706,98,60,72164,611.57,1980
263192847743669,98,60,72164,611.57,1980
263192897850775,98,61,72164,631.317,1980
263192947966217,98,61,72164,631.317,1980
263192998051105,98,61,72164,636.272,1980
263193048158779,98,61,72164,636.272,1980
263193098268719,97,58,72164,629.487,1980
263193148379649,97,58,72164,629.487,1980
263193198484095,97,58,72164,622.141,1980
263193248589341,97,58,72164,622.141,1980
263193298690959,97,57,72164,618.496,1980
263193348800189,97,57,72164,618.496,1980
263193398913026,97,57,72164,617.806,1980
263193449029011,97,57,72164,617.806,1980
263193499164110,95,58,72164,619.031,1980
263193549282092,95,58,72164,619.031,1980
263193599387832,95,58,72164,619.519,1980
263193649496326,95,58,72164,619.519,1980
263193699601520,95,58,72164,621.549,1980
263193751126439,95,58,72164,621.549,1980
263193801726009,95,58,72164,593.876,1980
263193852579008,95,58,72164,593.876,1980
263193903426752,13,13,72164,549.263,1980
263193957077894,13,13,72164,549.263,1980
263194007232382,13,13,72164,514.008,1980
263194058812603,13,13,72164,514.008,1980
263194110371932,47,23,72164,486.556,1980
263194160493397,47,23,72164,486.556,1980
263194212324438,47,23,72164,463.567,1980
263194262493413,47,23,72164,463.567,1980
263194313542008,71,37,72164,441.176,1980
263194365023197,71,37,72164,441.176,1980
263194415130133,71,37,72164,415.93,1980
263194465306572,71,37,72164,415.93,1980
263194515957036,84,43,72164,396.333,1980
263194566068588,84,43,72164,396.333,1980
263194616196736,84,43,72164,375.873,1980
263194666334509,84,43,72164,375.873,1980
263194716879941,100,51,72164,350.852,1980
263194767253535,100,51,72164,350.852,1980
263194817598186,100,51,72164,346.397,1980
263194867718723,100,51,72164,346.397,1980
263194917880666,100,53,72164,366.876,1980
263194967991696,100,53,72164,366.876,1980
263195018174496,100,53,72164,381.834,1980
263195068424223,100,53,72164,381.834,1980
263195118905291,100,53,72164,382.064,1980
263195169418095,100,53,72164,382.064,1980
263195219551660,100,53,72164,381.165,1980
263195269676779,100,53,72164,381.165,1980
263195319818789,63,35,72164,411.869,1980
263195369937274,63,35,72164,411.869,1980
263195420052840,63,35,72164,441.16,1950
263195470205325,63,35,72164,441.16,1950
263195520318749,99,54,72164,465.152,1965
263195570433925,99,54,72164,465.152,1965
263195620540836,99,54,72164,485.885,1965
263195670645418,99,54,72164,485.885,1965
263195720744247,90,49,72164,510.352,1980
263195770843941,90,49,72164,510.352,1980
263195820943498,90,49,72164,531.669,1980
263195871048752,90,49,72164,531.669,1980
263195921151058,95,57,72164,558.714,1980
263195971364939,95,57,72164,558.714,1980
263196021535148,95,57,72164,581.838,1980
263196071672651,95,57,72164,581.838,1980
263196121784120,98,59,72164,598.113,1980
263196171891835,98,59,72164,598.113,1980
263196222007035,98,59,72164,624.653,1980
263196272115173,98,59,72164,624.653,1980
263196322222220,100,61,72164,614.201,1980
263196372327114,100,61,72164,614.201,1980
263196422444379,100,61,72164,606.368,1980
263196472554428,100,61,72164,606.368,1980
263196522714514,97,57,72164,606.053,1980
263196572849642,97,57,72164,606.053,1980
263196622961283,97,57,72164,599.092,1980
263196673069107,97,57,72164,599.092,1980
263196723170779,96,57,72164,595.044,1980
263196773274825,96,57,72164,595.044,1980
263196823381050,96,57,72164,587.675,1980
263196873486693,96,57,72164,587.675,1980
263196923594491,96,58,72164,586.664,1980
263196974261201,96,58,72164,586.664,1980
263197025525589,96,58,72164,556.951,1980
263197076334589,96,58,72164,556.951,1980
263197127147279,2,2,72164,515.683,1980
263197178500043,2,2,72164,515.683,1980
263197228707013,2,2,72164,483.36,1980
263197280326775,2,2,72164,483.36,1980
263197331789898,55,28,72164,461.254,1980
263197383362248,55,28,72164,461.254,1980
263197433474600,55,28,72164,437.597,1980
263197483593391,55,28,72164,437.597,1980
263197534003368,72,37,72164,412.335,1980
263197585259231,72,37,72164,412.335,1980
263197635507424,72,37,72164,397.895,1980
263197685825235,72,37,72164,397.895,1980
263197736731058,84,43,72164,372.827,1980
263197787117439,84,43,72164,372.827,1980
263197837452014,84,43,72164,358.857,1980
263197887585605,84,43,72164,358.857,1980
263197937722774,100,52,72164,334.085,1980
263197987905411,100,52,72164,334.085,1980
263198038034999,100,52,72164,343.207,1980
263198088179819,100,52,72164,343.207,1980
263198138300697,100,53,72164,361.185,1980
263198188463450,100,53,72164,361.185,1980
263198238580535,100,53,72164,375.962,1980
263198289471556,100,53,72164,375.962,1980
263198339915832,100,53,72164,375.606,1980
263198390056928,100,53,72164,375.606,1980
263198440321232,100,53,72164,375.883,1980
263198490425076,100,53,72164,375.883,1980
263198540544101,100,53,72164,374.541,1980
263198590665247,100,53,72164,374.541,1980
263198640780823,100,53,72164,388.806,1965
263198690888421,100,53,72164,388.806,1965
263198740990489,99,56,72164,423.269,1950
263198791098632,99,56,72164,423.269,1950
263198841210333,99,56,72164,455.237,1965
263198891319839,99,56,72164,455.237,1965
263198941432947,99,55,72164,481.791,1965
263198991550441,99,55,72164,481.791,1965
263199041668525,99,55,72164,510.884,1965
263199091784912,99,55,72164,510.884,1965
263199141901128,92,51,72164,535.238,1965
263199192033305,92,51,72164,535.238,1965
263199242140006,92,51,72164,559.366,1965
263199292246207,92,51,72164,559.366,1965
263199342396450,97,55,72164,586.358,1965
263199392531531,97,55,72164,586.358,1965
263199442670618,97,55,72164,607.099,1980
263199492802929,97,55,72164,607.099,1980
263199542914220,100,58,72164,640.333,1980
263199593103976,100,58,72164,640.333,1980
263199643240935,100,58,72164,650.468,1980
263199693391835,100,58,72164,650.468,1980
263199743524729,100,58,72164,640.144,1980
263199793631139,100,58,72164,640.144,1980
263199844495799,100,58,72164,632.041,1980
263199894611419,100,58,72164,632.041,1980
263199944723925,100,58,72164,625.067,1980
263199994837742,100,58,72164,625.067,1980
263200044951507,100,58,72164,619.758,1980
263200095062079,100,58,72164,619.758,1980
263200145165959,100,58,72164,618.049,1980
263200195269820,100,58,72164,618.049,1980
263200245371585,100,58,72164,617.514,1980
263200295472529,100,58,72164,617.514,1980
263200345574398,100,58,72164,615.837,1980
263200395677984,100,58,72164,615.837,1980
263200445791215,100,58,72164,618.559,1980
263200495909147,100,58,72164,618.559,1980
263200546026370,100,59,72164,616.309,1980
263200596135489,100,59,72164,616.309,1980
263200646238476,100,59,72164,618.168,1980
263200697949454,100,59,72164,618.168,1980
263200748930498,100,59,72164,609.919,1980
263200799945217,100,59,72164,566.779,1980
263200850842291,100,59,72164,566.779,1980
263200905693000,2,2,72164,521.71,1980
263200955845770,2,2,72164,521.71,1980
263201007651581,2,2,72164,495.78,1980
263201057788606,2,2,72164,495.78,1980
263201109093494,71,36,72164,472.487,1980
263201159210212,71,36,72164,472.487,1980
263201209659090,71,36,72164,448.381,1980
263201259812668,71,36,72164,448.381,1980
263201309979346,74,38,72164,430.339,1980
263201360157703,74,38,72164,430.339,1980
263201411125994,74,38,72164,400.204,1980
263201461250541,74,38,72164,400.204,1980
263201511377770,85,43,72164,383.895,1980
263201561884085,85,43,72164,383.895,1980
263201612048097,85,43,72164,354.202,1980
263201662181141,85,43,72164,354.202,1980
263201712366085,100,52,72164,338.247,1980
263201762484773,100,52,72164,338.247,1980
263201812618022,100,52,72164,354.597,1980
263201862725828,100,52,72164,354.597,1980
263201913123935,100,53,72164,374.448,1980
263201963227183,100,53,72164,374.448,1980
263202013378702,100,53,72164,379.859,1980
263202063705087,100,53,72164,379.859,1980
263202113808767,100,53,72164,379.602,1980
263202163936091,100,53,72164,379.602,1980
263202214048535,100,53,72164,376.645,1980
263202266153426,100,53,72164,376.645,1980
263202316256778,100,53,72164,375.595,1980
263202366356363,100,53,72164,375.595,1980
263202416467969,100,53,72164,406.413,1935
263202466581313,100,53,72164,406.413,1935
263202516681496,99,55,72164,433.594,1965
263202566780442,99,55,72164,433.594,1965
263202616882185,99,55,72164,459.542,1965
263202666988385,99,55,72164,459.542,1965
263202717105027,99,55,72164,488.041,1965
263202767203474,99,55,72164,488.041,1965
263202817304741,99,55,72164,517.041,1980
263202867404568,99,55,72164,517.041,1980
263202917503455,89,49,72164,544.673,1980
263202967600857,89,49,72164,544.673,1980
263203017698280,89,49,72164,564.528,1980
263203067796397,89,49,72164,564.528,1980
263203117894923,97,54,72164,595.311,1980
263203167991946,97,54,72164,595.311,1980
263203218113713,97,54,72164,612.259,1980
263203268273525,97,54,72164,612.259,1980
263203318385104,97,56,72164,642.53,1980
263203368498648,97,56,72164,642.53,1980
263203418607260,97,56,72164,632.443,1980
263203468713843,97,56,72164,632.443,1980
263203518816443,97,56,72164,630.791,1980
263203568921782,97,56,72164,630.791,1980
263203619046115,97,56,72164,622.187,1980
263203669159942,97,56,72164,622.187,1980
263203719264919,97,56,72164,620.939,1980
263203769369461,97,56,72164,620.939,1980
263203819489114,97,56,72164,614.692,1980
263203869616593,97,56,72164,614.692,1980
263203919721052,97,57,72164,618.11,1965
263203969829357,97,57,72164,618.11,1965
263204019938664,97,57,72164,617.294,1965
263204070521926,97,57,72164,617.294,1965
263204120632981,97,56,72164,616.279,1965
263204170737938,97,56,72164,616.279,1965
263204220855614,97,56,72164,618.891,1980
263204270962988,97,56,72164,618.891,1980
263204321062134,97,57,72164,619.479,1980
263204371162925,97,57,72164,619.479,1980
263204421268815,97,57,72164,619.89,1980
263204472188751,97,57,72164,619.89,1980
263204522808906,96,66,72164,586.443,1980
263204573860069,96,66,72164,586.443,1980
263204625270727,96,66,72164,543.676,1980
263204675957565,96,66,72164,543.676,1980
263204726166137,2,2,72164,501.043,1980
263204777638058,2,2,72164,501.043,1980
263204828941412,2,2,72164,475.209,1980
263204879164941,2,2,72164,475.209,1980
263204929866132,72,37,72164,449.334,1980
263204980786091,72,37,72164,449.334,1980
263205031631623,72,37,72164,427.468,1980
263205082201744,72,37,72164,427.468,1980
263205132348809,84,43,72164,402.657,1980
263205182617804,84,43,72164,402.657,1980
263205233023602,84,43,72164,386.338,1980
263205283647062,84,43,72164,386.338,1980
263205333838508,100,53,72164,357.533,1980
263205383978616,100,53,72164,357.533,1980
263205434253067,100,53,72164,335.05,1980
263205484370197,100,53,72164,335.05,1980
263205534484815,100,53,72164,338.896,1980
263205584680583,100,53,72164,338.896,1980
263205644058248,100,53,72164,354.419,1980
263205694174449,100,53,72164,354.419,1980
263205744330521,100,54,72164,376.727,1980
263205794488422,100,54,72164,376.727,1980
263205844626613,100,54,72164,410.725,1980
263205894748578,100,54,72164,410.725,1980
263205944888123,99,55,72164,441.821,1980
263205995020047,99,55,72164,441.821,1980
263206045127889,99,55,72164,470.152,1980
263206095278394,99,55,72164,470.152,1980
263206145413459,91,50,72164,491.731,1980
263206195575960,91,50,72164,491.731,1980
263206245742713,91,50,72164,515.173,1980
263206295875968,91,50,72164,515.173,1980
263206345997682,95,57,72164,534.62,1980
263206396117505,95,57,72164,534.62,1980
263206446277350,95,57,72164,562.443,1980
263206496442820,95,57,72164,562.443,1980
263206546604323,98,60,72164,581.012,1980
263206596740338,98,60,72164,581.012,1980
263206646851845,98,60,72164,610.784,1980
263206696972661,98,60,72164,610.784,1980
263206747089705,97,56,72164,627.661,1980
263206797268906,97,56,72164,627.661,1980
263206847412885,97,56,72164,620.749,1980
263206897538363,97,56,72164,620.749,1980
263206947701990,97,58,72164,610.185,1980
263206997830959,97,58,72164,610.185,1980
263207047942258,97,58,72164,607.123,1980
263207098085344,97,58,72164,607.123,1980
263207148224809,97,57,72164,606.997,1980
263207199916805,97,57,72164,606.997,1980
263207250846024,97,57,72164,597.662,1980
263207301764435,97,57,72164,597.662,1980
263207352449963,51,41,72164,554.07,1980
263207403240654,51,41,72164,509.372,1980
263207453500200,51,41,72164,509.372,1980
263207504822426,17,8,72164,488.979,1980
263207555015573,17,8,72164,488.979,1980
263207606447463,17,8,72164,463.762,1980
263207656580617,17,8,72164,463.762,1980
263207707130642,71,37,72164,441.597,1980
263207757540874,71,37,72164,441.597,1980
263207807719415,71,37,72164,415.596,1980
263207857907822,71,37,72164,415.596,1980
263207908104231,71,37,72164,396.716,1980
263207958345949,71,37,72164,396.716,1980
263208008824420,71,37,72164,373.812,1980
263208059104487,71,37,72164,373.812,1980
263208109288249,93,46,72164,351.07,1980
263208160262769,93,46,72164,351.07,1980
263208210994897,93,46,72164,339.374,1980
263208261183460,93,46,72164,339.374,1980
263208311376991,100,52,72164,357.333,1980
263208361522329,100,52,72164,357.333,1980
263208411688314,100,52,72164,377.489,1980
263208462008804,100,52,72164,377.489,1980
263208512170153,100,53,72164,380.029,1980
263208562297264,100,53,72164,380.029,1980
263208612406022,100,53,72164,380.662,1980
263208662547709,100,53,72164,380.662,1980
263208712678950,100,54,72164,377.756,1980
263208762831172,100,54,72164,377.756,1980
263208812960691,100,54,72164,398.529,1965
263208863096469,100,54,72164,398.529,1965
263208913257950,99,55,72164,429.185,1950
263208963378846,99,55,72164,429.185,1950
263209013524318,99,55,72164,456.097,1965
263209063677528,99,55,72164,456.097,1965
263209113800209,99,54,72164,484.251,1965
263209163910178,99,54,72164,484.251,1965
263209214071740,99,54,72164,504.449,1965
263209264200223,99,54,72164,504.449,1965
263209314366454,88,52,72164,526.677,1980
263209364506862,88,52,72164,526.677,1980
263209414664861,88,52,72164,554.243,1980
263209464790149,88,52,72164,554.243,1980
263209514906507,98,60,72164,579.245,1980
263209565021422,98,60,72164,579.245,1980
263209615124219,98,60,72164,606.188,1980
263209665229464,98,60,72164,606.188,1980
263209715337190,98,61,72164,633.685,1980
263209765442482,98,61,72164,633.685,1980
263209815545013,98,61,72164,640.021,1980
263209865647349,98,61,72164,640.021,1980
263209915748722,100,60,72164,631.285,1980
263209965851900,100,60,72164,631.285,1980
263210015956032,100,60,72164,627.78,1980
263210066064889,100,60,72164,627.78,1980
263210116181209,97,58,72164,624.634,1980
263210166304710,97,58,72164,624.634,1980
263210216429267,97,58,72164,621.115,1980
263210266577126,97,58,72164,621.115,1980
263210316699201,96,56,72164,621.297,1980
263210366910934,96,56,72164,621.297,1980
263210417078719,96,56,72164,618.644,1980
263210467203011,96,56,72164,618.644,1980
263210517322218,94,56,72164,615.297,1980
263210567433660,94,56,72164,615.297,1980
263210618160486,94,56,72164,601.539,1980
263210669295621,94,56,72164,601.539,1980
263210719930520,37,33,72164,556.077,1980
263210770573473,37,33,72164,556.077,1980
263210822793790,37,33,72164,510.909,1980
263210872968382,37,33,72164,510.909,1980
263210924123939,27,13,72164,484.883,1980
263210975583467,27,13,72164,484.883,1980
263211025766907,27,13,72164,461.148,1980
263211076936240,27,13,72164,461.148,1980
263211128329098,72,37,72164,435.371,1980
263211178900807,72,37,72164,435.371,1980
263211229772413,72,37,72164,413.175,1980
263211280515303,72,37,72164,413.175,1980
263211331027166,77,40,72164,392.651,1980
263211381402093,77,40,72164,392.651,1980
263211431569586,77,40,72164,367.887,1980
263211481703777,77,40,72164,367.887,1980
263211532326813,97,50,72164,343.212,1980
263211582927284,97,50,72164,343.212,1980
263211633061185,97,50,72164,334.832,1980
263211683256942,97,50,72164,334.832,1980
263211733468898,100,52,72164,355.407,1980
263211783618286,100,52,72164,355.407,1980
263211833857560,100,52,72164,375.541,1980
263211884008436,100,52,72164,375.541,1980
263211934244551,100,53,72164,377.086,1980
263211984585510,100,53,72164,377.086,1980
263212035119610,100,53,72164,376.397,1980
263212085283510,100,53,72164,376.397,1980
263212135472812,100,53,72164,373.823,1980
263212185632850,100,53,72164,373.823,1980
263212235809434,100,53,72164,405.933,1980
263212285954547,100,53,72164,405.933,1980
263212336089575,99,55,72164,433.719,1980
263212386255025,99,55,72164,433.719,1980
263212436411464,99,55,72164,462.209,1965
263212486573930,99,55,72164,462.209,1965
263212536739180,99,55,72164,493.766,1965
263212586906432,99,55,72164,493.766,1965
263212637062004,99,55,72164,511.335,1965
263212687206856,99,55,72164,511.335,1965
263212737345333,98,59,72164,529.51,1980
263212787489483,98,59,72164,529.51,1980
263212837658910,98,59,72164,558.365,1980
263212887795579,98,59,72164,558.365,1980
263212937933393,98,61,72164,583.598,1980
263212988074380,98,61,72164,583.598,1980
263213038232351,98,61,72164,607.836,1980
263213088446011,98,61,72164,607.836,1980
263213138624513,98,59,72164,633.989,1980
263213188750906,98,59,72164,633.989,1980
263213238862250,98,59,72164,625.685,1980
263213288972908,98,59,72164,625.685,1980
263213339051298,97,57,72164,619.853,1980
263213389171053,97,57,72164,619.853,1980
263213439290410,97,57,72164,611.484,1980
263213489418336,97,57,72164,611.484,1980
263213539542047,97,56,72164,606.12,1980
263213589676412,97,56,72164,606.12,1980
263213639801813,97,56,72164,607.672,1980
263213689958393,97,56,72164,607.672,1980
263213740101839,95,58,72164,610.6,1980
263213790245194,95,58,72164,610.6,1980
263213840370567,95,58,72164,609.052,1980
263213890522398,95,58,72164,609.052,1980
263213942796701,97,59,72164,608.697,1980
263213996253280,97,59,72164,608.697,1980
263214046914360,97,59,72164,578.709,1980
263214097803207,97,59,72164,578.709,1980
263214151383080,2,2,72164,532.944,1980
263214201592150,2,2,72164,532.944,1980
263214251777023,2,2,72164,497.299,1980
263214303093165,2,2,72164,497.299,1980
263214354362708,52,26,72164,472.956,1980
263214405639138,52,26,72164,472.956,1980
263214455805749,52,26,72164,449.755,1980
263214507800459,72,38,72164,424.916,1980
263214559225631,72,38,72164,424.916,1980
263214610682281,72,38,72164,405.301,1980
263214660847836,72,38,72164,405.301,1980
263214710975512,80,41,72164,386.556,1980
263214761098206,80,41,72164,386.556,1980
263214811456157,80,41,72164,360.192,1980
263214861606327,80,41,72164,360.192,1980
263214911727575,98,51,72164,343.386,1980
263214961879836,98,51,72164,343.386,1980
263215012012851,98,51,72164,348.476,1980
263215062149050,98,51,72164,348.476,1980
263215112294344,100,53,72164,364.406,1980
263215162414533,100,53,72164,364.406,1980
263215212711472,100,53,72164,379.72,1980
263215262825559,100,53,72164,379.72,1980
263215312935418,100,53,72164,380.592,1980
263215363061797,100,53,72164,380.592,1980
263215413280063,100,53,72164,378.755,1980
263215463425311,100,53,72164,378.755,1980
263215514721603,100,54,72164,376.066,1980
263215564832855,100,54,72164,376.066,1980
263215614946516,100,54,72164,392.344,1950
263215665058975,100,54,72164,392.344,1950
263215715172498,99,57,72164,425.84,1965
263215765287742,99,57,72164,425.84,1965
263215815394451,99,57,72164,453.653,1965
263215865498712,99,57,72164,453.653,1965
263215915603690,99,56,72164,481.463,1965
263215965757566,99,56,72164,481.463,1965
263216015897671,99,56,72164,505.126,1980
263216066063339,99,56,72164,505.126,1980
263216116190663,89,50,72164,527.912,1980
263216166353160,89,50,72164,527.912,1980
263216216491845,89,50,72164,550.411,1980
263216266664112,89,50,72164,550.411,1980
263216316793514,97,55,72164,583.373,1980
263216366965344,97,55,72164,583.373,1980
263216417099925,97,55,72164,599.335,1980
263216467257833,97,55,72164,599.335,1980
263216517413286,95,57,72164,630.178,1980
263216567588638,95,57,72164,630.178,1980
263216617791437,95,57,72164,637.858,1980
263216667933314,95,57,72164,637.858,1980
263216718114500,95,59,72164,628.947,1980
263216768273152,95,59,72164,628.947,1980
263216818448905,95,59,72164,620.425,1980
263216868592825,95,59,72164,620.425,1980
263216918770170,95,59,72164,612.424,1980
263216968920178,95,59,72164,612.424,1980
263217019107994,95,59,72164,609.526,1980
263217069242997,95,59,72164,609.526,1980
263217119404702,95,59,72164,614.657,1980
263217169539996,95,59,72164,614.657,1980
263217219702804,95,59,72164,615.417,1980
263217269840822,95,59,72164,615.417,1980
263217320021274,98,60,72164,610.486,1980
263217370158626,98,60,72164,610.486,1980
263217420311448,98,60,72164,618.579,1980
263217470437839,98,60,72164,618.579,1980
263217520550517,98,61,72164,616.985,1980
263217571535319,98,61,72164,616.985,1980
263217628649261,98,61,72164,586.005,1980
263217679335371,98,61,72164,586.005,1980
263217730160718,6,5,72164,539.338,1980
263217781716594,6,5,72164,539.338,1980
263217831888865,6,5,72164,502.339,1980
263217883309222,6,5,72164,502.339,1980
263217934160656,50,25,72164,478.823,1980
263217984316088,50,25,72164,478.823,1980
263218035783774,50,25,72164,449.661,1980
263218087999992,50,25,72164,449.661,1980
263218138164352,70,36,72164,426.789,1980
263218189415242,70,36,72164,426.789,1980
263218239603787,70,36,72164,404.404,1980
263218289721204,70,36,72164,404.404,1980
263218339840327,80,41,72164,380.337,1980
263218390046008,80,41,72164,380.337,1980
263218440195536,80,41,72164,362.324,1980
263218490307588,80,41,72164,362.324,1980
263218540414058,100,52,72164,342.274,1980
263218590533590,100,52,72164,342.274,1980
263218640866918,100,52,72164,339.85,1980
263218691024375,100,52,72164,339.85,1980
263218741171392,100,53,72164,359.328,1980
263218791519962,100,53,72164,359.328,1980
263218845014920,100,53,72164,375.387,1980
263218895164536,100,53,72164,375.387,1980
263218945300034,95,51,72164,378.233,1980
263218995467244,95,51,72164,378.233,1980
263219045598888,95,51,72164,411.007,1950
263219095705443,95,51,72164,411.007,1950
263219145854404,99,55,72164,438.916,1965
263219195996421,99,55,72164,438.916,1965
263219251342618,99,55,72164,468.543,1965
263219301466189,99,55,72164,468.543,1965
263219351657472,99,55,72164,487.495,1980
263219401791710,99,55,72164,487.495,1980
263219451902670,99,55,72164,506.754,1980
263219502013705,99,55,72164,506.754,1980
263219552116264,97,54,72164,524.922,1980
263219602221204,97,54,72164,524.922,1980
263219652336751,97,54,72164,546.824,1980
263219702461796,97,54,72164,546.824,1980
263219752615190,95,57,72164,568.228,1980
263219802775399,95,57,72164,568.228,1980
263219852902049,95,57,72164,595.597,1980
263219903026282,95,57,72164,595.597,1980
263219953154281,98,59,72164,614.661,1980
263220003278558,98,59,72164,614.661,1980
263220053387837,98,59,72164,609.271,1980
263220103494994,98,59,72164,609.271,1980
263220153596627,98,59,72164,605.947,1980
263220203699201,98,59,72164,605.947,1980
263220253800077,98,59,72164,599.705,1980
263220303903994,98,59,72164,599.705,1980
263220354027464,97,56,72164,598.947,1980
263220404137531,97,56,72164,598.947,1980
263220454241133,97,56,72164,598.852,1980
263220504344157,97,56,72164,598.852,1980
263220554449325,95,58,72164,598.581,1980
263220605162745,95,58,72164,598.581,1980
263220656215611,95,58,72164,572.798,1980
263220707141013,95,58,72164,572.798,1980
263220757337219,11,11,72164,530.874,1980
263220808518024,11,11,72164,530.874,1980
263220858695375,11,11,72164,497.194,1980
263220910469539,49,25,72164,476.627,1980
263220962067909,49,25,72164,476.627,1980
263221012218440,49,25,72164,451.626,1980
263221063467772,49,25,72164,451.626,1980
263221115066701,71,38,72164,423.586,1980
263221165351616,71,38,72164,423.586,1980
263221216330826,71,38,72164,400.402,1980
263221266440915,71,38,72164,400.402,1980
263221316548076,78,40,72164,378.301,1980
263221367734071,78,40,72164,378.301,1980
263221417848224,78,40,72164,363.185,1980
263221467990515,78,40,72164,363.185,1980
263221518185971,94,49,72164,336.831,1980
263221568322478,94,49,72164,336.831,1980
263221618480341,94,49,72164,340.149,1980
263221668609627,94,49,72164,340.149,1980
263221718723152,100,53,72164,361.768,1980
263221768860729,100,53,72164,361.768,1980
263221819051045,100,53,72164,378.007,1980
263221869172829,100,53,72164,378.007,1980
263221919280882,100,53,72164,379.63,1980
263221969391264,100,53,72164,379.63,1980
263222019510335,100,53,72164,379.355,1980
263222069856509,100,53,72164,379.355,1980
263222120034534,100,53,72164,378.38,1980
263222170204265,100,53,72164,378.38,1980
263222220359210,100,53,72164,383.737,1980
263222270481472,100,53,72164,383.737,1980
263222320585294,73,41,72164,415.777,1980
263222370736926,73,41,72164,415.777,1980
263222420861388,73,41,72164,445.483,1980
263222470965921,73,41,72164,445.483,1980
263222521088602,99,56,72164,474.873,1980
263222571253213,99,56,72164,474.873,1980
263222621378577,99,56,72164,501.781,1980
263222671485952,99,56,72164,501.781,1980
263222721650150,99,56,72164,531.004,1980
263222771809541,99,56,72164,531.004,1980
263222821978516,99,56,72164,553.807,1980
263222872153439,99,56,72164,553.807,1980
263222922319906,100,56,72164,582.321,1980
263222972474529,100,56,72164,582.321,1980
263223022630080,100,56,72164,607.06,1980
263223072792746,100,56,72164,607.06,1980
263223122958430,100,58,72164,634.099,1980
263223173047832,100,58,72164,634.099,1980
263223223201859,100,58,72164,653.979,1980
263223273380826,100,58,72164,653.979,1980
263223323551351,100,59,72164,645.023,1980
263223373673492,100,59,72164,645.023,1980
263223423826898,100,59,72164,637.619,1980
263223473955774,100,59,72164,637.619,1980
263223524103531,100,59,72164,629.78,1980
263223574265649,100,59,72164,629.78,1980
263223624434351,100,59,72164,620.87,1980
263223674563057,100,59,72164,620.87,1980
263223724721283,98,58,72164,615.913,1980
263223774883684,98,58,72164,615.913,1980
263223825511372,98,58,72164,615.864,1980
263223875639564,98,58,72164,615.864,1980
263223925791442,97,58,72164,613.424,1980
263223975946972,97,58,72164,613.424,1980
263224026101660,97,58,72164,614.753,1980
263224076236586,97,58,72164,614.753,1980
263224126386456,97,57,72164,615.284,1980
263224176543179,97,57,72164,615.284,1980
263224226698169,97,57,72164,612.527,1980
263224276974582,97,57,72164,612.527,1980
263224327729785,98,60,72164,589.827,1980
263224378872216,98,60,72164,589.827,1980
263224430091156,98,60,72164,542.678,1980
263224480800244,98,60,72164,542.678,1980
263224531264741,2,2,72164,503.639,1980
263224581389028,2,2,72164,503.639,1980
263224631568727,2,2,72164,478.151,1980
263224682483524,2,2,72164,478.151,1980
263224733741516,68,35,72164,457.436,1980
263224784886149,68,35,72164,457.436,1980
263224836135576,68,35,72164,430.397,1980
263224887572254,68,35,72164,430.397,1980
263224938140188,75,39,72164,410.858,1980
263224988743604,75,39,72164,410.858,1980
263225038852703,75,39,72164,387.947,1980
263225089025533,75,39,72164,387.947,1980
263225139254442,94,49,72164,365.714,1980
263225189473999,94,49,72164,365.714,1980
263225239679380,94,49,72164,342.919,1980
263225289873193,94,49,72164,342.919,1980
263225340006627,100,53,72164,336.083,1980
263225390211917,100,53,72164,336.083,1980
263225440438516,100,53,72164,351.606,1980
263225490555844,100,53,72164,351.606,1980
263225540891922,100,54,72164,369.613,1980
263225591031327,100,54,72164,369.613,1980
263225641175135,100,54,72164,370.354,1980
263225691314326,100,54,72164,370.354,1980
263225741435412,78,45,72164,404.961,1965
263225791546341,78,45,72164,404.961,1965
263225841696324,78,45,72164,436.062,1965
263225891852353,78,45,72164,436.062,1965
263225943323167,99,58,72164,465.36,1965
263225993461560,99,58,72164,465.36,1965
263226043581207,99,58,72164,490.357,1980
263226093684721,99,58,72164,490.357,1980
263226143823290,89,54,72164,511.141,1980
263226193978352,89,54,72164,511.141,1980
263226244105220,89,54,72164,534.047,1965
263226294211780,89,54,72164,534.047,1965
263226344322928,98,60,72164,552.351,1965
263226394476555,98,60,72164,552.351,1965
263226444651589,98,60,72164,582.098,1965
263226494775509,98,60,72164,582.098,1965
263226544884603,97,57,72164,601.626,1980
263226596156451,97,57,72164,601.626,1980
263226646338240,97,57,72164,628.284,1980
263226696488202,97,57,72164,628.284,1980
263226746634380,95,57,72164,621.735,1980
263226796761032,95,57,72164,621.735,1980
263226846903162,95,57,72164,613.694,1980
263226897065579,95,57,72164,613.694,1980
263226947191229,95,60,72164,601.126,1980
263226997299529,95,60,72164,601.126,1980
263227047418840,95,60,72164,600.838,1980
263227097578166,95,60,72164,600.838,1980
263227147705046,98,60,72164,600.568,1980
263227197826870,98,60,72164,600.568,1980
263227247976591,98,60,72164,598.14,1980
263227298956897,98,60,72164,598.14,1980
263227349950335,91,64,72164,567.337,1980
263227401062606,91,64,72164,567.337,1980
263227451200630,91,64,72164,521.992,1980
263227502142531,91,64,72164,521.992,1980
263227552337534,2,2,72164,493.815,1980
263227603786765,2,2,72164,493.815,1980
263227653908826,2,2,72164,467.884,1980
263227705606561,2,2,72164,467.884,1980
263227757236426,71,36,72164,444.579,1980
263227807976183,71,36,72164,444.579,1980
263227858505576,71,36,72164,419.15,1980
263227908654672,71,36,72164,419.15,1980
263227958812171,73,39,72164,403.107,1980
263228009759292,73,39,72164,403.107,1980
263228060438315,73,39,72164,381.327,1980
263228110663357,73,39,72164,381.327,1980
263228160894645,89,44,72164,363.129,1980
263228211423057,89,44,72164,363.129,1980
263228261551340,89,44,72164,343.166,1980
263228311725654,89,44,72164,343.166,1980
263228361869812,100,53,72164,345.767,1980
263228412110017,100,53,72164,345.767,1980
263228462304255,100,53,72164,364.609,1980
263228512664569,100,53,72164,364.609,1980
263228562825023,100,53,72164,375.097,1980
263228612987960,100,53,72164,375.097,1980
263228663151190,100,53,72164,375.218,1980
263228713334864,100,53,72164,374.759,1980
263228763545569,100,54,72164,374.759,1980
263228816307240,100,54,72164,373.356,1980
263228866478785,100,54,72164,373.356,1980
263228916589634,72,38,72164,390.362,1965
263228966737270,72,38,72164,390.362,1965
263229016889835,72,38,72164,424.499,1965
263229067032596,72,38,72164,424.499,1965
263229117139315,99,56,72164,451.098,1965
263229167251107,99,56,72164,451.098,1965
263229217395392,99,56,72164,480.185,1965
263229267549304,99,56,72164,480.185,1965
263229317673064,99,56,72164,502.805,1980
263229367784373,99,56,72164,502.805,1980
263229417940907,99,56,72164,529.747,1980
263229468096473,99,56,72164,529.747,1980
263229518257389,98,60,72164,558.165,1980
263229568380466,98,60,72164,558.165,1980
263229618483809,98,60,72164,584.765,1980
263229668631084,98,60,72164,584.765,1980
263229718801402,98,61,72164,610.001,1980
263229768965440,98,61,72164,610.001,1980
263229819080580,98,61,72164,639.561,1980
263229869263142,98,61,72164,639.561,1980
263229919387865,100,59,72164,642.571,1980
263229969491698,100,59,72164,642.571,1980
263230019592597,100,59,72164,632.074,1980
263230069695628,100,59,72164,632.074,1980
263230119798173,100,58,72164,623.149,1980
263230169924073,100,58,72164,623.149,1980
263230220076838,100,58,72164,615.481,1980
263230270207244,100,58,72164,615.481,1980
263230320328754,99,58,72164,609.434,1980
263230370455306,99,58,72164,609.434,1980
263230421865871,99,58,72164,607.356,1980
263230472205012,99,58,72164,607.356,1980
263230522327419,96,56,72164,611.237,1980
263230572434758,96,56,72164,611.237,1980
263230622549651,96,56,72164,607.873,1980
263230672654556,96,56,72164,607.873,1980
263230722779231,97,56,72164,609.213,1980
263230772893705,97,56,72164,609.213,1980
263230822995686,97,56,72164,603.575,1980
263230873698348,97,56,72164,603.575,1980
263230924611530,94,66,72164,567.2,1980
263230975627195,94,66,72164,567.2,1980
263231026665447,94,66,72164,524.665,1980
263231077804118,94,66,72164,524.665,1980
263231128037430,2,2,72164,489.856,1980
263231179638281,2,2,72164,489.856,1980
263231229794093,2,2,72164,467.872,1980
263231281225392,2,2,72164,467.872,1980
263231331361273,71,37,72164,444.615,1980
263231382433618,71,37,72164,444.615,1980
263231433756880,71,37,72164,420.378,1980
263231483925644,71,37,72164,420.378,1980
263231534151029,71,38,72164,393.947,1980
263231584403344,71,38,72164,393.947,1980
263231634906307,71,38,72164,372.794,1980
263231685826968,71,38,72164,372.794,1980
263231736085369,77,40,72164,353.13,1980
263231786288914,77,40,72164,353.13,1980
263231836475713,77,40,72164,329.864,1980
263231886703568,77,40,72164,329.864,1980
263231936833348,100,52,72164,346.344,1980
263231986984833,100,52,72164,346.344,1980
263232037278394,100,52,72164,365.727,1980
263232087549569,100,52,72164,365.727,1980
263232137680522,100,53,72164,372.389,1980
263232187868157,100,53,72164,372.389,1980
263232239751764,100,53,72164,372.631,1980
263232289895536,100,53,72164,372.631,1980
263232340049315,96,52,72164,383.739,1980
263232390206059,96,52,72164,383.739,1980
263232440330716,96,52,72164,416.24,1980
263232490442538,96,52,72164,416.24,1980
263232540546676,99,56,72164,445.691,1980
263232590685459,99,56,72164,445.691,1980
263232640806018,99,56,72164,478.448,1965
263232690926478,99,56,72164,478.448,1965
263232741062529,99,55,72164,498.581,1965
263232791226413,99,55,72164,498.581,1965
263232841432520,99,55,72164,518.491,1965
263232891587296,99,55,72164,518.491,1965
263232941716200,100,58,72164,537.139,1980
263232991843696,100,58,72164,537.139,1980
263233042004492,100,58,72164,560.805,1980
263233092149893,100,58,72164,560.805,1980
263233142276297,96,56,72164,590.307,1980
263233192386502,96,56,72164,590.307,1980
263233242546257,96,56,72164,613.296,1980
263233292709336,96,56,72164,613.296,1980
263233342862405,95,59,72164,626.788,1980
263233392982611,95,59,72164,626.788,1980
263233443086302,95,59,72164,621.216,1980
263233493195880,95,59,72164,621.216,1980
263233543311631,95,58,72164,613.867,1980
263233593420033,95,58,72164,613.867,1980
263233643530744,95,58,72164,603.225,1980
263233693685916,95,58,72164,603.225,1980
263233743838579,98,61,72164,603.652,1980
263233793959498,98,61,72164,603.652,1980
263233844083672,98,61,72164,602.663,1980
263233894193764,98,61,72164,602.663,1980
263233944306119,100,59,72164,602.224,1980
263233994447558,100,59,72164,602.224,1980
263234044710637,100,59,72164,600.235,1980
263234095680336,100,59,72164,600.235,1980
263234146533205,91,64,72164,560.048,1980
263234197226604,91,64,72164,560.048,1980
263234247420426,91,64,72164,518.264,1980
263234297627618,91,64,72164,518.264,1980
263234347778972,2,2,72164,489.562,1980
263234399006131,2,2,72164,489.562,1980
263234449245994,2,2,72164,461.033,1980
263234500378099,2,2,72164,461.033,1980
263234550509434,70,36,72164,441.688,1980
263234600882062,70,36,72164,441.688,1980
263234651039531,70,36,72164,415.771,1980
263234701217598,70,36,72164,415.771,1980
263234751349264,74,39,72164,394.466,1980
263234802280676,74,39,72164,394.466,1980
263234853110081,74,39,72164,375.008,1980
263234903299892,74,39,72164,375.008,1980
263234954005573,86,43,72164,354.713,1980
263235004317813,86,43,72164,354.713,1980
263235054451655,86,43,72164,340.013,1980
263235104653186,86,43,72164,340.013,1980
263235154779283,100,52,72164,351.771,1980
263235204926718,100,52,72164,351.771,1980
263235255065235,100,52,72164,372.028,1980
263235305380565,100,52,72164,372.028,1980
263235355504084,100,53,72164,381.635,1980
263235405739115,100,53,72164,381.635,1980
263235455842747,100,53,72164,381.766,1980
263235524532556,100,53,72164,378.323,1980
263235574768886,100,53,72164,378.323,1980
263235624922499,100,53,72164,395.677,1980
263235675045966,100,53,72164,395.677,1980
263235725171213,90,50,72164,425.073,1980
263235775321005,90,50,72164,425.073,1980
263235825478374,90,50,72164,453.315,1980
263235875600945,90,50,72164,453.315,1980
263235925705492,99,56,72164,480.561,1980
263235975851341,99,56,72164,480.561,1980
263236026022524,99,56,72164,505.645,1980
263236076185828,99,56,72164,505.645,1980
263236126339830,88,54,72164,522.491,1965
263236176461365,88,54,72164,522.491,1965
263236226566040,88,54,72164,544.875,1965
263236276668829,88,54,72164,544.875,1965
263236326769722,96,59,72164,571.057,1965
263236376869698,96,59,72164,571.057,1965
263236426967989,96,59,72164,595.333,1980
263236477069765,96,59,72164,595.333,1980
263236527213017,98,61,72164,626.414,1980
263236577330899,98,61,72164,626.414,1980
263236627434823,98,61,72164,629.556,1980
263236677562723,98,61,72164,629.556,1980
263236727712118,100,61,72164,625.933,1980
263236777865828,100,61,72164,625.933,1980
263236827990258,100,61,72164,612.249,1980
263236878098409,100,61,72164,612.249,1980
263236928198410,97,58,72164,605.619,1980
263236978298104,97,58,72164,605.619,1980
263237028407655,97,58,72164,600.018,1980
263237078511885,97,58,72164,600.018,1980
263237128613115,97,56,72164,603.948,1980
263237178760457,97,56,72164,603.948,1980
263237228920081,97,56,72164,603.819,1980
263237279081511,97,56,72164,603.819,1980
263237329206408,95,59,72164,607.616,1980
263237380114566,95,59,72164,607.616,1980
263237431187987,95,59,72164,571.517,1980
263237482110230,95,59,72164,571.517,1980
263237532978969,19,19,72164,530.693,1980
263237583531465,19,19,72164,530.693,1980
263237634157158,19,19,72164,497.802,1980
263237684782995,19,19,72164,497.802,1980
263237736166964,42,21,72164,468.309,1980
263237786330567,42,21,72164,468.309,1980
263237836453754,42,21,72164,450.904,1980
263237887364754,42,21,72164,450.904,1980
263237937673368,70,37,72164,430.197,1980
263237987886120,70,37,72164,430.197,1980
263238038856243,70,37,72164,412.393,1980
263238089163692,70,37,72164,412.393,1980
263238139332087,81,42,72164,387.195,1980
263238189472995,81,42,72164,387.195,1980
263238239591030,81,42,72164,367.582,1980
263238289938502,81,42,72164,367.582,1980
263238340332458,100,52,72164,336.908,1980
263238390475704,100,52,72164,336.908,1980
263238440606133,100,52,72166,339.468,1980
263238490722971,100,52,72166,339.468,1980
263238540831161,78,42,72166,380.999,1980
263238590993419,78,42,72166,380.999,1980
263238641187927,78,42,72166,422.268,1980
263238691314473,78,42,72166,422.268,1980
263238741775516,98,52,72166,447.4,1980
263238791884644,98,52,72166,447.4,1980
263238842042499,98,52,72166,468.99,1980
263238892200454,98,52,72166,468.99,1980
263238942339865,89,50,72166,497.244,1980
263238992457036,89,50,72166,497.244,1980
263239042565019,89,50,72166,513.622,1980
263239092712001,89,50,72166,513.622,1980
263239142875430,95,54,72166,536.373,1980
263239193028184,95,54,72166,536.373,1980
263239243187937,95,54,72166,552.398,1980
263239293312818,95,54,72166,552.398,1980
263239343420441,98,56,72166,580.199,1980
263239393548834,98,56,72166,580.199,1980
263239443662326,98,56,72166,606.638,1980
263239493765745,98,56,72166,606.638,1980
263239543917672,96,55,72166,611.865,1980
263239594086869,96,55,72166,611.865,1980
263239644214037,96,55,72166,603.84,1980
263239694320532,96,55,72166,603.84,1980
263239744422781,95,55,72166,601.974,1980
263239794568000,95,55,72166,601.974,1980
263239845289629,95,55,72166,577.384,1980
263239896042261,95,55,72166,577.384,1980
263239946997111,36,32,72166,530.153,1980
263239997117669,36,32,72166,530.153,1980
263240047262805,36,32,72166,493.593,1980
263240098742827,36,32,72166,493.593,1980
263240148923941,27,14,72166,469.651,1980
263240199075236,27,14,72166,469.651,1980
263240250710799,27,14,72166,446.371,1980
263240300917048,27,14,72166,446.371,1980
263240352629350,71,37,72166,427.189,1980
263240402927084,71,37,72166,427.189,1980
263240453108740,71,37,72166,399.67,1980
263240503320066,71,37,72166,399.67,1980
263240554454944,69,37,72166,383.255,1980
263240604967647,69,37,72166,383.255,1980
263240655099378,69,37,72166,357.925,1980
263240705305283,69,37,72166,357.925,1980
263240755627091,93,48,72166,342.416,1980
263240805968334,93,48,72166,342.416,1980
263240856181294,93,48,72166,338.939,1980
263240906391088,93,48,72166,338.939,1980
263240956552971,100,53,72166,355.136,1980
263241006713572,100,53,72166,355.136,1980
263241056918684,100,53,72166,374.089,1980
263241107109104,100,53,72166,374.089,1980
263241157326044,100,53,72166,374.855,1980
263241207557957,100,53,72166,374.855,1980
263241258396670,100,53,72166,373.817,1980
263241308525051,100,53,72166,373.817,1980
263241358629615,100,54,72166,379.193,1980
263241408729542,100,54,72166,379.193,1980
263241458875172,100,54,72166,413.773,1965
263241509007080,100,54,72166,413.773,1965
263241559138855,99,54,72166,443.191,1965
263241609253655,99,54,72166,443.191,1965
263241659354893,99,54,72166,471.0,1965
263241709511785,99,54,72166,471.0,1965
263241759680685,99,54,72166,496.855,1980
263241809829055,99,54,72166,496.855,1980
263241859980623,99,54,72166,521.505,1965
263241910105749,99,54,72166,521.505,1965
263241960209821,96,58,72166,542.378,1965
263242010311137,96,58,72166,542.378,1965
263242060426500,96,58,72166,567.881,1965
263242110532371,96,58,72166,567.881,1965
263242160633754,100,62,72166,595.508,1980
263242210772208,100,62,72166,595.508,1980
263242260931757,100,62,72166,626.644,1980
263242311048462,100,62,72166,626.644,1980
263242361152233,97,58,72166,647.587,1980
263242411262030,97,58,72166,647.587,1980
263242461416204,97,58,72166,634.071,1980
263242511543570,97,58,72166,634.071,1980
263242561647153,97,57,72166,626.734,1980
263242611781057,97,57,72166,626.734,1980
263242661912664,97,57,72166,620.834,1980
263242712051163,97,57,72166,620.834,1980
263242762167848,95,59,72166,617.102,1980
263242812272582,95,59,72166,617.102,1980
263242862376521,95,59,72166,619.464,1980
263242912547034,95,59,72166,619.464,1980
263242962718005,95,59,72166,618.383,1980
263243012845628,95,59,72166,618.383,1980
263243062997202,95,59,72166,615.885,1980
263243115410259,95,59,72166,615.885,1980
263243166478586,98,61,72166,604.919,1980
263243217527569,98,61,72166,604.919,1980
263243268431023,98,61,72166,560.121,1980
263243325694266,2,2,72166,513.599,1980
263243376076840,2,2,72166,513.599,1980
263243426596259,2,2,72166,493.895,1980
263243477210863,2,2,72166,493.895,1980
263243527355721,69,35,72166,466.979,1980
263243578589050,69,35,72166,466.979,1980
263243628801252,69,35,72166,441.16,1980
263243680141537,69,35,72166,441.16,1980
263243730394349,70,37,72166,415.412,1980
263243780515378,70,37,72166,415.412,1980
263243830641724,70,37,72166,390.541,1980
263243881544858,70,37,72166,390.541,1980
263243931755594,79,41,72166,373.442,1980
263243982702441,79,41,72166,373.442,1980
263244033634314,79,41,72166,354.58,1980
263244083862772,79,41,72166,354.58,1980
263244134408496,97,50,72166,336.525,1980
263244185004882,97,50,72166,336.525,1980
263244235155126,97,50,72166,352.36,1980
263244285301421,97,50,72166,352.36,1980
263244335772302,100,53,72166,371.798,1980
263244385917604,100,53,72166,371.798,1980
263244436129505,100,53,72166,377.059,1980
263244486317166,100,53,72166,377.059,1980
263244536505054,100,53,72166,376.802,1980
263244586839458,100,53,72166,376.802,1980
263244636999530,100,53,72166,376.072,1980
263244687166660,100,53,72166,376.072,1980
263244737297831,100,53,72166,371.955,1980
263244787436002,100,53,72166,371.955,1980
263244837596860,100,53,72166,389.699,1980
263244887759429,100,53,72166,389.699,1980
263244937882627,95,53,72166,419.271,1980
263244987987003,95,53,72166,419.271,1980
263245038098724,95,53,72166,448.265,1980
263245088200744,95,53,72166,448.265,1980
263245138301837,99,56,72166,478.484,1965
263245188413006,99,56,72166,478.484,1965
263245238516614,99,56,72166,504.503,1965
263245288659443,99,56,72166,504.503,1965
263245338828291,89,50,72166,532.905,1965
263245388969964,89,50,72166,532.905,1965
263245439094643,89,50,72166,556.635,1980
263245489263335,89,50,72166,556.635,1980
263245539408771,97,54,72166,577.444,1980
263245589533540,97,54,72166,577.444,1980
263245639646777,97,54,72166,604.377,1980
263245689765459,97,54,72166,604.377,1980
263245739884337,96,56,72166,630.866,1980
263245790045770,96,56,72166,630.866,1980
263245840197416,96,56,72166,643.638,1980
263245890353312,96,56,72166,643.638,1980
263245940479456,95,56,72166,637.27,1980
263245990587739,95,56,72166,637.27,1980
263246040689888,95,56,72166,631.374,1980
263246090790794,95,56,72166,631.374,1980
263246140942671,95,59,72166,628.912,1980
263246191079314,95,59,72166,628.912,1980
263246241192133,95,59,72166,623.84,1980
263246291296338,95,59,72166,623.84,1980
263246341415167,95,60,72166,620.139,1980
263246391523912,95,60,72166,620.139,1980
263246441634672,95,60,72166,625.273,1980
263246491757531,95,60,72166,625.273,1980
263246541885941,96,60,72166,628.025,1980
263246592030863,96,60,72166,628.025,1980
263246642158868,96,60,72166,626.338,1980
263246692337016,96,60,72166,626.338,1980
263246742530707,96,59,72166,621.765,1980
263246794082708,96,59,72166,621.765,1980
263246844737599,96,59,72166,590.521,1980
263246895437639,96,59,72166,590.521,1980
263246946440759,18,18,72166,544.48,1980
263246996580865,18,18,72166,544.48,1980
263247048010513,18,18,72166,513.236,1980
263247098194043,18,18,72166,513.236,1980
263247148375903,46,23,72166,479.972,1980
263247200255997,46,23,72166,479.972,1980
263247250404072,46,23,72166,455.347,1980
263247301777902,46,23,72166,455.347,1980
263247351947054,70,37,72166,432.501,1980
263247402117096,70,37,72166,432.501,1980
263247452344294,70,37,72166,410.671,1980
263247502738013,70,37,72166,410.671,1980
263247553480681,75,40,72166,384.6,1980
263247603675373,75,40,72166,384.6,1980
263247653886799,75,40,72166,356.065,1980
263247704135300,75,40,72166,356.065,1980
263247754292447,100,52,72166,333.876,1980
263247804422416,100,52,72166,333.876,1980
263247854565790,100,52,72166,342.353,1980
263247904756228,100,52,72166,342.353,1980
263247954973437,100,54,72166,357.681,1980
263248005138297,100,54,72166,357.681,1980
263248055310915,100,54,72166,369.216,1980
263248105450955,100,54,72166,369.216,1980
263248155619110,100,54,72166,368.571,1980
263248205802780,100,54,72166,368.571,1980
263248268107138,100,54,72166,366.917,1980
263248318287532,100,54,72166,366.917,1980
263248368451885,100,54,72166,369.066,1980
263248418630521,100,54,72166,369.066,1980
263248468808830,100,54,72166,402.576,1980
263248518972735,100,54,72166,402.576,1980
263248569151542,98,56,72166,429.22,1980
263248619338204,98,56,72166,429.22,1980
263248669506352,98,56,72166,458.691,1980
263248719672649,98,56,72166,458.691,1980
263248769825938,98,56,72166,486.846,1980
263248819952699,98,56,72166,486.846,1980
263248870065506,98,56,72166,510.834,1980
263248920214559,98,56,72166,510.834,1980
263248970380239,88,53,72166,529.447,1980
263249020556068,88,53,72166,529.447,1980
263249070667694,88,53,72166,553.844,1980
263249120819890,88,53,72166,553.844,1980
263249170981448,98,61,72166,576.918,1980
263249221149250,98,61,72166,576.918,1980
263249272245237,98,61,72166,602.36,1980
263249322400631,98,61,72166,602.36,1980
263249372522566,98,61,72166,622.145,1980
263249422637420,98,61,72166,622.145,1980
263249472750762,98,61,72166,613.437,1980
263249522864660,98,61,72166,613.437,1980
263249572977938,98,62,72166,608.413,1980
263249623092670,98,62,72166,608.413,1980
263249673203460,98,62,72166,600.759,1980
263249723314664,98,62,72166,600.759,1980
263249773427685,100,59,72166,594.669,1980
263249823555299,100,59,72166,594.669,1980
263249873678009,100,59,72166,593.049,1980
263249923796708,100,59,72166,593.049,1980
263249973908632,95,57,72166,600.911,1980
263250024043024,95,57,72166,600.911,1980
263250074156425,95,57,72166,596.698,1980
263250124271427,95,57,72166,596.698,1980
263250174383323,95,56,72166,607.167,1980
263250224493478,95,56,72166,597.746,1980
263250275307294,95,56,72166,597.746,1980
263250326068308,70,52,72166,558.665,1980
263250376902734,70,52,72166,558.665,1980
263250427199768,70,52,72166,512.139,1980
263250478474880,70,52,72166,512.139,1980
263250528973733,2,1,72166,486.746,1980
263250579152930,2,1,72166,486.746,1980
263250629336255,2,1,72166,463.345,1980
263250679688051,2,1,72166,463.345,1980
263250729865199,69,36,72166,440.594,1980
263250780104584,69,36,72166,440.594,1980
263250831987963,69,36,72166,414.705,1980
263250882370498,69,36,72166,414.705,1980
263250933114919,70,37,72166,390.642,1980
263250984423691,70,37,72166,390.642,1980
263251035198766,70,37,72166,375.594,1980
263251086373107,70,37,72166,375.594,1980
263251136568043,82,41,72166,351.849,1980
263251186727106,82,41,72166,351.849,1980
263251237196350,82,41,72166,333.786,1980
263251287350217,82,41,72166,333.786,1980
263251337567490,99,53,72166,352.802,1980
263251387676564,99,53,72166,352.802,1980
263251437791057,99,53,72166,368.295,1980
263251487906171,99,53,72166,368.295,1980
263251538018780,100,54,72166,371.917,1980
263251588127638,100,54,72166,371.917,1980
263251638237403,100,54,72166,371.649,1980
263251688348692,100,54,72166,371.649,1980
263251738455485,100,54,72166,371.79,1980
263251788571458,100,54,72166,371.79,1980
263251838685859,100,54,72166,368.729,1980
263251888800011,100,54,72166,368.729,1980
263251938908985,75,41,72166,382.933,1980
263251989029773,75,41,72166,382.933,1980
263252039158927,75,41,72166,412.538,1980
263252089271639,75,41,72166,412.538,1980
263252139380004,98,55,72166,441.108,1980
263252189489343,98,55,72166,441.108,1980
263252239605314,98,55,72166,468.97,1965
263252289719275,98,55,72166,468.97,1965
263252339832932,99,55,72166,499.439,1965
263252389942263,99,55,72166,499.439,1965
263252440056297,99,55,72166,524.652,1965
263252490209816,99,55,72166,524.652,1965
263252540326326,95,57,72166,546.981,1965
263252590438398,95,57,72166,546.981,1965
263252640552605,95,57,72166,572.005,1965
263252690670280,95,57,72166,572.005,1965
263252740785758,98,60,72166,590.916,1980
263252790896421,98,60,72166,590.916,1980
263252841010182,98,60,72166,615.945,1980
263252891119121,98,60,72166,615.945,1980
263252941247697,98,60,72166,631.107,1980
263252991369088,98,60,72166,631.107,1980
263253041482540,98,60,72166,626.117,1980
263253091592915,98,60,72166,626.117,1980
263253141714473,98,60,72166,617.317,1980
263253191827832,98,60,72166,617.317,1980
263253241942580,98,60,72166,612.448,1980
263253292057466,98,60,72166,612.448,1980
263253342174285,98,60,72166,606.092,1980
263253392287206,98,60,72166,606.092,1980
263253442399137,98,60,72166,611.517,1980
263253492510967,98,60,72166,611.517,1980
263253542634628,98,60,72166,612.113,1980
263253592744421,98,60,72166,612.113,1980
263253642860349,98,60,72166,617.874,1950
263253692973399,98,60,72166,617.874,1950
263253743163348,98,60,72166,618.445,1965
263253793284266,98,60,72166,618.445,1965
263253843395834,98,60,72166,622.121,1950
263253893506662,98,60,72166,622.121,1950
263253943617328,98,59,72166,620.075,1965
263253994438011,98,59,72166,620.075,1965
263254045172169,98,59,72166,583.593,1965
263254096228090,98,59,72166,583.593,1965
263254146930750,13,13,72166,539.915,1980
263254197484179,13,13,72166,539.915,1980
263254247745662,13,13,72166,505.143,1980
263254297918484,13,13,72166,505.143,1980
263254348066983,43,21,72166,479.816,1980
263254399658243,43,21,72166,479.816,1980
263254450788413,43,21,72166,454.09,1980
263254500917117,43,21,72166,454.09,1980
263254552602505,69,36,72166,427.535,1980
263254603871062,69,36,72166,427.535,1980
263254656238730,69,36,72166,403.099,1980
263254706380449,69,36,72166,403.099,1980
263254757471015,71,38,72166,380.17,1980
263254808523457,71,38,72166,380.17,1980
263254858878297,71,38,72166,354.245,1980
263254909138202,71,38,72166,354.245,1980
263254959262837,89,45,72166,335.805,1980
263255009400072,89,45,72166,335.805,1980
263255059555600,89,45,72166,339.709,1980
263255109689462,89,45,72166,339.709,1980
263255159801641,100,53,72166,359.456,1980
263255209949801,100,53,72166,359.456,1980
263255260184787,100,53,72166,371.211,1980
263255310564105,100,53,72166,371.211,1980
263255360676872,100,53,72166,372.888,1980
263255421544091,100,53,72166,372.888,1980
263255471657262,100,53,72166,369.358,1980
263255521770271,100,53,72166,369.358,1980
263255571882747,76,41,72166,388.913,1980
263255621995397,76,41,72166,388.913,1980
263255672205504,76,41,72166,423.374,1965
263255722354762,76,41,72166,423.374,1965
263255772473254,98,55,72166,452.112,1965
263255822587328,98,55,72166,452.112,1965
263255872698965,98,55,72166,479.177,1965
263255922820969,98,55,72166,479.177,1965
263255972940375,98,55,72166,496.637,1965
263256023135964,98,55,72166,496.637,1965
263256073283626,98,55,72166,517.447,1980
263256123415965,98,55,72166,517.447,1980
263256173536906,95,53,72166,540.384,1980
263256223650023,95,53,72166,540.384,1980
263256273762333,95,53,72166,566.167,1980
263256323877515,95,53,72166,566.167,1980
263256374012909,95,55,72166,593.805,1965
263256424134513,95,55,72166,593.805,1965
263256474249545,95,55,72166,621.634,1965
263256524453485,95,55,72166,621.634,1965
263256574566467,93,57,72166,622.323,1965
263256624682709,93,57,72166,622.323,1965
263256674799801,93,57,72166,610.949,1980
263256724916121,93,57,72166,610.949,1980
263256775033984,98,59,72166,603.273,1980
263256825149012,98,59,72166,603.273,1980
263256875293633,98,59,72166,600.649,1980
263256925411694,98,59,72166,600.649,1980
263256975522856,98,60,72166,599.615,1980
263257025643105,98,60,72166,599.615,1980
263257075753988,98,60,72166,601.134,1965
263257125865569,98,60,72166,601.134,1965
263257175978145,100,58,72166,598.197,1965
263257226090717,100,58,72166,598.197,1965
263257276963644,100,58,72166,597.407,1965
263257327876332,100,58,72166,556.426,1980
263257378556305,94,65,72166,556.426,1980
263257429568561,94,65,72166,511.379,1980
263257479807985,94,65,72166,511.379,1980
263257530181787,2,2,72166,482.352,1980
263257581012427,2,2,72166,482.352,1980
263257631160943,2,2,72166,462.143,1980
263257681295390,2,2,72166,462.143,1980
263257732689175,69,35,72166,435.289,1980
263257782861240,69,35,72166,435.289,1980
263257833026461,69,35,72166,416.343,1980
263257883140376,69,35,72166,416.343,1980
263257934689222,64,34,72166,397.508,1980
263257985519680,64,34,72166,397.508,1980
263258036478129,64,34,72166,373.287,1980
263258087660041,64,34,72166,373.287,1980
263258137839314,77,39,72166,348.276,1980
263258187971651,77,39,72166,348.276,1980
263258238084472,77,39,72166,334.166,1980
263258289543870,77,39,72166,334.166,1980
263258339715140,100,53,72166,341.703,1980
263258390114630,100,53,72166,341.703,1980
263258440265995,100,53,72166,365.061,1980
263258490616540,100,53,72166,365.061,1980
263258540723594,100,53,72166,374.479,1980
263258590871796,100,53,72166,374.479,1980
263258640992224,100,53,72166,374.093,1980
263258704265376,100,53,72166,374.093,1980
263258754382486,68,37,72166,367.825,1980
263258804496018,68,37,72166,367.825,1980
263258854610933,68,37,72166,397.785,1980
263258904721872,68,37,72166,397.785,1980
263258954831847,98,56,72166,428.507,1950
263259004941593,98,56,72166,428.507,1950
263259055054055,98,56,72166,456.89,1965
263259105162526,98,56,72166,456.89,1965
263259155282885,99,55,72166,485.495,1965
263259205402509,99,55,72166,485.495,1965
263259255514477,99,55,72166,510.673,1980
263259306707695,99,55,72166,510.673,1980
263259356840445,95,54,72166,529.393,1980
263259406959206,95,54,72166,529.393,1980
263259457078950,95,54,72166,554.818,1980
263259507191470,95,54,72166,554.818,1980
263259557305315,95,55,72166,578.143,1980
263259607420179,95,55,72166,578.143,1980
263259657533914,95,55,72166,606.161,1980
263259707657666,95,55,72166,606.161,1980
263259757798532,92,57,72166,629.25,1980
263259807921440,92,57,72166,629.25,1980
263259858038490,92,57,72166,632.496,1980
263259908151524,92,57,72166,632.496,1980
263259958262993,98,59,72166,626.474,1980
263260008382388,98,59,72166,626.474,1980
263260058505533,98,59,72166,619.208,1980
263260108626678,98,59,72166,619.208,1980
263260158747078,98,60,72166,611.236,1980
263260208863225,98,60,72166,611.236,1980
263260258975562,98,60,72166,608.496,1980
263260309088004,98,60,72166,608.496,1980
263260359205459,100,59,72166,609.917,1980
263260409321858,100,59,72166,609.917,1980
263260459434370,100,59,72166,611.074,1980
263260509549899,100,59,72166,611.074,1980
263260559657066,95,63,72166,611.592,1980
263260610442753,95,63,72166,611.592,1980
263260661418354,95,63,72166,573.256,1980
263260712293290,95,63,72166,573.256,1980
263260762407663,11,11,72166,531.652,1980
263260813628930,11,11,72166,531.652,1980
263260863764755,11,11,72166,501.104,1980
263260913942049,11,11,72166,501.104,1980
263260964596805,69,36,72166,471.428,1980
263261014731678,69,36,72166,471.428,1980
263261064865125,69,36,72166,447.411,1980
263261114984479,69,36,72166,447.411,1980
263261165186484,69,37,72166,427.163,1980
263261216347327,69,37,72166,427.163,1980
263261266480856,69,37,72166,405.639,1980
263261316656180,69,37,72166,405.639,1980
263261367039482,83,43,72166,377.382,1980
263261417171565,83,43,72166,377.382,1980
263261467305983,83,43,72166,359.304,1980
263261517445255,83,43,72166,359.304,1980
263261567560579,100,53,72166,334.229,1980
263261617940798,100,53,72166,334.229,1980
263261668080033,100,53,72166,337.285,1980
263261718427407,100,53,72166,337.285,1980
263261768544225,100,53,72166,357.251,1980
263261834270864,100,53,72166,369.556,1980
263261884446777,100,53,72166,369.556,1980
263261934563090,74,41,72166,381.743,1980
263261984672571,74,41,72166,381.743,1980
263262034780484,74,41,72166,414.207,1980
263262084888052,74,41,72166,414.207,1980
263262134997295,98,55,72166,442.743,1980
263262185109791,98,55,72166,442.743,1980
263262235222643,98,55,72166,473.087,1980
263262285380986,98,55,72166,473.087,1980
263262335574446,77,46,72166,496.937,1980
263262385689263,77,46,72166,496.937,1980
263262435801676,77,46,72166,515.141,1980
263262485922969,77,46,72166,515.141,1980
263262536044294,97,57,72166,535.391,1980
263262586156105,97,57,72166,535.391,1980
263262636266359,97,57,72166,551.95,1980
263262686378733,97,57,72166,551.95,1980
263262736491468,98,58,72166,571.292,1980
263262786600684,98,58,72166,571.292,1980
263262836714725,98,58,72166,599.258,1980
263262886827065,98,58,72166,599.258,1980
263262936936671,95,54,72166,609.777,1980
263262987054422,95,54,72166,609.777,1980
263263037169607,95,54,72166,601.562,1980
263263087896752,95,54,72166,601.562,1980
263263138009931,95,54,72166,588.908,1980
263263188123043,95,54,72166,588.908,1980
263263238237136,95,54,72166,580.315,1980
263263288349038,95,54,72166,580.315,1980
263263338461702,93,56,72166,575.92,1980
263263388575009,93,56,72166,575.92,1980
263263438685358,93,56,72166,577.018,1980
263263488798440,93,56,72166,577.018,1980
263263538914120,98,58,72166,576.816,1980
263263589032263,98,58,72166,576.816,1980
263263639145366,98,58,72166,573.486,1980
263263690162626,98,58,72166,573.486,1980
263263741034119,2,2,72166,529.882,1980
263263792500634,2,2,72166,529.882,1980
263263842665805,2,2,72166,486.737,1980
263263892842640,2,2,72166,486.737,1980
263263943092442,64,32,72166,460.494,1980
263263993261489,64,32,72166,460.494,1980
263264044141506,64,32,72166,437.778,1980
263264094303698,64,32,72166,437.778,1980
263264144458725,68,36,72166,417.487,1980
263264195888758,68,36,72166,417.487,1980
263264247140210,68,36,72166,398.72,1980
263264297667371,68,36,72166,398.72,1980
263264347792249,75,39,72166,376.969,1980
263264397994733,75,39,72166,376.969,1980
263264448147633,75,39,72166,362.905,1980
263264498686399,75,39,72166,362.905,1980
263264548819805,99,52,72166,340.119,1980
263264599356026,99,52,72166,340.119,1980
263264649815914,99,52,72166,330.5,1980
263264700162367,99,52,72166,330.5,1980
263264750301515,100,54,72166,348.078,1980
263264800425127,100,54,72166,348.078,1980
263264850765577,100,54,72166,367.665,1980
263264900874997,100,54,72166,367.665,1980
263264951077440,100,53,72166,376.149,1980
263265001310754,100,53,72166,376.149,1980
263265051504468,100,53,72166,375.822,1980
263265101729434,100,53,72166,375.822,1980
263265151934763,100,54,72166,375.916,1980
263265212587825,100,54,72166,375.916,1980
263265262730710,100,54,72166,370.847,1980
263265312855669,100,54,72166,370.847,1980
263265362971423,99,56,72166,395.4,1980
263265413053564,99,56,72166,395.4,1980
263265463184141,99,56,72166,429.023,1965
263265513296014,99,56,72166,429.023,1965
263265563430992,98,55,72166,455.218,1965
263265613540954,98,55,72166,455.218,1965
263265663656458,98,55,72166,486.04,1965
263265713764992,98,55,72166,486.04,1965
263265763882795,88,49,72166,510.76,1965
263265813996890,88,49,72166,510.76,1965
263265864107544,88,49,72166,532.751,1965
263265914216606,88,49,72166,532.751,1965
263265964328773,93,57,72166,558.201,1965
263266014443771,93,57,72166,558.201,1965
263266064555037,93,57,72166,588.798,1965
263266114680967,93,57,72166,588.798,1965
263266164791276,93,59,72166,606.952,1965
263266214898061,93,59,72166,606.952,1965
263266265012398,93,59,72166,630.827,1965
263266315120643,93,59,72166,630.827,1965
263266365232477,97,60,72166,634.282,1980
263266416765547,97,60,72166,634.282,1980
263266466877942,97,60,72166,621.938,1980
263266516987718,97,60,72166,621.938,1980
263266567099253,98,61,72166,618.619,1980
263266617213355,98,61,72166,618.619,1980
263266667322903,98,61,72166,608.386,1980
263266717434250,98,61,72166,608.386,1980
263266767541397,98,62,72166,610.304,1965
263266817649248,98,62,72166,610.304,1965
263266867758546,98,62,72166,605.784,1965
263266917870394,98,62,72166,605.784,1965
263266968305811,98,62,72166,605.188,1965
263267018418413,98,62,72166,605.188,1965
263267068530608,98,62,72166,601.318,1980
263267118642963,98,62,72166,601.318,1980
263267168754359,100,63,72166,601.945,1980
263267219759813,100,63,72166,601.945,1980
263267270651737,100,63,72166,585.435,1980
263267321625558,100,63,72166,585.435,1980
263267372482439,2,2,72166,543.594,1980
263267423576019,2,2,72166,543.594,1980
263267473692480,2,2,72166,507.02,1980
263267523822898,2,2,72166,507.02,1980
263267574940640,68,35,72166,479.532,1980
263267625062254,68,35,72166,479.532,1980
263267675195899,68,35,72166,454.914,1980
263267726644298,68,35,72166,454.914,1980
263267776802020,70,37,72166,428.113,1980
263267828154401,70,37,72166,428.113,1980
263267879146091,70,37,72166,409.162,1980
263267929348643,70,37,72166,409.162,1980
263267979491634,81,42,72166,381.028,1980
263268029874967,81,42,72166,381.028,1980
263268079985277,81,42,72166,360.319,1980
263268130168289,81,42,72166,360.319,1980
263268180276718,100,53,72166,337.734,1980
263268230410946,100,53,72166,337.734,1980
263268280541909,100,53,72166,328.929,1980
263268330838238,100,53,72166,328.929,1980
263268381026930,100,54,72166,347.073,1980
263268431122942,100,54,72166,347.073,1980
263268481241089,100,54,72166,366.091,1980
263268531365981,100,54,72166,366.091,1980
263268581479502,100,54,72166,366.277,1980
263268631603294,100,54,72166,366.277,1980
263268681999832,100,54,72166,367.705,1980
263268732124740,100,54,72166,367.705,1980
263268782239893,65,36,72166,371.352,1980
263268832350093,65,36,72166,371.352,1980
263268882458340,65,36,72166,403.136,1965
263268932565865,65,36,72166,403.136,1965
263268982677790,98,54,72166,429.536,1965
263269032791221,98,54,72166,429.536,1965
263269082902413,98,54,72166,460.173,1965
263269133048517,98,54,72166,460.173,1965
263269183164361,88,48,72166,481.096,1980
263269233277073,88,48,72166,481.096,1980
263269285659079,88,48,72166,507.6,1980
263269335777200,95,53,72166,533.998,1980
263269385889355,95,53,72166,533.998,1980
263269436006423,95,53,72166,553.559,1980
263269486119524,95,53,72166,553.559,1980
263269536231542,93,58,72166,576.31,1980
263269586341727,93,58,72166,576.31,1980
263269636464645,93,58,72166,603.219,1980
263269686580375,93,58,72166,603.219,1980
263269736696441,98,59,72166,625.449,1980
263269786807437,98,59,72166,625.449,1980
263269836915413,98,59,72166,614.016,1980
263269887025078,98,59,72166,614.016,1980
263269937134980,98,61,72166,608.009,1980
263269987244224,98,61,72166,608.009,1980
263270037360301,98,61,72166,601.773,1980
263270087469544,98,61,72166,601.773,1980
263270137583559,100,59,72166,598.84,1980
263270187697737,100,59,72166,598.84,1980
263270237808457,100,59,72166,599.726,1980
263270287916999,100,59,72166,599.726,1980
263270338138451,95,56,72166,595.085,1980
263270388256027,95,56,72166,595.085,1980
263270438375796,95,56,72166,595.461,1980
263270488489620,95,56,72166,595.461,1980
263270538616896,75,55,72166,583.297,1980
263270589374991,75,55,72166,583.297,1980
263270640090266,75,55,72166,542.639,1980
263270690997869,75,55,72166,542.639,1980
263270741135527,2,2,72166,497.277,1980
263270792763613,2,2,72166,497.277,1980
263270843898410,2,2,72166,471.961,1980
263270894600739,2,2,72166,471.961,1980
263270945486285,68,35,72166,448.757,1980
263270995834821,68,35,72166,448.757,1980
263271045991847,68,35,72166,424.897,1980
263271096838780,68,35,72166,424.897,1980
263271147277632,73,38,72166,405.714,1980
263271197420419,73,38,72166,405.714,1980
263271247552639,73,38,72166,384.587,1980
263271297698069,73,38,72166,384.587,1980
263271348259341,88,45,72166,367.034,1980
263271398641622,88,45,72166,367.034,1980
263271449135913,88,45,72166,340.638,1980
263271499389404,88,45,72166,340.638,1980
263271549541729,100,53,72166,330.413,1980
263271599671344,100,53,72166,330.413,1980
263271649876783,100,53,72166,352.659,1980
263271700054167,100,53,72166,352.659,1980
263271750327597,100,53,72166,372.261,1980
263271800513613,100,53,72166,372.261,1980
263271850817331,100,53,72166,372.535,1980
263271900943689,100,53,72166,372.535,1980
263271951067512,65,35,72166,375.738,1980
263272001177002,65,35,72166,375.738,1980
263272051298811,65,35,72166,409.55,1980
263272101419948,65,35,72166,409.55,1980
263272151530881,98,54,72166,439.623,1980
263272201676106,98,54,72166,439.623,1980
263272251815564,98,54,72166,467.457,1980
263272301928087,98,54,72166,467.457,1980
263272352050974,88,48,72166,492.395,1980
263272402167705,88,48,72166,492.395,1980
263272453660830,88,48,72166,511.469,1980
263272503792769,88,48,72166,511.469,1980
263272553905552,93,55,72166,531.506,1980
263272604021241,93,55,72166,531.506,1980
263272654139335,93,55,72166,549.369,1980
263272704249486,93,55,72166,549.369,1980
263272754362346,98,58,72166,571.948,1980
263272804486814,98,58,72166,571.948,1980
263272854607044,98,58,72166,599.765,1980
263272904718659,98,58,72166,599.765,1980
263272954826660,98,59,72166,618.027,1980
263273004936203,98,59,72166,618.027,1980
263273055048942,98,59,72166,606.512,1980
263273105439526,98,59,72166,606.512,1980
263273155553083,95,55,72166,597.68,1980
263273205664811,95,55,72166,597.68,1980
263273255777043,95,55,72166,588.943,1980
263273305886323,95,55,72166,588.943,1980
263273355998532,93,56,72166,586.246,1980
263273406117241,93,56,72166,586.246,1980
263273456240175,93,56,72166,585.608,1980
263273506357649,93,56,72166,585.608,1980
263273556473328,94,55,72166,588.67,1980
263273606582667,94,55,72166,588.67,1980
263273657271301,94,55,72166,578.574,1980
263273708207012,94,55,72166,578.574,1980
263273759145279,2,2,72166,535.684,1980
263273810091333,2,2,72166,535.684,1980
263273860280672,2,2,72166,495.307,1980
263273910442237,2,2,72166,495.307,1980
263273960589196,57,28,72166,474.608,1980
263274011099079,57,28,72166,474.608,1980
263274061645645,57,28,72166,449.067,1980
263274111933815,57,28,72166,449.067,1980
263274162099197,68,36,72166,425.138,1980
263274212940527,68,36,72166,425.138,1980
263274263134075,68,36,72166,402.426,1980
263274314492194,68,36,72166,402.426,1980
263274365600944,71,38,72166,386.184,1980
263274416769808,71,38,72166,386.184,1980
263274466954305,71,38,72166,362.236,1980
263274517806516,71,38,72166,362.236,1980
263274568599176,79,40,72166,340.944,1980
263274618809161,79,40,72166,340.944,1980
263274669507217,79,40,72166,329.771,1980
263274719638649,79,40,72166,329.771,1980
263274769790279,100,53,72166,347.14,1980
263274819931696,100,53,72166,347.14,1980
263274870046578,100,53,72166,367.099,1980
263274930128573,100,53,72166,367.099,1980
263274980251407,82,44,72166,366.87,1980
263275030368715,82,44,72166,366.87,1980
263275080562320,82,44,72166,390.083,1980
263275130673059,82,44,72166,390.083,1980
263275180791885,98,54,72166,421.476,1980
263275230911131,98,54,72166,421.476,1980
263275281051814,98,54,72166,449.68,1980
263275331163413,98,54,72166,449.68,1980
263275381287450,88,48,72166,472.552,1980
263275431396315,88,48,72166,472.552,1980
263275481508348,88,48,72166,499.755,1980
263275531617113,88,48,72166,499.755,1980
263275581725122,93,55,72166,522.843,1980
263275631832482,93,55,72166,522.843,1980
263275681952072,93,55,72166,542.115,1980
263275732070104,93,55,72166,542.115,1980
263275782185114,98,59,72166,563.13,1980
263275836608956,98,59,72166,563.13,1980
263275886741654,98,59,72166,585.958,1980
263275936861794,98,59,72166,585.958,1980
263275986975346,95,55,72166,619.92,1980
263276037083029,95,55,72166,619.92,1980
263276087195199,95,55,72166,622.656,1980
263276137307899,95,55,72166,622.656,1980
263276188209771,93,57,72166,615.813,1980
263276238326620,93,57,72166,608.498,1980
263276288439366,93,57,72166,608.498,1980
263276338661576,98,60,72166,609.925,1980
263276388781218,98,60,72166,609.925,1980
263276438894031,98,60,72166,609.962,1980
263276489011120,98,60,72166,609.962,1980
263276539589026,76,55,72166,596.187,1980
263276590585467,76,55,72166,596.187,1980
263276641619464,76,55,72166,551.217,1980
263276692471833,76,55,72166,551.217,1980
263276742597487,2,1,72166,507.82,1980
263276794531101,2,1,72166,507.82,1980
263276844648255,2,1,72166,482.096,1980
263276895074151,2,1,72166,482.096,1980
263276945243375,69,36,72166,460.861,1980
263276995410509,69,36,72166,460.861,1980
263277046630478,69,36,72166,435.604,1980
263277096805976,69,36,72166,435.604,1980
263277146979280,71,37,72166,415.089,1980
263277198175714,71,37,72166,415.089,1980
263277249763444,71,37,72166,389.401,1980
263277300908890,71,37,72166,389.401,1980
263277351480576,84,43,72166,369.937,1980
263277401740225,84,43,72166,369.937,1980
263277451927180,84,43,72166,341.171,1980
263277502090354,84,43,72166,341.171,1980
263277552225190,100,54,72166,327.233,1980
263277602430445,100,54,72166,327.233,1980
263277653704421,100,54,72166,348.327,1980
263277703816974,100,54,72166,348.327,1980
263277753929564,67,35,72166,383.541,1980
263277804073624,67,35,72166,383.541,1980
263277854184838,67,35,72166,411.841,1980
263277904289902,67,35,72166,411.841,1980
263277954409660,98,51,72166,441.743,1980
263278004521455,98,51,72166,441.743,1980
263278054644576,98,51,72166,462.609,1980
263278104757677,98,51,72166,462.609,1980
263278154872289,94,53,72166,477.862,1980
263278204992764,94,53,72166,477.862,1980
263278255121623,94,53,72166,498.347,1980
263278310091825,94,53,72166,498.347,1980
263278360201160,92,54,72166,518.316,1980
263278410306233,92,54,72166,518.316,1980
263278460412155,92,54,72166,534.04,1980
263278510541309,92,54,72166,534.04,1980
263278560657319,95,53,72166,554.913,1980
263278610768885,95,53,72166,554.913,1980
263278660888999,95,53,72166,569.813,1980
263278711023626,95,53,72166,569.813,1980
263278761138115,93,54,72166,581.527,1980
263278811250700,93,54,72166,581.527,1980
263278861364823,93,54,72166,569.332,1980
263278911487988,93,54,72166,569.332,1980
263278961601559,95,53,72166,564.382,1980
263279011709997,95,53,72166,564.382,1980
263279061820973,95,53,72166,559.454,1980
263279112807047,95,53,72166,559.454,1980
263279163512388,26,27,72166,540.228,1980
263279214206572,26,27,72166,540.228,1980
263279264962367,26,27,72166,490.525,1980
263279316552167,26,27,72166,490.525,1980
263279367626879,31,16,72166,463.1,1980
263279418267162,31,16,72166,463.1,1980
263279543612648,31,16,72166,424.834,1980
263279594811199,63,33,72166,424.834,1980
263279645006312,63,33,72166,406.856,1980
263279695892198,63,33,72166,406.856,1980
263279746140531,68,36,72166,386.85,1980
263279796333185,68,36,72166,386.85,1980
263279846503482,68,36,72166,366.954,1980
263279897505926,68,36,72166,366.954,1980
263279947935411,72,38,72166,351.592,1980
263279998106239,72,38,72166,351.592,1980
263280048293737,72,38,72166,330.373,1980
263280098557861,72,38,72166,330.373,1980
263280148777426,92,47,72166,340.389,1980
263280199365575,92,47,72166,340.389,1980
263280249523297,92,47,72166,367.64,1980
263280299640835,92,47,72166,367.64,1980
263280349853930,100,54,72166,376.294,1980
263280400063366,100,54,72166,376.294,1980
263280450227658,100,54,72166,377.343,1980
263280500357859,100,54,72166,377.343,1980
263280550533367,100,54,72166,377.877,1980
263280600669691,100,54,72166,377.877,1980
263280650781490,100,54,72166,375.888,1980
263280700895777,100,54,72166,375.888,1980
263280751017653,60,33,72166,374.403,1980
263280801082081,60,33,72166,374.403,1980
263280851190182,60,33,72166,409.257,1965
263280901305801,60,33,72166,409.257,1965
263280951416174,98,56,72166,440.497,1965
263281001527516,98,56,72166,440.497,1965
263281051636041,98,56,72166,468.589,1965
263281103436263,98,56,72166,468.589,1965
263281153630491,98,55,72166,494.274,1965
263281203736367,98,55,72166,494.274,1965
263281253842449,98,55,72166,509.259,1980
263281303906687,98,55,72166,509.259,1980
263281354022767,95,55,72166,531.168,1980
263281404135211,95,55,72166,531.168,1980
263281454257683,95,55,72166,556.793,1980
263281504382311,95,55,72166,556.793,1980
263281554496238,95,56,72166,580.635,1980
263281604613552,95,56,72166,580.635,1980
263281654727360,95,56,72166,607.544,1980
263281704837713,95,56,72166,607.544,1980
263281754943760,95,55,72166,641.044,1980
263281805049676,95,55,72166,641.044,1980
263281856014795,95,55,72166,632.773,1980
263281906128506,95,55,72166,632.773,1980
263281956236738,92,57,72166,625.716,1980
263282006344363,92,57,72166,625.716,1980
263282056455720,92,57,72166,616.451,1980
263282106579976,92,57,72166,616.451,1980
263282168787313,92,57,72166,612.021,1980
263282220716429,92,57,72166,612.021,1980
263282270865879,92,57,72166,612.707,1980
263282320993660,92,57,72166,612.707,1980
263282371124191,98,60,72166,612.738,1980
263282421320294,98,60,72166,612.738,1980
263282471449618,98,60,72166,611.654,1980
263282521564240,98,60,72166,611.654,1980
263282573270657,98,61,72166,613.704,1980
263282623383183,98,61,72166,613.704,1980
263282674009712,98,61,72166,590.099,1980
263282724914610,98,61,72166,590.099,1980
263282775942603,2,2,72166,545.951,1980
263282826057614,2,2,72166,545.951,1980
263282876466234,2,2,72166,499.571,1980
263282926949067,2,2,72166,499.571,1980
263282977749128,67,34,72166,471.308,1980
263283028167485,67,34,72166,471.308,1980
263283078869714,67,34,72166,451.475,1980
263283129368399,67,34,72166,451.475,1980
263283180314509,69,36,72166,426.219,1980
263283231754630,69,36,72166,426.219,1980
263283282818610,69,36,72166,408.385,1980
263283332965103,69,36,72166,408.385,1980
263283383094603,75,39,72166,382.45,1980
263283433234010,75,39,72166,382.45,1980
263283483367910,75,39,72166,363.358,1980
263283533990945,75,39,72166,363.358,1980
263283584726700,94,48,72166,335.716,1980
263283634954515,94,48,72166,335.716,1980
263283685051552,94,48,72166,333.778,1980
263283735186516,94,48,72166,333.778,1980
263283785359479,100,53,72166,354.722,1980
263283835469700,100,53,72166,354.722,1980
263283885579516,100,53,72166,369.994,1980
263283935724594,100,53,72166,369.994,1980
263283985864630,100,54,72166,373.449,1980
263284036058667,100,54,72166,373.449,1980
263284086192172,100,54,72166,372.905,1980
263284136330688,100,54,72166,372.905,1980
263284186492063,100,54,72166,371.727,1980
263284237009461,100,54,72166,371.727,1980
263284287132314,100,54,72166,363.837,1980
263284337241880,100,54,72166,363.837,1980
263284387351223,87,48,72166,390.441,1950
263284437519754,87,48,72166,390.441,1950
263284487664834,87,48,72166,419.757,1965
263284537783711,87,48,72166,419.757,1965
263284587944733,99,55,72166,447.746,1965
263284638058998,99,55,72166,447.746,1965
263284688183273,99,55,72166,476.772,1965
263284738315125,99,55,72166,476.772,1965
263284788431868,87,48,72166,497.731,1980
263284838544950,87,48,72166,497.731,1980
263284888655253,87,48,72166,529.825,1980
263284938761171,87,48,72166,529.825,1980
263284988874783,95,53,72166,554.972,1980
263285038987648,95,53,72166,554.972,1980
263285089101950,95,53,72166,582.428,1965
263285139210961,95,53,72166,582.428,1965
263285189324095,95,54,72166,607.554,1965
263285239432928,95,54,72166,607.554,1965
263285289544942,95,54,72166,639.364,1965
263285339655956,95,54,72166,639.364,1965
263285389776388,95,54,72166,638.024,1980
263285439894563,95,54,72166,638.024,1980
263285490007372,95,54,72166,630.455,1980
263285540112889,95,54,72166,630.455,1980
263285590216308,95,54,72166,627.876,1980
263285640321050,95,54,72166,627.876,1980
263285690436460,95,54,72166,622.904,1965
263285740545507,95,54,72166,622.904,1965
263285790651740,94,54,72166,619.654,1965
263285840758130,94,54,72166,619.654,1965
263285890873132,94,54,72166,613.666,1965
263285941175023,94,54,72166,613.666,1965
263285991279924,93,57,72166,615.915,1980
263286041384107,93,57,72166,615.915,1980
263286091493209,93,57,72166,614.558,1980
263286141602586,93,57,72166,614.558,1980
263286191706796,93,58,72166,615.848,1980
263286241806798,93,58,72166,615.848,1980
