t_ns,util_gpu_pct,util_mem_pct,mem_used_mib,power_w,sm_clock_mhz
262347276784965,0,0,962,117.428,1980
262347331269943,2,0,962,123.02,1980
262347382378049,2,0,6852,123.02,1980
262347432596749,2,0,6852,128.602,1980
262347482761311,2,0,6852,128.602,1980
262347532912731,2,0,6852,134.23,1980
262347584312634,2,0,6852,134.23,1980
262347634478826,2,0,6852,139.957,1980
262347684669594,2,0,6852,139.957,1980
262347734847671,9,0,6852,145.552,1980
262347787605683,9,0,6852,145.552,1980
262347839392204,9,0,6852,151.995,1980
262347890174392,9,0,6852,151.995,1980
262347940372028,15,0,6852,156.51,1980
262347990563083,15,0,6852,156.51,1980
262348040762912,15,0,6852,161.9,1980
262348091063352,15,0,6852,161.9,1980
262348141255099,12,0,6852,164.668,1980
262348191425505,12,0,6852,164.668,1980
262348241619462,12,0,6852,164.428,1980
262348291816349,12,0,6852,164.428,1980
262348342019552,12,0,6852,164.553,1980
262348392698949,12,0,6852,164.553,1980
262348442952232,12,0,6852,164.647,1980
262348517030758,12,0,6872,164.677,1980
262348666720789,12,0,6872,164.545,1980
262348818696999,0,0,6872,164.396,1980
262348868831550,0,0,6872,164.396,1980
262348918954921,0,0,6872,164.309,1980
262348969082485,0,0,6872,164.309,1980
262349019251944,0,0,6872,164.197,1980
262349165034403,0,0,6872,164.131,1980
262349313203495,0,0,6872,163.889,1980
262349526828305,0,0,6872,163.742,1980
262349587148509,0,0,6872,163.742,1980
262349647416917,0,0,6872,163.77,1980
262349712727487,0,0,6872,163.784,1980
262349783085982,0,0,6872,163.784,1980
262349848380147,0,0,6872,163.79,1980
262349913677948,0,0,6872,163.787,1980
262350354615836,0,0,6872,163.787,1980
262350430176966,0,0,6872,163.782,1980
262350490429390,0,0,6872,163.782,1980
262350555728446,0,0,6872,163.767,1980
262350615966824,0,0,6872,163.762,1980
262350681262228,0,0,6872,163.762,1980
262350751617220,0,0,6872,163.745,1980
262351147722211,0,0,6872,163.717,1980
262351274886826,0,0,6872,163.741,1980
262351325057981,0,0,6872,163.783,1980
262351375453911,0,0,6872,163.783,1980
262351425764721,0,0,6872,163.827,1980
262351476172487,0,0,6872,163.827,1980
262351529192722,0,0,6872,163.851,1980
262351580402079,0,0,6872,163.851,1980
262351631429732,0,0,6872,163.864,1980
262351681604987,0,0,6872,163.864,1980
262351731776238,0,0,6872,163.867,1980
262351782984200,0,0,6872,163.867,1980
262351833202958,0,0,6872,163.88,1980
262351884935746,0,0,6872,163.88,1980
262351940610575,0,0,6872,163.857,1980
262351992159208,0,0,6872,163.857,1980
262352042303562,0,0,6872,163.864,1980
262352092443997,0,0,6872,163.864,1980
262352142913193,0,0,6872,163.848,1980
262352193115230,0,0,6872,163.848,1980
262352245963141,0,0,6872,163.845,1980
262352298989013,0,0,6872,163.845,1980
262352349153332,0,0,6872,163.806,1980
262352399419830,0,0,6872,163.806,1980
262352449683817,0,0,6872,163.787,1980
262352501075970,0,0,6872,163.787,1980
262352551313659,0,0,6872,163.76,1980
262352601535825,0,0,6872,163.76,1980
262352651737939,0,0,6872,163.741,1980
262352990945110,0,0,6872,163.73,1980
262353041425520,0,0,6940,163.689,1980
262353091661831,0,0,7036,163.689,1980
262353386747108,0,0,7036,163.769,1980
262353437032178,0,0,7520,163.787,1980
262353488060319,0,0,7520,163.787,1980
262353538253043,1,0,7520,163.821,1980
262353592781425,1,0,7520,163.821,1980
262353642970323,1,0,7520,163.845,1980
262353693176352,1,0,7520,163.845,1980
262353743367711,0,0,7520,163.901,1980
262353793561349,0,0,7520,163.901,1980
262353843747612,0,0,7520,163.918,1980
262353894498028,0,0,7520,163.918,1980
262353945716384,0,0,7520,163.922,1980
262353995890614,0,0,7520,163.922,1980
262354049886025,0,0,7520,163.966,1980
262354100175483,0,0,7520,163.966,1980
262354150354808,0,0,7520,163.947,1980
262354203168125,0,0,7520,163.947,1980
262354254212254,0,0,7520,163.933,1980
262354304355505,0,0,7520,163.933,1980
262354354617245,0,0,7520,163.939,1980
262354417032428,0,0,7520,163.956,1980
262354617365853,0,0,7520,163.949,1980
262354686052829,0,0,7574,163.949,1980
262354740778667,0,0,7656,163.908,1980
262354807487208,0,0,7704,163.908,1980
262354858052748,0,0,9564,163.876,1980
262354908180461,0,0,10136,163.876,1980
262354958370045,0,0,10136,163.89,1980
262355008583901,0,0,10582,163.89,1980
262355058822435,0,0,10582,163.909,1980
262355109060934,0,0,10582,163.909,1980
262355159221206,0,0,10582,163.914,1980
262355209461536,0,0,10582,163.914,1980
262355259673268,0,0,10582,163.921,1980
262355309911954,0,0,10582,163.921,1980
262355360154416,3,0,10582,164.006,1980
262355410315859,3,0,10582,164.006,1980
262355460445746,3,0,10582,164.141,1980
262355510573684,3,0,10582,164.141,1980
262355560695123,14,0,10582,164.213,1980
262355610838409,14,0,10582,164.213,1980
262355660986822,14,0,10582,164.342,1980
262355730568009,15,0,10582,164.451,1980
262356174786827,0,0,10582,164.415,1980
262356612631259,0,0,10116,163.864,1980
262357058685682,0,0,10194,163.733,1980
262357108905578,0,0,10194,163.733,1980
262357159033781,0,0,10194,163.765,1980
262357209146859,0,0,10194,163.765,1980
262357259307451,0,0,10194,163.752,1980
262357309437742,0,0,10194,163.752,1980
262357359553137,0,0,10194,163.805,1980
262357409666141,0,0,10194,163.805,1980
262357459773283,0,0,10194,163.853,1980
262357509884324,0,0,10194,163.853,1980
262357559991422,0,0,10194,163.879,1980
262357610109859,0,0,10194,163.879,1980
262357660221656,0,0,10194,163.898,1980
262357710391480,0,0,10194,163.898,1980
262357760615702,0,0,10194,163.913,1980
262357810754821,0,0,10194,163.913,1980
262357860920962,0,0,10194,163.893,1980
262357911114835,0,0,10194,163.893,1980
262357961278393,0,0,10194,163.923,1980
262358011442689,0,0,10194,163.923,1980
262358061572800,0,0,10194,163.912,1980
262358111736224,0,0,10194,163.912,1980
262358161915520,0,0,10194,163.903,1980
262358212102011,0,0,10194,163.903,1980
262358262278345,0,0,10194,163.878,1980
262358312469659,0,0,10194,163.878,1980
262358362631844,0,0,10194,163.865,1980
262358412803442,0,0,10194,163.845,1980
262358462968916,0,0,10194,163.845,1980
262358513057024,0,0,10194,163.825,1980
262358563175873,0,0,10194,163.825,1980
262358613293810,0,0,10194,163.819,1980
262358663428944,0,0,10194,163.819,1980
262358713624589,0,0,10194,163.838,1980
262358763781531,0,0,10194,163.838,1980
262358813906005,0,0,10194,163.845,1980
262358864069451,0,0,10194,163.845,1980
262358914242621,0,0,10194,163.854,1980
262358964426844,0,0,10194,163.854,1980
262359014578735,0,0,10194,163.846,1980
262359064703086,0,0,10194,163.846,1980
262359114839542,0,0,10194,163.858,1980
262359165010390,0,0,10194,163.858,1980
262359215194000,0,0,10194,163.869,1980
262359265326158,0,0,10194,163.869,1980
262359315455882,0,0,10194,163.856,1980
262359365622235,0,0,10194,163.856,1980
262359415798602,0,0,10194,163.83,1980
262359465935659,0,0,10194,163.83,1980
262359516072294,0,0,10194,163.831,1980
262359566241943,0,0,10194,163.831,1980
262359616397280,0,0,10194,163.805,1980
262359666560479,0,0,10194,163.805,1980
262359716694337,0,0,10194,163.774,1980
262359766823820,0,0,10194,163.774,1980
262359816944873,0,0,10194,163.799,1980
262359867108661,0,0,10194,163.799,1980
262359917276760,0,0,10194,163.793,1980
262359967407755,0,0,10194,163.793,1980
262360017539234,0,0,10194,163.833,1980
262360067905576,0,0,10194,163.833,1980
262360118160828,0,0,10194,163.8,1980
262360182663536,0,0,10194,163.8,1980
262360238831804,0,0,10194,163.833,1980
262360296711351,0,0,10194,163.833,1980
262360350938215,0,0,10194,163.859,1980
262360411224159,0,0,10194,163.859,1980
262360476597207,0,0,10194,163.862,1980
262360529282068,0,0,10194,163.878,1980
262360580065415,0,0,10194,163.878,1980
262360636068168,0,0,10194,163.893,1980
262360688644857,0,0,10194,163.893,1980
262360742930444,0,0,10194,163.907,1980
262360806214275,0,0,10194,163.907,1980
262360860031586,0,0,10194,163.896,1980
262360914817589,0,0,10194,163.87,1980
262360970554177,0,0,10194,163.87,1980
262361022870302,0,0,10194,163.829,1980
262361079312097,0,0,10194,163.829,1980
262361131166114,0,0,10194,163.846,1980
262361188229578,0,0,10194,163.846,1980
262361245338555,0,0,10194,163.81,1980
262361300871044,0,0,10194,163.81,1980
262361352817322,0,0,10194,163.791,1980
262361405691712,0,0,10194,163.791,1980
262361461820642,0,0,10194,163.794,1980
262361519091597,0,0,10194,163.78,1980
262361572343340,0,0,10194,163.78,1980
262361629361527,0,0,10194,163.787,1980
262361682300178,0,0,10194,163.787,1980
262361734046659,0,0,10194,163.771,1980
262361786305017,0,0,10194,163.771,1980
262361860920349,0,0,10194,163.747,1980
262361915213447,0,0,10194,163.736,1980
262361966669384,0,0,10194,163.736,1980
262362019515060,0,0,10194,163.765,1980
262362070823971,0,0,10194,163.765,1980
262362125529200,0,0,10194,163.782,1980
262362185225380,0,0,10194,163.782,1980
262362242315753,0,0,10194,163.815,1980
262362300057106,0,0,10194,163.815,1980
262362353506125,0,0,10194,163.789,1980
262362408680956,0,0,10194,163.789,1980
262362464234991,0,0,10194,163.781,1980
262362515743796,0,0,10194,163.769,1980
262362568793619,0,0,10194,163.769,1980
262362628312757,0,0,10194,163.775,1980
262362684016649,0,0,10194,163.775,1980
262362735005293,0,0,10194,163.785,1980
262362794650250,0,0,10194,163.785,1980
262362858979460,0,0,10194,163.793,1980
262362915135318,0,0,10194,163.787,1980
262362967486641,0,0,10194,163.787,1980
262363023109825,0,0,10194,163.794,1980
262363075429294,0,0,10194,163.794,1980
262363129087136,0,0,10194,163.778,1980
262363182303247,0,0,10194,163.778,1980
262363239463468,0,0,10194,163.743,1980
262363292761683,0,0,10194,163.743,1980
262363358747692,0,0,10194,163.78,1980
262363409647373,0,0,10194,163.78,1980
262363471263312,0,0,10194,163.769,1980
262363531586925,0,0,10194,163.771,1980
262363584030646,0,0,10194,163.771,1980
262363642829892,0,0,10194,163.735,1980
262363696572905,0,0,10194,163.735,1980
262363751576208,0,0,10194,163.721,1980
262363802247734,0,0,10194,163.721,1980
262363853826059,0,0,10194,163.739,1980
262363910361922,0,0,10194,163.739,1980
262363960994321,0,0,10194,163.716,1980
262364026871630,0,0,10194,163.72,1980
262364108429251,0,0,10194,163.72,1980
262364168709692,0,0,10194,163.709,1980
262364218934888,0,0,10194,163.709,1980
262364269069732,0,0,10194,163.709,1980
262364334443012,0,0,10194,163.689,1980
262364784795755,0,0,10194,163.793,1980
262364848130058,0,0,10194,163.918,1980
262364898706213,0,0,10194,163.918,1980
262364950883082,0,0,10194,164.01,1980
262365002869590,0,0,10194,164.01,1980
262365053699447,0,0,10194,164.068,1980
262365105667365,0,0,10194,164.068,1980
262365155960818,0,0,10194,164.162,1980
262365209148572,0,0,10194,164.162,1980
262365260565771,0,0,10194,164.219,1980
262365311005963,0,0,10194,164.219,1980
262365361173651,0,0,10194,164.238,1980
262365412815699,0,0,10194,164.238,1980
262365466170706,0,0,10194,164.271,1980
262365531529070,0,0,10194,164.294,1980
262365604552990,0,0,10194,164.294,1980
262365655316213,0,0,10194,164.345,1980
262365705479072,0,0,10210,164.345,1980
262365770835188,0,0,10260,164.37,1980
262365831408287,0,0,10260,166.785,1980
262365896788870,0,0,10310,166.785,1980
262365952127709,12,10,10310,171.376,1980
262366011767539,12,10,10194,171.376,1980
262366077129981,12,10,10194,176.372,1980
262366142505915,23,20,10194,176.457,1980
262366202780276,23,20,10194,176.457,1980
262366252897115,23,20,10652,176.685,1980
262366303065966,23,20,10652,176.685,1980
262366353619330,13,11,10652,179.671,1980
262366404264346,13,11,10652,179.671,1980
262366454593736,13,11,10652,179.355,1980
262366504999441,13,11,10652,179.355,1980
262366559335086,0,0,10652,179.373,1980
262366616381318,0,0,10652,179.351,1980
262366669302343,0,0,10652,179.351,1980
262366722277119,0,0,10652,179.309,1980
262366786535215,0,0,10652,179.309,1980
262366870679058,0,0,10652,176.863,1980
262366935239847,0,0,10652,172.416,1980
262366986220407,0,0,10652,172.416,1980
262367051587857,0,0,10652,168.604,1980
262367108802856,0,0,10652,168.604,1980
262367169056248,0,0,10652,167.011,1980
262367219210152,0,0,10652,166.976,1980
262367269378194,0,0,10652,166.976,1980
262367319559776,0,0,10652,164.169,1980
262367372309942,0,0,10652,164.169,1980
262367422658309,0,0,10652,170.972,1980
262367472827470,0,0,10652,170.972,1980
262367529834295,39,36,10652,176.936,1980
262367587449807,39,36,10652,176.936,1980
262367650311307,39,36,10652,176.907,1980
262367701739596,39,36,10652,176.907,1980
262367752368243,0,0,10652,176.636,1980
262367804262399,0,0,10652,176.636,1980
262367863838106,0,0,10652,176.572,1980
262367927553470,0,0,10652,176.49,1980
262367977745423,0,0,10652,176.49,1980
262368027930470,0,0,10652,176.403,1980
262368088187776,0,0,10652,176.403,1980
262368140363193,0,0,10652,176.842,1980
262368205670991,0,0,10652,176.842,1980
262368270995050,0,0,10652,176.745,1980
262368331278616,0,0,10652,176.742,1980
262368396595172,0,0,10652,176.742,1980
262368465923413,0,0,10652,175.525,1980
262368516112756,0,0,10652,163.857,1980
262368566326399,0,0,10652,163.857,1980
262368624063466,0,0,10652,163.844,1980
262368675912652,0,0,10652,163.844,1980
262368727912445,0,0,10652,163.924,1980
262368780243997,0,0,10652,163.924,1980
262368832994368,0,0,10652,163.993,1980
262368887991215,0,0,10652,163.993,1980
262368945017317,0,0,10652,164.054,1980
262369001897502,0,0,10652,164.054,1980
262369060376112,0,0,10652,164.136,1980
262369118837479,0,0,10652,163.897,1980
262369176182150,0,0,10652,163.897,1980
262369233605371,0,0,10652,163.999,1980
262369291174366,0,0,10652,163.999,1980
262369348910483,0,0,10652,164.015,1980
262369408394109,0,0,10652,164.015,1980
262369467161895,0,0,10652,163.99,1980
262369522378523,0,0,10652,163.978,1980
262369578788341,0,0,10652,163.978,1980
262369638351941,0,0,10652,163.964,1980
262369694600260,0,0,10652,163.964,1980
262369752913844,0,0,10652,163.925,1980
262369809778486,0,0,10652,163.925,1980
262369868226919,0,0,10652,163.892,1980
262370380277157,0,0,10652,163.849,1980
262370431888434,0,0,10652,163.849,1980
262370483326399,0,0,10652,163.849,1980
262370537033854,0,0,10652,163.839,1980
262370590301487,0,0,10652,163.839,1980
262370641781038,0,0,10652,163.85,1980
262370693369115,0,0,10652,163.85,1980
262370744671516,0,0,10652,163.872,1980
262370815098237,0,0,10652,163.872,1980
262370881776374,0,0,10652,163.863,1980
262370933006008,0,0,10652,163.873,1980
262370983140537,0,0,10652,163.873,1980
262371033326059,0,0,10718,163.901,1980
262371083527756,0,0,10718,163.901,1980
262371133681568,0,0,10718,173.312,1980
262372004558309,0,0,10718,176.155,1980
262372417212997,0,0,10706,165.952,1980
262372832230361,0,0,10708,165.863,1980
262372882440054,0,0,10820,165.863,1980
262372932592133,0,0,10778,167.666,1980
262372982775491,0,0,10828,167.666,1980
262373032957851,0,0,10824,170.162,1980
262373083106229,0,0,10828,170.162,1980
262373133335172,16,4,10790,172.903,1980
262373183561495,16,4,10832,172.903,1980
262373233693492,16,4,10800,176.298,1980
262373283847129,16,4,10802,176.298,1980
262373333961895,14,4,10842,178.56,1980
262373384133168,14,4,10844,178.56,1980
262373434325419,14,4,10844,180.483,1980
262373484454571,14,4,10844,180.483,1980
262373534602335,13,3,10826,182.431,1980
262373584776482,13,3,10852,182.431,1980
262373634903601,13,3,10856,183.983,1980
262373685068300,13,3,10854,183.983,1980
262373735277736,14,4,10856,185.454,1980
262373785415370,14,4,10842,185.454,1980
262373835527055,14,4,10862,187.101,1980
262373885801351,14,4,10864,187.101,1980
262373936059843,10,3,10866,186.776,1980
262373986214469,10,3,10856,186.776,1980
262374036391782,10,3,10860,185.142,1980
262374086565509,10,3,10864,185.142,1980
262374136763272,9,2,10868,182.896,1980
262374186926402,9,2,10872,182.896,1980
262374237095623,9,2,10902,181.337,1980
262374287357440,9,2,10884,181.337,1980
262374337487965,9,3,10890,179.359,1980
262374387611920,9,3,10894,179.359,1980
262374852952171,0,0,10918,173.047,1980
262375379343157,0,0,10830,167.952,1980
262375429763595,0,0,18476,167.483,1980
262375479889444,0,0,18476,167.483,1980
262375530008481,3,3,18476,166.65,1980
262375580146534,3,3,18476,166.65,1980
262375630326836,3,3,18476,166.733,1980
262375681236236,3,3,18476,166.733,1980
262375732382236,0,0,18476,166.739,1980
262375782511479,0,0,18476,166.739,1980
262375832687365,0,0,18476,166.674,1980
262375883108418,0,0,18476,166.674,1980
262375933331000,0,0,18476,166.543,1980
262375983493726,0,0,18476,166.543,1980
262376036828019,0,0,18476,166.546,1980
262376087305710,0,0,18476,166.546,1980
262376137447861,0,0,18476,166.559,1980
262376187580377,0,0,18476,166.559,1980
262376237722175,0,0,18476,176.86,1980
262376287928710,0,0,18482,176.86,1980
262376338096321,18,9,18482,179.04,1980
262376403498939,18,9,18482,179.04,1980
262376468908892,18,9,18482,178.476,1980
262376534296448,0,0,18482,178.467,1980
262376602599688,0,0,18482,178.467,1980
262376652849953,0,0,18482,178.481,1980
262376703027055,0,0,18482,178.481,1980
262376753161728,0,0,18482,178.228,1980
262376803318920,0,0,18482,178.228,1980
262376853482610,0,0,18482,178.521,1980
262376903651111,0,0,18482,178.521,1980
262376953794246,0,0,18482,178.592,1980
262377003947131,0,0,18482,178.592,1980
262377058138916,0,0,18482,178.602,1980
262377108324294,0,0,18482,178.602,1980
262377158501742,0,0,18482,178.582,1980
262377208670305,0,0,18482,178.582,1980
262377258838276,0,0,18482,168.063,1980
262377309041316,0,0,18482,168.063,1980
262377359210013,0,0,18482,166.103,1980
262377409378182,0,0,18482,166.103,1980
262377487023294,0,0,18482,166.045,1980
262377537174260,0,0,18482,166.022,1980
262377587334346,0,0,18482,166.022,1980
262377637482354,0,0,18482,165.99,1980
262377687639122,0,0,18482,165.99,1980
262377737803212,0,0,18482,165.968,1980
262377787964645,0,0,18482,165.968,1980
262377838089479,0,0,18482,165.972,1980
262377888250166,0,0,18482,165.972,1980
262377938410916,0,0,18482,165.966,1980
262377988537582,0,0,18482,165.966,1980
262378038684107,0,0,18482,165.939,1980
262378088837905,0,0,18482,165.939,1980
262378138997158,0,0,18482,165.919,1980
262378189165814,0,0,18482,165.919,1980
262378239287550,0,0,18482,165.912,1980
262378289427707,0,0,18482,165.912,1980
262378339582717,0,0,18482,165.894,1980
262378389740815,0,0,18482,165.894,1980
262378439906386,0,0,18482,165.872,1980
262378490070166,0,0,18482,165.872,1980
262378549860562,0,0,18482,165.876,1980
262378600007706,0,0,18482,165.876,1980
262378650132573,0,0,18482,165.876,1980
262378700246646,0,0,18482,165.876,1980
262378750404149,0,0,18482,165.872,1980
262378800572486,0,0,18482,165.872,1980
262378850705295,0,0,18482,165.884,1980
262378900832729,0,0,18482,165.884,1980
262378950976787,0,0,18482,165.885,1980
262379001093797,0,0,18482,165.885,1980
262379051250748,0,0,18482,165.892,1980
262379101414837,0,0,18482,165.892,1980
262379151539580,0,0,18482,165.885,1980
262379201649731,0,0,18482,165.885,1980
262379251761591,0,0,18482,165.872,1980
262379301924030,0,0,18482,165.872,1980
262379352088291,0,0,18482,165.85,1980
262379402236178,0,0,18482,165.85,1980
262379452370762,0,0,18482,165.863,1980
262379502488172,0,0,18482,165.863,1980
262379552644394,0,0,18482,165.879,1980
262379602790394,0,0,18482,165.879,1980
262379652942621,0,0,18482,165.887,1980
262379703082174,0,0,18482,165.887,1980
262379753247327,2,1,18482,166.442,1980
262379803378247,2,1,18482,166.442,1980
262380407804866,0,0,18476,168.299,1980
262380458068385,0,0,18586,168.461,1980
262380508285267,0,0,18590,168.461,1980
262380558593170,6,2,18538,171.051,1980
262380608818137,6,2,18580,171.051,1980
262380659074907,6,2,18538,173.977,1980
262380709329806,6,2,18538,173.977,1980
262380759612577,17,4,18538,174.997,1980
262380809773879,17,4,18578,174.997,1980
262380860065479,17,4,18572,176.221,1980
262380910253765,17,4,18538,176.221,1980
262380960412301,15,4,18538,177.95,1980
262381010596425,15,4,18568,177.95,1980
262381060792177,15,4,18566,179.716,1980
262381114085271,15,4,18564,179.716,1980
262381164337833,13,3,18564,180.723,1980
262381214539727,13,3,18538,180.723,1980
262381264731346,13,3,18538,182.808,1980
262381314930387,13,3,18556,182.808,1980
262381365137151,13,4,18556,184.544,1980
262381416436871,13,4,18554,184.544,1980
262381466582996,13,4,18552,185.338,1980
262381516749798,13,4,18538,185.338,1980
262381566998659,10,3,18558,184.007,1980
262381617248059,10,3,18538,184.007,1980
262381667497528,10,3,18538,182.446,1980
262381717677845,10,3,18558,182.446,1980
262381767865109,11,3,18558,181.902,1980
262381818030143,11,3,18538,181.902,1980
262381868221800,11,3,18538,180.507,1980
262381918361953,11,3,18564,180.507,1980
262381968534443,10,3,18590,178.814,1980
262382018681303,10,3,18570,178.814,1980
262382068826759,10,3,18586,180.058,1980
262382119064330,10,3,18594,180.058,1980
262382169229414,13,5,18576,182.175,1980
262382219380728,13,5,18598,182.175,1980
262382269547358,13,5,18580,181.917,1980
262382879018132,0,0,18584,175.687,1980
262382937087354,0,0,18584,174.742,1980
262382987371798,0,0,18584,174.742,1980
262383037548706,0,0,18584,171.436,1980
262383087753007,0,0,18584,171.436,1980
262383137942197,0,0,18584,168.759,1980
262383192715656,0,0,18584,168.759,1980
262383242869659,0,0,18584,167.013,1980
262383293085207,0,0,18584,167.013,1980
262383343358600,0,0,18584,166.023,1980
262383393494373,0,0,18584,166.023,1980
262383443652787,0,0,18584,165.957,1980
262383509014606,0,0,18584,165.957,1980
262384157070426,0,0,18584,165.781,1980
262384207227192,0,0,18584,165.781,1980
262384257361702,0,0,18584,165.771,1980
262384377683882,0,0,18584,165.775,1980
262384525228431,0,0,18584,165.778,1980
262384578270981,0,0,18584,165.778,1980
262384628414192,0,0,18584,165.77,1980
262384679478226,0,0,18584,165.77,1980
262384730385052,1,1,18584,166.162,1980
262384781045358,1,1,18584,166.162,1980
262384831829035,1,1,18584,166.631,1980
262384883140482,1,1,18584,166.631,1980
262385087188802,1,1,18584,173.0,1980
262385143703285,0,0,18584,176.859,1980
262385196110759,0,0,18584,176.859,1980
262385248812099,0,0,18584,196.59,1980
262385301495613,0,0,18584,196.59,1980
262385354129825,59,26,18584,215.979,1980
262385404336941,59,26,18584,215.979,1980
262385454498528,59,26,18584,233.262,1980
262385507170896,59,26,18584,233.262,1980
262385557299111,60,27,18584,252.103,1980
262385607595243,60,27,18584,252.103,1980
262385659351880,60,27,18584,270.098,1980
262385709996499,60,27,18584,270.098,1980
262385760110618,61,28,18584,290.381,1980
262385812185473,61,28,18584,290.381,1980
262385862344700,61,28,18584,310.891,1980
262385912560336,61,28,18584,310.891,1980
262385964296059,65,31,18584,330.139,1980
262386016290200,65,31,18584,330.139,1980
262386066581350,65,31,18584,346.455,1980
262386116736180,65,31,18584,346.455,1980
262386166950384,69,33,18584,366.284,1980
262386217115778,69,33,18584,366.284,1980
262386287906340,69,33,18584,367.278,1980
262386343203522,77,38,18584,358.898,1980
262386393360533,77,38,18588,358.898,1980
262386443493905,77,38,18590,341.277,1980
262386493610178,77,38,20746,341.277,1980
262386543726923,1,0,23310,338.734,1980
262386593834577,1,0,24502,338.734,1980
262386643956486,1,0,24502,364.21,1980
262386694113296,1,0,24502,364.21,1980
262386744279068,98,50,24502,390.383,1980
262386794424231,98,50,24502,390.383,1980
262386844544862,98,50,24502,415.764,1980
262386894656456,98,50,24502,415.764,1980
262386944804887,97,50,24502,440.113,1980
262386994946647,97,50,24502,440.113,1980
262387045073406,97,50,24502,466.728,1980
262387095195845,97,50,24502,466.728,1980
262387145402552,98,50,24502,477.03,1980
262387195565182,98,50,30622,477.03,1980
262387245719838,98,50,35044,470.359,1980
262387295852295,98,50,36300,470.359,1980
262387345985521,37,18,36300,483.863,1980
262387396158276,37,18,42294,483.863,1980
262387446324957,37,18,42294,529.172,1980
262387496463832,37,18,42294,529.172,1980
262387546651990,97,54,42294,557.057,1980
262387596826759,97,54,42294,557.057,1980
262387646980309,97,54,42294,556.362,1980
262387697183713,97,54,42294,556.362,1980
262387747328407,94,53,42294,552.438,1980
262387797448891,94,53,42294,552.438,1980
262387847618742,94,53,42294,548.634,1980
262387897781794,94,53,42294,548.634,1980
262387947941021,94,52,42294,546.823,1980
262387998074629,94,52,42294,546.823,1980
262388048195605,94,52,42294,543.186,1980
262388098363933,94,52,42294,543.186,1980
262388148539676,94,53,42294,559.357,1980
262388198745838,94,53,42294,559.357,1980
262388248931220,94,53,42294,588.221,1980
262388299105409,94,53,42294,588.221,1980
262388349275333,94,51,42294,609.509,1980
262388399446126,94,51,42294,609.509,1980
262388449631365,94,51,42294,605.358,1980
262388499769970,94,51,42294,605.358,1980
262388549961614,98,55,42294,607.475,1980
262388600136829,98,55,42294,607.475,1980
262388650301414,98,55,42294,609.377,1980
262388700484411,98,55,42294,609.377,1980
262388750642484,94,53,42294,610.599,1980
262388800833057,94,53,42294,610.599,1980
262388851035862,94,53,42294,612.62,1980
262388901224664,94,53,42294,612.62,1980
262388952093155,96,52,42294,609.683,1980
262389002263561,96,52,42294,609.683,1980
262389052432394,96,52,42294,607.017,1980
262389102611192,96,52,42294,607.017,1980
262389152797986,96,53,42294,608.209,1980
262389202946818,96,53,42294,608.209,1980
262389253130596,96,53,42294,600.346,1980
262389307352765,96,53,42296,600.346,1980
262389358306483,52,30,42296,569.278,1980
262389409062809,52,30,42296,569.278,1980
262389459995923,52,30,42296,528.971,1980
262389510840898,52,30,42296,528.971,1980
262389564233181,2,2,42296,482.228,1980
262389616971600,2,2,42296,482.228,1980
262389669285026,2,2,42296,445.604,1980
262389720158116,2,2,42296,445.604,1980
262389770478707,43,19,42296,422.576,1980
262389822800237,43,19,42296,422.576,1980
262389874639544,43,19,42296,393.973,1980
262389926092138,59,27,42296,375.112,1980
262389976265280,59,27,42296,375.112,1980
262390028223047,59,27,42296,356.008,1980
262390078436857,59,27,42296,356.008,1980
262390129746561,63,29,42296,332.066,1980
262390183082943,63,29,42296,332.066,1980
262390235158273,63,29,42296,307.589,1980
262390287771026,63,29,42296,307.589,1980
262390338060677,61,29,42296,318.518,1980
262390389387409,61,29,42296,318.518,1980
262390439505037,61,29,42296,339.255,1980
262390489723342,61,29,42296,339.255,1980
262390539928716,75,36,42296,358.439,1980
262390590351439,75,36,42296,358.439,1980
262390641992731,75,36,42296,376.929,1980
262390707370897,75,36,42296,376.929,1980
262390767458119,86,43,42298,374.275,1980
262390817644903,86,43,43490,374.275,1980
262390867798526,86,43,43490,388.937,1980
262390917965338,86,43,43490,388.937,1980
262390968054447,97,49,43490,422.024,1980
262391018209269,97,49,43490,422.024,1980
262391068340367,97,49,43490,448.314,1980
262391118527514,97,49,43490,448.314,1980
262391168672922,97,48,43490,477.936,1980
262391218817461,97,48,43490,477.936,1980
262391269006260,97,48,43490,503.473,1980
262391319137787,97,48,43490,503.473,1980
262391369257991,98,48,48104,530.446,1980
262391419431841,98,48,48104,530.446,1980
262391469626847,98,48,48342,545.511,1980
262391519815028,98,48,53792,545.511,1980
262391569976818,83,45,53792,567.489,1980
262391620122653,83,45,53792,567.489,1980
262391670275729,83,45,53792,588.048,1980
262391720442805,83,45,53792,588.048,1980
262391770640245,94,52,53792,619.036,1980
262391820784310,94,52,53792,619.036,1980
262391870903858,94,52,53792,630.047,1980
262391921789765,94,52,53792,630.047,1980
262391971917779,94,52,53792,624.839,1980
262392022059810,94,52,53792,624.839,1980
262392072181633,94,52,53792,622.727,1980
262392122346811,94,52,53792,622.727,1980
262392172494975,94,54,53792,616.734,1980
262392222640502,94,54,53792,616.734,1980
262392272761788,94,54,53792,611.536,1980
262392322875057,94,54,53792,611.536,1980
262392373009080,94,52,53792,607.706,1980
262392423139042,94,52,53792,607.706,1980
262392473263787,94,52,53792,615.07,1980
262392523400670,94,52,53792,615.07,1980
262392573522588,94,52,53792,618.034,1980
262392623675564,94,52,53792,618.034,1980
262392673861736,94,52,53792,619.262,1980
262392724060820,94,52,53792,619.262,1980
262392774205467,94,53,53792,618.411,1980
262392824325635,94,53,53792,618.411,1980
262392874469774,94,53,53792,617.474,1980
262392924640265,94,53,53792,617.474,1980
262392974783690,93,52,53792,618.662,1980
262393024895268,93,52,53792,618.662,1980
262393075049488,93,52,53792,618.343,1980
262393125217203,93,52,53792,618.343,1980
262393175396578,94,52,53792,624.408,1980
262393225558120,94,52,53792,624.408,1980
262393280216094,94,52,53792,627.248,1980
262393330379603,93,58,53792,604.253,1980
262393381240142,93,58,53792,604.253,1980
262393432340194,93,58,53792,561.086,1980
262393483367173,93,58,53792,561.086,1980
262393548451794,2,2,53792,512.947,1980
262393600956237,2,2,53792,512.947,1980
262393653809506,2,2,53792,485.057,1980
262393703971555,2,2,53792,485.057,1980
262393755555725,53,24,53792,461.597,1980
262393808083205,53,24,53792,461.597,1980
262393860707712,53,24,53792,433.702,1980
262393910879060,53,24,53792,433.702,1980
262393962773000,56,25,53792,409.418,1980
262394012900524,56,25,53792,409.418,1980
262394064443544,56,25,53792,381.652,1980
262394116052794,56,25,53792,381.652,1980
262394168030220,65,30,53792,355.758,1980
262394219167497,65,30,53792,355.758,1980
262394271064901,65,30,53792,330.324,1980
262394321594834,65,30,53792,330.324,1980
262394372812066,74,35,53792,326.585,1980
262394424123276,74,35,53792,326.585,1980
262394474302696,74,35,53792,348.79,1980
262394524511322,74,35,53792,348.79,1980
262394574711410,81,41,53792,367.391,1980
262394629959257,81,41,53792,376.398,1980
262394680636424,81,41,53792,376.398,1980
262394730777006,47,23,53792,384.816,1980
262394780931223,47,23,53792,384.816,1980
262394831061635,47,23,53792,416.465,1980
262394881233434,47,23,53792,416.465,1980
262394931384496,98,50,53792,444.599,1980
262394981554346,98,50,53792,444.599,1980
262395031735543,98,50,53792,472.362,1980
262395081959956,98,50,53792,472.362,1980
262395132089477,98,50,53792,499.339,1980
262395182240306,98,50,53792,499.339,1980
262395232402591,98,50,53792,527.948,1980
262395282572072,98,50,53792,527.948,1980
262395332751935,96,50,53792,545.5,1980
262395383920974,96,50,53792,545.5,1980
262395434046897,96,50,53792,566.704,1980
262395484219764,96,50,53792,566.704,1980
262395534379948,93,51,53792,581.918,1980
262395584555499,93,51,53792,581.918,1980
262395634710079,93,51,53792,604.232,1980
262395684894218,93,51,53792,604.232,1980
262395735116167,95,54,53792,627.45,1980
262395785284510,95,54,53792,627.45,1980
262395835441309,95,54,53792,624.017,1980
262395885574461,95,54,53792,624.017,1980
262395935691433,93,53,53792,619.858,1980
262395985805284,93,53,53792,619.858,1980
262396036034175,93,53,53792,611.767,1980
262396086189817,93,53,53792,611.767,1980
262396136328261,95,51,53792,606.738,1980
262396186497932,95,51,53792,606.738,1980
262396236672369,95,51,53792,601.957,1980
262396286821385,95,51,53792,601.957,1980
262396336955017,98,55,53792,604.461,1980
262396387065688,98,55,53792,604.461,1980
262396437191629,98,55,53792,606.09,1980
262396487311630,98,55,53792,606.09,1980
262396537453904,94,53,53792,609.448,1980
262396587585151,94,53,53792,609.448,1980
262396637753122,94,53,53792,609.571,1980
262396687928992,94,53,53792,609.571,1980
262396738093065,94,54,53792,610.899,1980
262396788234479,94,54,53792,610.899,1980
262396838419224,94,54,53792,607.799,1980
262396888564832,94,54,53792,607.799,1980
262396938724477,94,53,53792,608.002,1980
262396988903939,94,53,53792,608.002,1980
262397039084770,94,53,53792,609.907,1980
262397089218506,94,53,53792,609.907,1980
262397139334607,96,52,53792,612.582,1980
262397189450115,96,52,53792,612.582,1980
262397239624200,96,52,53792,613.23,1980
262397289765641,96,52,53792,613.23,1980
262397344878340,98,54,53792,603.738,1980
262397395518413,98,54,53792,603.738,1980
262397446627821,98,54,53792,560.242,1980
262397497278160,98,54,53792,560.242,1980
262397547971375,2,2,53792,517.938,1980
262397598103844,2,2,53792,517.938,1980
262397648310588,2,2,53792,480.72,1980
262397701396546,2,2,53792,480.72,1980
262397753700508,48,22,53792,454.527,1980
262397806751139,48,22,53792,454.527,1980
262397858823420,48,22,53792,431.197,1980
262397909538908,48,22,53792,431.197,1980
262397959768049,60,27,53792,402.596,1980
262398011937744,60,27,53792,402.596,1980
262398064948095,60,27,53792,381.853,1980
262398115610384,60,27,53792,381.853,1980
262398167882515,62,29,53792,350.897,1980
262398218515276,62,29,53792,350.897,1980
262398269113826,62,29,53792,332.922,1980
262398320678534,62,29,53792,332.922,1980
262398371484757,71,33,53792,312.732,1980
262398423053354,71,33,53792,312.732,1980
262398473192740,71,33,53792,331.587,1980
262398523581482,71,33,53792,331.587,1980
262398573992784,77,39,53792,354.156,1980
262398624164000,77,39,53792,354.156,1980
262398680013439,77,39,53792,373.719,1980
262398730154836,94,46,53792,369.811,1980
262398780321897,94,46,53792,369.811,1980
262398830474571,94,46,53792,397.065,1980
262398880634143,94,46,53792,397.065,1980
262398930763581,98,51,53792,426.97,1980
262398980890003,98,51,53792,426.97,1980
262399031065457,98,51,53792,458.179,1980
262399081194581,98,51,53792,458.179,1980
262399131309133,98,51,53792,485.551,1980
262399181418776,98,51,53792,485.551,1980
262399231621602,98,51,53792,516.165,1980
262399281821681,98,51,53792,516.165,1980
262399335709766,98,51,53792,543.992,1980
262399385898633,98,51,53792,543.992,1980
262399436082947,98,51,53792,565.622,1980
262399486253410,98,51,53792,565.622,1980
262399536446878,97,53,56172,584.062,1980
262399586627039,97,53,56172,584.062,1980
262399636816022,97,53,56172,603.213,1980
262399686957589,97,53,56172,603.213,1980
262399737134927,93,54,56172,634.698,1980
262399787290084,93,54,56172,634.698,1980
262399837468810,93,54,56172,628.165,1980
262399887610561,93,54,56172,628.165,1980
262399937776007,98,56,56172,624.342,1980
262399987937159,98,56,56172,624.342,1980
262400038080348,98,56,56172,618.272,1980
262400088267890,98,56,56172,618.272,1980
262400138398820,94,54,56172,614.07,1980
262400188575030,94,54,56172,614.07,1980
262400238747352,94,54,56172,607.043,1980
262400288888911,94,54,56172,607.043,1980
262400339072776,98,56,56172,603.76,1980
262400389298726,98,56,56172,603.76,1980
262400439414264,98,56,56172,605.734,1980
262400489564770,98,56,56172,605.734,1980
262400539741532,93,54,56172,606.135,1980
262400589902461,93,54,56172,606.135,1980
262400640041722,93,54,56172,607.404,1980
262400690171071,93,54,56172,607.404,1980
262400740302284,95,56,56172,605.189,1980
262400790473170,95,56,56172,605.189,1980
262400840633674,95,56,56172,609.428,1980
262400890862623,95,56,56172,609.428,1980
262400941011620,94,54,56172,607.741,1980
262400991214244,94,54,56172,607.741,1980
262401042657004,94,54,56172,607.28,1980
262401092995127,94,54,56172,607.28,1980
262401143120422,93,55,56172,606.082,1980
262401193221604,93,55,56172,606.082,1980
262401243414370,93,55,56172,604.87,1980
262401293555561,93,55,56172,604.87,1980
262401343668973,94,54,56172,604.122,1980
262401393777281,94,54,56172,604.122,1980
262401443991034,94,54,56172,606.115,1980
262401498401766,94,54,56172,606.115,1980
262401549288452,95,60,56172,580.29,1980
262401599910093,95,60,56172,580.29,1980
262401650550314,95,60,56172,537.65,1980
262401701211507,95,60,56172,537.65,1980
262401751335078,2,2,56172,494.438,1980
262401803787925,2,2,56172,494.438,1980
262401857094110,2,2,56172,467.241,1980
262401909861832,2,2,56172,467.241,1980
262401962209760,58,25,56172,442.14,1980
262402014961085,58,25,56172,442.14,1980
262402067731372,58,25,56172,418.164,1980
262402120597133,58,25,56172,418.164,1980
262402172028320,60,27,56172,398.178,1980
262402222295434,60,27,56172,398.178,1980
262402274884248,60,27,56172,371.733,1980
262402328020888,60,27,56172,371.733,1980
262402380080623,63,28,56172,350.861,1980
262402431810742,63,28,56172,329.719,1980
262402483956029,63,28,56172,329.719,1980
262402536135474,64,30,56172,324.655,1980
262402586743961,64,30,56172,324.655,1980
262402636927585,64,30,56172,350.196,1980
262402688206915,64,30,56172,350.196,1980
262402739338242,75,36,56172,368.935,1980
262402790696737,75,36,56172,368.935,1980
262402841989797,75,36,56172,382.606,1980
262402917567785,75,36,56172,382.606,1980
262402977828603,82,41,56172,381.158,1980
262403027944996,82,41,56172,381.158,1980
262403078123465,82,41,56172,388.284,1980
262403128314570,82,41,56172,388.284,1980
262403178448373,94,48,56172,418.412,1980
262403228569883,94,48,56172,418.412,1980
262403278698312,94,48,56172,445.788,1980
262403328821425,94,48,56172,445.788,1980
262403378970429,98,51,56172,472.648,1980
262403429103440,98,51,56172,472.648,1980
262403479250829,98,51,56172,501.613,1980
262403529408794,98,51,56172,501.613,1980
262403579580064,98,51,56172,529.329,1980
262403629756795,98,51,56172,529.329,1980
262403679895281,98,51,56172,544.97,1980
262403730016592,98,51,56172,544.97,1980
262403780165508,83,45,56172,563.189,1980
262403830326057,83,45,56172,563.189,1980
262403880465665,83,45,56172,590.008,1980
262403930639258,83,45,56172,590.008,1980
262403980810226,96,52,56172,614.339,1980
262404030981628,96,52,56172,614.339,1980
262404081241287,96,52,56172,633.262,1980
262404131373039,96,52,56172,633.262,1980
262404181542958,94,52,56172,628.452,1980
262404231699978,94,52,56172,628.452,1980
262404281868295,94,52,56172,622.727,1980
262404332041283,94,52,56172,620.662,1980
262404382212108,96,52,56172,620.662,1980
262404432350686,96,52,56172,615.101,1980
262404482475838,96,52,56172,615.101,1980
262404532595812,98,55,56172,611.261,1980
262404582790626,98,55,56172,611.261,1980
262404632930559,98,55,56172,616.285,1980
262404683085430,98,55,56172,616.285,1980
262404733255697,93,53,56172,622.596,1980
262404783412771,93,53,56172,622.596,1980
262404833566783,93,53,56172,617.951,1980
262404883694751,93,53,56172,617.951,1980
262404934421216,98,57,56172,616.354,1980
262405171206556,98,57,56172,613.643,1980
262405236093774,93,53,56172,611.853,1980
262405289360262,93,53,56172,611.853,1980
262405342245697,94,54,56172,618.777,1980
262405393557272,94,54,56172,618.777,1980
262405448287613,94,54,56172,617.227,1980
262405498657368,94,54,56172,617.227,1980
262405548842949,93,53,56172,618.254,1980
262405598984800,93,53,56172,618.254,1980
262405649214721,93,53,56172,619.538,1980
262405701707852,93,53,56172,619.538,1980
262405752558722,95,64,56172,583.955,1980
262405803417456,95,64,56172,583.955,1980
262405854116371,95,64,56172,541.514,1980
262405905351260,95,64,56172,541.514,1980
262405960896396,2,2,56172,503.71,1980
262406011599715,2,2,56172,503.71,1980
262406064560960,2,2,56172,475.567,1980
262406117438710,2,2,56172,475.567,1980
262406169885834,52,24,56172,452.967,1980
262406220125209,52,24,56172,452.967,1980
262406272075278,52,24,56172,431.385,1980
262406325135361,52,24,56172,431.385,1980
262406378144347,56,27,56172,396.877,1980
262406429918084,56,27,56172,396.877,1980
262406480142296,56,27,56172,379.09,1980
262406530815187,56,27,56172,379.09,1980
262406582811964,57,27,56172,351.074,1980
262406634898989,57,27,56172,330.372,1980
262406685135469,57,27,56172,330.372,1980
262406737113405,66,33,56172,332.084,1980
262406788917172,66,33,56172,332.084,1980
262406839126560,66,33,56172,350.076,1980
262406889414998,66,33,56172,350.076,1980
262406939573520,71,38,56172,369.463,1980
262406990721243,71,38,56172,369.463,1980
262407040895466,71,38,56172,380.374,1980
262407091617649,71,38,56172,380.374,1980
262407141766016,90,46,56172,376.307,1980
262407191888730,90,46,56172,376.307,1980
262407242018763,90,46,56172,404.926,1980
262407292146888,90,46,56172,404.926,1980
262407342279283,98,51,56172,434.721,1980
262407392397544,98,51,56172,434.721,1980
262407442521846,98,51,56172,461.356,1980
262407492651520,98,51,56172,461.356,1980
262407542786536,97,50,56172,490.41,1980
262407592949520,97,50,56172,490.41,1980
262407643084123,97,50,56172,519.051,1980
262407693700840,97,50,56172,519.051,1980
262407743821530,97,50,56172,537.643,1980
262407793998243,97,50,56172,537.643,1980
262407844137019,97,50,56172,559.494,1980
262407894314412,97,50,56172,559.494,1980
262407944456168,95,49,56172,586.547,1980
262407994580026,95,49,56172,586.547,1980
262408044695460,95,49,56172,603.427,1980
262408094809925,95,49,56172,603.427,1980
262408144995775,98,55,56172,638.315,1980
262408195152361,98,55,56172,638.315,1980
262408245287531,98,55,56172,634.693,1980
262408295452895,98,55,56172,634.693,1980
262408345595468,93,53,56172,630.72,1980
262408395773618,93,53,56172,630.72,1980
262408445961587,93,53,56172,626.712,1980
262408496094836,93,53,56172,626.712,1980
262408546270972,95,52,56172,620.978,1980
262408596405482,95,52,56172,620.978,1980
262408646523322,95,52,56172,614.529,1980
262408696666837,95,52,56172,614.529,1980
262408746865161,94,52,56172,617.947,1980
262408797062385,94,52,56172,617.947,1980
262408847236183,94,52,56172,618.983,1980
262408897422361,94,52,56172,618.983,1980
262408947560815,93,53,56172,619.751,1980
262408997726816,93,53,56172,619.751,1980
262409048641138,93,53,56172,619.716,1980
262409098786926,93,53,56172,619.716,1980
262409148941967,94,55,56172,616.722,1980
262409199123707,94,55,56172,616.722,1980
262409249269198,94,55,56172,611.901,1980
262409299447371,94,55,56172,611.901,1980
262409349585749,93,53,56172,613.33,1980
262409399706708,93,53,56172,613.33,1980
262409449813054,93,53,56172,613.59,1980
262409499972523,93,53,56172,613.59,1980
262409550140896,95,52,56172,618.372,1980
262409600277298,95,52,56172,618.372,1980
262409650396100,95,52,56172,621.185,1980
262409703020439,95,52,56172,621.185,1980
262409753139401,98,55,56172,608.816,1980
262409804041793,98,55,56172,608.816,1980
262409855156447,98,55,56172,563.193,1980
262409906035272,98,55,56172,563.193,1980
262409972982892,2,2,56172,520.653,1980
262410023689751,2,2,56172,520.653,1980
262410076056025,2,2,56172,484.889,1980
262410127275944,2,2,56172,484.889,1980
262410178874624,43,20,56172,461.772,1980
262410232245473,43,20,56172,461.772,1980
262410284762267,43,20,56172,440.622,1980
262410337606747,55,26,56172,412.201,1980
262410396272524,55,26,56172,412.201,1980
262410446427009,55,26,56172,389.309,1980
262410497947414,55,26,56172,389.309,1980
262410549320547,53,25,56172,358.73,1980
262410601595958,53,25,56172,358.73,1980
262410651857080,53,25,56172,339.959,1980
262410703603017,53,25,56172,339.959,1980
262410755737757,64,32,56172,323.19,1980
262410806163354,64,32,56172,323.19,1980
262410857855610,64,32,56172,341.584,1980
262410909092124,64,32,56172,341.584,1980
262410959321612,71,38,56172,363.734,1980
262411009801277,71,38,56172,363.734,1980
262411060677743,71,38,56172,381.395,1980
262411114840813,71,38,56172,381.395,1980
262411165044994,92,47,56172,376.423,1980
262411215182185,92,47,56172,376.423,1980
262411265318816,92,47,56172,400.924,1980
262411315474103,92,47,56172,400.924,1980
262411365645831,97,48,56172,431.319,1980
262411416181446,97,48,56172,431.319,1980
262411466368807,97,48,56172,462.77,1980
262411516526155,97,48,56172,462.77,1980
262411566704614,98,48,56172,491.023,1980
262411616905276,98,48,56172,491.023,1980
262411667049012,98,48,56172,519.915,1980
262411717223968,98,48,56172,519.915,1980
262411770771237,97,48,56172,544.487,1980
262411820945980,97,48,56172,544.487,1980
262411871091512,97,48,56172,559.582,1980
262411921309102,97,48,56172,559.582,1980
262411971504233,92,49,56172,582.181,1980
262412021698870,92,49,56172,582.181,1980
262412071901614,92,49,56172,599.765,1980
262412122104855,92,49,56172,599.765,1980
262412172281300,93,52,56172,635.881,1980
262412222458299,93,52,56172,635.881,1980
262412272596386,93,52,56172,638.011,1980
262412322771488,93,52,56172,638.011,1980
262412372972117,95,51,56172,631.378,1980
262412423145049,95,51,56172,631.378,1980
262412473362499,95,51,56172,621.445,1980
262412523517048,95,51,56172,621.445,1980
262412573734304,93,50,56172,617.994,1980
262412623964003,93,50,56172,617.994,1980
262412674172121,93,50,56172,613.036,1980
262412724394709,93,50,56172,613.036,1980
262412774550186,92,51,56172,607.486,1980
262412824743751,92,51,56172,607.486,1980
262412874896326,92,51,56172,610.577,1980
262412925085940,92,51,56172,610.577,1980
262412975296004,98,54,56172,612.77,1980
262413025445616,98,54,56172,612.77,1980
262413075647268,98,54,56172,613.206,1980
262413125827893,98,54,56172,613.206,1980
262413176011102,92,51,56172,610.077,1980
262413226232566,92,51,56172,610.077,1980
262413276388257,92,51,56172,611.377,1980
262413326515197,92,51,56172,611.377,1980
262413376654718,95,52,56172,608.848,1980
262413426776660,95,52,56172,608.848,1980
262413476886876,95,52,56172,613.193,1980
262413526998897,95,52,56172,613.193,1980
262413577131651,93,52,56172,612.028,1980
262413627262260,93,52,56172,612.028,1980
262413677393831,93,52,56172,612.018,1980
262413727507630,93,52,56172,612.018,1980
262413778479808,93,50,56172,610.836,1980
262413831563197,93,50,56172,610.836,1980
262413882560874,93,50,56172,578.301,1980
262413933371916,93,50,56172,578.301,1980
262413983971344,11,11,56172,545.01,1980
262414044873507,11,11,56172,498.788,1980
262414097061785,11,11,56172,498.788,1980
262414147191523,2,2,56172,468.066,1980
262414199630705,2,2,56172,468.066,1980
262414249747161,2,2,56172,442.936,1980
262414301223461,2,2,56172,442.936,1980
262414352507499,52,24,56172,419.234,1980
262414404574444,52,24,56172,419.234,1980
262414454741266,52,24,56172,399.605,1980
262414506851861,52,24,56172,399.605,1980
262414558761824,58,27,56172,371.052,1980
262414609778766,58,27,56172,371.052,1980
262414661622032,58,27,56172,346.985,1980
262414713473554,58,27,56172,346.985,1980
262414763590850,63,31,56172,324.379,1980
262414813761429,63,31,56172,324.379,1980
262414863968718,63,31,56172,335.358,1980
262414914921734,63,31,56172,335.358,1980
262414965765975,72,38,56172,353.616,1980
262415015909156,72,38,56172,353.616,1980
262415066039849,72,38,56172,376.623,1980
262415118107869,72,38,56172,376.623,1980
262415168222246,96,49,56172,371.107,1980
262415218350726,96,49,56172,371.107,1980
262415268462236,96,49,56172,400.009,1980
262415318578848,96,49,56172,400.009,1980
262415368704375,98,51,56172,424.183,1980
262415418818245,98,51,56172,424.183,1980
262415468925107,98,51,56172,455.795,1980
262415519034262,98,51,56172,455.795,1980
262415569140180,98,50,56172,484.567,1980
262415619247802,98,50,56172,484.567,1980
262415669356745,98,50,56172,516.702,1980
262415719468358,98,50,56172,516.702,1980
262415769582926,98,51,56172,545.718,1980
262415819696360,98,51,56172,545.718,1980
262415869809773,98,51,56172,565.383,1980
262415919931543,98,51,56172,565.383,1980
262415970182403,87,47,56172,586.817,1980
262416020356340,87,47,56172,586.817,1980
262416070504051,87,47,56172,602.373,1980
262416120631158,87,47,56172,602.373,1980
262416170748100,95,52,56172,638.62,1980
262416220914915,95,52,56172,638.62,1980
262416271061997,95,52,56172,637.321,1980
262416321188385,95,52,56172,637.321,1980
262416371303679,98,55,56172,629.275,1980
262416421417853,98,55,56172,629.275,1980
262416471569082,98,55,56172,627.387,1980
262416521741723,98,55,56172,627.387,1980
262416571897295,93,54,56172,621.806,1980
262416622076265,93,54,56172,621.806,1980
262416672268926,93,54,56172,619.332,1980
262416722455243,93,54,56172,619.332,1980
262416772609807,98,56,56172,613.901,1980
262416822733439,98,56,56172,613.901,1980
262416872927140,98,56,56172,616.769,1980
262416923126012,98,56,56172,616.769,1980
262416973320089,93,53,56172,614.817,1980
262417023510328,93,53,56172,614.817,1980
262417073690565,93,53,56172,617.889,1980
262417123871274,93,53,56172,617.889,1980
262417174072333,93,54,56172,616.88,1980
262417224219096,93,54,56172,616.88,1980
262417274370566,93,54,56172,612.278,1980
262417324573396,93,54,56172,612.278,1980
262417374771405,93,53,56172,615.472,1980
262417426066880,93,53,56172,615.472,1980
262417476211255,93,53,56172,611.232,1980
262417526412158,93,53,56172,611.232,1980
262417576630344,95,53,56172,610.093,1980
262417626843151,95,53,56172,610.093,1980
262417677051724,95,53,56172,608.772,1980
262417727262283,95,53,56172,608.772,1980
262417777491125,93,53,56172,610.915,1980
262417827703692,93,53,56172,610.915,1980
262417881635315,93,53,56172,607.034,1980
262417932825212,93,53,56172,607.034,1980
262417984724257,84,58,56172,567.923,1980
262418035581920,84,58,56172,567.923,1980
262418086777039,84,58,56172,525.596,1980
262418136959461,84,58,56172,525.596,1980
262418189683590,2,2,56172,489.0,1980
262418242459332,2,2,56172,468.617,1980
262418292949335,2,2,56172,468.617,1980
262418344819567,54,25,56172,441.258,1980
262418397802149,54,25,56172,441.258,1980
262418448228824,54,25,56172,421.66,1980
262418499032972,54,25,56172,421.66,1980
262418549256477,59,27,56172,399.556,1980
262418599470278,59,27,56172,399.556,1980
262418651109851,59,27,56172,375.244,1980
262418702863567,59,27,56172,375.244,1980
262418754449183,63,31,56172,352.559,1980
262418804589172,63,31,56172,352.559,1980
262418855438145,63,31,56172,327.704,1980
262418906129380,63,31,56172,327.704,1980
262418957370805,72,36,56172,344.358,1980
262419008972668,72,36,56172,344.358,1980
262419059136622,72,36,56172,370.807,1980
262419109825904,72,36,56172,370.807,1980
262419160735083,82,43,56172,388.149,1980
262419210880965,82,43,56172,388.149,1980
262419261015485,82,43,56172,387.577,1980
262419311131006,82,43,56172,387.577,1980
262419361238457,51,26,56172,418.007,1980
262419411353351,51,26,56172,418.007,1980
262419461479347,51,26,56172,445.306,1980
262419511610186,51,26,56172,445.306,1980
262419561724169,97,50,56172,474.379,1980
262419611862277,97,50,56172,474.379,1980
262419661989776,97,50,56172,502.948,1980
262419712141971,97,50,56172,502.948,1980
262419762349524,97,50,56172,528.916,1980
262419812597736,97,50,56172,528.916,1980
262419862837488,97,50,56172,551.824,1980
262419913068440,97,50,56172,551.824,1980
262419963212759,83,44,56172,573.679,1980
262420013420255,83,44,56172,573.679,1980
262420063614485,83,44,56172,593.268,1980
262420113855497,83,44,56172,593.268,1980
262420164172987,93,53,56172,614.755,1980
262420214341468,93,53,56172,614.755,1980
262420264557435,93,53,56172,642.072,1980
262420314776139,93,53,56172,642.072,1980
262420364994337,93,53,56172,634.596,1980
262420415235842,93,53,56172,634.596,1980
262420465405241,93,53,56172,629.243,1980
262420515566052,93,53,56172,629.243,1980
262420565694511,95,52,56172,621.978,1980
262420615812728,95,52,56172,621.978,1980
262420665931978,95,52,56172,620.331,1980
262420716110873,95,52,56172,620.331,1980
262420766287945,98,55,56172,612.097,1980
262420816471972,98,55,56172,612.097,1980
262420867628549,98,55,56172,613.772,1980
262420917837345,98,55,56172,613.772,1980
262420968078139,93,53,56172,611.076,1980
262421018307315,93,53,56172,611.076,1980
262421068457608,93,53,56172,606.783,1980
262421118591300,93,53,56172,606.783,1980
262421168726645,95,52,56172,605.187,1980
262421218857628,95,52,56172,605.187,1980
262421269037357,95,52,56172,602.274,1980
262421319425203,95,52,56172,602.274,1980
262421369577670,93,52,56172,603.684,1980
262421419692821,93,52,56172,603.684,1980
262421469841200,93,52,56172,604.488,1980
262421520009230,93,52,56172,604.488,1980
262421570147746,93,53,56172,607.307,1980
262421620266911,93,53,56172,607.307,1980
262421670375967,93,53,56172,605.854,1980
262421720552319,93,53,56172,605.854,1980
262421770663101,94,54,56172,605.266,1980
262421820933161,94,54,56172,605.266,1980
262421871045942,94,54,56172,589.136,1980
262421922159796,94,54,56172,589.136,1980
262421973107220,43,35,56172,545.132,1980
262422023827309,43,35,56172,545.132,1980
262422086324207,43,35,56172,503.556,1980
262422139024207,43,35,56172,503.556,1980
262422189174888,2,2,56172,470.468,1980
262422241149803,2,2,56172,449.05,1980
262422293607385,2,2,56172,449.05,1980
262422345707968,56,26,56172,425.294,1980
262422399492556,56,26,56172,425.294,1980
262422451135769,56,26,56172,401.917,1980
262422501262480,56,26,56172,401.917,1980
262422551391245,57,27,56172,378.602,1980
262422602144747,57,27,56172,378.602,1980
262422652849269,57,27,56172,352.923,1980
262422703831389,57,27,56172,352.923,1980
262422754374957,63,31,56172,330.911,1980
262422805867845,63,31,56172,330.911,1980
262422857370086,63,31,56172,322.377,1980
262422907526589,63,31,56172,322.377,1980
262422957711264,72,36,56172,343.815,1980
262423009171236,72,36,56172,343.815,1980
262423060307885,72,36,56172,371.385,1980
262423110427154,72,36,56172,371.385,1980
262423187377109,86,44,56172,385.905,1980
262423237503505,86,44,56172,385.905,1980
262423287621663,86,44,56172,379.886,1980
262423337729286,86,44,56172,379.886,1980
262423387837908,36,18,56172,405.987,1980
262423437941766,36,18,56172,405.987,1980
262423488050391,36,18,56172,433.761,1980
262423538175469,36,18,56172,433.761,1980
262423588282073,97,49,56172,462.586,1980
262423638387151,97,49,56172,462.586,1980
262423688493458,97,49,56172,487.861,1980
262423738601648,97,49,56172,487.861,1980
262423788704689,98,49,56172,517.028,1980
262423838811035,98,49,56172,517.028,1980
262423888933781,98,49,56172,541.941,1980
262423939047141,98,49,56172,541.941,1980
262423989157121,85,42,56172,564.957,1980
262424040030442,85,42,56172,564.957,1980
262424090158832,85,42,56172,579.058,1980
262424140285887,85,42,56172,579.058,1980
262424190465551,98,54,56172,601.033,1980
262424240643953,98,54,56172,601.033,1980
262424293293959,98,54,56172,631.703,1980
262424343462436,93,52,56172,629.099,1980
262424393589011,93,52,56172,629.099,1980
262424443759304,93,52,56172,625.525,1980
262424493897010,93,52,56172,625.525,1980
262424544075117,98,55,56172,622.476,1980
262424594224428,98,55,56172,622.476,1980
262424644348448,98,55,56172,619.829,1980
262424694472464,98,55,56172,619.829,1980
262424744587442,93,52,56172,616.92,1980
262424794753100,93,52,56172,616.92,1980
262424844919430,93,52,56172,610.245,1980
262424895099125,93,52,56172,610.245,1980
262424945263831,95,54,56172,613.996,1980
262424995407193,95,54,56172,613.996,1980
262425045590152,95,54,56172,617.261,1980
262425095755252,95,54,56172,617.261,1980
262425145877913,93,52,56172,617.426,1980
262425196072537,93,52,56172,617.426,1980
262425246236001,93,52,56172,617.121,1980
262425296392996,93,52,56172,617.121,1980
262425346526116,95,51,56172,619.431,1980
262425396704334,95,51,56172,619.431,1980
262425446897110,95,51,56172,619.251,1980
262425497090304,95,51,56172,619.251,1980
262425547234120,98,54,56172,618.681,1980
262425597360629,98,54,56172,618.681,1980
262425647529222,98,54,56172,617.746,1980
262425697705038,98,54,56172,617.746,1980
262425747857049,93,52,56172,618.417,1980
262425797989184,93,52,56172,618.417,1980
262425848115076,93,52,56172,617.819,1980
262425902205134,93,52,56172,617.819,1980
262425952941297,94,56,56172,590.058,1980
262426003920584,94,56,56172,590.058,1980
262426055125807,94,56,56172,544.499,1980
262426106243535,94,56,56172,544.499,1980
262426156496744,2,2,56172,503.712,1980
262426206716044,2,2,56172,503.712,1980
262426259168846,2,2,56172,475.057,1980
262426309360896,2,2,56172,475.057,1980
262426361379683,54,25,56172,448.103,1980
262426414216501,54,25,56172,448.103,1980
262426465751781,54,25,56172,419.141,1980
262426515923032,54,25,56172,419.141,1980
262426567956497,56,27,56172,395.473,1980
262426618849358,56,27,56172,395.473,1980
262426670827670,56,27,56172,372.216,1980
262426720984794,56,27,56172,372.216,1980
262426771644356,63,30,56172,351.781,1980
262426822041390,63,30,56172,351.781,1980
262426874083169,63,30,56172,323.531,1980
262426924335268,63,30,56172,323.531,1980
262426974685030,71,36,56172,330.6,1980
262427024953613,71,36,56172,330.6,1980
262427075357910,71,36,56172,352.062,1980
262427125818890,71,36,56172,352.062,1980
262427199532960,90,46,56172,375.453,1980
262427249696418,90,46,56172,374.159,1980
262427299881148,90,46,56172,374.159,1980
262427350083093,40,20,56172,404.457,1980
262427400296009,40,20,56172,404.457,1980
262427450504226,40,20,56172,432.808,1980
262427500669073,40,20,56172,432.808,1980
262427550885216,98,50,56172,461.863,1980
262427601232000,98,50,56172,461.863,1980
262427651421744,98,50,56172,488.587,1980
262427701598926,98,50,56172,488.587,1980
262427751768510,98,50,56172,516.631,1980
262427806244313,98,50,56172,516.631,1980
262427856415404,98,50,56172,537.963,1980
262427906610010,98,50,56172,537.963,1980
262427956764922,83,43,56172,559.965,1980
262428006954018,83,43,56172,559.965,1980
262428057139946,83,43,56172,582.295,1980
262428107367669,83,43,56172,582.295,1980
262428157590978,95,55,56172,602.757,1980
262428207764973,95,55,56172,602.757,1980
262428257954355,95,55,56172,634.739,1980
262428308135846,95,55,56172,634.739,1980
262428358343064,95,54,56172,633.015,1980
262428408551540,95,54,56172,633.015,1980
262428458676836,95,54,56172,628.076,1980
262428508859846,95,54,56172,628.076,1980
262428559059632,95,52,56172,622.781,1980
262428609216647,95,52,56172,622.781,1980
262428659352960,95,52,56172,617.334,1980
262428709533567,95,52,56172,617.334,1980
262428759683199,98,56,56172,611.253,1980
262428809852042,98,56,56172,611.253,1980
262428859998452,98,56,56172,612.429,1980
262428910146821,98,56,56172,612.429,1980
262428960303670,95,54,56172,612.245,1980
262429010481233,95,54,56172,612.245,1980
262429060668919,95,54,56172,613.03,1980
262429110831127,95,54,56172,613.03,1980
262429160962106,97,53,56172,615.177,1980
262429211109689,97,53,56172,615.177,1980
262429262072332,97,53,56172,617.946,1980
262429312274593,97,53,56172,617.946,1980
262429362420089,98,55,56172,618.175,1980
262429412585619,98,55,56172,618.175,1980
262429462771674,98,55,56172,618.084,1980
262429512958671,98,55,56172,618.084,1980
262429563071260,95,54,56172,617.669,1980
262429613206381,95,54,56172,617.669,1980
262429663369821,95,54,56172,617.775,1980
262429713553130,95,54,56172,617.775,1980
262429763743527,97,53,56172,618.503,1980
262429818759735,97,53,56172,618.503,1980
262429869843265,97,53,56172,590.378,1980
262429921023065,97,53,56172,590.378,1980
262429971868870,20,20,56172,547.2,1980
262430023007373,20,20,56172,547.2,1980
262430075061699,20,20,56172,501.153,1980
262430128806891,20,20,56172,501.153,1980
262430181868563,2,1,56172,472.491,1980
262430232082551,2,1,56172,472.491,1980
262430284140412,2,1,56172,441.678,1980
262430336139348,2,1,56172,441.678,1980
262430386483331,56,26,56172,422.007,1980
262430439285646,56,26,56172,422.007,1980
262430489856169,56,26,56172,398.494,1980
262430541129496,56,26,56172,398.494,1980
262430591287524,59,28,56172,381.801,1980
262430642592873,59,28,56172,381.801,1980
262430693566315,59,28,56172,352.035,1980
262430744504567,59,28,56172,337.07,1980
262430795719053,70,35,56172,337.07,1980
262430845882846,70,35,56172,340.253,1980
262430896232045,70,35,56172,340.253,1980
262430946478781,89,44,56172,364.63,1980
262430996713221,89,44,56172,364.63,1980
262431063266483,89,44,56172,386.366,1980
262431113496649,89,44,56172,386.366,1980
262431163690628,73,38,56172,395.085,1980
262431213920056,73,38,56172,395.085,1980
262431264070383,73,38,56172,427.367,1980
262431314189663,73,38,56172,427.367,1980
262431364372328,98,51,56172,455.815,1980
262431414560712,98,51,56172,455.815,1980
262431464734468,98,51,56172,480.761,1980
262431514856933,98,51,56172,480.761,1980
262431565016394,99,50,56172,512.114,1980
262431615193551,99,50,56172,512.114,1980
262431665377145,99,50,56172,538.275,1980
262431715530458,99,50,56172,538.275,1980
262431765698809,98,51,56172,553.758,1980
262431815879668,98,51,56172,553.758,1980
262431866061947,98,51,56172,573.484,1980
262431916201154,98,51,56172,573.484,1980
262431966327503,95,50,56172,595.256,1980
262432016470123,95,50,56172,595.256,1980
262432066653774,95,50,56172,612.776,1980
262432116856923,95,50,56172,612.776,1980
262432167016995,98,56,56172,641.402,1980
262432217144908,98,56,56172,641.402,1980
262432267316127,98,56,56172,634.18,1980
262432317508972,98,56,56172,634.18,1980
262432367692739,95,54,56172,628.781,1980
262432417900451,95,54,56172,628.781,1980
262432468074548,95,54,56172,622.534,1980
262432518252747,95,54,56172,622.534,1980
262432568454734,97,54,56172,616.193,1980
262432618649635,97,54,56172,616.193,1980
262432668828763,97,54,56172,613.449,1980
262432719005061,97,54,56172,613.449,1980
262432769186828,95,54,56172,618.909,1980
262432819389045,95,54,56172,618.909,1980
262432869541769,95,54,56172,620.372,1980
262432919665368,95,54,56172,620.372,1980
262432969791005,95,54,56172,621.291,1980
262433019928884,95,54,56172,621.291,1980
262433070137025,95,54,56172,620.25,1980
262433120358237,95,54,56172,620.25,1980
262433170508539,98,57,56172,616.499,1980
262433220663831,98,57,56172,616.499,1980
262433270864149,98,57,56172,617.202,1980
262433321080697,98,57,56172,617.202,1980
262433371249966,95,54,56172,619.048,1980
262433421399120,95,54,56172,619.048,1980
262433471578846,95,54,56172,618.871,1980
262433521792693,95,54,56172,618.871,1980
262433572018422,97,53,56172,621.346,1980
262433622176077,97,53,56172,621.346,1980
262433672309368,97,53,56172,619.421,1980
262433725172063,97,53,56172,619.421,1980
262433776079566,98,54,56172,600.142,1980
262433827053695,98,54,56172,600.142,1980
262433878233132,98,54,56172,557.971,1980
262433928940125,98,54,56172,557.971,1980
262433980122842,2,2,56172,513.234,1980
262434032420552,2,2,56172,513.234,1980
262434082682346,2,2,56172,483.435,1980
262434135586392,2,2,56172,483.435,1980
262434188137206,53,24,56172,462.409,1980
262434240415026,53,24,56172,462.409,1980
262434291545639,53,24,56172,434.435,1980
262434343403447,53,24,56172,434.435,1980
262434395218786,56,26,56172,413.791,1980
262434446860931,56,26,56172,385.057,1980
262434497189604,56,26,56172,385.057,1980
262434547378496,63,30,56172,366.4,1980
262434598684310,63,30,56172,366.4,1980
262434648856660,63,30,56172,346.288,1980
262434699069782,63,30,56172,346.288,1980
262434749868073,73,39,56172,335.154,1980
262434800102750,73,39,56172,335.154,1980
262434850373453,73,39,56172,357.673,1980
262434900645551,73,39,56172,357.673,1980
262434953224827,100,52,56172,374.073,1980
262435003445739,100,52,56172,374.073,1980
262435053608890,100,52,56172,393.378,1980
262435103731024,100,52,56172,393.378,1980
262435153904177,73,37,56172,423.315,1980
262435204109607,73,37,56172,423.315,1980
262435254344211,73,37,56172,451.214,1980
262435304508065,73,37,56172,451.214,1980
262435354652949,97,50,56172,480.367,1980
262435404823687,97,50,56172,480.367,1980
262435455023925,97,50,56172,506.421,1980
262435505237012,97,50,56172,506.421,1980
262435555392690,98,50,56172,528.477,1980
262435605556505,98,50,56172,528.477,1980
262435655741884,98,50,56172,548.481,1980
262435705927326,98,50,56172,548.481,1980
262435756189435,94,51,56172,573.644,1980
262435806318615,94,51,56172,573.644,1980
262435856488084,94,51,56172,590.092,1980
262435906683081,94,51,56172,590.092,1980
262435956882506,95,54,56172,616.103,1980
262436007034352,95,54,56172,616.103,1980
262436057171956,95,54,56172,631.356,1980
262436107373328,95,54,56172,631.356,1980
262436157534205,95,54,56172,621.876,1980
262436207749329,95,54,56172,621.876,1980
262436257918513,95,54,56172,616.033,1980
262436308093063,95,54,56172,616.033,1980
262436358229149,97,53,56172,607.407,1980
262436408347691,97,53,56172,607.407,1980
262436458545244,97,53,56172,601.31,1980
262436508689934,97,53,56172,601.31,1980
262436558873578,95,55,56172,596.275,1980
262436609077985,95,55,56172,596.275,1980
262436659264645,95,55,56172,602.803,1980
262436709407505,95,55,56172,602.803,1980
262436759541352,95,54,56172,598.471,1980
262436809730910,95,54,56172,598.471,1980
262436859918736,95,54,56172,600.52,1980
262436910129973,95,54,56172,600.52,1980
262436960326619,95,54,56172,601.409,1980
262437010526283,95,54,56172,601.409,1980
262437060705937,95,54,56172,603.236,1980
262437111183039,95,54,56172,603.236,1980
262437161357115,96,53,56172,605.119,1980
262437211510728,96,53,56172,605.119,1980
262437261636049,96,53,56172,606.447,1980
262437311757067,96,53,56172,606.447,1980
262437361915774,97,56,56172,607.874,1980
262437416816695,97,56,56172,607.874,1980
262437467707572,97,56,56172,589.233,1980
262437519050327,97,56,56172,589.233,1980
262437571137085,37,32,56172,545.901,1980
262437629072377,37,32,56172,545.901,1980
262437679251185,37,32,56172,501.433,1980
262437729413316,37,32,56172,501.433,1980
262437781953488,2,2,56172,474.699,1980
262437832233586,2,2,56172,474.699,1980
262437884704874,2,2,56172,453.361,1980
262437937308612,2,2,56172,453.361,1980
262437989149587,56,26,56172,430.559,1980
262438039576753,56,26,56172,430.559,1980
262438092450056,56,26,56172,405.146,1980
262438142676134,56,26,56172,405.146,1980
262438193200851,58,27,56172,377.348,1980
262438245408545,58,27,56172,377.348,1980
262438295710182,58,27,56172,358.801,1980
262438347529106,58,27,56172,358.801,1980
262438398101396,63,31,56172,335.456,1980
262438448556593,63,31,56172,328.56,1980
262438498709282,63,31,56172,328.56,1980
262438549702817,75,39,56172,347.698,1980
262438599962931,75,39,56172,347.698,1980
262438650228243,75,39,56172,371.459,1980
262438713082435,75,39,56172,371.459,1980
262438763284976,100,52,56172,373.539,1980
262438813505376,100,52,56172,373.539,1980
262438863662459,100,52,56172,401.543,1980
262438913833447,100,52,56172,401.543,1980
262438964034277,98,50,56172,432.053,1980
262439014238238,98,50,56172,432.053,1980
262439064436638,98,50,56172,461.878,1980
262439114582010,98,50,56172,461.878,1980
262439164752053,98,50,56172,488.475,1980
262439214942310,98,50,56172,488.475,1980
262439265106891,98,50,56172,521.13,1980
262439315341273,98,50,56172,521.13,1980
262439365580851,98,50,56172,543.404,1980
262439415791490,98,50,56172,543.404,1980
262439465945750,98,50,56172,563.546,1980
262439516092684,98,50,56172,563.546,1980
262439566276030,94,51,56172,590.001,1980
262439616467181,94,51,56172,590.001,1980
262439666617712,94,51,56172,607.122,1980
262439716743690,94,51,56172,607.122,1980
262439766921870,96,53,56172,630.54,1980
262439817160234,96,53,56172,630.54,1980
262439867356613,96,53,56172,632.3,1980
262439917580241,96,53,56172,632.3,1980
262439967738542,95,54,56172,625.941,1980
262440017944509,95,54,56172,625.941,1980
262440068110898,95,54,56172,618.534,1980
262440118307476,95,54,56172,618.534,1980
262440168458477,97,54,56172,615.331,1980
262440218615786,97,54,56172,615.331,1980
262440268786758,97,54,56172,605.504,1980
262440318971435,97,54,56172,605.504,1980
262440369164531,96,53,56172,603.986,1980
262440419341620,96,53,56172,603.986,1980
262440469545500,96,53,56172,600.157,1980
262440519758344,96,53,56172,600.157,1980
262440569964025,95,54,56172,598.08,1980
262440620105283,95,54,56172,598.08,1980
262440670254116,95,54,56172,597.441,1980
262440720414892,95,54,56172,597.441,1980
262440770613293,96,55,56172,598.431,1980
262440820826783,96,55,56172,598.431,1980
262440871574289,96,55,56172,597.702,1980
262440921722373,96,55,56172,597.702,1980
262440971916659,96,53,56172,595.408,1980
262441022114629,96,53,56172,595.408,1980
262441072314859,96,53,56172,592.395,1980
262441122508613,96,53,56172,592.395,1980
262441172657614,95,54,56172,592.978,1980
262441222834330,95,54,56172,592.978,1980
262441275825429,95,54,56172,596.026,1980
262441326042404,95,54,56172,596.026,1980
262441377186382,96,63,56172,564.827,1980
262441428309086,96,63,56172,564.827,1980
262441479164041,96,63,56172,522.936,1980
262441543157446,96,63,56172,522.936,1980
262441594422080,2,2,56172,480.306,1980
262441646673496,2,2,56172,480.306,1980
262441696901160,2,2,56172,459.836,1980
262441749559419,2,2,56172,439.301,1980
262441802608492,53,25,56172,439.301,1980
262441855342979,53,25,56172,418.667,1980
262441906652694,53,25,56172,418.667,1980
262441959010462,56,26,56172,398.845,1980
262442011516576,56,26,56172,398.845,1980
262442061772943,56,26,56172,377.681,1980
262442114521899,56,26,56172,377.681,1980
262442166377518,61,30,56172,351.991,1980
262442216630099,61,30,56172,351.991,1980
262442267193594,61,30,56172,329.801,1980
262442318933042,61,30,56172,329.801,1980
262442370057500,68,34,56172,341.376,1980
262442420284709,68,34,56172,341.376,1980
262442471243185,68,34,56172,359.986,1980
262442521478228,68,34,56172,359.986,1980
262442572205449,78,42,56172,383.158,1980
262442639082271,78,42,56172,383.158,1980
262442691318507,78,42,56172,384.083,1980
262442741522781,78,42,56172,384.083,1980
262442791690465,48,25,56172,398.846,1980
262442841884370,48,25,56172,398.846,1980
262442892075376,48,25,56172,426.652,1980
262442942278426,48,25,56172,426.652,1980
262442992495869,98,51,56172,455.875,1980
262443042660304,98,51,56172,455.875,1980
262443092846580,98,51,56172,486.313,1980
262443143053174,98,51,56172,486.313,1980
262443193276717,99,52,56172,512.806,1980
262443243463736,99,52,56172,512.806,1980
262443293617754,99,52,56172,535.989,1980
262443343827279,99,52,56172,535.989,1980
262443394029569,98,51,56172,555.022,1980
262443444229212,98,51,56172,555.022,1980
262443494375495,98,51,56172,581.532,1980
262443544519396,98,51,56172,581.532,1980
262443594710080,97,51,56172,603.329,1980
262443644912446,97,51,56172,603.329,1980
262443695105219,97,51,56172,623.07,1980
262443745298553,97,51,56172,623.07,1980
262443795470878,98,56,56172,641.681,1980
262443845659249,98,56,56172,641.681,1980
262443895857191,98,56,56172,637.245,1980
262443946080331,98,56,56172,637.245,1980
262443996297465,95,55,56172,633.055,1980
262444046501083,95,55,56172,633.055,1980
262444096698266,95,55,56172,628.239,1980
262444146905294,95,55,56172,628.239,1980
262444197128092,98,57,56172,623.577,1980
262444247338020,98,57,56172,623.577,1980
262444297529489,98,57,56172,616.849,1980
262444347723129,98,57,56172,616.849,1980
262444397915393,95,55,56172,622.735,1980
262444448232125,95,55,56172,622.735,1980
262444498358601,95,55,56172,622.486,1980
262444548535105,95,55,56172,622.486,1980
262444598735749,98,55,56172,620.694,1980
262444648943062,98,55,56172,620.694,1980
262444699113525,98,55,56172,622.231,1980
262444749261519,98,55,56172,622.231,1980
262444799449983,95,53,56172,621.824,1980
262444849665467,95,53,56172,621.824,1980
262444899876530,95,53,56172,623.009,1980
262444950039345,95,53,56172,623.009,1980
262445000171763,97,56,56172,621.783,1980
262445050350622,97,56,56172,621.783,1980
262445100534108,97,56,56172,621.683,1980
262445150702589,97,56,56172,621.683,1980
262445200830565,95,55,56172,619.155,1980
262445250992947,95,55,56172,619.155,1980
262445301148608,95,55,56172,623.975,1980
262445351411238,95,55,56172,623.22,1980
262445406550143,98,58,56172,623.22,1980
262445457365364,98,58,56172,593.428,1980
262445508119393,98,58,56172,593.428,1980
262445559076675,2,2,56172,552.4,1980
262445610293787,2,2,56172,552.4,1980
262445660683843,2,2,56172,507.225,1980
262445710962881,2,2,56172,507.225,1980
262445763336782,50,23,56172,480.649,1980
262445813592566,50,23,56172,480.649,1980
262445866610124,50,23,56172,452.011,1980
262445919318461,50,23,56172,452.011,1980
262445971622660,54,26,56172,430.647,1980
262446021815010,54,26,56172,430.647,1980
262446073572610,54,26,56172,408.408,1980
262446124396580,54,26,56172,408.408,1980
262446174605004,58,28,56172,386.52,1980
262446225249709,58,28,56172,386.52,1980
262446275548359,58,28,56172,354.345,1980
262446325917639,58,28,56172,354.345,1980
262446376142965,80,40,56172,331.585,1980
262446426340836,80,40,56172,331.585,1980
262446476818522,80,40,56172,335.37,1980
262446528018900,80,40,56172,335.37,1980
262446578220519,100,52,56172,362.442,1980
262446643273543,100,52,56172,362.442,1980
262446693489762,100,52,56172,379.636,1980
262446743719836,100,52,56172,379.636,1980
262446793947355,86,43,56172,399.078,1980
262446844071271,86,43,56172,399.078,1980
262446894217165,86,43,56172,430.003,1980
262446944417649,86,43,56172,430.003,1980
262446994628025,98,49,56172,458.888,1980
262447044876406,98,49,56172,458.888,1980
262447095039070,98,49,56172,484.876,1980
262447145247560,98,49,56172,484.876,1980
262447195480573,97,49,56172,516.415,1980
262447245658085,97,49,56172,516.415,1980
262447295835903,97,49,56172,544.341,1980
262447346015770,97,49,56172,544.341,1980
262447396226728,83,44,56172,563.666,1980
262447446427910,83,44,56172,563.666,1980
262447496593991,83,44,56172,588.436,1980
262447546738485,83,44,56172,588.436,1980
262447596894897,94,52,56172,602.958,1980
262447647107453,94,52,56172,602.958,1980
262447697300389,94,52,56172,623.561,1980
262447747500274,94,52,56172,623.561,1980
262447797658633,98,55,56172,639.655,1980
262447847851616,98,55,56172,639.655,1980
262447898066256,98,55,56172,631.815,1980
262447948262828,98,55,56172,631.815,1980
262447998474169,95,53,56172,627.84,1980
262448048671188,95,53,56172,627.84,1980
262448098858561,95,53,56172,623.186,1980
262448149052469,95,53,56172,623.186,1980
262448199271881,97,52,56172,618.826,1980
262448249963636,97,52,56172,618.826,1980
262448300091840,97,52,56172,614.05,1980
262448350310161,97,52,56172,614.05,1980
262448400502987,97,53,56172,614.561,1980
262448450669594,97,53,56172,614.561,1980
262448500803237,97,53,56172,613.127,1980
262448550978644,97,53,56172,613.127,1980
262448601173833,95,53,56172,615.246,1980
262448651355713,95,53,56172,615.246,1980
262448701546536,95,53,56172,616.885,1980
262448751688878,95,53,56172,616.885,1980
262448801849319,95,55,56172,617.921,1980
262448852011133,95,55,56172,617.921,1980
262448902201501,95,55,56172,620.964,1980
262448952409050,95,55,56172,620.964,1980
262449002562223,95,53,56172,620.799,1980
262449052740517,95,53,56172,620.799,1980
262449102929008,95,53,56172,617.356,1980
262449153116824,95,53,56172,617.002,1980
262449203280156,97,52,56172,617.002,1980
262449253418148,97,52,56172,617.002,1980
262449308262130,97,52,56172,615.693,1980
262449359286274,14,14,56172,583.829,1980
262449410388841,14,14,56172,583.829,1980
262449461107084,14,14,56172,539.82,1980
262449512207033,14,14,56172,539.82,1980
262449562436742,1,1,56172,498.757,1980
262449614046737,1,1,56172,498.757,1980
262449664333241,1,1,56172,469.012,1980
262449717599684,1,1,56172,469.012,1980
262449769974221,53,25,56172,439.374,1980
262449820269828,53,25,56172,439.374,1980
262449872222935,53,25,56172,412.799,1980
262449923325360,53,25,56172,412.799,1980
262449973504769,58,27,56172,390.167,1980
262450025073796,58,27,56172,390.167,1980
262450076365467,58,27,56172,369.058,1980
262450126668353,58,27,56172,369.058,1980
262450177941175,63,31,56172,345.98,1980
262450228939736,63,31,56172,345.98,1980
262450279121058,63,31,56172,322.889,1980
262450330388961,63,31,56172,322.889,1980
262450381497751,72,38,56172,333.514,1980
262450431694340,72,38,56172,333.514,1980
262450482254308,72,38,56172,352.794,1980
262450533083866,72,38,56172,352.794,1980
262450583294665,97,50,56172,378.099,1980
262450636142581,97,50,56172,378.099,1980
262450686382151,97,50,56172,374.0,1980
262450736595957,97,50,56172,374.0,1980
262450786839085,43,22,56172,400.324,1980
262450837051995,43,22,56172,400.324,1980
262450887228967,43,22,56172,431.933,1980
262450937416595,43,22,56172,431.933,1980
262450987743312,98,50,56172,458.207,1980
262451037934718,98,50,56172,458.207,1980
262451088091641,98,50,56172,488.941,1980
262451138221091,98,50,56172,488.941,1980
262451188404928,98,50,56172,513.869,1980
262451238560833,98,50,56172,513.869,1980
262451288755729,98,50,56172,538.389,1980
262451338910690,98,50,56172,538.389,1980
262451389062448,95,51,56172,558.636,1980
262451439239234,95,51,56172,558.636,1980
262451489426308,95,51,56172,580.045,1980
262451539599198,95,51,56172,580.045,1980
262451589805441,95,54,56172,605.991,1980
262451639982067,95,54,56172,605.991,1980
262451690136098,95,54,56172,629.856,1980
262451740318970,95,54,56172,629.856,1980
262451790546908,96,52,56172,633.981,1980
262451840701569,96,52,56172,633.981,1980
262451890894753,96,52,56172,626.802,1980
262451941103193,96,52,56172,626.802,1980
262451991303076,98,56,56172,623.043,1980
262452041488889,98,56,56172,623.043,1980
262452091671561,98,56,56172,617.629,1980
262452141852988,98,56,56172,617.629,1980
262452192052652,95,54,56172,614.643,1980
262452242253116,95,54,56172,614.643,1980
262452292394174,95,54,56172,613.921,1980
262452342542452,95,54,56172,613.921,1980
262452392727336,97,53,56172,618.587,1980
262452442936561,97,53,56172,618.587,1980
262452493146027,97,53,56172,619.525,1980
262452543325311,97,53,56172,619.525,1980
262452593476350,98,55,56172,619.942,1980
262452643671011,98,55,56172,619.942,1980
262452693840508,98,55,56172,620.177,1980
262452744016330,98,55,56172,620.177,1980
262452794178153,95,54,56172,624.375,1980
262452844350568,95,54,56172,624.375,1980
262452894496221,95,54,56172,625.809,1980
262452944666510,95,54,56172,625.809,1980
262452994881117,97,53,56172,625.49,1980
262453045027206,97,53,56172,625.49,1980
262453095205249,97,53,56172,628.28,1980
262453145401050,97,53,56172,628.28,1980
262453195609774,97,53,56172,624.58,1980
262453248254371,97,53,56172,624.58,1980
262453298961929,97,53,56172,603.752,1980
262453349976733,97,53,56172,603.752,1980
262453400746385,43,36,56172,560.072,1980
262453450975842,43,36,56172,560.072,1980
262453502560796,43,36,56172,516.452,1980
262453556426842,43,36,56172,483.118,1980
262453606756419,36,16,56172,483.118,1980
262453658354536,36,16,56172,461.638,1980
262453710993307,36,16,56172,461.638,1980
262453763706643,55,26,56172,436.136,1980
262453814364662,55,26,56172,436.136,1980
262453865521237,55,26,56172,412.14,1980
262453918020319,55,26,56172,412.14,1980
262453968260913,60,29,56172,385.577,1980
262454019139615,60,29,56172,385.577,1980
262454070755935,60,29,56172,355.886,1980
262454120990335,60,29,56172,355.886,1980
262454172122950,70,36,56172,338.868,1980
262454222380852,70,36,56172,338.868,1980
262454272642517,70,36,56172,330.029,1980
262454323422509,70,36,56172,330.029,1980
262454374187084,97,50,56172,349.61,1980
262454424444423,97,50,56172,349.61,1980
262454484790557,97,50,56172,368.062,1980
262454534990336,97,50,56172,368.062,1980
262454585192226,52,26,56172,378.881,1980
262454635407055,52,26,56172,378.881,1980
262454685560804,52,26,56172,406.906,1980
262454735704201,52,26,56172,406.906,1980
262454785913908,98,48,56172,434.807,1980
262454836106722,98,48,56172,434.807,1980
262454886311559,98,48,56172,461.918,1980
262454936473875,98,48,56172,461.918,1980
262454986675302,98,48,56172,493.973,1980
262455036891152,98,48,56172,493.973,1980
262455087131568,98,48,56172,519.149,1980
262455137334391,98,48,56172,519.149,1980
262455187519995,84,44,56172,543.948,1980
262455237714556,84,44,56172,543.948,1980
262455288359123,84,44,56172,559.434,1980
262455338546654,84,44,56172,559.434,1980
262455388711689,95,53,56172,582.375,1980
262455438886188,95,53,56172,582.375,1980
262455489072885,95,53,56172,601.097,1980
262455539268458,95,53,56172,601.097,1980
262455589474710,96,51,56172,630.998,1980
262455639669058,96,51,56172,630.998,1980
262455689836053,96,51,56172,628.041,1980
262455740017094,96,51,56172,628.041,1980
262455790204926,98,56,56172,624.868,1980
262455840419674,98,56,56172,624.868,1980
262455890559349,98,56,56172,616.852,1980
262455940730685,98,56,56172,616.852,1980
262455990921319,95,53,56172,610.007,1980
262456041109959,95,53,56172,610.007,1980
262456091263127,95,53,56172,605.377,1980
262456141387292,95,53,56172,605.377,1980
262456191573450,95,53,56172,606.886,1980
262456241765319,95,53,56172,606.886,1980
262456291957372,95,53,56172,608.679,1980
262456342099128,95,53,56172,608.679,1980
262456392233231,96,54,56172,606.175,1980
262456442352134,96,54,56172,606.175,1980
262456492537003,96,54,56172,608.401,1980
262456542741029,96,54,56172,608.401,1980
262456592891773,98,54,56172,608.688,1980
262456643069222,98,54,56172,608.688,1980
262456693261540,98,54,56172,607.646,1980
262456743470012,98,54,56172,607.646,1980
262456793626266,95,53,56172,606.678,1980
262456843758652,95,53,56172,606.678,1980
262456893938654,95,53,56172,608.598,1980
262456948145684,95,53,56172,608.598,1980
262456998361299,75,53,56172,596.394,1980
262457049240493,75,53,56172,596.394,1980
262457100134227,75,53,56172,551.824,1980
262457151044535,75,53,56172,551.824,1980
262457213255020,1,1,56172,517.703,1980
262457264945923,1,1,56172,477.879,1980
262457318653497,1,1,56172,477.879,1980
262457368897847,54,26,56172,454.746,1980
262457420566324,54,26,56172,454.746,1980
262457472792473,54,26,56172,429.854,1980
262457524621503,54,26,56172,429.854,1980
262457574806860,58,27,56172,406.956,1980
262457625301849,58,27,56172,406.956,1980
262457677630031,58,27,56172,381.099,1980
262457729810773,58,27,56172,381.099,1980
262457781945760,63,31,56172,364.175,1980
262457832808592,63,31,56172,364.175,1980
262457883116485,63,31,56172,340.478,1980
262457933448261,63,31,56172,340.478,1980
262457983658384,80,41,56172,326.087,1980
262458033897966,80,41,56172,326.087,1980
262458084114392,80,41,56172,351.185,1980
262458134416634,80,41,56172,351.185,1980
262458184687292,84,44,56172,369.608,1980
262458237316563,84,44,56172,369.608,1980
262458287512720,84,44,56172,379.474,1980
262458337683227,84,44,56172,379.474,1980
262458387887494,89,46,56172,407.142,1980
262458438043102,89,46,56172,407.142,1980
262458488229018,89,46,56172,437.366,1980
262458538411283,89,46,56172,437.366,1980
262458588603519,98,51,56172,464.478,1980
262458638823518,98,51,56172,464.478,1980
262458689025545,98,51,56172,492.898,1980
262458739202555,98,51,56172,492.898,1980
262458789410627,98,50,56172,525.198,1980
262458839603794,98,50,56172,525.198,1980
262458889797758,98,50,56172,548.571,1980
262458939943447,98,50,56172,548.571,1980
262458990101499,90,48,56172,569.054,1980
262459040283864,90,48,56172,569.054,1980
262459090483456,90,48,56172,590.739,1980
262459140697248,90,48,56172,590.739,1980
262459190867112,95,54,56172,613.892,1980
262459241026959,95,54,56172,613.892,1980
262459291232618,95,54,56172,633.708,1980
262459341409908,95,54,56172,633.708,1980
262459391616148,95,55,56172,640.676,1980
262459441770012,95,55,56172,640.676,1980
262459491953836,95,55,56172,635.072,1980
262459542116159,95,55,56172,635.072,1980
262459592348049,95,54,56172,630.835,1980
262459642493434,95,54,56172,630.835,1980
262459692636433,95,54,56172,624.842,1980
262459742813280,95,54,56172,624.842,1980
262459792992733,96,53,56172,617.636,1980
262459843196361,96,53,56172,617.636,1980
262459893376153,96,53,56172,615.021,1980
262459943503848,96,53,56172,615.021,1980
262459993666377,98,55,56172,620.412,1980
262460043846530,98,55,56172,620.412,1980
262460094050232,98,55,56172,622.265,1980
262460144206466,98,55,56172,622.265,1980
262460194381997,95,54,56172,622.096,1980
262460244569688,95,54,56172,622.096,1980
262460294752788,95,54,56172,621.537,1980
262460344940101,95,54,56172,621.537,1980
262460395155652,97,54,56172,619.933,1980
262460445349627,97,54,56172,619.933,1980
262460495540300,97,54,56172,617.176,1980
262460545734207,97,54,56172,617.176,1980
262460595881283,95,54,56172,616.349,1980
262460646050089,95,54,56172,616.349,1980
262460696244640,95,54,56172,619.01,1980
262460746433473,95,54,56172,619.01,1980
262460796622027,95,54,56172,622.663,1980
262460846755143,95,54,56172,622.663,1980
262460900184120,95,54,56172,616.347,1980
262460951509834,95,54,56172,616.347,1980
262461002286692,1,1,56172,572.026,1980
262461053419257,1,1,56172,572.026,1980
262461104361083,1,1,56172,528.548,1980
262461161137334,13,6,56172,490.022,1980
262461211356764,13,6,56172,490.022,1980
262461264172725,13,6,56172,465.541,1980
262461316996989,13,6,56172,465.541,1980
262461367188805,54,25,56172,440.461,1980
262461418782021,54,25,56172,440.461,1980
262461470517820,54,25,56172,415.706,1980
262461521672049,54,25,56172,415.706,1980
262461571852315,59,28,56172,395.267,1980
262461623528463,59,28,56172,395.267,1980
262461675557831,59,28,56172,371.911,1980
262461725842314,59,28,56172,371.911,1980
262461776104710,69,34,56172,342.93,1980
262461836015492,69,34,56172,342.93,1980
262461886743653,69,34,56172,322.096,1980
262461937302626,69,34,56172,322.096,1980
262461987583316,73,39,56172,342.402,1980
262462038205335,73,39,56172,342.402,1980
262462088388561,73,39,56172,365.691,1980
262462138766729,73,39,56172,365.691,1980
262462205157402,95,49,56172,385.58,1980
262462255316541,95,49,56172,385.58,1980
262462305447316,95,49,56172,385.518,1980
262462355648872,95,49,56172,385.518,1980
262462405840560,98,51,56172,416.776,1980
262462456010498,98,51,56172,416.776,1980
262462506155507,98,51,56172,446.83,1980
262462556297599,98,51,56172,446.83,1980
262462606431306,98,50,56172,474.161,1980
262462656599590,98,50,56172,474.161,1980
262462706793449,98,50,56172,498.616,1980
262462756936648,98,50,56172,498.616,1980
262462807101954,98,51,56172,526.271,1980
262462857276269,98,51,56172,526.271,1980
262462907468452,98,51,56172,548.767,1980
262462957621938,98,51,56172,548.767,1980
262463007756418,95,51,56172,573.444,1980
262463057928564,95,51,56172,573.444,1980
262463108132035,95,51,56172,598.094,1980
262463158277044,95,51,56172,598.094,1980
262463208416292,95,54,56172,614.366,1980
262463258590696,95,54,56172,614.366,1980
262463309876159,95,54,56172,644.208,1980
262463360231276,95,54,56172,637.434,1980
262463410431244,95,53,56172,637.434,1980
262463460584213,95,53,56172,631.664,1980
262463510766753,95,53,56172,631.664,1980
262463560963475,98,55,56172,625.335,1980
262463611119502,98,55,56172,625.335,1980
262463661317614,98,55,56172,623.456,1980
262463711465007,98,55,56172,623.456,1980
262463761592022,95,54,56172,620.906,1980
262463811802924,95,54,56172,620.906,1980
262463862016396,95,54,56172,623.961,1980
262463912186151,95,54,56172,623.961,1980
262463962343888,96,53,56172,622.516,1980
262464012539274,96,53,56172,622.516,1980
262464062752130,96,53,56172,621.35,1980
262464112968105,96,53,56172,621.35,1980
262464163126055,98,55,56172,623.053,1980
262464213302480,98,55,56172,623.053,1980
262464263492890,98,55,56172,619.984,1980
262464313695741,98,55,56172,619.984,1980
262464363879745,95,54,56172,619.964,1980
262464414016595,95,54,56172,619.964,1980
262464464201706,95,54,56172,619.865,1980
262464514417003,95,54,56172,619.865,1980
262464564622405,95,55,56172,621.66,1980
262464614786874,95,55,56172,621.66,1980
262464664921784,95,55,56172,621.661,1980
262464715115937,95,55,56172,621.661,1980
262464765313055,95,54,56172,619.471,1980
262464819980099,95,54,56172,619.471,1980
262464870139812,95,54,56172,597.12,1980
262464921572328,95,54,56172,597.12,1980
262464972810414,2,2,56172,554.066,1980
262465023598479,2,2,56172,554.066,1980
262465091118779,2,2,56172,508.036,1980
262465145916605,2,2,56172,508.036,1980
262465196223074,29,13,56172,474.174,1980
262465248972756,29,13,56172,474.174,1980
262465301984122,29,13,56172,450.961,1980
262465352399774,29,13,56172,450.961,1980
262465405492318,55,26,56172,428.379,1980
262465458355259,55,26,56172,428.379,1980
262465509227776,55,26,56172,408.704,1980
262465559431321,55,26,56172,408.704,1980
262465609609440,58,28,56172,381.348,1980
262465662988686,58,28,56172,347.686,1980
262465715874508,58,28,56172,347.686,1980
262465768439692,65,32,56172,322.201,1980
262465820043541,65,32,56172,322.201,1980
262465870363799,65,32,56172,321.546,1980
262465920948362,65,32,56172,321.546,1980
262465971184921,81,42,56172,344.185,1980
262466021888865,81,42,56172,344.185,1980
262466072532162,81,42,56172,369.323,1980
262466122698833,81,42,56172,369.323,1980
262466172905348,80,42,56172,376.587,1980
262466223102432,80,42,56172,376.587,1980
262466273248897,80,42,56172,393.532,1980
262466323379106,80,42,56172,393.532,1980
262466373550840,98,49,56172,419.923,1965
262466423744519,98,49,56172,419.923,1965
262466473940360,98,49,56172,449.854,1965
262466524133035,98,49,56172,449.854,1965
262466574318888,99,49,56172,480.23,1965
262466624513112,99,49,56172,480.23,1965
262466674707556,99,49,56172,512.461,1965
262466724921274,99,49,56172,512.461,1965
262466775065682,98,49,56172,541.799,1965
262466825248278,98,49,56172,541.799,1965
262466875436745,98,49,56172,560.475,1965
262466925636137,98,49,56172,560.475,1965
262466975837009,97,49,56172,579.849,1980
262467026022910,97,49,56172,579.849,1980
262467076203614,97,49,56172,597.848,1980
262467126383212,97,49,56172,597.848,1980
262467176579324,98,55,56172,619.996,1980
262467226805583,98,55,56172,619.996,1980
262467276975678,98,55,56172,636.22,1980
262467327133473,98,55,56172,636.22,1980
262467377313583,95,53,56172,629.238,1980
262467427517036,95,53,56172,629.238,1980
262467477702220,95,53,56172,625.048,1980
262467527876798,95,53,56172,625.048,1980
262467578072249,95,55,56172,623.072,1980
262467629707035,95,55,56172,623.072,1980
262467679945904,95,55,56172,619.46,1980
262467730102468,95,55,56172,619.46,1980
262467780292739,95,54,56172,615.232,1980
262467830480948,95,54,56172,615.232,1980
262467880674047,95,54,56172,616.065,1980
262467930819586,95,54,56172,616.065,1980
262467980994738,97,52,56172,616.987,1980
262468031185577,97,52,56172,616.987,1980
262468081371431,97,52,56172,616.282,1980
262468131569662,97,52,56172,616.282,1980
262468181787901,98,55,56172,617.166,1980
262468231993722,98,55,56172,617.166,1980
262468282183064,98,55,56172,617.233,1980
262468332353419,98,55,56172,617.233,1980
262468382545586,93,53,56172,620.265,1980
262468432700835,93,53,56172,620.265,1980
262468482837541,93,53,56172,619.363,1980
262468532962224,93,53,56172,619.363,1980
262468583103695,95,55,56172,619.42,1980
262468633310499,95,55,56172,619.42,1980
262468683483312,95,55,56172,619.643,1980
262468733630449,95,55,56172,619.643,1980
262468783813468,93,53,56172,619.196,1980
262468833962137,93,53,56172,619.196,1980
262468884094160,93,53,56172,605.656,1980
262468935030343,93,53,56172,605.656,1980
262468986603315,74,53,56172,559.734,1980
262469037796299,74,53,56172,559.734,1980
262469107820833,74,53,56172,515.018,1980
262469159244786,74,53,56172,515.018,1980
262469212609562,26,12,56172,480.337,1980
262469266647907,26,12,56172,459.189,1980
262469319576768,26,12,56172,459.189,1980
262469372123385,56,27,56172,431.22,1980
262469424352094,56,27,56172,431.22,1980
262469476527861,56,27,56172,412.509,1980
262469526707159,56,27,56172,412.509,1980
262469577850216,60,28,56172,387.712,1980
262469629393613,60,28,56172,387.712,1980
262469681248050,60,28,56172,365.613,1980
262469732148686,60,28,56172,365.613,1980
262469784019106,71,37,56172,337.112,1980
262469834773562,71,37,56172,337.112,1980
262469884923089,71,37,56172,328.393,1980
262469935087446,71,37,56172,328.393,1980
262469985339311,96,49,56172,349.38,1980
262470035551283,96,49,56172,349.38,1980
262470096852531,96,49,56172,370.784,1980
262470146995376,96,49,56172,370.784,1980
262470197115126,56,28,56172,385.362,1980
262470247238497,56,28,56172,385.362,1980
262470297357384,56,28,56172,415.378,1980
262470347475396,56,28,56172,415.378,1980
262470397598600,97,49,56172,444.276,1980
262470447718874,97,49,56172,444.276,1980
262470497840600,97,49,56172,473.004,1980
262470547946438,97,49,56172,473.004,1980
262470598059001,98,49,56172,496.55,1980
262470648169947,98,49,56172,496.55,1980
262470698283538,98,49,56172,528.001,1980
262470748484633,98,49,56172,528.001,1980
262470798633998,85,45,56172,545.005,1980
262470848783512,85,45,56172,545.005,1980
262470898920144,85,45,56172,565.954,1980
262470949073054,85,45,56172,565.954,1980
262470999256786,93,53,56172,584.932,1980
262471049404054,93,53,56172,584.932,1980
262471100118938,93,53,56172,601.422,1980
262471150288927,93,53,56172,601.422,1980
262471200476680,95,52,56172,627.334,1980
262471250640280,95,52,56172,627.334,1980
262471300769876,95,52,56172,621.348,1980
262471350887800,95,52,56172,621.348,1980
262471401028577,98,55,56172,614.409,1980
262471451214051,98,55,56172,614.409,1980
262471501366499,98,55,56172,610.104,1980
262471551493090,98,55,56172,610.104,1980
262471601607619,93,53,56172,602.703,1980
262471651773406,93,53,56172,602.703,1980
262471702464811,93,53,56172,599.577,1980
262471752599742,93,53,56172,599.577,1980
262471802715561,93,52,56172,601.659,1980
262471852833404,93,52,56172,601.659,1980
262471903019568,93,52,56172,600.726,1980
262471953204505,93,52,56172,600.726,1980
262472003348448,93,53,56172,601.093,1980
262472053462507,93,53,56172,601.093,1980
262472103598992,93,53,56172,600.895,1980
262472153711817,93,53,56172,600.895,1980
262472203820565,98,54,56172,601.862,1980
262472253934297,98,54,56172,601.862,1980
262472304071004,98,54,56172,603.045,1980
262472354227651,98,54,56172,603.045,1980
262472404399115,93,53,56172,605.786,1980
262472454572578,93,53,56172,605.786,1980
262472504701628,93,53,56172,603.137,1980
262472555706862,93,53,56172,603.137,1980
262472606384153,80,55,56172,594.205,1980
262472657186885,80,55,56172,594.205,1980
262472708202237,80,55,56172,550.734,1980
262472759123937,80,55,56172,550.734,1980
262472814556018,2,2,56172,508.092,1980
262472864736662,2,2,56172,474.829,1980
262472917723349,2,2,56172,474.829,1980
262472970505366,54,25,56172,452.387,1980
262473020640222,54,25,56172,452.387,1980
262473071861336,54,25,56172,430.31,1980
262473124105129,54,25,56172,430.31,1980
262473174283409,59,27,56172,410.48,1980
262473225299404,59,27,56172,410.48,1980
262473275833644,59,27,56172,384.089,1980
262473327756420,59,27,56172,384.089,1980
262473377923914,64,31,56172,362.669,1980
262473429063087,64,31,56172,362.669,1980
262473479222939,64,31,56172,344.081,1980
262473529942753,64,31,56172,344.081,1980
262473580079448,74,38,56172,326.84,1980
262473630240341,74,38,56172,326.84,1980
262473680377156,74,38,56172,347.429,1980
262473730558804,74,38,56172,347.429,1980
262473780784914,100,52,56172,369.302,1980
262473832493438,100,52,56172,369.302,1980
262473882647563,100,52,56172,378.182,1980
262473932780792,100,52,56172,378.182,1980
262473982969559,98,49,56172,408.89,1980
262474033176034,98,49,56172,408.89,1980
262474083382309,98,49,56172,437.603,1980
262474133525838,98,49,56172,437.603,1980
262474183644723,98,49,56172,463.828,1980
262474233809225,98,49,56172,463.828,1980
262474283993002,98,49,56172,495.196,1980
262474334152463,98,49,56172,495.196,1980
262474384296824,98,49,56172,523.365,1980
262474434426136,98,49,56172,523.365,1980
262474484551415,98,49,56172,541.037,1980
262474534725072,98,49,56172,541.037,1980
262474584935585,94,49,56172,564.967,1980
262474635093846,94,49,56172,564.967,1980
262474685255329,94,49,56172,581.232,1980
262474735390724,94,49,56172,581.232,1980
262474785562266,93,52,56172,606.661,1980
262474835747502,93,52,56172,606.661,1980
262474885894160,93,52,56172,631.588,1980
262474936059834,93,52,56172,631.588,1980
262474986194116,93,54,56172,628.167,1980
262475036322747,93,54,56172,628.167,1980
262475086444054,93,54,56172,624.377,1980
262475136565090,93,54,56172,624.377,1980
262475186733922,93,52,56172,617.749,1980
262475236871286,93,52,56172,617.749,1980
262475287055173,93,52,56172,613.183,1980
262475337199861,93,52,56172,613.183,1980
262475387356457,95,52,56172,609.034,1980
262475437532870,95,52,56172,609.034,1980
262475487668333,95,52,56172,607.39,1980
262475537845783,95,52,56172,607.39,1980
262475587990301,97,53,56172,607.093,1980
262475638156459,97,53,56172,607.093,1980
262475688293239,97,53,56172,608.301,1980
262475738414810,97,53,56172,608.301,1980
262475788554632,93,52,56172,607.328,1980
262475838690638,93,52,56172,607.328,1980
262475888853052,93,52,56172,605.747,1980
262475939688510,93,52,56172,605.747,1980
262475989819669,97,55,56172,604.205,1980
262476040009925,97,55,56172,604.205,1980
262476090154047,97,55,56172,604.632,1980
262476140316845,97,55,56172,604.632,1980
262476190491636,93,52,56172,609.333,1980
262476240624273,93,52,56172,609.333,1980
262476290751992,93,52,56172,609.102,1980
262476340873987,93,52,56172,609.102,1980
262476390981790,95,52,56172,609.414,1980
262476441109675,95,52,56172,609.414,1980
262476495158930,95,52,56172,607.708,1980
262476545282084,95,52,56172,607.708,1980
262476596222817,27,27,56172,577.742,1980
262476647041661,27,27,56172,577.742,1980
262476697877360,27,27,56172,533.502,1980
262476766491472,27,27,56172,492.984,1980
262476817197990,2,1,56172,492.984,1980
262476867333587,2,1,56172,468.752,1980
262476919219712,2,1,56172,468.752,1980
262476971544910,54,26,56172,441.839,1980
262477021721684,54,26,56172,441.839,1980
262477074387660,54,26,56172,418.331,1980
262477129497471,54,26,56172,418.331,1980
262477182274260,51,24,56172,390.539,1980
262477232732545,51,24,56172,390.539,1980
262477284598715,51,24,56172,366.454,1980
262477336409627,51,24,56172,366.454,1980
262477387646520,61,30,56172,350.605,1980
262477438269129,61,30,56172,350.605,1980
262477489806983,61,30,56172,326.875,1980
262477540898226,61,30,56172,326.875,1980
262477591558320,71,36,56172,331.728,1980
262477641992700,71,36,56172,331.728,1980
262477692177144,71,36,56172,350.098,1980
262477743026025,71,36,56172,350.098,1980
262477793807248,89,45,56172,376.554,1980
262477854152026,89,45,56172,376.554,1980
262477904285133,89,45,56172,375.356,1980
262477954405891,89,45,56172,375.356,1980
262478004530163,69,35,56172,393.188,1980
262478054641439,69,35,56172,393.188,1980
262478104768721,69,35,56172,421.556,1980
262478154880725,69,35,56172,421.556,1980
262478205032446,98,50,56172,452.014,1980
262478255157075,98,50,56172,452.014,1980
262478305275882,98,50,56172,477.944,1980
262478355411886,98,50,56172,477.944,1980
262478405530920,98,51,56172,507.964,1980
262478455646614,98,51,56172,507.964,1980
262478505763325,98,51,56172,532.963,1980
262478555956692,98,51,56172,532.963,1980
262478606111763,84,45,56172,551.747,1980
262478656259001,84,45,56172,551.747,1980
262478706388897,84,45,56172,576.469,1980
262478756507386,84,45,56172,576.469,1980
262478806673739,95,52,56172,589.614,1980
262478856848390,95,52,56172,589.614,1980
262478906983310,95,52,56172,618.861,1980
262478957101997,95,52,56172,618.861,1980
262479007216717,98,55,56172,628.701,1980
262479057403544,98,55,56172,628.701,1980
262479107620509,98,55,56172,626.591,1980
262479157805671,98,55,56172,626.591,1980
262479208170323,93,53,56172,622.489,1980
262479258327600,93,53,56172,622.489,1980
262479308512353,93,53,56172,618.797,1980
262479358650023,93,53,56172,618.797,1980
262479408768682,95,52,56172,611.356,1980
262479458959562,95,52,56172,611.356,1980
262479509081338,95,52,56172,606.692,1980
262479559239528,95,52,56172,606.692,1980
262479609370928,93,52,56172,611.092,1980
262479659525132,93,52,56172,611.092,1980
262479709699538,93,52,56172,611.987,1980
262479759867068,93,52,56172,611.987,1980
262479810056640,93,53,56172,615.318,1980
262479860191755,93,53,56172,615.318,1980
262479910307827,93,53,56172,618.187,1980
262479960417255,93,53,56172,618.187,1980
262480010599657,93,54,56172,617.447,1980
262480060796997,93,54,56172,617.447,1980
262480111020958,93,54,56172,616.032,1980
262480161226970,93,54,56172,616.032,1980
262480211448935,93,53,56172,613.928,1980
262480261633932,93,53,56172,613.928,1980
262480311787769,93,53,56172,611.303,1980
262480361917138,93,53,56172,611.303,1980
262480412099228,95,52,56172,614.573,1980
262480462267417,95,52,56172,614.573,1980
262480513501272,95,52,56172,614.913,1980
262480564275638,95,52,56172,614.913,1980
262480615305684,17,17,56172,576.307,1980
262480666328330,17,17,56172,576.307,1980
262480716948513,17,17,56172,531.032,1980
262480770527062,2,1,56172,492.862,1980
262480823501854,2,1,56172,492.862,1980
262480876598643,2,1,56172,464.199,1980
262480926721312,2,1,56172,464.199,1980
262480979212046,52,25,56172,438.242,1980
262481032056111,52,25,56172,438.242,1980
262481083865343,52,25,56172,414.048,1980
262481134165932,52,25,56172,414.048,1980
262481186660179,60,28,56172,392.671,1980
262481238697205,60,28,56172,392.671,1980
262481289626365,60,28,56172,377.208,1980
262481341042431,60,28,56172,377.208,1980
262481391622590,69,34,56172,352.157,1980
262481441745538,69,34,56172,352.157,1980
262481492094605,69,34,56172,327.717,1980
262481542210346,69,34,56172,327.717,1980
262481592426710,85,43,56172,343.084,1980
262481642619705,85,43,56172,343.084,1980
262481693211519,85,43,56172,363.532,1980
262481754220828,85,43,56172,363.532,1980
262481806197682,81,43,56172,380.972,1980
262481856315201,81,43,56172,380.972,1980
262481906444837,81,43,56172,389.413,1980
262481956575307,81,43,56172,389.413,1980
262482006690259,97,49,56172,420.591,1980
262482056812307,97,49,56172,420.591,1980
262482106924548,97,49,56172,450.672,1980
262482157060741,97,49,56172,450.672,1980
262482207175655,98,49,56172,477.161,1980
262482257288300,98,49,56172,477.161,1980
262482307398483,98,49,56172,507.938,1980
262482357514763,98,49,56172,507.938,1980
262482407645432,97,49,56172,538.585,1980
262482457773122,97,49,56172,538.585,1980
262482507915716,97,49,56172,552.689,1980
262482558128028,97,49,56172,552.689,1980
262482608299748,93,51,56172,569.835,1980
262482658436717,93,51,56172,569.835,1980
262482708567736,93,51,56172,593.282,1965
262482758688001,93,51,56172,593.282,1965
262482808854570,95,54,56172,607.2,1965
262482859031552,95,54,56172,607.2,1965
262482909176822,95,54,56172,626.019,1965
262482959303913,95,54,56172,626.019,1965
262483009439791,96,53,56172,617.574,1980
262483059604524,96,53,56172,617.574,1980
262483109740435,96,53,56172,614.56,1980
262483159860590,96,53,56172,614.56,1980
262483210123493,93,53,56172,608.374,1980
262483260271843,93,53,56172,608.374,1980
262483310442338,93,53,56172,604.496,1980
262483360575800,93,53,56172,604.496,1980
262483410691441,95,53,56172,603.238,1980
262483460824022,95,53,56172,603.238,1980
262483510991940,95,53,56172,601.525,1980
262483561170829,95,53,56172,601.525,1980
262483611308842,98,54,56172,599.753,1980
262483661430245,98,54,56172,599.753,1980
262483711567588,98,54,56172,597.281,1980
262483761712408,98,54,56172,597.281,1980
262483811913511,94,53,56172,600.651,1980
262483862066795,94,53,56172,600.651,1980
262483912198312,94,53,56172,600.694,1980
262483962324168,94,53,56172,600.694,1980
262484012443585,95,52,56172,601.456,1980
262484062568246,95,52,56172,601.456,1980
262484112769951,95,52,56172,595.407,1980
262484163504994,95,52,56172,595.407,1980
262484213671801,98,55,56172,590.372,1980
262484263801771,98,55,56172,590.372,1980
262484316368060,98,55,56172,588.061,1980
262484369067324,98,55,56172,588.061,1980
262484420184402,52,40,56172,558.079,1980
262484470815858,52,40,56172,522.744,1980
262484521813990,52,40,56172,522.744,1980
262484585436218,2,2,56172,481.929,1980
262484636842588,2,2,56172,481.929,1980
262484689435375,2,2,56172,456.517,1980
262484743453489,2,2,56172,456.517,1980
262484793669114,50,24,56172,430.881,1980
262484845603117,50,24,56172,430.881,1980
262484896450047,50,24,56172,408.706,1980
262484946636129,50,24,56172,408.706,1980
262484998097087,59,28,56172,392.125,1980
262485049154772,59,28,56172,392.125,1980
262485099284505,59,28,56172,373.556,1980
262485150398374,59,28,56172,373.556,1980
262485201222428,64,31,56172,352.664,1980
262485251752636,64,31,56172,352.664,1980
262485303196430,64,31,56172,337.424,1980
262485353875916,64,31,56172,337.424,1980
262485404045294,78,41,56172,333.249,1980
262485454630524,78,41,56172,333.249,1980
262485504750014,78,41,56172,356.539,1980
262485554869857,78,41,56172,356.539,1980
262485606405109,100,52,56172,378.02,1980
262485656551633,100,52,56172,378.02,1980
262485706673960,100,52,56172,389.751,1980
262485756789256,100,52,56172,389.751,1980
262485806915151,53,29,56172,421.538,1980
262485857035217,53,29,56172,421.538,1980
262485907146199,53,29,56172,449.967,1980
262485957255901,53,29,56172,449.967,1980
262486007376147,98,54,56172,478.526,1980
262486057498793,98,54,56172,478.526,1980
262486107615895,98,54,56172,510.859,1980
262486159390446,98,54,56172,510.859,1980
262486209506725,98,54,56172,536.044,1980
262486259676717,98,54,56172,536.044,1980
262486309819112,98,54,56172,557.819,1980
262486359975273,98,54,56172,557.819,1980
262486410127053,93,53,56172,579.441,1980
262486460246297,93,53,56172,579.441,1980
262486510572167,93,53,56172,594.195,1980
262486560710026,93,53,56172,594.195,1980
262486610875983,94,54,56172,613.635,1980
262486661022117,94,54,56172,613.635,1980
262486711180819,94,54,56172,637.095,1980
262486761343319,94,54,56172,637.095,1980
262486811522511,93,55,56172,630.006,1980
262486861816271,93,55,56172,630.006,1980
262486911984750,93,55,56172,625.878,1980
262486962156486,93,55,56172,625.878,1980
262487012292705,93,55,56172,621.142,1980
262487062413576,93,55,56172,621.142,1980
262487112549573,93,55,56172,614.971,1980
262487162718520,93,55,56172,614.971,1980
262487212960124,93,54,56172,609.465,1980
262487263089491,93,54,56172,609.465,1980
262487313263275,93,54,56172,609.169,1980
262487363404229,93,54,56172,609.169,1980
262487413573195,95,55,56172,606.945,1980
262487463751739,95,55,56172,606.945,1980
262487513910243,95,55,56172,608.59,1980
262487564078105,95,55,56172,608.59,1980
262487614216254,98,57,56172,609.606,1980
262487664349886,98,57,56172,609.606,1980
262487714466503,98,57,56172,613.406,1980
262487764642392,98,57,56172,613.406,1980
262487814777813,93,55,56172,612.87,1980
262487864893396,93,55,56172,612.87,1980
262487915062103,93,55,56172,606.743,1980
262487965203476,93,55,56172,606.743,1980
262488015351468,94,55,56172,605.322,1980
262488070184936,94,55,56172,605.322,1980
262488120355394,94,55,56172,600.462,1980
262488171325765,94,55,56172,600.462,1980
262488222160275,2,2,56172,560.734,1980
262488273199202,2,2,56172,516.722,1980
262488334250769,2,2,56172,516.722,1980
262488385426273,11,6,56172,479.792,1980
262488438149994,11,6,56172,479.792,1980
262488488674089,11,6,56172,455.978,1980
262488542114225,11,6,56172,455.978,1980
262488594330548,53,25,56172,431.842,1980
262488646584256,53,25,56172,431.842,1980
262488699464486,53,25,56172,403.04,1980
262488751885726,53,25,56172,403.04,1980
262488802012595,57,27,56172,379.857,1980
262488853329273,57,27,56172,379.857,1980
262488903443793,57,27,56172,364.823,1980
262488954203569,57,27,56172,364.823,1980
262489005400543,65,32,56172,343.167,1980
262489056573337,65,32,56172,343.167,1980
262489106771863,65,32,56172,319.65,1980
262489157548666,65,32,56172,319.65,1980
262489208350882,74,39,56172,341.624,1980
262489258469531,74,39,56172,341.624,1980
262489308620368,74,39,56172,364.781,1980
262489358764177,74,39,56172,364.781,1980
262489410624634,98,50,56172,386.49,1980
262489460758309,98,50,56172,386.49,1980
262489510869892,98,50,56172,390.383,1980
262489560976534,98,50,56172,390.383,1980
262489611089208,98,51,56172,423.75,1980
262489661204537,98,51,56172,423.75,1980
262489711322179,98,51,56172,447.563,1980
262489761430995,98,51,56172,447.563,1980
262489811552844,97,51,56172,478.311,1980
262489861679439,97,51,56172,478.311,1980
262489911792215,97,51,56172,508.222,1980
262489961920399,97,51,56172,508.222,1980
262490012051614,98,51,56172,534.76,1980
262490062179591,98,51,56172,534.76,1980
262490112346278,98,51,56172,560.351,1980
262490162535849,98,51,56172,560.351,1980
262490212677101,98,53,56172,578.278,1980
262490262846433,98,53,56172,578.278,1980
262490312989768,98,53,56172,602.506,1980
262490363164849,98,53,56172,602.506,1980
262490413305975,93,54,56172,620.763,1980
262490463429436,93,54,56172,620.763,1980
262490513596768,93,54,56172,641.005,1980
262490563739109,93,54,56172,641.005,1980
262490613894998,98,57,56172,637.141,1980
262490664030226,98,57,56172,637.141,1980
262490714149532,98,57,56172,633.572,1980
262490764311443,98,57,56172,633.572,1980
262490814657241,93,53,56172,629.601,1980
262490864802386,93,53,56172,629.601,1980
262490914922357,93,53,56172,621.898,1980
262490965039655,93,53,56172,621.898,1980
262491015194990,93,55,56172,615.067,1980
262491065364670,93,55,56172,615.067,1980
262491115501775,93,55,56172,614.286,1980
262491165620979,93,55,56172,614.286,1980
262491215741919,93,54,56172,612.044,1980
262491265897072,93,54,56172,612.044,1980
262491316077167,93,54,56172,611.967,1980
262491366208942,93,54,56172,611.967,1980
262491416344878,95,53,56172,610.678,1980
262491466472011,95,53,56172,610.678,1980
262491516612144,95,53,56172,611.297,1980
262491566747303,95,53,56172,611.297,1980
262491616905485,94,53,56172,612.07,1980
262491667085901,94,53,56172,612.07,1980
262491717910609,94,53,56172,609.916,1980
262491768040847,94,53,56172,609.916,1980
262491818161208,95,53,56172,608.815,1980
262491868285879,95,53,56172,608.815,1980
262491918433565,95,53,56172,611.144,1980
262491968607546,95,53,56172,611.144,1980
262492018739355,97,54,56172,611.388,1980
262492068893953,97,54,56172,611.388,1980
262492119059050,97,54,56172,614.527,1980
262492173670218,97,54,56172,614.527,1980
262492224737368,79,56,56172,605.922,1980
262492275783553,79,56,56172,563.695,1980
262492326862479,79,56,56172,563.695,1980
262492377881266,2,2,56172,515.071,1980
262492428015634,2,2,56172,515.071,1980
262492480290921,2,2,56172,485.04,1980
262492533968024,2,2,56172,485.04,1980
262492584083239,55,26,56172,461.409,1980
262492636148906,55,26,56172,461.409,1980
262492688593589,55,26,56172,438.207,1980
262492738734493,55,26,56172,438.207,1980
262492790237836,56,27,56172,412.169,1980
262492841670210,56,27,56172,412.169,1980
262492891790640,56,27,56172,389.752,1980
262492944131582,56,27,56172,389.752,1980
262492994705964,61,29,56172,367.426,1980
262493045981379,61,29,56172,367.426,1980
262493096171440,61,29,56172,342.8,1980
262493146594052,61,29,56172,342.8,1980
262493197614375,69,35,56172,324.142,1980
262493247771058,69,35,56172,324.142,1980
262493297901552,69,35,56172,346.744,1980
262493348045949,69,35,56172,346.744,1980
262493398405831,99,51,56172,368.373,1980
262493458997127,99,51,56172,368.373,1980
262493509129639,99,51,56172,379.44,1980
262493559243085,99,51,56172,379.44,1980
262493609351619,70,35,56172,398.669,1980
262493659459944,70,35,56172,398.669,1980
262493709582214,70,35,56172,431.769,1980
262493759698494,70,35,56172,431.769,1980
262493809832081,98,48,56172,459.953,1980
262493860051445,98,48,56172,459.953,1980
262493910175848,98,48,56172,489.713,1980
262493960306746,98,48,56172,489.713,1980
262494010422273,98,49,56172,520.972,1980
262494060535423,98,49,56172,520.972,1980
262494110699367,98,49,56172,545.612,1980
262494160883724,98,49,56172,545.612,1980
262494211027373,98,51,56172,570.087,1980
262494261142643,98,51,56172,570.087,1980
262494311252751,98,51,56172,585.666,1980
262494361419280,98,51,56172,585.666,1980
262494411609043,93,52,56172,606.66,1980
262494461742820,93,52,56172,606.66,1980
262494513124075,93,52,56172,640.481,1965
262494563241070,93,52,56172,640.481,1965
262494613404440,94,50,56172,645.926,1965
262494663547055,94,50,56172,645.926,1965
262494713665961,94,50,56172,641.229,1965
262494763786440,94,50,56172,641.229,1965
262494813900241,97,55,56172,625.043,1980
262494864014690,97,55,56172,625.043,1980
262494914127705,97,55,56172,617.884,1980
262494964237583,97,55,56172,617.884,1980
262495014428903,94,53,56172,615.056,1980
262495064626173,94,53,56172,615.056,1980
262495114812658,94,53,56172,611.977,1980
262495164952307,94,53,56172,611.977,1980
262495215070549,93,52,56172,615.417,1980
262495265191443,93,52,56172,615.417,1980
262495315372494,93,52,56172,613.79,1980
262495365527526,93,52,56172,613.79,1980
262495415659529,93,53,56172,612.186,1980
262495465785766,93,53,56172,612.186,1980
262495515938834,93,53,56172,605.004,1980
262495566084270,93,53,56172,605.004,1980
262495616216251,93,52,56172,605.844,1980
262495667928134,93,52,56172,605.844,1980
262495719335795,93,52,56172,604.99,1980
262495769493972,93,52,56172,604.99,1980
262495820025188,93,52,56172,618.116,1980
262495870159073,93,52,56172,618.116,1980
262495920276129,93,52,56172,625.829,1980
262495972250564,93,52,56172,625.829,1980
262496022372631,93,59,56172,615.593,1980
262496073184972,93,59,56172,615.593,1980
262496123905487,93,59,56172,574.256,1980
262496175030639,93,59,56172,574.256,1980
262496226005262,2,2,56172,525.673,1980
262496276165235,2,2,56172,490.418,1980
262496328603849,2,2,56172,490.418,1980
262496381308356,54,25,56172,463.511,1980
262496431433949,54,25,56172,463.511,1980
262496484122960,54,25,56172,441.131,1980
262496536950956,54,25,56172,441.131,1980
262496589245618,56,27,56172,419.273,1980
262496641429802,56,27,56172,419.273,1980
262496693401837,56,27,56172,389.501,1980
262496743568194,56,27,56172,389.501,1980
262496796095185,59,28,56172,359.656,1980
262496846372092,59,28,56172,359.656,1980
262496897595200,59,28,56172,339.695,1980
262496949491047,59,28,56172,339.695,1980
262497000716466,68,34,56172,321.955,1980
262497051504829,68,34,56172,321.955,1980
262497102963176,68,34,56172,332.59,1980
262497153937487,68,34,56172,332.59,1980
262497204120367,81,42,56172,353.978,1980
262497254314595,81,42,56172,353.978,1980
262497332381162,81,42,56172,375.974,1980
262497382513656,45,23,56172,370.935,1980
262497432625963,45,23,56172,370.935,1980
262497482745534,45,23,56172,397.469,1980
262497532873768,45,23,56172,397.469,1980
262497585336935,98,50,56172,433.657,1980
262497635450493,98,50,56172,433.657,1980
262497685568426,98,50,56172,459.269,1980
262497735687716,98,50,56172,459.269,1980
262497785798770,98,50,56172,487.621,1980
262497835923757,98,50,56172,487.621,1980
262497886039422,98,50,56172,517.056,1980
262497942960764,98,50,56172,517.056,1980
262497993080620,85,43,56172,536.833,1980
262498043193151,85,43,56172,536.833,1980
262498093302186,85,43,56172,559.905,1980
262498143495344,85,43,56172,559.905,1980
262498193644696,93,52,56172,587.489,1980
262498243790759,93,52,56172,587.489,1980
262498293909820,93,52,56172,603.873,1980
262498344026893,93,52,56172,603.873,1980
262498394187317,93,51,56172,634.691,1980
262498444381887,93,51,56172,634.691,1980
262498494520875,93,51,56172,632.151,1980
262498544633689,93,51,56172,632.151,1980
262498594743043,98,55,56172,627.664,1980
262498644898759,98,55,56172,627.664,1980
262498695072044,98,55,56172,625.663,1980
262498745290979,98,55,56172,625.663,1980
262498795479667,93,53,56172,620.777,1980
262498845627196,93,53,56172,620.777,1980
262498895823991,93,53,56172,615.018,1980
262498946014716,93,53,56172,615.018,1980
262498996163223,95,52,56172,614.702,1980
262499046281945,95,52,56172,614.702,1980
262499096397411,95,52,56172,611.596,1980
262499146592145,95,52,56172,611.596,1980
262499196752100,94,52,56172,608.849,1980
262499246872631,94,52,56172,608.849,1980
262499298116453,94,52,56172,610.342,1980
262499348263920,94,52,56172,610.342,1980
262499398384238,93,53,56172,615.265,1980
262499448516063,93,53,56172,615.265,1980
262499498633511,93,53,56172,615.39,1980
262499548743454,93,53,56172,615.39,1980
262499598868038,93,54,56172,615.146,1980
262499648981462,93,54,56172,615.146,1980
262499699093199,93,54,56172,612.86,1980
262499749261973,93,54,56172,612.86,1980
262499799438515,94,53,56172,614.597,1980
262499849582954,94,53,56172,614.597,1980
262499899709680,94,53,56172,612.405,1980
262499954464617,94,53,56172,612.405,1980
262500004582064,85,58,56172,597.548,1980
262500055414887,85,58,56172,597.548,1980
262500106084695,85,58,56172,556.174,1980
262500157216932,85,58,56172,556.174,1980
262500222728121,2,2,56172,512.263,1980
262500273769323,2,2,56172,512.263,1980
262500326254931,2,2,56172,484.491,1980
262500376389614,2,2,56172,484.491,1980
262500428159372,56,26,56172,453.754,1980
262500480480902,56,26,56172,433.744,1980
262500532968921,56,26,56172,433.744,1980
262500585577529,56,27,56172,406.795,1980
262500637909265,56,27,56172,406.795,1980
262500688504183,56,27,56172,386.129,1980
262500740938597,56,27,56172,386.129,1980
262500792859681,60,29,56172,362.573,1980
262500843009433,60,29,56172,362.573,1980
262500893157572,60,29,56172,337.325,1980
262500943324205,60,29,56172,337.325,1980
262500993796969,70,35,56172,331.209,1980
262501044982474,70,35,56172,331.209,1980
262501096827358,70,35,56172,352.275,1980
262501146975229,70,35,56172,352.275,1980
262501197190221,94,47,56172,371.599,1980
262501247316154,94,47,56172,371.599,1980
262501302806961,94,47,56172,381.939,1980
262501352920526,94,47,56172,381.939,1980
262501403044553,43,22,56172,390.802,1980
262501453159314,43,22,56172,390.802,1980
262501503271302,43,22,56172,418.984,1980
262501553391878,43,22,56172,418.984,1980
262501603500065,98,50,56172,447.097,1980
262501653609485,98,50,56172,447.097,1980
262501703716084,98,50,56172,474.643,1980
262501753830172,98,50,56172,474.643,1980
262501803974087,98,50,56172,502.867,1980
262501854085656,98,50,56172,502.867,1980
262501904324463,98,50,56172,528.103,1980
262501954441960,98,50,56172,528.103,1980
262502004549695,83,45,56172,548.622,1980
262502054663214,83,45,56172,548.622,1980
262502104778935,83,45,56172,572.929,1980
262502154892577,83,45,56172,572.929,1980
262502205005680,93,54,56172,599.11,1980
262502255111153,93,54,56172,599.11,1980
262502305288159,93,54,56172,621.042,1980
262502355447989,93,54,56172,621.042,1980
262502405577926,93,53,56172,639.949,1980
262502455704708,93,53,56172,639.949,1980
262502505817785,93,53,56172,635.159,1980
262502555929463,93,53,56172,635.159,1980
262502606041728,94,53,56172,630.635,1980
262502656151848,94,53,56172,630.635,1980
262502706264273,94,53,56172,624.173,1980
262502756378294,94,53,56172,624.173,1980
262502806488741,96,55,56172,619.364,1980
262502856599736,96,55,56172,619.364,1980
262502906707342,96,55,56172,610.994,1980
262502956825076,96,55,56172,610.994,1980
262503006945206,95,54,56172,614.467,1980
262503057058709,95,54,56172,614.467,1980
262503107166887,95,54,56172,610.949,1980
262503157276759,95,54,56172,610.949,1980
262503207385651,96,52,56172,607.695,1980
262503257498299,96,52,56172,607.695,1980
262503307607166,96,52,56172,607.781,1980
262503357741034,96,52,56172,607.781,1980
262503407850765,98,55,56172,608.267,1980
262503457966503,98,55,56172,608.267,1980
262503508076118,98,55,56172,610.172,1980
262503558183864,98,55,56172,610.172,1980
262503608298489,94,53,56172,612.15,1980
262503658411895,94,53,56172,612.15,1980
262503708521905,94,53,56172,615.084,1980
262503758644051,94,53,56172,615.084,1980
262503808754588,96,52,56172,615.364,1980
262503858863251,96,52,56172,615.364,1980
262503911512428,96,52,56172,610.702,1980
262503962495288,96,52,56172,610.702,1980
262504013469991,17,17,56172,570.577,1980
262504064155929,17,17,56172,570.577,1980
262504115157539,17,17,56172,527.344,1980
262504166177202,17,17,56172,527.344,1980
262504218490722,2,1,56172,490.526,1980
262504271355880,2,1,56172,490.526,1980
262504323429257,2,1,56172,462.798,1980
262504377099419,2,1,56172,462.798,1980
262504429389323,56,26,56172,438.14,1980
262504481569026,56,26,56172,415.122,1980
262504532312267,56,26,56172,415.122,1980
262504582483823,60,28,56172,393.646,1980
262504634540247,60,28,56172,393.646,1980
262504687546044,60,28,56172,362.675,1980
262504738284014,60,28,56172,362.675,1980
262504789838316,63,31,56172,339.358,1980
262504840173027,63,31,56172,339.358,1980
262504890331401,63,31,56172,323.754,1980
262504940447920,63,31,56172,323.754,1980
262504990562817,73,38,56172,341.817,1980
262505041432013,73,38,56172,341.817,1980
262505091573133,73,38,56172,365.731,1980
262505141767085,73,38,56172,365.731,1980
262505209249506,99,52,56172,388.761,1980
262505261270395,99,52,56172,388.761,1980
262505311393722,99,52,56172,392.422,1980
262505361528618,99,52,56172,392.422,1980
262505411641730,98,51,56172,425.189,1980
262505461751529,98,51,56172,425.189,1980
262505511861796,98,51,56172,455.643,1980
262505561972173,98,51,56172,455.643,1980
262505612084917,98,50,56172,481.526,1980
262505662201253,98,50,56172,481.526,1980
262505712321587,98,50,56172,508.166,1980
262505762446791,98,50,56172,508.166,1980
262505812562821,98,50,56172,536.911,1980
262505862679880,98,50,56172,536.911,1980
262505912801007,98,50,56172,559.981,1980
262505963447591,98,50,56172,559.981,1980
262506013566973,98,53,56172,579.911,1980
262506063682038,98,53,56172,579.911,1980
262506113798268,98,53,56172,597.016,1980
262506163910401,98,53,56172,597.016,1980
262506214028155,94,53,56172,617.863,1980
262506264143479,94,53,56172,617.863,1980
262506314259042,94,53,56172,644.27,1980
262506364369943,94,53,56172,644.27,1980
262506414477517,96,53,56172,636.232,1980
262506464617656,96,53,56172,636.232,1980
262506514729473,96,53,56172,627.633,1980
262506564844691,96,53,56172,627.633,1980
262506614958482,95,54,56172,623.004,1980
262506665066218,95,54,56172,623.004,1980
262506715186291,95,54,56172,620.375,1980
262506765302267,95,54,56172,620.375,1980
262506815411046,95,54,56172,617.253,1980
262506865519356,95,54,56172,617.253,1980
262506915630384,95,54,56172,617.408,1980
262506965743620,95,54,56172,617.408,1980
262507015855290,98,56,56172,616.555,1980
262507065963908,98,56,56172,616.555,1980
262507116071476,98,56,56172,617.266,1980
262507166178853,98,56,56172,617.266,1980
262507216287151,94,53,56172,618.649,1980
262507266394985,94,53,56172,618.649,1980
262507316502774,94,53,56172,617.261,1980
262507366610129,94,53,56172,617.261,1980
262507416716148,96,53,56172,618.052,1980
262507466834227,96,53,56172,618.052,1980
262507516945192,96,53,56172,621.462,1980
262507567056275,96,53,56172,621.462,1980
262507617162815,94,54,56172,623.777,1980
262507667267741,94,54,56172,623.777,1980
262507717386228,94,54,56172,622.895,1980
262507767504387,94,54,56172,622.895,1980
262507817614449,94,54,56172,622.48,1980
262507869672567,94,54,56172,622.48,1980
262507922337131,94,54,56172,615.053,1980
262507973323691,94,54,56172,615.053,1980
262508024010145,7,7,56172,573.714,1980
262508074725830,7,7,56172,573.714,1980
262508139548745,7,7,56172,530.14,1980
262508190820554,8,4,56172,492.07,1980
262508241732999,8,4,56172,492.07,1980
262508292821599,8,4,56172,468.329,1980
262508345661627,8,4,56172,468.329,1980
262508397970996,56,26,56172,446.235,1980
262508450043078,56,26,56172,446.235,1980
262508502418538,56,26,56172,416.715,1980
262508554374660,56,26,56172,416.715,1980
262508606314337,58,27,56172,395.685,1980
262508659170812,58,27,56172,395.685,1980
262508710909795,58,27,56172,367.026,1980
262508762205629,58,27,56172,367.026,1980
262508812324892,64,31,56172,347.933,1980
262508863098155,64,31,56172,347.933,1980
262508914831686,64,31,56172,329.164,1980
262508965074687,64,31,56172,329.164,1980
262509015273426,73,39,56172,347.974,1980
262509065574956,73,39,56172,347.974,1980
262509115937306,73,39,56172,371.799,1980
262509166097627,73,39,56172,371.799,1980
262509217617918,96,49,56172,387.958,1980
262509267810641,96,49,56172,387.958,1980
262509317960143,96,49,56172,389.559,1980
262509368099623,96,49,56172,389.559,1980
262509418228954,98,50,56172,420.879,1980
262509468384668,98,50,56172,420.879,1980
262509518558381,98,50,56172,449.313,1965
262509568715376,98,50,56172,449.313,1965
262509618837137,98,50,56172,475.689,1965
262509668950474,98,50,56172,475.689,1965
262509719074074,98,50,56172,501.728,1965
262509769239227,98,50,56172,501.728,1965
262509824311949,97,50,56172,528.78,1980
262509874447147,97,50,56172,528.78,1980
262509924570694,97,50,56172,550.201,1980
262509974686022,97,50,56172,550.201,1980
262510024857677,94,51,56172,571.478,1980
262510075075381,94,51,56172,571.478,1980
262510125232424,94,51,56172,596.963,1980
262510175402098,94,51,56172,596.963,1980
262510225595445,94,53,56172,615.219,1980
262510275737905,94,53,56172,615.219,1980
262510325925434,94,53,56172,640.232,1980
262510376068723,94,53,56172,640.232,1980
262510426201893,94,52,56172,630.428,1980
262510476320539,94,52,56172,630.428,1980
262510526437415,94,52,56172,623.305,1980
262510576550342,94,52,56172,623.305,1980
262510626679649,98,55,56172,619.665,1980
262510676789993,98,55,56172,619.665,1980
262510726966547,98,55,56172,616.76,1980
262510777172675,98,55,56172,616.76,1980
262510827336698,94,53,56172,616.492,1980
262510877462667,94,53,56172,616.492,1980
262510927634513,94,53,56172,617.192,1980
262510977774666,94,53,56172,617.192,1980
262511027894033,96,52,56172,613.849,1980
262511078008872,96,52,56172,613.849,1980
262511128119459,96,52,56172,613.161,1980
262511178237973,96,52,56172,613.161,1980
262511228397163,98,54,56172,611.629,1980
262511278532850,98,54,56172,611.629,1980
262511328648994,98,54,56172,614.368,1980
262511378771766,98,54,56172,614.368,1980
262511428903920,94,54,56172,615.771,1980
262511479019944,94,54,56172,615.771,1980
262511529129387,94,54,56172,613.823,1980
262511579292515,94,54,56172,613.823,1980
262511629498460,96,55,56172,612.64,1980
262511679722857,96,55,56172,612.64,1980
262511729877559,96,55,56172,609.89,1980
262511780069056,96,55,56172,609.89,1980
262511830490295,94,53,56172,609.17,1980
262511881546930,94,53,56172,609.17,1980
262511932583794,94,53,56172,576.454,1980
262511983439952,94,53,56172,531.45,1980
262512034163786,2,2,56172,531.45,1980
262512085292260,2,2,56172,491.656,1980
262512136101305,2,2,56172,491.656,1980
262512189871015,36,16,56172,463.673,1980
262512242255338,36,16,56172,463.673,1980
262512292420640,36,16,56172,442.666,1980
262512344881091,36,16,56172,442.666,1980
262512397805824,55,26,56172,418.0,1980
262512450576407,55,26,56172,418.0,1980
262512502348860,55,26,56172,402.845,1980
262512553831295,55,26,56172,402.845,1980
262512604444480,59,28,56172,381.177,1980
262512655723307,59,28,56172,381.177,1980
262512707544505,59,28,56172,351.079,1980
262512759454643,59,28,56172,351.079,1980
262512810596950,67,33,56172,326.633,1980
262512860970385,67,33,56172,326.633,1980
262512911259579,67,33,56172,334.154,1980
262512961439485,67,33,56172,334.154,1980
262513011891100,92,47,56172,360.355,1980
262513062388221,92,47,56172,360.355,1980
262513119592194,92,47,56172,383.464,1980
262513169741013,92,47,56172,383.464,1980
262513219881505,51,26,56172,383.646,1980
262513270023527,51,26,56172,383.646,1980
262513320180197,51,26,56172,414.882,1980
262513370368428,51,26,56172,414.882,1980
262513420503888,98,48,56172,443.227,1980
262513470626929,98,48,56172,443.227,1980
262513520796407,98,48,56172,470.116,1980
262513570974866,98,48,56172,470.116,1980
262513621174188,97,48,56172,497.311,1980
262513671325592,97,48,56172,497.311,1980
262513726118964,97,48,56172,527.958,1980
262513776297711,97,48,56172,527.958,1980
262513826435262,85,41,56172,548.4,1980
262513876614836,85,41,56172,548.4,1980
262513926762914,85,41,56172,571.74,1980
262513976936509,85,41,56172,571.74,1980
262514027075779,98,54,56172,590.834,1980
262514077246390,98,54,56172,590.834,1980
262514127384482,98,54,56172,609.534,1980
262514177503774,98,54,56172,609.534,1980
262514227631272,94,53,56172,637.458,1980
262514277745230,94,53,56172,637.458,1980
262514327856171,94,53,56172,631.122,1980
262514378039783,94,53,56172,631.122,1980
262514428182570,96,52,56172,623.731,1980
262514478364618,96,52,56172,623.731,1980
262514528535482,96,52,56172,619.5,1980
262514578716490,96,52,56172,619.5,1980
262514628905869,95,52,56172,614.064,1980
262514679050667,95,52,56172,614.064,1980
262514729166296,95,52,56172,607.819,1980
262514779329796,95,52,56172,607.819,1980
262514829556757,94,52,56172,608.796,1980
262514879703272,94,52,56172,608.796,1980
262514929833725,94,52,56172,606.68,1980
262514979950765,94,52,56172,606.68,1980
262515030125995,94,53,56172,605.053,1980
262515080278294,94,53,56172,605.053,1980
262515130428586,94,53,56172,605.14,1980
262515181210023,94,53,56172,605.14,1980
262515231367213,94,52,56172,608.027,1980
262515281502798,94,52,56172,608.027,1980
262515331625084,94,52,56172,611.109,1980
262515381741144,94,52,56172,611.109,1980
262515431853698,94,52,56172,611.369,1980
262515481965241,94,52,56172,611.369,1980
262515532073122,94,52,56172,613.153,1980
262515582187511,94,52,56172,613.153,1980
262515632300048,94,54,56172,614.744,1980
262515682474539,94,54,56172,614.744,1980
262515735361871,94,54,56172,615.825,1980
262515786351109,36,32,56172,581.515,1980
262515837344526,36,32,56172,581.515,1980
262515888515847,36,32,56172,537.509,1980
262515939501270,36,32,56172,537.509,1980
262515991292921,2,1,56172,494.038,1980
262516043451430,2,1,56172,494.038,1980
262516093605620,2,1,56172,468.696,1980
262516145195146,2,1,56172,468.696,1980
262516197708510,54,25,56172,446.465,1980
262516248678045,54,25,56172,446.465,1980
262516298886031,54,25,56172,420.347,1980
262516350966952,54,25,56172,420.347,1980
262516401947093,57,27,56172,396.623,1980
262516454560376,57,27,56172,396.623,1980
262516505562662,57,27,56172,366.468,1980
262516557617773,57,27,56172,366.468,1980
262516609087632,60,30,56172,347.687,1980
262516659923143,60,30,56172,347.687,1980
262516710078995,60,30,56172,319.908,1980
262516760749443,60,30,56172,319.908,1980
262516811127565,72,37,56172,333.734,1980
262516861540838,72,37,56172,333.734,1980
262516911774297,72,37,56172,354.447,1980
262516962192460,72,37,56172,354.447,1980
262517029324675,99,52,56172,377.962,1980
262517081383941,99,52,56172,377.962,1980
262517131503213,99,52,56172,379.959,1980
262517181614808,99,52,56172,379.959,1980
262517231724536,98,49,56172,409.892,1980
262517281836503,98,49,56172,409.892,1980
262517331959887,98,49,56172,439.487,1980
262517382116899,98,49,56172,439.487,1980
262517432321544,97,48,56172,466.889,1980
262517482462863,97,48,56172,466.889,1980
262517532593598,97,48,56172,496.907,1980
262517582764218,97,48,56172,496.907,1980
262517632983165,97,48,56172,524.25,1980
262517683125376,97,48,56172,524.25,1980
262517733258611,97,48,56172,548.243,1980
262517783387414,97,48,56172,548.243,1980
262517833495552,95,49,56172,568.386,1980
262517883609144,95,49,56172,568.386,1980
262517933718950,95,49,56172,587.004,1980
262517983826553,95,49,56172,587.004,1980
262518033935920,94,54,56172,600.569,1980
262518084051483,94,54,56172,600.569,1980
262518134163957,94,54,56172,625.239,1980
262518184290795,94,54,56172,625.239,1980
262518234406162,94,53,56172,619.565,1980
262518284527963,94,53,56172,619.565,1980
262518334711302,94,53,56172,614.257,1980
262518384905602,94,53,56172,614.257,1980
262518435058437,94,53,56172,605.243,1980
262518485181086,94,53,56172,605.243,1980
262518535298890,94,53,56172,597.349,1980
262518585412677,94,53,56172,597.349,1980
262518635583091,96,52,56172,592.474,1980
262518685784876,96,52,56172,592.474,1980
262518735932993,96,52,56172,593.347,1980
262518786116500,96,52,56172,593.347,1980
262518836312193,98,55,56172,593.342,1980
262518886462604,98,55,56172,593.342,1980
262518936589246,98,55,56172,590.896,1980
262518986708960,98,55,56172,590.896,1980
262519036875983,94,53,56172,589.823,1980
262519087019630,94,53,56172,589.823,1980
262519137138431,94,53,56172,592.593,1980
262519187325418,94,53,56172,592.593,1980
262519237558202,94,53,56172,592.413,1980
262519287722800,94,53,56172,591.058,1980
262519337852587,94,53,56172,591.058,1980
262519387970526,94,53,56172,590.527,1980
262519438136164,94,54,56172,590.527,1980
262519490856192,94,54,56172,590.55,1980
262519540981316,94,54,56172,590.55,1980
262519591521568,24,24,56172,550.033,1980
262519642143083,24,24,56172,550.033,1980
262519692752143,24,24,56172,510.607,1980
262519752935985,24,24,56172,510.607,1980
262519803079044,2,1,56172,474.402,1980
262519855452723,2,1,56172,474.402,1980
262519905639117,2,1,56172,451.133,1980
262519958166653,2,1,56172,451.133,1980
262520011356333,55,26,56172,428.752,1980
262520061509847,55,26,56172,428.752,1980
262520114387669,55,26,56172,408.728,1980
262520165880614,55,26,56172,408.728,1980
262520216889567,57,27,56172,387.08,1980
262520267051496,57,27,56172,387.08,1980
262520319528228,57,27,56172,361.233,1980
262520369653570,57,27,56172,361.233,1980
262520420799563,61,30,56172,346.299,1980
262520471293291,61,30,56172,346.299,1980
262520522387021,61,30,56172,321.273,1980
262520573221364,61,30,56172,321.273,1980
262520623427719,80,41,56172,337.63,1980
262520674013779,80,41,56172,337.63,1980
262520724405732,80,41,56172,360.308,1980
262520782998717,80,41,56172,360.308,1980
262520833148844,100,52,56172,377.393,1980
262520883287247,100,52,56172,377.393,1980
262520933422040,100,52,56172,394.184,1980
262520983538619,100,52,56172,394.184,1980
262521033647116,97,48,56172,423.611,1980
262521083756033,97,48,56172,423.611,1980
262521133867390,97,48,56172,454.875,1980
262521183978524,97,48,56172,454.875,1980
262521234087109,97,48,56172,483.824,1980
262521284213202,97,48,56172,483.824,1980
262521334329814,97,48,56172,507.012,1980
262521384446192,97,48,56172,507.012,1980
262521434555338,93,46,56172,529.43,1980
262521484670283,93,46,56172,529.43,1980
262521534781481,93,46,56172,549.151,1980
262521584898923,93,46,56172,549.151,1980
262521635016334,94,52,56172,571.955,1980
262521685126337,94,52,56172,571.955,1980
262521735251418,94,52,56172,586.305,1980
262521785357305,94,52,56172,586.305,1980
262521835463162,94,53,56172,608.539,1980
262521885570633,94,53,56172,608.539,1980
262521935676615,94,53,56172,619.73,1980
262521985781808,94,53,56172,619.73,1980
262522035953234,95,54,56172,613.393,1980
262522086075143,95,54,56172,613.393,1980
262522136202025,95,54,56172,607.558,1980
262522186339112,95,54,56172,607.558,1980
262522236457624,98,54,56172,602.981,1980
262522286581948,98,54,56172,602.981,1980
262522336692755,98,54,56172,598.526,1980
262522386802377,98,54,56172,598.526,1980
262522436912151,95,53,56172,597.492,1980
262522487023488,95,53,56172,597.492,1980
262522537148730,95,53,56172,593.724,1980
262522587262743,95,53,56172,593.724,1980
262522637382475,95,53,56172,594.246,1980
262522687497384,95,53,56172,594.246,1980
262522737606487,95,53,56172,595.655,1980
262522787715222,95,53,56172,595.655,1980
262522837825733,94,54,56172,592.099,1980
262522887935630,94,54,56172,592.099,1980
262522938071421,94,54,56172,595.706,1980
262522988184778,94,54,56172,595.706,1980
262523038308228,94,53,56172,593.455,1980
262523088496358,94,53,56172,593.455,1980
262523138607031,94,53,56172,594.921,1980
262523188714717,94,53,56172,594.921,1980
262523239881389,94,53,56172,594.595,1980
262523289996665,94,53,56172,569.927,1980
262523340929179,94,53,56172,569.927,1980
262523392030779,2,1,56172,528.599,1980
262523442926677,2,1,56172,528.599,1980
262523511955813,2,1,56172,490.534,1980
262523564283532,2,1,56172,490.534,1980
262523618127858,20,10,56172,465.185,1980
262523670837768,20,10,56172,465.185,1980
262523724036444,20,10,56172,442.919,1980
262523774168495,20,10,56172,442.919,1980
262523826703649,55,26,56172,423.254,1980
262523879053356,55,26,56172,423.254,1980
262523931278378,55,26,56172,400.322,1980
262523982991535,55,26,56172,400.322,1980
262524033460296,57,27,56172,380.68,1980
262524085489653,57,27,56172,380.68,1980
262524136395271,57,27,56172,358.721,1980
262524186530780,57,27,56172,358.721,1980
262524236691435,65,32,56172,337.286,1980
262524287933925,65,32,56172,337.286,1980
262524338202633,65,32,56172,329.979,1980
262524388320644,65,32,56172,329.979,1980
262524438754036,86,43,56172,351.847,1980
262524488904438,86,43,56172,351.847,1980
262524549146236,86,43,56172,378.279,1980
262524599280122,85,45,56172,382.594,1980
262524649407631,85,45,56172,382.594,1980
262524699527348,85,45,56172,412.405,1920
262524749650539,85,45,56172,412.405,1920
262524799763345,97,51,56172,442.854,1965
262524849871360,97,51,56172,442.854,1965
262524899992103,97,51,56172,469.698,1965
262524950124259,97,51,56172,469.698,1965
262525000242042,98,51,56172,495.568,1965
262525050361298,98,51,56172,495.568,1965
262525100478362,98,51,56172,522.547,1980
262525150588197,98,51,56172,522.547,1980
262525202635666,98,51,56172,549.662,1980
262525252797081,98,51,56172,549.662,1980
262525302910594,98,51,56172,564.997,1980
262525353022742,98,51,56172,564.997,1980
262525403135651,94,52,56172,585.144,1980
262525453245716,94,52,56172,585.144,1980
262525503362778,94,52,56172,607.963,1980
262525553479369,94,52,56172,607.963,1980
262525603598190,94,54,56172,638.577,1980
262525653710798,94,54,56172,638.577,1980
262525703824288,94,54,56172,633.949,1980
262525753942445,94,54,56172,633.949,1980
262525804055755,96,53,56172,629.666,1980
262525854167649,96,53,56172,629.666,1980
262525904285739,96,53,56172,624.833,1980
262525954412049,96,53,56172,624.833,1980
262526004542792,96,54,56172,622.664,1980
262526054656840,96,54,56172,622.664,1980
262526104765000,96,54,56172,621.934,1980
262526154873741,96,54,56172,621.934,1980
262526204983092,94,53,56172,616.0,1980
262526255105939,94,53,56172,616.0,1980
262526305215138,94,53,56172,621.939,1980
262526355325105,94,53,56172,621.939,1980
262526405433221,98,56,56172,621.915,1980
262526455541275,98,56,56172,621.915,1980
262526505655506,98,56,56172,620.99,1980
262526555764135,98,56,56172,620.99,1980
262526605878479,95,55,56172,620.97,1980
262526655988478,95,55,56172,620.97,1980
262526706099299,95,55,56172,623.547,1980
262526756224024,95,55,56172,623.547,1980
262526806340630,98,57,56172,621.719,1980
262526856453292,98,57,56172,621.719,1980
262526906586792,98,57,56172,624.845,1980
262526956694574,98,57,56172,624.845,1980
262527006810136,94,54,56172,623.395,1980
262527056929310,94,54,56172,623.395,1980
262527107043262,94,54,56172,618.089,1980
262527157165154,94,54,56172,618.089,1980
262527207280466,94,55,56172,619.696,1980
262527257395377,94,55,56172,619.696,1980
262527312193827,94,55,56172,615.852,1980
262527362319130,94,55,56172,615.852,1980
262527412936320,40,34,56172,580.498,1980
262527463931299,40,34,56172,580.498,1980
262527514650534,40,34,56172,536.425,1980
262527578766156,40,34,56172,536.425,1980
262527629978935,2,1,56172,490.688,1980
262527682408346,2,1,56172,490.688,1980
262527732557118,2,1,56172,467.5,1980
262527785441325,2,1,56172,467.5,1980
262527837633544,53,25,56172,441.553,1980
262527887792272,53,25,56172,441.553,1980
262527940024437,53,25,56172,413.331,1980
262527992385032,53,25,56172,393.283,1980
262528043583814,56,27,56172,393.283,1980
262528094160592,56,27,56172,375.016,1980
262528146073255,56,27,56172,375.016,1980
262528196693290,60,29,56172,350.919,1980
262528248229645,60,29,56172,350.919,1980
262528299419179,60,29,56172,328.405,1980
262528351286720,60,29,56172,328.405,1980
262528402062060,70,36,56172,337.806,1980
262528452241352,70,36,56172,337.806,1980
262528503202418,70,36,56172,356.965,1980
262528554199420,70,36,56172,356.965,1980
262528604378336,86,44,56172,378.995,1980
262528664644608,86,44,56172,378.995,1980
262528714791659,86,44,56172,381.874,1980
262528764934385,86,44,56172,381.874,1980
262528815053399,56,27,56172,403.447,1980
262528865163803,56,27,56172,403.447,1980
262528915268700,56,27,56172,434.404,1980
262528965377883,56,27,56172,434.404,1980
262529015485455,98,48,56172,462.729,1980
262529065635675,98,48,56172,462.729,1980
262529115772539,98,48,56172,490.479,1980
262529165903450,98,48,56172,490.479,1980
262529216039123,97,48,56172,522.292,1980
262529266157391,97,48,56172,522.292,1980
262529316282494,97,48,56172,549.663,1980
262529366394602,97,48,56172,549.663,1980
262529416515311,84,43,56172,565.726,1980
262529466627637,84,43,56172,565.726,1980
262529516737964,84,43,56172,586.037,1980
262529566846261,84,43,56172,586.037,1980
262529616955737,94,54,56172,607.479,1980
262529667067644,94,54,56172,607.479,1980
262529717182049,94,54,56172,638.284,1980
262529767304734,94,54,56172,638.284,1980
262529817413735,94,52,56172,642.146,1980
262529867522299,94,52,56172,642.146,1980
262529917632383,94,52,56172,637.673,1980
262529967747770,94,52,56172,637.673,1980
262530017858016,94,51,56172,629.58,1980
262530067966391,94,51,56172,629.58,1980
262530118076674,94,51,56172,623.109,1980
262530168199373,94,51,56172,623.109,1980
262530218318150,98,55,56172,616.342,1980
262530268426337,98,55,56172,616.342,1980
262530318535109,98,55,56172,613.645,1980
262530368645055,98,55,56172,613.645,1980
262530418763682,94,52,56172,615.188,1980
262530468874942,94,52,56172,615.188,1980
262530518982735,94,52,56172,615.606,1980
262530569089493,94,52,56172,615.606,1980
262530619197193,96,52,56172,615.577,1980
262530669306723,96,52,56172,615.577,1980
262530719424752,96,52,56172,613.28,1980
262530769533836,96,52,56172,613.28,1980
262530819642893,95,52,56172,611.455,1980
262530869752370,95,52,56172,611.455,1980
262530919867913,95,52,56172,610.315,1980
262530969975333,95,52,56172,610.315,1980
262531020085723,94,52,56172,612.63,1980
262531070194402,94,52,56172,612.63,1980
262531120306246,94,52,56172,616.529,1980
262531170414983,94,52,56172,616.529,1980
262531220536309,94,54,56172,616.311,1980
262531271527593,94,54,56172,616.311,1980
262531325788415,94,54,56172,615.099,1980
262531376204333,94,54,56172,615.099,1980
262531426928271,42,34,56172,581.026,1980
262531477858759,42,34,56172,581.026,1980
262531528764535,42,34,56172,536.635,1980
262531589933892,42,34,56172,536.635,1980
262531644263522,2,2,56172,492.139,1980
262531694408917,2,2,56172,465.885,1980
262531747602581,2,2,56172,465.885,1980
262531800368062,55,26,56172,446.158,1980
262531851245468,55,26,56172,446.158,1980
262531902114696,55,26,56172,422.727,1980
262531954149240,55,26,56172,422.727,1980
262532004449412,57,27,56172,394.136,1980
262532057040528,57,27,56172,394.136,1980
262532108850776,57,27,56172,373.527,1980
262532159179275,57,27,56172,373.527,1980
262532210463182,61,30,56172,347.333,1980
262532260732191,61,30,56172,347.333,1980
262532310895146,61,30,56172,326.149,1980
262532361079918,61,30,56172,326.149,1980
262532411597015,74,38,56172,334.333,1980
262532461900722,74,38,56172,334.333,1980
262532512515645,74,38,56172,354.842,1980
262532563106363,74,38,56172,354.842,1980
262532620625301,99,51,56172,381.146,1980
262532670753940,99,51,56172,381.146,1980
262532720882707,99,51,56172,389.548,1980
262532770998199,99,51,56172,389.548,1980
262532821119795,98,50,56172,420.607,1980
262532871241307,98,50,56172,420.607,1980
262532921356684,98,50,56172,450.503,1980
262532971465380,98,50,56172,450.503,1980
262533021574993,98,50,56172,477.713,1980
262533071686606,98,50,56172,477.713,1980
262533121816271,98,50,56172,507.004,1980
262533171940422,98,50,56172,507.004,1980
262533222066880,98,50,56172,531.523,1980
262533272234808,98,50,56172,531.523,1980
262533322373659,98,50,56172,557.299,1980
262533372494196,98,50,56172,557.299,1980
262533422617093,94,51,56172,577.601,1980
262533472746203,94,51,56172,577.601,1980
262533522884424,94,51,56172,600.623,1980
262533572994594,94,51,56172,600.623,1980
262533623107813,94,54,56172,614.757,1980
262533673214769,94,54,56172,614.757,1980
262533723323488,94,54,56172,641.928,1980
262533773442966,94,54,56172,641.928,1980
262533823553773,94,54,56172,636.204,1980
262533873669900,94,54,56172,636.204,1980
262533923780180,94,54,56172,630.851,1980
262533973888514,94,54,56172,630.851,1980
262534023999652,95,55,56172,625.666,1980
262534074110787,95,55,56172,625.666,1980
262534124220944,95,55,56172,622.566,1980
262534174330697,95,55,56172,622.566,1980
262534224444463,95,54,56172,617.844,1980
262534274561141,95,54,56172,617.844,1980
262534324737308,95,54,56172,618.056,1980
262534374891695,95,54,56172,618.056,1980
262534425032627,95,54,56172,616.016,1980
262534475152720,95,54,56172,616.016,1980
262534525266697,95,54,56172,614.716,1980
262534577406388,95,54,56172,614.716,1980
262534627520726,94,55,56172,614.221,1980
262534677646618,94,55,56172,614.221,1980
262534727754877,94,55,56172,613.823,1980
262534777858898,94,55,56172,613.823,1980
262534827963370,94,53,56172,614.696,1980
262534878051938,94,53,56172,614.696,1980
262534928159844,94,53,56172,613.125,1980
262534978356452,94,53,56172,613.125,1980
262535028519248,94,52,56172,609.972,1980
262535078655435,94,52,56172,609.972,1980
262535128783860,94,52,56172,605.311,1980
262535178905156,94,52,56172,605.311,1980
262535230309423,98,57,56172,600.823,1980
262535281071559,98,57,56172,600.823,1980
262535331706302,98,57,56172,561.045,1980
262535382634848,98,57,56172,561.045,1980
262535433588777,2,2,56172,518.854,1980
262535489822265,2,2,56172,518.854,1980
262535542479564,2,2,56172,478.971,1980
262535592673341,2,2,56172,478.971,1980
262535645324866,48,22,56172,455.154,1980
262535695440600,48,22,56172,455.154,1980
262535746893499,48,22,56172,432.952,1980
262535798235910,57,27,56172,410.235,1980
262535849020521,57,27,56172,410.235,1980
262535899524122,57,27,56172,386.956,1980
262535951554030,57,27,56172,386.956,1980
262536002037880,59,28,56172,361.086,1980
262536052265913,59,28,56172,361.086,1980
262536102688130,59,28,56172,345.566,1980
262536153216986,59,28,56172,345.566,1980
262536204108500,70,36,56172,322.958,1980
262536254247971,70,36,56172,322.958,1980
262536304401212,70,36,56172,342.348,1980
262536354554222,70,36,56172,342.348,1980
262536404702337,93,47,56172,366.857,1980
262536454845981,93,47,56172,366.857,1980
262536506839046,93,47,56172,382.62,1980
262536557042003,93,47,56172,382.62,1980
262536607247690,41,22,56172,388.39,1980
262536657421012,41,22,56172,388.39,1980
262536707560951,41,22,56172,422.28,1965
262536757690398,41,22,56172,422.28,1965
262536807804446,99,54,56172,449.643,1965
262536857933833,99,54,56172,449.643,1965
262536908047290,99,54,56172,481.207,1965
262536958156860,99,54,56172,481.207,1965
262537008266026,98,54,56172,509.253,1980
262537058388183,98,54,56172,509.253,1980
262537108506040,98,54,56172,543.092,1980
262537158628300,98,54,56172,543.092,1980
262537208754697,98,53,56172,562.521,1965
262537258874483,98,53,56172,562.521,1965
262537308996184,98,53,56172,589.766,1965
262537359112624,98,53,56172,589.766,1965
262537409220825,94,54,56172,612.317,1965
262537459331069,94,54,56172,612.317,1965
262537509443985,94,54,56172,635.257,1980
262537559560510,94,54,56172,635.257,1980
262537609672533,98,58,56172,653.861,1980
262537659779845,98,58,56172,653.861,1980
262537709889339,98,58,56172,642.105,1980
262537759999594,98,58,56172,642.105,1980
262537810113953,95,56,56172,637.888,1980
262537860298871,95,56,56172,637.888,1980
262537910444031,95,56,56172,634.682,1980
262537960576087,95,56,56172,634.682,1980
262538010727131,98,58,56172,630.191,1980
262538060838873,98,58,56172,630.191,1980
262538110959580,98,58,56172,622.644,1980
262538161077842,98,58,56172,622.644,1980
262538211187242,95,56,56172,623.82,1980
262538261306935,95,56,56172,623.82,1980
262538311426716,95,56,56172,624.135,1980
262538361556291,95,56,56172,624.135,1980
262538411675005,97,59,56172,620.604,1980
262538461788408,97,59,56172,620.604,1980
262538511903867,97,59,56172,624.092,1980
262538562017834,97,59,56172,624.092,1980
262538612131543,94,56,56172,626.365,1980
262538662241465,94,56,56172,626.365,1980
262538712352994,94,56,56172,631.197,1980
262538762463973,94,56,56172,631.197,1980
262538812580768,94,57,56172,629.598,1980
262538862687485,94,57,56172,629.598,1980
262538912796424,94,57,56172,630.295,1980
262538962906186,94,57,56172,630.295,1980
262539013055658,95,56,56172,630.843,1980
262539063218704,95,56,56172,630.843,1980
262539113324607,95,56,56172,630.18,1980
262539163448249,95,56,56172,630.18,1980
262539213556418,94,57,56172,633.512,1980
262539263665352,94,57,56172,633.512,1980
262539315482841,94,57,56172,629.735,1980
262539368153676,94,57,56172,629.735,1980
262539419174933,47,38,56172,590.302,1980
262539470316227,47,38,56172,590.302,1980
262539521234996,47,38,56172,544.462,1980
262539583020586,47,38,56172,544.462,1980
262539633796126,2,2,56172,504.529,1980
262539683943352,2,2,56172,504.529,1980
262539735627628,2,2,56172,475.497,1980
262539787767618,2,2,56172,475.497,1980
262539837966603,56,26,56172,451.378,1980
262539890020104,56,26,56172,451.378,1980
262539942501576,56,26,56172,425.692,1980
262539995627651,56,26,56172,425.692,1980
262540045746123,57,27,56172,403.414,1980
262540097128828,57,27,56172,403.414,1980
262540148227019,57,27,56172,376.185,1980
262540199191036,64,31,56172,349.945,1980
262540249410979,64,31,56172,349.945,1980
262540299576140,64,31,56172,329.546,1980
262540350316946,64,31,56172,329.546,1980
262540400492081,91,46,56172,345.134,1980
262540450766429,91,46,56172,345.134,1980
262540500963032,91,46,56172,367.744,1980
262540560364695,91,46,56172,367.744,1980
262540610512584,87,46,56172,379.597,1980
262540660652688,87,46,56172,379.597,1980
262540710772202,87,46,56172,410.759,1980
262540760881663,87,46,56172,410.759,1980
262540810985310,98,49,56172,439.59,1980
262540861174991,98,49,56172,439.59,1980
262540911343386,98,49,56172,468.55,1980
262540961475760,98,49,56172,468.55,1980
262541011611412,98,49,56172,498.292,1980
262541061728983,98,49,56172,498.292,1980
262541111848827,98,49,56172,522.891,1980
262541161978717,98,49,56172,522.891,1980
262541212099804,86,43,56172,543.803,1980
262541262233566,86,43,56172,543.803,1980
262541312347523,86,43,56172,565.276,1980
262541362458606,86,43,56172,565.276,1980
262541412567773,95,53,56172,590.01,1980
262541462674454,95,53,56172,590.01,1980
262541512780964,95,53,56172,605.9,1980
262541562902873,95,53,56172,605.9,1980
262541613560388,95,53,56172,630.018,1980
262541663691627,95,53,56172,630.018,1980
262541713808621,95,53,56172,620.974,1980
262541763919596,95,53,56172,620.974,1980
262541814031402,95,54,56172,615.905,1980
262541864163470,95,54,56172,615.905,1980
262541914283264,95,54,56172,608.495,1980
262541964393935,95,54,56172,608.495,1980
262542014502457,97,54,56172,601.219,1980
262542064613372,97,54,56172,601.219,1980
262542114720819,97,54,56172,594.96,1980
262542164826953,97,54,56172,594.96,1980
262542214935745,94,53,56172,595.938,1980
262542265049913,94,53,56172,595.938,1980
262542315156973,94,53,56172,595.339,1980
262542365268443,94,53,56172,595.339,1980
262542415374974,96,52,56172,596.091,1980
262542469903069,96,52,56172,596.091,1980
262542520022757,96,52,56172,602.466,1980
262542570139028,96,52,56172,602.466,1980
262542620252919,98,55,56172,603.754,1980
262542670361614,98,55,56172,603.754,1980
262542720482538,98,55,56172,604.832,1980
262542770590688,98,55,56172,604.832,1980
262542820706314,95,53,56172,594.847,1980
262542870813872,95,53,56172,594.847,1980
262542920934507,95,53,56172,595.289,1980
262542971049235,95,53,56172,595.289,1980
262543021158361,95,52,56172,594.477,1980
262543071277776,95,52,56172,594.477,1980
262543121390253,95,52,56172,574.644,1980
262543172444488,95,52,56172,574.644,1980
262543223323990,5,5,56172,530.288,1980
262543274073654,5,5,56172,530.288,1980
262543339086731,5,5,56172,488.82,1980
262543390010791,5,5,56172,488.82,1980
262543442307873,9,5,56172,457.802,1980
262543493171647,9,5,56172,457.802,1980
262543544083764,9,5,56172,433.252,1980
262543596232295,9,5,56172,433.252,1980
262543649052170,55,26,56172,415.162,1980
262543700215400,55,26,56172,393.592,1980
262543752470143,55,26,56172,393.592,1980
262543802659874,58,27,56172,378.364,1980
262543855529275,58,27,56172,378.364,1980
262543907355193,58,27,56172,360.757,1980
262543959716207,58,27,56172,360.757,1980
262544011711380,61,30,56172,341.258,1980
262544063390678,61,30,56172,341.258,1980
262544114594511,61,30,56172,333.415,1980
262544165374637,61,30,56172,333.415,1980
262544215491439,71,36,56172,350.936,1980
262544265661759,71,36,56172,350.936,1980
262544316482822,71,36,56172,374.745,1980
262544366620931,71,36,56172,374.745,1980
262544427860558,98,51,56172,385.363,1980
262544477981730,98,51,56172,385.363,1980
262544528115355,98,51,56172,390.74,1980
262544578227150,98,51,56172,390.74,1980
262544628335627,98,49,56172,423.19,1980
262544678455006,98,49,56172,423.19,1980
262544728587492,98,49,56172,451.603,1980
262544778702066,98,49,56172,451.603,1980
262544828811031,98,49,56172,480.909,1980
262544878929352,98,49,56172,480.909,1980
262544929045255,98,49,56172,510.745,1980
262544979165062,98,49,56172,510.745,1980
262545029291914,98,49,56172,539.06,1980
262545079416678,98,49,56172,539.06,1980
262545130183422,98,49,56172,560.215,1980
262545180321996,98,49,56172,560.215,1980
262545230433692,94,50,56172,578.491,1980
262545280552328,94,50,56172,578.491,1980
262545330667613,94,50,56172,596.347,1980
262545380793564,94,50,56172,596.347,1980
262545430905433,98,54,56172,622.656,1980
262545481018284,98,54,56172,622.656,1980
262545531125956,98,54,56172,642.049,1980
262545581235283,98,54,56172,642.049,1980
262545631343768,95,53,56172,634.117,1980
262545681456212,95,53,56172,634.117,1980
262545731574254,95,53,56172,627.225,1980
262545781685798,95,53,56172,627.225,1980
262545831796533,97,52,56172,627.68,1980
262545881906005,97,52,56172,627.68,1980
262545932014507,97,52,56172,623.278,1980
262545982138883,97,52,56172,623.278,1980
262546032272055,98,54,56172,616.825,1980
262546082388885,98,54,56172,616.825,1980
262546132506870,98,54,56172,622.468,1980
262546182618423,98,54,56172,622.468,1980
262546232727615,93,52,56172,626.515,1980
262546282836694,93,52,56172,626.515,1980
262546333014335,93,52,56172,632.559,1980
262546383184151,93,52,56172,632.559,1980
262546434397959,96,52,56172,624.601,1980
262546484618018,96,52,56172,624.601,1980
262546534836982,96,52,56172,622.439,1980
262546584999469,96,52,56172,622.439,1980
262546635187716,98,56,56172,618.709,1980
262546685368026,98,56,56172,618.709,1980
262546735508526,98,56,56172,619.128,1980
262546785625896,98,56,56172,619.128,1980
262546835738427,94,52,56172,619.484,1980
262546885861371,94,52,56172,619.484,1980
262546935983021,94,52,56172,620.655,1980
262546986115617,94,52,56172,620.655,1980
262547036959431,79,55,56172,594.434,1980
262547088083480,79,55,56172,594.434,1980
262547139130117,79,55,56172,545.754,1980
262547190092087,79,55,56172,545.754,1980
262547242215701,2,2,56172,498.976,1980
262547295022321,2,2,56172,498.976,1980
262547345171526,2,2,56172,472.369,1980
262547398121363,2,2,56172,472.369,1980
262547451278228,55,26,56172,447.477,1980
262547504257492,55,26,56172,429.388,1980
262547556662092,55,26,56172,429.388,1980
262547608782292,57,27,56172,405.283,1980
262547661453757,57,27,56172,405.283,1980
262547712658282,57,27,56172,382.652,1980
262547762791454,57,27,56172,382.652,1980
262547814723154,60,28,56172,359.11,1980
262547864860875,60,28,56172,359.11,1980
262547916061832,60,28,56172,335.752,1980
262547966187169,60,28,56172,335.752,1980
262548016412011,67,33,56172,334.181,1980
262548066575128,67,33,56172,334.181,1980
262548117178925,67,33,56172,355.868,1980
262548168246128,67,33,56172,355.868,1980
262548218617306,78,41,56172,378.691,1980
262548268788341,78,41,56172,378.691,1980
262548325295642,78,41,56172,389.88,1980
262548375411948,78,41,56172,389.88,1980
262548425525270,39,20,56172,394.476,1980
262548475635830,39,20,56172,394.476,1980
262548525754360,39,20,56172,427.278,1980
262548575866933,39,20,56172,427.278,1980
262548625973493,97,50,56172,454.751,1980
262548676116237,97,50,56172,454.751,1980
262548726224108,97,50,56172,482.913,1980
262548776337945,97,50,56172,482.913,1980
262548826450219,98,50,56172,512.831,1980
262548876566720,98,50,56172,512.831,1980
262548926692034,98,50,56172,540.688,1980
262548976841177,98,50,56172,540.688,1980
262549027031844,84,43,56172,552.891,1980
262549077189885,84,43,56172,552.891,1980
262549127318275,84,43,56172,575.114,1980
262549177437470,84,43,56172,575.114,1980
262549227553837,94,54,56172,600.943,1980
262549277668697,94,54,56172,600.943,1980
262549327790613,94,54,56172,615.408,1980
262549378499944,94,54,56172,615.408,1980
262549428609851,94,53,56172,637.218,1980
262549478720396,94,53,56172,637.218,1980
262549528832559,94,53,56172,627.506,1980
262549578945162,94,53,56172,627.506,1980
262549629066866,94,54,56172,617.685,1980
262549679181477,94,54,56172,617.685,1980
262549729293893,94,54,56172,610.032,1980
262549779405911,94,54,56172,610.032,1980
262549829520523,95,54,56172,604.062,1980
262549879631502,95,54,56172,604.062,1980
262549929738907,95,54,56172,600.41,1980
262549979847337,95,54,56172,600.41,1980
262550029956695,97,53,56172,608.393,1980
262550080064549,97,53,56172,608.393,1980
262550130171878,97,53,56172,605.139,1980
262550180278831,97,53,56172,605.139,1980
262550230448263,94,53,56172,598.729,1980
262550280560244,94,53,56172,598.729,1980
262550330671685,94,53,56172,599.04,1980
262550380786761,94,53,56172,599.04,1980
262550430894582,96,52,56172,602.563,1980
262550481007129,96,52,56172,602.563,1980
262550531117386,96,52,56172,601.439,1980
262550581244181,96,52,56172,601.439,1980
262550631359145,98,55,56172,604.546,1980
262550681465204,98,55,56172,604.546,1980
262550731584574,98,55,56172,611.854,1980
262550781696621,98,55,56172,611.854,1980
262550833523709,94,54,56172,609.898,1980
262550883638637,94,54,56172,609.898,1980
262550934613198,94,54,56172,574.71,1980
262550985337692,94,54,56172,574.71,1980
262551036342209,2,1,56172,527.434,1980
262551099194279,2,1,56172,527.434,1980
262551151174134,2,1,56172,487.293,1980
262551204177606,2,1,56172,468.664,1980
262551256823540,28,13,56172,468.664,1980
262551306952706,28,13,56172,445.994,1980
262551358997490,28,13,56172,445.994,1980
262551411606579,56,27,56172,426.125,1980
262551464410954,56,27,56172,426.125,1980
262551518362694,56,27,56172,403.409,1980
262551570043218,56,27,56172,403.409,1980
262551620240137,57,27,56172,380.586,1980
262551674739786,57,27,56172,380.586,1980
262551727133091,57,27,56172,352.528,1980
262551778087885,57,27,56172,352.528,1980
262551829157132,61,30,56172,325.313,1980
262551881317003,61,30,56172,325.313,1980
262551933255968,61,30,56172,333.832,1980
262551983458003,61,30,56172,333.832,1980
262552033755671,66,33,56172,351.638,1980
262552084074113,66,33,56172,351.638,1980
262552134225933,66,33,56172,378.921,1980
262552184860674,66,33,56172,378.921,1980
262552240019751,89,46,56172,379.171,1980
262552290147604,89,46,56172,379.171,1980
262552340275673,89,46,56172,379.74,1980
262552390410445,89,46,56172,379.74,1980
262552440538420,88,45,56172,412.348,1980
262552490668269,88,45,56172,412.348,1980
262552540799622,88,45,56172,442.668,1980
262552590937230,88,45,56172,442.668,1980
262552641077146,98,50,56172,470.051,1980
262552691203776,98,50,56172,470.051,1980
262552741341857,98,50,56172,498.042,1980
262552791492396,98,50,56172,498.042,1980
262552841625066,97,50,56172,526.562,1980
262552891753647,97,50,56172,526.562,1980
262552941896629,97,50,56172,549.565,1980
262552992035956,97,50,56172,549.565,1980
262553042160662,86,46,56172,573.92,1980
262553092288773,86,46,56172,573.92,1980
262553142414482,86,46,56172,595.964,1980
262553192530850,86,46,56172,595.964,1980
262553242654097,94,54,56172,618.366,1980
262553292776118,94,54,56172,618.366,1980
262553342897597,94,54,56172,648.093,1980
262553393023545,94,54,56172,648.093,1980
262553443143863,95,55,56172,639.122,1980
262553493269789,95,55,56172,639.122,1980
262553543402038,95,55,56172,629.501,1980
262553593529208,95,55,56172,629.501,1980
262553643652541,94,54,56172,626.291,1980
262553693771977,94,54,56172,626.291,1980
262553743890873,94,54,56172,625.308,1980
262553794012338,94,54,56172,625.308,1980
262553844766043,96,53,56172,620.594,1980
262553894879995,96,53,56172,620.594,1980
262553944991557,96,53,56172,622.151,1980
262553995109069,96,53,56172,622.151,1980
262554045226984,98,55,56172,620.76,1980
262554095362891,98,55,56172,620.76,1980
262554145479160,98,55,56172,618.338,1980
262554195594157,98,55,56172,618.338,1980
262554245709974,94,53,56172,617.502,1980
262554295824155,94,53,56172,617.502,1980
262554345952699,94,53,56172,618.603,1980
262554396069489,94,53,56172,618.603,1980
262554446187799,94,55,56172,620.096,1980
262554496306642,94,55,56172,620.096,1980
262554546426068,94,55,56172,623.063,1980
262554596546141,94,55,56172,623.063,1980
262554646659593,95,54,56172,618.939,1980
262554696773853,95,54,56172,618.939,1980
262554746888194,95,54,56172,618.482,1980
262554797008854,95,54,56172,618.482,1980
262554847129527,96,52,56172,614.908,1980
262554900476473,96,52,56172,614.908,1980
262554951606065,96,52,56172,599.789,1980
262555002539514,96,52,56172,599.789,1980
262555053428295,11,11,56172,554.818,1980
262555104361739,11,11,56172,554.818,1980
262555160437157,11,11,56172,512.153,1980
262555210619651,11,5,56172,479.52,1980
262555263289080,11,5,56172,479.52,1980
262555316192882,11,5,56172,452.215,1980
262555368501194,11,5,56172,452.215,1980
262555418663136,56,26,56172,431.177,1980
262555470076177,56,26,56172,431.177,1980
262555520540303,56,26,56172,401.611,1980
262555571869262,56,26,56172,401.611,1980
262555622789985,53,25,56172,379.824,1980
262555683251532,53,25,56172,379.824,1980
262555733408430,53,25,56172,359.803,1980
262555785126181,53,25,56172,359.803,1980
262555835256309,64,31,56172,333.706,1980
262555886087279,64,31,56172,333.706,1980
262555936314187,64,31,56172,327.351,1980
262555986506113,64,31,56172,327.351,1980
262556036658541,85,43,56172,347.463,1980
262556086809090,85,43,56172,347.463,1980
262556136933830,85,43,56172,373.827,1980
262556187066376,85,43,56172,373.827,1980
262556237333061,87,45,56172,378.169,1980
262556287455102,87,45,56172,378.169,1980
262556337602973,87,45,56172,407.43,1980
262556387745831,87,45,56172,407.43,1980
262556437901314,98,50,56172,439.044,1980
262556488066497,98,50,56172,439.044,1980
262556538197298,98,50,56172,467.718,1980
262556588329715,98,50,56172,467.718,1980
262556638475335,97,50,56172,494.011,1980
262556688605290,97,50,56172,494.011,1980
262556738783357,97,50,56172,524.586,1980
262556788961218,97,50,56172,524.586,1980
262556839117688,84,43,56172,540.528,1980
262556889250303,84,43,56172,540.528,1980
262556939384213,84,43,56172,567.847,1980
262556989508276,84,43,56172,567.847,1980
262557039634649,98,54,56172,585.101,1980
262557089765273,98,54,56172,585.101,1980
262557139897029,98,54,56172,603.653,1980
262557190023259,98,54,56172,603.653,1980
262557240144175,94,53,56172,633.89,1980
262557290272289,94,53,56172,633.89,1980
262557340391857,94,53,56172,629.445,1980
262557390514144,94,53,56172,629.445,1980
262557440656964,94,51,56172,623.084,1980
262557490779232,94,51,56172,623.084,1980
262557540903031,94,51,56172,615.327,1980
262557591031929,94,51,56172,615.327,1980
262557641152543,94,54,56172,612.355,1980
262557691274676,94,54,56172,612.355,1980
262557741393755,94,54,56172,608.544,1980
262557791512974,94,54,56172,608.544,1980
262557841636951,94,53,56172,611.168,1980
262557891763978,94,53,56172,611.168,1980
262557941915353,94,53,56172,610.613,1980
262557992051488,94,53,56172,610.613,1980
262558042194168,94,53,56172,609.179,1980
262558092337649,94,53,56172,609.179,1980
262558142490453,94,53,56172,607.653,1980
262558192617985,94,53,56172,607.653,1980
262558242740937,96,54,56172,604.975,1980
262558292867625,96,54,56172,604.975,1980
262558342989233,96,54,56172,606.513,1980
262558393120824,96,54,56172,606.513,1980
262558443246605,98,55,56172,611.336,1980
262558493379604,98,55,56172,611.336,1980
262558543505644,98,55,56172,612.149,1980
262558593641765,98,55,56172,612.149,1980
262558648896200,94,53,56172,610.74,1980
262558699875281,94,53,56172,610.74,1980
262558750934092,94,53,56172,575.75,1980
262558801766748,94,53,56172,575.75,1980
262558852496933,2,1,56172,533.368,1980
262558905928106,2,1,56172,533.368,1980
262558958524064,2,1,56172,489.078,1980
262559011862968,27,13,56172,466.028,1980
262559061981367,27,13,56172,466.028,1980
262559114441990,27,13,56172,443.82,1980
262559167436258,27,13,56172,443.82,1980
262559217751344,56,27,56172,420.187,1980
262559270744986,56,27,56172,420.187,1980
262559320872184,56,27,56172,397.429,1980
262559373276676,56,27,56172,397.429,1980
262559426036661,56,27,56172,371.643,1980
262559477813720,56,27,56172,371.643,1980
262559529499720,56,27,56172,355.538,1980
262559579640526,56,27,56172,355.538,1980
262559631894584,59,29,56172,324.943,1980
262559683604440,59,29,56172,324.943,1980
262559734984512,59,29,56172,331.732,1980
262559785705308,59,29,56172,331.732,1980
262559836736646,65,33,56172,356.519,1980
262559887330871,65,33,56172,356.519,1980
262559937768330,65,33,56172,378.669,1980
262559988049513,65,33,56172,378.669,1980
262560039538643,99,52,56172,379.522,1980
262560089659676,99,52,56172,379.522,1980
262560139775939,99,52,56172,380.932,1980
262560189891553,99,52,56172,380.932,1980
262560240013220,97,48,56172,415.322,1980
262560290135002,97,48,56172,415.322,1980
262560340265227,97,48,56172,445.475,1980
262560390387646,97,48,56172,445.475,1980
262560440513200,97,49,56172,474.099,1980
262560490642765,97,49,56172,474.099,1980
262560540766229,97,49,56172,502.182,1980
262560590892497,97,49,56172,502.182,1980
262560641032607,97,49,56172,530.769,1980
262560691157755,97,49,56172,530.769,1980
262560741280547,97,49,56172,556.315,1980
262560791402482,97,49,56172,556.315,1980
262560841522799,94,51,56172,575.385,1980
262560891640189,94,51,56172,575.385,1980
262560941761960,94,51,56172,602.855,1980
262560991901381,94,51,56172,602.855,1980
262561042034801,95,54,56172,630.132,1980
262561092827520,95,54,56172,630.132,1980
262561142945118,95,54,56172,648.36,1980
262561193063382,95,54,56172,648.36,1980
262561243175720,94,53,56172,640.622,1980
262561293288358,94,53,56172,640.622,1980
262561343409694,94,53,56172,631.54,1980
262561393524787,94,53,56172,631.54,1980
262561443634333,95,54,56172,623.005,1980
262561493749154,95,54,56172,623.005,1980
262561543861563,95,54,56172,613.187,1980
262561593977219,95,54,56172,613.187,1980
262561644093028,96,53,56172,604.268,1980
262561694215039,96,53,56172,604.268,1980
262561744327776,96,53,56172,605.499,1980
262561794439169,96,53,56172,605.499,1980
262561844549614,94,53,56172,603.799,1980
262561894661536,94,53,56172,603.799,1980
262561944787724,94,53,56172,600.298,1980
262561994903238,94,53,56172,600.298,1980
262562046122057,96,52,56172,598.139,1980
262562096234124,96,52,56172,598.139,1980
262562146349151,96,52,56172,601.185,1980
262562196459839,96,52,56172,601.185,1980
262562246572314,98,55,56172,604.072,1980
262562296684883,98,55,56172,604.072,1980
262562346802014,98,55,56172,605.596,1980
262562396911905,98,55,56172,605.596,1980
262562447025277,94,53,56172,610.824,1980
262562497133474,94,53,56172,610.824,1980
262562547241541,94,53,56172,619.387,1980
262562598588662,94,53,56172,619.387,1980
262562649562225,91,62,56172,597.11,1980
262562700578211,91,62,56172,597.11,1980
262562751306747,91,62,56172,552.526,1980
262562802309913,91,62,56172,552.526,1980
262562853507106,2,2,56172,509.554,1980
262562906415271,2,2,56172,509.554,1980
262562959235174,2,2,56172,481.044,1980
262563009385751,55,26,56172,458.179,1980
262563061127250,55,26,56172,458.179,1980
262563112120844,55,26,56172,425.931,1980
262563163230099,55,26,56172,425.931,1980
262563215455713,57,27,56172,405.582,1980
262563267394635,57,27,56172,405.582,1980
262563317537254,57,27,56172,380.553,1980
262563367721456,57,27,56172,380.553,1980
262563417858664,60,29,56172,361.162,1980
262563469370730,60,29,56172,361.162,1980
262563521292977,60,29,56172,334.202,1980
262563572190831,60,29,56172,334.202,1980
262563622367184,69,34,56172,330.753,1980
262563673064568,69,34,56172,330.753,1980
262563723266733,69,34,56172,349.521,1980
262563773426721,69,34,56172,349.521,1980
262563823772483,84,43,56172,378.287,1980
262563890649413,84,43,56172,378.287,1980
262563942736826,84,43,56172,380.147,1980
262563992873493,84,43,56172,380.147,1980
262564042999662,53,27,56172,401.207,1980
262564093129948,53,27,56172,401.207,1980
262564143249886,53,27,56172,430.431,1980
262564193366809,53,27,56172,430.431,1980
262564243486076,97,48,56172,460.117,1980
262564293610812,97,48,56172,460.117,1980
262564343733668,97,48,56172,485.662,1980
262564393849374,97,48,56172,485.662,1980
262564443978758,97,48,56172,512.344,1980
262564495274025,97,48,56172,512.344,1980
262564545401444,97,48,56172,535.787,1980
262564595529567,97,48,56172,535.787,1980
262564645654761,84,44,56172,556.932,1980
262564695781915,84,44,56172,556.932,1980
262564745911609,84,44,56172,577.192,1980
262564796051702,84,44,56172,577.192,1980
262564846179261,95,54,56172,592.317,1980
262564896297131,95,54,56172,592.317,1980
262564946411990,95,54,56172,622.467,1980
262564996545786,95,54,56172,622.467,1980
262565046676777,94,53,56172,626.695,1980
262565097141396,94,53,56172,626.695,1980
262565147265692,94,53,56172,621.856,1980
262565197387290,94,53,56172,621.856,1980
262565247511829,94,53,56172,615.258,1980
262565297639095,94,53,56172,615.258,1980
262565347765086,94,53,56172,610.062,1980
262565397881865,94,53,56172,610.062,1980
262565448007753,94,54,56172,604.685,1980
262565498127604,94,54,56172,604.685,1980
262565548251089,94,54,56172,604.877,1980
262565598389231,94,54,56172,604.877,1980
262565648504009,94,53,56172,601.202,1980
262565698629258,94,53,56172,601.202,1980
262565748752512,94,53,56172,603.731,1980
262565798873514,94,53,56172,603.731,1980
262565849015318,94,53,56172,605.951,1980
262565899138953,94,53,56172,605.951,1980
262565950333474,94,53,56172,605.69,1980
262566000453665,94,53,56172,605.69,1980
262566050581712,94,54,56172,606.388,1980
262566100703466,94,54,56172,606.388,1980
262566150829091,94,54,56172,604.585,1980
262566200954384,94,54,56172,604.585,1980
262566251112248,94,53,56172,604.718,1980
262566301228768,94,53,56172,604.718,1980
262566351349082,94,53,56172,608.644,1980
262566401471975,94,53,56172,608.644,1980
262566451603268,94,52,56172,608.605,1980
262566506137108,94,52,56172,608.605,1980
262566556822039,94,52,56172,588.808,1980
262566607653294,94,52,56172,588.808,1980
262566658504820,9,9,56172,546.05,1980
262566709434465,9,9,56172,546.05,1980
262566759580971,9,9,56172,500.751,1980
262566812355156,9,9,56172,471.465,1980
262566866081252,2,2,56172,471.465,1980
262566916233224,2,2,56172,450.134,1980
262566968597023,2,2,56172,450.134,1980
262567019617403,55,26,56172,423.506,1980
262567069917482,55,26,56172,423.506,1980
262567122370155,55,26,56172,399.888,1980
262567175227873,55,26,56172,399.888,1980
262567227171158,57,27,56172,379.131,1980
262567277488953,57,27,56172,379.131,1980
262567330137833,57,27,56172,359.469,1980
262567380369443,57,27,56172,359.469,1980
262567431439004,60,29,56172,336.285,1980
262567483077033,60,29,56172,336.285,1980
262567535512126,60,29,56172,325.148,1980
262567587165417,60,29,56172,325.148,1980
262567637686753,70,36,56172,349.306,1980
262567687811605,70,36,56172,349.306,1980
262567737967590,70,36,56172,368.25,1980
262567788145418,70,36,56172,368.25,1980
262567840088242,98,51,56172,382.658,1980
262567890214697,98,51,56172,382.658,1980
262567940359674,98,51,56172,381.315,1980
262567990608429,98,51,56172,381.315,1980
262568040724709,91,45,56172,408.145,1980
262568090838856,91,45,56172,408.145,1980
262568140962506,91,45,56172,440.345,1980
262568191075196,91,45,56172,440.345,1980
262568241182882,98,49,56172,467.439,1980
262568292848345,98,49,56172,467.439,1980
262568342958637,98,49,56172,496.725,1980
262568393082843,98,49,56172,496.725,1980
262568443198886,98,49,56172,527.35,1980
262568493309455,98,49,56172,527.35,1980
262568543452720,98,49,56172,549.568,1980
262568593587811,98,49,56172,549.568,1980
262568643709160,84,44,56172,568.92,1980
262568693819681,84,44,56172,568.92,1980
262568743942906,84,44,56172,591.409,1980
262568794057951,84,44,56172,591.409,1980
262568844172454,94,53,56172,613.437,1980
262568894290189,94,53,56172,613.437,1980
262568944398921,94,53,56172,641.197,1980
262568994509001,94,53,56172,641.197,1980
262569044637378,98,55,56172,638.745,1980
262569094767904,98,55,56172,638.745,1980
262569144880537,98,55,56172,631.095,1980
262569194984945,98,55,56172,631.095,1980
262569245100015,94,53,56172,628.845,1980
262569295209044,94,53,56172,628.845,1980
262569345329877,94,53,56172,624.218,1980
262569395438722,94,53,56172,624.218,1980
262569445549675,96,52,56172,616.409,1980
262569495661467,96,52,56172,616.409,1980
262569545774605,96,52,56172,617.49,1980
262569595886010,96,52,56172,617.49,1980
262569646005343,95,53,56172,617.777,1980
262569696114870,95,53,56172,617.777,1980
262569746225687,95,53,56172,618.841,1980
262569796342444,95,53,56172,618.841,1980
262569846458369,94,53,56172,619.45,1980
262569896570503,94,53,56172,619.45,1980
262569946683326,94,53,56172,621.345,1980
262569996811516,94,53,56172,621.345,1980
262570046939742,98,56,56172,619.703,1980
262570097080103,98,56,56172,619.703,1980
262570147211406,98,56,56172,621.634,1980
262570197340998,98,56,56172,621.634,1980
262570247468567,94,53,56172,621.227,1980
262570297590509,94,53,56172,621.227,1980
262570347715656,94,53,56172,620.064,1980
262570397837600,94,53,56172,620.064,1980
262570447961362,96,52,56172,621.195,1980
262570502526599,96,52,56172,621.195,1980
262570553453178,96,52,56172,611.555,1980
262570604411212,96,52,56172,611.555,1980
262570655352748,25,25,56172,567.797,1980
262570706014398,25,25,56172,567.797,1980
262570757609880,25,25,56172,522.871,1980
262570807784022,25,25,56172,522.871,1980
262570860260935,5,3,56172,485.901,1980
262570912713960,5,3,56172,461.94,1980
262570965391695,5,3,56172,461.94,1980
262571015550878,56,26,56172,438.295,1980
262571067433323,56,26,56172,438.295,1980
262571120438150,56,26,56172,416.047,1980
262571172764099,56,26,56172,416.047,1980
262571225191017,56,27,56172,392.672,1980
262571277705410,56,27,56172,392.672,1980
262571328923427,56,27,56172,371.025,1980
262571381730787,56,27,56172,371.025,1980
262571432431213,61,29,56172,342.537,1980
262571483819844,61,29,56172,342.537,1980
262571533948107,61,29,56172,331.324,1980
262571584088855,61,29,56172,331.324,1980
262571634453399,75,39,56172,353.151,1980
262571685363275,75,39,56172,353.151,1980
262571735504360,75,39,56172,376.002,1980
262571805335316,75,39,56172,376.002,1980
262571860526195,99,52,56172,383.989,1980
262571910643941,99,52,56172,383.989,1980
262571960784658,99,52,56172,396.245,1980
262572010908409,99,52,56172,396.245,1980
262572061020572,97,51,56172,427.326,1980
262572111130127,97,51,56172,427.326,1980
262572161247348,97,51,56172,456.776,1980
262572211360176,97,51,56172,456.776,1980
262572261471262,98,50,56172,483.473,1980
262572311583299,98,50,56172,483.473,1980
262572361760852,98,50,56172,512.619,1980
262572411888393,98,50,56172,512.619,1980
262572462021172,98,50,56172,537.203,1980
262572512168053,98,50,56172,537.203,1980
262572562316850,98,50,56172,558.112,1980
262572612450008,98,50,56172,558.112,1980
262572662583749,94,52,56172,575.46,1980
262572712716948,94,52,56172,575.46,1980
262572762839195,94,52,56172,594.278,1980
262572812979388,94,52,56172,594.278,1980
262572863109418,93,53,56172,612.799,1980
262572913239818,93,53,56172,612.799,1980
262572963363573,93,53,56172,634.427,1980
262573013485295,93,53,56172,634.427,1980
262573063617148,96,53,56172,626.883,1980
262573113751647,96,53,56172,626.883,1980
262573164190799,96,53,56172,620.515,1980
262573214314283,98,55,56172,612.513,1980
262573264438546,98,55,56172,612.513,1980
262573314563750,98,55,56172,607.935,1980
262573364690662,98,55,56172,607.935,1980
262573414816264,94,54,56172,604.383,1980
262573464934879,94,54,56172,604.383,1980
262573515061961,94,54,56172,606.866,1980
262573565186705,94,54,56172,606.866,1980
262573615317205,96,55,56172,605.087,1980
262573665449609,96,55,56172,605.087,1980
262573715575276,96,55,56172,607.698,1980
262573765701371,96,55,56172,607.698,1980
262573815831109,94,54,56172,608.256,1980
262573865960806,94,54,56172,608.256,1980
262573916095502,94,54,56172,608.022,1980
262573966220974,94,54,56172,608.022,1980
262574016344105,94,54,56172,609.018,1980
262574066462314,94,54,56172,609.018,1980
262574116588443,94,54,56172,608.738,1980
262574166719422,94,54,56172,608.738,1980
262574216842179,97,56,56172,605.866,1980
262574266970098,97,56,56172,605.866,1980
262574317095344,97,56,56172,605.805,1980
262574367220943,97,56,56172,605.805,1980
262574417341325,94,54,56172,606.253,1980
262574471963040,94,54,56172,606.253,1980
262574523142646,94,54,56172,574.641,1980
262574573806744,94,54,56172,574.641,1980
262574624837641,2,1,56172,532.907,1980
262574675514465,2,1,56172,532.907,1980
262574729175843,2,1,56172,489.454,1980
262574782213014,2,1,56172,489.454,1980
262574834667041,24,11,56172,464.034,1980
262574884821092,24,11,56172,464.034,1980
262574936437762,24,11,56172,443.236,1980
262574989091439,24,11,56172,443.236,1980
262575041799588,56,26,56172,415.942,1980
262575091982205,56,26,56172,415.942,1980
262575142958616,56,26,56172,398.696,1980
262575193076279,56,26,56172,398.696,1980
262575244928723,58,27,56172,377.031,1980
262575297143422,58,27,56172,377.031,1980
262575347312229,58,27,56172,354.635,1980
262575397447067,58,27,56172,354.635,1980
262575447582380,66,32,56172,328.503,1980
262575497817139,66,32,56172,328.503,1980
262575548904551,66,32,56172,339.575,1980
262575599051981,66,32,56172,339.575,1980
262575649402391,86,43,56172,359.438,1980
262575699564323,86,43,56172,359.438,1980
262575758301206,86,43,56172,387.73,1980
262575808421342,86,43,56172,387.73,1980
262575858554230,73,38,56172,384.425,1980
262575908683892,73,38,56172,384.425,1980
262575958801049,73,38,56172,414.261,1980
262576008918919,73,38,56172,414.261,1980
262576059042943,98,50,56172,442.075,1980
262576109158852,98,50,56172,442.075,1980
262576159279834,98,50,56172,468.996,1980
262576209396186,98,50,56172,468.996,1980
262576259513106,98,50,56172,492.78,1980
262576309627559,98,50,56172,492.78,1980
262576359746916,98,50,56172,521.093,1980
262576409880531,98,50,56172,521.093,1980
262576459999795,96,49,56172,542.482,1980
262576510121656,96,49,56172,542.482,1980
262576560237401,96,49,56172,566.942,1980
262576610369315,96,49,56172,566.942,1980
262576660489074,94,52,56172,587.914,1980
262576710608583,94,52,56172,587.914,1980
262576760722864,94,52,56172,604.852,1980
262576810837328,94,52,56172,604.852,1980
262576860956620,96,52,56172,637.628,1980
262576911077528,96,52,56172,637.628,1980
262576961395772,96,52,56172,635.353,1980
262577011519497,96,52,56172,635.353,1980
262577061636425,98,55,56172,631.429,1980
262577111755032,98,55,56172,631.429,1980
262577161874385,98,55,56172,626.299,1980
262577211994400,98,55,56172,626.299,1980
262577262117240,94,53,56172,623.839,1980
262577312235032,94,53,56172,623.839,1980
262577362352608,94,53,56172,621.345,1980
262577412472076,94,53,56172,621.345,1980
262577462590413,96,52,56172,624.189,1980
262577512726223,96,52,56172,624.189,1980
262577562847600,96,52,56172,625.165,1980
262577612959259,96,52,56172,625.165,1980
262577663072168,98,55,56172,625.219,1980
262577713197055,98,55,56172,625.219,1980
262577763311937,98,55,56172,624.56,1980
262577813429499,98,55,56172,624.56,1980
262577863588970,94,53,56172,625.504,1980
262577913703316,94,53,56172,625.504,1980
262577963815921,94,53,56172,626.586,1980
262578013924836,94,53,56172,626.586,1980
262578064076510,96,52,56172,625.696,1980
262578114188535,96,52,56172,625.696,1980
262578164300341,96,52,56172,625.466,1980
262578214412487,96,52,56172,625.466,1980
262578264523203,97,53,56172,622.209,1980
262578314633696,97,53,56172,622.209,1980
262578365011760,97,53,56172,619.414,1980
262578415862504,97,53,56172,619.414,1980
262578467357992,63,46,56172,584.27,1980
262578518031210,63,46,56172,538.809,1980
262578568897638,63,46,56172,538.809,1980
262578624460012,2,2,56172,493.443,1980
262578677588325,2,2,56172,493.443,1980
262578730271335,2,2,56172,471.142,1980
262578782949240,2,2,56172,471.142,1980
262578833080200,56,26,56172,449.459,1980
262578884520300,56,26,56172,449.459,1980
262578937048692,56,26,56172,419.998,1980
262578987205521,56,26,56172,419.998,1980
262579038711772,56,27,56172,396.96,1980
262579088874570,56,27,56172,396.96,1980
262579139508827,56,27,56172,373.094,1980
262579189661257,56,27,56172,373.094,1980
262579241006892,65,32,56172,350.992,1980
262579291909801,65,32,56172,350.992,1980
262579342858206,65,32,56172,331.297,1980
262579393882422,65,32,56172,331.297,1980
262579444030317,83,42,56172,343.842,1980
262579494290366,83,42,56172,343.842,1980
262579544453751,83,42,56172,364.209,1980
262579594627247,83,42,56172,364.209,1980
262579644757696,100,53,56172,373.545,1980
262579694900151,100,53,56172,373.545,1980
262579745030003,100,53,56172,399.925,1980
262579795150946,100,53,56172,399.925,1980
262579845281142,97,48,56172,426.542,1980
262579895402974,97,48,56172,426.542,1980
262579945522975,97,48,56172,462.271,1980
262579995646034,97,48,56172,462.271,1980
262580045765523,98,49,56172,489.07,1980
262580095885410,98,49,56172,489.07,1980
262580146039207,98,49,56172,519.263,1980
262580196157258,98,49,56172,519.263,1980
262580246281421,98,48,56172,538.358,1980
262580296414123,98,48,56172,538.358,1980
262580346534806,98,48,56172,562.859,1980
262580396656939,98,48,56172,562.859,1980
262580446774337,94,52,56172,581.41,1980
262580496892704,94,52,56172,581.41,1980
262580547016754,94,52,56172,599.003,1980
262580597139433,94,52,56172,599.003,1980
262580647259421,96,52,56172,630.828,1980
262580697381544,96,52,56172,630.828,1980
262580747500520,96,52,56172,628.032,1980
262580797622088,96,52,56172,628.032,1980
262580847748056,98,56,56172,620.212,1980
262580897863371,98,56,56172,620.212,1980
262580947983827,98,56,56172,610.403,1980
262580998102294,98,56,56172,610.403,1980
262581048244396,94,53,56172,600.954,1980
262581098400481,94,53,56172,600.954,1980
262581148538331,94,53,56172,591.982,1980
262581198654163,94,53,56172,591.982,1980
262581248821806,94,53,56172,594.736,1980
262581298942198,94,53,56172,594.736,1980
262581349062814,94,53,56172,594.541,1980
262581399181826,94,53,56172,594.541,1980
262581449315767,94,54,56172,601.844,1980
262581499472067,94,54,56172,601.844,1980
262581549610165,94,54,56172,608.247,1980
262581599738133,94,54,56172,608.247,1980
262581649858155,95,53,56172,604.292,1980
262581699970661,95,53,56172,604.292,1980
262581750093831,95,53,56172,601.072,1980
262581800216179,95,53,56172,601.072,1980
262581850332924,95,53,56172,602.133,1980
262581900445449,95,53,56172,602.133,1980
262581950563748,95,53,56172,611.677,1980
262582000682634,95,53,56172,611.677,1980
262582050807728,97,53,56172,612.669,1980
