t_ns,util_gpu_pct,util_mem_pct,mem_used_mib,power_w,sm_clock_mhz
266383508466237,0,0,962,118.968,1980
266383560919323,0,0,962,124.108,1980
266383611383261,0,0,6852,124.108,1980
266383665630232,0,0,6852,128.95,1980
266383715868553,0,0,6852,128.95,1980
266383766091230,1,0,6852,133.309,1980
266383816221782,1,0,6852,133.309,1980
266383866351688,1,0,6852,138.84,1980
266383916506124,1,0,6852,138.84,1980
266383966691877,18,0,6852,143.748,1980
266384016885937,18,0,6852,143.748,1980
266384067104509,18,0,6852,148.468,1980
266384117320695,18,0,6852,148.468,1980
266384169234321,14,0,6852,152.145,1980
266384219468476,14,0,6852,152.145,1980
266384270347615,14,0,6852,154.783,1980
266384324464533,14,0,6852,154.783,1980
266384374677941,12,0,6852,154.604,1980
266384432110441,12,0,6852,154.604,1980
266384482361285,12,0,6852,154.704,1980
266384532609559,12,0,6852,154.704,1980
266384582856854,13,0,6852,154.806,1980
266384633113902,13,0,6852,154.806,1980
266384707689631,13,0,6872,154.943,1980
266384851449486,10,0,6872,154.816,1980
266385012402094,0,0,6872,154.761,1980
266385062646858,0,0,6872,154.659,1980
266385112928480,0,0,6872,154.659,1980
266385163059959,0,0,6872,154.557,1980
266385215007200,0,0,6872,154.557,1980
266385266975202,0,0,6872,154.481,1980
266385376706582,0,0,6872,154.385,1980
266385536344653,0,0,6872,154.283,1980
266385674173446,0,0,6872,154.119,1980
266385760269255,0,0,6872,154.076,1980
266385825563321,0,0,6872,154.076,1980
266385890858397,0,0,6872,154.086,1980
266385951102210,0,0,6872,154.102,1980
266386021457539,0,0,6872,154.102,1980
266386086748226,0,0,6872,154.114,1980
266386152045994,0,0,6872,154.118,1980
266386517525267,0,0,6872,154.089,1980
266386597524324,0,0,6872,154.105,1980
266386667890536,0,0,6872,154.106,1980
266386738267760,0,0,6872,154.106,1980
266386808616002,0,0,6872,154.118,1980
266386873920619,0,0,6872,154.116,1980
266386939219855,0,0,6872,154.116,1980
266387071673960,0,0,6872,154.118,1980
266387472384120,0,0,6872,154.173,1980
266387524426991,0,0,6872,154.173,1980
266387574542082,0,0,6872,154.172,1980
266387624812795,0,0,6872,154.172,1980
266387680004323,0,0,6872,154.181,1980
266387730118387,0,0,6872,154.181,1980
266387780226344,0,0,6872,154.183,1980
266387832826799,0,0,6872,154.183,1980
266387882990128,0,0,6872,154.184,1980
266387933106671,0,0,6872,154.184,1980
266387983240621,0,0,6872,154.178,1980
266388033527320,0,0,6872,154.178,1980
266388084620226,0,0,6872,154.178,1980
266388134758022,0,0,6872,154.178,1980
266388184991464,0,0,6872,154.197,1980
266388235109730,0,0,6872,154.197,1980
266388287669165,0,0,6872,154.212,1980
266388337789542,0,0,6872,154.212,1980
266388387901619,0,0,6872,154.2,1980
266388438017279,0,0,6872,154.2,1980
266388488125645,0,0,6872,154.177,1980
266388539342908,0,0,6872,154.177,1980
266388589522882,0,0,6872,154.186,1980
266388639636185,0,0,6872,154.186,1980
266388689814780,0,0,6872,154.183,1980
266388740753175,0,0,6872,154.183,1980
266388793114667,0,0,6872,154.173,1980
266388843277814,0,0,6872,154.173,1980
266389261433413,0,0,6872,154.194,1980
266389311928046,0,0,7036,154.194,1980
266389643761128,0,0,7036,154.272,1980
266389693905011,0,0,7504,154.29,1980
266389744029564,0,0,7520,154.29,1980
266389794147155,0,0,7520,154.306,1980
266389844272260,0,0,7520,154.306,1980
266389894387234,0,0,7520,154.313,1980
266389944512333,0,0,7520,154.313,1980
266389994633391,0,0,7520,154.338,1980
266390044754547,0,0,7520,154.338,1980
266390096095335,0,0,7520,154.359,1980
266390158458544,0,0,7520,154.369,1980
266390208772041,0,0,7520,154.369,1980
266390258897319,0,0,7520,154.369,1980
266390309618461,0,0,7520,154.369,1980
266390360069637,0,0,7520,154.334,1980
266390411015624,0,0,7520,154.334,1980
266390461139243,0,0,7520,154.346,1980
266390511431174,0,0,7520,154.346,1980
266390561768864,0,0,7520,154.365,1980
266390612339147,0,0,7520,154.365,1980
266390662458405,0,0,7520,154.353,1980
266390712624195,0,0,7520,154.353,1980
266390762747540,0,0,7520,154.361,1980
266390812886811,0,0,7520,154.361,1980
266390863044842,0,0,7520,154.364,1980
266390913176322,0,0,7520,154.364,1980
266390966931324,0,0,7520,154.361,1980
266391017213434,0,0,7868,154.361,1980
266391067591021,0,0,9850,154.356,1980
266391117718780,0,0,10136,154.356,1980
266391167869924,1,0,10136,154.364,1980
266391219305519,1,0,10582,154.364,1980
266391269425491,1,0,10582,154.378,1980
266391319537568,1,0,10582,154.378,1980
266391369677747,0,0,10582,154.384,1980
266391419797597,0,0,10582,154.384,1980
266391469915593,0,0,10582,154.368,1980
266391520045001,0,0,10582,154.368,1980
266391570154980,2,0,10582,154.456,1980
266391620267487,2,0,10582,154.456,1980
266391670380380,2,0,10582,154.573,1980
266391720491782,2,0,10582,154.573,1980
266391770604572,14,0,10582,154.665,1980
266391820746601,14,0,10582,154.665,1980
266391870866214,14,0,10582,154.76,1980
266391921044887,14,0,10582,154.76,1980
266392050651363,12,0,10582,154.886,1980
266392380344684,0,0,10582,154.888,1980
266392703151153,1,0,10116,154.694,1980
266393038588749,0,0,10156,154.387,1980
266393088726025,0,0,10156,154.339,1980
266393138844297,0,0,10156,154.339,1980
266393188952061,0,0,10156,154.35,1980
266393239065045,0,0,10156,154.35,1980
266393289172140,0,0,10156,154.347,1980
266393339276582,0,0,10156,154.347,1980
266393389379893,0,0,10156,154.345,1980
266393439484625,0,0,10156,154.345,1980
266393489591141,0,0,10156,154.321,1980
266393539737434,0,0,10156,154.321,1980
266393589845798,0,0,10156,154.338,1980
266393639957800,0,0,10156,154.338,1980
266393690066365,0,0,10156,154.366,1980
266393740175576,0,0,10156,154.366,1980
266393790281082,0,0,10156,154.391,1980
266393840387389,0,0,10156,154.391,1980
266393890506778,0,0,10156,154.398,1980
266393940624652,0,0,10156,154.398,1980
266393990737312,0,0,10156,154.405,1980
266394040843852,0,0,10156,154.405,1980
266394090950087,0,0,10156,154.415,1980
266394141056115,0,0,10156,154.415,1980
266394191161801,0,0,10156,154.428,1980
266394241269146,0,0,10156,154.428,1980
266394291374733,0,0,10156,154.444,1980
266394341483184,0,0,10156,154.444,1980
266394391590801,0,0,10156,154.441,1980
266394441701375,0,0,10156,154.441,1980
266394491807215,0,0,10156,154.45,1980
266394541911602,0,0,10156,154.45,1980
266394592042169,0,0,10156,154.444,1980
266394642164723,0,0,10156,154.444,1980
266394692271020,0,0,10156,154.427,1980
266394742374910,0,0,10156,154.427,1980
266394792488976,0,0,10156,154.42,1980
266394842594985,0,0,10156,154.42,1980
266394892706892,0,0,10156,154.433,1980
266394942831030,0,0,10156,154.433,1980
266394992938074,0,0,10156,154.436,1980
266395043045476,0,0,10156,154.436,1980
266395093152217,0,0,10156,154.443,1980
266395143258845,0,0,10156,154.443,1980
266395193363357,0,0,10156,154.436,1980
266395243470140,0,0,10156,154.436,1980
266395293578393,0,0,10156,154.43,1980
266395343687174,0,0,10156,154.43,1980
266395393792914,0,0,10156,154.423,1980
266395443899813,0,0,10156,154.423,1980
266395494022073,0,0,10156,154.414,1980
266395544128430,0,0,10156,154.414,1980
266395594240765,0,0,10156,154.443,1980
266395644356561,0,0,10156,154.443,1980
266395709691533,0,0,10156,154.45,1980
266395771259210,0,0,10156,154.447,1980
266395832922516,0,0,10156,154.447,1980
266395884470156,0,0,10156,154.443,1980
266395934671891,0,0,10156,154.443,1980
266395984870983,0,0,10282,154.431,1980
266396035217786,0,0,10294,154.431,1980
266396085349906,0,0,10574,154.42,1980
266397006781739,0,0,10574,165.736,1980
266397444230169,0,0,10254,155.914,1980
266397884381660,0,0,10282,155.885,1980
266397934568204,0,0,10342,155.885,1980
266397984715897,0,0,10344,156.267,1980
266398034941437,0,0,10348,156.267,1980
266398085100378,0,0,10352,157.986,1980
266398135217137,0,0,10374,157.986,1980
266398185381135,11,3,10376,159.278,1980
266398235527914,11,3,10378,159.278,1980
266398285685975,11,3,10378,160.293,1980
266398335851821,11,3,10384,160.293,1980
266398386045441,9,3,10392,161.523,1980
266398436294602,9,3,10398,161.523,1980
266398486530849,9,3,10400,162.862,1980
266398536760278,9,3,10404,162.862,1980
266398586910989,9,3,10388,163.842,1980
266398637099717,9,3,10394,163.842,1980
266398687223656,9,3,10398,164.673,1980
266398737373478,9,3,10404,164.673,1980
266399147143971,1,0,10406,164.592,1980
266399523133210,0,0,10406,160.043,1980
266399575708085,0,0,18718,160.112,1980
266399626472181,0,0,18718,160.112,1980
266399676753498,0,0,18718,159.088,1980
266399726877201,0,0,18718,159.088,1980
266399776995210,0,0,18718,158.112,1980
266399827115411,0,0,18718,158.112,1980
266399877235174,0,0,18718,157.063,1980
266399927350651,0,0,18718,157.063,1980
266399977569340,0,0,18718,157.082,1980
266400027685429,0,0,18718,157.082,1980
266400077802025,0,0,18718,157.035,1980
266400127919221,0,0,18718,157.035,1980
266400178055277,0,0,18718,157.011,1980
266400228169330,0,0,18718,157.011,1980
266400278279692,0,0,18718,157.004,1980
266400329596994,0,0,18718,157.004,1980
266400379719139,0,0,18718,156.995,1980
266400432054286,0,0,18718,156.995,1980
266400482171229,0,0,18718,157.026,1980
266400533657347,0,0,18718,157.026,1980
266400583781347,0,0,19038,157.023,1980
266400633898977,0,0,19038,157.023,1980
266400684016752,0,0,19038,164.764,1980
266400734131841,0,0,19040,164.764,1980
266400784241830,18,9,19040,165.652,1980
266400834357252,18,9,19040,165.652,1980
266400884473943,18,9,19042,165.998,1980
266400934585154,18,9,19042,165.998,1980
266400984695101,2,0,19042,166.535,1980
266401034809347,2,0,19042,166.535,1980
266401084923298,2,0,19042,167.794,1980
266401475439287,0,0,19042,168.736,1980
266401525602817,0,0,18874,168.736,1980
266401575744799,0,0,18848,170.835,1980
266401625924639,0,0,18848,170.835,1980
266401676061303,0,0,18866,163.569,1980
266401726197923,0,0,18848,163.569,1980
266401776340624,11,3,18864,163.937,1980
266401826505892,11,3,18848,163.937,1980
266401876621196,11,3,18848,164.447,1980
266401926735935,11,3,18868,164.447,1980
266401976892941,11,3,18848,165.139,1980
266402027045266,11,3,18848,165.139,1980
266402077285431,11,3,18868,165.108,1980
266402127402151,11,3,18868,165.108,1980
266402177564955,12,4,18848,165.886,1980
266402227682127,12,4,18848,165.886,1980
266402277824590,12,4,18870,166.68,1980
266402327961504,12,4,18852,166.68,1980
266402378078578,11,4,18874,168.24,1980
266402428236344,11,4,18856,168.24,1980
266402805363121,0,0,18858,164.906,1980
266402856623275,0,0,18858,164.202,1980
266402908177561,0,0,18858,164.202,1980
266402973650378,0,0,18858,163.153,1980
266403023768892,0,0,18858,163.153,1980
266403073939528,0,0,18858,162.264,1980
266403124054989,0,0,18858,162.264,1980
266403174167868,0,0,18858,161.457,1980
266403224289230,0,0,18858,161.457,1980
266403274400175,0,0,18858,160.184,1980
266403324513601,0,0,18858,160.184,1980
266403374631103,0,0,18858,159.041,1980
266403424741304,0,0,18858,159.041,1980
266403474861747,0,0,18858,157.989,1980
266403524996098,0,0,18858,157.989,1980
266403575111164,0,0,18858,157.668,1980
266403625242679,0,0,18858,157.668,1980
266403680054136,0,0,18858,157.668,1980
266403730226917,0,0,18858,157.668,1980
266403780344164,0,0,18858,157.66,1980
266403830458334,0,0,18858,157.66,1980
266403880649331,0,0,18858,157.648,1980
266403930760803,0,0,18858,157.648,1980
266403991016463,0,0,18858,157.648,1980
266404424946167,0,0,18858,157.664,1980
266404475248870,0,0,18858,157.655,1980
266404525432567,0,0,18858,157.655,1980
266404633660699,0,0,18858,157.651,1980
266404777280942,0,0,18858,157.645,1980
266404828088856,0,0,18858,157.645,1980
266404878796059,0,0,18858,157.736,1980
266404929303613,0,0,18858,157.736,1980
266404980343603,1,1,18858,158.212,1980
266405031304851,1,1,18858,158.212,1980
266405081421228,1,1,18858,158.669,1980
266405267380517,1,1,18894,163.991,1980
266405317704058,1,1,18894,163.991,1980
266405369113269,0,0,18894,177.935,1980
266405419233941,0,0,18894,177.935,1980
266405470809748,0,0,18894,197.444,1980
266405521775591,0,0,18894,197.444,1980
266405571918501,74,36,18894,218.456,1980
266405623190191,74,36,18894,218.456,1980
266405674282062,74,36,18894,237.014,1980
266405725453932,74,36,18894,237.014,1980
266405775820213,80,39,18894,262.005,1980
266405826084429,80,39,18894,262.005,1980
266405876304056,80,39,18894,284.693,1980
266405926767044,80,39,18894,284.693,1980
266405978251211,88,42,18894,303.179,1980
266406028408765,88,42,18894,303.179,1980
266406079838206,88,42,18894,332.543,1980
266406129963167,88,42,18894,332.543,1980
266406180080795,97,49,18894,329.567,1980
266406230209575,97,49,19674,329.567,1980
266406280436302,97,49,23894,342.92,1980
266406330566460,97,49,25086,342.92,1980
266406380673958,36,18,25086,368.753,1980
266406430783361,36,18,25086,368.753,1980
266406480946105,36,18,25086,394.338,1980
266406531075466,36,18,25086,394.338,1980
266406581192591,98,50,25086,413.08,1980
266406631339107,98,50,27642,413.08,1980
266406681455058,98,50,34420,407.865,1980
266406731566933,98,50,36864,407.865,1980
266406781673602,40,18,36864,405.223,1980
266406832245025,40,18,40498,405.223,1980
266406882367434,40,18,42878,423.447,1980
266406932485639,40,18,42878,423.447,1980
266406982593895,92,50,42878,445.262,1980
266407032701164,92,50,42878,445.262,1980
266407082814451,92,50,42878,459.038,1980
266407132922958,92,50,42878,459.038,1980
266407183046321,97,53,42878,497.922,1980
266407233157748,97,53,42878,497.922,1980
266407283283111,97,53,42878,526.27,1980
266407333395298,97,53,42878,526.27,1980
266407383507347,98,55,42878,532.993,1980
266407433612301,98,55,42878,532.993,1980
266407483715688,98,55,42878,530.974,1980
266407533822707,98,55,42878,530.974,1980
266407583933496,96,54,42878,526.751,1980
266407634046610,96,54,42878,526.751,1980
266407684154828,96,54,42878,553.769,1980
266407735914308,96,54,42878,553.769,1980
266407786808736,79,45,42878,545.811,1980
266407838041231,79,45,42878,545.811,1980
266407889078051,79,45,42878,505.345,1980
266407940076032,79,45,42878,505.345,1980
266407990520870,2,2,42878,465.965,1980
266408040677460,2,2,42878,465.965,1980
266408091293250,2,2,42878,440.628,1980
266408141442218,2,2,42878,440.628,1980
266408191591296,71,34,42878,420.194,1980
266408242808654,71,34,42878,420.194,1980
266408293124346,71,34,42878,396.594,1980
266408343299549,71,34,42878,396.594,1980
266408394357244,79,39,42878,381.965,1980
266408445175150,79,39,42878,381.965,1980
266408495926085,79,39,42878,362.414,1980
266408546667626,79,39,42878,362.414,1980
266408596790362,88,44,42878,337.459,1980
266408647064655,88,44,42878,337.459,1980
266408697203000,88,44,42878,323.544,1980
266408757491165,88,44,42878,328.303,1980
266408807641963,100,49,42880,328.303,1980
266408857759610,100,49,44072,364.086,1980
266408907880797,100,49,44072,364.086,1980
266408957989202,89,44,44072,411.967,1980
266409008135257,89,44,44072,411.967,1980
266409060858950,89,44,44072,444.806,1980
266409110972809,89,44,47494,444.806,1980
266409161085404,90,45,48686,459.377,1980
266409211200128,90,45,48686,459.377,1980
266409261313422,90,45,54338,476.845,1980
266409311491766,90,45,54338,476.845,1980
266409361602514,95,52,54338,499.571,1980
266409411709398,95,52,54338,499.571,1980
266409461814265,95,52,54338,520.343,1980
266409511920400,95,52,54338,520.343,1980
266409562042435,96,53,54338,538.908,1980
266409612154245,96,53,54338,538.908,1980
266409662663840,96,53,54338,560.198,1980
266409712774531,96,53,54338,560.198,1980
266409762881254,96,55,54338,585.299,1980
266409812986812,96,55,54338,585.299,1980
266409863091286,96,55,54338,591.676,1980
266409913200116,96,55,54338,591.676,1980
266409963338406,96,53,54338,589.527,1980
266410013446963,96,53,54338,589.527,1980
266410063550844,96,53,54338,575.483,1980
266410114327332,96,53,54338,575.483,1980
266410165043457,69,49,54338,551.215,1980
266410216247623,69,49,54338,551.215,1980
266410268964254,69,49,54338,504.004,1980
266410319675525,69,49,54338,504.004,1980
266410369852956,2,1,54338,478.704,1980
266410422072394,2,1,54338,478.704,1980
266410472240430,2,1,54338,456.303,1980
266410524388998,2,1,54338,456.303,1980
266410576088077,73,36,54338,434.763,1980
266410626376212,73,36,54338,434.763,1980
266410676562346,73,36,54338,411.135,1980
266410726776584,73,36,54338,411.135,1980
266410777005757,77,39,54338,395.624,1980
266410828042334,77,39,54338,395.624,1980
266410878516929,77,39,54338,373.788,1980
266410929540467,77,39,54338,373.788,1980
266410980034207,90,43,54338,352.134,1980
266411030210068,90,43,54338,352.134,1980
266411088648662,90,43,54338,334.507,1980
266411138766228,90,43,54338,334.507,1980
266411188880195,100,50,54338,356.053,1980
266411238996887,100,50,54338,356.053,1980
266411289112086,100,50,54338,408.512,1980
266411339221236,100,50,54338,408.512,1980
266411389333978,98,51,54338,437.907,1980
266411439445710,98,51,54338,437.907,1980
266411489554966,98,51,54338,460.29,1980
266411539683018,98,51,54338,460.29,1980
266411589795703,87,47,54338,479.357,1980
266411639907423,87,47,54338,479.357,1980
266411690021609,87,47,54338,499.282,1980
266411740133459,87,47,54338,499.282,1980
266411790255813,96,55,54338,522.907,1980
266411840369097,96,55,54338,522.907,1980
266411890476847,96,55,54338,544.309,1980
266411940582397,96,55,54338,544.309,1980
266411990689382,96,55,54338,565.704,1980
266412040798994,96,55,54338,565.704,1980
266412090907773,96,55,54338,586.412,1980
266412141029052,96,55,54338,586.412,1980
266412191136177,96,54,54338,604.169,1980
266412241241016,96,54,54338,604.169,1980
266412291373097,96,54,54338,599.751,1980
266412341485934,96,54,54338,599.751,1980
266412391596364,99,56,54338,594.529,1980
266412441702245,99,56,54338,594.529,1980
266412492796406,99,56,54338,582.833,1980
266412543486447,99,56,54338,582.833,1980
266412594603274,50,40,54338,541.372,1980
266412652770718,50,40,54338,541.372,1980
266412703988864,50,40,54338,500.139,1980
266412754114168,50,40,54338,500.139,1980
266412805248093,5,3,54338,473.992,1980
266412856913505,5,3,54338,473.992,1980
266412907653129,5,3,54338,453.865,1980
266412958250368,5,3,54338,453.865,1980
266413008380625,75,37,54338,432.188,1980
266413058698493,75,37,54338,432.188,1980
266413109611880,75,37,54338,410.809,1980
266413159851942,75,37,54338,388.183,1980
266413209984895,87,42,54338,388.183,1980
266413260116234,87,42,54338,364.508,1980
266413310424608,87,42,54338,364.508,1980
266413360557132,99,49,54338,350.151,1980
266413410728224,99,49,54338,350.151,1980
266413460847260,99,49,54340,330.02,1980
266413510962359,99,49,54340,330.02,1980
266413561081793,70,35,54340,380.942,1980
266413611218927,70,35,54340,380.942,1980
266413661334293,70,35,54340,427.094,1980
266413711451060,70,35,54340,427.094,1980
266413761563929,98,51,54340,453.24,1980
266413811675056,98,51,54340,453.24,1980
266413861783713,98,51,54340,473.212,1980
266413911892319,98,51,54340,473.212,1980
266413962022728,98,54,56720,494.558,1980
266414012130773,98,54,56720,494.558,1980
266414062237806,98,54,56720,511.918,1980
266414112345474,98,54,56720,511.918,1980
266414162465710,96,54,56720,535.164,1980
266414212576640,96,54,56720,535.164,1980
266414262684120,96,54,56720,559.256,1980
266414312790957,96,54,56720,559.256,1980
266414362900741,99,56,56720,580.106,1980
266414413045486,99,56,56720,580.106,1980
266414463158014,99,56,56720,599.325,1980
266414513262226,99,56,56720,599.325,1980
266414563367588,96,55,56720,603.929,1980
266414613486196,96,55,56720,603.929,1980
266414663593343,96,55,56720,600.422,1980
266414713702896,96,55,56720,600.422,1980
266414763809703,98,58,56720,594.553,1980
266414813915671,98,58,56720,594.553,1980
266414864869923,98,58,56720,583.467,1980
266414915876713,98,58,56720,583.467,1980
266414967070595,52,41,56720,542.531,1980
266415017902258,52,41,56720,542.531,1980
266415068034299,52,41,56720,498.499,1980
266415118217414,52,41,56720,498.499,1980
266415168387400,13,6,56720,474.077,1980
266415219172449,13,6,56720,474.077,1980
266415270118745,13,6,56720,452.344,1980
266415320957099,13,6,56720,452.344,1980
266415371077553,75,37,56720,429.197,1980
266415421886396,75,37,56720,429.197,1980
266415472511891,75,37,56720,404.178,1980
266415522646869,75,37,56720,404.178,1980
266415572828066,82,40,56720,383.617,1980
266415623015251,82,40,56720,383.617,1980
266415673245453,82,40,56720,363.923,1980
266415723382171,82,40,56720,363.923,1980
266415773713095,96,47,56720,351.403,1980
266415823938347,96,47,56720,351.403,1980
266415874054780,96,47,56720,337.668,1980
266415924173275,96,47,56720,337.668,1980
266415974286349,75,37,56720,382.406,1980
266416024413790,75,37,56720,382.406,1980
266416074525709,75,37,56720,424.968,1980
266416124638248,75,37,56720,424.968,1980
266416174757996,98,51,56720,456.044,1980
266416224868800,98,51,56720,456.044,1980
266416274975294,98,51,56720,475.677,1980
266416325086576,98,51,56720,475.677,1980
266416375196932,96,52,56720,493.61,1980
266416425305155,96,52,56720,493.61,1980
266416475417349,96,52,56720,519.706,1980
266416525526773,96,52,56720,519.706,1980
266416575632618,96,55,56720,539.799,1980
266416625742892,96,55,56720,539.799,1980
266416675861852,96,55,56720,558.789,1980
266416725967276,96,55,56720,558.789,1980
266416776079035,97,56,56720,581.712,1980
266416826187773,97,56,56720,581.712,1980
266416876295487,97,56,56720,599.053,1980
266416926402049,97,56,56720,599.053,1980
266416976511828,96,55,56720,605.127,1980
266417026619530,96,55,56720,605.127,1980
266417076726713,96,55,56720,598.361,1980
266417126832823,96,55,56720,598.361,1980
266417176942245,97,54,56720,598.271,1980
266417228088643,97,54,56720,598.271,1980
266417279152722,97,54,56720,576.559,1980
266417329980413,97,54,56720,576.559,1980
266417380856959,25,25,56720,535.792,1980
266417431015884,25,25,56720,535.792,1980
266417481138906,25,25,56720,500.348,1980
266417531315389,25,25,56720,500.348,1980
266417583152285,30,14,56720,472.431,1980
266417633326978,30,14,56720,472.431,1980
266417683479347,30,14,56720,446.144,1980
266417733612707,30,14,56720,446.144,1980
266417783806849,73,36,56720,422.225,1980
266417834459588,73,36,56720,422.225,1980
266417884665465,73,36,56720,404.21,1980
266417935671790,73,36,56720,404.21,1980
266417985819504,86,43,56720,380.893,1980
266418036281802,86,43,56720,380.893,1980
266418086689309,86,43,56720,362.896,1980
266418137209332,86,43,56720,362.896,1980
266418187327818,100,50,56720,340.169,1980
266418237442802,100,50,56720,340.169,1980
266418287562755,100,50,56720,346.297,1980
266418337694058,100,50,56720,346.297,1980
266418387805620,77,39,56720,401.107,1980
266418437917932,77,39,56720,401.107,1980
266418488035124,77,39,56720,441.525,1980
266418538145286,77,39,56720,441.525,1980
266418588253423,98,50,56720,465.592,1980
266418638381176,98,50,56720,465.592,1980
266418688507320,98,50,56720,493.655,1980
266418738617023,98,50,56720,493.655,1980
266418788723591,96,51,56720,513.863,1980
266418838828457,96,51,56720,513.863,1980
266418888938898,96,51,56720,536.192,1980
266418939054196,96,51,56720,536.192,1980
266418989162724,96,55,56720,555.259,1980
266419039270453,96,55,56720,555.259,1980
266419089377131,96,55,56720,573.033,1980
266419139486932,96,55,56720,573.033,1980
266419189603508,96,54,56720,592.694,1980
266419239715786,96,54,56720,592.694,1980
266419289828843,96,54,56720,612.171,1980
266419339941707,96,54,56720,612.171,1980
266419390056925,96,53,56720,601.946,1980
266419440169880,96,53,56720,601.946,1980
266419490276539,96,53,56720,595.118,1980
266419541356199,96,53,56720,595.118,1980
266419592090336,99,55,56720,569.263,1980
266419643273569,99,55,56720,569.263,1980
266419694112714,99,55,56720,524.856,1980
266419744278124,99,55,56720,524.856,1980
266419795247184,2,2,56720,485.822,1980
266419845412842,2,2,56720,485.822,1980
266419896266543,2,2,56720,460.833,1980
266419947811639,2,2,56720,460.833,1980
266419999273767,74,36,56720,440.89,1980
266420049996775,74,36,56720,440.89,1980
266420100131402,74,36,56720,416.951,1980
266420150459892,74,36,56720,416.951,1980
266420200883903,77,38,56720,399.699,1980
266420251490477,77,38,56720,399.699,1980
266420301889583,77,38,56720,380.773,1980
266420352152173,77,38,56720,380.773,1980
266420402265518,98,49,56720,359.474,1980
266420452408485,98,49,56720,359.474,1980
266420503079541,98,49,56720,336.742,1980
266420553224615,98,49,56720,336.742,1980
266420603338484,100,50,56720,340.613,1980
266420653483421,100,50,56720,340.613,1980
266420703593983,100,50,56720,394.797,1980
266420753760405,100,50,56720,394.797,1980
266420803874372,98,48,56720,436.323,1980
266420853985018,98,48,56720,436.323,1980
266420904094375,98,48,56720,462.586,1980
266420954205603,98,48,56720,462.586,1980
266421004315517,85,44,56720,484.641,1980
266421054424138,85,44,56720,484.641,1980
266421104535346,85,44,56720,509.421,1980
266421154641092,85,44,56720,509.421,1980
266421204769521,96,54,56720,533.632,1980
266421254886066,96,54,56720,533.632,1980
266421305044540,96,54,56720,551.839,1980
266421355159321,96,54,56720,551.839,1980
266421405266695,96,53,56720,571.331,1980
266421455372800,96,53,56720,571.331,1980
266421505482392,96,53,56720,597.717,1980
266421555610994,96,53,56720,597.717,1980
266421605728097,96,51,56720,616.453,1980
266421655835218,96,51,56720,616.453,1980
266421705940406,96,51,56720,608.269,1980
266421756047647,96,51,56720,608.269,1980
266421806181742,99,54,56720,604.582,1980
266421857142117,99,54,56720,604.582,1980
266421907954506,99,54,56720,591.105,1980
266421959050999,99,54,56720,591.105,1980
266422009837338,52,41,56720,549.423,1980
266422060019534,52,41,56720,549.423,1980
266422110224563,52,41,56720,501.356,1980
266422162124203,52,41,56720,501.356,1980
266422212240301,10,5,56720,474.345,1980
266422262781802,10,5,56720,474.345,1980
266422318693153,10,5,56720,450.515,1980
266422369929201,76,37,56720,433.584,1980
266422421292723,76,37,56720,433.584,1980
266422471420950,76,37,56720,413.646,1980
266422521558781,76,37,56720,413.646,1980
266422572032806,84,41,56720,389.108,1980
266422623107384,84,41,56720,389.108,1980
266422673468684,84,41,56720,373.857,1980
266422723696483,84,41,56720,373.857,1980
266422774222808,97,48,56720,350.115,1980
266422824600224,97,48,56720,350.115,1980
266422874715275,97,48,56720,336.186,1980
266422924835251,97,48,56720,336.186,1980
266422974979281,72,36,56720,385.119,1980
266423025205219,72,36,56720,385.119,1980
266423075315774,72,36,56720,429.33,1980
266423125446581,72,36,56720,429.33,1980
266423175558368,98,51,56720,463.587,1980
266423225674598,98,51,56720,463.587,1980
266423275782195,98,51,56720,489.809,1980
266423325908919,98,51,56720,489.809,1980
266423376026266,98,53,56720,516.322,1965
266423426162189,98,53,56720,516.322,1965
266423476275405,98,53,56720,536.225,1965
266423526381368,98,53,56720,536.225,1965
266423576490703,96,54,56720,550.374,1965
266423626600975,96,54,56720,550.374,1965
266423676712172,96,54,56720,575.638,1980
266423726822682,96,54,56720,575.638,1980
266423776930546,97,57,56720,589.253,1980
266423827039660,97,57,56720,589.253,1980
266423877155579,97,57,56720,614.018,1980
266423927284182,97,57,56720,614.018,1980
266423977397722,96,55,56720,617.312,1980
266424027505445,96,55,56720,617.312,1980
266424077611855,96,55,56720,610.634,1980
266424127721641,96,55,56720,610.634,1980
266424177829585,97,54,56720,607.884,1980
266424227999708,97,54,56720,607.884,1980
266424278831453,97,54,56720,583.429,1980
266424330028347,97,54,56720,583.429,1980
266424380722758,29,28,56720,532.853,1980
266424431099393,29,28,56720,532.853,1980
266424482786116,29,28,56720,493.626,1980
266424532950669,29,28,56720,493.626,1980
266424584750307,26,12,56720,473.197,1980
266424634884272,26,12,56720,473.197,1980
266424686461716,26,12,56720,450.544,1980
266424736642616,26,12,56720,450.544,1980
266424787302008,74,37,56720,426.998,1980
266424837425504,74,37,56720,426.998,1980
266424887597290,74,37,56720,404.203,1980
266424938311315,74,37,56720,404.203,1980
266424988446766,84,42,56720,383.635,1980
266425038584752,84,42,56720,383.635,1980
266425088720258,84,42,56720,362.917,1980
266425139177254,84,42,56720,362.917,1980
266425189663727,100,49,56720,346.589,1980
266425239783076,100,49,56720,346.589,1980
266425289894702,100,49,56720,344.828,1980
266425340020489,100,49,56720,344.828,1980
266425390130694,77,39,56720,398.398,1980
266425440239563,77,39,56720,398.398,1980
266425490352728,77,39,56720,442.711,1980
266425540464158,77,39,56720,442.711,1980
266425590574315,99,50,56720,466.739,1980
266425640686765,99,50,56720,466.739,1980
266425690798391,99,50,56720,486.973,1980
266425740910860,99,50,56720,486.973,1980
266425791022000,95,50,56720,506.827,1980
266425841135520,95,50,56720,506.827,1980
266425891260271,95,50,56720,531.042,1980
266425941372864,95,50,56720,531.042,1980
266425991809469,98,55,56720,547.586,1980
266426041924505,98,55,56720,547.586,1980
266426092044866,98,55,56720,566.992,1980
266426142152462,98,55,56720,566.992,1980
266426192260135,96,54,56720,591.155,1980
266426242366604,96,54,56720,591.155,1980
266426292488057,96,54,56720,607.454,1980
266426342594640,96,54,56720,607.454,1980
266426392702181,97,53,56720,603.07,1980
266426442813041,97,53,56720,603.07,1980
266426492922267,97,53,56720,596.77,1980
266426543851757,97,53,56720,596.77,1980
266426594984863,99,55,56720,575.397,1980
266426645930305,99,55,56720,575.397,1980
266426696681444,99,55,56720,532.513,1980
266426746817834,99,55,56720,532.513,1980
266426798019841,2,2,56720,496.077,1980
266426848142111,2,2,56720,496.077,1980
266426899377087,2,2,56720,474.773,1980
266426950839086,2,2,56720,474.773,1980
266427001052258,73,36,56720,453.487,1980
266427052070330,73,36,56720,453.487,1980
266427102248806,73,36,56720,428.587,1980
266427153160986,73,36,56720,428.587,1980
266427203459185,80,39,56720,408.247,1980
266427254208315,80,39,56720,408.247,1980
266427304395625,80,39,56720,393.573,1980
266427354566704,80,39,56720,393.573,1980
266427405255276,95,47,56720,372.954,1980
266427455384463,95,47,56720,372.954,1980
266427509516193,95,47,56720,346.623,1980
266427559638460,95,47,56720,346.623,1980
266427609774331,100,50,56720,349.784,1980
266427659892489,100,50,56720,349.784,1980
266427710011051,100,50,56720,400.894,1980
266427760124932,100,50,56720,400.894,1980
266427810237147,99,50,56720,442.586,1980
266427860345905,99,50,56720,442.586,1980
266427910456876,99,50,56720,464.184,1980
266427960570677,99,50,56720,464.184,1980
266428010689614,91,45,56720,484.95,1980
266428060802666,91,45,56720,484.95,1980
266428110915373,91,45,56720,506.417,1980
266428161031807,91,45,56720,506.417,1980
266428211156474,98,55,56720,524.024,1980
266428261266636,98,55,56720,524.024,1980
266428311376101,98,55,56720,547.577,1980
266428361491561,98,55,56720,547.577,1980
266428411604701,95,52,56720,566.869,1980
266428461717413,95,52,56720,566.869,1980
266428511829346,95,52,56720,586.657,1980
266428561936085,95,52,56720,586.657,1980
266428612048493,97,54,56720,606.589,1980
266428662176858,97,54,56720,606.589,1980
266428712295366,97,54,56720,600.343,1980
266428762408919,97,54,56720,600.343,1980
266428812521516,95,54,56720,593.052,1980
266428864144430,95,54,56720,593.052,1980
266428914975360,95,54,56720,589.051,1980
266428965908660,95,54,56720,589.051,1980
266429016963035,79,55,56720,550.37,1980
266429077204792,79,55,56720,509.924,1980
266429127604189,79,55,56720,509.924,1980
266429177780564,2,2,56720,481.828,1980
266429229381150,2,2,56720,481.828,1980
266429280813181,2,2,56720,455.111,1980
266429331860660,2,2,56720,455.111,1980
266429383376326,74,36,56720,432.497,1980
266429434338841,74,36,56720,432.497,1980
266429484459294,74,36,56720,414.206,1980
266429534636002,74,36,56720,414.206,1980
266429584775883,86,42,56720,397.813,1980
266429634934466,86,42,56720,397.813,1980
266429685065188,86,42,56720,374.117,1980
266429735451169,86,42,56720,374.117,1980
266429785611991,100,50,56720,354.409,1980
266429835789698,100,50,56720,354.409,1980
266429885909584,100,50,56720,336.264,1980
266429936026542,100,50,56720,336.264,1980
266429986149596,80,40,56720,383.901,1980
266430036259598,80,40,56720,383.901,1980
266430086375393,80,40,56720,427.594,1980
266430136509907,80,40,56720,427.594,1980
266430186622564,97,50,56720,458.259,1980
266430236733376,97,50,56720,458.259,1980
266430286844875,97,50,56720,482.218,1980
266430336954189,97,50,56720,482.218,1980
266430387067357,98,56,56720,504.402,1980
266430437177480,98,56,56720,504.402,1980
266430487290308,98,56,56720,521.688,1980
266430537428442,98,56,56720,521.688,1980
266430587539079,95,54,56720,539.285,1980
266430637664656,95,54,56720,539.285,1980
266430687775441,95,54,56720,561.325,1980
266430737890197,95,54,56720,561.325,1980
266430788009551,97,53,56720,577.823,1980
266430838119661,97,53,56720,577.823,1980
266430888227669,97,53,56720,606.836,1980
266430938336701,97,53,56720,606.836,1980
266430988447517,98,55,56720,602.149,1980
266431038569118,98,55,56720,602.149,1980
266431088678716,98,55,56720,594.539,1980
266431142034993,98,55,56720,594.539,1980
266431192712240,95,54,56720,582.154,1980
266431243513071,95,54,56720,582.154,1980
266431295118670,95,54,56720,538.921,1980
266431354604936,95,54,56720,538.921,1980
266431405028314,9,4,56720,495.963,1980
266431455407543,9,4,56720,495.963,1980
266431506806559,9,4,56720,475.057,1980
266431561359707,9,4,56720,475.057,1980
266431612686547,75,37,56720,453.801,1980
266431662907304,75,37,56720,453.801,1980
266431713117170,75,37,56720,437.106,1980
266431763261767,75,37,56720,437.106,1980
266431813758575,86,42,56720,413.96,1980
266431863988144,86,42,56720,413.96,1980
266431914172590,86,42,56720,396.327,1980
266431964321325,86,42,56720,396.327,1980
266432014588618,100,50,56720,370.566,1980
266432064737479,100,50,56720,370.566,1980
266432115352093,100,50,56720,347.093,1980
266432165495341,100,50,56720,347.093,1980
266432215728998,74,38,56720,339.347,1980
266432265845876,74,38,56720,339.347,1980
266432315959046,74,38,56720,393.101,1980
266432366069830,74,38,56720,393.101,1980
266432416194178,98,50,56720,437.718,1980
266432466307136,98,50,56720,437.718,1980
266432516415899,98,50,56720,466.432,1980
266432566524944,98,50,56720,466.432,1980
266432616636463,97,50,56720,491.904,1980
266432666749492,97,50,56720,491.904,1980
266432716860571,97,50,56720,510.655,1980
266432766969832,97,50,56720,510.655,1980
266432817077249,99,55,56720,533.652,1980
266432867189424,99,55,56720,533.652,1980
266432917308482,99,55,56720,552.725,1980
266432967417981,99,55,56720,552.725,1980
266433017525792,96,54,56720,576.307,1980
266433067635318,96,54,56720,576.307,1980
266433117742289,96,54,56720,594.709,1980
266433167871808,96,54,56720,594.709,1980
266433217992241,97,53,56720,619.585,1980
266433268111002,97,53,56720,619.585,1980
266433318222070,97,53,56720,613.773,1980
266433368340503,97,53,56720,613.773,1980
266433418453280,96,54,56720,605.079,1980
266433469392072,96,54,56720,605.079,1980
266433520303256,96,54,56720,595.717,1980
266433571343708,2,2,56720,553.609,1980
266433622534286,2,2,56720,553.609,1980
266433673226016,2,2,56720,512.583,1980
266433723389850,2,2,56720,512.583,1980
266433775472791,70,34,56720,487.439,1980
266433825606799,70,34,56720,487.439,1980
266433875736159,70,34,56720,466.994,1980
266433926838919,70,34,56720,466.994,1980
266433977034743,85,42,56720,445.171,1980
266434027165642,85,42,56720,445.171,1980
266434078475217,85,42,56720,420.651,1980
266434128799655,85,42,56720,420.651,1980
266434179212905,99,49,56720,402.538,1980
266434229643743,99,49,56720,402.538,1980
266434280080177,99,49,56720,380.27,1980
266434330213299,99,49,56720,380.27,1980
266434380342096,100,50,56720,352.278,1980
266434430459843,100,50,56720,352.278,1980
266434480573756,100,50,56720,341.217,1980
266434530694159,100,50,56720,341.217,1980
266434580822938,74,37,56720,384.091,1980
266434630938507,74,37,56720,384.091,1980
266434681059655,74,37,56720,434.903,1980
266434731170264,74,37,56720,434.903,1980
266434781279987,90,48,56720,457.211,1980
266434831390567,90,48,56720,457.211,1980
266434881503679,90,48,56720,475.821,1980
266434931614727,90,48,56720,475.821,1980
266434981724542,94,53,56720,497.348,1980
266435032212233,94,53,56720,497.348,1980
266435082323732,94,53,56720,515.421,1980
266435132431522,94,53,56720,515.421,1980
266435182537961,95,54,56720,533.312,1980
266435232647738,95,54,56720,533.312,1980
266435282775575,95,54,56720,556.978,1980
266435332884879,95,54,56720,556.978,1980
266435383003976,98,55,56720,576.148,1980
266435433118930,98,55,56720,576.148,1980
266435483225933,98,55,56720,599.345,1980
266435533334318,98,55,56720,599.345,1980
266435583441995,96,54,56720,592.081,1980
266435633550380,96,54,56720,592.081,1980
266435684323186,96,54,56720,579.293,1980
266435735071284,96,54,56720,579.293,1980
266435786123023,66,48,56720,539.458,1980
266435836854062,66,48,56720,539.458,1980
266435890063752,66,48,56720,499.069,1980
266435942202109,66,48,56720,499.069,1980
266435993122706,66,32,56720,471.099,1980
266436043325166,66,32,56720,471.099,1980
266436093640323,66,32,56720,453.847,1980
266436145297682,66,32,56720,453.847,1980
266436195458396,79,39,56720,431.648,1980
266436245584466,79,39,56720,431.648,1980
266436296332141,79,39,56720,414.946,1980
266436346514810,79,39,56720,414.946,1980
266436396652611,100,49,56720,393.113,1980
266436447020911,100,49,56720,393.113,1980
266436497520125,100,49,56720,376.004,1980
266436548463079,100,49,56720,376.004,1980
266436598867952,100,50,56720,361.107,1980
266436649020078,100,50,56720,361.107,1980
266436699146152,100,50,56720,341.8,1980
266436749263269,100,50,56720,341.8,1980
266436799389201,69,35,56720,391.392,1980
266436849499272,69,35,56720,391.392,1980
266436899651073,69,35,56720,434.344,1980
266436949776263,69,35,56720,434.344,1980
266436999887751,89,47,56720,465.918,1980
266437050003506,89,47,56720,465.918,1980
266437100112910,89,47,56720,489.723,1980
266437150223130,89,47,56720,489.723,1980
266437200330741,96,55,56720,510.025,1980
266437250437875,96,55,56720,510.025,1980
266437300545910,96,55,56720,531.91,1980
266437350661974,96,55,56720,531.91,1980
266437400774414,95,54,56720,551.303,1980
266437450886710,95,54,56720,551.303,1980
266437500996582,95,54,56720,562.715,1980
266437551107937,95,54,56720,562.715,1980
266437601214787,95,54,56720,582.335,1980
266437651345747,95,54,56720,582.335,1980
266437701465531,95,54,56720,605.627,1980
266437751572472,95,54,56720,605.627,1980
266437801676080,95,55,56720,603.001,1980
266437851782769,95,55,56720,603.001,1980
266437901891314,95,55,56720,595.925,1980
266437952980920,95,55,56720,595.925,1980
266438003967934,37,33,56720,573.795,1980
266438054856125,37,33,56720,573.795,1980
266438105547829,37,33,56720,531.841,1980
266438155713856,37,33,56720,531.841,1980
266438205847573,21,10,56720,493.14,1980
266438257235997,21,10,56720,493.14,1980
266438308965125,21,10,56720,470.147,1980
266438359492607,21,10,56720,470.147,1980
266438409611542,76,38,56720,448.455,1980
266438459964990,76,38,56720,448.455,1980
266438510136661,76,38,56720,425.268,1980
266438560321559,76,38,56720,425.268,1980
266438610722328,90,44,56720,407.036,1980
266438661292635,90,44,56720,407.036,1980
266438711948078,90,44,56720,393.781,1980
266438762525977,90,44,56720,393.781,1980
266438812639276,100,49,56720,368.94,1980
266438862833152,100,49,56720,368.94,1980
266438912969311,100,49,56720,353.19,1980
266438963092403,100,49,56720,353.19,1980
266439013207034,74,38,56720,347.803,1980
266439063318012,74,38,56720,347.803,1980
266439113427033,74,38,56720,403.083,1980
266439163548286,74,38,56720,403.083,1980
266439213662110,98,51,56720,446.237,1980
266439263772852,98,51,56720,446.237,1980
266439313886079,98,51,56720,476.005,1980
266439363998068,98,51,56720,476.005,1980
266439414113435,95,53,56720,493.326,1980
266439464220987,95,53,56720,493.326,1980
266439514331384,95,53,56720,518.847,1980
266439564440224,95,53,56720,518.847,1980
266439614548293,95,55,56720,535.707,1980
266439664666317,95,55,56720,535.707,1980
266439714775359,95,55,56720,556.521,1980
266439764888083,95,55,56720,556.521,1980
266439814997768,97,54,56720,573.979,1980
266439865107159,97,54,56720,573.979,1980
266439915212212,97,54,56720,601.8,1980
266439965319458,97,54,56720,601.8,1980
266440015448035,96,54,56720,614.063,1980
266440065558230,96,54,56720,614.063,1980
266440115665159,96,54,56720,608.338,1980
266440165769850,96,54,56720,608.338,1980
266440215879595,96,53,56720,600.121,1980
266440266015841,96,53,56720,600.121,1980
266440316732983,96,53,56720,601.648,1980
266440367404139,96,53,56720,601.648,1980
266440418374087,17,17,56720,565.059,1980
266440469255550,17,17,56720,565.059,1980
266440519419972,17,17,56720,527.937,1980
266440570043263,17,17,56720,527.937,1980
266440621234735,37,18,56720,487.86,1980
266440671362242,37,18,56720,487.86,1980
266440722015892,37,18,56720,465.769,1980
266440772629665,37,18,56720,465.769,1980
266440822760921,78,38,56720,443.413,1980
266440872877824,78,38,56720,443.413,1980
266440923486746,78,38,56720,422.643,1980
266440973622430,78,38,56720,422.643,1980
266441024163402,100,49,56720,396.2,1980
266441074773442,100,49,56720,372.108,1980
266441125205571,100,49,56720,372.108,1980
266441176021409,100,50,56720,355.232,1980
266441226388234,100,50,56720,355.232,1980
266441276519857,100,50,56720,332.798,1980
266441326644256,100,50,56720,332.798,1980
266441376755849,73,37,56720,365.18,1980
266441426882879,73,37,56720,365.18,1980
266441476993082,73,37,56720,416.932,1980
266441527126288,73,37,56720,416.932,1980
266441577237648,90,45,56720,454.445,1980
266441627360325,90,45,56720,454.445,1980
266441677473818,90,45,56720,478.758,1980
266441727589714,90,45,56720,478.758,1980
266441777699869,95,52,56720,500.585,1980
266441827820861,95,52,56720,500.585,1980
266441877934600,95,52,56720,518.296,1980
266441928048053,95,52,56720,518.296,1980
266441978156628,97,52,56720,542.346,1980
266442028264986,97,52,56720,542.346,1980
266442078385484,97,52,56720,561.073,1980
266442128496707,97,52,56720,561.073,1980
266442178604191,98,54,56720,588.012,1980
266442228715102,98,54,56720,588.012,1980
266442278820734,98,54,56720,609.433,1980
266442328926382,98,54,56720,609.433,1980
266442379041724,95,53,56720,602.754,1980
266442429154669,95,53,56720,602.754,1980
266442479277390,95,53,56720,598.247,1980
266442529386645,95,53,56720,598.247,1980
266442581586028,96,62,56720,595.432,1980
266442632026399,96,62,56720,595.432,1980
266442683036998,96,62,56720,554.955,1980
266442734016673,96,62,56720,554.955,1980
266442785172155,7,7,56720,520.192,1980
266442836720147,7,7,56720,520.192,1980
266442886902073,7,7,56720,484.58,1980
266442938167189,7,7,56720,484.58,1980
266442988407901,74,36,56720,465.058,1980
266443038566211,74,36,56720,465.058,1980
266443088718584,74,36,56720,441.386,1980
266443138844393,74,36,56720,441.386,1980
266443188959222,87,43,56720,419.26,1980
266443239865371,87,43,56720,419.26,1980
266443290042706,87,43,56720,404.365,1980
266443340163184,87,43,56720,404.365,1980
266443390317810,100,49,56720,379.841,1980
266443440488485,100,49,56720,379.841,1980
266443490745746,100,49,56720,362.175,1980
266443541143332,100,49,56720,362.175,1980
266443591266081,79,40,56720,340.685,1980
266443641376836,79,40,56720,340.685,1980
266443691498495,79,40,56720,384.833,1980
266443741619895,79,40,56720,384.833,1980
266443791738218,97,50,56720,427.929,1980
266443841851553,97,50,56720,427.929,1980
266443891962705,97,50,56720,465.629,1980
266443942073845,97,50,56720,465.629,1980
266443992185056,98,52,56720,486.184,1980
266444042299301,98,52,56720,486.184,1980
266444092411314,98,52,56720,508.08,1980
266444142519002,98,52,56720,508.08,1980
266444192626698,95,54,56720,530.478,1980
266444242735255,95,54,56720,530.478,1980
266444292844438,95,54,56720,550.019,1980
266444342956884,95,54,56720,550.019,1980
266444393076527,97,52,56720,569.481,1980
266444443188911,97,52,56720,569.481,1980
266444493301672,97,52,56720,592.203,1980
266444543414254,97,52,56720,592.203,1980
266444593535307,98,54,56720,619.703,1980
266444643656117,98,54,56720,619.703,1980
266444693769066,98,54,56720,614.215,1980
266444743879963,98,54,56720,614.215,1980
266444793989554,95,53,56720,607.851,1980
266444844098627,95,53,56720,607.851,1980
266444895157761,95,53,56720,594.65,1980
266444945981352,95,53,56720,594.65,1980
266444997165988,2,2,56720,553.245,1980
266445048304806,2,2,56720,553.245,1980
266445098442130,2,2,56720,508.998,1980
266445149668513,2,2,56720,508.998,1980
266445199817242,54,26,56720,481.789,1980
266445250565562,54,26,56720,481.789,1980
266445300701739,54,26,56720,456.891,1980
266445351902521,54,26,56720,456.891,1980
266445402065086,80,39,56720,439.798,1980
266445452271846,80,39,56720,439.798,1980
266445502896393,80,39,56720,414.91,1980
266445553214638,80,39,56720,414.91,1980
266445603329175,100,49,56720,397.233,1980
266445653466721,100,49,56720,397.233,1980
266445703643400,100,49,56720,374.95,1980
266445753816573,100,49,56720,374.95,1980
266445803977389,100,50,56720,346.844,1980
266445854112947,100,50,56720,346.844,1980
266445904232736,100,50,56720,338.52,1980
266445954346331,100,50,56720,338.52,1980
266446004458302,74,36,56720,388.14,1980
266446054575965,74,36,56720,388.14,1980
266446104689011,74,36,56720,431.48,1980
266446154807460,74,36,56720,431.48,1980
266446204923177,89,46,56720,464.242,1980
266446255040475,89,46,56720,464.242,1980
266446305148373,89,46,56720,485.989,1980
266446355257479,89,46,56720,485.989,1980
266446405368427,97,52,56720,502.235,1980
266446456341182,97,52,56720,502.235,1980
266446506448513,97,52,56720,518.521,1980
266446556560140,97,52,56720,518.521,1980
266446606669989,98,56,56720,535.357,1980
266446656794049,98,56,56720,535.357,1980
266446706909438,98,56,56720,553.351,1980
266446757035288,98,56,56720,553.351,1980
266446807154890,95,54,56720,569.655,1980
266446857268752,95,54,56720,569.655,1980
266446907382076,95,54,56720,590.519,1980
266446957494871,95,54,56720,590.519,1980
266447007603039,95,53,56720,582.834,1980
266447057734407,95,53,56720,582.834,1980
266447108753997,95,53,56720,562.699,1980
266447159487959,95,53,56720,562.699,1980
266447210549147,85,58,56720,520.424,1980
266447261464767,85,58,56720,520.424,1980
266447311644343,85,58,56720,480.995,1980
266447363857777,85,58,56720,480.995,1980
266447413989284,52,25,56720,454.51,1980
266447464122135,52,25,56720,454.51,1980
266447514300642,52,25,56720,433.49,1980
266447564461360,52,25,56720,433.49,1980
266447615059128,81,39,56720,417.523,1980
266447665211506,81,39,56720,417.523,1980
266447715441437,81,39,56720,402.56,1980
266447765836376,81,39,56720,402.56,1980
266447816306836,99,49,56720,385.602,1980
266447866876632,99,49,56720,385.602,1980
266447917347775,99,49,56720,369.439,1980
266447967591418,99,49,56720,369.439,1980
266448026013977,100,50,56720,349.024,1980
266448076136512,100,50,56720,349.024,1980
266448126267555,100,50,56720,340.078,1980
266448176375652,100,50,56720,340.078,1980
266448226494940,98,51,56720,379.229,1980
266448276620574,98,51,56720,379.229,1980
266448326733882,98,51,56720,437.868,1980
266448376844251,98,51,56720,437.868,1980
266448426951920,91,46,56720,466.861,1980
266448477069605,91,46,56720,466.861,1980
266448527183875,91,46,56720,492.62,1980
266448578061918,91,46,56720,492.62,1980
266448628169973,98,55,56720,514.444,1980
266448678279399,98,55,56720,514.444,1980
266448728390164,98,55,56720,536.951,1980
266448778501089,98,55,56720,536.951,1980
266448828609287,95,54,56720,556.874,1980
266448878719202,95,54,56720,573.875,1980
266448928830924,95,54,56720,573.875,1980
266448978939765,95,54,56720,592.247,1980
266449029049818,97,54,56720,592.247,1980
266449079162243,97,54,56720,611.915,1980
266449129273019,97,54,56720,611.915,1980
266449179383743,95,53,56720,604.907,1980
266449229495495,95,53,56720,604.907,1980
266449279612355,95,53,56720,597.777,1980
266449329726836,95,53,56720,597.777,1980
266449380864232,71,51,56720,581.216,1980
266449431871292,71,51,56720,581.216,1980
266449482707246,71,51,56720,537.494,1980
266449533834107,71,51,56720,537.494,1980
266449583972340,2,1,56720,495.693,1980
266449634966541,2,1,56720,495.693,1980
266449685119853,2,1,56720,472.536,1980
266449736657151,2,1,56720,472.536,1980
266449787297651,75,37,56720,450.973,1980
266449837868321,75,37,56720,450.973,1980
266449887982257,75,37,56720,427.111,1980
266449938886843,75,37,56720,427.111,1980
266449989137510,89,44,56720,410.898,1980
266450039290857,89,44,56720,410.898,1980
266450089499444,89,44,56720,395.485,1980
266450139672159,89,44,56720,395.485,1980
266450189845479,100,50,56720,375.071,1980
266450240093603,100,50,56720,375.071,1980
266450290400536,100,50,56720,358.378,1980
266450340515702,100,50,56720,358.378,1980
266450390641653,78,40,56720,348.943,1980
266450440754243,78,40,56720,348.943,1980
266450490866454,78,40,56720,391.912,1980
266450540975643,78,40,56720,391.912,1980
266450591102458,98,51,56720,449.347,1980
266450641228744,98,51,56720,449.347,1980
266450691361680,98,51,56720,469.522,1980
266450741468631,98,51,56720,469.522,1980
266450791575829,95,51,56720,491.627,1980
266450841682940,95,51,56720,491.627,1980
266450891806481,95,51,56720,509.86,1980
266450941919475,95,51,56720,509.86,1980
266450992038281,95,54,56720,530.227,1980
266451042145775,95,54,56720,530.227,1980
266451092252237,95,54,56720,548.553,1980
266451142357484,95,54,56720,548.553,1980
266451192465271,95,54,56720,572.217,1980
266451242584832,95,54,56720,572.217,1980
266451292697752,95,54,56720,588.748,1980
266451342808867,95,54,56720,588.748,1980
266451392915315,95,55,56720,607.196,1980
266451443026351,95,55,56720,607.196,1980
266451493146615,95,55,56720,603.333,1980
266451543255889,95,55,56720,603.333,1980
266451593365884,96,54,56720,595.503,1980
266451645386134,96,54,56720,595.503,1980
266451696051877,96,54,56720,577.698,1980
266451746956958,96,54,56720,577.698,1980
266451797998209,2,2,56720,538.211,1980
266451848979380,2,2,56720,538.211,1980
266451899218841,2,2,56720,497.358,1980
266451949357944,2,2,56720,497.358,1980
266451999547705,67,32,56720,473.573,1980
266452051030308,67,32,56720,473.573,1980
266452102710423,67,32,56720,447.484,1980
266452153307465,67,32,56720,447.484,1980
266452203441480,80,39,56720,429.97,1980
266452253580924,80,39,56720,429.97,1980
266452303724103,80,39,56720,405.16,1980
266452353922696,80,39,56720,405.16,1980
266452404046580,100,50,56720,390.246,1980
266452454183066,100,50,56720,390.246,1980
266452504517408,100,50,56720,363.347,1980
266452554893799,100,50,56720,363.347,1980
266452614828490,100,50,56720,343.626,1980
266452664955016,100,50,56720,343.626,1980
266452715073660,100,50,56720,343.753,1980
266452765183769,100,50,56720,343.753,1980
266452815301905,73,37,56720,398.385,1980
266452865439289,73,37,56720,398.385,1980
266452915556875,73,37,56720,445.251,1980
266452965666994,73,37,56720,445.251,1980
266453015779626,91,45,56720,466.82,1980
266453065901379,91,45,56720,466.82,1980
266453116014509,91,45,56720,486.518,1980
266453166123033,91,45,56720,486.518,1980
266453216249972,98,55,56720,508.652,1980
266453266362904,98,55,56720,508.652,1980
266453316496091,98,55,56720,528.47,1980
266453366609171,98,55,56720,528.47,1980
266453416717244,95,54,56720,550.347,1980
266453466825192,95,54,56720,550.347,1980
266453516933441,95,54,56720,568.184,1980
266453567043632,95,54,56720,568.184,1980
266453617150522,97,54,56720,589.188,1980
266453667259397,97,54,56720,589.188,1980
266453717369431,97,54,56720,608.2,1980
266453767481234,97,54,56720,608.2,1980
266453817615268,95,53,56720,602.335,1980
266453867724167,95,53,56720,602.335,1980
266453917840064,95,53,56720,594.359,1980
266453968784909,95,53,56720,594.359,1980
266454019800172,81,56,56720,587.618,1980
266454070670923,81,56,56720,587.618,1980
266454121583078,81,56,56720,547.787,1980
266454178924316,81,56,56720,547.787,1980
266454229182029,2,2,56720,506.669,1980
266454279326898,2,2,56720,506.669,1980
266454330654660,2,2,56720,481.076,1980
266454381783553,2,2,56720,461.452,1980
266454432824152,74,37,56720,461.452,1980
266454483599324,74,37,56720,436.291,1980
266454534373531,74,37,56720,436.291,1980
266454584547207,95,47,56720,421.929,1980
266454634771474,95,47,56720,421.929,1980
266454685113869,95,47,56720,401.437,1980
266454735405806,95,47,56720,401.437,1980
266454785541183,100,50,56720,378.538,1980
266454835657804,100,50,56720,378.538,1980
266454885816804,100,50,56720,350.886,1980
266454936106784,100,50,56720,350.886,1980
266454986225988,78,39,56720,348.528,1980
266455036334772,78,39,56720,348.528,1980
266455086446057,78,39,56720,400.39,1980
266455136557711,78,39,56720,400.39,1980
266455186679133,98,48,56720,441.406,1980
266455236802010,98,48,56720,441.406,1980
266455286909717,98,48,56720,466.241,1980
266455337023615,98,48,56720,466.241,1980
266455387139336,95,52,56720,489.811,1980
266455437246570,95,52,56720,489.811,1980
266455487353630,95,52,56720,506.116,1980
266455537460698,95,52,56720,506.116,1980
266455587571882,95,54,56720,526.533,1980
266455638544456,95,54,56720,526.533,1980
266455688656983,95,54,56720,546.126,1980
266455738764588,95,54,56720,546.126,1980
266455788874138,95,54,56720,567.792,1980
266455838983896,95,54,56720,567.792,1980
266455889094912,95,54,56720,589.266,1980
266455939203679,95,54,56720,589.266,1980
266455989313731,98,54,56720,603.305,1980
266456039423108,98,54,56720,603.305,1980
266456089537433,98,54,56720,594.114,1980
266456139649972,98,54,56720,594.114,1980
266456190584104,48,38,56720,567.215,1980
266456241570292,48,38,56720,567.215,1980
266456292736309,48,38,56720,525.727,1980
266456349879815,48,38,56720,525.727,1980
266456401209745,11,5,56720,487.794,1980
266456451443882,11,5,56720,487.794,1980
266456501598689,11,5,56720,468.2,1980
266456553871624,11,5,56720,468.2,1980
266456605217139,74,36,56720,447.223,1980
266456655733294,74,36,56720,447.223,1980
266456705914854,74,36,56720,426.882,1980
266456756720799,74,36,56720,426.882,1980
266456806850298,95,47,56720,411.907,1980
266456857067581,95,47,56720,411.907,1980
266456907274965,95,47,56720,392.174,1980
266456957415608,95,47,56720,392.174,1980
266457007545557,100,50,56720,368.899,1980
266457057720523,100,50,56720,368.899,1980
266457107832381,100,50,56720,344.494,1980
266457157954608,100,50,56720,344.494,1980
266457208075924,100,51,56720,363.018,1980
266457258200056,100,51,56720,363.018,1980
266457308317125,100,51,56720,411.25,1980
266457358436168,100,51,56720,411.25,1980
266457408552910,98,48,56720,452.557,1980
266457458675629,98,48,56720,452.557,1980
266457508898386,98,48,56720,472.344,1980
266457559026645,98,48,56720,472.344,1980
266457609136481,95,51,56720,489.553,1980
266457659240877,95,51,56720,489.553,1980
266457709348952,95,51,56720,511.417,1980
266457759463803,95,51,56720,511.417,1980
266457809574734,95,55,56720,532.515,1980
266457859684135,95,55,56720,532.515,1980
266457909791833,95,55,56720,555.441,1980
266457959901285,95,55,56720,555.441,1980
266458010025668,95,53,56720,578.118,1980
266458060140129,95,53,56720,578.118,1980
266458110251232,95,53,56720,602.115,1980
266458160361420,95,53,56720,602.115,1980
266458210475516,96,51,56720,602.163,1980
266458260592280,96,51,56720,602.163,1980
266458310703870,96,51,56720,592.828,1980
266458360814057,96,51,56720,592.828,1980
266458412568488,98,54,56720,590.822,1980
266458463306486,98,54,56720,590.822,1980
266458514480247,98,54,56720,562.95,1980
266458565153937,98,54,56720,562.95,1980
266458616100090,33,30,56720,521.689,1980
266458667923911,33,30,56720,521.689,1980
266458718078000,33,30,56720,482.421,1980
266458769877946,33,30,56720,482.421,1980
266458820203300,74,36,56720,463.103,1980
266458870358097,74,36,56720,463.103,1980
266458920495802,74,36,56720,439.519,1980
266458971619709,74,36,56720,439.519,1980
266459022815069,78,39,56720,420.693,1980
266459073454362,78,39,56720,420.693,1980
266459124630360,78,39,56720,399.802,1980
266459175540788,78,39,56720,399.802,1980
266459225683064,93,46,56720,382.401,1980
266459275856767,93,46,56720,382.401,1980
266459325975727,93,46,56720,366.643,1980
266459376093766,93,46,56720,366.643,1980
266459429554240,100,50,56720,344.18,1980
266459479670589,100,50,56720,344.18,1980
266459529793142,100,50,56720,352.982,1980
266459579905689,100,50,56720,352.982,1980
266459630117626,98,51,56720,392.894,1980
266459680261383,98,51,56720,392.894,1980
266459730375201,98,51,56720,441.35,1980
266459780495279,98,51,56720,441.35,1980
266459830605754,89,45,56720,462.786,1980
266459880728536,89,45,56720,462.786,1980
266459930846038,89,45,56720,483.697,1980
266459980956179,89,45,56720,483.697,1980
266460031072081,98,54,56720,505.959,1980
266460081195134,98,54,56720,505.959,1980
266460131316733,98,54,56720,528.047,1980
266460181470471,98,54,56720,528.047,1980
266460231718976,95,54,56720,547.427,1980
266460281833658,95,54,56720,547.427,1980
266460331943772,95,54,56720,564.662,1980
266460382049620,95,54,56720,564.662,1980
266460432161043,95,54,56720,588.225,1980
266460482276868,95,54,56720,588.225,1980
266460532391182,95,54,56720,606.059,1980
266460582498503,95,54,56720,606.059,1980
266460632604038,95,54,56720,601.524,1980
266460682712703,95,54,56720,601.524,1980
266460732819993,95,54,56720,601.371,1980
266460783689903,95,54,56720,601.371,1980
266460834864540,72,51,56720,588.365,1980
266460885557857,72,51,56720,548.022,1980
266460936431529,72,51,56720,548.022,1980
266460987162729,2,1,56720,504.408,1980
266461037849607,2,1,56720,504.408,1980
266461087988271,2,1,56720,480.245,1980
266461138430873,2,1,56720,480.245,1980
266461189789721,74,37,56720,458.011,1980
266461240875631,74,37,56720,458.011,1980
266461291937938,74,37,56720,441.614,1980
266461342112807,74,37,56720,441.614,1980
266461392562980,92,45,56720,422.335,1980
266461442688549,92,45,56720,422.335,1980
266461493136721,92,45,56720,405.004,1980
266461543667009,92,45,56720,405.004,1980
266461594137544,100,50,56720,381.618,1980
266461644274822,100,50,56720,381.618,1980
266461694424603,100,50,56720,356.772,1980
266461744547458,100,50,56720,356.772,1980
266461794660321,70,35,56720,350.033,1980
266461844778733,70,35,56720,350.033,1980
266461894892687,70,35,56720,401.13,1980
266461945008459,70,35,56720,401.13,1980
266461995119275,98,49,56720,444.719,1980
266462045228150,98,49,56720,444.719,1980
266462095341554,98,49,56720,468.21,1980
266462145464671,98,49,56720,468.21,1980
266462195583240,97,50,56720,487.062,1980
266462245698236,97,50,56720,487.062,1980
266462295806358,97,50,56720,506.194,1980
266462345915715,97,50,56720,506.194,1980
266462396030954,96,55,56720,525.122,1980
266462446136935,96,55,56720,525.122,1980
266462496246125,96,55,56720,542.655,1980
266462546363712,96,55,56720,542.655,1980
266462596474406,96,54,56720,564.032,1980
266462646581939,96,54,56720,564.032,1980
266462696686863,96,54,56720,590.164,1980
266462746792372,96,54,56720,590.164,1980
266462796899664,96,54,56720,605.412,1980
266462847030100,96,54,56720,605.412,1980
266462897137670,96,54,56720,596.937,1980
266462947244823,96,54,56720,596.937,1980
266462997351961,95,62,56720,585.994,1980
266463048038762,95,62,56720,585.994,1980
266463099277853,95,62,56720,548.749,1980
266463150129412,95,62,56720,548.749,1980
266463200909021,2,1,56720,513.087,1980
266463251073753,2,1,56720,513.087,1980
266463301203876,2,1,56720,482.45,1980
266463352896127,2,1,56720,482.45,1980
266463404113089,73,36,56720,461.806,1980
266463455596248,73,36,56720,461.806,1980
266463506585201,73,36,56720,436.408,1980
266463557133135,73,36,56720,436.408,1980
266463607311729,87,43,56720,418.679,1980
266463657478336,87,43,56720,418.679,1980
266463707643661,87,43,56720,395.04,1980
266463757839145,87,43,56720,395.04,1980
266463807998158,100,50,56720,373.954,1980
266463858131125,100,50,56720,373.954,1980
266463908244765,100,50,56720,349.721,1980
266463958361893,100,50,56720,349.721,1980
266464008479884,66,33,56720,340.251,1980
266464059644182,66,33,56720,340.251,1980
266464109774511,66,33,56720,383.693,1980
266464159905382,66,33,56720,383.693,1980
266464210024347,97,49,56720,428.46,1980
266464260139914,97,49,56720,428.46,1980
266464310268280,97,49,56720,461.222,1980
266464360396923,97,49,56720,461.222,1980
266464410512917,95,51,56720,481.864,1980
266464460621183,95,51,56720,481.864,1980
266464510730484,95,51,56720,500.758,1980
266464560837661,95,51,56720,500.758,1980
266464610947009,95,53,56720,523.072,1980
266464661055723,95,53,56720,523.072,1980
266464711166298,95,53,56720,538.985,1980
266464761272612,95,53,56720,538.985,1980
266464811379837,95,51,56720,557.185,1980
266464861499381,95,51,56720,557.185,1980
266464911614777,95,51,56720,583.657,1980
266464961729081,95,51,56720,583.657,1980
266465011841309,95,54,56720,592.818,1980
266465062117151,95,54,56720,592.818,1980
266465112224762,95,54,56720,582.195,1980
266465162901377,95,54,56720,582.195,1980
266465213519883,17,17,56720,548.723,1980
266465264580281,17,17,56720,548.723,1980
266465316948731,17,17,56720,503.663,1980
266465367103588,17,17,56720,503.663,1980
266465417294527,35,17,56720,475.506,1980
266465468668841,35,17,56720,475.506,1980
266465519913968,35,17,56720,450.506,1980
266465571426235,35,17,56720,450.506,1980
266465622936230,75,37,56720,432.983,1980
266465674019382,75,37,56720,432.983,1980
266465724864442,75,37,56720,412.95,1980
266465775004083,75,37,56720,412.95,1980
266465825129564,94,46,56720,392.51,1980
266465875686484,94,46,56720,392.51,1980
266465926433680,94,46,56720,376.22,1980
266465977399997,94,46,56720,376.22,1980
266466027711970,100,50,56720,358.313,1980
266466077857373,100,50,56720,358.313,1980
266466127981267,100,50,56720,335.01,1980
266466178094109,100,50,56720,335.01,1980
266466228207819,88,46,56720,370.009,1980
266466278326834,88,46,56720,370.009,1980
266466328442481,88,46,56720,424.243,1980
266466378554853,88,46,56720,424.243,1980
266466428668079,98,50,56720,461.876,1980
266466478777841,98,50,56720,461.876,1980
266466528911745,98,50,56720,481.948,1980
266466579047513,98,50,56720,481.948,1980
266466629166454,95,53,56720,501.325,1980
266466679279784,95,53,56720,501.325,1980
266466729388272,95,53,56720,523.212,1980
266466779500468,95,53,56720,523.212,1980
266466829616104,97,57,56720,541.443,1980
266466879739472,97,57,56720,541.443,1980
266466929853338,97,57,56720,559.348,1980
266466979964000,97,57,56720,559.348,1980
266467030091372,95,54,56720,589.197,1965
266467080206749,95,54,56720,589.197,1965
266467130315266,95,54,56720,614.57,1965
266467180425631,95,54,56720,614.57,1965
266467230533506,97,54,56720,610.37,1965
266467280746628,97,54,56720,610.37,1965
266467330858156,97,54,56720,605.831,1980
266467380970007,97,54,56720,605.831,1980
266467431076723,95,55,56720,598.431,1980
266467482250983,95,55,56720,598.431,1980
266467532904739,95,55,56720,582.891,1980
266467583602005,95,55,56720,582.891,1980
266467634581425,2,2,56720,544.049,1980
266467686174948,2,2,56720,544.049,1980
266467736372773,2,2,56720,510.151,1980
266467786487397,2,2,56720,510.151,1980
266467837850178,71,35,56720,485.375,1980
266467888929366,71,35,56720,467.936,1980
266467940279853,71,35,56720,467.936,1980
266467990749827,81,40,56720,443.954,1980
266468041724683,81,40,56720,443.954,1980
266468091861366,81,40,56720,419.874,1980
266468141991982,81,40,56720,419.874,1980
266468192127627,100,50,56720,399.882,1980
266468242450326,100,50,56720,399.882,1980
266468292942021,100,50,56720,371.551,1980
266468343074079,100,50,56720,371.551,1980
266468400423979,100,50,56720,353.072,1980
266468450542654,100,50,56720,353.072,1980
266468500677213,100,50,56720,354.018,1980
266468550803124,100,50,56720,354.018,1980
266468600913642,98,49,56720,398.83,1980
266468651028496,98,49,56720,398.83,1980
266468701160626,98,49,56720,445.272,1980
266468751276166,98,49,56720,445.272,1980
266468801384808,90,47,56720,465.721,1980
266468851491229,90,47,56720,465.721,1980
266468901598992,90,47,56720,488.121,1980
266468951706516,90,47,56720,488.121,1980
266469001818700,95,53,56720,505.329,1980
266469051931202,95,53,56720,505.329,1980
266469102045946,95,53,56720,524.952,1980
266469152152366,95,53,56720,524.952,1980
266469202259836,95,54,56720,547.763,1980
266469252368419,95,54,56720,547.763,1980
266469302475110,95,54,56720,573.891,1980
266469352582659,95,54,56720,573.891,1980
266469402693168,95,53,56720,597.635,1980
266469452806898,95,53,56720,597.635,1980
266469502914391,95,53,56720,608.475,1980
266469553024263,95,53,56720,608.475,1980
266469603134947,95,54,56720,598.526,1980
266469653260764,95,54,56720,598.526,1980
266469703968260,95,54,56720,581.4,1980
266469754765730,95,54,56720,581.4,1980
266469805977845,79,55,56720,541.094,1980
266469856910872,79,55,56720,541.094,1980
266469907054139,79,55,56720,498.5,1980
266469958475961,79,55,56720,498.5,1980
266470008598678,62,30,56720,477.018,1980
266470059406306,62,30,56720,477.018,1980
266470110984481,62,30,56720,458.383,1980
266470161734271,62,30,56720,458.383,1980
266470211854239,84,41,56720,433.223,1980
266470262085812,84,41,56720,433.223,1980
266470312639106,84,41,56720,416.8,1980
266470363328336,84,41,56720,416.8,1980
266470413454316,100,50,56720,394.707,1980
266470463567135,100,50,56720,394.707,1980
266470513677148,100,50,56720,373.846,1980
266470564049409,100,50,56720,373.846,1980
266470614170252,100,50,56720,351.425,1980
266470664288100,100,50,56720,351.425,1980
266470714400254,100,50,56720,355.721,1980
266470764516651,100,50,56720,355.721,1980
266470814629979,98,50,56720,405.651,1980
266470864755319,98,50,56720,405.651,1980
266470914885578,98,50,56720,443.277,1980
266470964999133,98,50,56720,443.277,1980
266471015116822,90,48,56720,469.204,1980
266471065226821,90,48,56720,469.204,1980
266471115340945,90,48,56720,491.487,1980
266471165458222,90,48,56720,491.487,1980
266471215570701,97,53,56720,511.537,1980
266471265775524,97,53,56720,511.537,1980
266471315890081,97,53,56720,530.314,1980
266471366009542,97,53,56720,530.314,1980
266471416119908,98,55,56720,547.927,1980
266471466231693,98,55,56720,547.927,1980
266471516368347,98,55,56720,570.016,1980
266471566483150,98,55,56720,570.016,1980
266471616594889,95,54,56720,592.675,1980
266471666702243,95,54,56720,592.675,1980
266471716813116,95,54,56720,605.365,1980
266471766924428,95,54,56720,605.365,1980
266471817039260,97,55,56720,597.0,1980
266471867152009,97,55,56720,597.0,1980
266471917258319,97,55,56720,593.643,1980
266471967890410,97,55,56720,593.643,1980
266472019086049,28,27,56720,562.177,1980
266472070064103,28,27,56720,562.177,1980
266472131134894,28,27,56720,518.238,1980
266472181267022,28,27,56720,518.238,1980
266472232601556,25,12,56720,483.614,1980
266472284240068,25,12,56720,483.614,1980
266472334359473,25,12,56720,464.368,1980
266472385655880,25,12,56720,464.368,1980
266472436462536,75,37,56720,437.717,1980
266472486618862,75,37,56720,437.717,1980
266472536748966,75,37,56720,417.029,1980
266472587161494,75,37,56720,417.029,1980
266472637775100,98,49,56720,402.478,1980
266472688205672,98,49,56720,402.478,1980
266472738558621,98,49,56720,382.113,1980
266472788729775,98,49,56720,382.113,1980
266472838870498,100,50,56720,357.834,1980
266472889011169,100,50,56720,357.834,1980
266472939133314,100,50,56720,332.696,1980
266472989243745,100,50,56720,332.696,1980
266473039365150,97,49,56720,370.923,1980
266473089510698,97,49,56720,370.923,1980
266473139621345,97,49,56720,419.569,1980
266473189733171,97,49,56720,419.569,1980
266473239849940,90,46,56720,455.36,1980
266473289969938,90,46,56720,455.36,1980
266473340079600,90,46,56720,478.748,1980
266473390189484,90,46,56720,478.748,1980
266473440299657,95,53,56720,504.211,1980
266473490416465,95,53,56720,504.211,1980
266473540548732,95,53,56720,526.955,1980
266473590656587,95,53,56720,526.955,1980
266473640771139,95,54,56720,552.151,1980
266473690883750,95,54,56720,552.151,1980
266473740994522,95,54,56720,568.224,1980
266473791109374,95,54,56720,568.224,1980
266473841217760,95,55,56720,596.281,1980
266473891328055,95,55,56720,596.281,1980
266473941438441,95,55,56720,614.31,1980
266473991552465,95,55,56720,614.31,1980
266474041659963,95,54,56720,615.514,1980
266474091775107,95,54,56720,615.514,1980
266474141892236,95,54,56720,610.777,1980
266474192873821,72,51,56720,592.847,1980
266474243896115,72,51,56720,592.847,1980
266474294616833,72,51,56720,546.477,1980
266474345383296,72,51,56720,546.477,1980
266474395533336,2,1,56720,508.364,1980
266474445670116,2,1,56720,508.364,1980
266474498128508,2,1,56720,482.966,1980
266474549004643,2,1,56720,482.966,1980
266474599182260,75,37,56720,456.876,1980
266474650468682,75,37,56720,456.876,1980
266474701109642,75,37,56720,437.793,1980
266474751254128,75,37,56720,437.793,1980
266474806567136,92,45,56720,416.578,1980
266474856837181,92,45,56720,416.578,1980
266474907410007,92,45,56720,393.441,1980
266474957667853,92,45,56720,393.441,1980
266475007787451,100,50,56720,369.99,1980
266475057923231,100,50,56720,369.99,1980
266475109353509,100,50,56720,350.564,1980
266475159471366,100,50,56720,350.564,1980
266475209595864,81,41,56720,348.627,1980
266475259718187,81,41,56720,348.627,1980
266475309832464,81,41,56720,396.611,1980
266475359943847,81,41,56720,396.611,1980
266475410056693,98,50,56720,448.521,1980
266475460186839,98,50,56720,448.521,1980
266475510300605,98,50,56720,475.915,1980
266475560424876,98,50,56720,475.915,1980
266475610538835,97,50,56720,501.379,1980
266475660649735,97,50,56720,501.379,1980
266475710757565,97,50,56720,521.523,1980
266475760863624,97,50,56720,521.523,1980
266475810973029,98,55,56720,541.838,1980
266475861086614,98,55,56720,541.838,1980
266475911194975,98,55,56720,557.622,1980
266475961303806,98,55,56720,557.622,1980
266476011411099,95,54,56720,579.576,1980
266476061518216,95,54,56720,579.576,1980
266476111632295,95,54,56720,606.006,1980
266476162450744,95,54,56720,606.006,1980
266476212559275,95,55,56720,616.12,1980
266476262677512,95,55,56720,616.12,1980
266476312788375,95,55,56720,607.836,1980
266476362898800,95,55,56720,607.836,1980
266476413017752,95,54,56720,600.9,1980
266476463492570,95,54,56720,600.9,1980
266476514479032,95,54,56720,577.33,1980
266476565539947,95,54,56720,577.33,1980
266476616307555,2,2,56720,532.881,1980
266476666439725,2,2,56720,532.881,1980
266476716776259,2,2,56720,496.117,1980
266476766953088,2,2,56720,496.117,1980
266476817743886,72,34,56720,470.487,1980
266476868363403,72,34,56720,470.487,1980
266476919813165,72,34,56720,453.022,1980
266476969964217,72,34,56720,453.022,1980
266477020572754,82,40,56720,432.959,1980
266477071275723,82,40,56720,432.959,1980
266477121419178,82,40,56720,416.598,1980
266477171534781,82,40,56720,416.598,1980
266477221691537,100,49,56720,394.587,1980
266477271848517,100,49,56720,394.587,1980
266477321965482,100,49,56720,372.494,1980
266477372136096,100,49,56720,372.494,1980
266477422256125,100,50,56720,349.883,1980
266477472371559,100,50,56720,349.883,1980
266477522496616,100,50,56720,357.56,1980
266477572606522,100,50,56720,357.56,1980
266477622717437,98,50,56720,409.85,1980
266477672830403,98,50,56720,409.85,1980
266477722956794,98,50,56720,458.633,1980
266477773069168,98,50,56720,458.633,1980
266477823185185,90,48,56720,475.445,1980
266477873305584,90,48,56720,475.445,1980
266477923423641,90,48,56720,501.311,1980
266477973533681,90,48,56720,501.311,1980
266478023644855,97,53,56720,516.482,1980
266478073757418,97,53,56720,516.482,1980
266478123866461,97,53,56720,537.558,1980
266478173976735,97,53,56720,537.558,1980
266478224088514,98,55,56720,558.513,1980
266478274197996,98,55,56720,558.513,1980
266478324323536,98,55,56720,576.595,1980
266478374439762,98,55,56720,576.595,1980
266478424729685,95,54,56720,598.533,1980
266478474843796,95,54,56720,598.533,1980
266478524952474,95,54,56720,604.43,1980
266478575059605,95,54,56720,604.43,1980
266478625173525,97,53,56720,599.294,1980
266478675286845,97,53,56720,599.294,1980
266478726260359,97,53,56720,589.851,1980
266478776944762,97,53,56720,589.851,1980
266478827834656,25,25,56720,551.579,1980
266478878932500,25,25,56720,551.579,1980
266478929288877,25,25,56720,516.302,1980
266478979432671,25,25,56720,516.302,1980
266479030680992,26,12,56720,478.187,1980
266479081185171,26,12,56720,478.187,1980
266479131731284,26,12,56720,456.368,1980
266479182491617,26,12,56720,456.368,1980
266479233396315,81,39,56720,437.06,1980
266479283555273,81,39,56720,437.06,1980
266479334162453,81,39,56720,421.471,1980
266479384285874,81,39,56720,421.471,1980
266479434451699,100,50,56720,396.683,1980
266479484579631,100,50,56720,396.683,1980
266479534778738,100,50,56720,378.996,1980
266479584906113,100,50,56720,378.996,1980
266479637225376,100,50,56720,357.621,1980
266479687339014,100,50,56720,357.621,1980
266479737474026,100,50,56720,342.778,1980
266479787590199,100,50,56720,342.778,1980
266479837700887,97,49,56720,372.919,1980
266479887811469,97,49,56720,372.919,1980
266479937946245,97,49,56720,430.414,1980
266479988065871,97,49,56720,430.414,1980
266480038187872,91,44,56720,466.381,1980
266480088305329,91,44,56720,466.381,1980
266480138427878,91,44,56720,489.467,1980
266480188536944,91,44,56720,489.467,1980
266480238646249,98,54,56720,506.031,1980
266480288756807,98,54,56720,506.031,1980
266480338866988,98,54,56720,528.897,1980
266480388984361,98,54,56720,528.897,1980
266480439097926,95,53,56720,549.133,1980
266480489212090,95,53,56720,549.133,1980
266480539320064,95,53,56720,568.56,1980
266480589428869,95,53,56720,568.56,1980
266480639541219,97,52,56720,584.716,1980
266480689649345,97,52,56720,584.716,1980
266480739759973,97,52,56720,605.824,1980
266480789872347,97,52,56720,605.824,1980
266480839988416,98,54,56720,600.225,1980
266480890122095,98,54,56720,600.225,1980
266480942117353,98,54,56720,592.428,1980
266480992855829,98,54,56720,592.428,1980
266481043828881,58,44,56720,563.087,1980
266481094940682,58,44,56720,563.087,1980
266481145060588,58,44,56720,521.68,1980
266481195257583,58,44,56720,521.68,1980
266481245392416,5,3,56720,485.431,1980
266481296846823,5,3,56720,462.089,1980
266481347043445,5,3,56720,462.089,1980
266481397209753,73,36,56720,439.178,1980
266481448323622,73,36,56720,439.178,1980
266481498490112,73,36,56720,421.878,1980
266481549114098,73,36,56720,421.878,1980
266481599232101,89,44,56720,402.813,1980
266481650096411,89,44,56720,402.813,1980
266481700252433,89,44,56720,388.002,1980
266481750430115,89,44,56720,388.002,1980
266481800595082,100,50,56720,361.021,1980
266481850758385,100,50,56720,361.021,1980
266481904850237,100,50,56720,338.553,1980
266481954974626,100,50,56720,338.553,1980
266482005092891,80,40,56720,363.18,1980
266482055202326,80,40,56720,363.18,1980
266482105389709,80,40,56720,409.22,1980
266482155630700,80,40,56720,409.22,1980
266482205759378,98,48,56720,445.222,1980
266482255868769,98,48,56720,445.222,1980
266482305977327,98,48,56720,466.736,1980
266482356084872,98,48,56720,466.736,1980
266482406202911,95,52,56720,487.116,1980
266482456318822,95,52,56720,487.116,1980
266482506434408,95,52,56720,509.781,1980
266482556543337,95,52,56720,509.781,1980
266482606657933,97,52,56720,525.084,1980
266482656791417,97,52,56720,525.084,1980
266482706913360,97,52,56720,545.842,1980
266482757028913,97,52,56720,545.842,1980
266482807139461,95,54,56720,561.173,1980
266482857254240,95,54,56720,561.173,1980
266482907363896,95,54,56720,580.772,1980
266482957475766,95,54,56720,580.772,1980
266483007598380,95,53,56720,585.89,1980
266483057712242,95,53,56720,585.89,1980
266483107826072,95,53,56720,582.204,1980
266483157933807,95,53,56720,582.204,1980
266483208954668,63,47,56720,551.596,1980
266483259754932,63,47,56720,551.596,1980
266483310723608,63,47,56720,512.596,1980
266483365408885,63,47,56720,512.596,1980
266483416964636,2,1,56720,478.251,1980
266483467118180,2,1,56720,478.251,1980
266483518524873,2,1,56720,457.804,1980
266483569689158,2,1,56720,457.804,1980
266483620400399,75,37,56720,435.071,1980
266483670534658,75,37,56720,435.071,1980
266483720695726,75,37,56720,420.425,1980
266483770861553,75,37,56720,420.425,1980
266483821210056,99,49,56720,395.233,1980
266483871586848,99,49,56720,395.233,1980
266483921980558,99,49,56720,381.139,1980
266483972115759,99,49,56720,381.139,1980
266484022261200,100,50,56720,361.38,1980
266484072378843,100,50,56720,361.38,1980
266484122490142,100,50,56720,334.723,1980
266484172628759,100,50,56720,334.723,1980
266484222755614,82,40,56720,366.809,1980
266484272875818,82,40,56720,366.809,1980
266484322984536,82,40,56720,409.413,1980
266484373115887,82,40,56720,409.413,1980
266484423232643,92,45,56720,450.021,1980
266484473340618,92,45,56720,450.021,1980
266484523445916,92,45,56720,470.38,1980
266484573554720,92,45,56720,470.38,1980
266484623662981,95,52,56720,487.83,1980
266484673774265,95,52,56720,487.83,1980
266484723900081,95,52,56720,506.957,1980
266484774018195,95,52,56720,506.957,1980
266484824151038,95,53,56720,526.838,1980
266484874263100,95,53,56720,526.838,1980
266484924371425,95,53,56720,546.843,1980
266484974483519,95,53,56720,546.843,1980
266485024589671,97,52,56720,567.073,1980
266485074703168,97,52,56720,567.073,1980
266485124816136,97,52,56720,587.805,1980
266485174926027,97,52,56720,587.805,1980
266485225048895,95,54,56720,580.961,1980
266485275162789,95,54,56720,580.961,1980
266485325271265,95,54,56720,569.153,1980
266485375938498,95,54,56720,569.153,1980
266485426622993,38,33,56720,533.941,1980
266485477268724,38,33,56720,533.941,1980
266485527986002,38,33,56720,491.309,1980
266485579334166,38,33,56720,491.309,1980
266485629491999,13,6,56720,463.136,1980
266485680982257,13,6,56720,463.136,1980
266485732509513,13,6,56720,444.852,1980
266485782672202,13,6,56720,444.852,1980
266485833887097,76,38,56720,426.99,1980
266485884133273,76,38,56720,426.99,1980
266485935014325,76,38,56720,404.927,1980
266485985152339,76,38,56720,404.927,1980
266486035315769,100,49,56720,388.424,1980
266486085449137,100,49,56720,388.424,1980
266486135625681,100,49,56720,374.841,1980
266486185798456,100,49,56720,374.841,1980
266486235929936,100,50,56720,351.484,1980
266486286114752,100,50,56720,351.484,1980
266486336242552,100,50,56720,334.602,1980
266486386353685,100,50,56720,334.602,1980
266486436464925,81,42,56720,368.828,1980
266486486575873,81,42,56720,368.828,1980
266486536689298,81,42,56720,411.592,1980
266486586809013,81,42,56720,411.592,1980
266486636926345,98,51,56720,448.66,1980
266486687044900,98,51,56720,448.66,1980
266486737166116,98,51,56720,464.95,1980
266486787288541,98,51,56720,464.95,1980
266486837403454,95,52,56720,487.146,1980
266486887516808,95,52,56720,487.146,1980
266486937636551,95,52,56720,504.236,1980
266486987769331,95,52,56720,504.236,1980
266487037891806,98,56,56720,522.18,1980
266487088008943,98,56,56720,522.18,1980
266487138119166,98,56,56720,545.032,1980
266487188233499,98,56,56720,545.032,1980
266487238370889,95,55,56720,563.063,1980
266487288490046,95,55,56720,563.063,1980
266487338615466,95,55,56720,586.854,1980
266487388728801,95,55,56720,586.854,1980
266487438845722,95,56,56720,588.211,1980
266487488970345,95,56,56720,588.211,1980
266487539093108,95,56,56720,580.358,1980
266487589208075,95,56,56720,580.358,1980
266487639319529,95,55,56720,577.583,1980
266487690031272,95,55,56720,577.583,1980
266487741150832,95,55,56720,561.067,1980
266487792168772,95,55,56720,561.067,1980
266487843349854,2,2,56720,522.303,1980
266487893537542,2,2,56720,522.303,1980
266487943732184,2,2,56720,487.916,1980
266487995335792,2,2,56720,487.916,1980
266488045468678,67,32,56720,466.287,1980
266488095663307,67,32,56720,466.287,1980
266488146926683,67,32,56720,439.572,1980
266488197496533,67,32,56720,439.572,1980
266488247667480,80,39,56720,425.027,1980
266488297802808,80,39,56720,425.027,1980
266488347962137,80,39,56720,407.727,1980
266488398087663,80,39,56720,407.727,1980
266488448268785,99,49,56720,386.093,1980
266488498414342,99,49,56720,386.093,1980
266488548569092,99,49,56720,371.141,1980
266488598712603,99,49,56720,371.141,1980
266488648831040,100,51,56720,349.804,1980
266488698956778,100,51,56720,349.804,1980
266488749090714,100,51,56720,365.222,1980
266488799205349,100,51,56720,365.222,1980
266488849320832,98,48,56720,412.117,1980
266488899455915,98,48,56720,461.916,1980
266488949575403,98,48,56720,461.916,1980
266488999689322,98,48,56720,481.895,1980
266489049800952,89,44,56720,481.895,1980
266489099914904,89,44,56720,503.061,1980
266489150034159,89,44,56720,503.061,1980
266489200143943,95,54,56720,523.811,1980
266489250252354,95,54,56720,523.811,1980
266489300362780,95,54,56720,538.662,1980
266489350471414,95,54,56720,538.662,1980
266489400581856,95,53,56720,559.313,1980
266489450694871,95,53,56720,559.313,1980
266489500808759,95,53,56720,578.327,1980
266489550917702,95,53,56720,578.327,1980
266489601036573,97,51,56720,599.176,1980
266489651146000,97,51,56720,599.176,1980
266489701255761,97,51,56720,610.351,1980
266489751368629,97,51,56720,610.351,1980
266489801507123,98,54,56720,598.81,1980
266489851617567,98,54,56720,598.81,1980
266489901731229,98,54,56720,594.95,1980
266489951842039,98,54,56720,594.95,1980
266490002557557,64,46,56720,571.199,1980
266490053624023,64,46,56720,571.199,1980
266490104450916,64,46,56720,528.843,1980
266490155885591,64,46,56720,528.843,1980
266490206072019,2,1,56720,493.244,1980
266490257798006,2,1,56720,493.244,1980
266490307966614,2,1,56720,470.359,1980
266490358400589,2,1,56720,470.359,1980
266490408549859,76,37,56720,446.217,1980
266490459679287,76,37,56720,446.217,1980
266490509847480,76,37,56720,425.501,1980
266490560059135,76,37,56720,425.501,1980
266490610581293,98,48,56720,406.603,1980
266490660703197,98,48,56720,406.603,1980
266490710815100,98,48,56720,392.482,1980
266490760933769,98,48,56720,392.482,1980
266490811231382,100,50,56720,368.463,1980
266490861352102,100,50,56720,368.463,1980
266490911481810,100,50,56720,342.646,1980
266490961596770,100,50,56720,342.646,1980
266491011721004,81,41,56720,368.566,1980
266491061831203,81,41,56720,368.566,1980
266491112377223,81,41,56720,411.881,1980
266491162492310,81,41,56720,411.881,1980
266491212607927,98,50,56720,454.737,1980
266491262724805,98,50,56720,454.737,1980
266491312837188,98,50,56720,475.694,1980
266491362949510,98,50,56720,475.694,1980
266491413202673,95,52,56720,494.962,1980
266491463321498,95,52,56720,494.962,1980
266491513440074,95,52,56720,513.716,1980
266491563564972,95,52,56720,513.716,1980
266491613684834,97,53,56720,532.222,1980
266491663857774,97,53,56720,532.222,1980
266491713968233,97,53,56720,550.309,1980
266491764053415,97,53,56720,550.309,1980
266491814162255,98,55,56720,568.634,1980
266491864278904,98,55,56720,568.634,1980
266491914404682,98,55,56720,595.395,1980
266491964520121,98,55,56720,595.395,1980
266492014630946,95,54,56720,590.562,1980
266492064760553,95,54,56720,590.562,1980
266492114868217,95,54,56720,582.165,1980
266492164976585,95,54,56720,582.165,1980
266492215649732,97,64,56720,569.992,1980
266492266517987,97,64,56720,569.992,1980
266492317374050,97,64,56720,531.002,1980
266492368334395,97,64,56720,531.002,1980
266492422118963,2,2,56720,488.711,1980
266492473114825,2,2,56720,488.711,1980
266492523263089,2,2,56720,467.389,1980
266492575253116,2,2,56720,467.389,1980
266492625773922,73,36,56720,450.11,1980
266492675931248,73,36,56720,450.11,1980
266492726075065,73,36,56720,430.886,1980
266492776888149,73,36,56720,430.886,1980
266492827317153,95,46,56720,407.633,1980
266492877893061,95,46,56720,407.633,1980
266492928030604,95,46,56720,389.064,1980
266492978177945,95,46,56720,389.064,1980
266493028331131,100,50,56720,372.042,1980
266493078446513,100,50,56720,372.042,1980
266493128887729,100,50,56720,349.541,1980
266493179010147,100,50,56720,349.541,1980
266493229128963,78,40,56720,343.82,1980
266493279261284,78,40,56720,343.82,1980
266493329369133,78,40,56720,398.77,1965
266493379488800,78,40,56720,398.77,1965
266493429615624,99,54,56720,443.351,1965
266493479726187,99,54,56720,443.351,1965
266493529845198,99,54,56720,477.028,1965
266493579954765,99,54,56720,477.028,1965
266493630052468,98,55,56720,497.956,1980
266493680162432,98,55,56720,497.956,1980
266493730268256,98,55,56720,518.51,1980
266493780396185,98,55,56720,518.51,1980
266493830501181,96,57,56720,539.076,1980
266493880611930,96,57,56720,539.076,1980
266493930724588,96,57,56720,558.033,1980
266493980849536,96,57,56720,558.033,1980
266494030965181,98,58,56720,586.474,1980
266494081074137,98,58,56720,586.474,1980
266494131945947,98,58,56720,612.91,1980
266494182056906,98,58,56720,612.91,1980
266494232165816,95,57,56720,624.104,1980
266494282272903,95,57,56720,624.104,1980
266494332383630,95,57,56720,615.338,1980
266494382505050,95,57,56720,615.338,1980
266494432618679,98,58,56720,610.327,1980
266494482727369,98,58,56720,610.327,1980
266494535580367,98,58,56720,607.383,1980
266494586602368,98,58,56720,607.383,1980
266494637917291,58,45,56720,578.257,1980
266494688643035,58,45,56720,578.257,1980
266494739344996,58,45,56720,535.167,1980
266494791584567,58,45,56720,535.167,1980
266494841767093,6,3,56720,500.277,1980
266494891920709,6,3,56720,500.277,1980
266494943089512,6,3,56720,475.714,1980
266494993243940,6,3,56720,475.714,1980
266495044237454,75,37,56720,456.012,1980
266495094360658,75,37,56720,456.012,1980
266495145039803,75,37,56720,432.864,1980
266495195157214,75,37,56720,432.864,1980
266495245340743,97,48,56720,410.89,1980
266495295457438,97,48,56720,410.89,1980
266495345674658,97,48,56720,391.864,1980
266495395810146,97,48,56720,391.864,1980
266495445918879,100,50,56720,361.703,1980
266495496041073,100,50,56720,361.703,1980
266495546172878,100,50,56720,339.559,1980
266495596282099,100,50,56720,339.559,1980
266495646411368,80,40,56720,370.741,1980
266495696530291,80,40,56720,370.741,1980
266495746655474,80,40,56720,414.64,1980
266495796791916,80,40,56720,414.64,1980
266495846906513,98,48,56720,454.755,1980
266495897034293,98,48,56720,454.755,1980
266495947177516,98,48,56720,480.138,1980
266495997294613,98,48,56720,480.138,1980
266496047492861,96,52,56720,503.571,1980
266496097635738,96,52,56720,503.571,1980
266496147745756,96,52,56720,522.053,1980
266496197856462,96,52,56720,522.053,1980
266496247967332,96,54,56720,542.655,1980
266496298080049,96,54,56720,542.655,1980
266496348193113,96,54,56720,562.18,1980
266496398301686,96,54,56720,562.18,1980
266496448407661,96,55,56720,584.99,1980
266496498543186,96,55,56720,584.99,1980
266496548659209,96,55,56720,612.439,1980
266496598785056,96,55,56720,612.439,1980
266496648897154,95,54,56720,605.04,1980
266496699009380,95,54,56720,605.04,1980
266496751469413,95,54,56720,597.65,1980
266496802248473,95,54,56720,597.65,1980
266496853158648,65,47,56720,568.565,1980
266496904260233,65,47,56720,524.621,1980
266496965354735,65,47,56720,524.621,1980
266497015512299,2,1,56720,491.343,1980
266497065719022,2,1,56720,491.343,1980
266497117051983,2,1,56720,465.65,1980
266497168258366,2,1,56720,465.65,1980
266497218430272,74,37,56720,444.176,1980
266497268589623,74,37,56720,444.176,1980
266497318702496,74,37,56720,424.308,1980
266497369620228,74,37,56720,424.308,1980
266497419745110,92,46,56720,405.202,1980
266497469921702,92,46,56720,405.202,1980
266497520218975,92,46,56720,388.544,1980
266497570398413,92,46,56720,388.544,1980
266497620587989,100,50,56720,369.405,1980
266497670723526,100,50,56720,369.405,1980
266497720839897,100,50,56720,345.153,1980
266497770963199,100,50,56720,345.153,1980
266497821075729,74,36,56720,363.013,1980
266497871182442,74,36,56720,363.013,1980
266497921292609,74,36,56720,409.77,1980
266497971405532,74,36,56720,409.77,1980
266498021527865,98,48,56720,455.691,1980
266498071639524,98,48,56720,455.691,1980
266498121748646,98,48,56720,476.428,1980
266498171858963,98,48,56720,476.428,1980
266498221965830,96,51,56720,497.924,1980
266498272071454,96,51,56720,497.924,1980
266498322184114,96,51,56720,514.248,1980
266498372310896,96,51,56720,514.248,1980
266498422432121,96,54,56720,533.165,1980
266498472544699,96,54,56720,533.165,1980
266498522653375,96,54,56720,549.106,1980
266498572757097,96,54,56720,549.106,1980
266498622865251,97,53,56720,569.356,1980
266498672973791,97,53,56720,569.356,1980
266498723080108,97,53,56720,593.433,1980
266498773186006,97,53,56720,593.433,1980
266498823299704,96,53,56720,602.864,1980
266498873412685,96,53,56720,602.864,1980
266498923524355,96,53,56720,601.56,1980
266498975801705,96,53,56720,601.56,1980
266499026631463,91,61,56720,583.636,1980
266499077770952,91,61,56720,583.636,1980
266499128505287,91,61,56720,543.649,1980
266499178831773,91,61,56720,543.649,1980
266499229012597,2,2,56720,502.308,1980
266499279196884,2,2,56720,502.308,1980
266499330575712,2,2,56720,476.943,1980
266499380720119,2,2,56720,476.943,1980
266499432109326,74,36,56720,459.196,1980
266499483120458,74,36,56720,459.196,1980
266499534213641,74,36,56720,436.153,1980
266499585239537,74,36,56720,436.153,1980
266499636039202,86,42,56720,417.3,1980
266499686702331,86,42,56720,417.3,1980
266499736893695,86,42,56720,395.162,1980
266499787048474,86,42,56720,395.162,1980
266499837166355,100,49,56720,378.914,1980
266499887277350,100,49,56720,378.914,1980
266499941153948,100,49,56720,357.036,1980
266499991267253,100,49,56720,357.036,1980
266500041406928,76,38,56720,348.919,1980
266500091521481,76,38,56720,348.919,1980
266500141634403,76,38,56720,399.27,1980
266500191742494,76,38,56720,399.27,1980
266500241850149,98,50,56720,447.452,1980
266500291959593,98,50,56720,447.452,1980
266500342066807,98,50,56720,470.733,1980
266500392172604,98,50,56720,470.733,1980
266500442280509,95,51,56720,496.432,1980
266500492388069,95,51,56720,496.432,1980
266500542495392,95,51,56720,518.037,1980
266500592602683,95,51,56720,518.037,1980
266500642706794,98,55,56720,540.74,1980
266500692811668,98,55,56720,540.74,1980
266500742918374,98,55,56720,558.105,1980
266500793029562,98,55,56720,558.105,1980
266500843134498,96,54,56720,579.128,1980
266500893239830,96,54,56720,579.128,1980
266500943346687,96,54,56720,606.213,1980
266500993453331,96,54,56720,606.213,1980
266501043562431,97,53,56720,622.658,1980
266501093671613,97,53,56720,622.658,1980
266501143775926,97,53,56720,613.034,1980
266501193971365,97,53,56720,613.034,1980
266501245099734,96,56,56720,603.808,1980
266501295928057,96,56,56720,603.808,1980
266501346635339,96,56,56720,561.625,1980
266501397336168,96,56,56720,561.625,1980
266501447638616,2,2,56720,518.75,1980
266501499747377,2,2,56720,518.75,1980
266501550367856,2,2,56720,488.849,1980
266501600518480,2,2,56720,488.849,1980
266501650687529,73,35,56720,462.159,1980
266501701839146,73,35,56720,462.159,1980
266501752003862,73,35,56720,439.286,1980
266501802476926,73,35,56720,439.286,1980
266501853105691,83,41,56720,419.558,1980
266501903509299,83,41,56720,419.558,1980
266501953649454,83,41,56720,393.65,1980
266502003846039,83,41,56720,393.65,1980
266502053969995,100,49,56720,385.905,1980
266502104166620,100,49,56720,385.905,1980
266502154337075,100,49,56720,361.549,1980
266502204470989,100,49,56720,361.549,1980
266502254580841,100,50,56720,342.724,1980
266502304726057,100,50,56720,342.724,1980
266502354839479,100,50,56720,381.528,1980
266502404949517,100,50,56720,381.528,1980
266502455060636,99,50,56720,429.903,1980
266502505173285,99,50,56720,429.903,1980
266502555277973,99,50,56720,466.427,1980
266502605386040,99,50,56720,466.427,1980
266502655497031,90,48,56720,488.382,1980
266502705609944,90,48,56720,488.382,1980
266502755716471,90,48,56720,512.416,1980
266502805826744,90,48,56720,512.416,1980
266502855935025,97,52,56720,532.217,1980
266502906045985,97,52,56720,532.217,1980
266502956152725,97,52,56720,547.806,1980
266503006259890,97,52,56720,547.806,1980
266503056366631,98,55,56720,566.256,1980
266503106479826,98,55,56720,566.256,1980
266503156599401,98,55,56720,584.527,1980
266503206707941,98,55,56720,584.527,1980
266503256812756,96,54,56720,615.49,1980
266503306917956,96,54,56720,615.49,1980
266503357033303,96,54,56720,609.945,1980
266503407145335,96,54,56720,609.945,1980
266503457250626,97,53,56720,605.638,1980
266503511290761,97,53,56720,601.143,1980
266503561928176,97,53,56720,601.143,1980
266503612765704,25,25,56720,562.016,1980
266503663950348,25,25,56720,562.016,1980
266503715052863,25,25,56720,517.246,1980
266503765223231,25,25,56720,517.246,1980
266503815515169,25,13,56720,486.518,1980
266503865654258,25,13,56720,486.518,1980
266503916584195,25,13,56720,466.262,1980
266503967265198,25,13,56720,466.262,1980
266504017387948,75,37,56720,444.098,1980
266504067561350,75,37,56720,444.098,1980
266504117703445,75,37,56720,422.488,1980
266504168403893,75,37,56720,422.488,1980
266504218519615,99,49,56720,402.613,1980
266504268939971,99,49,56720,402.613,1980
266504319471625,99,49,56720,377.474,1980
266504369720897,99,49,56720,377.474,1980
266504419855379,100,50,56720,354.876,1980
266504469986170,100,50,56720,354.876,1980
266504520104688,100,50,56720,343.832,1980
266504570222618,100,50,56720,343.832,1980
266504620386344,98,50,56720,388.831,1980
266504670509048,98,50,56720,388.831,1980
266504720615838,98,50,56720,433.666,1980
266504770724538,98,50,56720,433.666,1980
266504820834130,91,45,56720,466.749,1980
266504870943560,91,45,56720,466.749,1980
266504921054737,91,45,56720,488.934,1980
266504971174237,91,45,56720,488.934,1980
266505021281491,96,55,56720,505.403,1980
266505071388068,96,55,56720,505.403,1980
266505121494302,96,55,56720,527.801,1980
266505171599450,96,55,56720,527.801,1980
266505221720924,96,54,56720,544.303,1980
266505271832340,96,54,56720,544.303,1980
266505321947505,96,54,56720,563.189,1980
266505372057826,96,54,56720,563.189,1980
266505422162177,95,54,56720,583.025,1980
266505472271479,95,54,56720,583.025,1980
266505522385992,95,54,56720,603.391,1980
266505572491661,95,54,56720,603.391,1980
266505622596185,97,54,56720,596.756,1980
266505672701865,97,54,56720,596.756,1980
266505723602700,97,54,56720,582.127,1980
266505774537398,97,54,56720,582.127,1980
266505825552983,18,18,56720,541.886,1980
266505876634420,18,18,56720,541.886,1980
266505929542056,18,18,56720,502.874,1980
266505980008115,18,18,56720,502.874,1980
266506030124448,38,19,56720,479.195,1980
266506080280294,38,19,56720,479.195,1980
266506131276494,38,19,56720,453.576,1980
266506182242631,38,19,56720,453.576,1980
266506232994776,74,37,56720,431.851,1980
266506283162621,74,37,56720,431.851,1980
266506333585792,74,37,56720,414.698,1980
266506383736545,74,37,56720,414.698,1980
266506433845546,93,46,56720,393.129,1980
266506483993557,93,46,56720,393.129,1980
266506534266922,93,46,56720,376.352,1980
266506584698060,93,46,56720,376.352,1980
266506634879114,100,50,56720,360.188,1980
266506685006406,100,50,56720,360.188,1980
266506735115828,100,50,56720,340.195,1980
266506785222522,100,50,56720,340.195,1980
266506835363439,88,44,56720,385.522,1980
266506885477266,88,44,56720,385.522,1980
266506935598090,88,44,56720,438.48,1980
266506985715989,88,44,56720,438.48,1980
266507035834920,91,45,56720,468.892,1980
266507085951163,91,45,56720,468.892,1980
266507136059317,91,45,56720,494.968,1980
266507186166172,91,45,56720,494.968,1980
266507236271303,95,53,56720,518.763,1980
266507286380676,95,53,56720,518.763,1980
266507336488145,95,53,56720,536.324,1980
266507386593584,95,53,56720,536.324,1980
266507436724824,96,54,56720,553.583,1980
266507486832299,96,54,56720,553.583,1980
266507536936850,96,54,56720,575.247,1980
266507587073876,96,54,56720,575.247,1980
266507637180621,96,54,56720,593.278,1980
266507687294534,96,54,56720,593.278,1980
266507737413131,96,54,56720,620.67,1980
266507787518054,96,54,56720,620.67,1980
266507837623551,97,53,56720,614.058,1980
266507887729982,97,53,56720,614.058,1980
266507940335333,97,53,56720,609.359,1980
266507991420787,97,53,56720,609.359,1980
266508042306921,58,44,56720,579.288,1980
266508093262086,58,44,56720,579.288,1980
266508143482573,58,44,56720,532.486,1980
266508193673562,58,44,56720,532.486,1980
266508243833040,11,5,56720,495.176,1980
266508295281142,11,5,56720,495.176,1980
266508345958047,11,5,56720,472.521,1980
266508397699848,11,5,56720,472.521,1980
266508447875703,77,38,56720,456.143,1980
266508499029899,77,38,56720,456.143,1980
266508549515753,77,38,56720,436.298,1980
266508599630882,77,38,56720,436.298,1980
266508649983687,94,46,56720,413.227,1980
266508700502577,94,46,56720,413.227,1980
266508750908722,94,46,56720,387.088,1980
266508801263065,94,46,56720,387.088,1980
266508851421455,100,50,56720,365.461,1980
266508901531888,100,50,56720,365.461,1980
266508951642105,100,50,56720,335.621,1980
266509001752119,100,50,56720,335.621,1980
266509051861184,85,42,56720,369.016,1980
266509101996726,85,42,56720,369.016,1980
266509152128248,85,42,56720,410.509,1980
266509202248987,85,42,56720,410.509,1980
266509252363418,98,48,56720,449.043,1980
266509302481823,98,48,56720,449.043,1980
266509352595792,98,48,56720,473.168,1980
266509402717591,98,48,56720,473.168,1980
266509452823131,95,51,56720,493.559,1980
266509502930726,95,51,56720,493.559,1980
266509553067979,95,51,56720,516.904,1980
266509603211132,95,51,56720,516.904,1980
266509653317088,97,53,56720,532.063,1980
266509703424624,97,53,56720,532.063,1980
266509753533868,97,53,56720,552.477,1980
266509803657559,97,53,56720,552.477,1980
266509853767957,97,53,56720,569.163,1980
266509903871842,97,53,56720,569.163,1980
266509953983677,97,53,56720,596.631,1980
266510004097114,97,53,56720,596.631,1980
266510054207976,96,53,56720,592.097,1980
266510104330230,96,53,56720,592.097,1980
266510154438165,96,53,56720,582.867,1980
266510205276246,96,53,56720,582.867,1980
266510256267350,97,64,56720,569.102,1980
266510306899221,97,64,56720,569.102,1980
266510357570480,97,64,56720,532.46,1980
266510407763447,97,64,56720,532.46,1980
266510459033423,2,2,56720,487.466,1980
266510509346043,2,2,56720,487.466,1980
266510559552418,2,2,56720,465.058,1980
266510609700815,2,2,56720,465.058,1980
266510660058046,73,36,56720,442.084,1980
266510710202111,73,36,56720,442.084,1980
266510760317395,73,36,56720,426.24,1980
266510810502241,73,36,56720,426.24,1980
266510861033887,83,41,56720,406.529,1980
266510911151815,83,41,56720,406.529,1980
266510961308455,83,41,56720,392.368,1980
266511011446686,83,41,56720,392.368,1980
266511061571725,100,50,56720,369.458,1980
266511111686745,100,50,56720,354.346,1980
266511161846836,100,50,56720,354.346,1980
266511211963211,100,50,56720,340.233,1980
266511262070616,78,39,56720,340.233,1980
266511312192983,78,39,56720,393.551,1980
266511362306649,78,39,56720,393.551,1980
266511412418549,98,49,56720,437.31,1980
266511463986717,98,49,56720,437.31,1980
266511514094220,98,49,56720,470.785,1980
266511564200577,98,49,56720,470.785,1980
266511614307831,98,52,56720,492.592,1980
266511664430053,98,52,56720,492.592,1980
266511714553135,98,52,56720,513.736,1980
266511764660029,98,52,56720,513.736,1980
266511814765658,96,53,56720,532.556,1980
266511864870398,96,53,56720,532.556,1980
266511914976423,96,53,56720,549.204,1980
266511965094198,96,53,56720,549.204,1980
266512015202764,96,54,56720,570.939,1980
266512065308565,96,54,56720,570.939,1980
266512115415823,96,54,56720,597.302,1980
266512165522822,96,54,56720,597.302,1980
266512215648648,96,53,56720,617.626,1980
266512265757281,96,53,56720,617.626,1980
266512315866911,96,53,56720,609.892,1980
266512365972997,96,53,56720,609.892,1980
266512416084044,96,51,56720,600.297,1980
266512466193877,96,51,56720,600.297,1980
266512517405295,96,51,56720,588.98,1980
266512568636989,96,51,56720,588.98,1980
266512619841492,13,13,56720,548.664,1980
266512670900964,13,13,56720,548.664,1980
266512721072921,13,13,56720,504.252,1980
266512772350912,13,13,56720,504.252,1980
266512823024386,38,18,56720,480.649,1980
266512873218479,38,18,56720,480.649,1980
266512924773207,38,18,56720,460.202,1980
266512974936135,38,18,56720,460.202,1980
266513025157672,80,39,56720,441.339,1980
266513075709648,80,39,56720,441.339,1980
266513125886405,80,39,56720,419.732,1980
266513176248289,80,39,56720,419.732,1980
266513226673415,98,49,56720,400.089,1980
266513277047775,98,49,56720,400.089,1980
266513327206474,98,49,56720,378.461,1980
266513377361359,98,49,56720,378.461,1980
266513427571205,100,50,56720,356.798,1980
266513477699333,100,50,56720,356.798,1980
266513527810377,100,50,56720,342.252,1980
266513577928766,100,50,56720,342.252,1980
266513628043739,98,51,56720,393.008,1980
266513678155694,98,51,56720,393.008,1980
266513728300349,98,51,56720,436.125,1980
266513778414753,98,51,56720,436.125,1980
266513828525402,91,46,56720,467.11,1980
266513878640519,91,46,56720,467.11,1980
266513928756027,91,46,56720,484.647,1980
266513978869893,91,46,56720,484.647,1980
266514028984976,96,54,56720,501.493,1980
266514079102404,96,54,56720,501.493,1980
266514129219220,96,54,56720,523.134,1980
266514179326667,96,54,56720,523.134,1980
266514229463864,96,54,56720,543.339,1980
266514279580011,96,54,56720,543.339,1980
266514329688016,96,54,56720,566.874,1980
266514379806069,96,54,56720,566.874,1980
266514429917590,96,55,56720,591.158,1980
266514480032597,96,55,56720,591.158,1980
266514530140248,96,55,56720,610.077,1980
266514580244106,96,55,56720,610.077,1980
266514630365421,96,54,56720,603.279,1980
266514680484098,96,54,56720,603.279,1980
266514730592616,96,54,56720,595.692,1980
266514780706368,96,54,56720,595.692,1980
266514831798292,83,57,56720,579.037,1980
266514882700011,83,57,56720,579.037,1980
266514933448122,83,57,56720,538.581,1980
266514983574787,83,57,56720,538.581,1980
266515033698700,2,2,56720,504.508,1980
266515085317667,2,2,56720,504.508,1980
266515136793794,2,2,56720,478.844,1980
266515188035668,2,2,56720,478.844,1980
266515238189188,74,37,56720,461.145,1980
266515288302524,74,37,56720,461.145,1980
266515338838596,74,37,56720,431.661,1980
266515388981283,74,37,56720,431.661,1980
266515439101599,91,45,56720,415.882,1980
266515489609813,91,45,56720,415.882,1980
266515539725333,91,45,56720,392.311,1980
266515589836074,91,45,56720,392.311,1980
266515639948249,100,50,56720,372.503,1980
266515690060232,100,50,56720,372.503,1980
266515740179891,100,50,56720,346.128,1980
266515790293681,100,50,56720,346.128,1980
266515840406885,81,41,56720,375.959,1980
266515890515572,81,41,56720,375.959,1980
266515940626167,81,41,56720,414.452,1980
266515990832134,81,41,56720,414.452,1980
266516040943441,98,50,56720,462.898,1980
266516091053891,98,50,56720,462.898,1980
266516141164737,98,50,56720,489.301,1980
266516191275203,98,50,56720,489.301,1980
266516241381297,95,51,56720,506.996,1980
266516291486905,95,51,56720,506.996,1980
266516341593617,95,51,56720,524.916,1980
266516391699316,95,51,56720,524.916,1980
266516441807457,96,55,56720,544.016,1980
266516491924570,96,55,56720,544.016,1980
266516542043813,96,55,56720,564.354,1980
266516592156680,96,55,56720,564.354,1980
266516642268547,96,54,56720,578.898,1980
266516692378448,96,54,56720,578.898,1980
266516742484998,96,54,56720,610.332,1980
266516792601154,96,54,56720,610.332,1980
266516842713545,96,53,56720,607.63,1980
266516892833098,96,53,56720,607.63,1980
266516942943171,96,53,56720,599.299,1980
266516993055012,96,53,56720,599.299,1980
266517044122026,97,56,56720,585.641,1980
266517094845797,97,56,56720,585.641,1980
266517145939635,97,56,56720,552.504,1980
266517197429576,97,56,56720,552.504,1980
266517249274601,2,2,56720,503.353,1980
266517299482963,2,2,56720,503.353,1980
266517349622661,2,2,56720,481.227,1980
266517399957411,2,2,56720,481.227,1980
266517450816303,74,36,56720,459.853,1980
266517501653390,74,36,56720,459.853,1980
266517551990390,74,36,56720,441.045,1980
266517602152592,74,36,56720,441.045,1980
266517652578473,94,46,56720,417.353,1980
266517702813213,94,46,56720,417.353,1980
266517757296003,94,46,56720,396.761,1980
266517807409008,94,46,56720,396.761,1980
266517857536296,86,43,56720,371.524,1980
266517907656908,86,43,56720,371.524,1980
266517957777588,86,43,56720,378.014,1980
266518007896475,86,43,56720,378.014,1980
266518058159293,97,46,56720,391.092,1980
266518108271692,97,46,56720,391.092,1980
266518158382997,97,46,56720,420.37,1980
266518208492689,97,46,56720,420.37,1980
266518258598466,94,48,56720,465.129,1980
266518308706963,94,48,56720,465.129,1980
266518358811985,94,48,56720,484.245,1980
266518408917455,94,48,56720,484.245,1980
266518459028115,96,52,56720,501.715,1980
266518509136052,96,52,56720,501.715,1980
266518559241031,96,52,56720,519.047,1980
266518609349903,96,52,56720,519.047,1980
266518659462478,96,52,56720,543.959,1980
266518709580837,96,52,56720,543.959,1980
266518759689105,96,52,56720,558.738,1980
266518809797584,96,52,56720,558.738,1980
