t_ns,util_gpu_pct,util_mem_pct,mem_used_mib,power_w,sm_clock_mhz
261479288930106,1,0,962,121.274,1980
261479341851821,1,0,962,121.274,1980
261479393594069,0,0,6852,125.786,1980
261479443761264,0,0,6852,125.786,1980
261479495436683,0,0,6852,129.897,1980
261479545604277,0,0,6852,129.897,1980
261479595726018,11,0,6852,135.546,1980
261479645894703,11,0,6852,135.546,1980
261479696125608,11,0,6852,139.761,1980
261479746345307,11,0,6852,139.761,1980
261479796548218,10,0,6852,144.667,1980
261479846767408,10,0,6852,144.667,1980
261479897016182,10,0,6852,149.613,1980
261479947283167,10,0,6852,149.613,1980
261479997535665,12,0,6852,150.979,1980
261480047779668,12,0,6852,150.979,1980
261480098020216,12,0,6852,150.708,1980
261480148254360,12,0,6852,150.708,1980
261480198492676,13,0,6852,150.543,1980
261480251890237,13,0,6852,150.543,1980
261480302124480,13,0,6852,150.656,1980
261480352360545,13,0,6852,150.656,1980
261480402605089,14,0,6852,150.759,1980
261480492273305,14,0,6872,150.781,1980
261480573109592,14,0,6872,150.781,1980
261480643685152,0,0,6872,150.645,1980
261480789739021,0,0,6872,150.471,1980
261480839862347,0,0,6872,150.471,1980
261480890070608,0,0,6872,150.373,1980
261480940201663,0,0,6872,150.373,1980
261480992739016,0,0,6872,150.285,1980
261481042894204,0,0,6872,150.285,1980
261481161964138,0,0,6872,150.183,1980
261481313934555,0,0,6872,150.032,1980
261481385237632,0,0,6872,149.902,1980
261481456130927,0,0,6872,149.902,1980
261481530329158,0,0,6872,149.859,1980
261481595623464,0,0,6872,149.878,1980
261481660906398,0,0,6872,149.878,1980
261481726184025,0,0,6872,149.874,1980
261481796523044,0,0,6872,149.903,1980
261481866862341,0,0,6872,149.903,1980
261481988873922,0,0,6872,149.93,1980
261482353166456,0,0,6872,149.891,1980
261482418454235,0,0,6872,149.923,1980
261482493853903,0,0,6872,149.922,1980
261482564195246,0,0,6872,149.922,1980
261482634527750,0,0,6872,149.933,1980
261482699807622,0,0,6872,149.932,1980
261483199694323,0,0,6872,149.956,1980
261483249815179,0,0,6872,149.956,1980
261483299995436,0,0,6872,149.989,1980
261483350108347,0,0,6872,149.989,1980
261483400215903,0,0,6872,149.998,1980
261483450343372,0,0,6872,149.998,1980
261483500451218,0,0,6872,149.992,1980
261483550557338,0,0,6872,149.992,1980
261483600665922,0,0,6872,149.991,1980
261483650837141,0,0,6872,149.991,1980
261483700973324,0,0,6872,150.001,1980
261483751086109,0,0,6872,150.001,1980
261483801221222,0,0,6872,150.05,1980
261483853207141,0,0,6872,150.05,1980
261483904368155,0,0,6872,150.071,1980
261483955343512,0,0,6872,150.071,1980
261484005797909,0,0,6872,150.069,1980
261484057942747,0,0,6872,150.069,1980
261484108070982,0,0,6872,150.044,1980
261484158189627,0,0,6872,150.044,1980
261484208307986,0,0,6872,150.023,1980
261484259660206,0,0,6872,150.023,1980
261484319913425,0,0,6872,150.026,1980
261484372879356,0,0,6872,150.026,1980
261484422991067,0,0,6872,150.029,1980
261484474041252,0,0,6872,150.029,1980
261484524427678,0,0,6872,150.028,1980
261484574659038,0,0,6872,150.028,1980
261484912654309,0,0,6872,149.998,1980
261484963017491,0,0,7036,149.998,1980
261485280900492,0,0,7036,150.009,1980
261485331046129,0,0,7520,150.009,1980
261485381221409,1,0,7520,150.012,1980
261485431360695,1,0,7520,150.012,1980
261485481480823,1,0,7520,150.04,1980
261485531595206,1,0,7520,150.04,1980
261485588800983,0,0,7520,150.001,1980
261485638913968,0,0,7520,150.001,1980
261485689398042,0,0,7520,150.027,1980
261485739508404,0,0,7520,150.027,1980
261485791409396,0,0,7520,150.005,1980
261485841519033,0,0,7520,150.005,1980
261485891640433,0,0,7520,150.014,1980
261485942893858,0,0,7520,150.014,1980
261485993100117,0,0,7520,150.017,1980
261486043326283,0,0,7520,150.017,1980
261486093508735,0,0,7520,150.039,1980
261486143649229,0,0,7520,150.039,1980
261486193783478,0,0,7520,150.032,1980
261486243909019,0,0,7520,150.032,1980
261486294462816,0,0,7520,150.046,1980
261486344652432,0,0,7520,150.046,1980
261486395027603,0,0,7520,150.063,1980
261486449437201,0,0,7520,150.063,1980
261486567561397,0,0,7520,150.088,1980
261486617701300,0,0,7520,150.118,1980
261486667823082,0,0,7520,150.118,1980
261486717942781,0,0,7520,150.14,1980
261486768953940,0,0,9094,150.14,1980
261486819087029,0,0,10136,150.173,1980
261486870378980,0,0,10136,150.173,1980
261486921324429,0,0,10136,150.194,1980
261486971443264,0,0,10582,150.194,1980
261487022635445,0,0,10582,150.199,1980
261487072746513,0,0,10582,150.199,1980
261487122853908,0,0,10582,150.219,1980
261487172965097,0,0,10582,150.219,1980
261487223073275,0,0,10582,150.245,1980
261487273192665,0,0,10582,150.245,1980
261487323314118,0,0,10582,150.29,1980
261487373421112,0,0,10582,150.29,1980
261487423561012,15,0,10582,150.393,1980
261487473669107,15,0,10582,150.393,1980
261487523774402,15,0,10582,150.485,1980
261487573875936,15,0,10582,150.485,1980
261487623987494,15,0,10582,150.587,1980
261487729420468,15,0,10582,150.679,1980
261488193237946,0,0,10582,150.652,1980
261488648425362,0,0,10116,150.243,1980
261489115231665,0,0,10156,150.079,1980
261489165369299,0,0,10156,150.079,1980
261489215487363,0,0,10156,150.079,1980
261489265590027,0,0,10156,150.079,1980
261489315690576,0,0,10156,150.08,1980
261489365793019,0,0,10156,150.08,1980
261489415893506,0,0,10156,150.099,1980
261489465996312,0,0,10156,150.099,1980
261489516102767,0,0,10156,150.088,1980
261489566215852,0,0,10156,150.088,1980
261489616325508,0,0,10156,150.093,1980
261489666430442,0,0,10156,150.093,1980
261489716536912,0,0,10156,150.109,1980
261489766640081,0,0,10156,150.109,1980
261489816742098,0,0,10156,150.122,1980
261489866854885,0,0,10156,150.122,1980
261489916959057,0,0,10156,150.119,1980
261489967063884,0,0,10156,150.119,1980
261490017166536,0,0,10156,150.112,1980
261490067270000,0,0,10156,150.112,1980
261490117373363,0,0,10156,150.135,1980
261490167479679,0,0,10156,150.135,1980
261490217582356,0,0,10156,150.168,1980
261490267684915,0,0,10156,150.168,1980
261490317786972,0,0,10156,150.211,1980
261490367891379,0,0,10156,150.211,1980
261490417994443,0,0,10156,150.203,1980
261490468106460,0,0,10156,150.203,1980
261490518208858,0,0,10156,150.21,1980
261490568310873,0,0,10156,150.21,1980
261490618412430,0,0,10156,150.214,1980
261490668536077,0,0,10156,150.214,1980
261490718636881,0,0,10156,150.21,1980
261490768740367,0,0,10156,150.21,1980
261490818840654,0,0,10156,150.211,1980
261490868942546,0,0,10156,150.211,1980
261490919044964,0,0,10156,150.21,1980
261490969147668,0,0,10156,150.21,1980
261491019251047,0,0,10156,150.208,1980
261491069354998,0,0,10156,150.208,1980
261491119475767,0,0,10156,150.183,1980
261491169587005,0,0,10156,150.183,1980
261491219687044,0,0,10156,150.178,1980
261491269790186,0,0,10156,150.178,1980
261491319891209,0,0,10156,150.166,1980
261491369993535,0,0,10156,150.166,1980
261491420098442,0,0,10156,150.183,1980
261491470199268,0,0,10156,150.183,1980
261491520299534,0,0,10156,150.183,1980
261491570400202,0,0,10156,150.183,1980
261491620502548,0,0,10156,150.193,1980
261491670604464,0,0,10156,150.193,1980
261491720709974,0,0,10156,150.2,1980
261491770810106,0,0,10156,150.2,1980
261491820910029,0,0,10156,150.218,1980
261491871027893,0,0,10156,150.218,1980
261491921129972,0,0,10156,150.193,1980
261491971234068,0,0,10156,150.193,1980
261492021338540,0,0,10156,150.189,1980
261492071446598,0,0,10156,150.189,1980
261492121549291,0,0,10156,150.226,1980
261492171650986,0,0,10156,150.226,1980
261492232251787,0,0,10156,150.233,1980
261492282367285,0,0,10156,150.216,1980
261492343137056,0,0,10156,150.216,1980
261492408451837,0,0,10156,150.208,1980
261492465415286,0,0,10156,150.208,1980
261492515965310,0,0,10156,150.203,1980
261492566210419,0,0,10184,150.203,1980
261492616347427,0,0,10282,150.186,1980
261492666474805,0,0,10574,150.186,1980
261492716596161,0,0,10574,157.701,1980
261493726521327,0,0,10574,159.0,1980
261494189536583,0,0,10254,149.729,1980
261494655910276,0,0,10282,149.733,1980
261494706197160,0,0,10342,149.747,1980
261494756410238,0,0,10368,149.747,1980
261494806535705,5,1,10348,151.618,1980
261494856687914,5,1,10352,151.618,1980
261494906798741,5,1,10374,153.348,1980
261494956912563,5,1,10376,153.348,1980
261495007095381,10,3,10380,154.434,1980
261495057231884,10,3,10378,154.434,1980
261495107610394,10,3,10384,155.59,1980
261495157834606,10,3,10392,155.59,1980
261495208115880,8,2,10398,156.441,1980
261495258249450,8,2,10380,156.441,1980
261495308371214,8,2,10384,157.244,1980
261495358532409,8,2,10388,157.244,1980
261495408667885,9,3,10414,158.136,1980
261495458804822,9,3,10398,158.136,1980
261495508956795,9,3,10416,159.406,1980
261496017956671,0,0,10406,156.707,1980
261496502944881,0,0,10320,151.573,1980
261496553542415,0,0,18718,151.573,1980
261496603660267,3,3,18718,150.82,1980
261496653772946,3,3,18718,150.82,1980
261496704672692,3,3,18718,150.748,1980
261496754813111,3,3,18718,150.748,1980
261496804970552,0,0,18718,150.773,1980
261496855111156,0,0,18718,150.773,1980
261496905235993,0,0,18718,150.744,1980
261496955399745,0,0,18718,150.744,1980
261497005524584,0,0,18718,150.724,1980
261497055645739,0,0,18718,150.724,1980
261497105759314,0,0,18718,150.702,1980
261497155874666,0,0,18718,150.702,1980
261497205993065,0,0,18718,150.689,1980
261497257422658,0,0,18718,150.689,1980
261497309634611,0,0,18718,150.705,1980
261497360929343,0,0,18718,150.705,1980
261497411045413,0,0,18718,150.686,1980
261497461154836,0,0,18718,150.686,1980
261497512202750,0,0,18718,150.733,1980
261497562355418,0,0,19038,150.733,1980
261497612514011,5,3,19038,159.158,1980
261497662683119,5,3,19040,159.158,1980
261497712938432,5,3,19040,159.647,1980
261497764688826,5,3,19042,159.647,1980
261497815382740,3,1,19042,159.608,1980
261497865518795,3,1,19042,159.608,1980
261497915641396,3,1,19042,159.716,1980
261497965778581,3,1,19042,159.716,1980
261498015890693,1,0,19042,160.438,1980
261498066008396,1,0,19042,160.438,1980
261498450774599,0,0,19042,161.577,1980
261498500951970,0,0,18874,161.977,1980
261498551100483,0,0,18870,161.977,1980
261498601264772,10,3,18848,154.08,1980
261498651375415,10,3,18848,154.08,1980
261498701539103,10,3,18866,156.032,1980
261498751725428,10,3,18864,156.032,1980
261498801862942,11,3,18860,156.748,1980
261498852084682,11,3,18848,156.748,1980
261498902246704,11,3,18848,157.484,1980
261498952404657,11,3,18848,157.484,1980
261499002531920,12,3,18848,158.801,1980
261499052677648,12,3,18868,158.801,1980
261499102826842,12,3,18848,158.987,1980
261499152958416,12,3,18848,158.987,1980
261499203096654,10,3,18848,159.675,1980
261499253239847,10,3,18862,159.675,1980
261499303356244,10,3,18852,161.223,1980
261499353489168,10,3,18874,161.223,1980
261499403598589,13,5,18856,162.466,1980
261499804481670,0,0,18858,158.44,1980
261499855625250,0,0,18858,158.44,1980
261499906217317,0,0,18858,157.47,1980
261499959832303,0,0,18858,157.47,1980
261500011566618,0,0,18858,156.32,1980
261500073291046,0,0,18858,156.32,1980
261500123401823,0,0,18858,154.827,1980
261500173524526,0,0,18858,154.827,1980
261500223992632,0,0,18858,153.997,1980
261500274120660,0,0,18858,153.997,1980
261500324245259,0,0,18858,152.428,1980
261500374349428,0,0,18858,152.428,1980
261500424452326,0,0,18858,151.084,1980
261500474554394,0,0,18858,151.084,1980
261500524656838,0,0,18858,149.95,1980
261500574761234,0,0,18858,149.95,1980
261500624866665,0,0,18858,149.846,1980
261500674968792,0,0,18858,149.846,1980
261500725046822,0,0,18858,149.841,1980
261500775148096,0,0,18858,149.841,1980
261500825263275,0,0,18858,149.807,1980
261500875558021,0,0,18858,149.807,1980
261500926958620,0,0,18858,149.788,1980
261500978263501,0,0,18858,149.788,1980
261501028587910,0,0,18858,149.811,1980
261501078693572,0,0,18858,149.811,1980
261501128794100,0,0,18858,149.841,1980
261501189027322,0,0,18858,149.876,1980
261501239283331,0,0,18858,149.876,1980
261501629298278,0,0,18858,149.814,1980
261501679581621,0,0,18858,149.814,1980
261501729684901,0,0,18858,149.806,1980
261501779785164,0,0,18858,149.806,1980
261501910712767,0,0,18858,149.805,1980
261502055825501,0,0,18858,149.811,1980
261502107793087,0,0,18858,149.785,1980
261502167257920,0,0,18858,149.785,1980
261502365965574,0,1,18858,150.672,1980
261502490604627,2,1,18894,155.411,1980
261502594447466,0,0,18894,155.928,1980
261502647713034,0,0,18894,155.928,1980
261502699035151,0,0,18894,169.347,1980
261502749220044,0,0,18894,169.347,1980
261502800366911,72,37,18894,188.216,1980
261502851233411,72,37,18894,188.216,1980
261502901380981,72,37,18894,209.447,1980
261502952476702,72,37,18894,209.447,1980
261503002633647,72,38,18894,228.983,1980
261503053068664,72,38,18894,228.983,1980
261503104286989,72,38,18894,251.224,1980
261503155452105,72,38,18894,251.224,1980
261503205584890,84,43,18894,270.18,1980
261503255735556,84,43,18894,270.18,1980
261503305853477,84,43,18894,293.193,1980
261503355967061,84,43,18894,293.193,1980
261503407768088,90,47,18894,316.416,1980
261503458319149,90,47,18894,316.416,1980
261503508435685,90,47,18894,316.208,1980
261503558567020,90,47,19840,316.208,1980
261503608688546,1,0,23894,323.242,1980
261503658796919,1,0,25086,323.242,1980
261503708907215,1,0,25086,353.546,1980
261503759041345,1,0,25086,353.546,1980
261503809154332,98,50,25086,381.038,1980
261503859271972,98,50,25086,381.038,1980
261503909388433,98,50,25086,398.128,1980
261503959505662,98,50,28684,398.128,1980
261504009637428,29,14,34420,391.792,1980
261504059748320,29,14,36864,391.792,1980
261504109863798,29,14,36864,385.189,1980
261504159970672,29,14,40498,385.189,1980
261504210078615,79,43,42878,405.736,1980
261504260189398,79,43,42878,405.736,1980
261504310305009,79,43,42878,427.418,1980
261504360409812,79,43,42878,427.418,1980
261504410515652,95,54,42878,444.005,1980
261504460618928,95,54,42878,444.005,1980
261504510747769,95,54,42878,482.5,1980
261504560858026,95,54,42878,482.5,1980
261504610964828,97,53,42878,511.136,1980
261504661050399,97,53,42878,511.136,1980
261504711160783,97,53,42878,512.87,1980
261504761270689,97,53,42878,512.87,1980
261504811378947,98,55,42878,508.607,1980
261504861481588,98,55,42878,508.607,1980
261504911646618,98,55,42878,505.642,1980
261504961786308,98,55,42878,505.642,1980
261505011933229,95,54,42878,537.081,1980
261505062064294,95,54,42878,537.081,1980
261505112855238,95,54,42878,538.09,1980
261505163424712,95,54,42878,538.09,1980
261505214186941,26,25,42878,498.74,1980
261505265251329,26,25,42878,498.74,1980
261505315457900,26,25,42878,455.02,1980
261505365588104,26,25,42878,455.02,1980
261505416324392,30,15,42878,432.889,1980
261505468062442,30,15,42878,432.889,1980
261505518199746,30,15,42878,415.056,1980
261505569951271,30,15,42878,415.056,1980
261505620071700,73,38,42878,394.786,1980
261505670490469,73,38,42878,394.786,1980
261505720943485,73,38,42878,380.285,1980
261505771111332,73,38,42878,380.285,1980
261505821805236,80,41,42878,356.029,1980
261505871964622,80,41,42878,356.029,1980
261505922493487,80,41,42878,336.495,1980
261505973129170,80,41,42878,336.495,1980
261506023327030,94,48,42878,318.388,1980
261506075896348,94,48,42878,318.388,1980
261506126007262,94,48,42880,326.117,1980
261506176116025,94,48,44072,326.117,1980
261506226216013,61,31,44072,359.814,1980
261506276325291,61,31,44072,359.814,1980
261506326445501,61,31,44072,410.142,1980
261506378895591,61,31,44072,410.142,1980
261506429056628,98,49,47494,444.658,1980
261506479181055,98,49,48686,444.658,1980
261506529297385,98,49,48686,458.328,1980
261506579404223,98,49,54338,458.328,1980
261506629679799,90,48,54338,476.339,1980
261506679787110,90,48,54338,476.339,1980
261506729893815,90,48,54338,495.744,1980
261506780003470,90,48,54338,495.744,1980
261506830110220,97,53,54338,517.083,1980
261506880227517,97,53,54338,517.083,1980
261506930333015,97,53,54338,536.855,1980
261506980440782,97,53,54338,536.855,1980
261507030546720,95,53,54338,558.98,1980
261507080650048,95,53,54338,558.98,1980
261507130755208,95,53,54338,582.119,1980
261507180863086,95,53,54338,582.119,1980
261507230964936,97,52,54338,590.111,1980
261507281075978,97,52,54338,590.111,1980
261507331181489,97,52,54338,580.865,1980
261507381324075,97,52,54338,580.865,1980
261507431957460,98,54,54338,571.449,1980
261507482971456,98,54,54338,571.449,1980
261507533908177,98,54,54338,537.251,1980
261507584851288,2,2,54338,495.652,1980
261507635514824,2,2,54338,495.652,1980
261507685792172,2,2,54338,469.362,1980
261507735943361,2,2,54338,469.362,1980
261507786100480,69,35,54338,449.385,1980
261507837574183,69,35,54338,449.385,1980
261507887868035,69,35,54338,424.607,1980
261507938950387,69,35,54338,424.607,1980
261507989281967,71,37,54338,403.352,1980
261508040544657,71,37,54338,403.352,1980
261508091569400,71,37,54338,381.946,1980
261508141725656,71,37,54338,381.946,1980
261508191863047,83,41,54338,355.98,1980
261508242051544,83,41,54338,355.98,1980
261508292259472,83,41,54338,340.893,1980
261508342366106,83,41,54338,340.893,1980
261508392479553,97,50,54338,319.628,1980
261508442621667,97,50,54338,319.628,1980
261508492737900,97,50,54338,338.962,1980
261508542844664,97,50,54338,338.962,1980
261508592949667,95,49,54338,389.511,1980
261508643226550,95,49,54338,389.511,1980
261508693337861,95,49,54338,419.976,1980
261508743457327,95,49,54338,419.976,1980
261508793575237,96,50,54338,444.169,1980
261508843685632,96,50,54338,444.169,1980
261508893788082,96,50,54338,464.737,1980
261508943889086,96,50,54338,464.737,1980
261508994013201,94,52,54338,491.831,1980
261509044119216,94,52,54338,491.831,1980
261509094227245,94,52,54338,511.401,1980
261509144327845,94,52,54338,511.401,1980
261509194429745,97,53,54338,532.198,1980
261509244538793,97,53,54338,532.198,1980
261509294650527,97,53,54338,551.501,1980
261509344753738,97,53,54338,551.501,1980
261509394856428,98,55,54338,569.821,1980
261509444964151,98,55,54338,569.821,1980
261509495071127,98,55,54338,593.526,1980
261509545176589,98,55,54338,593.526,1980
261509595281195,95,54,54338,590.504,1980
261509645386499,95,54,54338,590.504,1980
261509695486638,95,54,54338,585.155,1980
261509745588094,95,54,54338,585.155,1980
261509796369285,97,56,54338,577.493,1980
261509847123844,97,56,54338,577.493,1980
261509897907123,97,56,54338,533.203,1980
261509948977357,97,56,54338,533.203,1980
261510001410334,2,2,54338,490.453,1980
261510051599256,2,2,54338,490.453,1980
261510101703314,2,2,54338,463.538,1980
261510153341033,2,2,54338,463.538,1980
261510203477549,70,36,54338,440.042,1980
261510254737951,70,36,54338,440.042,1980
261510305818244,70,36,54338,424.166,1980
261510356127366,70,36,54338,424.166,1980
261510406273350,79,40,54338,405.298,1980
261510456788352,79,40,54338,405.298,1980
261510506907104,79,40,54338,383.708,1980
261510557034216,79,40,54338,383.708,1980
261510607246371,85,43,54338,358.363,1980
261510657733629,85,43,54338,358.363,1980
261510708175873,85,43,54338,341.487,1980
261510760533857,85,43,54338,341.487,1980
261510810651511,100,52,54340,324.948,1980
261510860757803,100,52,54340,324.948,1980
261510910865715,100,52,54340,364.958,1980
261510960979372,100,52,54340,364.958,1980
261511011056888,99,52,54340,415.529,1980
261511061157148,99,52,54340,415.529,1980
261511112542745,99,52,54340,449.096,1980
261511162650328,99,52,54340,449.096,1980
261511212758247,90,47,54340,468.946,1980
261511262858195,90,47,56720,468.946,1980
261511312969246,90,47,56720,491.882,1980
261511363051248,90,47,56720,491.882,1980
261511414341994,98,56,56720,510.115,1980
261511464446217,98,56,56720,510.115,1980
261511514548199,98,56,56720,529.57,1980
261511564651290,98,56,56720,529.57,1980
261511614756188,96,55,56720,553.238,1980
261511664863009,96,55,56720,553.238,1980
261511714962409,96,55,56720,570.546,1980
261511765042235,96,55,56720,570.546,1980
261511815141134,98,57,56720,603.005,1980
261511865936660,98,57,56720,603.005,1980
261511916038187,98,57,56720,601.613,1980
261511966136697,98,57,56720,601.613,1980
261512016236798,96,55,56720,591.22,1980
261512066340916,96,55,56720,591.22,1980
261512116442121,96,55,56720,589.891,1980
261512166536088,96,55,56720,589.891,1980
261512217593235,96,59,56720,577.392,1980
261512268374276,96,59,56720,577.392,1980
261512319048218,96,59,56720,535.057,1980
261512369157795,96,59,56720,535.057,1980
261512419522079,2,2,56720,492.387,1980
261512469686361,2,2,56720,492.387,1980
261512521429417,2,2,56720,467.474,1980
261512572616959,2,2,56720,467.474,1980
261512623772872,70,36,56720,441.791,1980
261512675347805,70,36,56720,441.791,1980
261512725427779,70,36,56720,420.357,1980
261512775657936,70,36,56720,420.357,1980
261512826010517,74,39,56720,402.318,1980
261512876173672,74,39,56720,402.318,1980
261512926351832,74,39,56720,378.132,1980
261512976793983,74,39,56720,378.132,1980
261513027840780,87,44,56720,361.472,1980
261513077966859,87,44,56720,361.472,1980
261513128105162,87,44,56720,342.195,1980
261513178218475,87,44,56720,342.195,1980
261513228335652,100,52,56720,331.062,1980
261513278448602,100,52,56720,331.062,1980
261513328553441,100,52,56720,377.13,1980
261513378682159,100,52,56720,377.13,1980
261513428792497,98,53,56720,429.131,1980
261513482904684,98,53,56720,429.131,1980
261513533011535,98,53,56720,456.558,1980
261513583112574,98,53,56720,456.558,1980
261513633212089,89,48,56720,476.628,1980
261513683310747,89,48,56720,476.628,1980
261513733407924,89,48,56720,492.573,1980
261513783508378,89,48,56720,492.573,1980
261513833607059,98,56,56720,513.545,1980
261513883705637,98,56,56720,513.545,1980
261513933805223,98,56,56720,532.014,1980
261513984358868,98,56,56720,532.014,1980
261514034459267,96,55,56720,556.077,1980
261514084558801,96,55,56720,556.077,1980
261514134659173,96,55,56720,578.16,1980
261514184763614,96,55,56720,578.16,1980
261514235150243,97,54,56720,588.19,1980
261514285251497,97,54,56720,588.19,1980
261514335351801,97,54,56720,596.408,1980
261514385491369,97,54,56720,596.408,1980
261514435589501,96,55,56720,587.068,1980
261514485688584,96,55,56720,587.068,1980
261514535788369,96,55,56720,586.503,1980
261514586595630,96,55,56720,586.503,1980
261514637448753,81,56,56720,562.372,1980
261514688531964,81,56,56720,524.007,1980
261514738657878,81,56,56720,524.007,1980
261514788824701,2,1,56720,489.852,1980
261514838976941,2,1,56720,489.852,1980
261514889128575,2,1,56720,465.318,1980
261514940984800,2,1,56720,465.318,1980
261514991753311,70,36,56720,436.833,1980
261515043156160,70,36,56720,436.833,1980
261515094282366,70,36,56720,417.954,1980
261515144416729,70,36,56720,417.954,1980
261515195947442,77,40,56720,396.161,1980
261515246083639,77,40,56720,396.161,1980
261515296723131,77,40,56720,373.017,1980
261515346832306,77,40,56720,373.017,1980
261515397366611,95,49,56720,352.672,1980
261515448221936,95,49,56720,352.672,1980
261515498329464,95,49,56720,328.839,1980
261515548751585,95,49,56720,328.839,1980
261515598862070,76,40,56720,344.146,1980
261515648967162,76,40,56720,344.146,1980
261515699045237,76,40,56720,394.469,1980
261515749156467,76,40,56720,394.469,1980
261515799258416,98,50,56720,434.766,1980
261515849390940,98,50,56720,434.766,1980
261515899507895,98,50,56720,458.126,1980
261515950232739,98,50,56720,458.126,1980
261516000351311,98,52,56720,481.586,1980
261516050543539,98,52,56720,481.586,1980
261516100684573,98,52,56720,502.295,1980
261516150787133,98,52,56720,502.295,1980
261516200926872,95,54,56720,523.594,1980
261516251037948,95,54,56720,523.594,1980
261516301151749,95,54,56720,547.819,1980
261516351259522,95,54,56720,547.819,1980
261516401360126,97,53,56720,569.365,1980
261516451469572,97,53,56720,569.365,1980
261516501573948,97,53,56720,586.907,1980
261516551688681,97,53,56720,586.907,1980
261516601790884,98,55,56720,604.37,1980
261516651894577,98,55,56720,604.37,1980
261516702004469,98,55,56720,595.597,1980
261516752107220,98,55,56720,595.597,1980
261516802239133,96,54,56720,593.608,1980
261516853132598,96,54,56720,593.608,1980
261516903954607,96,54,56720,564.465,1980
261516954990681,96,54,56720,564.465,1980
261517005762552,2,2,56720,521.722,1980
261517056867730,2,2,56720,521.722,1980
261517107027576,2,2,56720,485.531,1980
261517158284012,2,2,56720,485.531,1980
261517208432614,63,31,56720,461.216,1980
261517259746636,63,31,56720,461.216,1980
261517311381918,63,31,56720,440.595,1980
261517362340593,63,31,56720,440.595,1980
261517412501234,71,37,56720,417.065,1980
261517463329760,71,37,56720,417.065,1980
261517514065293,71,37,56720,396.82,1980
261517564820131,71,37,56720,396.82,1980
261517614950876,90,46,56720,375.57,1980
261517665110561,90,46,56720,375.57,1980
261517715227995,90,46,56720,355.3,1980
261517765425981,90,46,56720,355.3,1980
261517815549914,100,52,56720,331.95,1980
261517865656400,100,52,56720,331.95,1980
261517915762312,100,52,56720,349.963,1980
261517965871380,100,52,56720,349.963,1980
261518016011376,98,49,56720,401.503,1980
261518066116274,98,49,56720,401.503,1980
261518116228357,98,49,56720,442.745,1980
261518166338557,98,49,56720,442.745,1980
261518216449915,90,44,56720,462.717,1980
261518266555505,90,44,56720,462.717,1980
261518316680073,90,44,56720,487.487,1980
261518366790106,90,44,56720,487.487,1980
261518416914244,95,52,56720,509.213,1980
261518467028879,95,52,56720,509.213,1980
261518517132915,95,52,56720,529.753,1980
261518567239978,95,52,56720,529.753,1980
261518617357039,96,53,56720,552.083,1980
261518667460821,96,53,56720,552.083,1980
261518717559385,96,53,56720,570.768,1980
261518767658483,96,53,56720,570.768,1980
261518817757809,98,54,56720,591.786,1980
261518867856112,98,54,56720,591.786,1980
261518917962725,98,54,56720,603.33,1980
261518968064971,98,54,56720,603.33,1980
261519018165433,95,53,56720,597.475,1980
261519068270496,95,53,56720,597.475,1980
261519118378724,95,53,56720,593.276,1980
261519169178435,95,53,56720,593.276,1980
261519220186276,96,63,56720,572.163,1980
261519271068528,96,63,56720,572.163,1980
261519321993042,96,63,56720,529.223,1980
261519373115124,96,63,56720,529.223,1980
261519423691678,2,2,56720,492.992,1980
261519473887265,2,2,56720,492.992,1980
261519525190870,2,2,56720,467.566,1980
261519575694447,2,2,56720,467.566,1980
261519627100107,70,36,56720,443.181,1980
261519677254808,70,36,56720,443.181,1980
261519728105770,70,36,56720,421.574,1980
261519778297480,70,36,56720,421.574,1980
261519828468938,78,40,56720,395.797,1980
261519878681273,78,40,56720,395.797,1980
261519928860793,78,40,56720,376.327,1980
261519979725573,78,40,56720,376.327,1980
261520029864673,89,46,56720,354.726,1980
261520080330680,89,46,56720,354.726,1980
261520130604695,89,46,56720,332.028,1980
261520180709999,89,46,56720,332.028,1980
261520230837283,89,47,56720,329.115,1980
261520280988744,89,47,56720,329.115,1980
261520331091998,89,47,56720,376.229,1980
261520381199355,89,47,56720,376.229,1980
261520431307668,98,51,56720,424.951,1980
261520481471939,98,51,56720,424.951,1980
261520531573206,98,51,56720,452.242,1980
261520582647821,98,51,56720,452.242,1980
261520632747158,89,48,56720,479.244,1980
261520682846049,89,48,56720,479.244,1980
261520732943839,89,48,56720,503.449,1980
261520783040803,89,48,56720,503.449,1980
261520833141566,97,54,56720,521.206,1980
261520883245971,97,54,56720,521.206,1980
261520933360364,97,54,56720,539.984,1980
261520983474070,97,54,56720,539.984,1980
261521033635922,95,54,56720,558.986,1980
261521083792465,95,54,56720,558.986,1980
261521133926366,95,54,56720,579.648,1980
261521184055004,95,54,56720,579.648,1980
261521234170055,96,53,56720,605.322,1980
261521284271450,96,53,56720,605.322,1980
261521334377099,96,53,56720,599.662,1980
261521384480289,96,53,56720,599.662,1980
261521434599446,98,55,56720,595.186,1980
261521484702102,98,55,56720,595.186,1980
261521535368988,98,55,56720,588.497,1980
261521586026083,98,55,56720,588.497,1980
261521636717573,70,51,56720,554.542,1980
261521687296269,70,51,56720,554.542,1980
261521738315265,70,51,56720,512.533,1980
261521788471034,70,51,56720,512.533,1980
261521838642984,8,4,56720,483.373,1980
261521888802030,8,4,56720,483.373,1980
261521940332846,8,4,56720,461.105,1980
261521990506378,8,4,56720,461.105,1980
261522041170887,70,36,56720,435.775,1980
261522092541685,70,36,56720,414.079,1980
261522142662665,70,36,56720,414.079,1980
261522192792181,77,40,56720,396.475,1980
261522243655092,77,40,56720,396.475,1980
261522294473719,77,40,56720,373.286,1980
261522344591789,77,40,56720,373.286,1980
261522394978960,96,50,56720,360.785,1980
261522445669489,96,50,56720,360.785,1980
261522498535010,96,50,56720,335.37,1980
261522548648238,96,50,56720,335.37,1980
261522598754065,77,40,56720,360.301,1980
261522648858054,77,40,56720,360.301,1980
261522698980409,77,40,56720,411.045,1980
261522749090481,77,40,56720,411.045,1980
261522799192330,98,51,56720,446.567,1980
261522849294905,98,51,56720,446.567,1980
261522899398814,98,51,56720,470.497,1980
261522949505694,98,51,56720,470.497,1980
261522999611995,94,51,56720,493.03,1980
261523049729366,94,51,56720,493.03,1980
261523099850196,94,51,56720,513.011,1980
261523149957875,94,51,56720,513.011,1980
261523200064997,94,53,56720,533.393,1980
261523250167412,94,53,56720,533.393,1980
261523300285708,94,53,56720,558.03,1980
261523350384805,94,53,56720,558.03,1980
261523400491117,95,53,56720,575.757,1980
261523450594258,95,53,56720,575.757,1980
261523500704453,95,53,56720,589.909,1980
261523550808646,95,53,56720,589.909,1980
261523600912985,98,56,56720,598.207,1980
261523651019303,98,56,56720,598.207,1980
261523701174453,98,56,56720,590.798,1980
261523751313261,98,56,56720,590.798,1980
261523801430515,95,54,56720,587.183,1980
261523852413631,95,54,56720,587.183,1980
261523903346169,95,54,56720,555.487,1980
261523954295055,95,54,56720,555.487,1980
261524005236412,2,2,56720,509.311,1980
261524055376695,2,2,56720,509.311,1980
261524105582908,2,2,56720,478.727,1980
261524155693146,2,2,56720,478.727,1980
261524207387874,69,35,56720,455.431,1980
261524257878274,69,35,56720,455.431,1980
261524308053173,69,35,56720,430.953,1980
261524358262638,69,35,56720,430.953,1980
261524408951547,74,38,56720,413.678,1980
261524459057215,74,38,56720,413.678,1980
261524509192007,74,38,56720,395.029,1980
261524559487078,74,38,56720,395.029,1980
261524609622046,89,46,56720,378.761,1980
261524659768187,89,46,56720,378.761,1980
261524710307746,89,46,56720,354.72,1980
261524760424178,89,46,56720,354.72,1980
261524810534247,100,52,56720,334.329,1980
261524860646767,100,52,56720,334.329,1980
261524910750857,100,52,56720,352.902,1980
261524960885765,100,52,56720,352.902,1980
261525010995081,98,49,56720,398.935,1980
261525061137021,98,49,56720,398.935,1980
261525115332924,98,49,56720,431.415,1980
261525165438753,98,49,56720,431.415,1980
261525215544394,90,45,56720,452.18,1980
261525265647751,90,45,56720,452.18,1980
261525315748892,90,45,56720,479.132,1980
261525365850780,90,45,56720,479.132,1980
261525415960407,95,53,56720,497.741,1980
261525466065044,95,53,56720,497.741,1980
261525516169811,95,53,56720,519.534,1980
261525566279385,95,53,56720,519.534,1980
261525616490902,97,52,56720,536.987,1980
261525666598403,97,52,56720,536.987,1980
261525716700061,97,52,56720,558.814,1980
261525766801691,97,52,56720,558.814,1980
261525816899974,98,55,56720,578.92,1980
261525867004419,98,55,56720,578.92,1980
261525921679126,98,55,56720,592.254,1980
261525971781505,98,55,56720,592.254,1980
261526021885132,96,54,56720,587.132,1980
261526071986149,96,54,56720,587.132,1980
261526122118840,96,54,56720,580.979,1980
261526173129153,96,54,56720,580.979,1980
261526223822086,96,62,56720,566.252,1980
261526274879534,96,62,56720,566.252,1980
261526325776969,96,62,56720,523.779,1980
261526375966239,96,62,56720,523.779,1980
261526426087660,2,2,56720,485.377,1980
261526476244000,2,2,56720,485.377,1980
261526527873924,2,2,56720,459.552,1980
261526578266203,2,2,56720,459.552,1980
261526630096594,70,36,56720,438.66,1980
261526680967134,70,36,56720,438.66,1980
261526731843584,70,36,56720,420.629,1980
261526781997937,70,36,56720,420.629,1980
261526832955984,80,41,56720,400.362,1980
261526883105149,80,41,56720,400.362,1980
261526933231187,80,41,56720,375.46,1980
261526983336755,80,41,56720,375.46,1980
261527033471084,98,51,56720,362.491,1980
261527083582782,98,51,56720,362.491,1980
261527133698340,98,51,56720,338.492,1980
261527183803173,98,51,56720,338.492,1980
261527233944798,78,41,56720,345.552,1980
261527284048917,78,41,56720,345.552,1980
261527334150161,78,41,56720,396.406,1980
261527384255912,78,41,56720,396.406,1980
261527434359861,98,51,56720,438.962,1980
261527484463090,98,51,56720,438.962,1980
261527534565615,98,51,56720,461.323,1980
261527584668078,98,51,56720,461.323,1980
261527634769428,95,52,56720,484.385,1980
261527684869812,95,52,56720,484.385,1980
261527734980377,95,52,56720,503.49,1980
261527785099800,95,52,56720,503.49,1980
261527835214219,95,54,56720,520.634,1980
261527885320966,95,54,56720,520.634,1980
261527935423049,95,54,56720,542.459,1980
261527985521314,95,54,56720,542.459,1980
261528035647653,96,52,56720,558.098,1980
261528085748349,96,52,56720,558.098,1980
261528135861426,96,52,56720,582.929,1980
261528185964152,96,52,56720,582.929,1980
261528236066876,98,56,56720,585.819,1980
261528286169427,98,56,56720,585.819,1980
261528336274416,98,56,56720,576.184,1980
261528400726712,98,56,56720,571.153,1980
261528453131042,96,54,56720,571.153,1980
261528504393968,96,54,56720,545.019,1980
261528555337251,96,54,56720,545.019,1980
261528605858544,3,2,56720,492.37,1980
261528656185510,3,2,56720,492.37,1980
261528706470027,3,2,56720,465.312,1980
261528756637585,3,2,56720,465.312,1980
261528807781262,68,34,56720,443.372,1980
261528857953140,68,34,56720,443.372,1980
261528908066412,68,34,56720,425.066,1980
261528959069585,68,34,56720,425.066,1980
261529009205281,78,40,56720,403.212,1980
261529059318484,78,40,56720,403.212,1980
261529109863132,78,40,56720,384.86,1980
261529160353917,78,40,56720,384.86,1980
261529210490608,95,49,56720,370.923,1980
261529260643141,95,49,56720,370.923,1980
261529310773607,95,49,56720,353.294,1980
261529364264786,95,49,56720,353.294,1980
261529414397121,100,53,56720,327.896,1980
261529464518690,100,53,56720,327.896,1980
261529514631658,100,53,56720,371.888,1980
261529564793226,100,53,56720,371.888,1980
261529614903157,98,51,56720,419.223,1980
261529665016050,98,51,56720,419.223,1980
261529715118783,98,51,56720,450.454,1980
261529765230025,98,51,56720,450.454,1980
261529815332431,89,48,56720,475.751,1980
261529865433552,89,48,56720,475.751,1980
261529915534987,89,48,56720,501.679,1980
261529965638267,89,48,56720,501.679,1980
261530015738405,95,56,56720,522.81,1980
261530065843311,95,56,56720,522.81,1980
261530115949241,95,56,56720,541.713,1980
261530166041812,95,56,56720,541.713,1980
261530216142642,96,54,56720,564.121,1980
261530266243196,96,54,56720,564.121,1980
261530316354827,96,54,56720,586.489,1980
261530366454608,96,54,56720,586.489,1980
261530416558813,97,53,56720,609.438,1980
261530466663681,97,53,56720,609.438,1980
261530516768492,97,53,56720,603.807,1980
261530566884187,97,53,56720,603.807,1980
261530616993654,98,55,56720,595.75,1980
261530667102762,98,55,56720,595.75,1980
261530717209199,98,55,56720,594.367,1980
261530768092129,98,55,56720,594.367,1980
261530819169162,68,49,56720,553.169,1980
261530870090036,68,49,56720,553.169,1980
261530920276743,68,49,56720,511.631,1980
261530971605682,68,49,56720,511.631,1980
261531022571334,8,4,56720,480.75,1980
261531072724604,8,4,56720,480.75,1980
261531123058818,8,4,56720,461.011,1980
261531173196334,8,4,56720,461.011,1980
261531223519880,71,37,56720,438.771,1980
261531274858922,71,37,56720,438.771,1980
261531325352519,71,37,56720,416.429,1980
261531375487851,71,37,56720,416.429,1980
261531425969278,88,46,56720,389.834,1980
261531476510179,88,46,56720,389.834,1980
261531526765720,88,46,56720,374.176,1980
261531576922986,88,46,56720,374.176,1980
261531627040881,100,53,56720,353.32,1980
261531677167255,100,53,56720,353.32,1980
261531727289148,100,53,56720,335.461,1980
261531777391372,100,53,56720,335.461,1980
261531827492457,73,37,56720,374.259,1980
261531877608147,73,37,56720,374.259,1980
261531930371365,73,37,56720,425.683,1980
261531980478848,73,37,56720,425.683,1980
261532030583118,96,49,56720,449.768,1980
261532080686443,96,49,56720,449.768,1980
261532130787404,96,49,56720,472.58,1980
261532180887411,96,49,56720,472.58,1980
261532230990992,95,53,56720,493.472,1980
261532281100140,95,53,56720,493.472,1980
261532331207014,95,53,56720,513.061,1980
261532381310091,95,53,56720,513.061,1980
261532431410751,95,54,56720,522.408,1980
261532481511913,95,54,56720,522.408,1980
261532531611985,95,54,56720,543.436,1980
261532581716385,95,54,56720,543.436,1980
261532631829146,97,54,56720,567.381,1980
261532681933523,97,54,56720,567.381,1980
261532732039947,97,54,56720,586.464,1980
261532782153946,97,54,56720,586.464,1980
261532832258104,98,55,56720,578.381,1980
261532883781909,98,55,56720,578.381,1980
261532934800054,98,55,56720,562.73,1980
261532985372470,98,55,56720,562.73,1980
261533036258888,46,38,56720,524.405,1980
261533093916360,46,38,56720,524.405,1980
261533144081624,46,38,56720,485.026,1980
261533194208459,46,38,56720,485.026,1980
261533245512898,22,11,56720,465.258,1980
261533296017868,22,11,56720,465.258,1980
261533347147796,22,11,56720,437.834,1980
261533397279848,22,11,56720,424.848,1980
261533447419576,72,37,56720,424.848,1980
261533497540092,72,37,56720,404.81,1980
261533547653259,72,37,56720,404.81,1980
261533597795560,91,47,56720,387.974,1980
261533647913516,91,47,56720,387.974,1980
261533698084354,91,47,56720,366.667,1980
261533748227320,91,47,56720,366.667,1980
261533798402018,100,53,56720,347.292,1980
261533848513416,100,53,56720,347.292,1980
261533898620569,100,53,56720,337.127,1980
261533948723332,100,53,56720,337.127,1980
261533998827913,79,40,56720,384.179,1980
261534048936938,79,40,56720,384.179,1980
261534099042550,79,40,56720,435.474,1980
261534149166629,79,40,56720,435.474,1980
261534199277297,99,49,56720,459.752,1980
261534249379660,99,49,56720,459.752,1980
261534299478127,99,49,56720,484.066,1980
261534349577875,99,49,56720,484.066,1980
261534399677622,95,53,56720,502.31,1980
261534449777743,95,53,56720,502.31,1980
261534499892274,95,53,56720,523.923,1980
261534549990998,95,53,56720,523.923,1980
261534600088297,97,52,56720,548.249,1980
261534650188566,97,52,56720,548.249,1980
261534700289275,97,52,56720,564.038,1980
261534750397641,97,52,56720,564.038,1980
261534800500545,98,55,56720,588.523,1980
261534850598215,98,55,56720,588.523,1980
261534900695686,98,55,56720,602.876,1980
261534950795059,98,55,56720,602.876,1980
261535000895044,96,54,56720,593.114,1980
261535051008319,96,54,56720,593.114,1980
261535101146317,96,54,56720,590.145,1980
261535151278003,96,54,56720,590.145,1980
261535202050086,91,61,56720,556.915,1980
261535252775026,91,61,56720,556.915,1980
261535303361459,91,61,56720,512.13,1980
261535355822969,91,61,56720,512.13,1980
261535406243273,2,2,56720,484.778,1980
261535456419304,2,2,56720,484.778,1980
261535507659172,2,2,56720,459.483,1980
261535559260447,2,2,56720,459.483,1980
261535609375303,72,37,56720,438.801,1980
261535660815988,72,37,56720,438.801,1980
261535710922066,72,37,56720,415.275,1980
261535761790048,72,37,56720,415.275,1980
261535811988479,81,41,56720,398.348,1980
261535862767440,81,41,56720,398.348,1980
261535913680614,81,41,56720,379.179,1980
261535964231405,81,41,56720,379.179,1980
261536014358713,98,50,56720,361.355,1980
261536064476001,98,50,56720,361.355,1980
261536114593753,98,50,56720,337.56,1980
261536164714294,98,50,56720,337.56,1980
261536214816227,73,39,56720,364.217,1980
261536264934270,73,39,56720,364.217,1980
261536315053486,73,39,56720,410.268,1980
261536365163604,73,39,56720,410.268,1980
261536415268096,99,52,56720,450.521,1980
261536465372781,99,52,56720,450.521,1980
261536515476540,99,52,56720,471.651,1980
261536565578125,99,52,56720,471.651,1980
261536615679377,98,54,56720,491.775,1980
261536665778319,98,54,56720,491.775,1980
261536715877401,98,54,56720,515.026,1980
261536765986424,98,54,56720,515.026,1980
261536816090327,96,55,56720,536.421,1980
261536866195435,96,55,56720,536.421,1980
261536916299923,96,55,56720,557.769,1980
261536966406217,96,55,56720,557.769,1980
261537016509105,98,57,56720,577.704,1980
261537066630760,98,57,56720,577.704,1980
261537116776537,98,57,56720,599.488,1980
261537166881366,98,57,56720,599.488,1980
261537216986202,95,55,56720,603.604,1980
261537267089097,95,55,56720,603.604,1980
261537317191401,95,55,56720,594.968,1980
261537367343868,95,55,56720,594.968,1980
261537417446431,95,57,56720,592.533,1980
261537467548902,95,57,56720,592.533,1980
261537518489885,95,57,56720,584.606,1980
261537569292854,95,57,56720,584.606,1980
261537621225846,49,39,56720,543.991,1980
261537672167427,49,39,56720,543.991,1980
261537722301665,49,39,56720,501.838,1980
261537774258426,49,39,56720,501.838,1980
261537824366350,19,10,56720,477.008,1980
261537874496523,19,10,56720,477.008,1980
261537924638580,19,10,56720,458.677,1980
261537975692665,19,10,56720,458.677,1980
261538025884127,72,37,56720,435.899,1980
261538076233050,72,37,56720,435.899,1980
261538126494080,72,37,56720,417.219,1980
261538176650420,72,37,56720,417.219,1980
261538227088242,97,50,56720,396.682,1980
261538277486800,97,50,56720,396.682,1980
261538327997649,97,50,56720,374.862,1980
261538378294037,97,50,56720,374.862,1980
261538428903645,100,53,56720,349.309,1980
261538479015694,100,53,56720,349.309,1980
261538529162442,100,53,56720,347.967,1980
261538579301482,100,53,56720,347.967,1980
261538629430814,96,47,56720,392.352,1980
261538679553967,96,47,56720,392.352,1980
261538732081159,96,47,56720,444.78,1980
261538782200480,96,47,56720,444.78,1980
261538832310525,97,48,56720,463.128,1980
261538882415215,97,48,56720,463.128,1980
261538932514723,97,48,56720,484.345,1980
261538982630731,97,48,56720,484.345,1980
261539032730797,95,52,56720,507.968,1980
261539082831815,95,52,56720,507.968,1980
261539132933484,95,52,56720,527.326,1980
261539183037128,95,52,56720,527.326,1980
261539233144898,97,52,56720,550.194,1980
261539283244973,97,52,56720,550.194,1980
261539333412971,97,52,56720,565.923,1980
261539383621473,97,52,56720,565.923,1980
261539433759611,98,54,56720,583.457,1980
261539483869834,98,54,56720,583.457,1980
261539533994829,98,54,56720,597.333,1980
261539584105914,98,54,56720,597.333,1980
261539634214374,95,53,56720,588.967,1980
261539684320709,95,53,56720,588.967,1980
261539734424332,95,53,56720,584.67,1980
261539785086788,95,53,56720,584.67,1980
261539836134944,96,58,56720,563.762,1980
261539886863968,96,58,56720,563.762,1980
261539937807002,96,58,56720,522.914,1980
261539987951503,96,58,56720,522.914,1980
261540039629589,2,2,56720,483.784,1980
261540089735849,2,2,56720,483.784,1980
261540141060229,2,2,56720,458.774,1980
261540191788031,2,2,56720,458.774,1980
261540242920933,71,36,56720,438.963,1980
261540293049792,71,36,56720,438.963,1980
261540343514914,71,36,56720,419.25,1980
261540394606186,71,36,56720,419.25,1980
261540444900846,82,42,56720,396.887,1980
261540495436203,82,42,56720,396.887,1980
261540545580430,82,42,56720,381.892,1980
261540596065949,82,42,56720,381.892,1980
261540646179057,97,50,56720,356.613,1980
261540696320821,97,50,56720,356.613,1980
261540746459143,97,50,56720,335.496,1980
261540796572950,97,50,56720,335.496,1980
261540846677285,77,40,56720,346.424,1980
261540896789222,77,40,56720,346.424,1980
261540946888962,77,40,56720,395.377,1980
261540996988083,77,40,56720,395.377,1980
261541047089377,98,50,56720,441.177,1980
261541097941107,98,50,56720,441.177,1980
261541148052622,98,50,56720,467.841,1980
261541198173715,98,50,56720,467.841,1980
261541248274988,98,53,56720,488.258,1980
261541298379022,98,53,56720,488.258,1980
261541348482128,98,53,56720,512.465,1980
261541398600792,98,53,56720,512.465,1980
261541448707391,95,54,56720,529.882,1980
261541498807674,95,54,56720,529.882,1980
261541548914440,95,54,56720,554.048,1980
261541599020613,95,54,56720,554.048,1980
261541649122775,97,53,56720,572.09,1980
261541699228516,97,53,56720,572.09,1980
261541749341159,97,53,56720,592.924,1980
261541799443145,97,53,56720,592.924,1980
261541849541862,98,55,56720,604.352,1980
261541899643344,98,55,56720,604.352,1980
261541949750107,98,55,56720,594.979,1980
261541999849071,98,55,56720,594.979,1980
261542050784176,96,54,56720,591.125,1980
261542101836580,96,54,56720,558.097,1980
261542152685687,96,54,56720,558.097,1980
261542203354236,2,2,56720,513.675,1980
261542254263905,2,2,56720,513.675,1980
261542304399989,2,2,56720,483.083,1980
261542356195594,2,2,56720,483.083,1980
261542407778652,67,34,56720,460.047,1980
261542457918863,67,34,56720,460.047,1980
261542509162782,67,34,56720,438.653,1980
261542560126771,67,34,56720,438.653,1980
261542610809460,77,39,56720,416.498,1980
261542661881988,77,39,56720,416.498,1980
261542712113141,77,39,56720,392.225,1980
261542762585362,77,39,56720,392.225,1980
261542812969764,97,50,56720,376.663,1980
261542863121303,97,50,56720,376.663,1980
261542913244626,97,50,56720,356.994,1980
261542963442181,97,50,56720,356.994,1980
261543013577957,100,53,56720,332.62,1980
261543063682030,100,53,56720,332.62,1980
261543113791191,100,53,56720,364.954,1980
261543163906215,100,53,56720,364.954,1980
261543214014191,98,48,56720,410.347,1980
261543264132077,98,48,56720,410.347,1980
261543314254264,98,48,56720,444.003,1980
261543364399669,98,48,56720,444.003,1980
261543414506251,90,47,56720,469.004,1980
261543464616362,90,47,56720,469.004,1980
261543514726182,90,47,56720,484.739,1980
261543564846560,90,47,56720,484.739,1980
261543614965104,96,54,56720,505.752,1980
261543665070002,96,54,56720,505.752,1980
261543715180428,96,54,56720,523.583,1980
261543765280947,96,54,56720,523.583,1980
261543815379782,95,54,56720,538.186,1980
261543865479466,95,54,56720,538.186,1980
261543915580046,95,54,56720,551.9,1980
261543965681821,95,54,56720,551.9,1980
261544015781445,98,54,56720,576.688,1980
261544065887098,98,54,56720,576.688,1980
261544115988177,98,54,56720,569.433,1980
261544166089651,98,54,56720,569.433,1980
261544216194151,96,54,56720,559.227,1980
261544267064563,96,54,56720,559.227,1980
261544317814174,96,54,56720,520.18,1980
261544368667473,96,54,56720,520.18,1980
261544418776886,2,2,56720,476.838,1980
261544470610222,2,2,56720,476.838,1980
261544520785925,2,2,56720,453.7,1980
261544570924310,2,2,56720,453.7,1980
261544621351413,68,34,56720,433.727,1980
261544671784884,68,34,56720,433.727,1980
261544722570149,68,34,56720,415.401,1980
261544772763957,68,34,56720,415.401,1980
261544822871856,81,41,56720,400.621,1980
261544873442017,81,41,56720,400.621,1980
261544924063935,81,41,56720,382.503,1980
261544974514467,81,41,56720,382.503,1980
261545024770501,100,52,56720,363.763,1980
261545074873541,100,52,56720,363.763,1980
261545124984464,100,52,56720,346.572,1980
261545175045908,100,52,56720,346.572,1980
261545225151246,97,51,56720,339.295,1980
261545275256436,97,51,56720,339.295,1980
261545325356304,97,51,56720,383.861,1980
261545375463742,97,51,56720,383.861,1980
261545425572024,98,51,56720,426.274,1980
261545475698359,98,51,56720,426.274,1980
261545525818540,98,51,56720,457.814,1980
261545575941254,98,51,56720,457.814,1980
261545626062186,90,48,56720,477.583,1980
261545676176809,90,48,56720,477.583,1980
261545726282582,90,48,56720,501.209,1980
261545776386874,90,48,56720,501.209,1980
261545826500621,95,52,56720,522.265,1980
261545876614785,95,52,56720,522.265,1980
261545926724722,95,52,56720,538.624,1980
261545977215890,95,52,56720,538.624,1980
261546027322096,98,56,56720,564.103,1980
261546077437829,98,56,56720,564.103,1980
261546127546228,98,56,56720,584.283,1980
261546177644900,98,56,56720,584.283,1980
261546227749648,95,55,56720,594.578,1980
261546277853531,95,55,56720,594.578,1980
261546327971328,95,55,56720,589.016,1980
261546378045867,95,55,56720,589.016,1980
261546429238806,97,53,56720,583.032,1980
261546479343856,97,53,56720,583.032,1980
261546530196327,97,53,56720,566.208,1980
261546580944456,97,53,56720,566.208,1980
261546631815955,25,25,56720,524.675,1980
261546681936239,25,25,56720,524.675,1980
261546732104984,25,25,56720,486.6,1980
261546782218340,25,25,56720,486.6,1980
261546833248044,33,17,56720,462.117,1980
261546883620683,33,17,56720,462.117,1980
261546934464583,33,17,56720,439.83,1980
261546984606383,33,17,56720,439.83,1980
261547034752002,75,38,56720,419.636,1980
261547084854457,75,38,56720,419.636,1980
261547134953819,75,38,56720,396.978,1980
261547185864983,75,38,56720,396.978,1980
261547236046770,90,46,56720,383.152,1980
261547286191124,90,46,56720,383.152,1980
261547336313816,90,46,56720,362.956,1980
261547386475625,90,46,56720,362.956,1980
261547436596116,100,53,56720,342.199,1980
261547486705441,100,53,56720,342.199,1980
261547536817914,100,53,56720,346.014,1980
261547586916805,100,53,56720,346.014,1980
261547637023368,98,51,56720,399.744,1980
261547687132206,98,51,56720,399.744,1980
261547737252486,98,51,56720,440.636,1980
261547787358577,98,51,56720,440.636,1980
261547837458672,90,46,56720,463.215,1980
261547887559244,90,46,56720,463.215,1980
261547937659544,90,46,56720,487.978,1980
261547987759234,90,46,56720,487.978,1980
261548037865878,95,53,56720,512.272,1980
261548087966304,95,53,56720,512.272,1980
261548138043573,95,53,56720,532.048,1980
261548188142392,95,53,56720,532.048,1980
261548238241684,96,53,56720,549.8,1980
261548289503636,96,53,56720,549.8,1980
261548339610444,96,53,56720,567.015,1980
261548389716674,96,53,56720,567.015,1980
261548439816080,98,56,56720,584.53,1980
261548489914215,98,56,56720,584.53,1980
261548540015103,98,56,56720,596.059,1980
261548590120685,98,56,56720,596.059,1980
261548640220111,95,54,56720,590.453,1980
261548690319585,95,54,56720,590.453,1980
261548742377256,95,54,56720,585.807,1980
261548793177691,95,54,56720,585.807,1980
261548844072968,96,65,56720,556.526,1980
261548895012564,96,65,56720,556.526,1980
261548945182922,96,65,56720,512.038,1980
261548995341441,96,65,56720,512.038,1980
261549046695178,2,2,56720,481.043,1980
261549096844214,2,2,56720,481.043,1980
261549148553708,2,2,56720,456.693,1980
261549198967426,2,2,56720,456.693,1980
261549249114658,70,36,56720,436.337,1980
261549299259501,70,36,56720,436.337,1980
261549350106561,70,36,56720,415.533,1980
261549400212457,70,36,56720,415.533,1980
261549451050754,85,44,56720,400.471,1980
261549501533049,85,44,56720,400.471,1980
261549551912059,85,44,56720,375.205,1980
261549602236192,85,44,56720,375.205,1980
261549652372937,100,53,56720,357.879,1980
261549702548562,100,53,56720,357.879,1980
261549752659446,100,53,56720,327.016,1980
261549802775304,100,53,56720,327.016,1980
261549852888757,71,37,56720,363.107,1980
261549903009051,71,37,56720,363.107,1980
261549953115371,71,37,56720,407.046,1980
261550003223293,71,37,56720,407.046,1980
261550053327781,98,50,56720,444.402,1980
261550103431672,98,50,56720,444.402,1980
261550153533769,98,50,56720,464.129,1980
261550203638483,98,50,56720,464.129,1980
261550253753066,95,52,56720,487.72,1980
261550303860789,95,52,56720,487.72,1980
261550353963169,95,52,56720,506.48,1980
261550404065661,95,52,56720,506.48,1980
261550454166588,95,54,56720,527.416,1980
261550504267592,95,54,56720,527.416,1980
261550554367384,95,54,56720,545.815,1980
261550604471997,95,54,56720,545.815,1980
261550654573078,97,52,56720,566.407,1980
261550704673375,97,52,56720,566.407,1980
261550754775150,97,52,56720,589.555,1980
261550804888040,97,52,56720,589.555,1980
261550854988735,98,55,56720,594.306,1980
261550905042653,98,55,56720,594.306,1980
261550955141350,98,55,56720,585.444,1980
261551005241495,98,55,56720,585.444,1980
261551056256951,96,54,56720,584.1,1980
261551107093113,96,54,56720,554.785,1980
261551157714052,96,54,56720,554.785,1980
261551208804491,2,2,56720,512.226,1980
261551259092992,2,2,56720,512.226,1980
261551309281097,2,2,56720,481.772,1980
261551359403644,2,2,56720,481.772,1980
261551410868533,63,31,56720,459.165,1980
261551461096403,63,31,56720,459.165,1980
261551511221043,63,31,56720,439.704,1980
261551561619839,63,31,56720,439.704,1980
261551612446608,79,40,56720,420.908,1980
261551662718780,79,40,56720,420.908,1980
261551713274813,79,40,56720,393.96,1980
261551763512531,79,40,56720,393.96,1980
261551813658765,100,52,56720,369.893,1980
261551863799939,100,52,56720,369.893,1980
261551913906478,100,52,56720,348.209,1980
261551964019020,100,52,56720,348.209,1980
261552014121964,100,53,56720,336.792,1980
261552064225962,100,53,56720,336.792,1980
261552114329571,100,53,56720,372.552,1980
261552164437195,100,53,56720,372.552,1980
261552214550114,97,49,56720,414.454,1980
261552264696648,97,49,56720,414.454,1980
261552314799050,97,49,56720,451.127,1980
261552364904258,97,49,56720,451.127,1980
261552415007687,97,51,56720,472.187,1980
261552465116891,97,51,56720,472.187,1980
261552515222227,97,51,56720,492.942,1980
261552565937030,97,51,56720,492.942,1980
261552616039030,95,54,56720,507.731,1980
261552666143647,95,54,56720,507.731,1980
261552716249728,95,54,56720,528.434,1980
261552766349588,95,54,56720,528.434,1980
261552816451010,95,54,56720,547.929,1980
261552866560652,95,54,56720,547.929,1980
261552916668433,95,54,56720,568.27,1980
261552966770939,95,54,56720,568.27,1980
261553016871201,96,54,56720,588.528,1980
261553066979964,96,54,56720,588.528,1980
261553117084067,96,54,56720,582.081,1980
261553169192420,96,54,56720,582.081,1980
261553219983353,98,54,56720,561.111,1980
261553270687381,98,54,56720,561.111,1980
261553321758169,98,54,56720,519.493,1980
261553381665872,98,54,56720,519.493,1980
261553431783397,2,2,56720,482.323,1980
261553481978964,2,2,56720,482.323,1980
261553532139451,2,2,56720,462.864,1980
261553583870969,2,2,56720,462.864,1980
261553634032670,70,36,56720,441.7,1980
261553685185627,70,36,56720,441.7,1980
261553735410039,70,36,56720,424.241,1980
261553785918613,70,36,56720,424.241,1980
261553836072465,84,43,56720,399.38,1980
261553886216054,84,43,56720,399.38,1980
261553936395581,84,43,56720,381.231,1980
261553986573322,84,43,56720,381.231,1980
261554036728452,100,53,56720,359.15,1980
261554086836760,100,53,56720,359.15,1980
261554136940526,100,53,56720,339.32,1980
261554187048889,100,53,56720,339.32,1980
261554237153859,81,42,56720,349.168,1980
261554287257468,81,42,56720,349.168,1980
261554337363060,81,42,56720,394.849,1980
261554387470143,81,42,56720,394.849,1980
261554437644081,98,49,56720,443.806,1980
261554487766308,98,49,56720,443.806,1980
261554537881671,98,49,56720,463.716,1980
261554587988475,98,49,56720,463.716,1980
261554638088187,98,53,56720,485.8,1980
261554688188316,98,53,56720,485.8,1980
261554738287007,98,53,56720,508.424,1980
261554788388826,98,53,56720,508.424,1980
261554838493505,96,54,56720,522.199,1980
261554888596263,96,54,56720,522.199,1980
261554938697989,96,54,56720,543.16,1980
261554988797500,96,54,56720,543.16,1980
261555038901916,97,52,56720,563.991,1980
261555089030703,97,52,56720,563.991,1980
261555139129805,97,52,56720,590.265,1980
261555189229860,97,52,56720,590.265,1980
261555239331363,97,53,56720,592.187,1980
261555289450133,97,53,56720,592.187,1980
261555339553609,97,53,56720,579.814,1980
261555389652670,97,53,56720,579.814,1980
261555442459176,95,54,56720,575.247,1980
261555493103287,95,54,56720,575.247,1980
261555543740975,95,54,56720,548.247,1980
261555594655338,95,54,56720,548.247,1980
261555644887212,2,2,56720,505.453,1980
261555696626707,2,2,56720,505.453,1980
261555746823453,2,2,56720,474.67,1980
261555796970682,2,2,56720,474.67,1980
261555847064731,54,26,56720,450.528,1980
261555908989520,54,26,56720,428.11,1980
261555959146182,54,26,56720,428.11,1980
261556009305841,72,37,56720,402.719,1980
261556059440448,72,37,56720,402.719,1980
261556109579545,72,37,56720,382.257,1980
261556159716502,72,37,56720,382.257,1980
261556210846002,84,43,56720,363.669,1980
261556261680691,84,43,56720,363.669,1980
261556312099346,84,43,56720,352.375,1980
261556362540082,84,43,56720,352.375,1980
261556412663242,99,51,56720,329.295,1980
261556462781208,99,51,56720,329.295,1980
261556512955408,99,51,56720,348.99,1980
261556563128720,99,51,56720,348.99,1980
261556613253085,83,43,56720,394.092,1980
261556663381590,83,43,56720,394.092,1980
261556713498076,83,43,56720,437.533,1980
261556763611406,83,43,56720,437.533,1980
261556813723767,99,50,56720,460.397,1980
261556863830438,99,50,56720,460.397,1980
261556913974644,99,50,56720,487.115,1980
261556964045422,99,50,56720,487.115,1980
261557014164296,95,53,56720,511.942,1980
261557064303638,95,53,56720,511.942,1980
261557114425402,95,53,56720,532.376,1980
261557164548625,95,53,56720,532.376,1980
261557214659333,97,53,56720,557.59,1980
261557264763953,97,53,56720,557.59,1980
261557314866243,97,53,56720,577.573,1980
261557364969094,97,53,56720,577.573,1980
261557415070833,98,55,56720,598.251,1980
261557465721922,98,55,56720,598.251,1980
261557515823727,98,55,56720,610.218,1980
261557565924014,98,55,56720,610.218,1980
261557616028816,95,54,56720,602.384,1980
261557666131288,95,54,56720,602.384,1980
261557716231884,95,54,56720,598.374,1980
261557767241556,95,54,56720,598.374,1980
261557818332253,97,63,56720,570.761,1980
261557869451117,97,63,56720,570.761,1980
261557920518687,97,63,56720,527.761,1980
261557972510059,97,63,56720,527.761,1980
261558022637159,2,2,56720,491.333,1980
261558074266762,2,2,56720,491.333,1980
261558125811439,2,2,56720,463.887,1980
261558177079802,2,2,56720,463.887,1980
261558228070230,71,37,56720,445.257,1980
261558278989656,71,37,56720,445.257,1980
261558329163664,71,37,56720,420.81,1980
261558379544878,71,37,56720,420.81,1980
261558429694932,85,44,56720,405.092,1980
261558480243655,85,44,56720,405.092,1980
261558530701730,85,44,56720,385.131,1980
261558581246303,85,44,56720,385.131,1980
261558631397486,100,52,56720,362.815,1980
261558681548723,100,52,56720,362.815,1980
261558731663608,100,52,56720,335.048,1980
261558781766292,100,52,56720,335.048,1980
261558831869345,37,20,56720,314.687,1980
261558881972804,37,20,56720,314.687,1980
261558932075052,37,20,56720,311.497,1980
261558982178238,37,20,56720,311.497,1980
261559032281862,0,0,56720,324.017,1980
261559082383066,0,0,56720,324.017,1980
261559132485260,0,0,56720,308.361,1980
261559183448615,0,0,56720,308.361,1980
261559233563405,0,0,56720,284.507,1980
261559283705814,0,0,56720,284.507,1980
261559333821048,0,0,56720,270.238,1980
261559383922686,0,0,56720,270.238,1980
261559434039714,49,25,56720,290.586,1980
261559484146042,49,25,56720,290.586,1980
261559534326417,49,25,56720,314.833,1980
261559584441936,49,25,56720,314.833,1980
261559634558826,92,46,56720,324.137,1980
261559684675261,92,46,56720,324.137,1980
261559734781417,92,46,56720,306.943,1980
261559784917645,92,46,56720,306.943,1980
261559835057580,0,0,56720,312.36,1980
261559885172464,0,0,56720,312.36,1980
261559935291027,0,0,56720,354.941,1980
261559985409503,0,0,56720,354.941,1980
261560035521081,95,53,56720,383.508,1980
261560085697811,95,53,56720,383.508,1980
261560135801952,95,53,56720,413.64,1980
261560185903327,95,53,56720,413.64,1980
261560236010653,96,54,56720,463.878,1980
261560286113651,96,54,56720,463.878,1980
261560336216042,96,54,56720,501.288,1980
261560386318727,96,54,56720,501.288,1980
261560436487988,95,55,56720,498.026,1980
261560486588794,95,55,56720,498.026,1980
261560536702808,95,55,56720,494.634,1980
261560586806502,95,55,56720,494.634,1980
261560636911740,96,54,56720,499.872,1980
261560687017998,96,54,56720,499.872,1980
261560737808182,96,54,56720,536.534,1980
261560788652176,96,54,56720,536.534,1980
261560839432079,64,47,56720,532.15,1980
261560890422864,64,47,56720,532.15,1980
261560942085190,64,47,56720,492.732,1980
261560992207161,64,47,56720,492.732,1980
261561042348847,10,5,56720,469.983,1980
261561093102843,10,5,56720,469.983,1980
261561143286711,10,5,56720,443.988,1980
261561194209150,10,5,56720,443.988,1980
261561244752715,72,37,56720,422.799,1980
261561294983959,72,37,56720,422.799,1980
261561345090483,72,37,56720,397.076,1980
261561395194501,72,37,56720,397.076,1980
261561445575245,96,49,56720,381.352,1980
261561495709643,96,49,56720,381.352,1980
261561545853362,96,49,56720,359.354,1980
261561595973472,96,49,56720,359.354,1980
261561646096085,100,53,56720,340.058,1980
261561725728475,100,53,56720,315.715,1980
261561775831687,100,53,56720,315.715,1980
261561825938628,0,0,56720,308.654,1980
261561876081654,0,0,56720,308.654,1980
261561926216266,0,0,56720,305.109,1980
261561976342052,0,0,56720,305.109,1980
261562026454548,22,10,56720,333.976,1980
261562076571712,22,10,56720,333.976,1980
261562126685524,22,10,56720,362.134,1980
261562176797931,22,10,56720,362.134,1980
261562226905287,98,48,56720,378.554,1980
261562277014891,98,48,56720,378.554,1980
261562327122315,98,48,56720,357.054,1980
261562377231004,98,48,56720,357.054,1980
261562427335165,0,0,56720,341.809,1980
261562477436281,0,0,56720,341.809,1980
261562527537730,0,0,56720,363.416,1980
261562577639916,0,0,56720,363.416,1980
261562627745514,95,52,56720,382.999,1980
261562677862775,95,52,56720,382.999,1980
261562727966585,95,52,56720,411.821,1980
261562778067987,95,52,56720,411.821,1980
261562828172789,95,53,56720,445.277,1980
261562878272894,95,53,56720,445.277,1980
261562928384770,95,53,56720,491.845,1980
261562978485146,95,53,56720,491.845,1980
261563028587743,96,53,56720,492.939,1980
261563078689115,96,53,56720,492.939,1980
261563128788135,96,53,56720,490.188,1980
261563178887855,96,53,56720,490.188,1980
261563228985833,97,52,56720,490.653,1980
261563279655842,97,52,56720,490.653,1980
261563330492419,97,52,56720,499.712,1980
261563381499501,97,52,56720,499.712,1980
261563432411005,5,5,56720,499.841,1980
261563483992696,5,5,56720,499.841,1980
261563534180012,5,5,56720,467.814,1980
261563584335954,5,5,56720,467.814,1980
261563636147974,47,23,56720,447.095,1980
261563687626165,47,23,56720,447.095,1980
261563738290377,47,23,56720,429.359,1980
261563788620055,47,23,56720,429.359,1980
261563839184824,72,37,56720,411.319,1980
261563889377124,72,37,56720,411.319,1980
261563940160827,72,37,56720,389.693,1980
261563990740779,72,37,56720,389.693,1980
261564040884035,91,47,56720,374.335,1980
261564091002866,91,47,56720,374.335,1980
261564141152048,91,47,56720,352.448,1980
261564191274020,91,47,56720,352.448,1980
261564241379034,100,53,56720,337.667,1980
261564291482451,100,53,56720,337.667,1980
261564341596419,100,53,56720,354.756,1980
261564391701932,100,53,56720,354.756,1980
261564441801508,98,52,56720,399.583,1980
261564491902030,98,52,56720,399.583,1980
261564542005858,98,52,56720,444.141,1980
261564592121952,98,52,56720,444.141,1980
261564642224835,90,47,56720,463.352,1980
261564692325738,90,47,56720,463.352,1980
261564742426836,90,47,56720,485.374,1980
261564792526196,90,47,56720,485.374,1980
261564842630915,95,54,56720,506.42,1980
261564892729806,95,54,56720,506.42,1980
261564942828178,95,54,56720,525.542,1980
261564992925760,95,54,56720,525.542,1980
261565043049769,97,54,56720,548.845,1980
261565093150700,97,54,56720,548.845,1980
261565143249496,97,54,56720,564.63,1980
261565193349077,97,54,56720,564.63,1980
261565243449166,95,55,56720,590.243,1980
261565293557906,95,55,56720,590.243,1980
261565343663250,95,55,56720,595.66,1980
261565393763939,95,55,56720,595.66,1980
261565450102170,97,53,56720,588.546,1980
261565500204457,97,53,56720,588.546,1980
261565550305136,97,53,56720,585.684,1980
261565601263552,97,53,56720,585.684,1980
261565652073585,98,56,56720,576.916,1980
261565702857953,98,56,56720,576.916,1980
261565753768047,98,56,56720,536.227,1980
261565805698316,98,56,56720,536.227,1980
261565855838479,2,2,56720,495.755,1980
261565905987435,2,2,56720,495.755,1980
261565957739611,2,2,56720,472.317,1980
261566007879924,2,2,56720,472.317,1980
261566059184936,71,36,56720,449.531,1980
261566110357795,71,36,56720,449.531,1980
261566160526911,71,36,56720,429.555,1980
261566210768107,71,36,56720,429.555,1980
261566261096061,80,41,56720,406.498,1980
261566311204964,80,41,56720,406.498,1980
261566361361863,80,41,56720,387.577,1980
261566411495159,80,41,56720,387.577,1980
261566461599413,100,52,56720,370.5,1980
261566514358380,100,52,56720,346.187,1980
261566564465493,100,52,56720,346.187,1980
261566614567744,73,39,56720,345.591,1980
261566664680740,73,39,56720,345.591,1980
261566714783328,73,39,56720,395.75,1980
261566764886518,73,39,56720,395.75,1980
261566815006230,99,49,56720,438.185,1980
261566865141396,99,49,56720,438.185,1980
261566915243406,99,49,56720,461.921,1980
261566965347350,99,49,56720,461.921,1980
261567015447515,95,51,56720,486.537,1980
261567065549644,95,51,56720,486.537,1980
261567115656404,95,51,56720,508.503,1980
261567165763188,95,51,56720,508.503,1980
261567215842455,96,54,56720,523.609,1980
261567265962504,96,54,56720,523.609,1980
261567316091656,96,54,56720,543.826,1980
261567366205604,96,54,56720,543.826,1980
261567416309214,95,54,56720,560.017,1980
261567466413861,95,54,56720,560.017,1980
261567516544084,95,54,56720,586.204,1980
261567566645065,95,54,56720,586.204,1980
261567619682144,97,53,56720,593.444,1980
261567669785589,97,53,56720,593.444,1980
261567719887443,97,53,56720,584.662,1980
261567771544101,97,53,56720,584.662,1980
261567822324802,98,54,56720,566.396,1980
261567873107162,98,54,56720,566.396,1980
261567924167876,98,54,56720,524.95,1980
261567983459670,98,54,56720,524.95,1980
261568033578261,2,2,56720,486.691,1980
261568083685440,2,2,56720,486.691,1980
261568133839808,2,2,56720,464.311,1980
261568185037817,2,2,56720,464.311,1980
261568235566682,70,36,56720,443.126,1980
261568285717544,70,36,56720,443.126,1980
261568335842552,70,36,56720,421.978,1980
261568385958390,70,36,56720,421.978,1980
261568436067613,86,44,56720,402.051,1980
261568486259359,86,44,56720,402.051,1980
261568536420303,86,44,56720,385.228,1980
261568586586528,86,44,56720,385.228,1980
261568636734052,100,53,56720,361.182,1980
261568688063670,100,53,56720,361.182,1980
261568738187534,100,53,56720,335.412,1980
261568788292412,100,53,56720,335.412,1980
261568838409714,81,42,56720,355.07,1980
261568888524418,81,42,56720,355.07,1980
261568938625377,81,42,56720,410.312,1980
261568989308232,81,42,56720,410.312,1980
261569039419274,98,50,56720,447.612,1980
261569089519085,98,50,56720,447.612,1980
261569139619988,98,50,56720,473.823,1980
261569189722483,98,50,56720,473.823,1980
261569239824667,95,51,56720,497.402,1980
261569289925366,95,51,56720,497.402,1980
261569340028290,95,51,56720,515.038,1980
261569390128568,95,51,56720,515.038,1980
261569440227957,97,54,56720,530.88,1980
261569490337224,97,54,56720,530.88,1980
261569540440258,97,54,56720,551.337,1980
261569590540548,97,54,56720,551.337,1980
261569640639701,95,55,56720,571.813,1980
261569690737252,95,55,56720,571.813,1980
261569740835994,95,55,56720,599.044,1980
261569790937550,95,55,56720,599.044,1980
261569841048365,95,55,56720,591.7,1980
261569891149445,95,55,56720,591.7,1980
261569941248359,95,55,56720,582.955,1980
261569993870436,95,55,56720,582.955,1980
261570044844568,95,54,56720,569.185,1980
261570095657287,95,54,56720,569.185,1980
261570146377316,95,54,56720,527.346,1980
261570203470420,95,54,56720,527.346,1980
261570253663738,2,2,56720,488.183,1980
261570303779773,2,2,56720,488.183,1980
261570355739867,2,2,56720,470.57,1980
261570407461252,2,2,56720,470.57,1980
261570457651605,69,35,56720,447.718,1980
261570507826883,69,35,56720,447.718,1980
261570558270909,69,35,56720,426.341,1980
261570608517000,69,35,56720,426.341,1980
261570658713745,81,41,56720,406.24,1980
261570708885199,81,41,56720,406.24,1980
261570759006346,81,41,56720,384.091,1980
261570809163538,81,41,56720,384.091,1980
261570859318349,100,53,56720,367.739,1980
261570909486778,100,53,56720,367.739,1980
261570959629947,100,53,56720,339.669,1980
261571009763165,100,53,56720,339.669,1980
261571059875697,81,43,56720,349.527,1980
261571111280164,81,43,56720,349.527,1980
261571161391325,81,43,56720,396.287,1980
261571211504978,81,43,56720,396.287,1980
261571261640347,98,50,56720,442.815,1980
261571311747091,98,50,56720,442.815,1980
261571361846879,98,50,56720,463.021,1980
261571412429897,98,50,56720,463.021,1980
261571462537733,98,52,56720,489.627,1980
261571512641422,98,52,56720,489.627,1980
261571562744136,98,52,56720,510.962,1980
261571612849325,98,52,56720,510.962,1980
261571662951147,95,54,56720,529.936,1980
261571713068148,95,54,56720,529.936,1980
261571763172075,95,54,56720,552.252,1980
261571813274901,95,54,56720,552.252,1980
261571863374720,97,52,56720,573.663,1980
261571913476974,97,52,56720,573.663,1980
261571963600273,97,52,56720,591.144,1980
261572013707264,97,52,56720,591.144,1980
261572063812820,98,55,56720,596.385,1980
261572113912778,98,55,56720,596.385,1980
261572164014720,98,55,56720,588.699,1980
261572216597963,98,55,56720,578.527,1980
261572267475646,95,54,56720,578.527,1980
261572318130618,95,54,56720,537.15,1980
261572369124300,95,54,56720,537.15,1980
261572424773282,2,2,56720,495.713,1980
261572474925326,2,2,56720,495.713,1980
261572525119233,2,2,56720,468.996,1980
261572575245147,2,2,56720,468.996,1980
261572625489014,68,34,56720,444.3,1980
261572675605690,68,34,56720,444.3,1980
261572726673254,68,34,56720,426.086,1980
261572777801311,68,34,56720,426.086,1980
261572827923009,76,39,56720,404.818,1980
261572878064247,76,39,56720,404.818,1980
261572928190761,76,39,56720,383.127,1980
261572978365031,76,39,56720,383.127,1980
261573028511942,98,51,56720,363.668,1980
261573078619916,98,51,56720,363.668,1980
261573128721647,98,51,56720,347.171,1980
261573178832595,98,51,56720,347.171,1980
261573228935884,100,53,56720,339.129,1980
261573279050137,100,53,56720,339.129,1980
261573329205432,100,53,56720,381.727,1980
261573379310051,100,53,56720,381.727,1980
261573429417450,98,51,56720,428.168,1980
261573479527408,98,51,56720,428.168,1980
261573529632180,98,51,56720,457.622,1980
261573579734025,98,51,56720,457.622,1980
261573629836317,90,48,56720,478.301,1980
261573679935411,90,48,56720,478.301,1980
261573730042893,90,48,56720,500.298,1980
261573780161203,90,48,56720,500.298,1980
261573830259399,97,54,56720,520.395,1980
261573880359365,97,54,56720,520.395,1980
261573930462075,97,54,56720,539.152,1980
261573980571514,97,54,56720,539.152,1980
261574030677459,95,54,56720,559.311,1980
261574080776834,95,54,56720,559.311,1980
261574130950288,95,54,56720,577.805,1980
261574181084549,95,54,56720,577.805,1980
261574231202913,95,54,56720,590.114,1980
261574281317015,95,54,56720,590.114,1980
261574331429699,95,54,56720,581.676,1980
261574381535869,95,54,56720,581.676,1980
261574431637470,98,56,56720,576.535,1980
261574481745005,98,56,56720,576.535,1980
261574532616797,98,56,56720,558.627,1980
261574583505455,98,56,56720,558.627,1980
261574634545081,52,41,56720,518.104,1980
261574685651690,52,41,56720,518.104,1980
261574737086056,52,41,56720,483.068,1980
261574787860448,52,41,56720,483.068,1980
261574837982463,19,9,56720,460.363,1980
261574889706095,19,9,56720,460.363,1980
261574939809421,19,9,56720,438.349,1980
261574989920724,19,9,56720,438.349,1980
261575040076217,72,37,56720,413.843,1980
261575090964503,72,37,56720,413.843,1980
261575141087558,72,37,56720,397.282,1980
261575191346955,72,37,56720,397.282,1980
261575241470841,90,46,56720,384.406,1980
261575291599271,90,46,56720,384.406,1980
261575341710480,90,46,56720,367.253,1980
261575391845077,90,46,56720,367.253,1980
261575441961143,100,53,56720,341.928,1980
261575492203630,100,53,56720,341.928,1980
261575542317815,100,53,56720,353.16,1980
261575592419325,100,53,56720,353.16,1980
261575642527304,92,47,56720,398.268,1980
261575692643130,92,47,56720,398.268,1980
261575742760309,92,47,56720,446.05,1980
261575792876552,92,47,56720,446.05,1980
261575842980213,92,47,56720,467.234,1980
261575893088898,92,47,56720,467.234,1980
261575943716460,92,47,56720,487.967,1980
261575993821360,92,47,56720,487.967,1980
261576043967232,95,53,56720,504.85,1980
261576094085128,95,53,56720,504.85,1980
261576144185121,95,53,56720,522.735,1980
261576194293294,95,53,56720,522.735,1980
261576244397938,95,52,56720,540.1,1980
261576294502453,95,52,56720,540.1,1980
261576344608193,95,52,56720,559.505,1980
261576394717884,95,52,56720,559.505,1980
261576444819475,98,56,56720,579.911,1980
261576494990116,98,56,56720,579.911,1980
261576545090297,98,56,56720,586.901,1980
261576595215326,98,56,56720,586.901,1980
261576645325026,95,54,56720,579.227,1980
261576695426765,95,54,56720,579.227,1980
261576749238875,95,54,56720,572.775,1980
261576799963575,95,54,56720,572.775,1980
261576850730719,89,59,56720,540.576,1980
261576901500663,89,59,56720,540.576,1980
261576952430541,89,59,56720,499.848,1980
261577003241214,89,59,56720,499.848,1980
261577053853579,2,2,56720,469.733,1980
261577103985490,2,2,56720,469.733,1980
261577154127182,2,2,56720,450.593,1980
261577204266782,2,2,56720,450.593,1980
261577254423070,71,36,56720,428.118,1980
261577305176752,71,36,56720,428.118,1980
261577355321502,71,36,56720,408.813,1980
261577405872325,71,36,56720,408.813,1980
261577456231920,95,49,56720,393.712,1980
261577506457684,95,49,56720,393.712,1980
261577556567427,95,49,56720,372.53,1980
261577606720620,95,49,56720,372.53,1980
261577656884929,100,53,56720,349.521,1980
261577706990603,100,53,56720,349.521,1980
261577757108887,100,53,56720,334.504,1980
261577807220547,100,53,56720,334.504,1980
261577857323932,76,38,56720,370.577,1980
261577907425415,76,38,56720,370.577,1980
261577957538296,76,38,56720,415.998,1980
261578007647747,76,38,56720,415.998,1980
261578057751234,98,48,56720,452.433,1980
261578107853297,98,48,56720,452.433,1980
261578157953118,98,48,56720,478.677,1980
261578208050642,98,48,56720,478.677,1980
261578258181113,95,51,56720,502.094,1980
261578308320888,95,51,56720,502.094,1980
261578358433519,95,51,56720,518.229,1980
261578408544844,95,51,56720,518.229,1980
261578458656611,95,54,56720,541.408,1980
261578508766793,95,54,56720,541.408,1980
261578558981572,95,54,56720,562.561,1980
261578609047010,95,54,56720,562.561,1980
261578659150084,95,53,56720,580.137,1980
261578709262373,95,53,56720,580.137,1980
261578759442257,95,53,56720,595.202,1980
261578809601049,95,53,56720,595.202,1980
261578859735008,94,53,56720,588.905,1980
261578909845795,94,53,56720,588.905,1980
261578961855041,94,53,56720,585.698,1980
261579012649625,94,53,56720,585.698,1980
261579063247245,96,58,56720,553.595,1980
261579114248634,96,58,56720,553.595,1980
261579167143723,96,58,56720,511.391,1980
261579217560099,96,58,56720,511.391,1980
261579268109002,2,2,56720,474.965,1980
261579318218857,2,2,56720,474.965,1980
261579369679975,2,2,56720,454.935,1980
261579421214827,70,36,56720,433.743,1980
261579472812581,70,36,56720,433.743,1980
261579522942697,70,36,56720,413.517,1980
261579573772793,70,36,56720,413.517,1980
261579624751084,79,41,56720,390.52,1980
261579675584702,79,41,56720,390.52,1980
261579725692273,79,41,56720,378.926,1980
261579775800488,79,41,56720,378.926,1980
261579826063266,99,52,56720,352.727,1980
261579876249521,99,52,56720,352.727,1980
261579926362005,99,52,56720,326.6,1980
261579976467468,99,52,56720,326.6,1980
261580026572510,80,41,56720,363.956,1980
261580076676775,80,41,56720,363.956,1980
261580126783901,80,41,56720,412.811,1980
261580176889067,80,41,56720,412.811,1980
261580226989834,98,49,56720,445.189,1980
261580277090793,98,49,56720,445.189,1980
261580327190626,98,49,56720,465.708,1980
261580377290014,98,49,56720,465.708,1980
261580427390281,97,50,56720,483.759,1980
261580477494367,97,50,56720,483.759,1980
261580527595818,97,50,56720,501.694,1980
261580577696208,97,50,56720,501.694,1980
261580627797338,98,56,56720,518.421,1980
261580677900032,98,56,56720,518.421,1980
261580728006446,98,56,56720,533.64,1980
261580778107956,98,56,56720,533.64,1980
261580828208547,95,54,56720,550.072,1980
261580878745960,95,54,56720,550.072,1980
261580928844889,95,54,56720,570.978,1980
261580978942811,95,54,56720,570.978,1980
261581029044334,95,54,56720,568.462,1980
261581079147239,95,54,56720,568.462,1980
261581129249593,95,54,56720,553.718,1980
261581179974612,95,54,56720,553.718,1980
261581230893436,95,63,56720,520.024,1980
261581281769986,95,63,56720,520.024,1980
261581332412072,95,63,56720,481.59,1980
261581383579573,95,63,56720,481.59,1980
261581433762167,2,2,56720,454.718,1980
261581483912600,2,2,56720,454.718,1980
261581534435096,2,2,56720,435.394,1980
261581585807758,2,2,56720,435.394,1980
261581636150055,70,36,56720,420.61,1980
261581686307080,70,36,56720,420.61,1980
261581736766382,70,36,56720,401.321,1980
261581786921389,70,36,56720,401.321,1980
261581837099688,94,48,56720,388.249,1980
261581887247505,94,48,56720,388.249,1980
261581937388502,94,48,56720,369.364,1980
261581987553373,94,48,56720,369.364,1980
261582037792895,100,53,56720,346.737,1980
261582087906674,100,53,56720,346.737,1980
261582138024703,100,53,56720,344.533,1980
261582188133032,100,53,56720,344.533,1980
261582238246221,81,41,56720,376.596,1980
261582288349469,81,41,56720,376.596,1980
261582338449457,81,41,56720,422.653,1980
261582388582689,81,41,56720,422.653,1980
261582438701463,98,47,56720,458.666,1980
261582488825444,98,47,56720,458.666,1980
261582538943304,98,47,56720,479.113,1980
261582589065789,98,47,56720,479.113,1980
261582639178896,95,52,56720,498.565,1980
261582689294319,95,52,56720,498.565,1980
261582739396105,95,52,56720,511.142,1980
261582789497486,95,52,56720,511.142,1980
261582839599721,95,53,56720,530.978,1980
261582889704829,95,53,56720,530.978,1980
261582939805772,95,53,56720,546.772,1980
261582989906855,95,53,56720,546.772,1980
261583040017707,95,54,56720,561.125,1980
261583090121722,95,54,56720,561.125,1980
261583140222220,95,54,56720,575.399,1980
261583190322717,95,54,56720,575.399,1980
261583240421445,98,54,56720,566.414,1980
261583292686212,98,54,56720,566.414,1980
261583343647981,98,54,56720,541.148,1980
261583394669166,98,54,56720,541.148,1980
261583445710039,51,41,56720,499.416,1980
261583500297447,51,41,56720,499.416,1980
261583550971065,51,41,56720,466.582,1980
261583601045259,51,41,56720,466.582,1980
261583652262047,16,8,56720,443.039,1980
261583703443338,16,8,56720,443.039,1980
261583753910674,16,8,56720,426.376,1980
261583804592060,16,8,56720,426.376,1980
261583855340814,72,37,56720,406.049,1980
261583906051008,72,37,56720,406.049,1980
261583956690540,72,37,56720,391.976,1980
261584007152430,72,37,56720,391.976,1980
261584057582580,98,50,56720,375.736,1980
261584107707727,98,50,56720,375.736,1980
261584157840811,98,50,56720,355.653,1980
261584217980724,98,50,56720,355.653,1980
261584268097793,100,53,56720,336.717,1980
261584318243866,100,53,56720,336.717,1980
261584368363246,100,53,56720,350.289,1980
261584418477034,100,53,56720,350.289,1980
261584468590820,98,52,56720,397.186,1980
261584518710963,98,52,56720,397.186,1980
261584568817906,98,52,56720,443.517,1980
261584618918990,98,52,56720,443.517,1980
261584669022181,99,51,56720,464.897,1980
261584719121223,99,51,56720,464.897,1980
261584769235528,99,51,56720,486.9,1980
261584819335930,99,51,56720,486.9,1980
261584869438516,95,54,56720,507.6,1980
261584920184150,95,54,56720,507.6,1980
261584970294224,95,54,56720,524.255,1980
261585020397354,95,54,56720,524.255,1980
261585070505096,94,56,56720,543.91,1980
261585120605884,94,56,56720,543.91,1980
261585170703551,94,56,56720,567.511,1980
261585220802378,94,56,56720,567.511,1980
261585270900399,94,55,56720,583.517,1980
261585321010228,94,55,56720,583.517,1980
261585371114033,94,55,56720,586.479,1980
261585421214031,94,55,56720,586.479,1980
261585471293499,97,54,56720,576.4,1980
261585521412725,97,54,56720,576.4,1980
261585571531746,97,54,56720,571.751,1980
261585622582076,97,54,56720,560.3,1980
261585673643878,95,55,56720,560.3,1980
261585724691629,95,55,56720,518.24,1980
261585775466905,95,55,56720,518.24,1980
261585826606830,2,2,56720,481.335,1980
261585876932779,2,2,56720,481.335,1980
261585927090358,2,2,56720,454.755,1980
261585977279891,2,2,56720,454.755,1980
261586027969321,70,35,56720,432.387,1980
261586078098366,70,35,56720,432.387,1980
261586128360341,70,35,56720,416.282,1980
261586179091475,70,35,56720,416.282,1980
261586229892899,79,40,56720,394.33,1980
261586280059043,79,40,56720,394.33,1980
261586330269044,79,40,56720,378.102,1980
261586380406455,79,40,56720,378.102,1980
261586430512131,97,50,56720,361.941,1980
261586480630839,97,50,56720,361.941,1980
261586530736382,97,50,56720,342.072,1980
261586580901148,97,50,56720,342.072,1980
261586631014554,100,53,56720,339.18,1980
261586681132447,100,53,56720,339.18,1980
261586731274624,100,53,56720,388.817,1980
261586781385747,100,53,56720,388.817,1980
261586831503064,99,48,56720,431.882,1980
261586881643725,99,48,56720,431.882,1980
261586931751466,99,48,56720,461.079,1980
261586981859083,99,48,56720,461.079,1980
261587031958600,90,47,56720,479.464,1980
261587082058610,90,47,56720,479.464,1980
261587132161491,90,47,56720,504.054,1980
261587182265241,90,47,56720,504.054,1980
261587232387052,97,51,56720,522.159,1980
261587282489886,97,51,56720,522.159,1980
261587332595323,97,51,56720,548.269,1980
261587382696659,97,51,56720,548.269,1980
261587432795037,98,54,56720,568.036,1980
261587482894141,98,54,56720,568.036,1980
261587532995770,98,54,56720,587.979,1980
261587583099849,98,54,56720,587.979,1980
261587633201154,95,53,56720,596.152,1980
261587683321515,95,53,56720,596.152,1980
261587733423676,95,53,56720,585.603,1980
261587783539837,95,53,56720,585.603,1980
261587833653262,95,54,56720,581.628,1980
261587883775299,95,54,56720,581.628,1980
261587934408687,95,54,56720,558.719,1980
261587985382812,95,54,56720,558.719,1980
261588035976249,34,31,56720,517.885,1980
261588086095709,34,31,56720,517.885,1980
261588136251137,34,31,56720,485.171,1980
261588187668566,34,31,56720,485.171,1980
261588237794209,30,15,56720,458.763,1980
261588289078443,30,15,56720,458.763,1980
261588340095391,30,15,56720,435.869,1980
261588390930944,30,15,56720,435.869,1980
261588441035893,73,37,56720,416.47,1980
261588491182937,73,37,56720,416.47,1980
261588541596706,73,37,56720,399.704,1980
261588591967623,73,37,56720,399.704,1980
261588642053746,99,51,56720,386.666,1980
261588692168382,99,51,56720,386.666,1980
261588742271546,99,51,56720,364.656,1980
261588793670966,99,51,56720,364.656,1980
261588843777273,100,53,56720,337.266,1980
261588893880135,100,53,56720,337.266,1980
261588943989760,100,53,56720,368.876,1980
261588994099573,100,53,56720,368.876,1980
261589044202562,98,50,56720,413.004,1980
261589094306282,98,50,56720,413.004,1980
261589144416648,98,50,56720,452.122,1980
261589194517654,98,50,56720,452.122,1980
261589244619309,89,46,56720,472.177,1980
261589294722025,89,46,56720,472.177,1980
261589344830993,89,46,56720,495.695,1980
261589394935893,89,46,56720,495.695,1980
261589445045959,95,55,56720,514.638,1980
261589495151767,95,55,56720,514.638,1980
261589545251703,95,55,56720,531.302,1980
261589595351449,95,55,56720,531.302,1980
261589645452106,95,54,56720,549.084,1980
261589695552808,95,54,56720,549.084,1980
261589745663388,95,54,56720,574.849,1980
261589795762457,95,54,56720,574.849,1980
261589845860987,96,54,56720,590.527,1980
261589895958455,96,54,56720,590.527,1980
261589946057759,96,54,56720,585.669,1980
261589996167660,96,54,56720,585.669,1980
261590046547564,96,55,56720,575.05,1980
261590096648582,96,55,56720,575.05,1980
261590147465242,96,55,56720,555.788,1980
261590198107303,96,55,56720,555.788,1980
261590249052945,41,35,56720,514.133,1980
261590299245672,41,35,56720,514.133,1980
261590349375645,41,35,56720,473.592,1980
261590399511494,41,35,56720,473.592,1980
261590449679599,19,9,56720,453.693,1980
261590499791755,19,9,56720,453.693,1980
261590549919773,19,9,56720,430.997,1980
261590601235286,19,9,56720,430.997,1980
261590651363802,72,37,56720,411.963,1980
261590701469589,72,37,56720,411.963,1980
261590751971885,72,37,56720,395.128,1980
261590802080539,72,37,56720,395.128,1980
261590852207644,99,51,56720,377.763,1980
261590902314056,99,51,56720,377.763,1980
261590952472312,99,51,56720,356.181,1980
261591004371625,99,51,56720,356.181,1980
261591054479117,100,53,56720,326.761,1980
261591104585503,100,53,56720,326.761,1980
261591154699433,100,53,56720,352.115,1980
261591204798004,100,53,56720,352.115,1980
261591254897329,98,54,56720,398.772,1980
261591304997769,98,54,56720,398.772,1980
261591355101436,98,54,56720,447.677,1980
261591405205931,98,54,56720,447.677,1980
261591455305871,99,53,56720,476.641,1980
261591505409014,99,53,56720,476.641,1980
261591555511464,99,53,56720,497.551,1980
261591605611051,99,53,56720,497.551,1980
261591655710868,95,55,56720,520.281,1980
261591705811054,95,55,56720,520.281,1980
261591755911770,95,55,56720,542.957,1980
261591806014508,95,55,56720,542.957,1980
261591856112013,97,59,56720,562.664,1980
261591906211545,97,59,56720,562.664,1980
261591956310659,97,59,56720,591.092,1980
261592006412001,97,59,56720,591.092,1980
261592056515151,96,57,56720,608.092,1980
261592106613332,96,57,56720,608.092,1980
261592156786965,96,57,56720,613.638,1980
261592206926253,96,57,56720,613.638,1980
261592257046872,95,58,56720,606.358,1980
261592307160527,95,58,56720,606.358,1980
261592357272678,95,58,56720,601.043,1980
261592407385966,95,58,56720,601.043,1980
261592458438142,96,57,56720,592.902,1980
261592509400808,96,57,56720,592.902,1980
261592560315814,96,57,56720,551.537,1980
261592611022060,96,57,56720,551.537,1980
261592661211840,2,2,56720,506.641,1980
261592711329212,2,2,56720,506.641,1980
261592761467495,2,2,56720,480.599,1980
261592812313101,2,2,56720,480.599,1980
261592862419211,68,34,56720,460.747,1980
261592913288747,68,34,56720,460.747,1980
261592963396278,68,34,56720,438.588,1980
261593013709462,68,34,56720,438.588,1980
261593063880256,82,42,56720,420.189,1980
261593114036165,82,42,56720,420.189,1980
261593164154174,82,42,56720,397.395,1980
261593214286266,82,42,56720,397.395,1980
261593264390143,100,52,56720,368.985,1980
261593314624367,100,52,56720,368.985,1980
261593364729201,100,52,56720,345.688,1980
261593414836581,100,52,56720,345.688,1980
261593464954756,94,50,56720,346.911,1980
261593515063526,94,50,56720,346.911,1980
261593565165375,94,50,56720,394.264,1980
261593615269062,94,50,56720,394.264,1980
261593665373317,98,49,56720,435.41,1980
261593715478956,98,49,56720,435.41,1980
261593765579710,98,49,56720,462.676,1980
261593815680550,98,49,56720,462.676,1980
261593865786641,98,52,56720,488.748,1980
261593915890437,98,52,56720,488.748,1980
261593965995947,98,52,56720,511.849,1980
261594016104863,98,52,56720,511.849,1980
261594066205165,95,54,56720,532.729,1980
261594116323718,95,54,56720,532.729,1980
261594166422831,95,54,56720,549.863,1980
261594216522353,95,54,56720,549.863,1980
261594266621726,97,52,56720,567.55,1980
261594316720675,97,52,56720,567.55,1980
261594366821481,97,52,56720,588.668,1980
261594416921570,97,52,56720,588.668,1980
261594467023548,97,56,56720,590.786,1980
261594517124958,97,56,56720,590.786,1980
261594567226546,97,56,56720,581.245,1980
261594617907960,97,56,56720,581.245,1980
261594668799031,96,54,56720,562.414,1980
261594719674148,96,54,56720,562.414,1980
261594770395753,96,54,56720,519.938,1980
261594823761019,96,54,56720,519.938,1980
261594873865869,2,2,56720,480.271,1980
261594924100211,2,2,56720,480.271,1980
261594975632558,2,2,56720,454.497,1980
261595026362019,2,2,56720,454.497,1980
261595077502528,70,36,56720,433.862,1980
261595127629081,70,36,56720,415.33,1980
261595177772328,70,36,56720,415.33,1980
261595227921864,79,40,56720,397.476,1980
261595278032441,79,40,56720,397.476,1980
261595328193995,79,40,56720,382.529,1980
261595378333901,79,40,56720,382.529,1980
261595435181433,100,52,56720,365.629,1980
261595485305473,100,52,56720,365.629,1980
261595537450649,100,52,56720,342.71,1980
261595587588889,100,52,56720,342.71,1980
261595637690373,91,48,56720,348.638,1980
261595687799263,91,48,56720,348.638,1980
261595737911831,91,48,56720,393.22,1980
261595788024143,91,48,56720,393.22,1980
261595838131104,98,49,56720,440.005,1980
261595888232682,98,49,56720,440.005,1980
261595938333229,98,49,56720,459.829,1980
261595988432820,98,49,56720,459.829,1980
261596038531262,95,50,56720,481.931,1980
261596088631583,95,50,56720,481.931,1980
261596138732252,95,50,56720,508.777,1980
261596188833602,95,50,56720,508.777,1980
261596238936893,95,54,56720,529.861,1980
261596289036838,95,54,56720,529.861,1980
261596339134257,95,54,56720,544.712,1980
261596389233370,95,54,56720,544.712,1980
261596439332878,97,52,56720,562.026,1980
261596489434104,97,52,56720,562.026,1980
261596539533025,97,52,56720,581.857,1980
261596589670088,97,52,56720,581.857,1980
261596639769854,98,56,56720,593.603,1980
261596689871178,98,56,56720,593.603,1980
261596739972693,98,56,56720,583.746,1980
261596790077514,98,56,56720,583.746,1980
261596840713612,96,53,56720,567.209,1980
261596892141635,96,53,56720,567.209,1980
261596943018100,96,53,56720,529.358,1980
261596993920219,96,53,56720,529.358,1980
261597044118968,2,2,56720,488.732,1980
261597094234546,2,2,56720,488.732,1980
261597144378538,2,2,56720,462.129,1980
261597195696452,2,2,56720,462.129,1980
261597245815432,70,36,56720,438.926,1980
261597297083067,70,36,56720,438.926,1980
261597347217198,70,36,56720,422.753,1980
261597397438565,70,36,56720,422.753,1980
261597447568192,78,40,56720,400.471,1980
261597498620791,78,40,56720,400.471,1980
261597549439427,78,40,56720,386.275,1980
261597600015306,78,40,56720,386.275,1980
261597650120457,94,49,56720,371.857,1980
261597700250234,94,49,56720,371.857,1980
261597753636017,94,49,56720,354.377,1980
261597803750412,94,49,56720,354.377,1980
261597853865225,100,53,56720,345.522,1980
261597903970302,100,53,56720,345.522,1980
261597954075362,100,53,56720,397.925,1980
261598004181779,100,53,56720,397.925,1980
261598054285378,98,51,56720,440.727,1980
261598104386688,98,51,56720,440.727,1980
261598154489714,98,51,56720,464.58,1980
261598204590334,98,51,56720,464.58,1980
261598254689360,90,48,56720,487.329,1980
261598304788844,90,48,56720,487.329,1980
261598354888150,90,48,56720,512.187,1980
261598405004256,90,48,56720,512.187,1980
261598455105665,95,54,56720,529.033,1980
261598505204173,95,54,56720,529.033,1980
261598555304296,95,54,56720,550.231,1980
261598605403896,95,54,56720,550.231,1980
261598655509012,98,57,56720,564.939,1980
261598705620395,98,57,56720,564.939,1980
261598755756452,98,57,56720,579.328,1980
261598805876400,98,57,56720,579.328,1980
261598855990909,96,53,56720,598.204,1980
261598906108850,96,53,56720,598.204,1980
261598956224856,96,53,56720,588.648,1980
261599006333918,96,53,56720,588.648,1980
261599057390038,95,54,56720,577.244,1980
261599108448195,95,54,56720,577.244,1980
261599159034565,95,54,56720,537.803,1980
261599210108533,95,54,56720,537.803,1980
261599260262350,2,2,56720,495.56,1980
261599310694402,2,2,56720,495.56,1980
261599360882617,2,2,56720,464.821,1980
261599412277223,2,2,56720,464.821,1980
261599463555540,71,37,56720,443.711,1980
261599515539578,71,37,56720,443.711,1980
261599566574899,71,37,56720,422.05,1980
261599616736251,71,37,56720,422.05,1980
261599666906559,85,43,56720,401.529,1980
261599717063967,85,43,56720,401.529,1980
261599767198524,85,43,56720,381.767,1980
261599817433110,85,43,56720,381.767,1980
261599867660461,100,52,56720,363.835,1980
261599917832028,100,52,56720,363.835,1980
261599970437331,100,52,56720,348.131,1980
261600020560703,100,52,56720,348.131,1980
261600070687306,78,41,56720,332.607,1980
261600120793539,78,41,56720,332.607,1980
261600170903307,78,41,56720,383.164,1980
261600221014076,78,41,56720,383.164,1980
261600273220566,98,51,56720,426.446,1980
261600323325373,98,51,56720,426.446,1980
261600373426613,98,51,56720,458.98,1980
261600423527463,98,51,56720,458.98,1980
261600473628789,97,50,56720,480.782,1980
261600523733245,97,50,56720,480.782,1980
261600573843882,97,50,56720,504.711,1980
261600623950760,97,50,56720,504.711,1980
261600674052410,98,55,56720,530.772,1980
261600724154207,98,55,56720,530.772,1980
261600774255317,98,55,56720,553.273,1980
261600824354494,98,55,56720,553.273,1980
261600874454803,95,54,56720,567.495,1980
261600924563693,95,54,56720,567.495,1980
261600974671075,95,54,56720,591.177,1980
261601024780732,95,54,56720,591.177,1980
261601074885228,97,54,56720,607.29,1980
261601124989368,97,54,56720,607.29,1980
261601175051450,97,54,56720,599.647,1980
261601225156872,97,54,56720,599.647,1980
261601275257801,96,54,56720,591.606,1980
261601326121802,96,54,56720,591.606,1980
261601377453293,96,54,56720,574.98,1980
261601428689670,96,54,56720,574.98,1980
261601479701509,2,2,56720,533.125,1980
261601530806355,2,2,56720,491.988,1980
261601580967048,2,2,56720,491.988,1980
261601631110137,70,36,56720,465.768,1980
261601682545412,70,36,56720,465.768,1980
261601733415715,70,36,56720,445.535,1980
261601784061121,70,36,56720,445.535,1980
261601834248288,81,42,56720,421.153,1980
261601884379753,81,42,56720,421.153,1980
261601934510142,81,42,56720,405.917,1980
261601984636549,81,42,56720,405.917,1980
261602034796986,100,52,56720,385.674,1980
261602084910548,100,52,56720,385.674,1980
261602135024330,100,52,56720,366.46,1980
261602185135133,100,52,56720,366.46,1980
261602235247140,81,43,56720,339.193,1980
261602285355172,81,43,56720,339.193,1980
261602335455801,81,43,56720,355.42,1980
261602385556441,81,43,56720,355.42,1980
261602435655858,98,50,56720,399.985,1980
261602485758299,98,50,56720,399.985,1980
261602535862597,98,50,56720,445.752,1980
261602585963762,98,50,56720,445.752,1980
261602636042883,95,52,56720,465.807,1980
261602686140798,95,52,56720,465.807,1980
261602736239636,95,52,56720,485.771,1980
261602786338909,95,52,56720,485.771,1980
261602836438810,96,53,56720,503.315,1980
261602886538499,96,53,56720,503.315,1980
261602936642441,96,53,56720,522.924,1980
261602986746144,96,53,56720,522.924,1980
261603036845393,96,55,56720,538.963,1980
261603086953298,96,55,56720,538.963,1980
261603137052128,96,55,56720,556.666,1980
261603187151533,96,55,56720,556.666,1980
261603237250610,96,52,56720,573.649,1980
261603287350272,96,52,56720,573.649,1980
261603337452760,96,52,56720,580.47,1980
261603387552947,96,52,56720,580.47,1980
261603437653248,96,57,56720,572.379,1980
261603488329290,96,57,56720,572.379,1980
261603539190446,96,57,56720,540.895,1980
261603590151782,96,57,56720,540.895,1980
261603640977996,2,2,56720,502.441,1980
261603691681715,2,2,56720,502.441,1980
261603741869522,2,2,56720,473.08,1980
261603792056612,2,2,56720,473.08,1980
261603842138325,70,36,56720,452.737,1980
261603893303262,70,36,56720,452.737,1980
261603944509606,70,36,56720,434.91,1980
261603995217830,70,36,56720,434.91,1980
261604046451720,79,41,56720,413.876,1980
261604096762157,79,41,56720,413.876,1980
261604147169065,79,41,56720,396.506,1980
261604197279915,79,41,56720,396.506,1980
261604247441986,98,50,56720,378.507,1980
261604297588723,98,50,56720,378.507,1980
261604347778471,98,50,56720,358.037,1980
261604397900219,98,50,56720,358.037,1980
261604448025386,76,40,56720,333.273,1980
261604498132173,76,40,56720,333.273,1980
261604548235608,76,40,56720,363.208,1980
261604598338638,76,40,56720,363.208,1980
261604648445819,98,49,56720,407.627,1980
261604698549595,98,49,56720,407.627,1980
261604748652158,98,49,56720,446.251,1980
261604798751181,98,49,56720,446.251,1980
261604848867714,96,52,56720,472.175,1980
261604898966532,96,52,56720,472.175,1980
261604949047312,96,52,56720,493.542,1980
261604999148467,96,52,56720,493.542,1980
261605049247832,95,54,56720,514.627,1980
261605099371363,95,54,56720,514.627,1980
261605149486573,95,54,56720,537.989,1980
261605199604336,95,54,56720,537.989,1980
261605249729082,96,54,56720,551.909,1980
261605299856607,96,54,56720,551.909,1980
261605349969693,96,54,56720,573.608,1980
261605400082299,96,54,56720,573.608,1980
261605450199619,95,55,56720,592.278,1980
261605500314378,95,55,56720,592.278,1980
261605550416967,95,55,56720,599.882,1980
261605600519585,95,55,56720,599.882,1980
261605650623061,96,54,56720,593.309,1980
261605700730559,96,54,56720,593.309,1980
261605751489163,96,54,56720,576.658,1980
261605802160377,96,54,56720,576.658,1980
261605853185653,2,2,56720,536.15,1980
261605904224280,2,2,56720,536.15,1980
261605954600971,2,2,56720,496.445,1980
261606006236218,2,2,56720,496.445,1980
261606056380744,71,36,56720,470.924,1980
261606106563960,71,36,56720,470.924,1980
261606156794497,71,36,56720,447.458,1980
261606207097378,71,36,56720,447.458,1980
261606258228590,76,39,56720,423.867,1980
261606308348018,76,39,56720,423.867,1980
261606358477077,76,39,56720,404.545,1980
261606409120649,76,39,56720,404.545,1980
261606459794749,100,52,56720,387.684,1980
261606510124828,100,52,56720,387.684,1980
261606560247840,100,52,56720,362.647,1980
261606610375916,100,52,56720,362.647,1980
261606660479969,88,47,56720,344.215,1980
261606710582555,88,47,56720,344.215,1980
261606760693185,88,47,56720,345.575,1980
261606810794041,88,47,56720,345.575,1980
261606860918832,98,49,56720,398.342,1980
261606911022539,98,49,56720,398.342,1980
261606961126662,98,49,56720,441.784,1980
261607011227663,98,49,56720,441.784,1980
261607061338361,97,51,56720,464.511,1980
261607111439403,97,51,56720,464.511,1980
261607161540302,97,51,56720,488.67,1980
261607211642076,97,51,56720,488.67,1980
261607261741388,95,53,56720,509.057,1980
261607311839977,95,53,56720,509.057,1980
261607361940897,95,53,56720,526.826,1980
261607412056489,95,53,56720,526.826,1980
261607462159113,97,52,56720,547.331,1980
261607512257001,97,52,56720,547.331,1980
261607562356156,97,52,56720,562.944,1980
261607612453095,97,52,56720,562.944,1980
261607662561219,98,54,56720,581.885,1980
261607712660469,98,54,56720,581.885,1980
261607762760133,98,54,56720,588.383,1980
261607812861925,98,54,56720,588.383,1980
261607862960532,95,53,56720,581.757,1980
261607913081417,95,53,56720,581.757,1980
261607963942017,95,53,56720,571.801,1980
261608014790217,95,53,56720,571.801,1980
261608065890484,2,2,56720,531.667,1980
261608116966444,2,2,56720,531.667,1980
261608167109871,2,2,56720,490.977,1980
261608217271560,2,2,56720,490.977,1980
261608267375073,64,31,56720,461.236,1980
261608318922508,64,31,56720,461.236,1980
261608369044209,64,31,56720,444.86,1980
261608419248398,64,31,56720,444.86,1980
261608469396542,72,37,56720,423.819,1980
261608520140817,72,37,56720,423.819,1980
261608570573417,72,37,56720,402.594,1980
261608620682647,72,37,56720,402.594,1980
261608670805426,97,50,56720,386.15,1980
261608720977134,97,50,56720,386.15,1980
261608771088830,97,50,56720,367.592,1980
261608821194106,97,50,56720,367.592,1980
261608872399244,100,53,56720,345.743,1980
261608922512744,100,53,56720,345.743,1980
261608972621102,100,53,56720,333.619,1980
261609022724325,100,53,56720,333.619,1980
261609072840857,98,49,56720,377.461,1980
261609122952621,98,49,56720,377.461,1980
261609173056385,98,49,56720,426.919,1980
261609223157869,98,49,56720,426.919,1980
261609273258505,89,47,56720,460.199,1980
261609323358151,89,47,56720,460.199,1980
261609373457108,89,47,56720,482.341,1980
261609423558433,89,47,56720,482.341,1980
261609473662110,96,55,56720,500.94,1980
261609523762652,96,55,56720,500.94,1980
261609573862566,96,55,56720,520.974,1980
261609623974785,96,55,56720,520.974,1980
261609674922758,96,53,56720,537.104,1980
261609725027153,96,53,56720,537.104,1980
261609775127994,96,53,56720,562.413,1980
261609825230487,96,53,56720,562.413,1980
261609875332400,97,52,56720,579.873,1980
261609925438006,97,52,56720,579.873,1980
261609975542425,97,52,56720,604.916,1980
261610025645320,97,52,56720,604.916,1980
261610075744042,98,54,56720,598.386,1980
261610125843847,98,54,56720,598.386,1980
261610175945295,98,54,56720,587.91,1980
261610226042321,98,54,56720,587.91,1980
261610277099775,66,48,56720,575.667,1980
261610328194973,66,48,56720,575.667,1980
261610378879592,66,48,56720,535.79,1980
261610429007701,66,48,56720,535.79,1980
261610480374631,6,3,56720,491.014,1980
261610530512032,6,3,56720,491.014,1980
261610580684250,6,3,56720,466.531,1980
261610630811508,6,3,56720,466.531,1980
261610680967939,74,38,56720,445.406,1980
261610731073493,74,38,56720,445.406,1980
261610781373410,74,38,56720,422.068,1980
261610831505730,74,38,56720,422.068,1980
261610881678975,89,46,56720,406.403,1980
261610931806868,89,46,56720,406.403,1980
261610981923209,89,46,56720,380.405,1980
261611032041875,89,46,56720,380.405,1980
261611082141954,100,53,56720,362.01,1980
261611140183058,100,53,56720,338.759,1980
261611190289046,100,53,56720,338.759,1980
261611240397542,77,40,56720,339.551,1980
261611290505836,77,40,56720,339.551,1980
261611340607718,77,40,56720,394.484,1980
261611390712508,77,40,56720,394.484,1980
261611440815260,98,50,56720,439.736,1980
261611490920764,98,50,56720,439.736,1980
261611541027262,98,50,56720,461.657,1980
261611591128868,98,50,56720,461.657,1980
261611641228305,95,53,56720,480.398,1980
261611691326154,95,53,56720,480.398,1980
261611741425318,95,53,56720,497.602,1980
261611791528257,95,53,56720,497.602,1980
261611841630284,97,56,56720,515.344,1980
261611891731522,97,56,56720,515.344,1980
261611941848301,97,56,56720,536.129,1980
261611991952679,97,56,56720,536.129,1980
261612042043922,95,54,56720,559.494,1980
261612092141966,95,54,56720,559.494,1980
261612142242096,95,54,56720,585.281,1980
261612192353564,95,54,56720,585.281,1980
261612242466266,96,54,56720,588.7,1980
261612292565921,96,54,56720,588.7,1980
261612342664565,96,54,56720,579.054,1980
261612392763655,96,54,56720,579.054,1980
261612442860966,97,56,56720,573.047,1980
261612493556214,97,56,56720,573.047,1980
261612544564935,97,56,56720,544.061,1980
261612595347750,97,56,56720,544.061,1980
261612646143754,2,2,56720,503.062,1980
261612696286264,2,2,56720,503.062,1980
261612746468356,2,2,56720,477.321,1980
261612798106138,2,2,56720,477.321,1980
261612848686770,71,36,56720,458.96,1980
261612899712599,71,36,56720,458.96,1980
261612950903453,71,36,56720,439.396,1980
261613001023149,71,36,56720,439.396,1980
261613051767455,84,43,56720,418.549,1980
261613102571396,84,43,56720,418.549,1980
261613152732967,84,43,56720,397.936,1980
261613202963218,84,43,56720,397.936,1980
261613253071449,100,52,56720,378.731,1980
261613303257728,100,52,56720,378.731,1980
261613353581357,100,52,56720,354.111,1980
261613403802959,100,52,56720,354.111,1980
261613453907419,80,41,56720,342.257,1980
261613504012473,80,41,56720,342.257,1980
261613554113322,80,41,56720,380.112,1980
261613604213618,80,41,56720,380.112,1980
261613654312762,98,50,56720,423.327,1980
261613704435538,98,50,56720,423.327,1980
261613754536576,98,50,56720,453.966,1980
261613805906177,98,50,56720,453.966,1980
261613856055117,96,51,56720,479.177,1980
261613906166734,96,51,56720,479.177,1980
261613956272515,96,51,56720,495.498,1980
261614006374220,96,51,56720,495.498,1980
261614056473164,98,54,56720,516.278,1980
261614106570888,98,54,56720,516.278,1980
261614156642495,98,54,56720,535.479,1980
261614206776216,98,54,56720,535.479,1980
261614256886720,95,54,56720,556.371,1980
261614306999515,95,54,56720,556.371,1980
261614357126469,95,54,56720,571.309,1980
261614407240194,95,54,56720,571.309,1980
261614457354379,97,55,56720,589.9,1980
261614507463803,97,55,56720,589.9,1980
261614557564823,97,55,56720,579.586,1980
261614607670350,97,55,56720,579.586,1980
261614657774524,95,53,56720,570.12,1980
261614708417417,95,53,56720,570.12,1980
261614759224994,95,53,56720,546.683,1980
261614810327540,95,53,56720,546.683,1980
261614860952513,2,2,56720,512.664,1980
261614914309989,2,2,56720,512.664,1980
261614965163305,2,2,56720,472.075,1980
261615015311814,2,2,56720,472.075,1980
261615066881611,70,36,56720,448.484,1980
261615118087679,70,36,56720,448.484,1980
261615168209954,70,36,56720,430.603,1980
261615219029056,70,36,56720,430.603,1980
261615269981156,88,45,56720,411.567,1980
261615320089320,88,45,56720,411.567,1980
261615370193459,88,45,56720,390.257,1980
261615423432462,88,45,56720,390.257,1980
261615482885021,90,48,56720,368.131,1980
261615533013819,90,48,56720,368.131,1980
261615583142557,90,48,56720,347.49,1980
261615633261646,90,48,56720,347.49,1980
261615683369528,0,0,56720,309.153,1980
261615733481339,0,0,56720,309.153,1980
261615783693691,0,0,56720,291.268,1980
261615833808883,0,0,56720,291.268,1980
261615883917278,97,47,56720,333.363,1980
261615934025932,97,47,56720,333.363,1980
261615984135705,97,47,56720,368.478,1980
261616034243787,97,47,56720,368.478,1980
261616084354602,30,14,56720,365.314,1980
261616134458591,30,14,56720,365.314,1980
261616184560476,30,14,56720,343.968,1980
261616234672906,30,14,56720,343.968,1980
261616284777271,65,33,56720,349.218,1980
261616334888265,65,33,56720,349.218,1980
261616385011164,65,33,56720,367.945,1980
261616435198432,65,33,56720,367.945,1980
261616485329339,96,51,56720,384.119,1980
261616535453602,96,51,56720,384.119,1980
261616585570675,96,51,56720,409.682,1980
261616635692321,96,51,56720,409.682,1980
261616685832237,95,52,56720,454.452,1980
261616735942242,95,52,56720,454.452,1980
261616786044112,95,52,56720,489.889,1980
261616836143172,95,52,56720,489.889,1980
261616886244435,96,52,56720,487.333,1980
261616936345461,96,52,56720,487.333,1980
