t_ns,util_gpu_pct,util_mem_pct,mem_used_mib,power_w,sm_clock_mhz
262426587678775,0,0,962,98.741,1980
262426642949416,0,0,962,98.741,1980
262426703397877,0,0,6852,103.528,1980
262426753593458,0,0,6852,103.528,1980
262426803786220,2,0,6852,108.803,1980
262426853918921,2,0,6852,108.803,1980
262426904047422,2,0,6852,114.179,1980
262426954244259,2,0,6852,114.179,1980
262427004455493,11,0,6852,119.192,1980
262427054648572,11,0,6852,119.192,1980
262427104865085,11,0,6852,124.359,1980
262427155265062,11,0,6852,124.359,1980
262427205477762,14,0,6852,129.647,1980
262427255663160,14,0,6852,129.647,1980
262427305873570,14,0,6852,134.773,1980
262427356077957,14,0,6852,134.773,1980
262427406295046,15,0,6852,136.985,1980
262427456526227,15,0,6852,136.985,1980
262427506742862,15,0,6852,136.466,1980
262427556956231,15,0,6852,136.466,1980
262427607146460,16,0,6852,136.559,1980
262427684912906,16,0,6872,136.834,1980
262427735053880,16,0,6872,136.834,1980
262427849516010,0,0,6872,136.734,1980
262427996358100,0,0,6872,136.414,1980
262428047280801,0,0,6872,136.414,1980
262428097389013,0,0,6872,136.459,1980
262428148517910,0,0,6872,136.459,1980
262428198634939,0,0,6872,136.339,1980
262428342607158,0,0,6872,136.13,1980
262428492886652,0,0,6872,136.019,1980
262428562956529,0,0,6872,136.019,1980
262428711194799,0,0,6872,135.723,1980
262428781557242,0,0,6872,135.705,1980
262428846853484,0,0,6872,135.705,1980
262428917200204,0,0,6872,135.816,1980
262428982483779,0,0,6872,135.93,1980
262429052830708,0,0,6872,135.93,1980
262429451262557,0,0,6872,135.94,1980
262429578719499,0,0,6872,135.727,1980
262429649089907,0,0,6872,135.727,1980
262429719448147,0,0,6872,135.765,1980
262429789798262,0,0,6872,135.911,1980
262429855099436,0,0,6872,135.911,1980
262429920402405,0,0,6872,135.892,1980
262430303315289,0,0,6872,135.922,1980
262430427954628,0,0,6872,135.752,1980
262430480642548,0,0,6872,135.711,1980
262430530777347,0,0,6872,135.711,1980
262430580887393,0,0,6872,135.838,1980
262430631010140,0,0,6872,135.838,1980
262430681604951,0,0,6872,135.922,1980
262430731933242,0,0,6872,135.922,1980
262430782065417,0,0,6872,135.766,1980
262430832174931,0,0,6872,135.766,1980
262430883206298,0,0,6872,135.72,1980
262430933313731,0,0,6872,135.72,1980
262430983430532,0,0,6872,135.813,1980
262431033626820,0,0,6872,135.813,1980
262431084112946,0,0,6872,135.966,1980
262431134261539,0,0,6872,135.966,1980
262431184446027,0,0,6872,135.844,1980
262431234572034,0,0,6872,135.844,1980
262431284697590,0,0,6872,135.712,1980
262431334811708,0,0,6872,135.712,1980
262431384924225,0,0,6872,135.791,1980
262431436908590,0,0,6872,135.791,1980
262431487098484,0,0,6872,135.959,1980
262431540887579,0,0,6872,135.959,1980
262431821232673,0,0,6872,135.728,1980
262431871528417,0,0,7036,135.891,1980
262432174181680,0,0,7036,135.683,1980
262432225429944,0,0,7520,135.683,1980
262432278645956,0,0,7520,135.835,1980
262432330970736,0,0,7520,135.835,1980
262432381111409,0,0,7520,135.858,1980
262432431227313,0,0,7520,135.858,1980
262432481339087,0,0,7520,135.689,1980
262432531449534,0,0,7520,135.689,1980
262432581562111,0,0,7520,135.705,1980
262432635617299,0,0,7520,135.705,1980
262432685723876,0,0,7520,135.83,1980
262432738340280,0,0,7520,135.83,1980
262432792694028,0,0,7520,135.944,1980
262432842797151,0,0,7520,135.944,1980
262432892993012,0,0,7520,135.811,1980
262432943142789,0,0,7520,135.811,1980
262432993256206,0,0,7520,135.747,1980
262433043373799,0,0,7520,135.747,1980
262433093491268,0,0,7520,135.875,1980
262433143833128,0,0,7520,135.875,1980
262433194047319,0,0,7520,136.008,1980
262433244166517,0,0,7520,136.008,1980
262433294279712,0,0,7520,135.851,1980
262433345099552,0,0,7520,135.851,1980
262433395526625,0,0,9012,135.771,1980
262433445937530,0,0,10136,135.771,1980
262433496143869,0,0,10136,135.832,1980
262433547839985,0,0,10582,135.832,1980
262433600545418,0,0,10582,135.99,1980
262433650672669,0,0,10582,135.99,1980
262433700789837,0,0,10582,135.887,1980
262433751130627,0,0,10582,135.887,1980
262433801386693,0,0,10582,135.754,1980
262433851514824,0,0,10582,135.754,1980
262433901627217,0,0,10582,135.904,1980
262433951735563,0,0,10582,135.904,1980
262434001844360,16,0,10582,136.182,1980
262434051973712,16,0,10582,136.182,1980
262434102083646,16,0,10582,136.249,1980
262434152490779,16,0,10582,136.249,1980
262434229683538,15,0,10582,136.223,1980
262434544720547,0,0,10582,136.442,1980
262434849897683,0,0,10116,136.38,1980
262435166208209,0,0,10156,135.816,1980
262435216354103,0,0,10156,135.816,1980
262435266467728,0,0,10156,135.883,1980
262435316580993,0,0,10156,135.883,1980
262435366687051,0,0,10156,135.744,1980
262435416811826,0,0,10156,135.744,1980
262435466919425,0,0,10156,135.652,1980
262435517025223,0,0,10156,135.652,1980
262435567133812,0,0,10156,135.769,1980
262435617241182,0,0,10156,135.769,1980
262435667376971,0,0,10156,135.881,1980
262435717489917,0,0,10156,135.881,1980
262435767597653,0,0,10156,135.777,1980
262435817712611,0,0,10156,135.777,1980
262435867820626,0,0,10156,135.671,1980
262435917919022,0,0,10156,135.671,1980
262435968025264,0,0,10156,135.752,1980
262436018124262,0,0,10156,135.752,1980
262436068229743,0,0,10156,135.923,1980
262436118329255,0,0,10156,135.923,1980
262436168432331,0,0,10156,135.848,1980
262436218547955,0,0,10156,135.848,1980
262436268652470,0,0,10156,135.71,1980
262436318750228,0,0,10156,135.71,1980
262436368851627,0,0,10156,135.761,1980
262436418954602,0,0,10156,135.761,1980
262436469056736,0,0,10156,135.929,1980
262436519160689,0,0,10156,135.929,1980
262436569263734,0,0,10156,135.852,1980
262436619361450,0,0,10156,135.852,1980
262436669462641,0,0,10156,135.713,1980
262436719564437,0,0,10156,135.713,1980
262436769667774,0,0,10156,135.726,1980
262436819772329,0,0,10156,135.726,1980
262436869878435,0,0,10156,135.929,1980
262436919980628,0,0,10156,135.929,1980
262436970083171,0,0,10156,135.903,1980
262437020184301,0,0,10156,135.903,1980
262437070286448,0,0,10156,135.732,1980
262437120388907,0,0,10156,135.732,1980
262437170491278,0,0,10156,135.71,1980
262437220593408,0,0,10156,135.71,1980
262437270702308,0,0,10156,135.89,1980
262437320806760,0,0,10156,135.89,1980
262437370919463,0,0,10156,135.922,1980
262437421039500,0,0,10156,135.922,1980
262437471156208,0,0,10156,135.745,1980
262437521278044,0,0,10156,135.745,1980
262437571395890,0,0,10156,135.693,1980
262437621497050,0,0,10156,135.693,1980
262437671599559,0,0,10156,135.843,1980
262437721701111,0,0,10156,135.843,1980
262437771803666,0,0,10156,135.913,1980
262437821908666,0,0,10156,135.913,1980
262437872015920,0,0,10156,135.757,1980
262437922119038,0,0,10156,135.757,1980
262437972230126,0,0,10156,135.704,1980
262438022348953,0,0,10156,135.704,1980
262438082736786,0,0,10156,135.825,1980
262438153722197,0,0,10156,135.825,1980
262438203891633,0,0,10156,135.893,1980
262438254116261,0,0,10156,135.893,1980
262438304274857,0,0,10282,135.697,1980
262438354427521,0,0,10294,135.697,1980
262438404830938,0,0,10574,135.649,1980
262439172429465,0,0,10574,147.278,1980
262439500706613,0,0,10254,136.357,1980
262439831111170,0,0,10282,136.432,1980
262439881370314,0,0,10366,136.393,1980
262439931528726,0,0,10344,136.393,1980
262439981682590,12,4,10348,138.465,1980
262440031802758,12,4,10370,138.465,1980
262440081961908,12,4,10376,140.178,1980
262440132158740,12,4,10378,140.178,1980
262440182535000,9,3,10380,142.027,1980
262440232646564,9,3,10380,142.027,1980
262440282799636,9,3,10384,143.052,1980
262440333012436,9,3,10394,143.052,1980
262440383163310,9,2,10380,144.371,1980
262440433311880,9,2,10382,144.371,1980
262440483449631,9,2,10386,145.474,1980
262440533572394,9,2,10392,145.474,1980
262440583715377,11,3,10396,146.502,1980
262440633928009,11,3,10400,146.502,1980
262440684075796,11,3,10404,147.694,1980
262441039769274,0,0,10406,147.985,1980
262441388540225,0,0,10320,141.286,1980
262441438706870,0,0,18718,141.286,1980
262441490213339,0,0,18718,141.193,1980
262441540351165,0,0,18718,141.193,1980
262441590485754,0,0,18718,140.621,1980
262441647545336,0,0,18718,140.621,1980
262441697711167,0,0,18718,139.102,1980
262441747825062,0,0,18718,139.102,1980
262441797953012,0,0,18718,137.298,1980
262441848192782,0,0,18718,137.298,1980
262441898345782,0,0,18718,137.398,1980
262441948461371,0,0,18718,137.398,1980
262441998573695,0,0,18718,137.265,1980
262442052589197,0,0,18718,137.265,1980
262442103517969,0,0,18718,137.194,1980
262442153626251,0,0,18718,137.194,1980
262442203943266,0,0,18718,137.273,1980
262442254073302,0,0,19038,137.273,1980
262442304186950,0,0,19038,146.943,1980
262442354306685,0,0,19040,146.943,1980
262442404416585,3,1,19040,147.399,1980
262442455152664,3,1,19042,147.399,1980
262442505299971,3,1,19042,146.46,1980
262442555496278,3,1,19042,146.46,1980
262442605605906,2,0,19042,146.775,1980
262442985899052,0,0,19042,148.467,1980
262443036041319,0,0,18874,148.467,1980
262443086254783,0,0,18870,150.109,1980
262443136462349,0,0,18868,150.109,1980
262443186615258,11,3,18866,151.057,1980
262443236802384,11,3,18866,151.057,1980
262443286919633,11,3,18864,143.626,1980
262443337031049,11,3,18860,143.626,1980
262443387159008,9,3,18848,143.689,1980
262443437312691,9,3,18848,143.689,1980
262443487463408,9,3,18848,145.21,1980
262443537621782,9,3,18848,145.21,1980
262443587758739,12,4,18868,145.952,1980
262443638044072,12,4,18868,145.952,1980
262443688169070,12,4,18848,144.808,1980
262443738287847,12,4,18848,144.808,1980
262443788435456,9,3,18862,145.942,1980
262443838565393,9,3,18852,145.942,1980
262443888677115,9,3,18874,148.434,1980
262443938803236,9,3,18856,148.434,1980
262444327418468,0,0,18858,147.476,1980
262444377849967,0,0,18858,145.885,1980
262444427964021,0,0,18858,145.885,1980
262444483073880,0,0,18858,144.314,1980
262444533664219,0,0,18858,144.314,1980
262444583778722,0,0,18858,143.539,1980
262444634430290,0,0,18858,143.539,1980
262444684582361,0,0,18858,142.833,1980
262444735164854,0,0,18858,142.833,1980
262444785275992,0,0,18858,141.593,1980
262444835568185,0,0,18858,141.593,1980
262444885680400,0,0,18858,139.27,1980
262444935796173,0,0,18858,139.27,1980
262444985955946,0,0,18858,136.8,1980
262445036077384,0,0,18858,136.8,1980
262445086395162,0,0,18858,136.254,1980
262445137999499,0,0,18858,136.254,1980
262445194888469,0,0,18858,136.294,1980
262445245004616,0,0,18858,136.294,1980
262445295127276,0,0,18858,136.123,1980
262445346166020,0,0,18858,136.123,1980
262445410418968,0,0,18858,136.071,1980
262445817693197,0,0,18858,136.003,1980
262445867884213,0,0,18858,136.003,1980
262446011409359,0,0,18858,136.203,1980
262446158631600,0,0,18858,136.044,1980
262446209559646,0,0,18858,135.984,1980
262446260319275,0,0,18858,135.984,1980
262446311415035,0,0,18858,136.29,1980
262446362362480,0,0,18858,136.29,1980
262446412471083,2,2,18858,136.849,1980
262446462586721,2,2,18894,136.849,1980
262446636662019,2,2,18894,142.534,1980
262446687010127,8,4,18894,145.439,1980
262446738833719,8,4,18894,145.439,1980
262446790413258,75,36,18894,164.849,1980
262446840522731,75,36,18894,164.849,1980
262446890947590,75,36,18894,185.766,1980
262446941077734,75,36,18894,185.766,1980
262446992219782,75,37,18894,205.931,1980
262447042371475,75,37,18894,205.931,1980
262447092525285,75,37,18894,228.97,1980
262447143371926,75,37,18894,228.97,1980
262447193523826,87,42,18894,248.736,1980
262447243685848,87,42,18894,248.736,1980
262447293817881,87,42,18894,270.852,1980
262447343958606,87,42,18894,270.852,1980
262447394472402,98,48,18894,295.04,1980
262447444605313,98,48,18894,295.04,1980
262447494738620,98,48,18894,305.036,1980
262447544852925,98,48,18916,305.036,1980
262447594975189,1,0,20942,300.443,1980
262447645087051,1,0,25086,300.443,1980
262447695198251,1,0,25086,332.305,1980
262447745307482,1,0,25086,332.305,1980
262447795432442,98,50,25086,355.765,1980
262447845544300,98,50,25086,355.765,1980
262447895674727,98,50,25086,387.912,1980
262447945796613,98,50,25086,387.912,1980
262447995903329,30,14,34392,380.526,1980
262448046026594,30,14,36836,380.526,1980
262448096147856,30,14,36836,373.388,1980
262448146256271,30,14,36836,373.388,1980
262448196360165,88,44,42810,389.854,1980
262448246470223,88,44,42810,389.854,1980
262448296573915,88,44,42810,409.061,1980
262448346681973,88,44,42810,409.061,1980
262448396785338,97,53,42810,430.138,1980
262448446904398,97,53,42810,430.138,1980
262448497053662,97,53,42810,457.194,1980
262448547166633,97,53,42810,457.194,1980
262448597270088,96,54,42810,497.215,1980
262448647374279,96,54,42810,497.215,1980
262448697481433,96,54,42810,507.57,1980
262448747598871,96,54,42810,507.57,1980
262448797704855,95,54,42810,505.014,1980
262448847813658,95,54,42810,505.014,1980
262448897918164,95,54,42810,500.461,1980
262448948045756,95,54,42810,500.461,1980
262448998151204,96,54,42810,527.572,1980
262449048276484,96,54,42810,527.572,1980
262449099381370,96,54,42810,531.699,1980
262449150426427,96,54,42810,531.699,1980
262449201052529,13,12,42810,503.984,1980
262449251798586,13,12,42810,503.984,1980
262449302655738,13,12,42810,455.291,1980
262449354643529,13,12,42810,455.291,1980
262449405979166,50,24,42810,430.87,1980
262449457397239,50,24,42810,430.87,1980
262449507818148,50,24,42810,411.204,1980
262449557951616,50,24,42810,411.204,1980
262449608061477,77,38,42810,389.29,1980
262449659008772,77,38,42810,389.29,1980
262449709393575,77,38,42810,373.6,1980
262449760468903,77,38,42810,373.6,1980
262449810600152,90,44,42810,354.442,1980
262449860957958,90,44,42810,354.442,1980
262449911092269,90,44,42810,331.589,1980
262449961438407,90,44,42810,331.589,1980
262450011841302,100,49,42810,316.538,1980
262450066599825,100,49,42810,316.538,1980
262450116733766,100,49,42812,315.161,1980
262450166852102,100,49,44004,315.161,1980
262450216963733,63,32,44004,342.551,1980
262450267066601,63,32,44004,342.551,1980
262450317176494,63,32,44004,390.053,1980
262450367283987,63,32,44004,390.053,1980
262450417388956,98,50,45348,425.866,1980
262450467490290,98,50,50242,425.866,1980
262450517590244,98,50,50242,440.614,1980
262450567690757,98,50,54856,440.614,1980
262450617797673,97,49,54856,466.363,1980
262450667909647,97,49,54856,466.363,1980
262450718022780,97,49,54856,483.842,1980
262450768190219,97,49,54856,483.842,1980
262450818342412,98,55,54856,506.737,1980
262450868453914,98,55,54856,506.737,1980
262450918568517,98,55,54856,523.496,1980
262450968673968,98,55,54856,523.496,1980
262451018795245,96,54,54856,541.733,1980
262451068911657,96,54,54856,541.733,1980
262451119028291,96,54,54856,565.318,1980
262451169134915,96,54,54856,565.318,1980
262451219240353,96,54,54856,574.823,1980
262451269350595,96,54,54856,574.823,1980
262451319459743,96,54,54856,567.66,1980
262451369565688,96,54,54856,567.66,1980
262451421816073,96,54,54856,565.473,1980
262451472627569,96,54,54856,545.369,1980
262451523444274,96,54,54856,545.369,1980
262451574143002,2,2,54856,498.311,1980
262451626914097,2,2,54856,498.311,1980
262451677105897,2,2,54856,462.446,1980
262451727615293,2,2,54856,462.446,1980
262451778995431,75,36,54856,440.981,1980
262451829144763,75,36,54856,440.981,1980
262451880728576,75,36,54856,416.532,1980
262451930880857,75,36,54856,416.532,1980
262451981192752,83,40,54856,396.417,1980
262452031316531,83,40,54856,396.417,1980
262452081446909,83,40,54856,378.466,1980
262452132253374,83,40,54856,378.466,1980
262452182990916,98,48,54856,363.865,1980
262452233436630,98,48,54856,363.865,1980
262452283562223,98,48,54856,343.607,1980
262452333699829,98,48,54856,343.607,1980
262452387751686,100,49,54856,322.258,1980
262452437855613,100,49,54858,322.258,1980
262452487983858,100,49,54858,327.675,1980
262452538049148,100,49,54858,327.675,1980
262452588164790,98,48,54858,370.596,1980
262452638268376,98,48,54858,370.596,1980
262452688377868,98,48,54858,415.586,1980
262452738492706,98,48,54860,415.586,1980
262452788605595,85,44,54860,438.274,1980
262452838711559,85,44,54860,438.274,1980
262452888819549,85,44,54860,455.183,1980
262452938923830,85,44,54860,455.183,1980
262452989038284,96,53,54860,474.525,1980
262453039142186,96,53,54860,474.525,1980
262453089245035,96,53,54860,494.992,1980
262453139410872,96,53,54860,494.992,1980
262453189518232,96,54,54860,512.304,1980
262453239627925,96,54,54860,512.304,1980
262453289728220,96,54,54860,526.504,1980
262453339833008,96,54,54860,526.504,1980
262453389986816,97,53,54860,551.243,1980
262453440128150,97,53,54860,551.243,1980
262453490229723,97,53,54860,565.704,1980
262453540332479,97,53,54860,565.704,1980
262453590436464,96,53,54860,558.89,1980
262453640538839,96,53,54860,558.89,1980
262453691337074,96,53,54860,536.734,1980
262453742341026,96,53,54860,536.734,1980
262453793366912,2,2,54860,496.432,1980
262453843503208,2,2,54860,496.432,1980
262453895121688,2,2,54860,462.454,1980
262453946517767,2,2,54860,462.454,1980
262453998485538,74,36,54860,441.585,1980
262454048609721,74,36,54860,441.585,1980
262454099650774,74,36,54860,414.748,1980
262454150464984,74,36,54860,414.748,1980
262454200603701,85,41,54860,400.904,1980
262454251578922,85,41,54860,400.904,1980
262454302283288,85,41,54860,380.097,1980
262454353934514,85,41,54860,380.097,1980
262454404216833,99,49,54860,364.008,1980
262454454396850,99,49,54860,364.008,1980
262454504547893,99,49,54860,342.498,1980
262454554689065,99,49,54860,342.498,1980
262454604837858,100,50,54860,323.882,1980
262454654968943,100,50,54860,323.882,1980
262454705105421,100,50,54860,319.745,1980
262454755217007,100,50,54860,319.745,1980
262454805326498,98,50,54860,367.242,1980
262454855432892,98,50,54860,367.242,1980
262454905548192,98,50,54860,414.639,1980
262454955650580,98,50,54860,414.639,1980
262455005761800,90,47,54860,436.621,1980
262455055871243,90,47,54860,436.621,1980
262455105972780,90,47,54860,460.69,1980
262455156074811,90,47,54860,460.69,1980
262455206177148,96,54,54860,478.609,1980
262455256278982,96,54,54860,478.609,1980
262455306396500,96,54,54860,499.047,1980
262455356507061,96,54,54860,499.047,1980
262455406617239,96,55,54860,516.392,1980
262455457494336,96,55,54860,516.392,1980
262455507599717,96,55,54860,538.461,1980
262455557700838,96,55,54860,538.461,1980
262455607801615,96,54,54860,553.558,1980
262455657901924,96,54,54860,553.558,1980
262455708039012,96,54,54860,574.164,1980
262455758140370,96,54,54860,574.164,1980
262455808242057,96,54,54860,567.47,1980
262455858690480,96,54,54860,567.47,1980
262455909646538,96,54,54860,551.392,1980
262455960698936,96,54,54860,551.392,1980
262456011330601,2,2,54860,507.916,1980
262456061450523,2,2,54860,507.916,1980
262456112210147,2,2,54860,469.915,1980
262456163537684,2,2,54860,469.915,1980
262456213670896,68,32,54860,450.53,1980
262456265022572,68,32,54860,450.53,1980
262456316019801,68,32,54860,421.714,1980
262456366647622,68,32,54860,421.714,1980
262456416911463,76,38,54860,403.121,1980
262456467080483,76,38,54860,403.121,1980
262456517266949,76,38,54860,384.409,1980
262456567404888,76,38,54860,384.409,1980
262456617551002,84,41,54860,366.849,1980
262456667935749,84,41,54860,366.849,1980
262456718381773,84,41,54860,350.843,1980
262456769346593,84,41,54860,350.843,1980
262456820105583,99,48,54860,330.279,1980
262456870843277,99,48,54860,330.279,1980
262456920951039,99,48,54860,316.412,1980
262456971084856,99,48,54860,316.412,1980
262457021188927,68,35,54860,346.947,1980
262457071290800,68,35,54860,346.947,1980
262457121406440,68,35,54860,401.482,1980
262457171526081,68,35,54860,401.482,1980
262457221638514,99,51,54860,431.744,1980
262457271743458,99,51,54860,431.744,1980
262457321847718,99,51,54860,451.905,1980
262457371959392,99,51,54860,451.905,1980
262457422063094,96,49,54860,473.894,1980
262457472175677,96,49,54860,473.894,1980
262457522283627,96,49,54860,493.798,1980
262457572388821,96,49,54860,493.798,1980
262457622513617,96,54,54860,516.808,1980
262457672620440,96,54,54860,516.808,1980
262457722729955,96,54,54860,536.072,1980
262457772836523,96,54,54860,536.072,1980
262457822937601,96,53,54860,555.42,1980
262457873042004,96,53,54860,555.42,1980
262457923144528,96,53,54860,581.837,1980
262457973247131,96,53,54860,581.837,1980
262458023351319,99,56,54860,589.944,1980
262458073452119,99,56,54860,589.944,1980
262458123558870,99,56,54860,584.034,1980
262458173660931,99,56,54860,584.034,1980
262458224474905,96,54,54860,577.8,1980
262458274581725,96,54,54860,577.8,1980
262458325212940,96,54,54860,571.103,1980
262458376334224,2,2,54860,527.764,1980
262458427447438,2,2,54860,527.764,1980
262458477596829,2,2,54860,486.217,1980
262458528823472,2,2,54860,486.217,1980
262458578980192,57,27,54860,461.705,1980
262458629480777,57,27,54860,461.705,1980
262458680907877,57,27,54860,438.096,1980
262458731399231,57,27,54860,438.096,1980
262458781726377,76,38,54860,416.803,1980
262458831855382,76,38,54860,416.803,1980
262458882841711,76,38,54860,395.051,1980
262458933204473,76,38,54860,395.051,1980
262458983572095,90,44,54860,371.641,1980
262459033748480,90,44,54860,371.641,1980
262459084479022,90,44,54860,349.564,1980
262459134633921,90,44,54860,349.564,1980
262459184773006,100,49,54860,334.225,1980
262459234912637,100,49,54860,334.225,1980
262459285029523,100,49,54860,313.572,1980
262459335138818,100,49,54860,313.572,1980
262459385241745,79,41,54860,354.507,1980
262459435343381,79,41,54860,354.507,1980
262459485444284,79,41,54860,398.216,1980
262459535548288,79,41,54860,398.216,1980
262459585651234,98,51,54860,431.48,1980
262459635767410,98,51,54860,431.48,1980
262459685877932,98,51,54860,456.017,1980
262459735979689,98,51,54860,456.017,1980
262459786080510,96,51,54860,479.762,1980
262459836180677,96,51,54860,479.762,1980
262459886280178,96,51,54860,501.792,1980
262459936382036,96,51,54860,501.792,1980
262459986482983,98,56,54860,521.454,1980
262460036586619,98,56,54860,521.454,1980
262460086771241,98,56,54860,545.327,1980
262460136884252,98,56,54860,545.327,1980
262460186996150,96,55,54860,562.665,1980
262460237117293,96,55,54860,562.665,1980
262460287224415,96,55,54860,589.976,1980
262460337328166,96,55,54860,589.976,1980
262460387431429,98,58,54860,589.702,1980
262460437536374,98,58,54860,589.702,1980
262460487643893,98,58,54860,584.229,1980
262460537762073,98,58,54860,584.229,1980
262460587866042,96,55,54860,584.719,1980
262460637968791,96,55,54860,584.719,1980
262460688784419,96,55,54860,574.146,1980
262460739408303,96,55,54860,574.146,1980
262460790175893,2,2,54860,528.374,1980
262460841072227,2,2,54860,528.374,1980
262460891199613,2,2,54860,482.5,1980
262460942697717,2,2,54860,482.5,1980
262460994053739,68,32,54860,457.275,1980
262461045713441,68,32,54860,457.275,1980
262461096370797,68,32,54860,433.606,1980
262461146478673,68,32,54860,433.606,1980
262461196589347,78,39,54860,411.578,1980
262461247539893,78,39,54860,411.578,1980
262461297711014,78,39,54860,391.47,1980
262461348555512,78,39,54860,391.47,1980
262461398677146,94,46,54860,373.485,1980
262461448856506,94,46,54860,373.485,1980
262461498962319,94,46,54860,353.231,1980
262461549082254,94,46,54860,353.231,1980
262461599193832,100,49,54860,328.817,1980
262461649278775,100,49,54860,328.817,1980
262461699402681,100,49,54860,310.859,1980
262461749536704,100,49,54860,310.859,1980
262461799658568,90,46,54860,360.893,1980
262461849773299,90,46,54860,360.893,1980
262461899893357,90,46,54860,399.398,1980
262461950013914,90,46,54860,399.398,1980
262462000142671,99,50,54860,433.028,1980
262462050680569,99,50,54860,433.028,1980
262462101170628,99,50,54860,446.838,1980
262462151282301,99,50,54860,446.838,1980
262462201387931,96,52,54860,471.221,1980
262462251499560,96,52,54860,471.221,1980
262462301606341,96,52,54860,492.365,1980
262462352749944,96,52,54860,492.365,1980
262462402856602,96,56,54860,509.537,1980
262462452960638,96,56,54860,509.537,1980
262462503061646,96,56,54860,535.257,1980
262462553164395,96,56,54860,535.257,1980
262462603264375,96,54,54860,554.122,1980
262462653367079,96,54,54860,554.122,1980
262462703470073,96,54,54860,579.037,1980
262462753574115,96,54,54860,579.037,1980
262462803676920,97,53,54860,586.258,1980
262462853778246,97,53,54860,586.258,1980
262462903881040,97,53,54860,579.587,1980
262462953982706,97,53,54860,579.587,1980
262463004085385,96,54,54860,575.997,1980
262463054817607,96,54,54860,575.997,1980
262463105829760,96,54,54860,563.54,1980
262463156923326,96,54,54860,563.54,1980
262463208101156,2,2,54860,514.272,1980
262463259378426,2,2,54860,514.272,1980
262463309528013,2,2,54860,485.441,1980
262463360743430,2,2,54860,485.441,1980
262463411965979,74,36,54860,459.891,1980
262463463320588,74,36,54860,459.891,1980
262463514225601,74,36,54860,437.676,1980
262463565197406,74,36,54860,437.676,1980
262463615413526,84,41,54860,411.216,1980
262463665604675,84,41,54860,411.216,1980
262463716736801,84,41,54860,388.113,1980
262463766977687,84,41,54860,388.113,1980
262463817120052,96,47,54860,361.921,1980
262463867320167,96,47,54860,361.921,1980
262463917458067,96,47,54860,341.285,1980
262463967608534,96,47,54860,341.285,1980
262464017742040,100,50,54860,317.737,1980
262464067850020,100,50,54860,317.737,1980
262464117955196,100,50,54860,330.754,1980
262464168062535,100,50,54860,330.754,1980
262464218165858,98,48,54860,387.083,1980
262464268271929,98,48,54860,387.083,1980
262464318405424,98,48,54860,423.809,1980
262464368510893,98,48,54860,423.809,1980
262464418625652,87,45,54860,442.989,1980
262464468733225,87,45,54860,442.989,1980
262464518836520,87,45,54860,466.07,1980
262464568944295,87,45,54860,466.07,1980
262464619049147,97,52,54860,488.742,1980
262464669151553,97,52,54860,488.742,1980
262464719258985,97,52,54860,515.223,1980
262464769373514,97,52,54860,515.223,1980
262464819476218,99,54,54860,534.44,1980
262464869577793,99,54,54860,534.44,1980
262464919682817,99,54,54860,551.425,1980
262464969787115,99,54,54860,551.425,1980
262465019887534,96,53,54860,573.121,1980
262465069995548,96,53,54860,573.121,1980
262465120101777,96,53,54860,586.332,1980
262465170210429,96,53,54860,586.332,1980
262465220310734,96,51,54860,578.113,1980
262465273334232,96,51,54860,578.113,1980
262465324214024,96,51,54860,562.722,1980
262465375166709,96,51,54860,562.722,1980
262465425878994,6,6,54860,532.523,1980
262465482220971,6,6,54860,488.885,1980
262465533362820,6,6,54860,488.885,1980
262465584790053,48,23,54860,453.717,1980
262465634938415,48,23,54860,453.717,1980
262465685143792,48,23,54860,428.124,1980
262465736005588,48,23,54860,428.124,1980
262465786127643,81,39,54860,410.837,1980
262465836338422,81,39,54860,410.837,1980
262465887326920,81,39,54860,389.087,1980
262465938460937,81,39,54860,389.087,1980
262465988598731,93,45,54860,366.651,1980
262466038744273,93,45,54860,366.651,1980
262466088977227,93,45,54860,351.75,1980
262466139197294,93,45,54860,351.75,1980
262466189391468,100,49,54860,333.273,1980
262466245267164,100,49,54860,333.273,1980
262466295380847,100,49,54860,313.652,1980
262466345488857,100,49,54860,313.652,1980
262466395590983,91,47,54860,353.848,1980
262466445694745,91,47,54860,353.848,1980
262466495802004,91,47,54860,406.709,1980
262466545925099,91,47,54860,406.709,1980
262466596038114,99,50,54860,433.656,1980
262466646148651,99,50,54860,433.656,1980
262466696256346,99,50,54860,456.315,1980
262466746362501,99,50,54860,456.315,1980
262466796468022,96,53,54860,477.632,1980
262466846600138,96,53,54860,477.632,1980
262466896706534,96,53,54860,500.694,1980
262466946814674,96,53,54860,500.694,1980
262466996918035,98,56,54860,520.664,1980
262467047022582,98,56,54860,520.664,1980
262467097139840,98,56,54860,537.004,1980
262467147246519,98,56,54860,537.004,1980
262467197353321,96,55,54860,561.718,1980
262467247462038,96,55,54860,561.718,1980
262467297569818,96,55,54860,582.57,1980
262467347685491,96,55,54860,582.57,1980
262467397792366,96,56,54860,579.597,1980
262467447899613,96,56,54860,579.597,1980
262467498007353,96,56,54860,568.521,1980
262467548116220,96,56,54860,568.521,1980
262467599015578,96,55,54860,565.803,1980
262467649125031,96,55,54860,565.803,1980
262467699732496,96,55,54860,543.972,1980
262467750433252,96,55,54860,543.972,1980
262467801254115,3,2,54860,500.659,1980
262467851387304,3,2,54860,500.659,1980
262467901542008,3,2,54860,469.459,1980
262467953214125,3,2,54860,469.459,1980
262468003328807,73,35,54860,446.186,1980
262468054299303,73,35,54860,446.186,1980
262468104671030,73,35,54860,425.076,1980
262468154826362,73,35,54860,425.076,1980
262468205615758,78,38,54860,404.127,1980
262468256132069,78,38,54860,404.127,1980
262468306881799,78,38,54860,380.898,1980
262468357711020,78,38,54860,380.898,1980
262468407822081,92,45,54860,359.247,1980
262468457968410,92,45,54860,359.247,1980
262468508047400,92,45,54860,344.896,1980
262468558216956,92,45,54860,344.896,1980
262468616495035,100,49,54860,320.225,1980
262468666623053,100,49,54860,320.225,1980
262468716747004,100,49,54860,329.528,1980
262468766851126,100,49,54860,329.528,1980
262468816960720,98,49,54860,377.328,1980
262468867067332,98,49,54860,377.328,1980
262468919239390,98,49,54860,418.712,1980
262468969343651,98,49,54860,418.712,1980
262469019445089,91,45,54860,444.312,1980
262469069547460,91,45,54860,444.312,1980
262469119653302,91,45,54860,466.722,1980
262469169756250,91,45,54860,466.722,1980
262469219880160,98,55,54860,485.408,1980
262469269981063,98,55,54860,485.408,1980
262469320086066,98,55,54860,506.722,1980
262469370187721,98,55,54860,506.722,1980
262469420291126,96,53,54860,529.061,1980
262469470399398,96,53,54860,529.061,1980
262469520905237,96,53,54860,555.987,1980
262469571018908,96,53,54860,555.987,1980
262469621130211,97,52,54860,578.451,1980
262469671231160,97,52,54860,578.451,1980
262469721332284,97,52,54860,591.857,1980
262469771463252,97,52,54860,591.857,1980
262469821565199,99,54,54860,587.051,1980
262469871666323,99,54,54860,587.051,1980
262469925145624,99,54,54860,585.251,1980
262469976083428,99,54,54860,585.251,1980
262470026681198,52,41,54860,552.009,1980
262470077362716,52,41,54860,552.009,1980
262470127704024,52,41,54860,507.747,1980
262470179281817,52,41,54860,507.747,1980
262470229477051,13,6,54860,473.404,1980
262470280729719,13,6,54860,473.404,1980
262470330852767,13,6,54860,449.545,1980
262470380970492,13,6,54860,449.545,1980
262470431132323,74,36,54860,425.678,1980
262470481281702,74,36,54860,425.678,1980
262470531962065,74,36,54860,406.771,1980
262470582328875,74,36,54860,381.791,1980
262470633422867,82,40,54860,381.791,1980
262470683576214,82,40,54860,367.195,1980
262470733772692,82,40,54860,367.195,1980
262470784444871,95,46,54860,346.419,1980
262470834600102,95,46,54860,346.419,1980
262470884747108,95,46,54860,324.343,1980
262470938567288,95,46,54860,324.343,1980
262470988673384,74,36,54860,325.765,1980
262471038778170,74,36,54860,325.765,1980
262471088890566,74,36,54860,378.38,1980
262471138993342,74,36,54860,378.38,1980
262471189111665,98,49,54860,417.381,1980
262471239219986,98,49,54860,417.381,1980
262471289330272,98,49,54860,442.916,1980
262471339443101,98,49,54860,442.916,1980
262471389561256,90,48,54860,470.579,1980
262471439663218,90,48,54860,470.579,1980
262471489766010,90,48,54860,491.347,1980
262471539875665,90,48,54860,491.347,1980
262471589982589,96,52,54860,512.068,1980
262471640093619,96,52,54860,512.068,1980
262471690199389,96,52,54860,532.645,1980
262471740304694,96,52,54860,532.645,1980
262471790411000,99,55,54860,548.874,1980
262471840516211,99,55,54860,548.874,1980
262471890985335,99,55,54860,569.807,1980
262471941090986,99,55,54860,569.807,1980
262471991195173,96,54,54860,594.398,1980
262472041297204,96,54,54860,594.398,1980
262472091400243,96,54,54860,591.606,1980
262472141503799,96,54,54860,591.606,1980
262472191606066,96,55,54860,588.281,1980
262472241709415,96,55,54860,588.281,1980
262472291812881,96,55,54860,582.189,1980
262472342880997,96,55,54860,582.189,1980
262472393557075,42,35,54860,547.016,1980
262472444229990,42,35,54860,547.016,1980
262472495167075,42,35,54860,501.697,1980
262472545335865,42,35,54860,501.697,1980
262472595507281,27,13,54860,474.373,1980
262472646677315,27,13,54860,474.373,1980
262472697876516,27,13,54860,450.508,1980
262472749394732,27,13,54860,450.508,1980
262472800326615,73,36,54860,425.307,1980
262472850441758,73,36,54860,425.307,1980
262472900791109,73,36,54860,400.519,1980
262472950936555,73,36,54860,400.519,1980
262473001206699,98,48,54860,384.343,1980
262473051388373,98,48,54860,384.343,1980
262473101987186,98,48,54860,361.249,1980
262473152107073,98,48,54860,361.249,1980
262473202223104,100,50,54860,333.17,1980
262473252988645,100,50,54860,333.17,1980
262473303092030,100,50,54860,309.009,1980
262473353214622,100,50,54860,309.009,1980
262473403396932,85,45,54860,350.647,1980
262473453521019,85,45,54860,350.647,1980
262473503624614,85,45,54860,392.728,1980
262473553741232,85,45,54860,392.728,1980
262473603848408,98,51,54860,434.258,1980
262473653952737,98,51,54860,434.258,1980
262473704057020,98,51,54860,458.394,1980
262473754160291,98,51,54860,458.394,1980
262473804262216,96,51,54860,483.121,1980
262473854394210,96,51,54860,483.121,1980
262473904529955,96,51,54860,501.726,1980
262473954644508,96,51,54860,501.726,1980
262474004755094,98,56,54860,524.091,1980
262474054866623,98,56,54860,524.091,1980
262474104974935,98,56,54860,543.119,1980
262474155045267,98,56,54860,543.119,1980
262474205149823,96,55,54860,565.309,1980
262474255250759,96,55,54860,565.309,1980
262474305356702,96,55,54860,593.156,1980
262474355457615,96,55,54860,593.156,1980
262474405576773,98,57,54860,587.382,1980
262474455688280,98,57,54860,587.382,1980
262474505805128,98,57,54860,581.795,1980
262474555918080,98,57,54860,581.795,1980
262474606029836,96,55,54860,577.23,1980
262474657768687,96,55,54860,577.23,1980
262474708735909,96,55,54860,560.731,1980
262474759466638,96,55,54860,560.731,1980
262474810364950,2,2,54860,516.681,1980
262474868250196,2,2,54860,516.681,1980
262474918424827,2,2,54860,477.339,1980
262474968600482,2,2,54860,477.339,1980
262475019800650,64,31,54860,455.202,1980
262475070775798,64,31,54860,455.202,1980
262475120910112,64,31,54860,430.802,1980
262475171909678,64,31,54860,430.802,1980
262475222350492,78,39,54860,412.928,1980
262475272931198,78,39,54860,412.928,1980
262475324015874,78,39,54860,394.429,1980
262475374878599,78,39,54860,394.429,1980
262475425208873,91,45,54860,374.051,1980
262475475660776,91,45,54860,374.051,1980
262475525829009,91,45,54860,352.635,1980
262475575935490,91,45,54860,352.635,1980
262475632425176,100,50,54860,330.676,1980
262475682532359,100,50,54860,330.676,1980
262475732658439,100,50,54860,321.168,1980
262475782772913,100,50,54860,321.168,1980
262475832875746,98,54,54860,367.89,1980
262475882983949,98,54,54860,367.89,1980
262475933086701,98,54,54860,415.683,1980
262475983193112,98,54,54860,415.683,1980
262476033306474,91,49,54860,441.412,1980
262476083414342,91,49,54860,441.412,1980
262476133516681,91,49,54860,464.607,1980
262476183623293,91,49,54860,464.607,1980
262476233726246,96,56,54860,484.651,1980
262476283829995,96,56,54860,484.651,1980
262476333940796,96,56,54860,494.647,1980
262476384154076,96,56,54860,494.647,1980
262476434262077,96,56,54860,512.416,1980
262476484427427,96,56,54860,512.416,1980
262476534559599,96,56,54860,528.472,1980
262476584670982,96,56,54860,528.472,1980
262476634794023,96,56,54860,559.188,1980
262476684915036,96,56,54860,559.188,1980
262476735030676,96,56,54860,579.454,1980
262476785136757,96,56,54860,579.454,1980
262476835243262,97,56,54860,570.745,1980
262476886573686,97,56,54860,553.809,1980
262476937586549,97,56,54860,553.809,1980
262476988597239,18,18,54860,508.716,1980
262477039894675,18,18,54860,508.716,1980
262477090032826,18,18,54860,466.748,1980
262477141609344,18,18,54860,466.748,1980
262477192831589,44,20,54860,445.525,1980
262477242952215,44,20,54860,445.525,1980
262477293268717,44,20,54860,428.883,1980
262477343428504,44,20,54860,428.883,1980
262477393576512,81,40,54860,410.694,1980
262477444618176,81,40,54860,410.694,1980
262477495592430,81,40,54860,390.771,1980
262477545712951,81,40,54860,390.771,1980
262477595849283,99,48,54860,372.684,1980
262477646376220,99,48,54860,372.684,1980
262477696847308,99,48,54860,345.525,1980
262477746971972,99,48,54860,345.525,1980
262477797439512,100,50,54860,322.039,1980
262477847564251,100,50,54860,322.039,1980
262477897696004,100,50,54860,318.385,1980
262477947799831,100,50,54860,318.385,1980
262477997911303,98,51,54860,362.886,1980
262478048016760,98,51,54860,362.886,1980
262478098118938,98,51,54860,408.984,1980
262478148606547,98,51,54860,408.984,1980
262478198719493,91,46,54860,439.525,1980
262478248823704,91,46,54860,439.525,1980
262478298926136,91,46,54860,460.871,1980
262478349027102,91,46,54860,460.871,1980
262478399126689,96,53,54860,481.949,1980
262478449234355,96,53,54860,481.949,1980
262478499339595,96,53,54860,504.286,1980
262478549445944,96,53,54860,504.286,1980
262478599549693,97,53,54860,525.694,1980
262478649650822,97,53,54860,525.694,1980
262478699751081,97,53,54860,543.868,1980
262478749856290,97,53,54860,543.868,1980
262478799965592,96,54,54860,561.787,1980
262478850081000,96,54,54860,561.787,1980
262478900191873,96,54,54860,584.366,1980
262478950293378,96,54,54860,584.366,1980
262479000397795,95,53,54860,576.571,1980
262479050498804,95,53,54860,576.571,1980
262479100612633,95,53,54860,571.962,1980
262479150713610,95,53,54860,571.962,1980
262479203133751,99,55,54860,570.853,1980
262479254180339,99,55,54860,570.853,1980
262479304870269,99,55,54860,533.314,1980
262479355592956,99,55,54860,533.314,1980
262479405727983,2,2,54860,491.463,1980
262479456983506,2,2,54860,491.463,1980
262479507120220,2,2,54860,464.878,1980
262479557286189,2,2,54860,464.878,1980
262479607456957,76,37,54860,443.053,1980
262479657569717,76,37,54860,443.053,1980
262479708226392,76,37,54860,425.389,1980
262479758366783,76,37,54860,425.389,1980
262479809804272,91,44,54860,405.44,1980
262479859954757,91,44,54860,405.44,1980
262479910073749,91,44,54860,385.041,1980
262479960227195,91,44,54860,385.041,1980
262480010346672,100,49,54860,363.245,1980
262480060734680,100,49,54860,363.245,1980
262480111043200,100,49,54860,343.212,1980
262480161154030,100,49,54860,343.212,1980
262480211260139,82,40,54860,322.7,1980
262480261362653,82,40,54860,322.7,1980
262480311472198,82,40,54860,357.409,1980
262480361579193,82,40,54860,357.409,1980
262480411681033,98,49,54860,403.184,1980
262480461802854,98,49,54860,403.184,1980
262480511905513,98,49,54860,432.082,1980
262480562027985,98,49,54860,432.082,1980
262480612131120,97,52,54860,456.596,1980
262480662237163,97,52,54860,456.596,1980
262480712352450,97,52,54860,482.188,1980
262480762462473,97,52,54860,482.188,1980
262480812562236,95,54,54860,501.869,1980
262480862663563,95,54,54860,501.869,1980
262480912762997,95,54,54860,524.938,1980
262480962875385,95,54,54860,524.938,1980
262481012976319,96,55,54860,547.71,1980
262481063079095,96,55,54860,547.71,1980
262481113179748,96,55,54860,563.649,1980
262481163281109,96,55,54860,563.649,1980
262481213392199,96,54,54860,589.632,1980
262481263496690,96,54,54860,589.632,1980
262481313597363,96,54,54860,581.947,1980
262481363698138,96,54,54860,581.947,1980
262481413803974,97,52,54860,578.888,1980
262481463905719,97,52,54860,578.888,1980
262481514512896,97,52,54860,574.935,1980
262481565164169,97,52,54860,574.935,1980
262481616062217,18,18,54860,530.486,1980
262481667119257,18,18,54860,530.486,1980
262481718842926,18,18,54860,487.117,1980
262481769110520,18,18,54860,487.117,1980
262481820013437,47,23,54860,464.173,1980
262481870168928,47,23,54860,464.173,1980
262481920689328,47,23,54860,436.353,1980
262481970839997,47,23,54860,436.353,1980
262482021088866,82,40,54860,413.128,1980
262482071234484,82,40,54860,413.128,1980
262482121378097,82,40,54860,394.459,1980
262482171507592,82,40,54860,394.459,1980
262482221616422,97,47,54860,374.598,1980
262482271756883,97,47,54860,374.598,1980
262482322087406,97,47,54860,353.749,1980
262482372606367,97,47,54860,353.749,1980
262482423347394,100,50,54860,336.716,1980
262482473459949,100,50,54860,336.716,1980
262482523564346,100,50,54860,319.769,1980
262482573672663,100,50,54860,319.769,1980
262482623788425,98,49,54860,365.598,1980
262482673893570,98,49,54860,365.598,1980
262482724012179,98,49,54860,410.958,1980
262482774115527,98,49,54860,410.958,1980
262482824250894,90,45,54860,436.142,1980
262482874355907,90,45,54860,436.142,1980
262482924455913,90,45,54860,455.145,1980
262482974558866,90,45,54860,455.145,1980
262483024656802,96,53,54860,477.82,1980
262483074754799,96,53,54860,477.82,1980
262483124856650,96,53,54860,501.01,1980
262483174983710,96,53,54860,501.01,1980
262483225090763,97,52,54860,518.645,1980
262483275220421,97,52,54860,518.645,1980
262483325331380,97,52,54860,536.922,1980
262483375453671,97,52,54860,536.922,1980
262483425572859,99,55,54860,560.969,1980
262483475678878,99,55,54860,560.969,1980
262483525786926,99,55,54860,581.249,1980
262483575900254,99,55,54860,581.249,1980
262483626015559,96,54,54860,575.393,1980
262483676122712,96,54,54860,575.393,1980
262483726227029,96,54,54860,570.939,1980
262483782455320,96,54,54860,570.939,1980
262483833270164,95,59,54860,563.114,1980
262483883949605,95,59,54860,563.114,1980
262483934666804,95,59,54860,523.147,1980
262483987985208,95,59,54860,523.147,1980
262484039177383,2,2,54860,479.385,1980
262484089353800,2,2,54860,479.385,1980
262484141011021,2,2,54860,456.619,1980
262484191155975,74,36,54860,437.898,1980
262484241833119,74,36,54860,437.898,1980
262484291958511,74,36,54860,412.788,1980
262484342999359,74,36,54860,412.788,1980
262484393329229,83,41,54860,396.683,1980
262484443569493,83,41,54860,396.683,1980
262484494284635,83,41,54860,376.993,1980
262484544392216,83,41,54860,376.993,1980
262484594507567,98,48,54860,358.274,1980
262484644630308,98,48,54860,358.274,1980
262484694771859,98,48,54860,334.458,1980
262484745037439,98,48,54860,334.458,1980
262484795147764,97,48,54860,313.697,1980
262484845257509,97,48,54860,313.697,1980
262484895366852,97,48,54860,360.156,1980
262484945468933,97,48,54860,360.156,1980
262484995571977,98,48,54860,402.811,1980
262485045678188,98,48,54860,402.811,1980
262485095792868,98,48,54860,433.152,1980
262485145896722,98,48,54860,433.152,1980
262485195996524,91,47,54860,455.824,1980
262485246103068,91,47,54860,455.824,1980
262485296204024,91,47,54860,475.275,1980
262485346307686,91,47,54860,475.275,1980
262485396408197,96,53,54860,499.762,1980
262485446512023,96,53,54860,499.762,1980
262485496612539,96,53,54860,524.99,1980
262485546719615,96,53,54860,524.99,1980
262485596820166,97,52,54860,542.34,1980
262485646921331,97,52,54860,542.34,1980
262485697038413,97,52,54860,557.387,1980
262485747137769,97,52,54860,557.387,1980
262485797237894,96,54,54860,585.638,1980
262485847337816,96,54,54860,585.638,1980
262485897435414,96,54,54860,578.774,1980
262485947537835,96,54,54860,578.774,1980
262485997638804,96,53,54860,575.779,1980
262486048501828,96,53,54860,575.779,1980
262486099319638,96,53,54860,543.324,1980
262486150063986,96,53,54860,543.324,1980
262486200902139,2,2,54860,500.263,1980
262486251899759,2,2,54860,500.263,1980
262486302047817,2,2,54860,467.762,1980
262486353425877,2,2,54860,467.762,1980
262486403544286,75,37,54860,443.884,1980
262486455062831,75,37,54860,443.884,1980
262486505182646,75,37,54860,418.943,1980
262486555365063,75,37,54860,418.943,1980
262486605612535,86,42,54860,396.007,1980
262486655914141,86,42,54860,396.007,1980
262486706159304,86,42,54860,382.666,1980
262486756298020,86,42,54860,382.666,1980
262486806459090,100,49,54860,366.079,1980
262486856562222,100,49,54860,366.079,1980
262486906668397,100,49,54860,344.838,1980
262486956836695,100,49,54860,344.838,1980
262487006944236,96,48,54860,312.602,1980
262487057048877,96,48,54860,312.602,1980
262487107155916,96,48,54860,351.113,1980
262487157259579,96,48,54860,351.113,1980
262487207388408,98,50,54860,395.139,1980
262487257495879,98,50,54860,395.139,1980
262487307597742,98,50,54860,431.178,1980
262487358693605,98,50,54860,431.178,1980
262487408797493,98,52,54860,456.804,1980
262487458911295,98,52,54860,456.804,1980
262487509019263,98,52,54860,472.798,1980
262487559121736,98,52,54860,472.798,1980
262487609223562,96,54,54860,487.583,1980
262487659326350,96,54,54860,487.583,1980
262487709438495,96,54,54860,505.317,1980
262487759538414,96,54,54860,505.317,1980
262487809643433,96,54,54860,526.095,1980
262487859749560,96,54,54860,526.095,1980
262487909848825,96,54,54860,546.349,1980
262487959980068,96,54,54860,546.349,1980
262488010081953,96,55,54860,569.579,1980
262488060190036,96,55,54860,569.579,1980
262488110293811,96,55,54860,563.357,1980
262488160391751,96,55,54860,563.357,1980
262488212671712,96,54,54860,558.139,1980
262488263622898,96,54,54860,558.139,1980
262488314285086,96,54,54860,523.137,1980
262488364967330,96,54,54860,523.137,1980
262488415088726,2,2,54860,479.569,1980
262488466520029,2,2,54860,479.569,1980
262488516817139,2,2,54860,457.917,1980
262488566993351,2,2,54860,457.917,1980
262488618478730,70,34,54860,437.1,1980
262488668607066,70,34,54860,437.1,1980
262488718727137,70,34,54860,420.404,1980
262488769458106,70,34,54860,420.404,1980
262488820185302,85,41,54860,398.609,1980
262488870956351,85,41,54860,398.609,1980
262488921082701,85,41,54860,379.179,1980
262488971430840,85,41,54860,379.179,1980
262489021573489,100,49,54860,363.215,1980
262489071688540,100,49,54860,363.215,1980
262489121841974,100,49,54860,343.579,1980
262489171950197,100,49,54860,343.579,1980
262489222059028,95,47,54860,311.263,1980
262489272174801,95,47,54860,311.263,1980
262489322280437,95,47,54860,351.726,1980
262489372403254,95,47,54860,351.726,1980
262489422530104,98,48,54860,397.182,1980
262489472632653,98,48,54860,397.182,1980
262489522735968,98,48,54860,428.514,1980
262489572836722,98,48,54860,428.514,1980
262489622937450,98,51,54860,455.738,1980
262489673165395,98,51,54860,455.738,1980
262489723317019,98,51,54860,473.631,1980
262489773439365,98,51,54860,473.631,1980
262489823560596,96,53,54860,497.696,1980
262489873671593,96,53,54860,497.696,1980
262489923780865,96,53,54860,517.125,1980
262489973883480,96,53,54860,517.125,1980
262490024030332,96,53,54860,538.497,1980
262490074829509,96,53,54860,538.497,1980
262490124962472,96,53,54860,559.061,1980
262490175073760,96,53,54860,559.061,1980
262490225186053,95,54,54860,589.668,1980
262490275292570,95,54,54860,589.668,1980
262490325398026,95,54,54860,586.06,1980
262490375503941,95,54,54860,586.06,1980
262490425643916,96,53,54860,574.686,1980
262490477112648,96,53,54860,574.686,1980
262490527777074,96,53,54860,540.527,1980
262490578434805,96,53,54860,540.527,1980
262490630671833,2,2,54860,496.933,1980
262490680833805,2,2,54860,496.933,1980
262490732286456,2,2,54860,468.407,1980
262490782965884,2,2,54860,468.407,1980
262490833901515,75,37,54860,443.974,1980
262490884037611,75,37,54860,443.974,1980
262490934365103,75,37,54860,424.808,1980
262490984473559,75,37,54860,424.808,1980
262491035086514,84,41,54860,404.994,1980
262491086093928,84,41,54860,404.994,1980
262491136265432,84,41,54860,381.42,1980
262491186379553,84,41,54860,381.42,1980
262491236546440,100,49,54860,361.143,1980
262491286965202,100,49,54860,361.143,1980
262491337350774,100,49,54860,341.708,1980
262491387485905,100,49,54860,341.708,1980
262491437593080,98,49,54860,320.015,1980
262491487700129,98,49,54860,320.015,1980
262491537815643,98,49,54860,355.32,1980
262491587983911,98,49,54860,355.32,1980
262491638089703,98,50,54860,403.622,1980
262491688206251,98,50,54860,403.622,1980
262491738321344,98,50,54860,434.371,1980
262491788446759,98,50,54860,434.371,1980
262491838555376,90,48,54860,459.797,1980
262491888660647,90,48,54860,459.797,1980
262491938768097,90,48,54860,478.362,1980
262491988872297,90,48,54860,478.362,1980
262492038983485,96,54,54860,503.153,1980
262492089606802,96,54,54860,503.153,1980
262492139713784,96,54,54860,521.167,1980
262492189812921,96,54,54860,521.167,1980
262492239916683,96,55,54860,544.865,1980
262492290019256,96,55,54860,544.865,1980
262492340155248,96,55,54860,560.518,1980
262492390264305,96,55,54860,560.518,1980
262492440375863,96,54,54860,590.608,1980
262492490489155,96,54,54860,590.608,1980
262492540595464,96,54,54860,584.408,1980
262492590701911,96,54,54860,584.408,1980
262492640807834,97,52,54860,576.246,1980
262492690956983,97,52,54860,576.246,1980
262492741533263,97,52,54860,565.753,1980
262492792446283,97,52,54860,565.753,1980
262492843490514,14,13,54860,522.347,1980
262492896919197,14,13,54860,481.987,1980
262492947534143,14,13,54860,481.987,1980
262492999135094,54,25,54860,456.798,1980
262493049299947,54,25,54860,456.798,1980
262493099428120,54,25,54860,431.021,1980
262493149636036,54,25,54860,431.021,1980
262493199792411,80,39,54860,415.21,1980
262493249969145,80,39,54860,415.21,1980
262493300087740,80,39,54860,394.203,1980
262493350645314,80,39,54860,394.203,1980
262493400759766,100,49,54860,375.501,1980
262493451158875,100,49,54860,375.501,1980
262493501267009,100,49,54860,354.855,1980
262493551397442,100,49,54860,354.855,1980
262493610300671,100,50,54860,334.619,1980
262493660409005,100,50,54860,334.619,1980
262493710515115,100,50,54860,325.388,1980
262493760629658,100,50,54860,325.388,1980
262493810739227,98,50,54860,368.736,1980
262493860850460,98,50,54860,368.736,1980
262493914754959,98,50,54860,419.939,1980
262493964857885,98,50,54860,419.939,1980
262494014959216,91,46,54860,439.436,1980
262494065060400,91,46,54860,439.436,1980
262494115167977,91,46,54860,460.621,1980
262494165283711,91,46,54860,460.621,1980
262494215394045,98,56,54860,480.767,1980
262494265498110,98,56,54860,480.767,1980
262494315679210,98,56,54860,496.476,1980
262494365779981,98,56,54860,496.476,1980
262494415888095,96,54,54860,517.521,1980
262494465985794,96,54,54860,517.521,1980
262494516087907,96,54,54860,543.655,1980
262494566188234,96,54,54860,543.655,1980
262494616294715,97,52,54860,567.385,1980
262494666417661,97,52,54860,567.385,1980
262494716527354,97,52,54860,579.598,1980
262494766636867,97,52,54860,579.598,1980
262494816747352,99,55,54860,574.584,1980
262494866844708,99,55,54860,574.584,1980
262494918764997,99,55,54860,570.174,1980
262494969846169,99,55,54860,570.174,1980
262495020764658,55,42,54860,541.276,1980
262495071597258,55,42,54860,541.276,1980
262495126401815,55,42,54860,499.464,1980
262495176619981,55,42,54860,499.464,1980
262495226759691,17,9,54860,470.215,1980
262495276873147,17,9,54860,470.215,1980
262495327054035,17,9,54860,448.194,1980
262495378207535,17,9,54860,448.194,1980
262495428364664,78,38,54860,426.479,1980
262495478873064,78,38,54860,426.479,1980
262495529017657,78,38,54860,404.531,1980
262495579299621,78,38,54860,404.531,1980
262495629395055,99,49,54860,381.071,1980
262495679516025,99,49,54860,381.071,1980
262495729667151,99,49,54860,361.209,1980
262495780015379,99,49,54860,361.209,1980
262495830140677,100,50,54860,337.821,1980
262495880248873,100,50,54860,337.821,1980
262495930348357,100,50,54860,318.928,1980
262495980464715,100,50,54860,318.928,1980
262496030574849,98,48,54860,349.763,1980
262496080684286,98,48,54860,349.763,1980
262496130783587,98,48,54860,392.631,1980
262496180944289,98,48,54860,392.631,1980
262496231072043,91,44,54860,429.35,1980
262496281182895,91,44,54860,429.35,1980
262496331285746,91,44,54860,451.83,1980
262496381387235,91,44,54860,451.83,1980
262496431489039,96,52,54860,473.852,1980
262496481589732,96,52,54860,473.852,1980
262496531690960,96,52,54860,495.487,1980
262496581791791,96,52,54860,495.487,1980
262496631926530,96,53,54860,514.534,1980
262496682037464,96,53,54860,514.534,1980
262496732138425,96,53,54860,536.09,1980
262496782241958,96,53,54860,536.09,1980
262496832341062,97,52,54860,564.765,1980
262496882447731,97,52,54860,564.765,1980
262496932549106,97,52,54860,585.68,1980
262496982651575,97,52,54860,585.68,1980
262497032753343,98,54,54860,582.616,1980
262497082857955,98,54,54860,582.616,1980
262497133019621,98,54,54860,579.123,1980
262497184027774,98,54,54860,579.123,1980
262497234735439,51,40,54860,545.679,1980
262497285346205,51,40,54860,545.679,1980
262497335662689,51,40,54860,506.288,1980
262497387364532,51,40,54860,506.288,1980
262497437593600,20,9,54860,472.745,1980
262497488833527,20,9,54860,472.745,1980
262497538998846,20,9,54860,452.319,1980
262497589226636,20,9,54860,452.319,1980
262497640134902,74,36,54860,427.832,1980
262497690262924,74,36,54860,427.832,1980
262497740891252,74,36,54860,408.669,1980
262497791462234,74,36,54860,408.669,1980
262497841601361,93,46,54860,392.407,1980
262497892019754,93,46,54860,392.407,1980
262497942172381,93,46,54860,366.779,1980
262497992314273,93,46,54860,366.779,1980
262498042480286,100,49,54860,349.661,1980
262498092595344,100,49,54860,349.661,1980
262498142729486,100,49,54860,322.901,1980
262498192836821,100,49,54860,322.901,1980
262498242948616,73,35,54860,348.732,1980
262498293064165,73,35,54860,348.732,1980
262498343170998,73,35,54860,390.796,1980
262498393284112,73,35,54860,390.796,1980
262498443393321,98,48,54860,430.938,1980
262498493497314,98,48,54860,430.938,1980
262498543606841,98,48,54860,451.417,1980
262498593711589,98,48,54860,451.417,1980
262498643826298,96,50,54860,473.159,1980
262498693934574,96,50,54860,473.159,1980
262498744039191,96,50,54860,492.401,1980
262498794141047,96,50,54860,492.401,1980
262498844243098,96,54,54860,511.996,1980
262498894346625,96,54,54860,511.996,1980
262498944446751,96,54,54860,531.078,1980
262498994564232,96,54,54860,531.078,1980
262499044662141,96,53,54860,549.646,1980
262499094758729,96,53,54860,549.646,1980
262499144856031,96,53,54860,566.937,1980
262499195027462,96,53,54860,566.937,1980
262499245194086,96,53,54860,575.099,1980
262499295324461,96,53,54860,575.099,1980
262499345433545,96,53,54860,570.274,1980
262499397366176,96,53,54860,570.274,1980
262499448506948,97,55,54860,562.324,1980
262499499397022,97,55,54860,521.679,1980
262499550515484,97,55,54860,521.679,1980
262499604076074,2,2,54860,478.912,1980
262499654228297,2,2,54860,478.912,1980
262499704371587,2,2,54860,451.126,1980
262499754489352,2,2,54860,451.126,1980
262499805910751,70,34,54860,430.011,1980
262499856711692,70,34,54860,430.011,1980
262499906873308,70,34,54860,408.464,1980
262499957617402,70,34,54860,408.464,1980
262500007741579,86,42,54860,393.041,1980
262500058158902,86,42,54860,393.041,1980
262500108314694,86,42,54860,370.856,1980
262500158445039,86,42,54860,370.856,1980
262500208557255,100,49,54860,345.727,1980
262500259063491,100,49,54860,345.727,1980
262500309563905,100,49,54860,324.215,1980
262500360879164,100,49,54860,324.215,1980
262500410988252,92,46,54860,314.636,1980
262500461091657,92,46,54860,314.636,1980
262500511210402,92,46,54860,360.222,1980
262500561323344,92,46,54860,360.222,1980
262500611438624,98,49,54860,411.865,1980
262500661554358,98,49,54860,411.865,1980
262500711662545,98,49,54860,435.864,1980
262500761765746,98,49,54860,435.864,1980
262500811866815,94,49,54860,457.496,1980
262500861964284,94,49,54860,457.496,1980
262500912066446,94,49,54860,478.573,1980
262500962170583,94,49,54860,478.573,1980
262501012941364,96,53,54860,497.2,1980
262501063048389,96,53,54860,497.2,1980
262501113149301,96,53,54860,514.885,1980
262501163252683,96,53,54860,514.885,1980
262501213359052,97,54,54860,534.312,1980
262501263463736,97,54,54860,534.312,1980
262501313574422,97,54,54860,557.474,1980
262501363683785,97,54,54860,557.474,1980
262501413786626,96,53,54860,575.357,1980
262501463887168,96,53,54860,575.357,1980
262501514699052,96,53,54860,568.858,1980
262501564814610,96,53,54860,568.858,1980
262501614918806,96,53,54860,562.824,1980
262501665035561,96,53,54860,562.824,1980
262501715701949,96,53,54860,537.452,1980
262501766421068,96,53,54860,537.452,1980
262501817219712,2,2,54860,504.205,1980
262501867421942,2,2,54860,504.205,1980
262501919261795,2,2,54860,462.455,1980
262501969484800,2,2,54860,462.455,1980
262502020034933,64,31,54860,440.66,1980
262502070844171,64,31,54860,440.66,1980
262502122087089,64,31,54860,417.012,1980
262502172828857,64,31,54860,417.012,1980
262502223789374,75,37,54860,396.489,1980
262502274470109,75,37,54860,396.489,1980
262502324618054,75,37,54860,382.405,1980
262502375287065,75,37,54860,382.405,1980
262502425969496,91,44,54860,364.635,1980
262502476296059,91,44,54860,364.635,1980
262502526411687,91,44,54860,339.726,1980
262502576567498,91,44,54860,339.726,1980
262502634069002,100,50,54860,320.908,1980
262502684187205,100,50,54860,320.908,1980
262502734334839,100,50,54860,331.621,1980
262502784445466,100,50,54860,331.621,1980
262502834569903,98,49,54860,380.934,1980
262502884793122,98,49,54860,380.934,1980
262502934900279,98,49,54860,423.823,1980
262502985020085,98,49,54860,423.823,1980
262503035140497,90,44,54860,449.306,1980
262503085245509,90,44,54860,449.306,1980
262503135353100,90,44,54860,470.976,1980
262503185463167,90,44,54860,470.976,1980
262503235579255,96,52,54860,493.373,1980
262503285684485,96,52,54860,493.373,1980
262503335792893,96,52,54860,514.22,1980
262503385895649,96,52,54860,514.22,1980
262503436003620,96,53,54860,533.423,1980
262503486106514,96,53,54860,533.423,1980
262503536207952,96,53,54860,551.96,1980
262503586313380,96,53,54860,551.96,1980
262503636418132,96,55,54860,576.301,1980
262503686545781,96,55,54860,576.301,1980
262503736664107,96,55,54860,587.319,1980
262503786773287,96,55,54860,587.319,1980
262503836886270,96,53,54860,577.1,1980
262503886991412,96,53,54860,577.1,1980
262503937099541,96,53,54860,574.258,1980
262503987678879,96,53,54860,574.258,1980
262504038563942,84,57,54860,545.211,1980
262504089497428,84,57,54860,545.211,1980
262504140179106,84,57,54860,500.337,1980
262504190997395,84,57,54860,500.337,1980
262504241269724,2,2,54860,465.729,1980
262504291406416,2,2,54860,465.729,1980
262504342193486,2,2,54860,439.889,1980
262504392324542,2,2,54860,439.889,1980
262504442443958,75,37,54860,419.107,1980
262504493441578,75,37,54860,419.107,1980
262504544270418,75,37,54860,398.981,1980
262504594763973,75,37,54860,398.981,1980
262504644918198,85,41,54860,383.434,1980
262504695043525,85,41,54860,383.434,1980
262504745494965,85,41,54860,363.926,1980
262504795642413,85,41,54860,363.926,1980
262504845754514,100,49,54860,340.254,1980
262504895864130,100,49,54860,340.254,1980
262504945976317,100,49,54860,315.673,1980
262504996100337,100,49,54860,315.673,1980
262505046224153,81,41,54860,339.186,1980
262505096343762,81,41,54860,339.186,1980
262505146458452,81,41,54860,385.086,1980
262505196610144,81,41,54860,385.086,1980
262505246738448,98,50,54860,426.942,1980
262505296837875,98,50,54860,426.942,1980
262505346940618,98,50,54860,453.854,1980
262505397041730,98,50,54860,453.854,1980
262505447144865,95,52,54860,474.932,1980
262505497243385,95,52,54860,474.932,1980
262505547346388,95,52,54860,498.777,1980
262505597442892,95,52,54860,498.777,1980
262505647580955,96,54,54860,517.349,1980
262505697695044,96,54,54860,517.349,1980
262505747808464,96,54,54860,539.753,1980
262505797932005,96,54,54860,539.753,1980
262505848050806,97,53,54860,558.729,1980
262505898158878,97,53,54860,558.729,1980
262505948264084,97,53,54860,584.99,1980
262505998368053,97,53,54860,584.99,1980
262506048472605,98,55,54860,594.375,1980
262506098578290,98,55,54860,594.375,1980
262506148687441,98,55,54860,588.049,1980
262506198791172,98,55,54860,588.049,1980
262506251345103,96,54,54860,583.409,1980
262506301668296,96,54,54860,555.951,1980
262506352404227,96,54,54860,555.951,1980
262506403286584,2,2,54860,508.117,1980
262506454054341,2,2,54860,508.117,1980
262506505656611,2,2,54860,476.379,1980
262506555812764,2,2,54860,476.379,1980
262506607111941,71,34,54860,450.261,1980
262506657304085,71,34,54860,450.261,1980
262506707581344,71,34,54860,425.778,1980
262506757755422,71,34,54860,425.778,1980
262506809055563,77,38,54860,410.648,1980
262506859226086,77,38,54860,410.648,1980
262506909337976,77,38,54860,385.107,1980
262506959509423,77,38,54860,385.107,1980
262507009662211,95,46,54860,363.673,1980
262507060120506,95,46,54860,363.673,1980
262507110235851,95,46,54860,348.342,1980
262507160359063,95,46,54860,348.342,1980
262507216629114,100,50,54860,322.472,1980
262507266747865,100,50,54860,322.472,1980
262507316868281,100,50,54860,342.595,1980
262507366976881,100,50,54860,342.595,1980
262507417090962,98,50,54860,389.071,1980
262507467259144,98,50,54860,389.071,1980
262507517369689,98,50,54860,426.447,1980
262507567480540,98,50,54860,426.447,1980
262507617590949,91,45,54860,452.465,1980
262507667696528,91,45,54860,452.465,1980
262507717804122,91,45,54860,471.997,1980
262507767920966,91,45,54860,471.997,1980
262507818038207,98,55,54860,490.877,1980
262507868143159,98,55,54860,490.877,1980
262507918246030,98,55,54860,510.009,1980
262507968348381,98,55,54860,510.009,1980
262508018472280,96,54,54860,530.439,1980
262508068577203,96,54,54860,530.439,1980
262508118682948,96,54,54860,546.985,1980
262508168786281,96,54,54860,546.985,1980
262508218892809,97,53,54860,573.812,1980
262508268996523,97,53,54860,573.812,1980
262508319106402,97,53,54860,581.041,1980
262508369208870,97,53,54860,581.041,1980
262508419311985,98,55,54860,572.004,1980
262508469419000,98,55,54860,572.004,1980
262508519558891,98,55,54860,564.275,1980
262508570240105,98,55,54860,564.275,1980
262508621184160,64,47,54860,530.79,1980
262508672137684,64,47,54860,530.79,1980
262508732309529,64,47,54860,487.585,1980
262508782455544,64,47,54860,487.585,1980
262508833715311,12,6,54860,456.995,1980
262508884339255,12,6,54860,456.995,1980
262508934447239,12,6,54860,434.395,1980
262508984581211,12,6,54860,434.395,1980
262509034783312,78,38,54860,418.484,1980
262509084949977,78,38,54860,418.484,1980
262509135260184,78,38,54860,399.614,1980
262509185466839,78,38,54860,399.614,1980
262509235629985,95,47,54860,381.065,1980
262509285746926,95,47,54860,381.065,1980
262509336026423,95,47,54860,355.421,1980
262509386676309,95,47,54860,355.421,1980
262509436966391,100,50,54860,337.648,1980
262509487088603,100,50,54860,337.648,1980
262509537203502,100,50,54860,316.779,1980
262509587322932,100,50,54860,316.779,1980
262509637424512,71,35,54860,353.529,1980
262509687537516,71,35,54860,353.529,1980
262509737643546,71,35,54860,396.044,1980
262509787746525,71,35,54860,396.044,1980
262509837849113,94,46,54860,428.652,1980
262509887951388,94,46,54860,428.652,1980
262509938052915,94,46,54860,451.373,1980
262509988162239,94,46,54860,451.373,1980
262510038314261,95,52,54860,472.254,1980
262510088445095,95,52,54860,472.254,1980
262510138551781,95,52,54860,492.343,1980
262510188655591,95,52,54860,492.343,1980
262510238757314,96,53,54860,507.005,1980
262510288861198,96,53,54860,507.005,1980
262510338964524,96,53,54860,530.698,1980
262510389065532,96,53,54860,530.698,1980
262510439171233,96,53,54860,547.306,1980
262510489282347,96,53,54860,547.306,1980
262510539393941,96,53,54860,574.214,1980
262510589499928,96,53,54860,574.214,1980
262510639600542,96,54,54860,568.507,1980
262510689704039,96,54,54860,568.507,1980
262510740381006,96,54,54860,548.651,1980
262510790979926,96,54,54860,548.651,1980
262510841851321,19,18,54860,506.25,1980
262510891985379,19,18,54860,506.25,1980
262510942114792,19,18,54860,471.728,1980
262510994015320,19,18,54860,471.728,1980
262511044213074,47,23,54860,445.829,1980
262511095467584,47,23,54860,445.829,1980
262511146974760,47,23,54860,426.939,1980
262511197487360,47,23,54860,426.939,1980
262511247625036,76,38,54860,405.392,1980
262511298689457,76,38,54860,405.392,1980
262511349727442,76,38,54860,385.112,1980
262511400237288,76,38,54860,385.112,1980
262511450392346,88,43,54860,365.094,1980
262511500685285,88,43,54860,365.094,1980
262511550811030,88,43,54860,346.511,1980
262511600959700,88,43,54860,346.511,1980
262511651121679,100,49,54860,328.3,1980
262511701238961,100,49,54860,328.3,1980
262511751355259,100,49,54860,323.58,1980
262511801465476,100,49,54860,323.58,1980
262511851574616,77,39,54860,373.162,1980
262511901681027,77,39,54860,373.162,1980
262511952364676,77,39,54860,416.243,1980
262512002475561,77,39,54860,416.243,1980
262512052580437,96,49,54860,437.02,1980
262512102684340,96,49,54860,437.02,1980
262512152787746,96,49,54860,462.139,1980
262512202891520,96,49,54860,462.139,1980
262512253008962,96,53,54860,488.395,1980
262512303110586,96,53,54860,488.395,1980
262512353219985,96,53,54860,509.932,1980
262512403321546,96,53,54860,509.932,1980
262512453454874,96,54,54860,532.947,1980
262512503564832,96,54,54860,532.947,1980
262512553678549,96,54,54860,554.543,1980
262512603796117,96,54,54860,554.543,1980
262512653902946,97,55,54860,577.524,1980
262512704011409,97,55,54860,577.524,1980
262512754112448,97,55,54860,597.055,1980
262512804221852,97,55,54860,597.055,1980
262512854323056,98,54,54860,589.674,1980
262512904428915,98,54,54860,589.674,1980
262512955398689,98,54,54860,583.941,1980
262513006041732,54,41,54860,547.646,1980
262513057133549,54,41,54860,547.646,1980
262513107909893,54,41,54860,503.565,1980
262513158563386,54,41,54860,503.565,1980
262513208726175,17,8,54860,468.873,1980
262513258851726,17,8,54860,468.873,1980
262513310137591,17,8,54860,444.065,1980
262513360277987,17,8,54860,444.065,1980
262513410424014,74,37,54860,419.081,1980
262513460614405,74,37,54860,419.081,1980
262513510793244,74,37,54860,399.817,1980
262513561928055,74,37,54860,399.817,1980
262513612169495,84,41,54860,381.963,1980
262513662276289,84,41,54860,381.963,1980
262513712548190,84,41,54860,363.888,1980
262513762674051,84,41,54860,363.888,1980
262513812805103,100,49,54860,339.453,1980
262513862962165,100,49,54860,339.453,1980
262513913200716,100,49,54860,318.202,1980
262513963312426,100,49,54860,318.202,1980
262514013425890,71,35,54860,343.311,1980
262514063543721,71,35,54860,343.311,1980
262514113646774,71,35,54860,391.366,1980
262514163756134,71,35,54860,391.366,1980
262514213862636,98,48,54860,425.839,1980
262514263969698,98,48,54860,425.839,1980
262514314072161,98,48,54860,452.284,1980
262514364177687,98,48,54860,452.284,1980
262514414278145,97,49,54860,474.521,1980
262514464382349,97,49,54860,474.521,1980
262514514496480,97,49,54860,496.064,1980
262514564612842,97,49,54860,496.064,1980
262514614719546,98,54,54860,517.355,1980
262514664826129,98,54,54860,517.355,1980
262514714933992,98,54,54860,537.182,1980
262514765046237,98,54,54860,537.182,1980
262514815168706,96,53,54860,557.215,1980
262514865270735,96,53,54860,557.215,1980
262514916214932,96,53,54860,586.528,1980
262514966317849,96,53,54860,586.528,1980
262515016422319,97,52,54860,591.477,1980
262515066524534,97,52,54860,591.477,1980
262515116626903,97,52,54860,584.31,1980
262515166728037,97,52,54860,584.31,1980
262515217385172,97,55,54860,570.304,1980
262515268439170,97,55,54860,570.304,1980
262515319263655,97,55,54860,526.775,1980
262515370398776,97,55,54860,526.775,1980
262515420538447,2,2,54860,481.75,1980
262515470689928,2,2,54860,481.75,1980
262515521855261,2,2,54860,456.716,1980
262515572023229,2,2,54860,456.716,1980
262515622169620,75,36,54860,433.49,1980
262515672333451,75,36,54860,433.49,1980
262515723816606,75,36,54860,415.178,1980
262515774692523,75,36,54860,415.178,1980
262515825709674,84,41,54860,391.053,1980
262515876435938,84,41,54860,391.053,1980
262515926541444,84,41,54860,368.378,1980
262515976690319,84,41,54860,368.378,1980
262516026997755,100,49,54860,352.103,1980
262516077695259,100,49,54860,352.103,1980
262516127842444,100,49,54860,323.32,1980
262516177950860,100,49,54860,323.32,1980
262516228058930,84,42,54860,315.643,1980
262516278178861,84,42,54860,315.643,1980
262516328293174,84,42,54860,363.404,1980
262516378400569,84,42,54860,363.404,1980
262516428501111,98,49,54860,414.967,1980
262516478600003,98,49,54860,414.967,1980
262516528700541,98,49,54860,438.187,1980
262516578804456,98,49,54860,438.187,1980
262516628910401,98,52,54860,459.117,1980
262516679015093,98,52,54860,459.117,1980
262516729116470,98,52,54860,482.517,1980
262516779218658,98,52,54860,482.517,1980
262516829320042,96,54,54860,500.988,1980
262516879420250,96,54,54860,500.988,1980
262516929520285,96,54,54860,525.37,1980
262516979622334,96,54,54860,525.37,1980
262517029722472,97,52,54860,542.164,1980
262517079823466,97,52,54860,542.164,1980
262517129923530,97,52,54860,568.51,1980
262517180028291,97,52,54860,568.51,1980
262517230129577,99,54,54860,583.587,1980
262517280237902,99,54,54860,583.587,1980
262517330338337,99,54,54860,575.917,1980
262517380439282,99,54,54860,575.917,1980
262517430546272,96,54,54860,570.702,1980
262517481565928,96,54,54860,570.702,1980
262517532225643,96,54,54860,538.064,1980
262517583226002,96,54,54860,538.064,1980
262517634363851,2,2,54860,496.809,1980
262517684551302,2,2,54860,496.809,1980
262517734703792,2,2,54860,466.825,1980
262517785958983,2,2,54860,466.825,1980
262517836074441,72,35,54860,444.537,1980
262517886493090,72,35,54860,444.537,1980
262517937682659,72,35,54860,425.055,1980
262517988168742,72,35,54860,425.055,1980
262518039331051,80,39,54860,402.572,1980
262518089447613,80,39,54860,402.572,1980
262518139628244,80,39,54860,387.7,1980
262518189776609,80,39,54860,387.7,1980
262518239966994,94,46,54860,365.039,1980
262518290204779,94,46,54860,365.039,1980
262518340306283,94,46,54860,343.935,1980
262518390423148,94,46,54860,343.935,1980
262518440552737,100,50,54860,319.559,1980
262518490680765,100,50,54860,319.559,1980
262518540793211,100,50,54860,338.667,1980
262518590897063,100,50,54860,338.667,1980
262518641049665,98,51,54860,388.885,1980
262518691154148,98,51,54860,388.885,1980
262518741342311,98,51,54860,422.238,1980
262518791447331,98,51,54860,422.238,1980
262518841556409,90,46,54860,444.026,1980
262518891658920,90,46,54860,444.026,1980
262518941765716,90,46,54860,463.024,1980
262518991896394,90,46,54860,463.024,1980
262519042022732,95,54,54860,485.296,1980
262519092127718,95,54,54860,485.296,1980
262519142238226,95,54,54860,508.97,1980
262519192347974,95,54,54860,508.97,1980
262519242465475,96,54,54860,526.528,1980
262519292569380,96,54,54860,526.528,1980
262519342675150,96,54,54860,545.899,1980
262519392782336,96,54,54860,545.899,1980
262519442887428,98,56,54860,571.372,1980
262519492990662,98,56,54860,571.372,1980
262519543097222,98,56,54860,586.662,1980
262519593198974,98,56,54860,586.662,1980
262519643302714,96,54,54860,581.563,1980
262519693415559,96,54,54860,581.563,1980
262519743520264,96,54,54860,573.172,1980
262519794315345,96,54,54860,573.172,1980
262519845343529,97,64,54860,555.639,1980
262519896035008,97,64,54860,555.639,1980
262519946823518,97,64,54860,515.753,1980
262519998567956,97,64,54860,515.753,1980
262520048734520,2,2,54860,479.711,1980
262520100017044,2,2,54860,479.711,1980
262520150176863,2,2,54860,450.777,1980
262520201581086,2,2,54860,450.777,1980
262520251690516,74,37,54860,430.705,1980
262520302908425,74,37,54860,430.705,1980
262520353596953,74,37,54860,407.813,1980
262520403737638,74,37,54860,407.813,1980
262520453881376,81,40,54860,392.356,1980
262520505134602,81,40,54860,392.356,1980
262520555745677,81,40,54860,367.573,1980
262520605854030,81,40,54860,367.573,1980
262520656232277,94,46,54860,349.711,1980
262520706721385,94,46,54860,349.711,1980
262520757835467,94,46,54860,327.491,1980
262520807962713,94,46,54860,327.491,1980
262520858068880,91,45,54860,323.537,1980
262520908174631,91,45,54860,323.537,1980
262520958297251,91,45,54860,374.105,1980
262521008407140,91,45,54860,414.564,1980
262521060776885,98,50,54860,414.564,1980
262521110882802,98,50,54860,439.171,1980
262521160989069,98,50,54860,439.171,1980
262521211090655,90,48,54860,463.947,1980
262521261198268,90,48,54860,463.947,1980
262521311299145,90,48,54860,484.406,1980
262521361406031,90,48,54860,484.406,1980
262521411507154,96,54,54860,507.84,1980
262521461612952,96,54,54860,507.84,1980
262521511713855,96,54,54860,528.936,1980
262521561822916,96,54,54860,528.936,1980
262521611932663,96,55,54860,548.843,1980
262521662035588,96,55,54860,548.843,1980
262521712135409,96,55,54860,572.36,1980
262521762241899,96,55,54860,572.36,1980
262521812359114,96,54,54860,598.429,1980
262521862468850,96,54,54860,598.429,1980
262521912884531,96,54,54860,594.408,1980
262521962992463,96,54,54860,594.408,1980
262522013102014,96,52,54860,586.89,1980
262522063836214,96,52,54860,586.89,1980
262522114916839,96,52,54860,568.475,1980
262522165506323,96,52,54860,568.475,1980
262522216456939,11,11,54860,525.249,1980
262522266565822,11,11,54860,525.249,1980
262522317326420,11,11,54860,485.922,1980
262522367441086,11,11,54860,485.922,1980
262522417557668,51,24,54860,461.273,1980
262522469025237,51,24,54860,461.273,1980
262522520606362,51,24,54860,436.478,1980
262522571391049,51,24,54860,436.478,1980
262522622243685,75,37,54860,415.091,1980
262522673985481,75,37,54860,415.091,1980
262522724122432,75,37,54860,398.517,1980
262522775425178,75,37,54860,398.517,1980
262522826444268,90,44,54860,372.555,1980
262522877419915,90,44,54860,372.555,1980
262522928138807,90,44,54860,350.337,1980
262522978968708,90,44,54860,350.337,1980
262523029078865,100,49,54860,335.764,1980
262523079948476,100,49,54860,335.764,1980
262523130079823,100,49,54860,321.513,1980
262523180192263,100,49,54860,321.513,1980
262523230294595,69,35,54860,373.153,1980
262523280401858,69,35,54860,373.153,1980
262523330512292,69,35,54860,415.184,1980
262523380613439,69,35,54860,415.184,1980
262523430717809,98,50,54860,441.852,1980
262523480819791,98,50,54860,441.852,1980
262523530921087,98,50,54860,465.991,1980
262523581036803,98,50,54860,465.991,1980
262523631141031,96,52,54860,486.794,1980
262523681239479,96,52,54860,486.794,1980
262523731341852,96,52,54860,502.458,1980
262523781449410,96,52,54860,502.458,1980
262523831561662,98,55,54860,523.344,1980
262523882266208,98,55,54860,523.344,1980
262523932370454,98,55,54860,547.632,1980
262523982468528,98,55,54860,547.632,1980
262524032582160,95,54,54860,567.387,1980
262524082739471,95,54,54860,567.387,1980
262524132875406,95,54,54860,594.995,1980
262524182983778,95,54,54860,594.995,1980
262524233098748,97,53,54860,591.06,1980
262524283210742,97,53,54860,591.06,1980
262524333321119,97,53,54860,588.932,1980
262524384236428,97,53,54860,588.932,1980
262524434349379,96,54,54860,584.344,1980
262524485430805,96,54,54860,584.344,1980
262524536496693,96,54,54860,544.895,1980
262524598842564,96,54,54860,544.895,1980
262524653307904,2,2,54860,504.731,1980
262524703960466,2,2,54860,504.731,1980
262524754086499,2,2,54860,478.483,1980
262524805238592,2,2,54860,478.483,1980
262524856078049,73,36,54860,454.575,1980
262524907544788,73,36,54860,454.575,1980
262524958292881,73,36,54860,434.528,1980
262525008463289,73,36,54860,434.528,1980
262525059373933,83,41,54860,412.451,1980
262525109601180,83,41,54860,412.451,1980
262525159712434,83,41,54860,386.346,1980
262525209861573,83,41,54860,386.346,1980
262525260002392,100,49,54860,370.958,1980
262525310128493,100,49,54860,370.958,1980
262525364045448,100,49,54860,339.82,1980
262525414158595,100,50,54860,322.39,1980
262525464307281,100,50,54860,322.39,1980
262525514431794,100,50,54860,364.879,1980
262525564539281,100,50,54860,364.879,1980
262525614655471,98,49,54860,406.408,1980
262525664760370,98,49,54860,406.408,1980
262525714870723,98,49,54860,438.721,1980
262525764982386,98,49,54860,438.721,1980
262525815094516,91,48,54860,460.403,1980
262525865197121,91,48,54860,460.403,1980
262525915301133,91,48,54860,480.628,1980
262525965410054,91,48,54860,480.628,1980
262526015522481,96,54,54860,505.467,1980
262526065623205,96,54,54860,505.467,1980
262526115725873,96,54,54860,522.173,1980
262526165837955,96,54,54860,522.173,1980
262526215943721,97,52,54860,546.727,1980
262526266057145,97,52,54860,546.727,1980
262526316164031,97,52,54860,571.348,1980
262526366264306,97,52,54860,571.348,1980
262526416376263,98,55,54860,592.293,1980
262526466474553,98,55,54860,592.293,1980
262526516575542,98,55,54860,587.319,1980
262526566676047,98,55,54860,587.319,1980
262526616775177,96,53,54860,584.037,1980
262526667842884,96,53,54860,584.037,1980
262526718656162,96,53,54860,549.384,1980
262526769340497,96,53,54860,549.384,1980
262526820030727,2,2,54860,508.174,1980
262526870142839,2,2,54860,508.174,1980
262526921696027,2,2,54860,476.598,1980
262526971899443,2,2,54860,476.598,1980
262527022123053,73,35,54860,451.571,1980
262527072241716,73,35,54860,451.571,1980
262527122882877,73,35,54860,430.009,1980
262527174096586,73,35,54860,430.009,1980
262527225025442,76,38,54860,411.346,1980
262527275208126,76,38,54860,411.346,1980
262527325380884,76,38,54860,390.92,1980
262527375518050,76,38,54860,390.92,1980
262527425711628,95,46,54860,365.487,1980
262527475926974,95,46,54860,365.487,1980
262527526107320,95,46,54860,341.518,1980
262527576220681,95,46,54860,341.518,1980
262527626339747,100,50,54860,321.68,1980
262527676475577,100,50,54860,321.68,1980
262527726578444,100,50,54860,338.009,1980
262527776680114,100,50,54860,338.009,1980
262527826788641,98,49,54860,385.736,1980
262527876898939,98,49,54860,385.736,1980
262527930797248,98,49,54860,425.516,1980
262527980904675,98,49,54860,425.516,1980
262528031013277,91,44,54860,446.92,1980
262528081121159,91,44,54860,446.92,1980
262528131223544,91,44,54860,473.924,1980
262528181350149,91,44,54860,473.924,1980
262528231462515,98,53,54860,497.119,1980
262528281564025,98,53,54860,497.119,1980
262528331674778,98,53,54860,516.801,1980
262528381778735,98,53,54860,516.801,1980
262528431911975,95,53,54860,542.112,1980
262528482025245,95,53,54860,542.112,1980
262528532126068,95,53,54860,565.36,1980
262528582228158,95,53,54860,565.36,1980
262528632333085,96,55,54860,580.926,1980
262528682433865,96,55,54860,580.926,1980
262528732534144,96,55,54860,592.827,1980
262528782635549,96,55,54860,592.827,1980
262528832741459,96,53,54860,584.251,1980
262528882842689,96,53,54860,584.251,1980
262528932961202,96,53,54860,581.973,1980
262528983999804,96,53,54860,581.973,1980
262529034631006,93,62,54860,560.595,1980
262529085431533,93,62,54860,560.595,1980
262529136503845,93,62,54860,511.999,1980
262529188442881,93,62,54860,511.999,1980
262529238575447,2,2,54860,481.043,1980
262529290045374,2,2,54860,481.043,1980
262529340203748,2,2,54860,455.743,1980
262529390352727,2,2,54860,455.743,1980
262529440753087,75,37,54860,432.495,1980
262529490975803,75,37,54860,432.495,1980
262529541109226,75,37,54860,410.445,1980
262529591436567,75,37,54860,410.445,1980
262529641568162,87,43,54860,393.925,1980
262529692139447,87,43,54860,393.925,1980
262529742277788,87,43,54860,370.129,1980
262529792388354,87,43,54860,370.129,1980
262529842556820,100,49,54860,353.987,1980
262529893514845,100,49,54860,353.987,1980
262529943618621,100,49,54860,322.891,1980
262529993723288,100,49,54860,322.891,1980
262530043843778,79,39,54860,348.608,1980
262530093956413,79,39,54860,348.608,1980
262530144060002,79,39,54860,393.64,1980
262530194161787,79,39,54860,393.64,1980
262530244263886,98,48,54860,438.652,1980
262530294369297,98,48,54860,438.652,1980
262530344473224,98,48,54860,453.063,1980
262530394578230,98,48,54860,453.063,1980
262530444679223,91,49,54860,471.338,1980
262530494786196,91,49,54860,471.338,1980
262530544888103,91,49,54860,491.597,1980
262530595014874,91,49,54860,491.597,1980
262530645121175,96,53,54860,509.937,1980
262530695230201,96,53,54860,509.937,1980
262530745336373,96,53,54860,526.447,1980
262530795455763,96,53,54860,526.447,1980
262530845579147,96,53,54860,546.518,1980
262530895689133,96,53,54860,546.518,1980
262530945791364,96,53,54860,565.647,1980
262530995896330,96,53,54860,565.647,1980
262531045999359,98,56,54860,566.21,1980
262531096107495,98,56,54860,566.21,1980
262531146208427,98,56,54860,554.915,1980
262531196309418,98,56,54860,554.915,1980
262531246409588,96,53,54860,546.37,1980
262531297082821,96,53,54860,546.37,1980
262531348118622,96,53,54860,518.657,1980
262531398954710,96,53,54860,518.657,1980
262531449083447,2,2,54860,481.367,1980
262531499712009,2,2,54860,481.367,1980
262531551265986,2,2,54860,455.335,1980
262531601470593,2,2,54860,455.335,1980
262531653177939,72,34,54860,432.359,1980
262531703287867,72,34,54860,432.359,1980
262531753406280,72,34,54860,408.148,1980
262531803547776,72,34,54860,408.148,1980
262531853749501,81,39,54860,387.96,1980
262531904259509,81,39,54860,387.96,1980
262531954403579,81,39,54860,373.204,1980
262532004985636,81,39,54860,373.204,1980
262532055093943,99,49,54860,354.591,1980
262532105198992,99,49,54860,354.591,1980
262532155346117,99,49,54860,330.865,1980
262532205479324,99,49,54860,330.865,1980
262532255588671,100,50,54860,307.592,1980
262532305693478,100,50,54860,307.592,1980
262532355807234,100,50,54860,344.412,1980
262532405910871,100,50,54860,344.412,1980
262532456016515,98,49,54860,385.938,1980
262532506136840,98,49,54860,385.938,1980
262532556249458,98,49,54860,421.305,1980
262532606352114,98,49,54860,421.305,1980
262532656460587,91,48,54860,447.474,1980
262532706564736,91,48,54860,447.474,1980
262532756684531,91,48,54860,467.407,1980
262532806790421,91,48,54860,467.407,1980
262532856900912,97,52,54860,485.775,1980
262532907007965,97,52,54860,485.775,1980
262532957108952,97,52,54860,506.365,1980
262533007208954,97,52,54860,506.365,1980
262533057312932,98,55,54860,521.835,1980
262533107440299,98,55,54860,521.835,1980
262533157548116,98,55,54860,542.569,1980
262533207681927,98,55,54860,542.569,1980
262533257783091,96,54,54860,573.067,1980
262533307890406,96,54,54860,573.067,1980
262533357995029,96,54,54860,565.907,1980
262533408106627,96,54,54860,565.907,1980
262533458228977,97,53,54860,556.718,1980
262533508949989,97,53,54860,556.718,1980
262533559908395,97,53,54860,541.167,1980
262533610688872,97,53,54860,541.167,1980
262533661549369,23,23,54860,501.086,1980
262533713428092,23,23,54860,501.086,1980
262533763537304,23,23,54860,463.647,1980
262533813676733,23,23,54860,463.647,1980
262533864779508,46,22,54860,441.533,1980
262533916378759,46,22,54860,421.09,1980
262533966813174,46,22,54860,421.09,1980
262534016946863,76,38,54860,405.816,1980
262534067072700,76,38,54860,405.816,1980
262534117208117,76,38,54860,381.015,1980
262534167362509,76,38,54860,381.015,1980
262534217484461,84,41,54860,364.93,1980
262534268470084,84,41,54860,364.93,1980
262534318913271,84,41,54860,348.621,1980
262534369073592,84,41,54860,348.621,1980
262534419220776,100,49,54860,325.347,1980
262534470566882,100,49,54860,325.347,1980
262534520689832,100,49,54860,314.317,1980
262534570816800,100,49,54860,314.317,1980
262534620935193,76,38,54860,362.542,1980
262534671047341,76,38,54860,362.542,1980
262534721162127,76,38,54860,403.505,1980
262534771272758,76,38,54860,403.505,1980
262534821379919,98,49,54860,431.037,1980
262534871490015,98,49,54860,431.037,1980
262534921630459,98,49,54860,455.425,1980
262534971755138,98,49,54860,455.425,1980
262535021861297,96,51,54860,478.901,1980
262535071972899,96,51,54860,478.901,1980
262535122083280,96,51,54860,500.936,1980
262535172203797,96,51,54860,500.936,1980
262535222310026,96,55,54860,526.09,1980
262535272881798,96,55,54860,526.09,1980
262535323142330,96,55,54860,545.229,1980
262535373255535,96,55,54860,545.229,1980
262535423359957,95,54,54860,560.191,1980
262535473471996,95,54,54860,560.191,1980
262535523580776,95,54,54860,586.826,1980
262535573691775,95,54,54860,586.826,1980
262535623798508,97,52,54860,581.19,1980
262535673901506,97,52,54860,581.19,1980
262535724008132,97,52,54860,577.008,1980
262535774111343,97,52,54860,577.008,1980
262535825247505,98,55,54860,567.383,1980
262535876163555,98,55,54860,567.383,1980
262535926930409,98,55,54860,524.53,1980
262535977838406,98,55,54860,524.53,1980
262536030688324,2,2,54860,483.443,1980
262536080795679,2,2,54860,483.443,1980
262536130984860,2,2,54860,453.252,1980
262536182754578,2,2,54860,453.252,1980
262536233913852,74,36,54860,433.232,1980
262536284910246,74,36,54860,433.232,1980
262536335192451,74,36,54860,408.011,1980
262536385346127,74,36,54860,408.011,1980
262536435543664,81,39,54860,392.237,1980
262536485708048,81,39,54860,392.237,1980
262536536319990,81,39,54860,376.4,1980
262536586715188,81,39,54860,376.4,1980
262536636911843,99,49,54860,351.975,1980
262536687021729,99,49,54860,351.975,1980
262536737154542,99,49,54860,334.748,1980
262536787302435,99,49,54860,334.748,1980
262536837424503,100,50,54860,313.142,1980
262536887529754,100,50,54860,313.142,1980
262536937637454,100,50,54860,360.053,1980
262536987743981,100,50,54860,360.053,1980
262537037855610,98,53,54860,413.446,1980
262537087959464,98,53,54860,413.446,1980
262537138075771,98,53,54860,445.589,1980
262537188194003,98,53,54860,445.589,1980
262537238327356,89,51,54860,467.799,1980
262537288436744,89,51,54860,467.799,1980
262537338552813,89,51,54860,491.376,1980
262537388658666,89,51,54860,491.376,1980
262537438760749,98,59,54860,512.105,1980
262537488864638,98,59,54860,512.105,1980
262537538971223,98,59,54860,533.23,1980
262537589072136,98,59,54860,533.23,1980
262537639174146,96,57,54860,562.344,1980
262537689278431,96,57,54860,562.344,1980
262537739382943,96,57,54860,586.967,1980
262537789486709,96,57,54860,586.967,1980
262537839588913,96,58,54860,612.373,1980
262537889691537,96,58,54860,612.373,1980
262537939789832,96,58,54860,606.895,1980
262537989891510,96,58,54860,606.895,1980
262538039992619,96,57,54860,602.53,1980
262538090093752,96,57,54860,602.53,1980
262538140211811,96,57,54860,597.943,1980
262538190409320,96,57,54860,597.943,1980
262538241060890,96,62,54860,579.929,1980
262538292052380,96,62,54860,579.929,1980
262538342644383,96,62,54860,536.683,1980
262538395754230,96,62,54860,536.683,1980
262538446447742,2,2,54860,496.445,1980
262538496568069,2,2,54860,496.445,1980
262538548158175,2,2,54860,470.804,1980
262538598272736,2,2,54860,470.804,1980
262538648413007,74,36,54860,447.187,1980
262538699164200,74,36,54860,447.187,1980
262538749980387,74,36,54860,424.9,1980
262538800125403,74,36,54860,424.9,1980
262538850275098,92,45,54860,403.031,1980
262538900730700,92,45,54860,403.031,1980
262538951550550,92,45,54860,377.689,1980
262539001665875,92,45,54860,377.689,1980
262539051841313,100,50,54860,346.814,1980
262539112827809,100,50,54860,346.814,1980
262539162942441,100,50,54860,321.486,1980
262539213054604,100,50,54860,321.486,1980
262539263184790,73,36,54860,331.066,1980
262539313294842,73,36,54860,331.066,1980
262539363404951,73,36,54860,381.978,1980
262539413516933,73,36,54860,381.978,1980
262539463620369,98,49,54860,424.295,1980
262539513722274,98,49,54860,424.295,1980
262539563823633,98,49,54860,449.565,1980
262539613925131,98,49,54860,449.565,1980
262539664028340,97,50,54860,470.693,1980
262539714128805,97,50,54860,470.693,1980
262539764230767,97,50,54860,489.691,1980
262539814337220,97,50,54860,489.691,1980
262539864436234,97,56,54860,509.673,1980
262539914538046,97,56,54860,509.673,1980
262539964644092,97,56,54860,525.726,1980
262540014750117,97,56,54860,525.726,1980
262540064850325,96,54,54860,549.186,1980
262540114952524,96,54,54860,549.186,1980
262540165067891,96,54,54860,573.546,1980
262540215169066,96,54,54860,573.546,1980
262540265274849,96,54,54860,585.64,1980
262540315374187,96,54,54860,585.64,1980
262540365506053,96,54,54860,575.973,1980
262540416119557,96,54,54860,575.973,1980
262540466879913,94,61,54860,552.474,1980
262540518213251,94,61,54860,510.511,1980
262540568607812,94,61,54860,510.511,1980
262540619685378,2,2,54860,470.806,1980
262540669817875,2,2,54860,470.806,1980
262540721449558,2,2,54860,448.586,1980
262540771560863,2,2,54860,448.586,1980
262540822886913,75,37,54860,429.043,1980
262540874070463,75,37,54860,429.043,1980
262540924557654,75,37,54860,410.289,1980
262540974740215,75,37,54860,410.289,1980
262541024909655,87,43,54860,389.35,1980
262541075066584,87,43,54860,389.35,1980
262541125187747,87,43,54860,368.555,1980
262541175345356,87,43,54860,368.555,1980
262541225509319,100,49,54860,343.521,1980
262541275642709,100,49,54860,343.521,1980
262541326344408,100,49,54860,324.08,1980
262541376464588,100,49,54860,324.08,1980
262541426579635,81,40,54860,329.815,1980
262541476687203,81,40,54860,329.815,1980
262541526789813,81,40,54860,372.001,1980
262541576891641,81,40,54860,372.001,1980
262541626994633,98,50,54860,419.909,1980
262541677099524,98,50,54860,419.909,1980
262541727199802,98,50,54860,442.682,1980
262541777300086,98,50,54860,442.682,1980
262541827406942,95,51,54860,464.922,1980
262541877522025,95,51,54860,464.922,1980
262541927627631,95,51,54860,484.114,1980
262541977729392,95,51,54860,484.114,1980
262542027843579,95,54,54860,505.339,1980
262542077976974,95,54,54860,505.339,1980
262542128088022,95,54,54860,527.528,1980
262542178192202,95,54,54860,527.528,1980
262542228291797,95,53,54860,547.878,1980
262542278392792,95,53,54860,547.878,1980
262542328499351,95,53,54860,569.434,1980
262542378620476,95,53,54860,569.434,1980
262542428722075,98,56,54860,571.561,1980
262542478832141,98,56,54860,571.561,1980
262542528932367,98,56,54860,565.14,1980
262542579036777,98,56,54860,565.14,1980
262542630961714,95,54,54860,558.723,1980
262542681793236,95,54,54860,558.723,1980
262542732765558,95,54,54860,518.632,1980
262542783653307,95,54,54860,518.632,1980
262542843603348,2,2,54860,475.235,1980
262542893731476,2,2,54860,475.235,1980
262542943876534,2,2,54860,450.057,1980
262542995052432,2,2,54860,450.057,1980
262543045203374,72,35,54860,429.722,1980
262543096732500,72,35,54860,429.722,1980
262543148463296,72,35,54860,411.138,1980
262543199551918,72,35,54860,411.138,1980
262543250695393,75,38,54860,392.955,1980
262543301682461,75,38,54860,392.955,1980
262543351798009,75,38,54860,371.257,1980
262543401919430,75,38,54860,371.257,1980
262543452138263,96,47,54860,359.269,1980
262543502355248,96,47,54860,359.269,1980
262543552849965,96,47,54860,336.137,1980
262543609753408,96,47,54860,336.137,1980
262543659858164,100,50,54860,309.548,1980
262543709960191,100,50,54860,309.548,1980
262543760061406,100,50,54860,338.783,1980
262543810167973,100,50,54860,338.783,1980
262543860276898,98,51,54860,397.656,1980
262543910395142,98,51,54860,397.656,1980
262543960519966,98,51,54860,427.83,1980
262544010628179,98,51,54860,427.83,1980
262544060735679,91,46,54860,451.068,1980
262544110843088,91,46,54860,451.068,1980
262544160943778,91,46,54860,474.637,1980
262544211050511,91,46,54860,474.637,1980
262544261155140,95,54,54860,492.627,1980
262544311256584,95,54,54860,492.627,1980
262544361358165,95,54,54860,509.777,1980
262544411462229,95,54,54860,509.777,1980
262544461562005,97,53,54860,530.276,1980
262544511671607,97,53,54860,530.276,1980
262544561771609,97,53,54860,560.32,1980
262544611873007,97,53,54860,560.32,1980
262544661975712,98,55,54860,583.105,1980
262544712087375,98,55,54860,583.105,1980
262544762190801,98,55,54860,579.489,1980
262544812295492,98,55,54860,579.489,1980
262544862403756,96,54,54860,576.84,1980
262544912504566,96,54,54860,576.84,1980
262544962634986,96,54,54860,572.3,1980
262545012742086,96,54,54860,572.3,1980
262545063786550,98,56,54860,556.269,1980
262545114758712,98,56,54860,556.269,1980
262545165419381,98,56,54860,510.835,1980
262545217250516,98,56,54860,510.835,1980
262545267452269,2,2,54860,476.812,1980
262545318953582,2,2,54860,476.812,1980
262545369110300,2,2,54860,452.333,1980
262545420828292,2,2,54860,430.205,1980
262545471334254,73,36,54860,430.205,1980
262545522485473,73,36,54860,410.832,1980
262545572724855,73,36,54860,410.832,1980
262545622839562,79,39,54860,392.389,1980
262545673818648,79,39,54860,392.389,1980
262545724490918,79,39,54860,369.531,1980
262545774694592,79,39,54860,369.531,1980
262545825064815,99,49,54860,346.255,1980
262545875657172,99,49,54860,346.255,1980
262545925778669,99,49,54860,324.021,1980
262545975907585,99,49,54860,324.021,1980
262546026039090,99,50,54860,326.247,1980
262546076158017,99,50,54860,326.247,1980
262546126269486,99,50,54860,372.391,1980
262546176386978,99,50,54860,372.391,1980
262546226491590,98,48,54860,419.969,1980
262546276605531,98,48,54860,419.969,1980
262546326714053,98,48,54860,443.154,1980
262546376830554,98,48,54860,443.154,1980
262546426941722,90,47,54860,464.601,1980
262546477047875,90,47,54860,464.601,1980
262546527161966,90,47,54860,485.856,1980
262546577269311,90,47,54860,485.856,1980
262546627380612,97,52,54860,507.242,1980
262546677488768,97,52,54860,507.242,1980
262546727594525,97,52,54860,526.431,1980
262546777696020,97,52,54860,526.431,1980
262546827806870,98,54,54860,548.703,1980
262546877907348,98,54,54860,548.703,1980
262546928016229,98,54,54860,570.307,1980
262546978121050,98,54,54860,570.307,1980
262547028242673,95,53,54860,583.716,1980
262547078352063,95,53,54860,583.716,1980
262547128454310,95,53,54860,576.154,1980
262547178559173,95,53,54860,576.154,1980
262547228660902,95,55,54860,572.311,1980
262547278762392,95,55,54860,572.311,1980
262547329608333,95,55,54860,559.215,1980
262547380634723,95,55,54860,559.215,1980
262547431516516,41,35,54860,519.251,1980
262547482104544,41,35,54860,519.251,1980
262547532246702,41,35,54860,479.097,1980
262547582367888,41,35,54860,479.097,1980
262547633854071,27,13,54860,453.007,1980
262547684003946,27,13,54860,453.007,1980
262547735513928,27,13,54860,432.196,1980
262547787601671,27,13,54860,432.196,1980
262547837795987,75,37,54860,410.042,1980
262547888876877,75,37,54860,410.042,1980
262547939662706,75,37,54860,394.703,1980
262547989814553,75,37,54860,394.703,1980
262548039957988,93,46,54860,372.67,1980
262548090175320,93,46,54860,372.67,1980
262548140282084,93,46,54860,348.574,1980
262548190408003,93,46,54860,348.574,1980
262548240518528,100,50,54860,329.958,1980
262548290630076,100,50,54860,329.958,1980
262548340771873,100,50,54860,340.03,1980
262548390880457,100,50,54860,340.03,1980
262548441017324,98,47,54860,379.472,1980
262548491129003,98,47,54860,379.472,1980
262548541244455,98,47,54860,420.074,1980
262548591353192,98,47,54860,420.074,1980
262548641455179,87,45,54860,438.426,1980
262548691569342,87,45,54860,438.426,1980
262548741671592,87,45,54860,456.69,1980
262548791773368,87,45,54860,456.69,1980
262548841874769,96,51,54860,478.72,1980
262548891976982,96,51,54860,478.72,1980
262548942080506,96,51,54860,495.264,1980
262548992189726,96,51,54860,495.264,1980
262549042293753,96,52,54860,511.676,1980
262549092397047,96,52,54860,511.676,1980
262549142498675,96,52,54860,534.673,1980
262549192611173,96,52,54860,534.673,1980
262549242713927,96,52,54860,555.526,1980
262549292815052,96,52,54860,555.526,1980
262549343375362,96,52,54860,547.351,1980
262549394277779,96,52,54860,547.351,1980
262549445314791,59,44,54860,504.293,1980
262549496271585,59,44,54860,504.293,1980
262549547217193,59,44,54860,466.426,1980
262549597400370,59,44,54860,466.426,1980
262549649009100,18,9,54860,449.136,1980
262549699116439,18,9,54860,449.136,1980
262549749257514,18,9,54860,431.069,1980
262549800666886,18,9,54860,431.069,1980
262549850783438,74,36,54860,411.618,1980
262549902036426,74,36,54860,411.618,1980
262549952140015,74,36,54860,388.377,1980
262550002279726,74,36,54860,388.377,1980
262550052464041,83,41,54860,372.262,1980
262550102613703,83,41,54860,372.262,1980
262550152733303,83,41,54860,361.247,1980
262550203258282,83,41,54860,361.247,1980
262550253369589,99,49,54860,340.918,1980
262550312866265,99,49,54860,340.918,1980
262550363009069,99,49,54860,318.063,1980
262550413130247,99,49,54860,318.063,1980
262550463249854,78,38,54860,358.457,1980
262550513355474,78,38,54860,358.457,1980
262550563467691,78,38,54860,405.354,1980
262550613572288,78,38,54860,405.354,1980
262550663685069,98,48,54860,434.294,1980
262550713789625,98,48,54860,434.294,1980
262550763894412,98,48,54860,454.794,1980
262550813998603,98,48,54860,454.794,1980
262550864115256,96,51,54860,476.655,1980
262550914221361,96,51,54860,476.655,1980
262550964425482,96,51,54860,497.932,1980
262551014529261,96,51,54860,497.932,1980
262551064634901,98,54,54860,514.465,1980
262551114738196,98,54,54860,514.465,1980
262551164842936,98,54,54860,534.336,1980
262551214950864,98,54,54860,534.336,1980
262551265058220,96,54,54860,560.407,1980
262551315159598,96,54,54860,560.407,1980
262551365260731,96,54,54860,584.074,1980
262551415361393,96,54,54860,584.074,1980
262551465462903,97,52,54860,582.632,1980
262551515564445,97,52,54860,582.632,1980
262551565668744,97,52,54860,579.226,1980
262551616609445,97,52,54860,579.226,1980
262551667331878,99,55,54860,559.014,1980
262551718388310,99,55,54860,559.014,1980
262551769078440,99,55,54860,521.014,1980
262551820787541,99,55,54860,521.014,1980
262551870902322,2,2,54860,484.684,1980
262551921051939,2,2,54860,484.684,1980
262551972366322,2,2,54860,462.733,1980
262552022693271,2,2,54860,462.733,1980
262552074212066,73,36,54860,440.322,1980
262552124400867,73,36,54860,420.47,1980
262552175510262,73,36,54860,420.47,1980
262552226393165,80,39,54860,393.786,1980
262552277098376,80,39,54860,393.786,1980
262552327236694,80,39,54860,376.428,1980
262552377412565,80,39,54860,376.428,1980
262552427848533,100,49,54860,354.257,1980
262552477964615,100,49,54860,354.257,1980
262552528102517,100,49,54860,326.547,1980
262552578275436,100,49,54860,326.547,1980
262552628391736,100,50,54860,327.366,1980
262552678495198,100,50,54860,327.366,1980
262552728616065,100,50,54860,370.487,1980
262552778723151,100,50,54860,370.487,1980
262552828827325,98,50,54860,416.712,1980
262552878931487,98,50,54860,416.712,1980
262552929044992,98,50,54860,445.612,1980
262552979146159,98,50,54860,445.612,1980
262553030476213,90,49,54860,468.117,1980
262553080606449,90,49,54860,468.117,1980
262553130710532,90,49,54860,492.788,1980
262553180812683,90,49,54860,492.788,1980
262553230916690,97,53,54860,511.414,1980
262553281050734,97,53,54860,511.414,1980
262553331163975,97,53,54860,534.497,1980
262553381264837,97,53,54860,534.497,1980
262553431366142,96,54,54860,555.375,1980
262553481475507,96,54,54860,555.375,1980
262553531582531,96,54,54860,583.384,1980
262553581690180,96,54,54860,583.384,1980
262553631793197,97,53,54860,599.615,1980
262553681895007,97,53,54860,599.615,1980
262553731998644,97,53,54860,597.113,1980
262553782111084,97,53,54860,597.113,1980
262553832213786,99,55,54860,595.309,1980
262553882320461,99,55,54860,595.309,1980
262553934008697,99,55,54860,587.101,1980
262553984760730,99,55,54860,587.101,1980
262554035777169,61,45,54860,546.019,1980
262554086558616,61,45,54860,546.019,1980
262554136690016,61,45,54860,502.481,1980
262554186810521,61,45,54860,502.481,1980
262554238380700,13,6,54860,476.58,1980
262554288553048,13,6,54860,476.58,1980
262554340170690,13,6,54860,448.688,1980
262554391156013,13,6,54860,448.688,1980
262554441879521,75,37,54860,426.241,1980
262554492354158,75,37,54860,426.241,1980
262554543387771,75,37,54860,405.203,1980
262554593992440,75,37,54860,405.203,1980
262554644144211,88,43,54860,386.554,1980
262554694335966,88,43,54860,386.554,1980
262554744595837,88,43,54860,364.003,1980
262554794746592,88,43,54860,364.003,1980
262554844891858,100,49,54860,338.679,1980
262554895089548,100,49,54860,338.679,1980
262554945213018,100,49,54860,315.472,1980
262554995380431,100,49,54860,315.472,1980
262555045485245,80,40,54860,354.465,1980
262555095594481,80,40,54860,354.465,1980
262555145700827,80,40,54860,405.413,1980
262555197396482,80,40,54860,405.413,1980
262555247505375,99,49,54860,430.553,1980
262555297607632,99,49,54860,430.553,1980
262555347723549,99,49,54860,452.19,1980
262555397827364,99,49,54860,452.19,1980
262555447935054,97,50,54860,476.065,1980
262555498037122,97,50,54860,476.065,1980
262555548138514,97,50,54860,494.916,1980
262555598237426,97,50,54860,494.916,1980
262555648343963,98,55,54860,517.978,1980
262555698453959,98,55,54860,517.978,1980
262555748554881,98,55,54860,538.801,1980
262555798651353,98,55,54860,538.801,1980
262555848753496,96,54,54860,564.45,1980
262555898860700,96,54,54860,564.45,1980
262555948963180,96,54,54860,589.107,1980
262555999067027,96,54,54860,589.107,1980
262556050071165,97,52,54860,585.036,1980
262556100172409,97,52,54860,585.036,1980
262556150272276,97,52,54860,579.643,1980
262556200374856,97,52,54860,579.643,1980
262556251133007,98,54,54860,569.656,1980
262556301870350,98,54,54860,569.656,1980
262556352830372,98,54,54860,527.889,1980
262556403102943,98,54,54860,527.889,1980
262556453587430,2,2,54860,484.843,1980
262556503738270,2,2,54860,484.843,1980
262556553904235,2,2,54860,462.585,1980
262556604806052,2,2,54860,462.585,1980
262556654929334,74,36,54860,439.662,1980
262556705180876,74,36,54860,439.662,1980
262556756660346,74,36,54860,415.994,1980
262556806776555,74,36,54860,415.994,1980
262556856980018,77,38,54860,398.069,1980
262556907704940,77,38,54860,398.069,1980
262556957826401,77,38,54860,374.42,1980
262557007935918,77,38,54860,374.42,1980
262557058077144,95,46,54860,352.556,1980
262557108218929,95,46,54860,352.556,1980
262557158603870,95,46,54860,335.419,1980
262557208729306,95,46,54860,335.419,1980
262557259615021,100,50,54860,314.122,1980
262557309732478,100,50,54860,314.122,1980
262557359841733,100,50,54860,361.912,1980
262557409946439,100,50,54860,361.912,1980
262557460053523,98,51,54860,411.651,1980
262557510160819,98,51,54860,411.651,1980
262557560269386,98,51,54860,446.15,1950
262557610377846,98,51,54860,446.15,1950
262557660486531,90,48,54860,472.926,1965
262557710591036,90,48,54860,472.926,1965
262557760701926,90,48,54860,492.745,1965
262557810814341,90,48,54860,492.745,1965
262557860921543,96,56,54860,512.446,1980
262557911034215,96,56,54860,512.446,1980
262557961144352,96,56,54860,528.941,1980
262558011261935,96,56,54860,528.941,1980
262558061364120,95,54,54860,550.359,1980
262558111465660,95,54,54860,550.359,1980
262558161570758,95,54,54860,576.682,1980
262558211672694,95,54,54860,576.682,1980
262558261777906,97,53,54860,600.279,1980
262558311881347,97,53,54860,600.279,1980
262558361986845,97,53,54860,590.315,1980
262558412089533,97,53,54860,590.315,1980
262558462196835,96,54,54860,584.438,1980
262558512302060,96,54,54860,584.438,1980
262558563076933,96,54,54860,576.115,1980
262558613843530,96,54,54860,576.115,1980
262558664767649,75,53,54860,536.278,1980
262558715621555,75,53,54860,536.278,1980
262558766036283,75,53,54860,493.924,1980
262558817148510,75,53,54860,493.924,1980
262558867307789,2,1,54860,469.236,1980
262558918559522,2,1,54860,469.236,1980
262558968711067,2,1,54860,447.554,1980
262559019035524,2,1,54860,447.554,1980
262559070019829,73,36,54860,423.599,1980
262559120139091,73,36,54860,423.599,1980
262559170824299,73,36,54860,402.665,1980
262559221290462,73,36,54860,402.665,1980
262559271394762,90,44,54860,382.291,1980
262559321499847,90,44,54860,382.291,1980
262559371607823,90,44,54860,356.97,1980
262559421718430,90,44,54860,356.97,1980
262559471891582,100,50,54860,336.266,1980
262559522028987,100,50,54860,336.266,1980
262559572137037,100,50,54860,305.772,1980
262559622246789,100,50,54860,305.772,1980
262559672355407,78,38,54860,345.169,1980
262559722460344,78,38,54860,345.169,1980
262559772569081,78,38,54860,393.514,1980
262559822678308,78,38,54860,393.514,1980
262559872783118,98,48,54860,429.87,1980
262559922891181,98,48,54860,429.87,1980
262559972992576,98,48,54860,453.778,1980
262560023100245,98,48,54860,453.778,1980
262560073203210,96,51,54860,472.268,1980
262560123308948,96,51,54860,472.268,1980
262560173410634,96,51,54860,491.961,1980
262560223516244,96,51,54860,491.961,1980
262560273628796,96,54,54860,508.931,1980
262560323736296,96,54,54860,508.931,1980
262560373840704,96,54,54860,533.166,1980
262560423946683,96,54,54860,533.166,1980
262560474047353,97,53,54860,556.901,1980
262560524148813,97,53,54860,556.901,1980
262560574250360,97,53,54860,577.512,1980
262560624354799,97,53,54860,577.512,1980
262560674457627,96,54,54860,573.506,1980
262560725418711,96,54,54860,573.506,1980
262560775522424,96,54,54860,567.721,1980
262560826161896,96,54,54860,567.721,1980
262560876903854,92,61,54860,532.248,1980
262560927628702,92,61,54860,532.248,1980
262560977762380,92,61,54860,492.687,1980
262561027892229,92,61,54860,492.687,1980
262561079350534,2,2,54860,462.138,1980
262561129525969,2,2,54860,462.138,1980
262561180656758,2,2,54860,443.582,1980
262561231137997,2,2,54860,443.582,1980
262561281278534,74,37,54860,422.485,1980
262561332591701,74,37,54860,402.15,1980
262561382733279,74,37,54860,402.15,1980
262561432854000,84,41,54860,387.113,1980
262561482975957,84,41,54860,387.113,1980
262561533116650,84,41,54860,368.506,1980
262561583229117,84,41,54860,368.506,1980
262561633498953,100,50,54860,345.228,1980
262561683827377,100,50,54860,345.228,1980
262561733940812,100,50,54860,318.679,1980
262561784052100,100,50,54860,318.679,1980
262561834191565,81,41,54860,346.36,1980
262561884312635,81,41,54860,346.36,1980
262561934417307,81,41,54860,395.822,1980
262561984533374,81,41,54860,395.822,1980
262562034640506,98,49,54860,427.953,1980
262562084756498,98,49,54860,427.953,1980
262562134871929,98,49,54860,451.058,1980
262562184974247,98,49,54860,451.058,1980
262562235078374,97,50,54860,473.077,1980
262562285181954,97,50,54860,473.077,1980
262562335284118,97,50,54860,492.987,1980
262562385418713,97,50,54860,492.987,1980
262562435532270,98,54,54860,513.352,1980
262562485633660,98,54,54860,513.352,1980
262562535734909,98,54,54860,537.62,1980
262562585841536,98,54,54860,537.62,1980
262562635944695,96,53,54860,558.173,1980
262562686053554,96,53,54860,558.173,1980
262562736168127,96,53,54860,585.957,1980
262562786270618,96,53,54860,585.957,1980
262562836373777,97,53,54860,580.149,1980
262562886475628,97,53,54860,580.149,1980
262562936581986,97,53,54860,574.816,1980
262562986683335,97,53,54860,574.816,1980
262563037423052,97,53,54860,564.536,1980
262563088481617,97,53,54860,564.536,1980
262563139415986,97,53,54860,521.499,1980
262563190088347,97,53,54860,521.499,1980
262563241165210,2,2,54860,478.498,1980
262563291311114,2,2,54860,478.498,1980
262563342979442,2,2,54860,458.025,1980
262563394969957,2,2,54860,458.025,1980
262563445382960,74,36,54860,433.326,1980
262563496016057,74,36,54860,433.326,1980
262563546316557,74,36,54860,411.872,1980
262563597356386,74,36,54860,411.872,1980
262563647539765,85,42,54860,394.296,1980
262563697714858,85,42,54860,394.296,1980
262563747859273,85,42,54860,370.451,1980
262563798421594,85,42,54860,370.451,1980
262563848771537,98,48,54860,355.411,1980
262563898879110,98,48,54860,355.411,1980
262563948983281,98,48,54860,332.748,1980
262563999105299,98,48,54860,332.748,1980
262564049212961,100,50,54860,321.907,1980
262564099318000,100,50,54860,321.907,1980
262564149420676,100,50,54860,366.446,1980
262564199529007,100,50,54860,366.446,1980
262564249630892,98,50,54860,417.544,1980
262564299744309,98,50,54860,417.544,1980
262564349853553,98,50,54860,442.758,1980
262564399956229,98,50,54860,442.758,1980
262564450059624,90,48,54860,463.884,1980
262564500161711,90,48,54860,463.884,1980
262564550266513,90,48,54860,482.441,1980
262564600378518,90,48,54860,482.441,1980
262564650480075,97,53,54860,504.225,1980
262564700584821,97,53,54860,504.225,1980
262564750686325,97,53,54860,519.757,1980
262564800813731,97,53,54860,519.757,1980
262564850916671,96,53,54860,541.711,1980
262564901040827,96,53,54860,541.711,1980
262564951147472,96,53,54860,557.381,1980
262565001253584,96,53,54860,557.381,1980
262565051359704,96,54,54860,581.034,1980
262565101465193,96,54,54860,581.034,1980
262565151573342,96,54,54860,573.76,1980
262565201679349,96,54,54860,573.76,1980
262565251782008,96,55,54860,568.29,1980
262565303196890,96,55,54860,568.29,1980
262565354094005,96,55,54860,555.745,1980
262565404803590,96,55,54860,555.745,1980
262565455764523,41,35,54860,514.456,1980
262565506537608,41,35,54860,514.456,1980
262565558154316,41,35,54860,476.969,1980
262565608260761,41,35,54860,476.969,1980
262565659547168,32,16,54860,456.905,1980
262565709695185,32,16,54860,456.905,1980
262565760304402,32,16,54860,438.569,1980
262565810412803,32,16,54860,438.569,1980
262565860808258,76,37,54860,418.867,1980
262565911272700,76,37,54860,418.867,1980
262565961498717,76,37,54860,397.076,1980
262566012436790,76,37,54860,397.076,1980
262566063421002,86,43,54860,379.728,1980
262566114163093,86,43,54860,379.728,1980
262566164306852,86,43,54860,360.544,1980
262566214424163,86,43,54860,360.544,1980
262566264529967,100,49,54860,335.945,1980
262566314634580,100,49,54860,335.945,1980
262566364739484,100,49,54860,328.954,1980
262566414841832,100,49,54860,328.954,1980
262566464949302,77,38,54860,373.716,1980
262566515054056,77,38,54860,373.716,1980
262566565161450,77,38,54860,420.106,1980
262566615265764,77,38,54860,420.106,1980
262566665372151,98,49,54860,446.132,1980
262566715480656,98,49,54860,446.132,1980
262566765586409,98,49,54860,467.654,1980
262566815688920,98,49,54860,467.654,1980
262566865792486,96,52,54860,488.07,1980
262566915894941,96,52,54860,488.07,1980
262566965996396,96,52,54860,504.466,1980
262567016101709,96,52,54860,504.466,1980
262567066214223,96,54,54860,526.366,1980
262567116322273,96,54,54860,526.366,1980
262567166424067,96,54,54860,545.262,1980
262567216529555,96,54,54860,545.262,1980
262567266635047,96,53,54860,567.329,1980
262567316752959,96,53,54860,567.329,1980
262567366862060,96,53,54860,585.664,1980
262567416972442,96,53,54860,585.664,1980
262567467077755,95,53,54860,579.854,1980
262567517195945,95,53,54860,579.854,1980
262567567314818,95,53,54860,572.501,1980
262567618408830,95,53,54860,572.501,1980
262567669500027,95,58,54860,548.295,1980
262567720331323,95,58,54860,548.295,1980
262567771367931,95,58,54860,506.152,1980
262567821765456,95,58,54860,506.152,1980
262567871923469,2,2,54860,471.519,1980
262567923543995,2,2,54860,471.519,1980
262567973672121,2,2,54860,450.077,1980
262568024291860,2,2,54860,450.077,1980
262568074995042,74,36,54860,429.246,1980
262568125154687,74,36,54860,429.246,1980
262568175262917,74,36,54860,411.602,1980
262568226035027,74,36,54860,411.602,1980
262568276356840,85,41,54860,386.947,1980
262568327290688,85,41,54860,386.947,1980
262568377487556,85,41,54860,367.286,1980
262568427619903,85,41,54860,367.286,1980
262568477742383,99,48,54860,348.949,1980
262568527901629,99,48,54860,348.949,1980
262568578023557,99,48,54860,326.363,1980
262568628141233,99,48,54860,326.363,1980
262568678262639,83,41,54860,334.73,1980
262568728374796,83,41,54860,334.73,1980
262568778483920,83,41,54860,384.565,1980
262568828585612,83,41,54860,384.565,1980
262568878688119,98,50,54860,422.971,1980
262568928790106,98,50,54860,422.971,1980
262568978894153,98,50,54860,449.531,1980
262569028998452,98,50,54860,449.531,1980
262569079111698,98,52,54860,470.406,1980
262569129214994,98,52,54860,470.406,1980
262569179322080,98,52,54860,489.415,1980
262569229426940,98,52,54860,489.415,1980
262569279525386,96,54,54860,505.034,1980
262569329631774,96,54,54860,505.034,1980
262569379742722,96,54,54860,527.313,1980
262569429871951,96,54,54860,527.313,1980
262569479993573,96,53,54860,548.453,1980
262569530110511,96,53,54860,548.453,1980
262569580219496,96,53,54860,570.033,1980
262569630334204,96,53,54860,570.033,1980
262569680455166,96,55,54860,588.562,1980
262569730570025,96,55,54860,588.562,1980
262569780676229,96,55,54860,582.188,1980
262569830861238,96,55,54860,582.188,1980
262569881939749,96,54,54860,567.589,1980
262569932719443,96,54,54860,567.589,1980
262569983471521,96,54,54860,523.468,1980
262570034889027,96,54,54860,523.468,1980
262570085014581,2,2,54860,482.453,1980
262570135175159,2,2,54860,482.453,1980
262570186578180,2,2,54860,462.004,1980
262570236691905,73,35,54860,439.666,1980
262570287022180,73,35,54860,439.666,1980
262570337197062,73,35,54860,414.043,1980
262570387586233,73,35,54860,414.043,1980
262570437744407,82,40,54860,397.544,1980
262570487907431,82,40,54860,397.544,1980
262570538388794,82,40,54860,374.967,1980
262570588788013,82,40,54860,374.967,1980
262570638910345,100,49,54860,355.421,1980
262570689028716,100,49,54860,355.421,1980
262570739158436,100,49,54860,333.346,1980
262570789264810,100,49,54860,333.346,1980
262570839372899,78,37,54860,347.653,1980
262570889499116,78,37,54860,347.653,1980
262570939623947,78,37,54860,387.371,1980
262570989733800,78,37,54860,387.371,1980
262571039844997,91,43,54860,430.937,1980
262571089952832,91,43,54860,430.937,1980
262571140061331,91,43,54860,452.44,1980
262571190162366,91,43,54860,452.44,1980
262571240265701,98,54,54860,474.247,1980
262571290367412,98,54,54860,474.247,1980
262571340470399,98,54,54860,492.342,1980
262571390586828,98,54,54860,492.342,1980
262571440694528,96,52,54860,512.226,1980
262571490798239,96,52,54860,512.226,1980
262571540901042,96,52,54860,529.034,1980
262571591007900,96,52,54860,529.034,1980
262571641110265,96,53,54860,551.711,1980
262571691235287,96,53,54860,551.711,1980
262571741336484,96,53,54860,566.454,1980
262571791436405,96,53,54860,566.454,1980
262571842305753,96,52,54860,559.053,1980
262571893304977,96,52,54860,559.053,1980
262571944332517,96,52,54860,522.428,1980
262571995392084,96,52,54860,522.428,1980
262572053300279,2,2,54860,484.979,1980
262572103434348,2,2,54860,484.979,1980
262572154910303,2,2,54860,452.604,1980
262572205220444,2,2,54860,452.604,1980
262572255375074,68,33,54860,434.21,1980
262572306668966,68,33,54860,434.21,1980
262572356816487,68,33,54860,411.467,1980
262572407598321,68,33,54860,411.467,1980
262572458541319,78,38,54860,397.481,1980
262572508981374,78,38,54860,397.481,1980
262572559181360,78,38,54860,373.338,1980
262572609370795,78,38,54860,373.338,1980
262572659497579,91,44,54860,356.649,1980
262572709630833,91,44,54860,356.649,1980
262572759804503,91,44,54860,335.197,1980
262572812002967,91,44,54860,335.197,1980
262572862109300,100,50,54860,313.468,1980
262572912221809,100,50,54860,313.468,1980
262572962331253,100,50,54860,343.255,1980
262573012438808,100,50,54860,343.255,1980
262573062552388,98,47,54860,394.099,1980
262573115150361,98,47,54860,394.099,1980
262573165255069,98,47,54860,426.416,1980
262573215361692,98,47,54860,426.416,1980
262573265463105,91,43,54860,445.021,1980
262573315565795,91,43,54860,445.021,1980
262573365699426,91,43,54860,468.61,1980
262573415809564,91,43,54860,468.61,1980
262573465916275,97,54,54860,485.632,1980
262573516020925,97,54,54860,485.632,1980
262573566123392,97,54,54860,506.487,1980
262573616230108,97,54,54860,506.487,1980
262573666347779,96,52,54860,525.012,1980
262573716513508,96,52,54860,525.012,1980
262573766628993,96,52,54860,542.271,1980
262573816731081,96,52,54860,542.271,1980
262573866833125,97,51,54860,564.624,1980
262573916934340,97,51,54860,564.624,1980
262573967054378,97,51,54860,565.765,1980
262574017164156,97,51,54860,565.765,1980
262574067267681,98,54,54860,557.991,1980
262574120403724,98,54,54860,557.991,1980
262574171155236,98,54,54860,548.246,1980
262574222036695,98,54,54860,548.246,1980
262574272962166,48,38,54860,509.359,1980
262574323101802,48,38,54860,509.359,1980
262574374338424,48,38,54860,469.105,1980
262574424446750,48,38,54860,469.105,1980
262574475952043,24,11,54860,444.92,1980
262574526401575,24,11,54860,444.92,1980
262574576575176,24,11,54860,424.079,1980
262574628129663,24,11,54860,424.079,1980
262574678291155,70,35,54860,406.517,1980
262574729262124,70,35,54860,406.517,1980
262574779569299,70,35,54860,384.929,1980
262574830156370,70,35,54860,384.929,1980
262574880328405,88,43,54860,366.054,1980
262574930434336,88,43,54860,366.054,1980
262574980581666,88,43,54860,353.639,1980
262575030698213,88,43,54860,353.639,1980
262575084082005,100,49,54860,332.673,1980
262575134186704,100,49,54860,332.673,1980
262575184293983,100,49,54860,314.902,1980
262575234401352,100,49,54860,314.902,1980
262575284515264,78,38,54860,364.674,1980
262575334621048,78,38,54860,364.674,1980
262575384722559,78,38,54860,411.412,1980
262575434840904,78,38,54860,411.412,1980
262575484939276,98,48,54860,438.244,1980
262575535045494,98,48,54860,438.244,1980
262575585154626,98,48,54860,463.683,1980
262575635264737,98,48,54860,463.683,1980
262575685365230,96,51,54860,483.46,1980
262575735472118,96,51,54860,483.46,1980
262575785573198,96,51,54860,500.749,1980
262575835675736,96,51,54860,500.749,1980
262575885777075,97,54,54860,525.537,1980
262575935882061,97,54,54860,525.537,1980
262575985994351,97,54,54860,549.828,1980
262576036105690,97,54,54860,549.828,1980
262576086205788,98,54,54860,570.836,1980
262576136311540,98,54,54860,570.836,1980
262576186413046,98,54,54860,591.183,1980
262576236519272,98,54,54860,591.183,1980
262576286620043,96,53,54860,583.854,1980
262576336725266,96,53,54860,583.854,1980
262576387686440,96,53,54860,579.22,1980
262576438339187,96,53,54860,579.22,1980
262576489387328,94,63,54860,538.484,1980
262576539992613,94,63,54860,495.83,1980
262576590179174,94,63,54860,495.83,1980
262576641997421,2,2,54860,470.023,1980
262576692186785,2,2,54860,470.023,1980
262576742307811,2,2,54860,451.817,1980
262576793764187,2,2,54860,451.817,1980
262576845261336,73,36,54860,428.997,1980
262576895379123,73,36,54860,428.997,1980
262576946019063,73,36,54860,408.377,1980
262576996144600,73,36,54860,408.377,1980
262577047195386,80,40,54860,382.955,1980
262577097801197,80,40,54860,382.955,1980
262577147960798,80,40,54860,363.168,1980
262577198070536,80,40,54860,363.168,1980
262577248174730,99,48,54860,342.393,1980
262577298809211,99,48,54860,342.393,1980
262577348917989,99,48,54860,320.416,1980
262577399029146,99,48,54860,320.416,1980
262577449144609,79,39,54860,354.557,1980
262577499259400,79,39,54860,354.557,1980
262577549374680,79,39,54860,403.183,1980
262577599480596,79,39,54860,403.183,1980
262577649582418,98,50,54860,431.569,1980
262577699697037,98,50,54860,431.569,1980
262577749798817,98,50,54860,451.736,1980
262577799906352,98,50,54860,451.736,1980
262577850012527,98,52,54860,472.876,1980
262577900121322,98,52,54860,472.876,1980
262577950223023,98,52,54860,492.249,1980
262578000336556,98,52,54860,492.249,1980
262578050439360,96,54,54860,511.628,1980
262578100541168,96,54,54860,511.628,1980
262578150653749,96,54,54860,529.699,1980
262578200760828,96,54,54860,529.699,1980
262578250861688,97,53,54860,555.252,1980
262578300963585,97,53,54860,555.252,1980
262578351063520,97,53,54860,577.804,1980
262578401161105,97,53,54860,577.804,1980
262578451263377,97,53,54860,575.522,1980
262578501370556,97,53,54860,575.522,1980
262578551477101,97,53,54860,565.127,1980
262578601575881,97,53,54860,565.127,1980
262578653973902,96,54,54860,558.361,1980
262578704794477,96,54,54860,558.361,1980
262578755847302,96,54,54860,521.582,1980
262578806958079,96,54,54860,521.582,1980
262578858594566,2,2,54860,479.793,1980
262578910594891,2,2,54860,479.793,1980
262578960732254,2,2,54860,455.25,1980
262579012276734,2,2,54860,455.25,1980
262579063775213,67,32,54860,434.078,1980
262579115082720,67,32,54860,434.078,1980
262579166352991,67,32,54860,410.229,1980
262579216712143,67,32,54860,410.229,1980
262579267782563,76,38,54860,391.711,1980
262579318524695,76,38,54860,391.711,1980
262579368645552,76,38,54860,373.598,1980
262579418820821,76,38,54860,373.598,1980
262579469104184,94,46,54860,356.75,1980
262579519502739,94,46,54860,356.75,1980
262579569856133,94,46,54860,337.649,1980
262579624977974,94,46,54860,337.649,1980
262579675092011,100,50,54860,311.709,1980
262579725196628,100,50,54860,311.709,1980
262579775300059,100,50,54860,349.853,1980
262579825402530,100,50,54860,349.853,1980
262579875506284,98,50,54860,397.156,1980
262579925607242,98,50,54860,397.156,1980
262579975713926,98,50,54860,429.692,1980
262580025817326,98,50,54860,429.692,1980
262580075921696,91,45,54860,450.373,1980
262580126024433,91,45,54860,450.373,1980
262580176136477,91,45,54860,466.878,1980
262580226250295,91,45,54860,466.878,1980
262580276352845,98,55,54860,485.942,1980
262580326456909,98,55,54860,485.942,1980
262580376558703,98,55,54860,505.597,1980
262580426669237,98,55,54860,505.597,1980
262580476810515,96,54,54860,520.942,1980
262580526934317,96,54,54860,520.942,1980
262580577048837,96,54,54860,534.17,1980
262580627160736,96,54,54860,534.17,1980
262580677270853,96,55,54860,563.895,1980
262580727383581,96,55,54860,563.895,1980
262580777490648,96,55,54860,561.626,1980
262580827605114,96,55,54860,561.626,1980
262580877711593,96,54,54860,555.561,1980
262580927834509,96,54,54860,555.561,1980
262580978913583,96,54,54860,544.585,1980
262581029890633,96,54,54860,544.585,1980
262581080804768,71,51,54860,512.356,1980
262581131270875,71,51,54860,512.356,1980
262581182323786,71,51,54860,465.98,1980
262581232477503,71,51,54860,465.98,1980
262581283913392,7,3,54860,444.903,1980
262581334052911,7,3,54860,444.903,1980
262581385060865,7,3,54860,428.239,1980
262581436432139,7,3,54860,428.239,1980
262581487140717,74,37,54860,412.656,1980
262581538157079,74,37,54860,412.656,1980
262581588325748,74,37,54860,394.295,1980
262581638509844,74,37,54860,394.295,1980
262581688619120,80,40,54860,376.741,1980
262581738730146,80,40,54860,376.741,1980
262581788893459,80,40,54860,354.239,1980
262581839069252,80,40,54860,354.239,1980
262581889244791,98,48,54860,331.708,1980
262581939355685,98,48,54860,331.708,1980
262581989465385,98,48,54860,314.5,1980
262582039576370,98,48,54860,314.5,1980
262582089717685,79,39,54860,357.001,1980
262582139827835,79,39,54860,357.001,1980
262582189955614,79,39,54860,404.256,1980
262582240066248,79,39,54860,404.256,1980
262582290180719,98,48,54860,433.04,1980
262582340289758,98,48,54860,433.04,1980
262582390401582,98,48,54860,456.663,1980
262582440504098,98,48,54860,456.663,1980
262582490605107,95,51,54860,476.837,1980
262582540708979,95,51,54860,476.837,1980
262582590810331,95,51,54860,496.977,1980
262582640913437,95,51,54860,496.977,1980
262582691017534,98,54,54860,518.094,1980
262582741120694,98,54,54860,518.094,1980
262582791222774,98,54,54860,537.601,1980
262582841325064,98,54,54860,537.601,1980
262582891427236,96,53,54860,559.418,1980
262582941535293,96,53,54860,559.418,1980
262582991650929,96,53,54860,591.014,1980
262583041763752,96,53,54860,591.014,1980
262583091869310,97,51,54860,583.828,1980
262583141974652,97,51,54860,578.625,1980
262583193179537,97,51,54860,578.625,1980
262583244072276,98,56,54860,548.271,1980
262583294660896,98,56,54860,548.271,1980
262583345300907,98,56,54860,505.188,1980
262583402233674,98,56,54860,505.188,1980
262583452358627,2,2,54860,469.618,1980
262583504107520,2,2,54860,469.618,1980
262583554273099,2,2,54860,447.429,1980
262583605748163,2,2,54860,447.429,1980
262583655855189,75,36,54860,424.064,1980
262583707283934,75,36,54860,424.064,1980
262583757602465,75,36,54860,404.781,1980
262583807788141,75,36,54860,404.781,1980
262583858739925,81,40,54860,384.737,1980
262583908854349,81,40,54860,384.737,1980
262583959070908,81,40,54860,366.846,1980
262584009174541,81,40,54860,366.846,1980
262584059321930,94,46,54860,346.76,1980
262584109688177,94,46,54860,346.76,1980
262584166294609,94,46,54860,328.104,1980
262584220400089,94,46,54860,328.104,1980
262584270513451,100,50,54860,338.74,1980
262584320619667,100,50,54860,338.74,1980
262584370741507,100,50,54860,382.362,1980
262584420843895,100,50,54860,382.362,1980
262584470950418,98,49,54860,424.738,1980
262584521056229,98,49,54860,424.738,1980
262584571161565,98,49,54860,447.148,1980
262584621265470,98,49,54860,447.148,1980
262584671370458,90,48,54860,468.152,1980
262584721475868,90,48,54860,468.152,1980
262584771577078,90,48,54860,485.8,1980
262584821677824,90,48,54860,485.8,1980
262584871782279,97,52,54860,504.022,1980
262584921883226,97,52,54860,504.022,1980
262584971996968,97,52,54860,527.076,1980
262585022106940,97,52,54860,527.076,1980
262585072211043,98,55,54860,545.036,1980
262585122312544,98,55,54860,545.036,1980
262585172414256,98,55,54860,571.058,1980
262585222515962,98,55,54860,571.058,1980
262585272617741,96,54,54860,583.566,1980
262585322724014,96,54,54860,583.566,1980
262585372826328,96,54,54860,577.929,1980
262585422930448,96,54,54860,577.929,1980
262585473036150,97,52,54860,571.893,1980
262585523779665,97,52,54860,571.893,1980
262585574401426,97,52,54860,544.157,1980
262585625037067,97,52,54860,544.157,1980
262585675826195,22,22,54860,504.831,1980
262585727040233,22,22,54860,504.831,1980
262585777182825,22,22,54860,476.212,1980
262585827373143,22,22,54860,476.212,1980
262585878517205,43,20,54860,453.859,1980
262585929670800,43,20,54860,453.859,1980
262585980933154,43,20,54860,432.237,1980
262586031070488,43,20,54860,432.237,1980
262586082150911,75,37,54860,408.923,1980
262586132459435,75,37,54860,408.923,1980
262586182893532,75,37,54860,391.176,1980
262586233090788,75,37,54860,391.176,1980
262586283635760,90,45,54860,371.073,1980
262586333746944,90,45,54860,371.073,1980
262586383852649,90,45,54860,344.959,1980
262586433961531,90,45,54860,344.959,1980
262586484100288,100,50,54860,326.34,1980
262586534216159,100,50,54860,326.34,1980
262586584320293,100,50,54860,344.693,1980
262586634436391,100,50,54860,344.693,1980
262586684545095,89,44,54860,393.14,1980
262586735431302,89,44,54860,393.14,1980
262586785536513,89,44,54860,424.461,1980
262586835641088,89,44,54860,424.461,1980
262586885743803,90,45,54860,447.605,1980
262586935849273,90,45,54860,447.605,1980
262586985950731,90,45,54860,465.11,1980
262587036043500,90,45,54860,465.11,1980
262587086150683,98,54,54860,480.719,1980
262587136250692,98,54,54860,480.719,1980
262587186383839,98,54,54860,499.304,1980
262587236513516,98,54,54860,499.304,1980
262587286626747,96,53,54860,513.831,1980
262587336736140,96,53,54860,513.831,1980
262587386844011,96,53,54860,538.358,1980
262587436974745,96,53,54860,538.358,1980
262587487042469,96,53,54860,555.92,1980
262587537167584,96,53,54860,555.92,1980
262587587273773,96,53,54860,563.267,1980
262587637376397,96,53,54860,563.267,1980
262587689364606,96,54,54860,557.008,1980
262587739974953,96,54,54860,557.008,1980
262587790906745,96,54,54860,523.845,1980
262587841635888,96,54,54860,523.845,1980
262587894694405,20,20,54860,483.777,1980
262587946328447,20,20,54860,450.496,1980
262587996506213,20,20,54860,450.496,1980
262588048076005,41,20,54860,434.577,1980
262588098190779,41,20,54860,434.577,1980
262588148323976,41,20,54860,417.161,1980
262588199513696,41,20,54860,417.161,1980
262588249649964,76,37,54860,396.847,1980
262588300741892,76,37,54860,396.847,1980
262588351563974,76,37,54860,382.393,1980
262588401687960,76,37,54860,382.393,1980
262588451790881,92,45,54860,358.492,1980
262588501928464,92,45,54860,358.492,1980
262588552071391,92,45,54860,338.532,1980
262588602174965,92,45,54860,338.532,1980
262588652297673,100,50,54860,315.373,1980
262588702410098,100,50,54860,315.373,1980
262588752517719,100,50,54860,339.917,1980
262588802618844,100,50,54860,339.917,1980
262588852720865,98,48,54860,391.491,1980
262588902854178,98,48,54860,391.491,1980
262588952960090,98,48,54860,428.425,1980
262589003065060,98,48,54860,428.425,1980
262589053171627,91,44,54860,452.146,1980
262589103273502,91,44,54860,452.146,1980
262589153377584,91,44,54860,468.373,1980
262589203477105,91,44,54860,468.373,1980
262589253576394,98,55,54860,488.61,1980
262589303677264,98,55,54860,488.61,1980
262589353780803,98,55,54860,503.501,1980
262589403880672,98,55,54860,503.501,1980
262589453986968,96,53,54860,524.019,1980
262589504087702,96,53,54860,524.019,1980
262589554190702,96,53,54860,541.984,1980
262589604290627,96,53,54860,541.984,1980
262589654389964,96,53,54860,571.715,1980
262589704490250,96,53,54860,571.715,1980
262589754596641,96,53,54860,569.617,1980
262589804714731,96,53,54860,569.617,1980
262589854817800,96,54,54860,563.436,1980
262589904919793,96,54,54860,563.436,1980
262589955720051,96,54,54860,533.196,1980
262590006328515,96,54,54860,533.196,1980
262590057419205,31,29,54860,491.317,1980
262590107547770,31,29,54860,491.317,1980
262590158135290,31,29,54860,460.831,1980
262590208253638,31,29,54860,460.831,1980
262590260007840,35,17,54860,439.363,1980
262590311308694,35,17,54860,439.363,1980
262590361915071,35,17,54860,417.858,1980
262590413124093,35,17,54860,417.858,1980
262590463231847,76,37,54860,398.768,1980
262590514058186,76,37,54860,398.768,1980
262590564165485,76,37,54860,384.754,1980
262590614317197,76,37,54860,384.754,1980
262590664997943,94,46,54860,366.042,1980
262590715104748,94,46,54860,366.042,1980
262590765214617,94,46,54860,343.619,1980
262590815363054,94,46,54860,343.619,1980
262590865472610,100,50,54860,322.084,1980
262590915591882,100,50,54860,322.084,1980
262590965692854,100,50,54860,339.343,1980
262591015808408,100,50,54860,339.343,1980
262591065910627,90,46,54860,388.067,1980
262591116040508,90,46,54860,388.067,1980
262591166153254,90,46,54860,428.815,1980
262591216259532,90,46,54860,428.815,1980
262591266360502,97,49,54860,450.673,1980
262591316465275,97,49,54860,450.673,1980
262591366565117,97,49,54860,471.727,1980
262591416670440,97,49,54860,471.727,1980
262591466800440,96,53,54860,490.121,1980
262591519043130,96,53,54860,490.121,1980
262591569152374,96,53,54860,512.587,1980
262591619256972,96,53,54860,512.587,1980
262591669370281,97,52,54860,531.093,1980
262591719482723,97,52,54860,531.093,1980
262591769592606,97,52,54860,556.011,1980
262591819694749,97,52,54860,556.011,1980
262591869796561,98,55,54860,580.695,1980
262591919897701,98,55,54860,580.695,1980
262591970007143,98,55,54860,585.87,1980
262592020107965,98,55,54860,585.87,1980
262592070212750,96,54,54860,579.654,1980
262592120316790,96,54,54860,579.654,1980
