t_ns,util_gpu_pct,util_mem_pct,mem_used_mib,power_w,sm_clock_mhz
266944598346068,0,0,962,114.576,1980
266944652747929,2,0,962,119.398,1980
266944702902599,2,0,6852,119.398,1980
266944753082832,2,0,6852,124.184,1980
266944803278087,2,0,6852,124.184,1980
266944853509557,0,0,6852,129.003,1980
266944903662769,0,0,6852,129.003,1980
266944953809229,0,0,6852,133.911,1980
266945003993709,0,0,6852,133.911,1980
266945054194327,12,0,6852,138.759,1980
266945106416875,12,0,6852,138.759,1980
266945156621121,12,0,6852,143.639,1980
266945206829548,12,0,6852,143.639,1980
266945257039134,11,0,6852,149.259,1980
266945307261688,11,0,6852,149.259,1980
266945357456653,11,0,6852,152.965,1980
266945407668639,11,0,6852,152.965,1980
266945465140784,14,0,6852,156.053,1980
266945515319820,14,0,6852,155.786,1980
266945565529833,14,0,6852,155.786,1980
266945615738270,14,0,6852,155.841,1980
266945665927510,14,0,6852,155.841,1980
266945716134541,14,0,6852,155.95,1980
266945827202738,12,0,6872,156.035,1980
266945972457237,12,0,6872,155.997,1980
266946128920192,0,0,6872,155.976,1980
266946179091496,0,0,6872,155.976,1980
266946229855506,0,0,6872,155.94,1980
266946279972982,0,0,6872,155.94,1980
266946330050922,0,0,6872,155.893,1980
266946477304356,0,0,6872,155.9,1980
266946640010698,0,0,6872,155.811,1980
266946711533465,0,0,6872,155.811,1980
266946858989479,0,0,6872,155.739,1980
266946924292795,0,0,6872,155.703,1980
266946994648736,0,0,6872,155.703,1980
266947059945521,0,0,6872,155.691,1980
266947130307512,0,0,6872,155.682,1980
266947195605903,0,0,6872,155.682,1980
266947260901492,0,0,6872,155.678,1980
266947611772564,0,0,6872,155.656,1980
266947749847235,0,0,6872,155.647,1980
266947810132828,0,0,6872,155.647,1980
266947870392358,0,0,6872,155.653,1980
266947935701414,0,0,6872,155.65,1980
266948001022637,0,0,6872,155.65,1980
266948066324741,0,0,6872,155.674,1980
266948483202501,0,0,6872,155.716,1980
266948557828919,0,0,6872,155.731,1980
266948614427104,0,0,6872,155.741,1980
266948664544897,0,0,6872,155.741,1980
266948714912868,0,0,6872,155.732,1980
266948766577772,0,0,6872,155.732,1980
266948816688656,0,0,6872,155.757,1980
266948866801419,0,0,6872,155.757,1980
266948918554599,0,0,6872,155.76,1980
266948968672899,0,0,6872,155.76,1980
266949018785488,0,0,6872,155.729,1980
266949068897906,0,0,6872,155.729,1980
266949119033915,0,0,6872,155.695,1980
266949169308904,0,0,6872,155.695,1980
266949219419524,0,0,6872,155.687,1980
266949269536813,0,0,6872,155.687,1980
266949319650594,0,0,6872,155.676,1980
266949373157037,0,0,6872,155.676,1980
266949423305373,0,0,6872,155.663,1980
266949473428178,0,0,6872,155.663,1980
266949523550578,0,0,6872,155.67,1980
266949573671601,0,0,6872,155.67,1980
266949637284772,0,0,6872,155.679,1980
266949687404740,0,0,6872,155.679,1980
266949737592282,0,0,6872,155.699,1980
266949789048132,0,0,6872,155.699,1980
266949839209259,0,0,6872,155.69,1980
266950165201690,0,0,6872,155.694,1980
266950216078912,0,0,7036,155.692,1980
266950519130134,0,0,7036,155.7,1980
266950569320685,0,0,7504,155.7,1980
266950619484889,0,0,7520,155.713,1980
266950669652785,0,0,7520,155.713,1980
266950722776716,0,0,7520,155.718,1980
266950772923078,0,0,7520,155.718,1980
266950823070635,0,0,7520,155.738,1980
266950874232196,0,0,7520,155.738,1980
266950924833346,0,0,7520,155.734,1980
266950978658783,0,0,7520,155.734,1980
266951028772041,0,0,7520,155.741,1980
266951078884612,0,0,7520,155.741,1980
266951130761668,0,0,7520,155.748,1980
266951184903817,0,0,7520,155.748,1980
266951238023940,0,0,7520,155.763,1980
266951288260523,0,0,7520,155.763,1980
266951338435023,0,0,7520,155.76,1980
266951388595325,0,0,7520,155.76,1980
266951438723381,0,0,7520,155.786,1980
266951488884784,0,0,7520,155.786,1980
266951539527091,0,0,7520,155.793,1980
266951589696485,0,0,7520,155.793,1980
266951639912321,0,0,7520,155.786,1980
266951690077163,0,0,7520,155.786,1980
266951740204875,0,0,7520,155.789,1980
266951790713852,0,0,8726,155.789,1980
266951841472279,0,0,10136,155.773,1980
266951891580844,0,0,10136,155.773,1980
266951942049889,0,0,10136,155.782,1980
266951992201328,0,0,10582,155.782,1980
266952042370858,0,0,10582,155.796,1980
266952092538414,0,0,10582,155.796,1980
266952142735091,0,0,10582,155.808,1980
266952192903541,0,0,10582,155.808,1980
266952243045076,0,0,10582,155.844,1980
266952293173023,0,0,10582,155.844,1980
266952343283990,0,0,10582,155.974,1980
266952393392354,0,0,10582,155.974,1980
266952443571609,14,0,10582,156.101,1980
266952493761323,14,0,10582,156.101,1980
266952543905129,14,0,10582,156.21,1980
266952594026710,14,0,10582,156.21,1980
266952644171382,12,0,10582,156.29,1980
266952758282102,12,0,10582,156.343,1980
266953112893170,0,0,10582,156.354,1980
266953447636688,0,0,10116,156.051,1980
266953792210588,0,0,10156,155.795,1980
266953842362388,0,0,10156,155.792,1980
266953892486529,0,0,10156,155.792,1980
266953942598027,0,0,10156,155.786,1980
266953992711226,0,0,10156,155.786,1980
266954042817247,0,0,10156,155.792,1980
266954092922683,0,0,10156,155.792,1980
266954143022575,0,0,10156,155.796,1980
266954193119421,0,0,10156,155.796,1980
266954243217529,0,0,10156,155.783,1980
266954293315440,0,0,10156,155.783,1980
266954343485606,0,0,10156,155.783,1980
266954393626566,0,0,10156,155.783,1980
266954443747521,0,0,10156,155.783,1980
266954493863274,0,0,10156,155.783,1980
266954543979117,0,0,10156,155.767,1980
266954594054915,0,0,10156,155.767,1980
266954644169481,0,0,10156,155.805,1980
266954694283842,0,0,10156,155.805,1980
266954744398185,0,0,10156,155.806,1980
266954794508274,0,0,10156,155.806,1980
266954844619732,0,0,10156,155.818,1980
266954894724533,0,0,10156,155.818,1980
266954944834152,0,0,10156,155.809,1980
266954994938574,0,0,10156,155.809,1980
266955045050205,0,0,10156,155.811,1980
266955095154833,0,0,10156,155.811,1980
266955145258764,0,0,10156,155.809,1980
266955195361322,0,0,10156,155.809,1980
266955245469814,0,0,10156,155.822,1980
266955295573303,0,0,10156,155.822,1980
266955345678129,0,0,10156,155.828,1980
266955395788561,0,0,10156,155.828,1980
266955445898073,0,0,10156,155.827,1980
266955496016853,0,0,10156,155.827,1980
266955546119077,0,0,10156,155.838,1980
266955596222930,0,0,10156,155.838,1980
266955646324102,0,0,10156,155.801,1980
266955696428296,0,0,10156,155.801,1980
266955746532881,0,0,10156,155.782,1980
266955796635411,0,0,10156,155.782,1980
266955846739489,0,0,10156,155.77,1980
266955896840036,0,0,10156,155.77,1980
266955946938735,0,0,10156,155.779,1980
266955997044462,0,0,10156,155.779,1980
266956048109006,0,0,10156,155.786,1980
266956113416401,0,0,10156,155.786,1980
266956176282633,0,0,10156,155.801,1980
266956230444623,0,0,10156,155.782,1980
266956286861413,0,0,10156,155.782,1980
266956337089437,0,0,10282,155.792,1980
266956387261848,0,0,10282,155.792,1980
266956437440782,0,0,10574,163.787,1980
266957382418648,0,0,10574,167.645,1980
266957806839046,0,0,10254,157.317,1980
266958241147686,0,0,10282,157.231,1980
266958291325524,0,0,10342,157.231,1980
266958341491576,0,0,10368,157.806,1980
266958391676795,0,0,10370,157.806,1980
266958441830950,13,4,10370,159.451,1980
266958491939658,13,4,10374,159.451,1980
266958542050016,13,4,10378,160.736,1980
266958592179454,13,4,10380,160.736,1980
266958642309843,9,3,10368,162.077,1980
266958692437377,9,3,10372,162.077,1980
266958742564871,9,3,10374,163.205,1980
266958792674426,9,3,10400,163.205,1980
266958842808831,9,2,10382,163.813,1980
266958892920503,9,2,10386,163.813,1980
266958943057563,9,2,10392,165.023,1980
266958993170335,9,2,10396,165.023,1980
266959043319777,11,3,10398,165.935,1980
266959093439405,11,3,10416,165.935,1980
266959556654404,0,0,10406,164.714,1980
266960004287941,0,0,10320,160.263,1980
266960054694827,0,0,18718,160.353,1980
266960106289847,0,0,18718,160.353,1980
266960157331475,0,0,18718,158.752,1980
266960207454457,0,0,18718,158.752,1980
266960257572557,0,0,18718,158.506,1980
266960307725851,0,0,18718,158.506,1980
266960358865974,0,0,18718,158.603,1980
266960408995129,0,0,18718,158.603,1980
266960462260380,0,0,18718,158.51,1980
266960512435077,0,0,18718,158.51,1980
266960562549432,0,0,18718,158.486,1980
266960615248909,0,0,18718,158.486,1980
266960665374996,0,0,18718,158.496,1980
266960715582547,0,0,18718,158.496,1980
266960765692581,0,0,18718,158.466,1980
266960816227920,0,0,18718,158.466,1980
266960866358955,0,0,19038,158.499,1980
266960916496598,0,0,19038,158.499,1980
266960966615322,0,0,19040,168.854,1980
266961016734472,0,0,19042,168.854,1980
266961066850626,3,1,19042,169.149,1980
266961116968435,3,1,19042,169.149,1980
266961167054965,3,1,19042,168.979,1980
266961217169131,3,1,19042,168.979,1980
266961618333700,0,0,19042,171.023,1980
266961668481090,0,0,18874,171.194,1980
266961718659021,0,0,18870,171.194,1980
266961768804071,0,0,18848,174.159,1980
266961819011813,13,4,18848,175.602,1980
266961869194869,13,4,18864,175.602,1980
266961919338863,13,4,18848,166.597,1980
266961969467892,13,4,18860,166.597,1980
266962019617909,12,4,18860,166.436,1980
266962069815110,12,4,18848,166.436,1980
266962120072575,12,4,18868,167.158,1980
266962170342375,12,4,18868,167.158,1980
266962220460921,12,4,18848,167.179,1980
266962270607079,12,4,18848,167.179,1980
266962320785422,12,4,18848,167.818,1980
266962370964619,12,4,18848,167.818,1980
266962421104136,9,3,18870,169.01,1980
266962472809354,9,3,18852,169.01,1980
266962522944593,9,3,18874,170.39,1980
266962573135137,9,3,18858,170.39,1980
266962958260741,0,0,18858,166.019,1980
266963008675015,0,0,18858,166.019,1980
266963060953525,0,0,18858,165.252,1980
266963123449730,0,0,18858,164.171,1980
266963173578512,0,0,18858,164.171,1980
266963223719359,0,0,18858,163.603,1980
266963273861650,0,0,18858,163.603,1980
266963324029287,0,0,18858,162.354,1980
266963374375956,0,0,18858,162.354,1980
266963424492383,0,0,18858,161.599,1980
266963474631226,0,0,18858,161.599,1980
266963525725852,0,0,18858,160.171,1980
266963575859860,0,0,18858,160.171,1980
266963625974740,0,0,18858,158.866,1980
266963676091725,0,0,18858,158.866,1980
266963726287419,0,0,18858,158.842,1980
266963776449254,0,0,18858,158.842,1980
266963826695404,0,0,18858,158.813,1980
266963877523017,0,0,18858,158.813,1980
266963927646934,0,0,18858,158.804,1980
266963977771884,0,0,18858,158.804,1980
266964044292626,0,0,18858,158.804,1980
266964483568161,0,0,18858,158.788,1980
266964533878246,0,0,18858,158.781,1980
266964583991356,0,0,18858,158.781,1980
266964689581709,0,0,18858,158.798,1980
266964836426493,0,0,18858,158.833,1980
266964889704422,0,0,18858,158.833,1980
266964940399739,0,0,18858,158.896,1980
266964991318018,0,0,18858,158.896,1980
266965042293949,2,2,18858,159.39,1980
266965092486946,2,2,18858,159.39,1980
266965142611111,2,2,18894,159.592,1980
266965312264764,2,2,18894,165.283,1980
266965373333511,9,5,18894,165.172,1980
266965424983052,29,14,18894,181.813,1980
266965475140301,29,14,18894,181.813,1980
266965526773587,29,14,18894,201.595,1980
266965578254290,29,14,18894,201.595,1980
266965629529285,74,37,18894,221.939,1980
266965681130517,74,37,18894,221.939,1980
266965731309156,74,37,18894,242.994,1980
266965782636901,74,37,18894,242.994,1980
266965832782518,82,40,18894,264.193,1980
266965884082383,82,40,18894,264.193,1980
266965934288919,82,40,18894,286.572,1980
266965984452593,82,40,18894,286.572,1980
266966034654402,96,48,18894,304.843,1980
266966084958409,96,48,18894,304.843,1980
266966135054150,96,48,18894,330.438,1980
266966185168008,96,48,18894,330.438,1980
266966235285343,40,19,18916,323.332,1980
266966285432972,40,19,21220,323.332,1980
266966335553163,40,19,25086,345.336,1980
266966385702050,40,19,25086,345.336,1980
266966435819370,86,44,25086,375.466,1980
266966485932713,86,44,25086,375.466,1980
266966536066987,86,44,25086,403.267,1980
266966586179029,86,44,25086,403.267,1980
266966636311269,74,37,25086,406.124,1980
266966686436139,74,37,28858,406.124,1980
266966736553413,74,37,34392,400.638,1980
266966786678896,74,37,36836,400.638,1980
266966836792680,24,15,36836,399.361,1980
266966886907101,24,15,42810,399.361,1980
266966937033957,24,15,42810,418.786,1980
266966987183095,24,15,42810,418.786,1980
266967037308706,95,54,42810,438.995,1980
266967087452015,95,54,42810,438.995,1980
266967137571299,95,54,42810,456.626,1980
266967187687894,95,54,42810,456.626,1980
266967237809246,96,54,42810,496.575,1980
266967287926673,96,54,42810,496.575,1980
266967338045107,96,54,42810,519.158,1980
266967388159573,96,54,42810,519.158,1980
266967438277237,97,52,42810,514.703,1980
266967488403022,97,52,42810,514.703,1980
266967538515302,97,52,42810,508.692,1980
266967588642268,97,52,42810,508.692,1980
266967638761657,99,55,42810,526.894,1980
266967688875803,99,55,42810,526.894,1980
266967738990922,99,55,42810,547.179,1980
266967791169203,99,55,42810,547.179,1980
266967842113998,49,37,42810,538.309,1980
266967892978277,49,37,42810,538.309,1980
266967943913125,49,37,42810,497.691,1980
266967994139898,49,37,42810,497.691,1980
266968045720899,2,2,42810,461.882,1980
266968095896735,2,2,42810,461.882,1980
266968146887957,2,2,42810,441.38,1980
266968198229932,2,2,42810,441.38,1980
266968248864197,75,37,42810,418.618,1980
266968299909039,75,37,42810,418.618,1980
266968350033367,75,37,42810,399.403,1980
266968401699180,75,37,42810,399.403,1980
266968451829775,83,41,42810,382.497,1980
266968501960672,83,41,42810,382.497,1980
266968552110361,83,41,42810,365.633,1980
266968602311939,83,41,42810,365.633,1980
266968653041299,96,46,42810,342.467,1980
266968703178472,96,46,42810,342.467,1980
266968753380430,96,46,42810,331.403,1980
266968803498352,96,46,42810,331.403,1980
266968853626553,98,49,42812,337.441,1980
266968903746202,98,49,44004,337.441,1980
266968953878598,98,49,44004,385.305,1980
266969003991528,98,49,44004,385.305,1980
266969054119110,98,50,44004,427.466,1980
266969104416191,98,50,44004,427.466,1980
266969154628860,98,50,49050,450.381,1980
266969204742406,98,50,50242,450.381,1980
266969254853530,79,42,50242,466.976,1980
266969304965455,79,42,54856,466.976,1980
266969355076029,79,42,54856,485.693,1980
266969405187497,79,42,54856,485.693,1980
266969455295515,95,55,54856,507.004,1980
266969505401786,95,55,54856,507.004,1980
266969555526613,95,55,54856,522.542,1980
266969605634793,95,55,54856,522.542,1980
266969655741235,96,54,54856,538.975,1980
266969705852674,96,54,54856,538.975,1980
266969755961362,96,54,54856,561.535,1980
266969806079552,96,54,54856,561.535,1980
266969856397940,97,52,54856,588.243,1980
266969906512162,97,52,54856,588.243,1980
266969956619068,97,52,54856,583.75,1980
266970006725435,97,52,54856,583.75,1980
266970056832371,99,55,54856,580.826,1980
266970106948257,99,55,54856,580.826,1980
266970157576245,99,55,54856,575.456,1980
266970208278261,99,55,54856,575.456,1980
266970259112290,58,44,54856,550.995,1980
266970309794340,58,44,54856,550.995,1980
266970359927146,58,44,54856,506.614,1980
266970410586749,58,44,54856,506.614,1980
266970462106946,14,7,54856,478.656,1980
266970512964129,14,7,54856,478.656,1980
266970563119049,14,7,54856,455.314,1980
266970613671392,14,7,54856,455.314,1980
266970664609282,78,38,54856,436.709,1980
266970715114246,78,38,54856,436.709,1980
266970765970857,78,38,54856,416.087,1980
266970816141801,78,38,54856,416.087,1980
266970866283383,89,44,54856,396.577,1980
266970916524184,89,44,54856,396.577,1980
266970966841427,89,44,54856,381.028,1980
266971016972854,89,44,54856,381.028,1980
266971067324689,100,49,54856,361.66,1980
266971117449124,100,49,54856,361.66,1980
266971167588395,100,49,54858,335.563,1980
266971217700491,100,49,54858,335.563,1980
266971267818659,69,34,54858,372.49,1980
266971317928651,69,34,54858,372.49,1980
266971368067376,69,34,54858,419.373,1980
266971418200351,69,34,54858,419.373,1980
266971468326958,98,48,54860,454.043,1980
266971518452541,98,48,54860,454.043,1980
266971568567106,98,48,54860,473.791,1980
266971618680660,98,48,54860,473.791,1980
266971668789544,96,51,54860,493.744,1980
266971718900803,96,51,54860,493.744,1980
266971769016574,96,51,54860,511.899,1980
266971819126758,96,51,54860,511.899,1980
266971869236875,97,51,54860,531.141,1980
266971919378389,97,51,54860,531.141,1980
266971969489145,97,51,54860,546.897,1980
266972019602437,97,51,54860,546.897,1980
266972069708822,96,54,54860,564.743,1980
266972119815709,96,54,54860,564.743,1980
266972169932244,96,54,54860,582.171,1980
266972220046177,96,54,54860,582.171,1980
266972270160777,96,53,54860,590.146,1980
266972320268721,96,53,54860,590.146,1980
266972370888374,96,53,54860,577.742,1980
266972422004635,96,53,54860,577.742,1980
266972472769267,61,45,54860,543.63,1980
266972523762150,61,45,54860,505.974,1980
266972575162086,61,45,54860,505.974,1980
266972625301269,10,5,54860,476.753,1980
266972676524865,10,5,54860,476.753,1980
266972728182555,10,5,54860,452.684,1980
266972778302065,10,5,54860,452.684,1980
266972828751798,76,38,54860,434.891,1980
266972878885887,76,38,54860,434.891,1980
266972929007161,76,38,54860,413.894,1980
266972979951134,76,38,54860,413.894,1980
266973030833501,89,44,54860,395.012,1980
266973081565184,89,44,54860,395.012,1980
266973131702486,89,44,54860,376.807,1980
266973181839580,89,44,54860,376.807,1980
266973232241543,100,49,54860,357.893,1980
266973282657204,100,49,54860,357.893,1980
266973332786060,100,49,54860,332.535,1980
266973382906154,100,49,54860,332.535,1980
266973433034197,72,36,54860,367.12,1980
266973483148422,72,36,54860,367.12,1980
266973533259409,72,36,54860,412.015,1980
266973583373421,72,36,54860,412.015,1980
266973633486259,98,49,54860,447.649,1980
266973683596723,98,49,54860,447.649,1980
266973733703713,98,49,54860,470.843,1980
266973783812682,98,49,54860,470.843,1980
266973833958208,96,52,54860,494.172,1980
266973884071646,96,52,54860,494.172,1980
266973934181821,96,52,54860,513.618,1980
266973984289999,96,52,54860,513.618,1980
266974034405792,97,52,54860,535.937,1980
266974085664173,97,52,54860,535.937,1980
266974135784044,97,52,54860,555.893,1980
266974185896516,97,52,54860,555.893,1980
266974236016863,97,55,54860,578.373,1980
266974286132165,97,55,54860,578.373,1980
266974336254662,97,55,54860,601.162,1980
266974386367021,97,55,54860,601.162,1980
266974436478630,96,54,54860,595.686,1980
266974486592977,96,54,54860,595.686,1980
266974536705087,96,54,54860,588.017,1980
266974587564612,96,54,54860,588.017,1980
266974638165368,72,51,54860,555.069,1980
266974689022126,72,51,54860,555.069,1980
266974739686076,72,51,54860,514.351,1980
266974791663757,72,51,54860,514.351,1980
266974841821396,2,1,54860,476.861,1980
266974893832951,2,1,54860,476.861,1980
266974943996815,2,1,54860,456.549,1980
266974994571849,2,1,54860,456.549,1980
266975045635185,74,37,54860,434.993,1980
266975095997588,74,37,54860,434.993,1980
266975146215723,74,37,54860,411.982,1980
266975196334859,74,37,54860,411.982,1980
266975246607483,79,39,54860,392.365,1980
266975296797365,79,39,54860,392.365,1980
266975346975855,79,39,54860,373.815,1980
266975397107293,79,39,54860,373.815,1980
266975447929802,91,44,54860,359.744,1980
266975498860109,91,44,54860,359.744,1980
266975549572175,91,44,54860,339.653,1980
266975599692759,91,44,54860,339.653,1980
266975649804807,100,50,54860,345.053,1980
266975700004853,100,50,54860,345.053,1980
266975750238244,100,50,54860,392.816,1980
266975800350491,100,50,54860,392.816,1980
266975850468668,98,51,54860,435.266,1980
266975900583791,98,51,54860,435.266,1980
266975951129211,98,51,54860,463.474,1980
266976001261232,98,51,54860,463.474,1980
266976051458078,89,48,54860,487.147,1980
266976101603481,89,48,54860,487.147,1980
266976151727329,89,48,54860,507.51,1980
266976201852398,89,48,54860,507.51,1980
266976251978913,98,55,54860,530.407,1980
266976302404052,98,55,54860,530.407,1980
266976352522377,98,55,54860,547.633,1980
266976402636026,98,55,54860,547.633,1980
266976452749374,95,54,54860,567.413,1980
266976502869471,95,54,54860,567.413,1980
266976552979979,95,54,54860,590.007,1980
266976603090723,95,54,54860,590.007,1980
266976653213001,96,55,54860,609.056,1980
266976703344127,96,55,54860,609.056,1980
266976753490289,96,55,54860,606.608,1980
266976803600542,96,55,54860,606.608,1980
266976853709749,96,54,54860,605.276,1980
266976903827372,96,54,54860,605.276,1980
266976953948794,96,54,54860,601.725,1980
266977004877313,96,54,54860,601.725,1980
266977055713086,97,63,54860,584.888,1980
266977106846407,97,63,54860,584.888,1980
266977157942038,97,63,54860,542.327,1980
266977211064956,97,63,54860,542.327,1980
266977261847601,2,2,54860,500.414,1980
266977312030420,2,2,54860,500.414,1980
266977362679591,2,2,54860,477.897,1980
266977414464861,2,2,54860,477.897,1980
266977465423151,74,36,54860,457.729,1980
266977515611807,74,36,54860,457.729,1980
266977565790543,74,36,54860,431.879,1980
266977616130895,74,36,54860,431.879,1980
266977666265967,82,40,54860,410.293,1980
266977716432168,82,40,54860,410.293,1980
266977766560881,82,40,54860,395.183,1980
266977816985013,82,40,54860,395.183,1980
266977867155077,92,46,54860,369.377,1980
266977917833410,92,46,54860,369.377,1980
266977975953422,92,46,54860,349.107,1980
266978026149642,92,46,54860,347.859,1980
266978076267552,99,49,54860,347.859,1980
266978126380342,99,49,54860,395.307,1980
266978176497674,99,49,54860,395.307,1980
266978226617742,99,51,54860,434.975,1980
266978276734121,99,51,54860,434.975,1980
266978326859143,99,51,54860,456.824,1980
266978376984577,99,51,54860,456.824,1980
266978427241515,90,48,54860,483.654,1980
266978477362810,90,48,54860,483.654,1980
266978527472675,90,48,54860,501.254,1980
266978577602566,90,48,54860,501.254,1980
266978627718896,96,55,54860,523.181,1980
266978677827405,96,55,54860,523.181,1980
266978727935512,96,55,54860,543.766,1980
266978778045574,96,55,54860,543.766,1980
266978828160388,96,55,54860,567.152,1980
266978878271330,96,55,54860,567.152,1980
266978928378769,96,55,54860,582.357,1980
266978978485620,96,55,54860,582.357,1980
266979028594506,97,54,54860,605.358,1980
266979078704809,97,54,54860,605.358,1980
266979128815855,97,54,54860,598.704,1980
266979178922971,97,54,54860,598.704,1980
266979229038779,96,55,54860,595.909,1980
266979279150165,96,55,54860,595.909,1980
266979329268453,96,55,54860,599.902,1980
266979379385918,96,55,54860,599.902,1980
266979430247943,83,57,54860,572.058,1980
266979481168864,83,57,54860,572.058,1980
266979532046825,83,57,54860,531.033,1980
266979582169054,83,57,54860,531.033,1980
266979632370666,2,2,54860,494.849,1980
266979682629501,2,2,54860,494.849,1980
266979734229603,2,2,54860,470.957,1980
266979785141816,2,2,54860,470.957,1980
266979836195704,75,37,54860,450.54,1980
266979886691842,75,37,54860,450.54,1980
266979936931304,75,37,54860,426.911,1980
266979987052882,75,37,54860,426.911,1980
266980037217530,85,42,54860,407.34,1980
266980087420739,85,42,54860,407.34,1980
266980137535460,85,42,54860,390.965,1980
266980187818385,85,42,54860,390.965,1980
266980238273052,99,49,54860,372.409,1980
266980288669615,99,49,54860,372.409,1980
266980338784648,99,49,54860,354.287,1980
266980388923407,99,49,54860,354.287,1980
266980439043465,73,37,54860,351.106,1980
266980489155872,73,37,54860,351.106,1980
266980539267112,73,37,54860,400.893,1980
266980589384019,73,37,54860,400.893,1980
266980639578822,98,51,54860,444.881,1980
266980689710287,98,51,54860,444.881,1980
266980739832819,98,51,54860,469.03,1980
266980789944312,98,51,54860,469.03,1980
266980840055234,75,41,54860,485.606,1980
266980890167239,75,41,54860,485.606,1980
266980940276081,75,41,54860,507.998,1980
266980990389065,75,41,54860,507.998,1980
266981040498495,97,53,54860,526.937,1980
266981090626401,97,53,54860,526.937,1980
266981140757772,97,53,54860,547.903,1980
266981190868804,97,53,54860,547.903,1980
266981240975728,96,54,54860,570.481,1980
266981291083514,96,54,54860,570.481,1980
266981341192293,96,54,54860,592.8,1980
266981391307317,96,54,54860,592.8,1980
266981441417295,96,52,54860,612.618,1980
266981491535440,96,52,54860,612.618,1980
266981541651403,96,52,54860,608.166,1980
266981591763033,96,52,54860,608.166,1980
266981641888898,98,55,54860,602.392,1980
266981692010360,98,55,54860,602.392,1980
266981744327138,98,55,54860,600.056,1980
266981795328177,98,55,54860,600.056,1980
266981846053038,61,45,54860,571.04,1980
266981897200655,61,45,54860,571.04,1980
266981947330283,61,45,54860,526.606,1980
266981998643130,61,45,54860,526.606,1980
266982048765852,10,5,54860,494.994,1980
266982098936738,10,5,54860,494.994,1980
266982149467861,10,5,54860,472.973,1980
266982199757307,10,5,54860,472.973,1980
266982251106231,75,37,54860,448.899,1980
266982301263453,75,37,54860,448.899,1980
266982351415959,75,37,54860,426.807,1980
266982401948164,75,37,54860,426.807,1980
266982452988597,82,41,54860,404.143,1980
266982503158238,82,41,54860,404.143,1980
266982553332818,82,41,54860,387.247,1980
266982603514132,82,41,54860,387.247,1980
266982653683970,100,49,54860,362.482,1980
266982703911863,100,49,54860,362.482,1980
266982754061501,100,49,54860,344.796,1980
266982804177885,100,49,54860,344.796,1980
266982854292231,71,35,54860,369.508,1980
266982904405087,71,35,54860,369.508,1980
266982954529176,71,35,54860,415.056,1980
266983004638699,71,35,54860,415.056,1980
266983054755999,98,48,54860,457.4,1980
266983104869833,98,48,54860,457.4,1980
266983154981095,98,48,54860,476.262,1980
266983205089665,98,48,54860,476.262,1980
266983255218848,95,47,54860,501.787,1980
266983305333031,95,47,54860,501.787,1980
266983355442980,95,47,54860,517.698,1980
266983405549595,95,47,54860,517.698,1980
266983455661567,99,55,54860,539.638,1980
266983505771382,99,55,54860,539.638,1980
266983555891086,99,55,54860,563.747,1980
266983606004094,99,55,54860,563.747,1980
266983656113980,96,53,54860,581.924,1980
266983706224542,96,53,54860,581.924,1980
266983756339264,96,53,54860,610.106,1980
266983806450980,96,53,54860,610.106,1980
266983856572154,96,53,54860,617.601,1980
266983906686032,96,53,54860,617.601,1980
266983957196672,96,53,54860,610.822,1980
266984007305754,96,53,54860,610.822,1980
266984057991444,95,58,54860,589.365,1980
266984108804984,95,58,54860,589.365,1980
266984160592152,95,58,54860,547.827,1980
266984210737465,95,58,54860,547.827,1980
266984262407164,2,2,54860,504.373,1980
266984312567302,2,2,54860,504.373,1980
266984362728926,2,2,54860,485.833,1980
266984413893269,2,2,54860,485.833,1980
266984464948638,73,36,54860,461.813,1980
266984515125408,73,36,54860,461.813,1980
266984566235934,73,36,54860,438.759,1980
266984616489180,73,36,54860,438.759,1980
266984667292159,86,42,54860,418.903,1980
266984717441696,86,42,54860,418.903,1980
266984767959711,86,42,54860,393.545,1980
266984818290388,86,42,54860,393.545,1980
266984868689165,97,48,54860,372.308,1980
266984919055461,97,48,54860,372.308,1980
266984971125479,97,48,54860,356.785,1980
266985021242941,97,48,54860,356.785,1980
266985071374553,94,47,54860,346.439,1980
266985121489857,94,47,54860,346.439,1980
266985171602653,94,47,54860,396.841,1980
266985221718055,94,47,54860,396.841,1980
266985271836555,99,51,54860,435.84,1980
266985321963537,99,51,54860,435.84,1980
266985372083947,99,51,54860,461.889,1980
266985422194541,99,51,54860,461.889,1980
266985472309087,90,49,54860,483.002,1980
266985522422720,90,49,54860,483.002,1980
266985572537595,90,49,54860,503.046,1980
266985622647433,90,49,54860,503.046,1980
266985672757636,97,55,54860,524.326,1980
266985722868428,97,55,54860,524.326,1980
266985772989051,97,55,54860,544.797,1980
266985823116857,97,55,54860,544.797,1980
266985873230762,96,55,54860,560.821,1980
266985923340500,96,55,54860,560.821,1980
266985973447582,96,55,54860,586.291,1980
266986023557531,96,55,54860,586.291,1980
266986073663148,97,54,54860,605.782,1980
266986123781241,97,54,54860,605.782,1980
266986173903896,97,54,54860,599.833,1980
266986224068537,97,54,54860,599.833,1980
266986274230091,96,54,54860,594.453,1980
266986325032712,96,54,54860,594.453,1980
266986375162109,96,54,54860,591.621,1980
266986426236534,96,54,54860,591.621,1980
266986477009854,80,56,54860,567.685,1980
266986528142775,80,56,54860,567.685,1980
266986578297275,80,56,54860,526.178,1980
266986628436236,80,56,54860,526.178,1980
266986679849252,2,1,54860,493.371,1980
266986730018384,2,1,54860,493.371,1980
266986780252667,2,1,54860,465.968,1980
266986830441062,74,37,54860,447.433,1980
266986881697296,74,37,54860,447.433,1980
266986931903869,74,37,54860,423.883,1980
266986982469741,74,37,54860,423.883,1980
266987032677520,80,40,54860,401.428,1980
266987082853194,80,40,54860,401.428,1980
266987133054106,80,40,54860,382.055,1980
266987183542816,80,40,54860,382.055,1980
266987233799709,99,49,54860,369.606,1980
266987283915181,99,49,54860,369.606,1980
266987340622856,99,49,54860,343.429,1980
266987390750876,99,49,54860,343.429,1980
266987440866164,78,39,54860,360.819,1980
266987490975962,78,39,54860,360.819,1980
266987541088721,78,39,54860,406.483,1980
266987591199778,78,39,54860,406.483,1980
266987641445612,98,50,54860,450.456,1980
266987691557012,98,50,54860,450.456,1980
266987741665053,98,50,54860,471.621,1980
266987791776407,98,50,54860,471.621,1980
266987841891720,95,51,54860,494.015,1980
266987892040072,95,51,54860,494.015,1980
266987942151826,95,51,54860,516.816,1980
266987992258909,95,51,54860,516.816,1980
266988042366099,96,53,54860,538.459,1980
266988092473142,96,53,54860,538.459,1980
266988142584999,96,53,54860,558.569,1980
266988192713185,96,53,54860,558.569,1980
266988243017972,96,53,54860,579.811,1980
266988293140051,96,53,54860,579.811,1980
266988343248597,96,53,54860,596.669,1980
266988393356084,96,53,54860,596.669,1980
266988443461594,96,54,54860,611.028,1980
266988493571696,96,54,54860,611.028,1980
266988543690197,96,54,54860,602.512,1980
266988593801014,96,54,54860,602.512,1980
266988647185786,96,53,54860,595.457,1980
266988697928410,96,53,54860,595.457,1980
266988748970059,96,53,54860,563.374,1980
266988799750556,96,53,54860,563.374,1980
266988850009557,2,2,54860,520.112,1980
266988900233518,2,2,54860,520.112,1980
266988950361831,2,2,54860,486.444,1980
266989001536350,2,2,54860,486.444,1980
266989051699447,72,35,54860,465.413,1980
266989103089921,72,35,54860,465.413,1980
266989153648402,72,35,54860,441.316,1980
266989203796423,72,35,54860,441.316,1980
266989255082369,76,38,54860,425.995,1980
266989305214904,76,38,54860,425.995,1980
266989355480639,76,38,54860,402.931,1980
266989406220236,76,38,54860,402.931,1980
266989456390636,90,43,54860,384.579,1980
266989506510383,90,43,54860,384.579,1980
266989557217754,90,43,54860,365.599,1980
266989607652687,90,43,54860,365.599,1980
266989658556144,100,50,54860,351.14,1980
266989708682813,100,50,54860,351.14,1980
266989758811581,100,50,54860,366.224,1980
266989808926891,100,50,54860,366.224,1980
266989859041826,98,49,54860,417.478,1980
266989909183429,98,49,54860,417.478,1980
266989959300507,98,49,54860,452.17,1980
266990009419339,98,49,54860,452.17,1980
266990059538757,99,49,54860,476.153,1980
266990109662347,99,49,54860,476.153,1980
266990159781833,99,49,54860,498.928,1980
266990209891766,99,49,54860,498.928,1980
266990259998250,96,52,54860,518.518,1980
266990310114462,96,52,54860,518.518,1980
266990360223385,96,52,54860,542.472,1980
266990410333125,96,52,54860,542.472,1980
266990460439206,97,54,54860,557.887,1980
266990510546280,97,54,54860,557.887,1980
266990560654604,97,54,54860,577.491,1980
266990610769989,97,54,54860,577.491,1980
266990660878935,96,54,54860,596.028,1980
266990710985436,96,54,54860,596.028,1980
266990761091595,96,54,54860,617.835,1980
266990811197857,96,54,54860,617.835,1980
266990861316481,97,52,54860,609.553,1980
266990911429732,97,52,54860,609.553,1980
266990961538275,97,52,54860,602.505,1980
266991013168314,97,52,54860,602.505,1980
266991064167729,99,54,54860,600.142,1980
266991114894620,99,54,54860,600.142,1980
266991165876368,99,54,54860,559.528,1980
266991222578713,99,54,54860,559.528,1980
266991272757845,2,2,54860,512.042,1980
266991323649406,2,2,54860,512.042,1980
266991374814594,2,2,54860,487.792,1980
266991425961148,2,2,54860,487.792,1980
266991476294311,76,37,54860,462.481,1980
266991526413173,76,37,54860,462.481,1980
266991576586275,76,37,54860,443.389,1980
266991627079969,76,37,54860,443.389,1980
266991677322472,87,42,54860,423.963,1980
266991727453277,87,42,54860,423.963,1980
266991777833969,87,42,54860,402.564,1980
266991828293774,87,42,54860,402.564,1980
266991878522791,100,50,54860,378.733,1980
266991928641630,100,50,54860,378.733,1980
266991978759638,100,50,54860,360.845,1980
266992028898175,100,50,54860,360.845,1980
266992079014231,84,42,54860,353.344,1980
266992129131083,84,42,54860,353.344,1980
266992179254268,84,42,54860,403.027,1980
266992229364277,84,42,54860,403.027,1980
266992279478486,98,52,54860,445.053,1980
266992329588113,98,52,54860,445.053,1980
266992379697319,98,52,54860,464.615,1980
266992429824144,98,52,54860,464.615,1980
266992479935842,90,49,54860,487.173,1980
266992530055114,90,49,54860,487.173,1980
266992580491885,90,49,54860,513.925,1980
266992630601900,90,49,54860,513.925,1980
266992680734016,97,54,54860,531.778,1980
266992730842022,97,54,54860,531.778,1980
266992780948248,97,54,54860,551.296,1980
266992831051595,97,54,54860,551.296,1980
266992881160493,96,55,54860,566.017,1980
266992931269644,96,55,54860,566.017,1980
266992981383489,96,55,54860,591.04,1980
266993031491059,96,55,54860,591.04,1980
266993081597801,97,54,54860,602.576,1980
266993131707608,97,54,54860,602.576,1980
266993181816218,97,54,54860,594.838,1980
266993231923719,97,54,54860,594.838,1980
266993282054487,98,55,54860,592.783,1980
266993332163312,98,55,54860,592.783,1980
266993383093829,98,55,54860,591.874,1980
266993433830396,98,55,54860,559.262,1980
266993484778424,81,57,54860,559.262,1980
266993535379644,81,57,54860,514.306,1980
266993587219889,81,57,54860,514.306,1980
266993637382358,2,1,54860,484.863,1980
266993688974723,2,1,54860,484.863,1980
266993740224063,2,1,54860,464.339,1980
266993790412394,2,1,54860,464.339,1980
266993840589210,75,37,54860,446.361,1980
266993891282865,75,37,54860,446.361,1980
266993942392106,75,37,54860,426.386,1980
266993992551440,75,37,54860,426.386,1980
266994042705103,85,42,54860,405.461,1980
266994092902515,85,42,54860,405.461,1980
266994143081478,85,42,54860,388.141,1980
266994193246542,85,42,54860,388.141,1980
266994243618564,99,49,54860,364.548,1980
266994293884540,99,49,54860,364.548,1980
266994344038422,99,49,54860,344.331,1980
266994394158462,99,49,54860,344.331,1980
266994444278376,78,40,54860,373.233,1980
266994494414962,78,40,54860,373.233,1980
266994544525188,78,40,54860,426.698,1980
266994594643975,78,40,54860,426.698,1980
266994644762700,98,54,54860,461.425,1980
266994694876106,98,54,54860,461.425,1980
266994744992979,98,54,54860,481.259,1980
266994795107071,98,54,54860,481.259,1980
266994845225628,96,51,54860,504.407,1980
266994895334843,96,51,54860,504.407,1980
266994945442762,96,51,54860,523.374,1980
266994995550497,96,51,54860,523.374,1980
266995045661494,96,56,54860,538.597,1980
266995095769430,96,56,54860,538.597,1980
266995145882232,96,56,54860,561.997,1980
266995196017332,96,56,54860,561.997,1980
266995246127390,96,56,54860,578.324,1980
266995296233034,96,56,54860,578.324,1980
266995346344988,96,56,54860,605.689,1980
266995396457343,96,56,54860,605.689,1980
266995446579245,96,56,54860,600.404,1980
266995496693910,96,56,54860,600.404,1980
266995546799410,96,56,54860,593.2,1980
266995597759934,96,56,54860,593.2,1980
266995648438538,97,65,54860,561.25,1980
266995699450836,97,65,54860,561.25,1980
266995750537960,97,65,54860,520.702,1980
266995801703735,97,65,54860,520.702,1980
266995851856160,2,2,54860,488.452,1980
266995902175741,2,2,54860,488.452,1980
266995953358072,2,2,54860,468.06,1980
266996003505224,2,2,54860,468.06,1980
266996053679805,75,37,54860,448.451,1980
266996104269479,75,37,54860,448.451,1980
266996154791917,75,37,54860,426.125,1980
266996204974518,75,37,54860,426.125,1980
266996255092311,95,46,54860,404.247,1980
266996305379984,95,46,54860,404.247,1980
266996355845060,95,46,54860,384.387,1980
266996408646429,95,46,54860,384.387,1980
266996458895219,100,50,54860,367.017,1980
266996512082872,100,50,54860,367.017,1980
266996562194951,100,50,54860,345.755,1980
266996612323736,100,50,54860,345.755,1980
266996662434316,81,41,54860,374.501,1980
266996712636145,81,41,54860,374.501,1980
266996762758676,81,41,54860,424.38,1980
266996812876721,81,41,54860,424.38,1980
266996862990279,98,50,54860,457.948,1980
266996913114936,98,50,54860,457.948,1980
266996963241155,98,50,54860,480.646,1980
266997013363613,98,50,54860,480.646,1980
266997063481342,95,52,54860,499.387,1980
266997113590528,95,52,54860,499.387,1980
266997163709622,95,52,54860,517.493,1980
266997213842538,95,52,54860,517.493,1980
266997263979816,96,54,54860,534.804,1980
266997314099237,96,54,54860,534.804,1980
266997364208131,96,54,54860,555.476,1980
266997414322879,96,54,54860,555.476,1980
266997464442034,97,53,54860,580.947,1980
266997514560834,97,53,54860,580.947,1980
266997564679388,97,53,54860,601.529,1980
266997614803270,97,53,54860,601.529,1980
266997664918174,98,54,54860,595.957,1980
266997715030548,98,54,54860,595.957,1980
266997765142110,98,54,54860,585.441,1980
266997815251524,98,54,54860,585.441,1980
266997865363367,96,54,54860,586.076,1980
266997916451350,96,54,54860,586.076,1980
266997967062258,96,54,54860,563.423,1980
266998017972763,96,54,54860,563.423,1980
266998069051762,9,9,54860,524.052,1980
266998119265767,9,9,54860,524.052,1980
266998169405136,9,9,54860,492.289,1980
266998220236935,9,9,54860,492.289,1980
266998270975810,52,25,54860,465.978,1980
266998322072990,52,25,54860,465.978,1980
266998372245987,52,25,54860,444.432,1980
266998423220280,52,25,54860,444.432,1980
266998473659103,83,41,54860,425.261,1980
266998523788442,83,41,54860,425.261,1980
266998574674897,83,41,54860,408.505,1980
266998624798094,83,41,54860,408.505,1980
266998675357836,99,49,54860,395.053,1980
266998725672927,99,49,54860,395.053,1980
266998775809580,99,49,54860,370.73,1980
266998825935788,99,49,54860,370.73,1980
266998876051220,100,50,54860,344.042,1980
266998926164453,100,50,54860,344.042,1980
266998976300394,100,50,54860,371.154,1980
266999026427967,100,50,54860,371.154,1980
266999076541338,99,50,54860,417.199,1980
266999129084647,99,50,54860,417.199,1980
266999179209452,99,50,54860,456.783,1980
266999229320058,99,50,54860,456.783,1980
266999279427788,91,46,54860,484.054,1980
266999329534956,91,46,54860,484.054,1980
266999379641506,91,46,54860,506.91,1980
266999429752055,91,46,54860,506.91,1980
266999479866653,98,55,54860,525.156,1980
266999529975127,98,55,54860,525.156,1980
266999580083121,98,55,54860,545.785,1980
266999630206028,98,55,54860,545.785,1980
266999680322878,96,54,54860,566.679,1980
266999730431258,96,54,54860,566.679,1980
266999780536351,96,54,54860,583.845,1980
266999830646183,96,54,54860,583.845,1980
266999880776277,97,55,54860,611.82,1980
266999930907545,97,55,54860,611.82,1980
266999981019354,97,55,54860,607.305,1980
267000031125970,97,55,54860,607.305,1980
267000081236532,96,54,54860,603.688,1980
267000131348041,96,54,54860,603.688,1980
267000182350366,96,54,54860,600.134,1980
267000233138165,96,54,54860,600.134,1980
267000283759302,80,55,54860,566.357,1980
267000334700571,80,55,54860,566.357,1980
267000387599270,80,55,54860,523.864,1980
267000437748517,80,55,54860,489.794,1980
267000488963834,2,1,54860,489.794,1980
267000539733780,2,1,54860,469.874,1980
267000590035951,2,1,54860,469.874,1980
267000641105246,77,38,54860,446.099,1980
267000691241417,77,38,54860,446.099,1980
267000742180733,77,38,54860,426.36,1980
267000792372942,77,38,54860,426.36,1980
267000842536619,94,46,54860,407.134,1980
267000893299105,94,46,54860,407.134,1980
267000943735332,94,46,54860,390.563,1980
267000993966747,94,46,54860,390.563,1980
267001044090199,100,50,54860,364.948,1980
267001104731772,100,50,54860,364.948,1980
267001154864019,100,50,54860,345.355,1980
267001204997670,100,50,54860,345.355,1980
267001255112525,73,36,54860,381.96,1980
267001305222361,73,36,54860,381.96,1980
267001355331900,73,36,54860,422.231,1980
267001405448312,73,36,54860,422.231,1980
267001455563505,98,48,54860,459.179,1980
267001505681189,98,48,54860,459.179,1980
267001555850523,98,48,54860,480.968,1980
267001605966376,98,48,54860,480.968,1980
267001656077120,97,52,54860,504.762,1980
267001706186447,97,52,54860,504.762,1980
267001756297681,97,52,54860,522.652,1980
267001806413545,97,52,54860,522.652,1980
267001856524459,96,54,54860,537.43,1980
267001906631725,96,54,54860,537.43,1980
267001956737787,96,54,54860,559.608,1980
267002006846434,96,54,54860,559.608,1980
267002056970595,96,53,54860,582.661,1980
267002107086728,96,53,54860,582.661,1980
267002157192768,96,53,54860,604.694,1980
267002207302470,96,53,54860,604.694,1980
267002257411650,98,55,54860,600.337,1980
267002307520420,98,55,54860,600.337,1980
267002357625869,98,55,54860,597.245,1980
267002407733923,98,55,54860,597.245,1980
267002459808560,96,54,54860,593.215,1980
267002510606530,96,54,54860,593.215,1980
267002561565761,96,54,54860,560.876,1980
267002612311100,96,54,54860,560.876,1980
267002663156405,2,2,54860,519.646,1980
267002713324856,2,2,54860,519.646,1980
267002765166697,2,2,54860,491.915,1980
267002815330172,2,2,54860,491.915,1980
267002866279991,69,33,54860,472.316,1980
267002917790297,69,33,54860,472.316,1980
267002967947665,69,33,54860,447.758,1980
267003018277094,69,33,54860,447.758,1980
267003069079070,77,38,54860,425.817,1980
267003119247095,77,38,54860,425.817,1980
267003169397517,77,38,54860,411.791,1980
267003219628815,77,38,54860,411.791,1980
267003269852887,97,48,54860,391.49,1980
267003319984342,97,48,54860,391.49,1980
267003370582533,97,48,54860,370.644,1980
267003423018828,97,48,54860,370.644,1980
267003473131579,100,50,54860,341.994,1980
267003523253813,100,50,54860,341.994,1980
267003573370351,100,50,54860,374.616,1980
267003623488892,100,50,54860,374.616,1980
267003673670042,98,49,54860,427.183,1980
267003723840539,98,49,54860,427.183,1980
267003773977702,98,49,54860,457.556,1980
267003824099647,98,49,54860,457.556,1980
267003874217157,89,46,54860,484.088,1980
267003924341641,89,46,54860,484.088,1980
267003974454565,89,46,54860,503.882,1980
267004024569754,89,46,54860,503.882,1980
267004075409893,96,54,54860,524.033,1980
267004125536856,96,54,54860,524.033,1980
267004175654142,96,54,54860,546.188,1980
267004225768643,96,54,54860,546.188,1980
267004275883813,99,54,54860,561.387,1980
267004325994704,99,54,54860,561.387,1980
267004376109508,99,54,54860,580.764,1980
267004426220747,99,54,54860,580.764,1980
267004476345661,96,53,54860,607.672,1980
267004526452398,96,53,54860,607.672,1980
267004576563131,96,53,54860,600.679,1980
267004626675178,96,53,54860,600.679,1980
267004678325021,97,53,54860,595.493,1980
267004729431514,97,53,54860,595.493,1980
267004780787636,97,53,54860,567.133,1980
267004831641172,97,53,54860,567.133,1980
267004888067335,7,6,54860,523.727,1980
267004938226715,7,6,54860,523.727,1980
267004989285549,7,6,54860,491.016,1980
267005040536839,7,6,54860,468.193,1980
267005090657092,55,26,54860,468.193,1980
267005140819434,55,26,54860,445.014,1980
267005190955514,55,26,54860,445.014,1980
267005241109896,83,40,54860,421.482,1980
267005291264200,83,40,54860,421.482,1980
267005341874882,83,40,54860,403.751,1980
267005392136409,83,40,54860,403.751,1980
267005442318897,99,49,54860,390.354,1980
267005492461227,99,49,54860,390.354,1980
267005542721604,99,49,54860,369.048,1980
267005592899094,99,49,54860,369.048,1980
267005643036314,100,50,54860,349.299,1980
267005693153139,100,50,54860,349.299,1980
267005743265220,100,50,54860,372.626,1980
267005793378273,100,50,54860,372.626,1980
267005843514189,98,50,54860,426.781,1980
267005893639429,98,50,54860,426.781,1980
267005945021364,98,50,54860,458.619,1980
267005995141086,98,50,54860,458.619,1980
267006045260863,91,48,54860,482.609,1980
267006095380845,91,48,54860,482.609,1980
267006145515761,91,48,54860,506.268,1980
267006195637969,91,48,54860,506.268,1980
267006245753387,97,53,54860,523.873,1980
267006295867166,97,53,54860,523.873,1980
267006345982304,97,53,54860,539.424,1980
267006396091496,97,53,54860,539.424,1980
267006446200183,96,55,54860,560.981,1980
267006496327388,96,55,54860,560.981,1980
267006546443480,96,55,54860,576.985,1980
267006596931016,96,55,54860,576.985,1980
267006647049551,96,54,54860,597.678,1980
267006697167829,96,54,54860,597.678,1980
267006747283349,96,54,54860,597.772,1980
267006797397881,96,54,54860,597.772,1980
267006847509325,96,54,54860,586.458,1980
267006898488668,96,54,54860,586.458,1980
267006949282481,96,54,54860,556.145,1980
267006999975197,96,54,54860,556.145,1980
267007050963082,2,2,54860,511.723,1980
267007101141728,2,2,54860,511.723,1980
267007152903934,2,2,54860,482.713,1980
267007203404900,2,2,54860,482.713,1980
267007255083615,68,33,54860,459.146,1980
267007305635860,68,33,54860,459.146,1980
267007355858184,68,33,54860,441.619,1980
267007406004535,68,33,54860,441.619,1980
267007456244318,81,40,54860,421.999,1980
267007506596164,81,40,54860,421.999,1980
267007556786803,81,40,54860,404.263,1980
267007607082790,81,40,54860,404.263,1980
267007657395255,99,49,54860,390.529,1980
267007707880773,99,49,54860,390.529,1980
267007758197908,99,49,54860,363.597,1980
267007809016335,99,49,54860,363.597,1980
267007859133183,100,50,54860,347.317,1980
267007909275133,100,50,54860,347.317,1980
267007959402843,100,50,54860,384.33,1980
267008009520218,100,50,54860,384.33,1980
267008059632136,98,49,54860,434.749,1980
267008109760720,98,49,54860,434.749,1980
267008159871483,98,49,54860,469.027,1980
267008210017430,98,49,54860,469.027,1980
267008260131995,91,47,54860,491.25,1980
267008310244139,91,47,54860,491.25,1980
267008360367075,91,47,54860,510.681,1980
267008410499552,91,47,54860,510.681,1980
267008460626602,96,53,54860,530.663,1980
267008510739579,96,53,54860,530.663,1980
267008560862829,96,53,54860,552.415,1980
267008610979971,96,53,54860,552.415,1980
267008661093021,96,54,54860,570.834,1980
267008711201904,96,54,54860,570.834,1980
267008761310190,96,54,54860,591.169,1980
267008811418398,96,54,54860,591.169,1980
267008861533870,96,53,54860,614.901,1980
267008911653192,96,53,54860,614.901,1980
267008961766701,96,53,54860,607.763,1980
267009011875973,96,53,54860,607.763,1980
267009062854046,96,53,54860,597.47,1980
267009114228295,96,53,54860,597.47,1980
267009165035165,96,53,54860,558.264,1980
267009215654825,96,53,54860,558.264,1980
267009265792072,2,2,54860,518.605,1980
267009315956890,2,2,54860,518.605,1980
267009367499300,2,2,54860,492.127,1980
267009417670693,2,2,54860,492.127,1980
267009467883693,72,35,54860,469.028,1980
267009518929112,72,35,54860,469.028,1980
267009569100516,72,35,54860,447.118,1980
267009619226508,72,35,54860,447.118,1980
267009669452753,82,40,54860,425.515,1980
267009719846317,82,40,54860,425.515,1980
267009769992425,82,40,54860,406.418,1980
267009820621738,82,40,54860,406.418,1980
267009871175187,99,49,54860,389.242,1980
267009921454834,99,49,54860,389.242,1980
267009971570530,99,49,54860,367.996,1980
267010021707855,99,49,54860,367.996,1980
267010071823318,100,50,54860,348.071,1980
267010121933556,100,50,54860,348.071,1980
267010172045727,100,50,54860,384.613,1980
267010222159214,100,50,54860,384.613,1980
267010272268809,98,50,54860,434.991,1980
267010322395403,98,50,54860,434.991,1980
267010372515595,98,50,54860,460.661,1980
267010422625143,98,50,54860,460.661,1980
267010472734443,89,47,54860,480.113,1980
267010522847437,89,47,54860,480.113,1980
267010572961596,89,47,54860,503.472,1980
267010623077424,89,47,54860,503.472,1980
267010673188036,96,55,54860,520.059,1980
267010723300772,96,55,54860,520.059,1980
267010773413248,96,55,54860,540.78,1980
267010823523630,96,55,54860,540.78,1980
267010873630615,96,54,54860,554.434,1980
267010923746347,96,54,54860,554.434,1980
267010973856717,96,54,54860,575.063,1980
267011023971914,96,54,54860,575.063,1980
267011074080849,96,54,54860,600.646,1980
267011124189702,96,54,54860,600.646,1980
267011174301015,96,54,54860,597.217,1980
267011224411911,96,54,54860,597.217,1980
267011274519328,96,55,54860,595.235,1980
267011325241154,96,55,54860,595.235,1980
267011375952065,96,55,54860,582.611,1980
267011426638976,96,55,54860,582.611,1980
267011477357098,40,34,54860,541.941,1980
267011527686934,40,34,54860,541.941,1980
267011577806937,40,34,54860,501.756,1980
267011629118206,40,34,54860,501.756,1980
267011679298529,27,12,54860,479.496,1980
267011729461562,27,12,54860,479.496,1980
267011779619162,27,12,54860,458.555,1980
267011830544237,27,12,54860,458.555,1980
267011880723329,78,38,54860,440.364,1980
267011930842401,78,38,54860,440.364,1980
267011981029480,78,38,54860,421.428,1980
267012031219525,78,38,54860,421.428,1980
267012081358082,100,49,54860,400.297,1980
267012131493680,100,49,54860,400.297,1980
267012181621061,100,49,54860,372.648,1980
267012231734691,100,49,54860,372.648,1980
267012281848973,100,50,54860,352.875,1980
267012331978683,100,50,54860,352.875,1980
267012382113622,100,50,54860,355.671,1980
267012432249628,100,50,54860,355.671,1980
267012482361272,98,50,54860,400.029,1980
267012532485566,98,50,54860,400.029,1980
267012582598027,98,50,54860,444.466,1980
267012632705455,98,50,54860,444.466,1980
267012682827626,91,46,54860,470.477,1980
267012732939994,91,46,54860,470.477,1980
267012783054711,91,46,54860,489.435,1980
267012833167014,91,46,54860,489.435,1980
267012883275286,97,54,54860,505.154,1980
267012933385731,97,54,54860,505.154,1980
267012983495738,97,54,54860,521.612,1980
267013033623201,97,54,54860,521.612,1980
267013083738222,96,54,54860,539.463,1980
267013133853034,96,54,54860,539.463,1980
267013183961838,96,54,54860,560.32,1980
267013234073960,96,54,54860,560.32,1980
267013284183392,95,55,54860,588.352,1980
267013334295060,95,55,54860,588.352,1980
267013384407899,95,55,54860,593.7,1980
267013434515655,95,55,54860,593.7,1980
267013484626321,96,54,54860,586.969,1980
267013534739966,96,54,54860,586.969,1980
267013585371693,96,54,54860,577.829,1980
267013636780713,96,54,54860,577.829,1980
267013687615703,75,53,54860,546.487,1980
267013738602944,75,53,54860,546.487,1980
267013790037890,75,53,54860,506.442,1980
267013840374420,75,53,54860,506.442,1980
267013890771183,6,3,54860,483.456,1980
267013942727165,6,3,54860,483.456,1980
267013993369196,6,3,54860,461.692,1980
267014043526607,6,3,54860,461.692,1980
267014093657134,79,39,54860,445.217,1980
267014143772494,79,39,54860,445.217,1980
267014193887464,79,39,54860,420.844,1980
267014244061476,79,39,54860,420.844,1980
267014294178450,100,49,54860,398.451,1980
267014344349189,100,49,54860,398.451,1980
267014394482592,100,49,54860,378.889,1980
267014444593832,100,49,54860,356.467,1980
267014494741764,100,50,54860,356.467,1980
267014544857691,100,50,54860,348.081,1980
267014594989981,100,50,54860,348.081,1980
267014645101420,100,50,54860,390.978,1980
267014695231018,92,45,54860,390.978,1980
267014745352633,92,45,54860,437.145,1980
267014795466221,92,45,54860,437.145,1980
267014845575389,91,44,54860,465.012,1980
267014895684831,91,44,54860,465.012,1980
267014945796566,91,44,54860,486.989,1980
267014995909753,91,44,54860,486.989,1980
267015046040883,96,53,54860,502.205,1980
267015096161540,96,53,54860,502.205,1980
267015146270978,96,53,54860,520.471,1980
267015196385562,96,53,54860,520.471,1980
267015246499873,96,53,54860,537.712,1980
267015296615440,96,53,54860,537.712,1980
267015346740226,96,53,54860,563.823,1980
267015396849209,96,53,54860,563.823,1980
267015446960725,97,53,54860,587.581,1980
267015497073317,97,53,54860,587.581,1980
267015547184695,97,53,54860,599.837,1980
267015597294006,97,53,54860,599.837,1980
267015647405143,99,54,54860,591.864,1980
267015697514709,99,54,54860,591.864,1980
267015747622468,99,54,54860,580.457,1980
267015798359496,99,54,54860,580.457,1980
267015849190763,55,42,54860,539.552,1980
267015900035589,55,42,54860,539.552,1980
267015950675513,55,42,54860,499.756,1980
267016001675218,55,42,54860,499.756,1980
267016053290372,19,9,54860,481.31,1980
267016103464236,19,9,54860,481.31,1980
267016153714017,19,9,54860,464.654,1980
267016203872808,19,9,54860,464.654,1980
267016254060148,75,37,54860,442.287,1980
267016304180807,75,37,54860,442.287,1980
267016354320290,75,37,54860,423.435,1980
267016404705193,75,37,54860,423.435,1980
267016454826589,93,46,54860,401.74,1980
267016505047612,93,46,54860,401.74,1980
267016555201815,93,46,54860,387.787,1980
267016605363577,93,46,54860,387.787,1980
267016655506600,100,50,54860,360.4,1980
267016705659046,100,50,54860,360.4,1980
267016755779706,100,50,54860,350.593,1980
267016805907785,100,50,54860,350.593,1980
267016856031470,73,36,54860,396.799,1980
267016906145223,73,36,54860,396.799,1980
267016956257632,73,36,54860,442.271,1980
267017006376967,73,36,54860,442.271,1980
267017056489547,98,48,54860,462.879,1980
267017106616772,98,48,54860,462.879,1980
267017156741326,98,48,54860,485.303,1980
267017206854674,98,48,54860,485.303,1980
267017256965351,96,51,54860,497.583,1980
267017307079080,96,51,54860,497.583,1980
267017357197892,96,51,54860,519.876,1980
267017407310370,96,51,54860,519.876,1980
267017457418193,97,53,54860,535.658,1980
267017507525694,97,53,54860,535.658,1980
267017557636938,97,53,54860,552.705,1980
267017607758923,97,53,54860,552.705,1980
267017657868388,97,52,54860,568.24,1980
267017707978008,97,52,54860,568.24,1980
267017758084907,97,52,54860,587.137,1980
267017808200492,97,52,54860,587.137,1980
267017858310990,96,53,54860,581.512,1980
267017908418169,96,53,54860,581.512,1980
267017958527407,96,53,54860,573.692,1980
267018008695972,96,53,54860,573.692,1980
267018059586256,90,55,54860,551.753,1980
267018110273204,90,55,54860,551.753,1980
267018161966487,90,55,54860,511.379,1980
267018212134144,90,55,54860,511.379,1980
267018262286898,2,2,54860,476.564,1980
267018313349336,2,2,54860,476.564,1980
267018365452933,2,2,54860,453.516,1980
267018416812874,2,2,54860,453.516,1980
267018466964716,75,37,54860,431.554,1980
267018517914392,75,37,54860,431.554,1980
267018568224187,75,37,54860,417.404,1980
267018619207518,75,37,54860,417.404,1980
267018669355207,85,42,54860,395.795,1980
267018719638606,85,42,54860,395.795,1980
267018769968057,85,42,54860,383.464,1980
267018820343721,85,42,54860,383.464,1980
267018870494864,100,50,54860,357.814,1980
267018920653389,100,50,54860,357.814,1980
267018970773373,100,50,54860,337.68,1980
267019020895708,100,50,54860,337.68,1980
267019071021888,81,40,54860,358.616,1980
267019121132322,81,40,54860,358.616,1980
267019171261211,81,40,54860,408.302,1980
267019221387207,81,40,54860,408.302,1980
267019271516980,98,49,54860,449.03,1980
267019321634989,98,49,54860,449.03,1980
267019371747256,98,49,54860,473.533,1980
267019421886462,98,49,54860,473.533,1980
267019472005723,95,51,54860,491.801,1980
267019522119338,95,51,54860,491.801,1980
267019572228625,95,51,54860,515.132,1980
267019622342607,95,51,54860,515.132,1980
267019672455260,96,54,54860,532.821,1980
267019723483982,96,54,54860,532.821,1980
267019773592017,96,54,54860,552.038,1980
267019823702006,96,54,54860,552.038,1980
267019873807719,96,53,54860,571.309,1980
267019923920421,96,53,54860,571.309,1980
267019974056546,96,53,54860,596.428,1980
267020024293966,96,53,54860,596.428,1980
267020074455441,96,54,54860,597.286,1980
267020124643582,96,54,54860,597.286,1980
267020174769976,96,54,54860,586.949,1980
267020224889597,96,54,54860,586.949,1980
267020275007009,95,53,54860,578.761,1980
267020325995244,95,53,54860,578.761,1980
267020377038008,95,53,54860,548.415,1980
267020428040707,95,53,54860,548.415,1980
267020478209841,2,2,54860,506.28,1980
267020528357934,2,2,54860,506.28,1980
267020579648164,2,2,54860,478.233,1980
267020629925226,2,2,54860,478.233,1980
267020681155253,67,32,54860,458.245,1980
267020732555446,67,32,54860,458.245,1980
267020782723725,67,32,54860,436.607,1980
267020833100886,67,32,54860,436.607,1980
267020884145848,76,38,54860,416.104,1980
267020935177004,76,38,54860,416.104,1980
267020985676802,76,38,54860,398.345,1980
267021035837143,76,38,54860,398.345,1980
267021086181823,96,47,54860,381.124,1980
267021136425066,96,47,54860,381.124,1980
267021186598124,96,47,54860,361.145,1980
267021236735094,96,47,54860,361.145,1980
267021286893276,100,50,54860,340.33,1980
267021337013165,100,50,54860,340.33,1980
267021387130299,100,50,54860,379.314,1980
267021437262748,100,50,54860,379.314,1980
267021487381469,98,49,54860,424.159,1980
267021537490870,98,49,54860,424.159,1980
267021587605139,98,49,54860,462.537,1980
267021637721751,98,49,54860,462.537,1980
267021687833326,91,44,54860,485.781,1980
267021737944301,91,44,54860,485.781,1980
267021788057389,91,44,54860,505.466,1980
267021838175534,91,44,54860,505.466,1980
267021888307588,98,55,54860,523.673,1980
267021938421438,98,55,54860,523.673,1980
267021988529602,98,55,54860,541.728,1980
267022038661085,98,55,54860,541.728,1980
267022088774748,95,53,54860,558.202,1980
267022138885837,95,53,54860,558.202,1980
267022188999351,95,53,54860,574.143,1980
267022239113465,95,53,54860,574.143,1980
267022289222353,97,52,54860,602.213,1980
267022339337142,97,52,54860,602.213,1980
267022389463636,97,52,54860,598.484,1980
267022439575673,97,52,54860,598.484,1980
267022489689800,98,54,54860,587.401,1980
267022542105072,98,54,54860,587.401,1980
267022592830325,98,54,54860,579.814,1980
267022643503170,98,54,54860,579.814,1980
267022694246816,63,46,54860,539.138,1980
267022744493436,63,46,54860,539.138,1980
267022795883466,63,46,54860,498.834,1980
267022846067267,63,46,54860,498.834,1980
267022896661596,7,3,54860,472.754,1980
267022948085252,7,3,54860,472.754,1980
267022999218229,7,3,54860,457.799,1980
267023049588543,76,37,54860,437.668,1980
267023099726697,76,37,54860,437.668,1980
267023149915186,76,37,54860,415.825,1980
267023200073708,76,37,54860,415.825,1980
267023250239058,96,47,54860,396.723,1980
267023300787793,96,47,54860,396.723,1980
267023351284347,96,47,54860,372.851,1980
267023401749685,96,47,54860,372.851,1980
267023451902945,100,50,54860,358.294,1980
267023502054864,100,50,54860,358.294,1980
267023552206652,100,50,54860,342.393,1980
267023602320490,100,50,54860,342.393,1980
267023652457158,74,37,54860,386.044,1980
267023702578898,74,37,54860,386.044,1980
267023752695074,74,37,54860,427.358,1980
267023805210882,74,37,54860,427.358,1980
267023855320733,98,50,54860,458.19,1980
267023905439569,98,50,54860,458.19,1980
267023955556957,98,50,54860,478.061,1980
267024005675124,98,50,54860,478.061,1980
267024055801737,96,49,54860,498.691,1980
267024105917953,96,49,54860,498.691,1980
267024156031863,96,49,54860,518.957,1980
267024206139983,96,49,54860,518.957,1980
267024256247196,98,55,54860,546.4,1980
267024306388843,98,55,54860,546.4,1980
267024356499086,98,55,54860,563.432,1980
267024406611963,98,55,54860,563.432,1980
267024456727336,96,54,54860,587.582,1980
267024506841754,96,54,54860,587.582,1980
267024556955066,96,54,54860,607.584,1980
267024607064919,96,54,54860,607.584,1980
267024657175189,95,54,54860,602.243,1980
267024707288198,95,54,54860,602.243,1980
267024757396687,95,54,54860,597.45,1980
267024807573100,95,54,54860,597.45,1980
267024857688385,96,54,54860,594.056,1980
267024908488333,96,54,54860,594.056,1980
267024959316451,96,54,54860,555.697,1980
267025010292310,96,54,54860,555.697,1980
267025060495752,2,2,54860,514.822,1980
267025111247446,2,2,54860,514.822,1980
267025161389637,2,2,54860,484.529,1980
267025212633941,2,2,54860,484.529,1980
267025263669117,73,36,54860,463.91,1980
267025313834879,73,36,54860,463.91,1980
267025365270153,73,36,54860,442.712,1980
267025416193200,73,36,54860,442.712,1980
267025466624866,81,40,54860,420.13,1980
267025517040731,81,40,54860,420.13,1980
267025567153698,81,40,54860,402.321,1980
267025617298313,81,40,54860,402.321,1980
267025667419996,100,49,54860,375.133,1980
267025717553748,100,49,54860,375.133,1980
267025767679086,100,49,54860,357.168,1980
267025817811229,100,49,54860,357.168,1980
267025867930191,100,50,54860,338.691,1980
267025918046979,100,50,54860,338.691,1980
267025968158035,100,50,54860,384.263,1980
267026018286740,100,50,54860,384.263,1980
267026068432042,98,50,54860,425.731,1980
267026118545958,98,50,54860,425.731,1980
267026168657613,98,50,54860,459.908,1980
267026218787209,98,50,54860,459.908,1980
267026268902656,90,48,54860,477.619,1980
267026319023132,90,48,54860,477.619,1980
267026369135566,90,48,54860,500.698,1980
267026419247008,90,48,54860,500.698,1980
267026469357201,97,52,54860,523.585,1980
267026519470888,97,52,54860,523.585,1980
267026569579818,97,52,54860,538.697,1980
267026619691287,97,52,54860,538.697,1980
267026669804320,98,55,54860,561.577,1980
267026719923063,98,55,54860,561.577,1980
267026770055745,98,55,54860,581.932,1980
267026820173837,98,55,54860,581.932,1980
267026870284875,95,54,54860,605.068,1980
267026920405338,95,54,54860,605.068,1980
267026970523323,95,54,54860,597.332,1980
267027020651377,95,54,54860,597.332,1980
267027070786792,97,54,54860,592.184,1980
267027121461855,97,54,54860,592.184,1980
267027172314661,97,54,54860,573.618,1980
267027223075764,97,54,54860,573.618,1980
267027273778356,25,25,54860,534.213,1980
267027324607148,25,25,54860,534.213,1980
267027375713089,25,25,54860,495.327,1980
267027425902787,25,25,54860,495.327,1980
267027478241397,36,17,54860,470.879,1980
267027528423123,36,17,54860,470.879,1980
267027578589637,36,17,54860,448.968,1980
267027628709276,36,17,54860,448.968,1980
267027678859082,85,41,54860,428.525,1980
267027728996000,85,41,54860,428.525,1980
267027779635395,85,41,54860,406.946,1980
267027829805444,85,41,54860,406.946,1980
267027879929114,100,49,54860,385.454,1980
267027930267124,100,49,54860,385.454,1980
267027980422174,100,49,54860,365.902,1980
267028031221078,100,49,54860,365.902,1980
267028081341048,100,50,54860,345.824,1980
267028131456908,100,50,54860,345.824,1980
267028181585892,100,50,54860,358.719,1980
267028231699113,100,50,54860,358.719,1980
267028281808932,97,48,54860,411.202,1980
267028331923012,97,48,54860,411.202,1980
267028382040778,97,48,54860,445.517,1980
267028432163872,97,48,54860,445.517,1980
267028482279998,89,46,54860,473.596,1980
267028532400762,89,46,54860,473.596,1980
267028582519960,89,46,54860,487.126,1980
267028632629461,89,46,54860,487.126,1980
267028682745504,96,53,54860,506.487,1980
267028732862484,96,53,54860,506.487,1980
267028782975784,96,53,54860,532.315,1980
267028833090313,96,53,54860,532.315,1980
267028883202205,95,54,54860,549.013,1980
267028933315064,95,54,54860,549.013,1980
267028983433403,95,54,54860,571.79,1980
267029033552508,95,54,54860,571.79,1980
267029083659458,98,54,54860,597.328,1980
267029133770616,98,54,54860,597.328,1980
267029183882159,98,54,54860,590.968,1980
267029235558980,98,54,54860,590.968,1980
267029286605317,96,53,54860,576.418,1980
267029337229330,96,53,54860,576.418,1980
267029387972868,96,53,54860,536.693,1980
267029439502642,96,53,54860,536.693,1980
267029489701048,2,2,54860,496.604,1980
267029540937162,2,2,54860,496.604,1980
267029591626619,2,2,54860,475.519,1980
267029641774962,2,2,54860,475.519,1980
267029693082400,73,36,54860,452.183,1980
267029743257826,73,36,54860,452.183,1980
267029793396224,73,36,54860,432.466,1980
267029843575355,73,36,54860,432.466,1980
267029894500156,79,39,54860,410.522,1980
267029944631401,79,39,54860,410.522,1980
267029994859458,79,39,54860,389.304,1980
267030045039932,79,39,54860,389.304,1980
267030095607922,96,47,54860,374.191,1980
267030146038027,96,47,54860,374.191,1980
267030201575783,96,47,54860,351.619,1980
267030257513254,100,50,54860,347.773,1980
267030307634499,100,50,54860,347.773,1980
267030357750046,100,50,54860,389.81,1980
267030407884966,100,50,54860,389.81,1980
267030458098814,98,50,54860,445.781,1980
267030508214384,98,50,54860,445.781,1980
267030558332881,98,50,54860,471.149,1980
267030608444110,98,50,54860,471.149,1980
267030658552589,89,47,54860,492.597,1980
267030708661063,89,47,54860,492.597,1980
267030758773757,89,47,54860,509.951,1980
267030808890061,89,47,54860,509.951,1980
267030859005646,96,53,54860,534.362,1980
267030909119857,96,53,54860,534.362,1980
267030960320406,96,53,54860,553.285,1980
267031010438934,96,53,54860,553.285,1980
267031060553126,95,54,54860,570.248,1980
267031111029071,95,54,54860,570.248,1980
267031161177461,95,54,54860,597.181,1980
267031211286915,95,54,54860,597.181,1980
267031261401793,95,54,54860,615.84,1980
267031311540932,95,54,54860,615.84,1980
267031361655873,95,54,54860,608.371,1980
267031412916704,95,54,54860,608.371,1980
267031464305804,95,54,54860,594.486,1980
267031515302246,95,54,54860,594.486,1980
267031566003424,95,54,54860,552.168,1980
267031616671804,95,54,54860,552.168,1980
267031668046824,2,2,54860,509.671,1980
267031718203083,2,2,54860,509.671,1980
267031768358326,2,2,54860,485.312,1980
267031818474712,2,2,54860,485.312,1980
267031868673504,68,33,54860,463.37,1980
267031918916022,68,33,54860,463.37,1980
267031969547624,68,33,54860,443.274,1980
267032020646141,68,33,54860,443.274,1980
267032070885263,79,39,54860,423.034,1980
267032121092163,79,39,54860,423.034,1980
267032171318430,79,39,54860,399.729,1980
267032221533114,79,39,54860,399.729,1980
267032271690134,97,48,54860,378.749,1980
267032321898909,97,48,54860,378.749,1980
267032372390555,97,48,54860,354.488,1980
267032424818225,97,48,54860,354.488,1980
267032474944853,100,50,54860,342.214,1980
267032525061092,100,50,54860,342.214,1980
267032575172017,100,50,54860,385.68,1980
267032625315525,100,50,54860,385.68,1980
267032675437107,97,49,54860,430.082,1980
267032725550592,97,49,54860,430.082,1980
267032775667911,97,49,54860,462.934,1980
267032825777657,97,49,54860,462.934,1980
267032875889282,89,46,54860,488.448,1980
267032926003659,89,46,54860,488.448,1980
267032976113763,89,46,54860,507.519,1980
267033026222053,89,46,54860,507.519,1980
267033076338899,96,54,54860,525.854,1980
267033126455371,96,54,54860,525.854,1980
267033176565675,96,54,54860,539.748,1980
267033226678492,96,54,54860,539.748,1980
267033276789446,96,53,54860,561.613,1980
267033326902249,96,53,54860,561.613,1980
267033377038114,96,53,54860,579.222,1980
267033427154935,96,53,54860,579.222,1980
267033477261915,95,53,54860,593.801,1980
267033527370488,95,53,54860,593.801,1980
267033577478601,95,53,54860,588.813,1980
267033627591503,95,53,54860,588.813,1980
267033677704234,96,54,54860,582.478,1980
267033728715700,96,54,54860,582.478,1980
267033779695568,96,54,54860,556.673,1980
267033830476667,96,54,54860,556.673,1980
267033881990628,25,25,54860,519.118,1980
267033933108556,25,25,54860,519.118,1980
267033983402098,25,25,54860,477.881,1980
267034034976507,25,25,54860,477.881,1980
267034086780255,39,19,54860,460.387,1980
267034137596600,39,19,54860,460.387,1980
267034188757222,39,19,54860,438.915,1980
267034238969152,39,19,54860,438.915,1980
267034289150340,76,38,54860,422.159,1980
267034339399502,76,38,54860,422.159,1980
267034389582891,76,38,54860,405.799,1980
267034440504109,76,38,54860,405.799,1980
267034490661144,98,49,54860,392.881,1980
267034540776663,98,49,54860,392.881,1980
267034590889322,98,49,54860,369.004,1980
267034641162048,98,49,54860,369.004,1980
267034691280229,100,50,54860,344.647,1980
267034741401419,100,50,54860,344.647,1980
267034791517523,100,50,54860,364.954,1980
267034841627393,100,50,54860,364.954,1980
267034891771946,98,50,54860,409.625,1980
267034941898361,98,50,54860,409.625,1980
267034992016226,98,50,54860,452.236,1980
267035042135459,98,50,54860,452.236,1980
267035092249024,90,45,54860,475.859,1980
267035142361834,90,45,54860,475.859,1980
267035192621733,90,45,54860,496.091,1980
267035242728625,90,45,54860,496.091,1980
267035292834413,95,52,54860,512.823,1980
267035342937706,95,52,54860,512.823,1980
267035393043228,95,52,54860,535.454,1980
267035443162891,95,52,54860,535.454,1980
267035493279886,96,53,54860,556.991,1980
267035543386416,96,53,54860,556.991,1980
267035593506338,96,53,54860,580.696,1980
267035643616402,96,53,54860,580.696,1980
267035693728429,95,54,54860,606.888,1980
267035743838757,95,54,54860,606.888,1980
267035793942717,95,54,54860,606.707,1980
267035844046130,95,54,54860,606.707,1980
267035894151207,95,53,54860,599.208,1980
267035945225397,95,53,54860,599.208,1980
267035995840404,95,53,54860,587.459,1980
267036046745229,95,53,54860,587.459,1980
267036097614936,74,52,54860,545.842,1980
267036149344255,74,52,54860,545.842,1980
267036199675965,74,52,54860,506.105,1980
267036249914844,74,52,54860,506.105,1980
267036300090142,3,2,54860,482.67,1980
267036351925124,3,2,54860,482.67,1980
267036402990920,3,2,54860,460.504,1980
267036454143610,3,2,54860,460.504,1980
267036504304349,73,36,54860,444.019,1980
267036555231638,73,36,54860,422.118,1980
267036606398849,73,36,54860,422.118,1980
267036657062604,85,42,54860,400.973,1980
267036707229617,85,42,54860,400.973,1980
267036757515149,85,42,54860,381.543,1980
267036807697306,85,42,54860,381.543,1980
267036857825838,100,50,54860,361.024,1980
267036908024239,100,50,54860,361.024,1980
267036958172689,100,50,54860,340.667,1980
267037008314173,100,50,54860,340.667,1980
267037058425823,74,37,54860,388.585,1980
267037108538959,74,37,54860,388.585,1980
267037158650565,74,37,54860,437.444,1980
267037208762948,74,37,54860,437.444,1980
267037258886970,98,50,54860,463.511,1980
267037308997776,98,50,54860,463.511,1980
267037359111111,98,50,54860,486.303,1980
267037409227348,98,50,54860,486.303,1980
267037459354706,95,51,54860,507.816,1980
267037509468074,95,51,54860,507.816,1980
267037559576689,95,51,54860,525.268,1980
267037609684806,95,51,54860,525.268,1980
267037659797283,95,54,54860,548.091,1980
267037709910628,95,54,54860,548.091,1980
267037760045306,95,54,54860,569.264,1980
267037810157763,95,54,54860,569.264,1980
267037860267554,97,52,54860,594.659,1980
267037910378585,97,52,54860,594.659,1980
267037960495490,97,52,54860,616.673,1980
267038010603558,97,52,54860,616.673,1980
267038060713716,98,54,54860,611.57,1980
267038110822630,98,54,54860,611.57,1980
267038160929875,98,54,54860,606.686,1980
267038211041477,98,54,54860,606.686,1980
267038261150193,96,54,54860,600.622,1980
267038312154911,96,54,54860,600.622,1980
267038362819018,96,54,54860,566.723,1980
267038413754740,96,54,54860,566.723,1980
267038464456944,2,2,54860,524.264,1980
267038514595733,2,2,54860,524.264,1980
267038564765596,2,2,54860,498.439,1980
267038616488908,2,2,54860,498.439,1980
267038666666350,58,28,54860,475.98,1980
267038716811460,58,28,54860,475.98,1980
267038767667794,58,28,54860,452.473,1980
267038819293409,58,28,54860,452.473,1980
267038869469028,74,37,54860,430.299,1980
267038919604572,74,37,54860,430.299,1980
267038969912581,74,37,54860,405.888,1980
267039020044453,74,37,54860,405.888,1980
267039070190931,90,44,54860,387.721,1980
267039120455831,90,44,54860,387.721,1980
267039170964523,90,44,54860,365.628,1980
267039221317545,90,44,54860,365.628,1980
267039271505097,100,50,54860,343.244,1980
267039321627825,100,50,54860,343.244,1980
267039371746943,100,50,54860,372.698,1980
267039421903790,100,50,54860,372.698,1980
267039472034980,91,46,54860,418.999,1980
267039522164043,91,46,54860,418.999,1980
267039572276508,91,46,54860,450.941,1980
267039622393004,91,46,54860,450.941,1980
267039672522213,92,46,54860,472.536,1980
267039722631128,92,46,54860,472.536,1980
267039772745807,92,46,54860,491.784,1980
267039822865368,92,46,54860,491.784,1980
267039872989603,95,52,54860,515.401,1980
267039923097918,95,52,54860,515.401,1980
267039973205527,95,52,54860,531.827,1980
267040023318040,95,52,54860,531.827,1980
267040073446149,97,52,54860,557.814,1980
267040123560642,97,52,54860,557.814,1980
267040173669850,97,52,54860,573.896,1980
267040223777670,97,52,54860,573.896,1980
267040273885449,98,54,54860,596.636,1980
267040323996525,98,54,54860,596.636,1980
267040374110787,98,54,54860,609.411,1980
267040424222372,98,54,54860,609.411,1980
267040474333334,95,53,54860,603.573,1980
267040524443072,95,53,54860,603.573,1980
267040574551290,95,53,54860,599.451,1980
267040625462416,95,53,54860,599.451,1980
267040676221672,96,61,54860,568.646,1980
267040726956670,96,61,54860,568.646,1980
267040777687839,96,61,54860,529.337,1980
267040828414899,96,61,54860,529.337,1980
267040878574287,2,2,54860,496.993,1980
267040928711902,2,2,54860,496.993,1980
267040979991068,2,2,54860,472.572,1980
267041031616650,2,2,54860,472.572,1980
267041082334421,74,36,54860,451.492,1980
267041132658139,74,36,54860,451.492,1980
267041182807426,74,36,54860,426.558,1980
267041232945339,74,36,54860,426.558,1980
267041283077526,83,41,54860,410.954,1980
267041333782572,83,41,54860,410.954,1980
267041384246391,83,41,54860,393.637,1980
267041434469444,83,41,54860,393.637,1980
267041484624959,97,48,54860,367.895,1980
267041534769555,97,48,54860,367.895,1980
267041584889094,97,48,54860,345.678,1980
267041635008893,97,48,54860,345.678,1980
267041685130559,82,41,54860,369.658,1980
267041735251079,82,41,54860,369.658,1980
267041785364705,82,41,54860,422.875,1980
267041835478749,82,41,54860,422.875,1980
267041885603613,98,50,54860,459.926,1980
267041935719679,98,50,54860,459.926,1980
267041985830037,98,50,54860,480.533,1980
267042036033917,98,50,54860,480.533,1980
267042086152442,90,48,54860,504.088,1980
267042136267815,90,48,54860,504.088,1980
267042186387323,90,48,54860,520.342,1980
267042236498060,90,48,54860,520.342,1980
267042286653939,95,54,54860,540.544,1980
267042336765669,95,54,54860,540.544,1980
267042386878900,95,54,54860,559.377,1980
267042436996906,95,54,54860,559.377,1980
267042487113771,98,55,54860,579.811,1980
267042537226654,98,55,54860,579.811,1980
267042587362266,98,55,54860,601.274,1980
267042637479024,98,55,54860,601.274,1980
267042687591806,95,53,54860,611.035,1980
267042737702405,95,53,54860,611.035,1980
267042787810992,95,53,54860,603.144,1980
267042837926357,95,53,54860,603.144,1980
267042888044460,97,54,54860,596.927,1980
267042939082473,97,54,54860,596.927,1980
267042990134744,97,54,54860,573.646,1980
267043041145204,97,54,54860,573.646,1980
267043092760066,31,29,54860,530.527,1980
267043144630507,31,29,54860,530.527,1980
267043194792079,31,29,54860,501.01,1980
267043246301290,31,29,54860,501.01,1980
267043296556474,32,16,54860,476.554,1980
267043347123820,32,16,54860,476.554,1980
267043397330487,32,16,54860,455.157,1980
267043447449950,32,16,54860,455.157,1980
267043497876092,76,38,54860,436.268,1980
267043548124730,76,38,54860,436.268,1980
267043598384452,76,38,54860,410.244,1980
267043648648461,76,38,54860,410.244,1980
267043698769035,100,49,54860,389.425,1980
267043749015533,100,49,54860,389.425,1980
267043799158479,100,49,54860,366.505,1980
267043853595026,100,49,54860,366.505,1980
267043903713890,100,50,54860,346.151,1980
267043953937384,100,50,54860,346.151,1980
267044004067605,100,50,54860,364.714,1980
267044054176072,100,50,54860,364.714,1980
267044104333435,98,49,54860,413.805,1980
267044154473187,98,49,54860,413.805,1980
267044204593934,98,49,54860,449.001,1980
267044254710130,98,49,54860,449.001,1980
267044304824503,90,45,54860,472.297,1980
267044354932710,90,45,54860,472.297,1980
267044405042715,90,45,54860,490.526,1980
267044455156450,90,45,54860,490.526,1980
267044505299015,98,54,54860,511.118,1980
267044555411317,98,54,54860,511.118,1980
267044605521925,98,54,54860,526.711,1980
267044655629171,98,54,54860,526.711,1980
267044705736641,95,54,54860,545.402,1980
267044755856429,95,54,54860,545.402,1980
267044805974992,95,54,54860,564.038,1980
267044856114506,95,54,54860,564.038,1980
267044906233802,97,52,54860,586.585,1980
267044956350433,97,52,54860,586.585,1980
267045006463060,97,52,54860,597.52,1980
267045056572557,97,52,54860,597.52,1980
267045106680123,98,55,54860,589.004,1980
267045157466424,98,55,54860,589.004,1980
267045208134268,98,55,54860,567.401,1980
267045259206756,98,55,54860,567.401,1980
267045310303112,46,37,54860,524.748,1980
267045360529764,46,37,54860,488.486,1980
267045410721405,46,37,54860,488.486,1980
267045462339627,17,8,54860,467.23,1980
267045512980426,17,8,54860,467.23,1980
267045563120549,17,8,54860,449.087,1980
267045614413013,17,8,54860,449.087,1980
267045664972503,72,36,54860,432.609,1980
267045715127762,72,36,54860,432.609,1980
267045765314328,72,36,54860,412.035,1980
267045816082262,72,36,54860,412.035,1980
267045866315401,87,43,54860,392.806,1980
267045916469069,87,43,54860,392.806,1980
267045966641026,87,43,54860,372.029,1980
267046016816374,87,43,54860,372.029,1980
267046066935495,100,50,54860,345.224,1980
267046117052484,100,50,54860,345.224,1980
267046167180845,100,50,54860,342.13,1980
267046217297203,100,50,54860,342.13,1980
267046267411708,72,36,54860,392.071,1980
267046317531800,72,36,54860,392.071,1980
267046367646651,72,36,54860,439.83,1980
267046417760038,72,36,54860,439.83,1980
267046467875246,98,48,54860,464.176,1980
267046517991950,98,48,54860,464.176,1980
267046568251047,98,48,54860,488.879,1980
267046618370932,98,48,54860,488.879,1980
267046668848953,96,51,54860,509.005,1980
267046718960061,96,51,54860,509.005,1980
267046769069330,96,51,54860,527.668,1980
267046819189470,96,51,54860,527.668,1980
267046869309948,95,53,54860,549.117,1980
267046919723492,95,53,54860,549.117,1980
267046969836208,95,53,54860,576.109,1980
267047019956013,95,53,54860,576.109,1980
267047070068062,95,52,54860,592.597,1980
267047120178177,95,52,54860,592.597,1980
267047170289004,95,52,54860,617.487,1980
267047220399253,95,52,54860,617.487,1980
267047270509124,98,54,54860,610.04,1980
267047320616952,98,54,54860,610.04,1980
267047370729191,98,54,54860,602.746,1980
267047420854328,98,54,54860,602.746,1980
267047470967015,95,53,54860,598.527,1980
267047521600059,95,53,54860,598.527,1980
267047572568653,95,53,54860,556.715,1980
267047623534099,95,53,54860,556.715,1980
267047673704368,2,2,54860,513.719,1980
267047723894306,2,2,54860,513.719,1980
267047775331557,2,2,54860,490.119,1980
267047825455509,2,2,54860,490.119,1980
267047875621339,72,34,54860,464.817,1980
267047926960123,72,34,54860,464.817,1980
267047977314645,72,34,54860,443.345,1980
267048027465251,72,34,54860,443.345,1980
267048077598357,85,42,54860,425.266,1980
267048127765610,85,42,54860,425.266,1980
267048177937330,85,42,54860,409.754,1980
267048228182475,85,42,54860,409.754,1980
267048278478036,99,49,54860,389.144,1980
267048328601312,99,49,54860,389.144,1980
267048378719800,99,49,54860,366.141,1980
267048428835219,99,49,54860,366.141,1980
267048478965867,100,50,54860,350.728,1980
267048529110835,100,50,54860,350.728,1980
267048579222669,100,50,54860,398.764,1980
267048629335244,100,50,54860,398.764,1980
267048679447509,98,49,54860,440.753,1980
267048729565938,98,49,54860,440.753,1980
267048779680740,98,49,54860,468.499,1980
267048830013101,98,49,54860,468.499,1980
267048880124778,89,47,54860,489.795,1980
267048930234784,89,47,54860,489.795,1980
267048980344994,89,47,54860,512.152,1980
267049030465720,89,47,54860,512.152,1980
267049080598707,95,55,54860,530.355,1980
267049130714789,95,55,54860,530.355,1980
267049180829852,95,55,54860,545.133,1980
267049230955779,95,55,54860,545.133,1980
267049281090720,95,53,54860,561.558,1980
267049331211741,95,53,54860,561.558,1980
267049381324038,95,53,54860,583.881,1980
267049431434209,95,53,54860,583.881,1980
267049481548846,97,52,54860,599.271,1980
267049531664970,97,52,54860,599.271,1980
267049581777655,97,52,54860,592.817,1980
267049631891678,97,52,54860,592.817,1980
267049682009727,98,54,54860,583.621,1980
267049732120331,98,54,54860,583.621,1980
267049782984069,98,54,54860,573.732,1980
267049833702395,98,54,54860,573.732,1980
267049884448105,64,47,54860,532.571,1980
267049935164947,64,47,54860,532.571,1980
267049987448297,64,47,54860,491.068,1980
267050037647635,64,47,54860,491.068,1980
267050087804420,11,6,54860,467.394,1980
267050139219962,11,6,54860,467.394,1980
267050189410135,11,6,54860,445.564,1980
267050240400194,11,6,54860,445.564,1980
267050291580774,72,35,54860,429.213,1980
267050342212858,72,35,54860,429.213,1980
267050392337584,72,35,54860,415.379,1980
267050442477564,72,35,54860,415.379,1980
267050492719290,97,48,54860,388.524,1980
267050542857869,97,48,54860,388.524,1980
267050592978929,97,48,54860,370.195,1980
267050643214443,97,48,54860,370.195,1980
267050693354305,100,50,54860,345.448,1980
267050743472769,100,50,54860,345.448,1980
267050793584716,100,50,54860,347.536,1980
267050843718089,100,50,54860,347.536,1980
267050893864700,80,41,54860,396.788,1980
267050943978393,80,41,54860,396.788,1980
267050994109978,80,41,54860,443.212,1980
267051044225070,80,41,54860,443.212,1980
267051094339393,98,49,54860,467.113,1980
267051144448280,98,49,54860,467.113,1980
267051194560264,98,49,54860,488.977,1980
267051244671965,98,49,54860,488.977,1980
267051294787876,95,52,54860,504.922,1980
267051344923088,95,52,54860,504.922,1980
267051395044333,95,52,54860,523.54,1980
267051445154390,95,52,54860,523.54,1980
267051495264220,96,52,54860,547.535,1980
267051545375382,96,52,54860,547.535,1980
267051595492318,96,52,54860,570.571,1980
267051645607097,96,52,54860,570.571,1980
267051695716988,98,54,54860,588.129,1980
267051745828940,98,54,54860,588.129,1980
267051795941562,98,54,54860,601.31,1980
267051846056439,98,54,54860,601.31,1980
267051896167664,95,53,54860,591.758,1980
267051946974869,95,53,54860,591.758,1980
267051997087164,95,53,54860,587.566,1980
267052048588723,95,53,54860,587.566,1980
267052099336057,96,62,54860,554.622,1980
267052149946471,96,62,54860,554.622,1980
267052200855375,96,62,54860,513.363,1980
267052252142024,96,62,54860,513.363,1980
267052302523610,2,2,54860,482.883,1980
267052353961806,2,2,54860,482.883,1980
267052405174850,2,2,54860,461.78,1980
267052455322636,2,2,54860,461.78,1980
267052506113494,74,36,54860,442.693,1980
267052557081734,74,36,54860,442.693,1980
267052607718757,74,36,54860,421.314,1980
267052657881860,74,36,54860,421.314,1980
267052708132631,88,43,54860,406.763,1980
267052758363929,88,43,54860,406.763,1980
267052808514986,88,43,54860,389.363,1980
267052858679975,88,43,54860,389.363,1980
267052908958255,100,49,54860,366.028,1980
267052959088933,100,49,54860,366.028,1980
267053009211638,100,49,54860,339.557,1980
267053059349358,100,49,54860,339.557,1980
267053109465070,77,38,54860,373.668,1980
267053159580829,77,38,54860,373.668,1980
267053209693540,77,38,54860,426.651,1980
267053259819403,77,38,54860,426.651,1980
267053309936549,98,50,54860,458.015,1980
267053360050008,98,50,54860,458.015,1980
267053410163519,98,50,54860,482.978,1980
267053460278404,98,50,54860,482.978,1980
267053510391608,96,52,54860,501.335,1980
267053560507266,96,52,54860,501.335,1980
267053610616447,96,52,54860,517.281,1980
267053660728220,96,52,54860,517.281,1980
267053710841706,95,54,54860,536.531,1980
267053760951720,95,54,54860,536.531,1980
267053811064140,95,54,54860,557.444,1980
267053862044523,95,54,54860,557.444,1980
267053912166553,97,52,54860,579.854,1980
267053962283399,97,52,54860,579.854,1980
267054012393538,97,52,54860,597.589,1980
267054062503972,97,52,54860,597.589,1980
267054112630641,98,54,54860,595.858,1980
267054162752632,98,54,54860,595.858,1980
267054212864898,98,54,54860,587.563,1980
267054264745915,98,54,54860,580.23,1980
267054315018571,95,53,54860,580.23,1980
267054365827137,95,53,54860,543.894,1980
267054416835777,95,53,54860,543.894,1980
267054478417461,2,2,54860,503.898,1980
267054529781158,2,2,54860,503.898,1980
267054579970890,2,2,54860,478.813,1980
267054631218185,2,2,54860,478.813,1980
267054681337071,60,28,54860,455.801,1980
267054732905798,60,28,54860,455.801,1980
267054784317692,60,28,54860,438.445,1980
267054835066609,60,28,54860,438.445,1980
267054885253015,79,38,54860,417.795,1980
267054935907203,79,38,54860,417.795,1980
267054986121537,79,38,54860,400.906,1980
267055036244605,79,38,54860,400.906,1980
267055086383056,98,48,54860,384.426,1980
267055136636707,98,48,54860,384.426,1980
267055186880870,98,48,54860,366.748,1980
267055237099444,98,48,54860,366.748,1980
267055287226842,100,50,54860,342.098,1980
267055337346149,100,50,54860,342.098,1980
267055387472164,100,50,54860,382.515,1980
267055437585044,100,50,54860,382.515,1980
267055487696088,98,54,54860,428.429,1980
267055537818266,98,54,54860,428.429,1980
267055587958036,98,54,54860,466.524,1980
267055638072116,98,54,54860,466.524,1980
267055688192548,90,49,54860,486.474,1980
267055738302586,90,49,54860,486.474,1980
267055788413642,90,49,54860,511.567,1980
267055838544157,90,49,54860,511.567,1980
267055888661047,95,56,54860,530.31,1980
267055938770973,95,56,54860,530.31,1980
267055988878992,95,56,54860,547.417,1980
267056038988197,95,56,54860,547.417,1980
267056089106252,97,57,54860,572.175,1980
267056139223754,97,57,54860,572.175,1980
267056189333990,97,57,54860,593.667,1980
267056239443622,97,57,54860,593.667,1980
267056289556295,95,57,54860,614.93,1980
267056339668221,95,57,54860,614.93,1980
267056389778169,95,57,54860,616.343,1980
267056439890097,95,57,54860,616.343,1980
267056490015368,97,56,54860,605.651,1980
267056540133900,97,56,54860,605.651,1980
267056590242444,97,56,54860,600.361,1980
267056650578677,97,56,54860,600.361,1980
267056701240741,95,57,54860,591.892,1980
267056752061408,95,57,54860,591.892,1980
267056803408387,95,57,54860,548.378,1980
267056853668536,95,57,54860,548.378,1980
267056903827037,2,2,54860,513.745,1980
267056954026422,2,2,54860,513.745,1980
267057004204652,2,2,54860,488.918,1980
267057054867689,2,2,54860,488.918,1980
267057105494185,73,36,54860,466.96,1980
267057155679212,73,36,54860,466.96,1980
267057205807184,73,36,54860,447.079,1980
267057256209880,73,36,54860,447.079,1980
267057306726724,91,45,54860,424.204,1980
267057357006894,91,45,54860,424.204,1980
267057407132993,91,45,54860,403.421,1980
267057457259157,91,45,54860,403.421,1980
267057507389918,100,50,54860,386.307,1980
267057558659406,100,50,54860,386.307,1980
267057608783504,100,50,54860,362.055,1980
267057658915740,100,50,54860,362.055,1980
267057709062346,82,41,54860,364.804,1980
267057759203678,82,41,54860,364.804,1980
267057809318841,82,41,54860,410.402,1980
267057859463908,82,41,54860,410.402,1980
267057909585517,98,50,54860,453.886,1980
267057959699626,98,50,54860,453.886,1980
267058009812934,98,50,54860,478.403,1980
267058059924246,98,50,54860,478.403,1980
267058110043529,95,51,54860,497.87,1980
267058160159151,95,51,54860,497.87,1980
267058210286271,95,51,54860,516.846,1980
267058260404286,95,51,54860,516.846,1980
267058310512318,95,54,54860,533.918,1980
267058360618753,95,54,54860,533.918,1980
267058410731573,95,54,54860,549.749,1980
267058460842031,95,54,54860,549.749,1980
267058510955824,95,54,54860,571.621,1980
267058561082026,95,54,54860,571.621,1980
267058611204917,95,54,54860,592.051,1980
267058661323773,95,54,54860,592.051,1980
267058711447021,95,54,54860,593.567,1980
267058761563187,95,54,54860,593.567,1980
267058814140052,95,54,54860,584.119,1980
267058864960789,95,54,54860,584.119,1980
267058915877097,98,54,54860,559.46,1980
267058966968781,98,54,54860,520.678,1980
267059022622475,98,54,54860,520.678,1980
267059072794619,2,2,54860,487.208,1980
267059124451760,2,2,54860,487.208,1980
267059174681675,2,2,54860,466.22,1980
267059225452288,2,2,54860,466.22,1980
267059276359233,73,36,54860,446.529,1980
267059327051529,73,36,54860,446.529,1980
267059377811011,73,36,54860,426.508,1980
267059428294140,73,36,54860,426.508,1980
267059478492152,99,49,54860,409.29,1980
267059528949635,99,49,54860,409.29,1980
267059579356097,99,49,54860,394.682,1980
267059629486588,99,49,54860,394.682,1980
267059679611603,100,50,54860,370.523,1980
267059729739998,100,50,54860,370.523,1980
267059779857126,100,50,54860,350.413,1980
267059829998478,100,50,54860,350.413,1980
267059880118331,98,50,54860,370.997,1980
267059930234652,98,50,54860,370.997,1980
267059980358160,98,50,54860,419.598,1980
267060030472535,98,50,54860,419.598,1980
267060080583621,98,50,54860,457.022,1980
267060130692986,98,50,54860,457.022,1980
267060180802339,98,50,54860,477.608,1980
267060230912625,98,50,54860,477.608,1980
267060281030070,96,53,54860,497.846,1980
267060331142201,96,53,54860,497.846,1980
267060381252362,96,53,54860,511.128,1980
267060431358829,96,53,54860,511.128,1980
267060481468881,95,54,54860,530.122,1980
267060531581452,95,54,54860,530.122,1980
267060581692076,95,54,54860,550.252,1980
267060631800967,95,54,54860,550.252,1980
267060681924396,95,55,54860,567.717,1980
267060732040340,95,55,54860,567.717,1980
267060782176879,95,55,54860,595.277,1980
267060832286738,95,55,54860,595.277,1980
267060882403124,98,55,54860,588.887,1980
267060932512184,98,55,54860,588.887,1980
267060982622070,98,55,54860,579.617,1980
267061032731094,98,55,54860,579.617,1980
267061083354377,95,54,54860,570.939,1980
267061134084319,95,54,54860,570.939,1980
267061185187358,95,54,54860,529.613,1980
267061236300107,95,54,54860,529.613,1980
267061287084980,2,2,54860,492.355,1980
267061337334559,2,2,54860,492.355,1980
267061388668082,2,2,54860,469.302,1980
267061439329609,2,2,54860,469.302,1980
267061490051566,69,34,54860,446.753,1980
267061540854473,69,34,54860,446.753,1980
267061591031846,69,34,54860,430.305,1980
267061641887647,69,34,54860,430.305,1980
267061692064789,86,42,54860,411.431,1980
267061742819821,86,42,54860,411.431,1980
267061792989713,86,42,54860,391.437,1980
267061843144990,86,42,54860,391.437,1980
267061893334680,100,50,54860,374.751,1980
267061943778913,100,50,54860,374.751,1980
267061994454234,100,50,54860,353.916,1980
267062044600657,100,50,54860,353.916,1980
267062094714604,78,39,54860,341.696,1980
267062144826827,78,39,54860,341.696,1980
267062194957750,78,39,54860,380.271,1980
267062245078712,78,39,54860,380.271,1980
267062295198042,98,51,54860,428.069,1980
267062345320332,98,51,54860,428.069,1980
267062395431311,98,51,54860,466.066,1980
267062445543374,98,51,54860,466.066,1980
267062495659801,98,53,54860,493.69,1980
267062545777402,98,53,54860,493.69,1980
267062595887997,98,53,54860,511.703,1980
267062646003706,98,53,54860,511.703,1980
267062696117167,95,54,54860,528.494,1980
267062746235887,95,54,54860,528.494,1980
267062796345921,95,54,54860,548.979,1980
267062846454056,95,54,54860,548.979,1980
267062896561685,98,57,54860,571.763,1980
267062946674753,98,57,54860,571.763,1980
267062996856928,98,57,54860,590.133,1980
267063046969985,98,57,54860,590.133,1980
267063097082921,95,54,54860,615.748,1980
267063147202042,95,54,54860,615.748,1980
267063197323451,95,54,54860,610.401,1980
267063247433689,95,54,54860,610.401,1980
267063297541686,97,55,54860,603.031,1980
267063347653398,97,55,54860,603.031,1980
267063397763779,97,55,54860,597.331,1980
267063448492111,97,55,54860,597.331,1980
267063499118047,38,33,54860,575.918,1980
267063549773253,38,33,54860,575.918,1980
267063600805617,38,33,54860,533.346,1980
267063651775420,38,33,54860,533.346,1980
267063701955717,26,12,54860,499.0,1980
267063752117706,26,12,54860,499.0,1980
267063803541710,26,12,54860,473.666,1980
267063855175982,26,12,54860,473.666,1980
267063905443333,75,37,54860,450.814,1980
267063956318308,75,37,54860,450.814,1980
267064006452908,75,37,54860,432.117,1980
267064058096584,75,37,54860,432.117,1980
267064108293649,92,45,54860,416.79,1980
267064158729615,92,45,54860,416.79,1980
267064209407786,92,45,54860,395.015,1980
267064259777398,92,45,54860,395.015,1980
267064309955058,100,50,54860,368.338,1980
267064360078846,100,50,54860,368.338,1980
267064410200075,100,50,54860,348.563,1980
267064460311471,100,50,54860,348.563,1980
267064510431199,79,39,54860,355.709,1980
267064560546982,79,39,54860,355.709,1980
267064610662254,79,39,54860,405.094,1980
267064660784709,79,39,54860,405.094,1980
267064710906254,98,48,54860,446.318,1980
267064761030392,98,48,54860,446.318,1980
267064811160845,98,48,54860,467.856,1980
267064861276986,98,48,54860,467.856,1980
267064911389432,95,51,54860,489.781,1980
267064961500794,95,51,54860,489.781,1980
267065011613359,95,51,54860,509.874,1980
267065061726714,95,51,54860,509.874,1980
267065111845006,95,54,54860,532.98,1980
267065161956685,95,54,54860,532.98,1980
267065212070085,95,54,54860,556.779,1980
267065262184228,95,54,54860,556.779,1980
267065312364313,95,53,54860,576.07,1980
267065362488341,95,53,54860,576.07,1980
267065412600263,95,53,54860,598.719,1980
267065462711167,95,53,54860,598.719,1980
267065512821922,97,51,54860,608.415,1980
267065562980662,97,51,54860,608.415,1980
267065613096628,97,51,54860,601.723,1980
267065663207579,97,51,54860,601.723,1980
267065713330956,98,53,54860,596.046,1980
267065763960107,98,53,54860,596.046,1980
267065814759455,98,53,54860,581.904,1980
267065866309315,98,53,54860,581.904,1980
267065916464574,2,2,54860,539.72,1980
267065977939707,2,2,54860,501.466,1980
267066028145290,2,2,54860,501.466,1980
267066080127770,73,36,54860,477.157,1980
267066130259151,73,36,54860,477.157,1980
267066180603307,73,36,54860,456.857,1980
267066230765945,73,36,54860,456.857,1980
267066281884651,84,41,54860,437.91,1980
267066332314605,84,41,54860,437.91,1980
267066382432537,84,41,54860,421.526,1980
267066432563636,84,41,54860,421.526,1980
267066482722872,100,50,54860,396.655,1980
267066532841344,100,50,54860,396.655,1980
267066583881318,100,50,54860,372.213,1980
267066634030393,100,50,54860,372.213,1980
267066684194712,75,37,54860,352.959,1980
267066734320776,75,37,54860,352.959,1980
267066784451493,75,37,54860,373.096,1980
267066834565673,75,37,54860,373.096,1980
267066885907363,97,48,54860,415.891,1980
267066936073100,97,48,54860,415.891,1980
267066986192623,97,48,54860,453.072,1980
267067036311562,97,48,54860,453.072,1980
267067086425076,95,50,54860,475.35,1980
267067136551658,95,50,54860,475.35,1980
267067186664124,95,50,54860,494.806,1980
267067236779030,95,50,54860,494.806,1980
267067286903873,95,52,54860,511.47,1980
267067337066069,95,52,54860,511.47,1980
267067387177901,95,52,54860,529.623,1980
267067437293661,95,52,54860,529.623,1980
267067487407316,95,53,54860,543.817,1980
267067537518564,95,53,54860,543.817,1980
267067587626373,95,53,54860,570.744,1980
267067637766807,95,53,54860,570.744,1980
267067687887188,97,54,54860,593.289,1980
267067738020740,97,54,54860,593.289,1980
267067788132070,97,54,54860,586.338,1980
267067839116612,97,54,54860,586.338,1980
267067889900311,34,31,54860,555.624,1980
267067940626784,34,31,54860,555.624,1980
267067991614097,34,31,54860,517.473,1980
267068041738465,34,31,54860,517.473,1980
267068093257522,32,15,54860,489.432,1980
267068143477591,32,15,54860,489.432,1980
267068193658059,32,15,54860,468.483,1980
267068244302788,32,15,54860,468.483,1980
267068296988395,74,37,54860,447.418,1980
267068347208116,74,37,54860,447.418,1980
267068398295697,74,37,54860,431.464,1980
267068448475637,74,37,54860,431.464,1980
267068499583671,87,43,54860,412.983,1980
267068549872268,87,43,54860,412.983,1980
267068600088666,87,43,54860,393.889,1980
267068650244381,87,43,54860,393.889,1980
267068700395180,100,50,54860,374.905,1980
267068750563880,100,50,54860,374.905,1980
267068800688049,100,50,54860,360.079,1980
267068850810470,100,50,54860,360.079,1980
267068900923760,77,38,54860,363.977,1980
267068951040002,77,38,54860,363.977,1980
267069001148316,77,38,54860,412.908,1980
267069051263372,77,38,54860,412.908,1980
267069101386298,98,48,54860,453.894,1980
267069151505867,98,48,54860,453.894,1980
267069201617846,98,48,54860,476.961,1980
267069251728823,98,48,54860,476.961,1980
267069301837989,95,52,54860,498.399,1980
267069351944507,95,52,54860,498.399,1980
267069402057268,95,52,54860,508.362,1980
267069452166403,95,52,54860,508.362,1980
267069502278440,97,52,54860,529.839,1980
267069552387877,97,52,54860,529.839,1980
267069602497320,97,52,54860,546.227,1980
267069652604324,97,52,54860,546.227,1980
267069702711481,98,54,54860,569.121,1980
267069752820094,98,54,54860,569.121,1980
267069802947635,98,54,54860,595.318,1980
267069853057654,98,54,54860,595.318,1980
267069903166233,96,53,54860,614.299,1980
267069953271556,96,53,54860,614.299,1980
267070003377518,96,53,54860,609.062,1980
267070053483116,96,53,54860,609.062,1980
267070104168046,88,60,54860,607.338,1980
267070154758949,88,60,54860,607.338,1980
267070205699546,88,60,54860,571.938,1980
267070256359504,88,60,54860,571.938,1980
267070306884363,2,2,54860,527.292,1980
267070357270247,2,2,54860,527.292,1980
267070407406759,2,2,54860,510.631,1980
267070458647156,2,2,54860,510.631,1980
267070508769614,73,36,54860,486.121,1980
267070558933489,73,36,54860,486.121,1980
267070609155903,73,36,54860,466.591,1980
267070660160275,73,36,54860,466.591,1980
267070711025606,89,44,54860,441.137,1980
267070761250707,89,44,54860,441.137,1980
267070811595824,89,44,54860,415.643,1980
267070862153182,89,44,54860,415.643,1980
267070912522515,100,50,54860,392.079,1980
267070962667847,100,50,54860,392.079,1980
267071027118451,100,50,54860,372.704,1980
267071077234779,74,37,54860,344.624,1980
267071127350523,74,37,54860,344.624,1980
267071177461693,74,37,54860,386.988,1980
267071227585332,74,37,54860,386.988,1980
267071277699380,98,51,54860,430.935,1980
267071327809751,98,51,54860,430.935,1980
267071377920020,98,51,54860,465.149,1980
267071428035583,98,51,54860,465.149,1980
267071478155963,96,53,54860,485.507,1980
267071528269235,96,53,54860,485.507,1980
267071578380515,96,53,54860,502.379,1980
267071628487387,96,53,54860,502.379,1980
267071678595466,96,54,54860,526.25,1980
267071728724956,96,54,54860,526.25,1980
267071778838186,96,54,54860,546.463,1980
267071828949621,96,54,54860,546.463,1980
267071879058659,97,53,54860,561.404,1980
267071929169831,97,53,54860,561.404,1980
267071979278180,97,53,54860,588.979,1980
267072029392479,97,53,54860,588.979,1980
267072079499676,96,55,54860,612.177,1980
267072129610757,96,55,54860,612.177,1980
267072179729101,96,55,54860,605.174,1980
267072229843451,96,55,54860,605.174,1980
267072279955778,95,53,54860,595.313,1980
267072330066265,95,53,54860,595.313,1980
267072382346042,95,53,54860,589.914,1980
267072433073824,95,53,54860,589.914,1980
267072483792040,12,11,54860,560.496,1980
267072534680057,12,11,54860,560.496,1980
267072589275248,12,11,54860,518.653,1980
267072640419719,12,11,54860,518.653,1980
267072690606498,57,27,54860,481.88,1980
267072742162520,57,27,54860,481.88,1980
267072792729036,57,27,54860,462.413,1980
267072844114927,57,27,54860,462.413,1980
267072894299470,78,38,54860,440.276,1980
267072944430638,78,38,54860,440.276,1980
267072994552967,78,38,54860,419.964,1980
267073045017237,78,38,54860,419.964,1980
267073095180043,98,49,54860,399.489,1980
267073145614304,98,49,54860,399.489,1980
267073195975326,98,49,54860,381.045,1980
267073246199843,98,49,54860,381.045,1980
267073296378977,100,50,54860,355.826,1980
267073346517518,100,50,54860,355.826,1980
267073396635672,100,50,54860,341.61,1980
267073446744971,100,50,54860,341.61,1980
267073496855941,98,50,54860,379.756,1980
267073546969355,98,50,54860,379.756,1980
267073597086230,98,50,54860,433.346,1980
267073647227069,98,50,54860,433.346,1980
267073697338168,91,45,54860,468.254,1980
267073747445959,91,45,54860,468.254,1980
267073797554301,91,45,54860,489.122,1980
267073847663403,91,45,54860,489.122,1980
267073897773410,98,55,54860,510.462,1980
267073947880636,98,55,54860,510.462,1980
267073998012621,98,55,54860,528.731,1980
267074048122993,98,55,54860,528.731,1980
267074098230626,96,54,54860,550.049,1980
267074148338716,96,54,54860,550.049,1980
267074198453379,96,54,54860,570.919,1980
267074248564614,96,54,54860,570.919,1980
267074298675743,97,52,54860,593.8,1980
267074348786071,97,52,54860,593.8,1980
267074398891205,97,52,54860,615.702,1980
267074448998479,97,52,54860,615.702,1980
267074499128504,98,54,54860,608.563,1980
267074549245579,98,54,54860,608.563,1980
267074599357003,98,54,54860,601.407,1980
267074649467232,98,54,54860,601.407,1980
267074700469354,62,46,54860,580.662,1980
267074751389085,62,46,54860,580.662,1980
267074802206567,62,46,54860,538.73,1980
267074852323155,62,46,54860,538.73,1980
267074902591337,12,5,54860,501.07,1980
267074954077399,12,5,54860,501.07,1980
267075004204815,12,5,54860,478.615,1980
267075054670102,12,5,54860,478.615,1980
267075105969832,74,37,54860,452.173,1980
267075156097583,74,37,54860,452.173,1980
267075207301016,74,37,54860,433.663,1980
267075257434249,74,37,54860,433.663,1980
267075308018513,88,43,54860,413.33,1980
267075358465358,88,43,54860,413.33,1980
267075408604524,88,43,54860,394.681,1980
267075458930582,88,43,54860,394.681,1980
267075509078702,100,50,54860,379.795,1980
267075559306987,100,50,54860,379.795,1980
267075610504076,100,50,54860,354.152,1980
267075660635202,100,50,54860,354.152,1980
267075710763077,78,40,54860,359.814,1980
267075760874969,78,40,54860,359.814,1980
267075811008744,78,40,54860,411.443,1980
267075861123027,78,40,54860,411.443,1980
267075911237409,98,50,54860,455.846,1980
267075961350093,98,50,54860,455.846,1980
267076011459290,98,50,54860,475.646,1980
267076061583682,98,50,54860,475.646,1980
267076111714391,95,52,54860,497.347,1980
267076161829468,95,52,54860,497.347,1980
267076211943295,95,52,54860,513.615,1980
267076262060478,95,52,54860,513.615,1980
267076312179333,96,54,54860,535.104,1980
267076362298732,96,54,54860,535.104,1980
267076412410881,96,54,54860,557.019,1980
267076462517295,96,54,54860,557.019,1980
267076512625957,96,53,54860,578.426,1980
267076562736709,96,53,54860,578.426,1980
267076612851992,96,53,54860,597.957,1980
267076662962368,96,53,54860,597.957,1980
267076713072717,98,55,54860,609.98,1980
267076763182530,98,55,54860,609.98,1980
267076813290244,98,55,54860,604.336,1980
267076863403699,98,55,54860,604.336,1980
267076913512094,96,54,54860,597.182,1980
267076965044694,96,54,54860,597.182,1980
267077015919169,96,54,54860,590.518,1980
267077066590694,96,54,54860,590.518,1980
267077117467329,2,2,54860,550.932,1980
267077173826317,2,2,54860,550.932,1980
267077224337099,2,2,54860,510.164,1980
267077275180533,2,2,54860,484.383,1980
267077325313274,65,32,54860,484.383,1980
267077376208767,65,32,54860,461.423,1980
267077426376698,65,32,54860,461.423,1980
267077476545356,81,40,54860,444.533,1980
267077526748039,81,40,54860,444.533,1980
267077576915622,81,40,54860,424.577,1980
267077627108123,81,40,54860,424.577,1980
267077677415399,100,50,54860,400.651,1980
267077727911817,100,50,54860,400.651,1980
267077778078437,100,50,54860,376.613,1980
267077832537169,100,50,54860,376.613,1980
267077882651085,79,40,54860,359.625,1980
267077932764237,79,40,54860,359.625,1980
267077982880395,79,40,54860,371.259,1980
267078032998246,79,40,54860,371.259,1980
267078083125948,98,53,54860,422.506,1965
267078133249327,98,53,54860,422.506,1965
267078183364410,98,53,54860,460.947,1965
267078233474018,98,53,54860,460.947,1965
267078283583103,97,53,54860,482.406,1965
267078333692687,97,53,54860,482.406,1965
267078383801208,97,53,54860,496.896,1980
267078433909875,97,53,54860,496.896,1980
267078484025497,98,56,54860,515.492,1980
267078534133922,98,56,54860,515.492,1980
267078584242115,98,56,54860,538.412,1980
267078634353104,98,56,54860,538.412,1980
267078684469909,96,55,54860,559.286,1980
267078734577472,96,55,54860,559.286,1980
267078784687320,96,55,54860,581.221,1980
267078834796844,96,55,54860,581.221,1980
267078884908965,96,55,54860,600.44,1980
267078935035766,96,55,54860,600.44,1980
267078985149442,96,55,54860,589.58,1980
267079035260506,96,55,54860,589.58,1980
