t_ns,util_gpu_pct,util_mem_pct,mem_used_mib,power_w,sm_clock_mhz
262237622532398,0,0,962,98.099,1980
262237692499273,0,0,962,98.099,1980
262237748414129,0,0,6852,103.134,1980
262237801087556,0,0,6852,103.134,1980
262237851277254,0,0,6852,108.355,1980
262237901404284,0,0,6852,108.355,1980
262237951526290,13,0,6852,113.638,1980
262238001731221,13,0,6852,113.638,1980
262238054943429,13,0,6852,118.653,1980
262238105178612,13,0,6852,118.653,1980
262238155411992,14,0,6852,123.758,1980
262238205626422,14,0,6852,123.758,1980
262238255851217,14,0,6852,128.949,1980
262238306080278,14,0,6852,128.949,1980
262238356299444,14,0,6852,133.851,1980
262238406517258,14,0,6852,133.851,1980
262238456741415,14,0,6852,136.255,1980
262238506952902,14,0,6852,136.255,1980
262238557142574,13,0,6852,135.906,1980
262238611980862,13,0,6852,136.063,1980
262238709371531,13,0,6872,136.063,1980
262238854956029,15,0,6872,136.165,1980
262238999202197,0,0,6872,135.921,1980
262239049364250,0,0,6872,135.822,1980
262239099940548,0,0,6872,135.822,1980
262239150468380,0,0,6872,135.893,1980
262239200624843,0,0,6872,135.893,1980
262239339469882,0,0,6872,135.548,1980
262239495967974,0,0,6872,135.411,1980
262239631239289,0,0,6872,135.432,1980
262239770140884,0,0,6872,135.197,1980
262239835450002,0,0,6872,135.165,1980
262239905813238,0,0,6872,135.165,1980
262239976187830,0,0,6872,135.21,1980
262240041474790,0,0,6872,135.378,1980
262240111829179,0,0,6872,135.23,1980
262240525825538,0,0,6872,135.318,1980
262240586077902,0,0,6872,135.318,1980
262240656442571,0,0,6872,135.171,1980
262240721737686,0,0,6872,135.142,1980
262240792094965,0,0,6872,135.142,1980
262240862442356,0,0,6872,135.232,1980
262240932788583,0,0,6872,135.309,1980
262241376646339,0,0,6872,135.27,1980
262241433280987,0,0,6872,135.127,1980
262241483404976,0,0,6872,135.127,1980
262241533514454,0,0,6872,135.009,1980
262241583848365,0,0,6872,135.009,1980
262241633958263,0,0,6872,135.034,1980
262241688892481,0,0,6872,135.034,1980
262241739014596,0,0,6872,135.175,1980
262241789123068,0,0,6872,135.175,1980
262241839229611,0,0,6872,135.124,1980
262241891726016,0,0,6872,135.124,1980
262241941830944,0,0,6872,134.998,1980
262241991937999,0,0,6872,134.998,1980
262242047306314,0,0,6872,135.03,1980
262242097485111,0,0,6872,135.03,1980
262242147600094,0,0,6872,135.166,1980
262242197710398,0,0,6872,135.166,1980
262242247821564,0,0,6872,135.194,1980
262242305591328,0,0,6872,135.194,1980
262242358766929,0,0,6872,135.035,1980
262242408879619,0,0,6872,135.035,1980
262242459268412,0,0,6872,135.035,1980
262242509369486,0,0,6872,135.035,1980
262242559630758,0,0,6872,135.162,1980
262242879781086,0,0,6872,135.06,1980
262242930129288,0,0,7036,135.139,1980
262243232482691,0,0,7036,135.034,1980
262243282663709,0,0,7520,135.034,1980
262243332911005,0,0,7520,135.093,1980
262243383144134,0,0,7520,135.093,1980
262243433301105,0,0,7520,135.218,1980
262243483419407,0,0,7520,135.218,1980
262243540329390,0,0,7520,135.136,1980
262243590450773,0,0,7520,135.136,1980
262243642723678,0,0,7520,135.007,1980
262243698390317,0,0,7520,135.007,1980
262243748848954,0,0,7520,135.046,1980
262243799756543,0,0,7520,135.046,1980
262243852767346,0,0,7520,135.206,1980
262243902939627,0,0,7520,135.206,1980
262243953110219,0,0,7520,135.209,1980
262244010429386,0,0,7520,135.209,1980
262244060570492,0,0,7520,135.073,1980
262244111351631,0,0,7520,135.073,1980
262244161509793,0,0,7520,135.074,1980
262244211748127,0,0,7520,135.251,1980
262244261905213,0,0,7520,135.251,1980
262244312024588,0,0,7520,135.297,1980
262244362154187,0,0,7520,135.297,1980
262244412600171,0,0,7520,135.151,1980
262244463018888,0,0,7602,135.151,1980
262244513448476,0,0,9482,135.129,1980
262244563726762,0,0,10136,135.129,1980
262244613857775,0,0,10136,135.298,1980
262244663997596,0,0,10582,135.298,1980
262244714569654,0,0,10582,135.346,1980
262244767687362,0,0,10582,135.346,1980
262244817798525,0,0,10582,135.18,1980
262244869091404,0,0,10582,135.18,1980
262244919221072,0,0,10582,135.137,1980
262244969344145,0,0,10582,135.137,1980
262245019477458,0,0,10582,135.365,1980
262245069590728,0,0,10582,135.365,1980
262245119708956,15,0,10582,135.601,1980
262245169840442,15,0,10582,135.601,1980
262245219971034,15,0,10582,135.565,1980
262245270079010,15,0,10582,135.565,1980
262245351209724,15,0,10582,135.591,1980
262245669644691,0,0,10582,135.656,1980
262245978922267,0,0,10116,135.73,1980
262246297949007,0,0,10156,135.128,1980
262246348086358,0,0,10156,135.22,1980
262246398200226,0,0,10156,135.22,1980
262246448317721,0,0,10156,135.152,1980
262246498425931,0,0,10156,135.152,1980
262246548531389,0,0,10156,135.013,1980
262246598637226,0,0,10156,135.013,1980
262246648745203,0,0,10156,135.023,1980
262246698852596,0,0,10156,135.023,1980
262246748957890,0,0,10156,135.191,1980
262246799060599,0,0,10156,135.191,1980
262246849162580,0,0,10156,135.232,1980
262246899264195,0,0,10156,135.232,1980
262246949374324,0,0,10156,135.059,1980
262246999475400,0,0,10156,135.059,1980
262247049580715,0,0,10156,135.026,1980
262247106379854,0,0,10156,135.026,1980
262247156483753,0,0,10156,135.199,1980
262247206585070,0,0,10156,135.199,1980
262247256692905,0,0,10156,135.283,1980
262247306801844,0,0,10156,135.283,1980
262247356917706,0,0,10156,135.09,1980
262247407035600,0,0,10156,135.09,1980
262247457137631,0,0,10156,135.07,1980
262247507240381,0,0,10156,135.07,1980
262247557355342,0,0,10156,135.17,1980
262247607457271,0,0,10156,135.17,1980
262247657565448,0,0,10156,135.231,1980
262247707671941,0,0,10156,135.231,1980
262247757774805,0,0,10156,135.096,1980
262247807876787,0,0,10156,135.096,1980
262247857979123,0,0,10156,134.976,1980
262247908080105,0,0,10156,134.976,1980
262247958180599,0,0,10156,135.075,1980
262248008283096,0,0,10156,135.075,1980
262248058386328,0,0,10156,135.193,1980
262248108487872,0,0,10156,135.193,1980
262248158590168,0,0,10156,135.104,1980
262248208691516,0,0,10156,135.104,1980
262248258793334,0,0,10156,134.952,1980
262248308893713,0,0,10156,134.952,1980
262248358998902,0,0,10156,135.015,1980
262248409110948,0,0,10156,135.015,1980
262248469360884,0,0,10156,135.13,1980
262248524575899,0,0,10156,135.032,1980
262248577680812,0,0,10156,135.032,1980
262248628166360,0,0,10156,134.94,1980
262248678308405,0,0,10282,134.94,1980
262248728453947,0,0,10282,134.996,1980
262248778580231,0,0,10574,134.996,1980
262248829374209,0,0,10574,145.835,1980
262249502169167,0,0,10574,147.007,1980
262249832761165,0,0,10254,138.663,1980
262250163240161,0,0,10282,136.428,1980
262250213434485,0,0,10366,136.428,1980
262250263653017,0,0,10344,136.549,1980
262250313800331,9,3,10370,137.866,1980
262250363912742,9,3,10370,137.866,1980
262250414061850,9,3,10376,139.369,1980
262250464187156,9,3,10378,139.369,1980
262250514336182,10,3,10380,140.406,1980
262250564488709,10,3,10368,140.406,1980
262250614628880,10,3,10372,141.654,1980
262250664746374,10,3,10374,141.654,1980
262250714863279,10,3,10380,142.903,1980
262250764995708,10,3,10382,142.903,1980
262250815140116,10,3,10386,143.76,1980
262250865271993,10,3,10392,143.76,1980
262250915385249,9,3,10396,144.402,1980
262250965582542,9,3,10400,144.402,1980
262251015718672,9,3,10404,145.479,1980
262251376709541,0,0,10406,145.169,1980
262251729443404,0,0,10320,140.264,1980
262251779643470,0,0,18718,140.264,1980
262251830015361,0,0,18718,140.434,1980
262251880162537,0,0,18718,140.434,1980
262251930281587,0,0,18718,139.688,1980
262251980400445,0,0,18718,139.688,1980
262252030508511,0,0,18718,138.633,1980
262252081675089,0,0,18718,138.633,1980
262252131987798,0,0,18718,137.772,1980
262252182102262,0,0,18718,137.772,1980
262252232542755,0,0,18718,137.823,1980
262252282674726,0,0,18718,137.823,1980
262252335194744,0,0,18718,137.637,1980
262252387292132,0,0,18718,137.637,1980
262252437408405,0,0,18718,137.6,1980
262252487739426,0,0,18718,137.6,1980
262252537850284,0,0,19038,137.72,1980
262252587959825,0,0,19038,137.72,1980
262252638070710,0,0,19040,147.13,1980
262252688190048,0,0,19040,147.13,1980
262252738298543,3,1,19042,147.978,1980
262252788441603,3,1,19042,147.978,1980
262252838566250,3,1,19042,147.129,1980
262252888698397,3,1,19042,147.129,1980
262252938807208,2,0,19042,148.498,1980
262253306075881,2,0,19042,148.653,1980
262253356225104,0,0,18874,148.972,1980
262253406363928,0,0,18848,148.972,1980
262253456561545,0,0,18868,151.342,1980
262253506773064,0,0,18866,151.342,1980
262253557059036,13,4,18866,152.167,1980
262253607210407,13,4,18864,152.167,1980
262253657321072,13,4,18848,143.704,1980
262253707452549,13,4,18848,143.704,1980
262253757672128,12,4,18868,143.7,1980
262253807849935,12,4,18868,143.7,1980
262253857966581,12,4,18868,144.635,1980
262253908101120,12,4,18848,144.635,1980
262253958361209,11,3,18868,144.681,1980
262254008530630,11,3,18848,144.681,1980
262254058649786,11,3,18848,144.991,1980
262254108786132,11,3,18848,144.991,1980
262254158929336,10,3,18872,146.613,1980
262254209060525,10,3,18854,146.613,1980
262254259184547,10,3,18856,148.151,1980
262254636322132,0,0,18858,145.644,1980
262254686847182,0,0,18858,145.644,1980
262254740039750,0,0,18858,144.648,1980
262254791444659,0,0,18858,144.648,1980
262254841560581,0,0,18858,142.943,1980
262254891671528,0,0,18858,142.943,1980
262254941852559,0,0,18858,141.655,1980
262254991999894,0,0,18858,141.655,1980
262255042122710,0,0,18858,140.767,1980
262255092226904,0,0,18858,140.767,1980
262255142332172,0,0,18858,139.716,1980
262255192443685,0,0,18858,139.716,1980
262255242547719,0,0,18858,137.799,1980
262255292651759,0,0,18858,137.799,1980
262255342753985,0,0,18858,136.189,1980
262255392864791,0,0,18858,136.189,1980
262255442972962,0,0,18858,136.2,1980
262255493753283,0,0,18858,136.2,1980
262255546484475,0,0,18858,136.336,1980
262255598186153,0,0,18858,136.336,1980
262255648291547,0,0,18858,136.194,1980
262255698414222,0,0,18858,136.194,1980
262255752949070,0,0,18858,136.107,1980
262256152825298,0,0,18858,136.064,1980
262256203108547,0,0,18858,136.064,1980
262256341702405,0,0,18858,136.305,1980
262256492181384,0,0,18858,136.267,1980
262256543406755,0,0,18858,136.113,1980
262256594155196,0,0,18858,136.113,1980
262256645198952,0,0,18858,136.257,1980
262256695998044,0,0,18858,136.257,1980
262256746106805,2,2,18858,136.83,1980
262256796771826,2,2,18894,136.83,1980
262256968606106,2,2,18894,139.787,1980
262257022675315,9,4,18894,143.941,1980
262257074044259,9,4,18894,143.941,1980
262257124237704,59,29,18894,163.381,1980
262257175614540,59,29,18894,163.381,1980
262257226098808,59,29,18894,183.792,1980
262257276218227,59,29,18894,183.792,1980
262257326386756,75,37,18894,207.197,1980
262257377658271,75,37,18894,207.197,1980
262257428603921,75,37,18894,229.239,1980
262257479618470,75,37,18894,229.239,1980
262257530720420,88,43,18894,252.365,1980
262257580844851,88,43,18894,252.365,1980
262257631035185,88,43,18894,274.419,1980
262257681147611,88,43,18894,274.419,1980
262257731250810,93,45,18894,295.834,1980
262257781364140,93,45,18894,295.834,1980
262257832679687,93,45,18894,308.66,1980
262257882793929,93,45,18916,308.66,1980
262257932906548,7,3,20668,305.377,1980
262257983018558,7,3,25086,305.377,1980
262258033129281,7,3,25086,337.409,1980
262258083230771,7,3,25086,337.409,1980
262258133337110,91,46,25086,365.255,1980
262258183445864,91,46,25086,365.255,1980
262258233554550,91,46,25086,391.183,1980
262258283677015,91,46,25086,391.183,1980
262258333796760,62,32,30866,384.064,1980
262258383906089,62,32,35608,384.064,1980
262258434016545,62,32,36864,377.963,1980
262258484127408,62,32,36864,377.963,1980
262258534230327,56,30,42878,393.009,1980
262258584347045,56,30,42878,393.009,1980
262258634452517,56,30,42878,412.818,1980
262258684569237,56,30,42878,412.818,1980
262258734692315,96,53,42878,433.83,1980
262258784802659,96,53,42878,433.83,1980
262258834907808,96,53,42878,462.457,1980
262258885029069,96,53,42878,462.457,1980
262258935132245,96,55,42878,504.904,1980
262258985263560,96,55,42878,504.904,1980
262259035374546,96,55,42878,513.314,1980
262259085475999,96,55,42878,513.314,1980
262259135580960,96,54,42878,506.553,1980
262259185681307,96,54,42878,506.553,1980
262259235800937,96,54,42878,504.674,1980
262259285906459,96,54,42878,504.674,1980
262259336016586,96,52,42878,523.606,1980
262259386133020,96,52,42878,523.606,1980
262259436241250,96,52,42878,526.961,1980
262259486392357,96,52,42878,526.961,1980
262259538299702,28,26,42878,507.591,1980
262259588431304,28,26,42878,507.591,1980
262259639413265,28,26,42878,486.084,1980
262259689665516,28,26,42878,486.084,1980
262259739822547,75,37,42878,464.975,1980
262259790573730,75,37,42878,464.975,1980
262259840686942,75,37,42878,442.849,1980
262259891532217,75,37,42878,442.849,1980
262259941729847,83,41,42878,423.819,1980
262259991859142,83,41,42878,423.819,1980
262260042035840,83,41,42878,404.809,1980
262260092833972,83,41,42878,404.809,1980
262260142976906,97,47,42878,387.211,1980
262260193095256,97,47,42878,387.211,1980
262260248280524,97,47,42878,370.33,1980
262260298386092,97,47,42880,370.33,1980
262260348493797,78,39,44072,349.425,1980
262260398608943,78,39,44072,349.425,1980
262260448706476,78,39,44072,380.445,1980
262260498821496,78,39,44072,380.445,1980
262260548928512,98,48,44072,412.944,1980
262260599060309,98,48,47494,412.944,1980
262260649191652,98,48,48686,434.365,1980
262260699317493,98,48,48686,434.365,1980
262260749423392,81,42,54338,456.043,1980
262260799532975,81,42,54338,456.043,1980
262260849636740,81,42,54338,478.004,1980
262260899743350,81,42,54338,478.004,1980
262260949846352,96,53,54338,502.634,1980
262260999949931,96,53,54338,502.634,1980
262261050054366,96,53,54338,522.649,1980
262261100158880,96,53,54338,522.649,1980
262261150266257,96,54,54338,539.96,1980
262261200369012,96,54,54338,539.96,1980
262261250477167,96,54,54338,562.341,1980
262261300582708,96,54,54338,562.341,1980
262261350693768,96,53,54338,581.803,1980
262261400800254,96,53,54338,581.803,1980
262261450902182,96,53,54338,573.374,1980
262261501281181,96,53,54338,573.374,1980
262261553191680,96,53,54338,567.757,1980
262261605775372,96,53,54338,567.757,1980
262261655892397,96,53,54338,546.143,1980
262261706027202,96,53,54338,546.143,1980
262261757033438,44,21,54338,525.551,1980
262261807168952,44,21,54338,525.551,1980
262261858503084,44,21,54338,500.035,1980
262261909627537,44,21,54338,500.035,1980
262261960105046,75,37,54338,477.676,1980
262262011230665,75,37,54338,477.676,1980
262262061377656,75,37,54338,454.597,1980
262262111570630,75,37,54338,454.597,1980
262262161688771,84,41,54338,431.38,1980
262262211843564,84,41,54338,431.38,1980
262262262750671,84,41,54338,415.93,1980
262262313646271,84,41,54338,415.93,1980
262262363759070,98,47,54338,397.008,1980
262262413874575,98,47,54338,397.008,1980
262262463984788,98,47,54338,371.174,1980
262262514167780,98,47,54338,371.174,1980
262262564268609,66,33,54338,370.913,1980
262262614370945,66,33,54338,370.913,1980
262262664471811,66,33,54338,402.707,1980
262262714573585,66,33,54338,402.707,1980
262262764680766,98,50,54338,424.438,1980
262262814784843,98,50,54338,424.438,1980
262262864886028,98,50,54338,447.84,1980
262262915006456,98,50,54338,447.84,1980
262262965106819,93,50,54338,482.193,1980
262263015213746,93,50,54338,482.193,1980
262263065314343,93,50,54338,506.386,1980
262263115434221,93,50,54338,506.386,1980
262263165538518,96,54,54338,522.26,1980
262263215642006,96,54,54338,522.26,1980
262263265751734,96,54,54338,544.122,1980
262263315857974,96,54,54338,544.122,1980
262263365959348,97,52,54338,567.269,1980
262263416060660,97,52,54338,567.269,1980
262263466157984,97,52,54338,588.803,1980
262263516259516,97,52,54338,588.803,1980
262263566356592,99,55,54338,595.347,1980
262263616457059,99,55,54338,595.347,1980
262263666568663,99,55,54338,586.522,1980
262263717065639,99,55,54338,586.522,1980
262263767163935,96,54,54338,582.412,1980
262263818702178,96,54,54338,582.412,1980
262263868867086,96,54,54338,555.418,1980
262263920114171,96,54,54338,522.704,1980
262263970823818,43,21,54338,522.704,1980
262264021311350,43,21,54338,501.753,1980
262264072544180,43,21,54338,501.753,1980
262264123077269,77,38,54338,480.343,1980
262264173190122,77,38,54338,480.343,1980
262264224192887,77,38,54338,462.216,1980
262264274418783,77,38,54338,462.216,1980
262264324591026,82,40,54338,439.278,1980
262264374727055,82,40,54338,439.278,1980
262264424889168,82,40,54338,417.367,1980
262264475422964,82,40,54338,417.367,1980
262264526119561,100,49,54338,395.663,1980
262264579405567,100,49,54338,395.663,1980
262264629514853,100,49,54340,368.363,1980
262264679635116,100,49,54340,368.363,1980
262264729754224,68,35,54340,374.44,1980
262264779866227,68,35,54340,374.44,1980
262264829970730,68,35,54340,403.474,1980
262264880080881,68,35,54340,403.474,1980
262264930187699,98,51,54340,426.93,1980
262264980295944,98,51,54340,426.93,1980
262265030401470,98,51,54340,452.842,1980
262265080504996,98,51,54340,452.842,1980
262265130612159,95,53,56720,473.242,1980
262265180730257,95,53,56720,473.242,1980
262265230831570,95,53,56720,494.739,1980
262265280933806,95,53,56720,494.739,1980
262265331039231,96,55,56720,516.323,1980
262265381143097,96,55,56720,516.323,1980
262265431244769,96,55,56720,541.391,1980
262265481352940,96,55,56720,541.391,1980
262265531453817,97,54,56720,561.93,1980
262265581570986,97,54,56720,561.93,1980
262265631682794,97,54,56720,587.145,1980
262265681782308,97,54,56720,587.145,1980
262265731883934,96,55,56720,581.429,1980
262265781988306,96,55,56720,581.429,1980
262265832101008,96,55,56720,576.15,1980
262265882211041,96,55,56720,576.15,1980
262265932315104,97,54,56720,575.277,1980
262265982432937,97,54,56720,575.277,1980
262266032552155,97,54,56720,559.317,1980
262266083726254,97,54,56720,559.317,1980
262266134285940,42,32,56720,535.053,1980
262266184577206,42,32,56720,535.053,1980
262266235961561,42,32,56720,513.112,1980
262266287257798,42,32,56720,513.112,1980
262266337449128,75,37,56720,491.562,1980
262266387617669,75,37,56720,491.562,1980
262266438637178,75,37,56720,468.721,1980
262266489850472,75,37,56720,468.721,1980
262266540691811,81,40,56720,447.752,1980
262266590824797,81,40,56720,447.752,1980
262266641014448,81,40,56720,427.913,1980
262266691603868,81,40,56720,427.913,1980
262266742223822,97,48,56720,405.916,1980
262266792341999,97,48,56720,405.916,1980
262266842459545,97,48,56720,388.446,1980
262266892579068,97,48,56720,388.446,1980
262266942684087,76,38,56720,378.848,1980
262266992795617,76,38,56720,378.848,1980
262267042897417,76,38,56720,396.16,1980
262267093007202,76,38,56720,396.16,1980
262267143624505,99,51,56720,427.791,1980
262267193726547,99,51,56720,427.791,1980
262267243828084,99,51,56720,450.535,1980
262267294422459,99,51,56720,450.535,1980
262267344527853,98,53,56720,477.027,1980
262267394740159,98,53,56720,477.027,1980
262267444843728,98,53,56720,494.515,1980
262267494947555,98,53,56720,494.515,1980
262267545099904,96,54,56720,519.902,1980
262267595207567,96,54,56720,519.902,1980
262267645308881,96,54,56720,539.249,1980
262267695414711,96,54,56720,539.249,1980
262267745514929,96,55,56720,558.197,1980
262267795624462,96,55,56720,558.197,1980
262267845727727,96,55,56720,577.098,1980
262267895829990,96,55,56720,577.098,1980
262267945931706,96,54,56720,588.953,1980
262267996042729,96,54,56720,588.953,1980
262268046149760,96,54,56720,583.222,1980
262268096268694,96,54,56720,583.222,1980
262268146370637,97,53,56720,581.295,1980
262268199608329,97,53,56720,581.295,1980
262268250263129,97,53,56720,560.914,1980
262268300418851,97,53,56720,560.914,1980
262268351015176,45,35,56720,536.946,1980
262268402601563,45,35,56720,536.946,1980
262268452723376,45,35,56720,513.575,1980
262268504168662,45,35,56720,513.575,1980
262268555336339,70,35,56720,491.374,1980
262268605883641,70,35,56720,491.374,1980
262268656522204,70,35,56720,467.636,1980
262268707064017,70,35,56720,467.636,1980
262268758058445,85,42,56720,443.668,1980
262268808166402,85,42,56720,443.668,1980
262268858326060,85,42,56720,425.549,1980
262268908466954,85,42,56720,425.549,1980
262268958603299,99,49,56720,405.182,1980
262269009799813,99,49,56720,405.182,1980
262269059914181,99,49,56720,380.454,1980
262269110028076,99,49,56720,380.454,1980
262269160134551,78,39,56720,382.874,1980
262269210236490,78,39,56720,382.874,1980
262269260343202,78,39,56720,407.589,1980
262269310446009,78,39,56720,407.589,1980
262269360547036,98,50,56720,430.709,1980
262269410648623,98,50,56720,430.709,1980
262269460751686,98,50,56720,454.915,1980
262269510854054,98,50,56720,454.915,1980
262269560986508,96,51,56720,474.905,1980
262269611100742,96,51,56720,474.905,1980
262269661197976,96,51,56720,495.087,1980
262269711295280,96,51,56720,495.087,1980
262269761396686,96,54,56720,517.378,1980
262269811494721,96,54,56720,517.378,1980
262269861597364,96,54,56720,532.27,1980
262269911695587,96,54,56720,532.27,1980
262269961888583,96,54,56720,551.972,1980
262270012030672,96,54,56720,551.972,1980
262270062155610,96,54,56720,573.066,1980
262270112264671,96,54,56720,573.066,1980
262270162371980,96,55,56720,576.639,1980
262270212481352,96,55,56720,576.639,1980
262270262589872,96,55,56720,569.418,1980
262270312696752,96,55,56720,569.418,1980
262270362814191,96,54,56720,566.125,1980
262270415037879,96,54,56720,566.125,1980
262270466406225,96,54,56720,537.568,1980
262270516602421,96,54,56720,537.568,1980
262270568059746,65,30,56720,515.1,1980
262270619965473,65,30,56720,515.1,1980
262270670540010,65,30,56720,496.171,1980
262270722032664,65,30,56720,496.171,1980
262270772188048,75,37,56720,471.235,1980
262270822304352,75,37,56720,471.235,1980
262270872556494,75,37,56720,454.728,1980
262270923126303,75,37,56720,432.464,1980
262270973715682,92,45,56720,432.464,1980
262271023844588,92,45,56720,414.589,1980
262271074417503,92,45,56720,414.589,1980
262271124523068,100,49,56720,391.131,1980
262271174635324,100,49,56720,391.131,1980
262271224744449,100,49,56720,383.086,1980
262271274867345,100,49,56720,383.086,1980
262271324984402,94,46,56720,390.518,1980
262271375089032,94,46,56720,390.518,1980
262271425196264,94,46,56720,421.204,1980
262271475316751,94,46,56720,421.204,1980
262271525425525,99,47,56720,443.266,1980
262271575527383,99,47,56720,443.266,1980
262271625632475,99,47,56720,463.711,1980
262271675733789,99,47,56720,463.711,1980
262271725846481,96,51,56720,482.116,1980
262271775953795,96,51,56720,482.116,1980
262271826063454,96,51,56720,508.289,1980
262271876170011,96,51,56720,508.289,1980
262271926274045,97,51,56720,523.967,1980
262271976386539,97,51,56720,523.967,1980
262272026488184,97,51,56720,550.265,1980
262272076587818,97,51,56720,550.265,1980
262272126687310,96,52,56720,568.481,1980
262272176792808,96,52,56720,568.481,1980
262272226894021,96,52,56720,585.023,1980
262272276994617,96,52,56720,585.023,1980
262272327098550,96,52,56720,579.5,1980
262272377202174,96,52,56720,579.5,1980
262272427301868,96,52,56720,573.918,1980
262272477400764,96,52,56720,573.918,1980
262272527508213,99,55,56720,556.321,1980
262272577749705,99,55,56720,556.321,1980
262272627857755,99,55,56720,534.628,1980
262272679422328,99,55,56720,534.628,1980
262272730340925,72,35,56720,511.441,1980
262272780494834,72,35,56720,511.441,1980
262272831266443,72,35,56720,487.709,1980
262272882189135,72,35,56720,487.709,1980
262272932326998,81,39,56720,466.644,1980
262272982441889,81,39,56720,466.644,1980
262273032559058,81,39,56720,446.93,1980
262273083760443,81,39,56720,446.93,1980
262273134100243,90,44,56720,424.356,1980
262273184783415,90,44,56720,424.356,1980
262273235026555,90,44,56720,408.335,1980
262273285138181,90,44,56720,408.335,1980
262273335245520,100,49,56720,382.59,1980
262273385362714,100,49,56720,382.59,1980
262273435473586,100,49,56720,383.233,1980
262273485575000,100,49,56720,383.233,1980
262273535683688,98,51,56720,403.608,1980
262273585790422,98,51,56720,403.608,1980
262273635893189,98,51,56720,434.809,1980
262273686044525,98,51,56720,434.809,1980
262273736153571,90,46,56720,459.356,1980
262273786267965,90,46,56720,459.356,1980
262273836385820,90,46,56720,481.569,1980
262273886489347,90,46,56720,481.569,1980
262273936594869,96,53,56720,501.74,1980
262273986720105,96,53,56720,501.74,1980
262274036827826,96,53,56720,521.538,1980
262274086946885,96,53,56720,521.538,1980
262274137051735,97,53,56720,545.29,1980
262274187153155,97,53,56720,545.29,1980
262274237257617,97,53,56720,560.27,1980
262274287358185,97,53,56720,560.27,1980
262274337468181,98,54,56720,589.586,1980
262274387567822,98,54,56720,589.586,1980
262274437672019,98,54,56720,590.41,1980
262274487771189,98,54,56720,590.41,1980
262274537874570,96,54,56720,586.311,1980
262274587974371,96,54,56720,586.311,1980
262274638075833,96,54,56720,580.563,1980
262274688177641,96,54,56720,580.563,1980
262274738320655,99,55,56720,565.825,1980
262274789025370,99,55,56720,565.825,1980
262274839136474,99,55,56720,537.403,1980
262274890935066,99,55,56720,537.403,1980
262274941600293,74,36,56720,514.09,1980
262274991883448,74,36,56720,514.09,1980
262275042031878,74,36,56720,493.09,1980
262275093365554,74,36,56720,493.09,1980
262275143514731,77,38,56720,473.529,1980
262275194851698,77,38,56720,473.529,1980
262275245314793,77,38,56720,454.069,1980
262275296265470,77,38,56720,454.069,1980
262275347067784,88,43,56720,431.69,1980
262275397174502,88,43,56720,431.69,1980
262275447937275,88,43,56720,412.532,1980
262275498090416,88,43,56720,412.532,1980
262275549621546,100,49,56720,394.491,1980
262275599731087,100,49,56720,394.491,1980
262275649837415,100,49,56720,388.298,1980
262275699946352,100,49,56720,388.298,1980
262275750054937,98,50,56720,403.205,1980
262275800161920,98,50,56720,403.205,1980
262275850263721,98,50,56720,429.131,1980
262275900369137,98,50,56720,429.131,1980
262275950470093,90,45,56720,454.124,1980
262276000574828,90,45,56720,454.124,1980
262276050675899,90,45,56720,472.382,1980
262276100783155,90,45,56720,472.382,1980
262276150901532,96,53,56720,494.592,1980
262276201008694,96,53,56720,494.592,1980
262276251109708,96,53,56720,512.981,1980
262276301212642,96,53,56720,512.981,1980
262276351318391,96,52,56720,531.301,1980
262276401428061,96,52,56720,531.301,1980
262276451527950,96,52,56720,547.845,1980
262276501627493,96,52,56720,547.845,1980
262276551728302,99,55,56720,568.38,1980
262276601830117,99,55,56720,568.38,1980
262276651932339,99,55,56720,573.565,1980
262276702046048,99,55,56720,573.565,1980
262276752148770,96,54,56720,570.456,1980
262276802248812,96,54,56720,570.456,1980
262276852380663,96,54,56720,570.684,1980
262276902564140,96,54,56720,570.684,1980
262276953736813,93,62,56720,544.816,1980
262277003866331,93,62,56720,544.816,1980
262277055320474,93,62,56720,522.019,1980
262277105453950,93,62,56720,522.019,1980
262277155599159,74,36,56720,501.751,1980
262277206570813,74,36,56720,501.751,1980
262277257596442,74,36,56720,481.633,1980
262277308197476,74,36,56720,481.633,1980
262277359515550,83,41,56720,462.386,1980
262277409629667,83,41,56720,462.386,1980
262277459892972,83,41,56720,444.753,1980
262277510449056,83,41,56720,444.753,1980
262277561136517,97,47,56720,426.848,1980
262277611534703,97,47,56720,426.848,1980
262277667320633,97,47,56720,405.72,1980
262277717425778,97,47,56720,405.72,1980
262277767541161,100,49,56720,387.109,1980
262277817643305,100,49,56720,387.109,1980
262277867750639,100,49,56720,395.069,1980
262277917851488,100,49,56720,395.069,1980
262277967968490,98,49,56720,417.78,1980
262278018086075,98,49,56720,417.78,1980
262278068193596,98,49,56720,437.438,1980
262278118303767,98,49,56720,437.438,1980
262278168422541,87,45,56720,464.195,1980
262278218523138,87,45,56720,464.195,1980
262278268624647,87,45,56720,484.784,1980
262278318727583,87,45,56720,484.784,1980
262278368835071,96,54,56720,505.613,1980
262278418941738,96,54,56720,505.613,1980
262278469043573,96,54,56720,522.745,1980
262278519149204,96,54,56720,522.745,1980
262278569249583,96,53,56720,543.14,1980
262278619354781,96,53,56720,543.14,1980
262278669456469,96,53,56720,565.659,1980
262278719562303,96,53,56720,565.659,1980
262278769663750,97,51,56720,583.581,1980
262278819768244,97,51,56720,583.581,1980
262278870112707,97,51,56720,575.075,1980
262278920224669,97,51,56720,575.075,1980
262278970330401,99,54,56720,573.489,1980
262279020429773,99,54,56720,573.489,1980
262279070638567,99,54,56720,572.106,1980
262279121851348,99,54,56720,572.106,1980
262279173299344,65,47,56720,540.459,1980
262279223440283,65,47,56720,540.459,1980
262279273565714,65,47,56720,518.215,1980
262279324925302,65,47,56720,518.215,1980
262279375208749,76,37,56720,496.304,1980
262279425375836,76,37,56720,496.304,1980
262279475515759,76,37,56720,474.301,1980
262279525646633,76,37,56720,474.301,1980
262279576726976,86,42,56720,457.361,1980
262279627442145,86,42,56720,436.516,1980
262279677552522,86,42,56720,436.516,1980
262279727659527,86,42,56720,414.772,1980
262279777807622,99,49,56720,414.772,1980
262279827930615,99,49,56720,386.135,1980
262279878040589,99,49,56720,386.135,1980
262279928160409,71,35,56720,382.521,1980
262279978265351,71,35,56720,382.521,1980
262280029027971,71,35,56720,393.222,1980
262280079755157,71,35,56720,393.222,1980
262280131657283,98,50,56720,423.797,1980
262280181763999,98,50,56720,423.797,1980
262280231869101,98,50,56720,443.474,1980
262280281972192,98,50,56720,443.474,1980
262280332075626,96,51,56720,467.275,1980
262280382186100,96,51,56720,467.275,1980
262280432292542,96,51,56720,483.28,1980
262280482395071,96,51,56720,483.28,1980
262280532495294,96,54,56720,503.297,1980
262280582598426,96,54,56720,503.297,1980
262280632706011,96,54,56720,518.071,1980
262280682807439,96,54,56720,518.071,1980
262280732908301,97,52,56720,539.489,1980
262280783019938,97,52,56720,539.489,1980
262280833123444,97,52,56720,566.895,1980
262280883236728,97,52,56720,566.895,1980
262280933337289,99,55,56720,580.169,1980
262280983437651,99,55,56720,580.169,1980
262281033537549,99,55,56720,572.099,1980
262281083643341,99,55,56720,572.099,1980
262281133748469,96,54,56720,566.556,1980
262281183919682,96,54,56720,566.556,1980
262281234039486,96,54,56720,539.105,1980
262281285766500,96,54,56720,539.105,1980
262281335974400,53,25,56720,515.597,1980
262281387201521,53,25,56720,515.597,1980
262281437403120,53,25,56720,495.669,1980
262281488606232,53,25,56720,495.669,1980
262281538713606,78,38,56720,475.51,1980
262281588875361,78,38,56720,475.51,1980
262281639058713,78,38,56720,458.433,1980
262281689183797,78,38,56720,458.433,1980
262281739317538,88,43,56720,438.652,1980
262281790046691,88,43,56720,438.652,1980
262281840179809,88,43,56720,414.778,1980
262281890283823,88,43,56720,414.778,1980
262281940437126,100,49,56720,392.315,1980
262281990555855,100,49,56720,392.315,1980
262282040669551,100,49,56720,380.503,1980
262282091887889,100,49,56720,380.503,1980
262282142004040,78,40,56720,388.746,1980
262282192114986,78,40,56720,388.746,1980
262282242223402,78,40,56720,420.317,1980
262282292328860,78,40,56720,420.317,1980
262282342435058,98,50,56720,441.567,1980
262282392539730,98,50,56720,441.567,1980
262282442646503,98,50,56720,462.293,1980
262282492747412,98,50,56720,462.293,1980
262282542852988,96,52,56720,487.083,1980
262282592963871,96,52,56720,487.083,1980
262282643064117,96,52,56720,510.13,1980
262282693165358,96,52,56720,510.13,1980
262282743270036,96,55,56720,529.81,1980
262282793384220,96,55,56720,529.81,1980
262282843485079,96,55,56720,546.527,1980
262282893584843,96,55,56720,546.527,1980
262282943683014,96,54,56720,569.581,1980
262282993783682,96,54,56720,569.581,1980
262283043884849,96,54,56720,590.838,1980
262283093990478,96,54,56720,590.838,1980
262283144094812,97,52,56720,587.812,1980
262283194283007,97,52,56720,587.812,1980
262283244416887,97,52,56720,581.017,1980
262283294521015,97,52,56720,581.017,1980
262283344818063,96,53,56720,574.872,1980
262283396258262,96,53,56720,574.872,1980
262283446371201,96,53,56720,548.645,1980
262283496537634,96,53,56720,548.645,1980
262283547044841,71,34,56720,522.818,1980
262283598785440,71,34,56720,522.818,1980
262283649461910,71,34,56720,502.065,1980
262283700024575,71,34,56720,502.065,1980
262283750819499,81,40,56720,482.623,1980
262283801591633,81,40,56720,482.623,1980
262283852586999,81,40,56720,462.939,1980
262283903011872,81,40,56720,462.939,1980
262283953554636,97,48,56720,439.372,1980
262284003669452,97,48,56720,439.372,1980
262284053833842,97,48,56720,414.027,1980
262284105548892,97,48,56720,414.027,1980
262284155661133,100,50,56720,385.723,1980
262284205780144,100,50,56720,385.723,1980
262284255886073,100,50,56720,390.276,1980
262284306003712,100,50,56720,390.276,1980
262284356114318,98,49,56720,401.517,1980
262284406231050,98,49,56720,401.517,1980
262284456338987,98,49,56720,430.511,1980
262284506444038,98,49,56720,430.511,1980
262284557382116,89,47,56720,450.822,1980
262284608241858,89,47,56720,450.822,1980
262284658343809,89,47,56720,475.002,1980
262284708445089,89,47,56720,475.002,1980
262284758555735,97,53,56720,492.539,1980
262284808656608,97,53,56720,492.539,1980
262284858758219,97,53,56720,511.775,1980
262284908861300,97,53,56720,511.775,1980
262284958965749,99,54,56720,531.947,1980
262285009070047,99,54,56720,531.947,1980
262285059177661,99,54,56720,550.935,1980
262285109278278,99,54,56720,550.935,1980
262285159388609,95,53,56720,586.288,1980
262285209488600,95,53,56720,586.288,1980
262285259594017,95,53,56720,579.266,1980
262285309693221,95,53,56720,579.266,1980
262285361547217,96,53,56720,573.377,1980
262285412641173,96,53,56720,573.377,1980
262285462773807,96,53,56720,545.403,1980
262285514181956,96,53,56720,545.403,1980
262285565441230,42,20,56720,523.685,1980
262285616019175,42,20,56720,523.685,1980
262285666197861,42,20,56720,499.922,1980
262285718131442,42,20,56720,499.922,1980
262285768249800,78,38,56720,478.187,1980
262285819550492,78,38,56720,478.187,1980
262285869700492,78,38,56720,460.788,1980
262285919875402,78,38,56720,460.788,1980
262285970372620,90,44,56720,436.084,1980
262286020649143,90,44,56720,436.084,1980
262286070779317,90,44,56720,420.243,1980
262286120923744,90,44,56720,420.243,1980
262286171460551,100,49,56720,396.336,1980
262286221584298,100,49,56720,396.336,1980
262286271701936,100,49,56720,382.932,1980
262286321810566,100,49,56720,382.932,1980
262286371914804,74,37,56720,386.558,1980
262286422033918,74,37,56720,386.558,1980
262286472195484,74,37,56720,411.977,1980
262286522301005,74,37,56720,411.977,1980
262286572403692,98,49,56720,436.291,1980
262286622509610,98,49,56720,436.291,1980
262286672611569,98,49,56720,455.666,1980
262286722716030,98,49,56720,455.666,1980
262286772817356,96,51,56720,477.441,1980
262286822923262,96,51,56720,477.441,1980
262286873026509,96,51,56720,502.537,1980
262286923134228,96,51,56720,502.537,1980
262286973258499,97,52,56720,519.423,1980
262287023366766,97,52,56720,519.423,1980
262287073469199,97,52,56720,542.447,1980
262287123577933,97,52,56720,542.447,1980
262287173679484,98,54,56720,557.232,1980
262287223783143,98,54,56720,557.232,1980
262287273886412,98,54,56720,578.123,1980
262287323994072,98,54,56720,578.123,1980
262287374109949,96,53,56720,572.76,1980
262287424212393,96,53,56720,572.76,1980
262287476794066,96,53,56720,569.749,1980
262287527973199,96,53,56720,569.749,1980
262287578152902,95,60,56720,548.746,1980
262287628286653,95,60,56720,548.746,1980
262287679886515,95,60,56720,528.121,1980
262287730010915,95,60,56720,528.121,1980
262287780738679,74,36,56720,503.788,1980
262287830850505,74,36,56720,503.788,1980
262287880977399,74,36,56720,480.023,1980
262287932029049,74,36,56720,461.306,1980
262287982886718,78,38,56720,461.306,1980
262288033036039,78,38,56720,441.273,1980
262288084087473,78,38,56720,441.273,1980
262288134941529,92,44,56720,424.444,1980
262288185785459,92,44,56720,424.444,1980
262288235958745,92,44,56720,406.516,1980
262288286254032,92,44,56720,406.516,1980
262288336370216,100,49,56720,383.433,1980
262288386497528,100,49,56720,383.433,1980
262288436599366,100,49,56720,384.881,1980
262288486699927,100,49,56720,384.881,1980
262288536797130,98,52,56720,407.498,1980
262288586914596,98,52,56720,407.498,1980
262288637015985,98,52,56720,433.877,1980
262288687114582,98,52,56720,433.877,1980
262288737275898,91,47,56720,453.849,1980
262288787415169,91,47,56720,453.849,1980
262288837553093,91,47,56720,476.585,1980
262288887684714,91,47,56720,476.585,1980
262288937790662,96,53,56720,499.059,1980
262288987898949,96,53,56720,499.059,1980
262289038768797,96,53,56720,522.656,1980
262289088872168,96,53,56720,522.656,1980
262289138973629,97,55,56720,540.857,1980
262289189085717,97,55,56720,540.857,1980
262289239191188,97,55,56720,560.95,1980
262289289289271,97,55,56720,560.95,1980
262289339389669,96,55,56720,581.498,1980
262289389490787,96,55,56720,581.498,1980
262289439593320,96,55,56720,594.357,1980
262289489690897,96,55,56720,594.357,1980
262289539790411,97,54,56720,588.623,1980
262289589904742,97,54,56720,588.623,1980
262289640023486,97,54,56720,585.371,1980
262289691283937,97,54,56720,585.371,1980
262289741397337,96,55,56720,583.576,1980
262289792934232,96,55,56720,583.576,1980
262289843605802,96,55,56720,551.79,1980
262289893769621,96,55,56720,551.79,1980
262289944820472,67,32,56720,527.499,1980
262289995173782,67,32,56720,527.499,1980
262290046110393,67,32,56720,504.763,1980
262290097289418,67,32,56720,504.763,1980
262290148719934,80,39,56720,482.019,1980
262290199129669,80,39,56720,482.019,1980
262290249461349,80,39,56720,461.687,1980
262290300495631,80,39,56720,461.687,1980
262290351101531,96,47,56720,438.114,1980
262290401806380,96,47,56720,438.114,1980
262290451963910,96,47,56720,414.964,1980
262290502098414,96,47,56720,414.964,1980
262290552214242,100,49,56720,396.937,1980
262290602322407,100,49,56720,396.937,1980
262290652428926,100,49,56720,389.235,1980
262290702539188,100,49,56720,389.235,1980
262290752659153,98,48,56720,397.597,1980
262290802772800,98,48,56720,397.597,1980
262290852884257,98,48,56720,430.881,1980
262290902997995,98,48,56720,430.881,1980
262290953105778,90,44,56720,456.14,1980
262291003208626,90,44,56720,456.14,1980
262291053310604,90,44,56720,486.471,1980
262291103410850,90,44,56720,486.471,1980
262291153511846,96,52,56720,511.608,1980
262291203612039,96,52,56720,511.608,1980
262291253712617,96,52,56720,529.964,1980
262291303813383,96,52,56720,529.964,1980
262291353913456,96,52,56720,551.123,1980
262291404018916,96,52,56720,551.123,1980
262291454120333,96,52,56720,565.67,1980
262291504755012,96,52,56720,565.67,1980
262291554859339,98,54,56720,585.727,1980
262291604978216,98,54,56720,585.727,1980
262291655088116,98,54,56720,595.95,1980
262291705193279,98,54,56720,595.95,1980
262291755295783,96,53,56720,594.238,1980
262291805401781,96,53,56720,594.238,1980
262291855502928,96,53,56720,589.904,1980
262291906164968,96,53,56720,589.904,1980
262291957124339,97,62,56720,560.073,1980
262292007905661,97,62,56720,560.073,1980
262292058539969,97,62,56720,508.868,1980
262292108748209,97,62,56720,508.868,1980
262292160318984,2,2,56720,474.666,1980
262292210436897,2,2,56720,474.666,1980
262292260553218,2,2,56720,451.686,1980
262292311059038,2,2,56720,451.686,1980
262292361194048,74,36,56720,429.286,1980
262292411857909,74,36,56720,429.286,1980
262292462336967,74,36,56720,408.185,1980
262292512908778,74,36,56720,408.185,1980
262292563679760,87,43,56720,386.36,1980
262292614079894,87,43,56720,386.36,1980
262292664211341,87,43,56720,364.838,1980
262292714664228,87,43,56720,364.838,1980
262292765138346,100,49,56720,341.773,1980
262292815257745,100,49,56720,341.773,1980
262292865375098,100,49,56720,322.733,1980
262292915480258,100,49,56720,322.733,1980
262292965594441,72,36,56720,332.255,1980
262293015699125,72,36,56720,332.255,1980
262293065801858,72,36,56720,381.04,1980
262293115920698,72,36,56720,381.04,1980
262293166030531,98,50,56720,422.112,1980
262293216136004,98,50,56720,422.112,1980
262293266239986,98,50,56720,446.745,1980
262293316341890,98,50,56720,446.745,1980
262293366445023,98,52,56720,469.551,1980
262293416546233,98,52,56720,469.551,1980
262293466645915,98,52,56720,488.49,1980
262293516758804,98,52,56720,488.49,1980
262293566858300,96,54,56720,510.489,1980
262293616957854,96,54,56720,510.489,1980
262293667061244,96,54,56720,527.875,1980
262293717189738,96,54,56720,527.875,1980
262293767300169,97,53,56720,549.414,1980
262293817409526,97,53,56720,549.414,1980
262293867509823,97,53,56720,575.383,1980
262293917608900,97,53,56720,575.383,1980
262293967708006,98,54,56720,581.78,1980
262294017809012,98,54,56720,581.78,1980
262294067920670,98,54,56720,571.119,1980
262294118029787,98,54,56720,571.119,1980
262294168131064,96,54,56720,569.51,1980
262294218263565,96,54,56720,569.51,1980
262294269703077,96,54,56720,544.082,1980
262294320779361,96,54,56720,544.082,1980
262294370922200,43,20,56720,520.943,1980
262294421173344,43,20,56720,520.943,1980
262294471328253,43,20,56720,496.845,1980
262294521434981,43,20,56720,496.845,1980
262294571565607,83,40,56720,479.262,1980
262294621752129,83,40,56720,479.262,1980
262294671875720,83,40,56720,457.855,1980
262294722491928,83,40,56720,457.855,1980
262294772927498,99,49,56720,439.82,1980
262294823100073,99,49,56720,439.82,1980
262294873244718,99,49,56720,413.388,1980
262294924487706,99,49,56720,413.388,1980
262294974611790,100,50,56720,391.082,1980
262295024725982,100,50,56720,391.082,1980
262295074847172,100,50,56720,391.59,1980
262295124987719,100,50,56720,391.59,1980
262295175095056,98,48,56720,393.077,1980
262295225202271,98,48,56720,393.077,1980
262295275320205,98,48,56720,419.838,1980
262295325937866,98,48,56720,419.838,1980
262295376042829,90,43,56720,442.022,1980
262295426148482,90,43,56720,442.022,1980
262295476250845,90,43,56720,466.147,1980
262295526354074,90,43,56720,466.147,1980
262295576466389,96,54,56720,489.947,1980
262295626569901,96,54,56720,489.947,1980
262295676669925,96,54,56720,504.675,1980
262295726770960,96,54,56720,504.675,1980
262295776876601,96,53,56720,515.254,1980
262295826976759,96,53,56720,515.254,1980
262295877080322,96,53,56720,541.53,1980
262295927180503,96,53,56720,541.53,1980
262295977280209,96,53,56720,567.482,1980
262296027413138,96,53,56720,567.482,1980
262296077522255,96,53,56720,568.356,1980
262296127620826,96,53,56720,568.356,1980
262296179623734,97,51,56720,561.756,1980
262296229746641,97,51,56720,561.756,1980
262296279875318,97,51,56720,537.837,1980
262296331414878,97,51,56720,537.837,1980
262296382734034,41,25,56720,517.164,1980
262296433876467,41,25,56720,517.164,1980
262296484026677,41,25,56720,497.689,1980
262296534154155,41,25,56720,497.689,1980
262296584276003,80,39,56720,474.187,1980
262296634968169,80,39,56720,474.187,1980
262296685169772,80,39,56720,453.318,1980
262296735392819,80,39,56720,453.318,1980
262296785501428,100,49,56720,440.337,1980
262296835627496,100,49,56720,440.337,1980
262296885946044,100,49,56720,422.399,1980
262296936862594,100,50,56720,403.712,1980
262296986969439,100,50,56720,403.712,1980
262297037092953,100,50,56720,397.829,1980
262297087194056,100,50,56720,397.829,1980
262297137309212,98,50,56720,405.705,1980
262297187427681,98,50,56720,405.705,1980
262297237532721,98,50,56720,430.171,1980
262297287636171,98,50,56720,430.171,1980
262297337745343,91,46,56720,455.419,1980
262297387881015,91,46,56720,455.419,1980
262297437997752,91,46,56720,480.248,1980
262297488107230,91,46,56720,480.248,1980
262297538214846,96,53,56720,501.927,1980
262297588318272,96,53,56720,501.927,1980
262297638425754,96,53,56720,516.768,1980
262297688534479,96,53,56720,516.768,1980
262297738639029,97,52,56720,539.26,1980
262297788741306,97,52,56720,539.26,1980
262297838847167,97,52,56720,561.302,1980
262297888947313,97,52,56720,561.302,1980
262297939045741,99,55,56720,582.889,1980
262297989175484,99,55,56720,582.889,1980
262298039280782,99,55,56720,587.501,1980
262298089379808,99,55,56720,587.501,1980
262298139482445,96,54,56720,580.562,1980
262298189590039,96,54,56720,580.562,1980
262298239697958,96,54,56720,575.69,1980
262298290356337,96,54,56720,575.69,1980
262298341942004,96,61,56720,554.077,1980
262298392122997,96,61,56720,554.077,1980
262298443495296,96,61,56720,522.678,1980
262298494474511,96,61,56720,522.678,1980
262298545932236,75,36,56720,501.895,1980
262298596084098,75,36,56720,501.895,1980
262298646469020,75,36,56720,481.543,1980
262298697524374,75,36,56720,481.543,1980
262298747646550,81,40,56720,463.311,1980
262298797794569,81,40,56720,463.311,1980
262298847927869,81,40,56720,441.072,1980
262298898036836,81,40,56720,441.072,1980
262298948215450,99,49,56720,424.749,1980
262298998319801,99,49,56720,424.749,1980
262299048426429,99,49,56720,406.438,1980
262299098540389,99,49,56720,406.438,1980
262299148644168,97,48,56720,389.579,1980
262299198749465,97,48,56720,389.579,1980
262299248853941,97,48,56720,398.306,1980
262299298968906,97,48,56720,398.306,1980
262299349088595,99,50,56720,419.528,1980
262299399192403,99,50,56720,419.528,1980
262299449296476,99,50,56720,443.092,1980
262299499431997,99,50,56720,443.092,1980
262299549547105,90,48,56720,462.215,1980
262299599654309,90,48,56720,462.215,1980
262299649758457,90,48,56720,486.385,1980
262299699864419,90,48,56720,486.385,1980
262299749961416,97,52,56720,506.453,1980
262299800044880,97,52,56720,506.453,1980
262299850140813,97,52,56720,527.585,1980
262299900242398,97,52,56720,527.585,1980
262299950339618,99,55,56720,550.434,1980
262300000441580,99,55,56720,550.434,1980
262300050573152,99,55,56720,568.144,1980
262300100684148,99,55,56720,568.144,1980
262300150789346,96,54,56720,586.742,1980
262300200892387,96,54,56720,586.742,1980
262300251016663,96,54,56720,583.334,1980
262300301126015,96,54,56720,583.334,1980
262300351230420,97,54,56720,578.686,1980
262300402127305,97,54,56720,578.686,1980
262300452844515,97,54,56720,566.178,1980
262300502963441,97,54,56720,566.178,1980
262300554422539,47,36,56720,543.804,1980
262300604566489,47,36,56720,543.804,1980
262300654680157,47,36,56720,519.703,1980
262300704807324,47,36,56720,519.703,1980
262300754920923,76,37,56720,500.929,1980
262300805066890,76,37,56720,500.929,1980
262300855442378,76,37,56720,475.333,1980
262300905552497,76,37,56720,475.333,1980
262300955669513,95,46,56720,457.23,1980
262301005820275,95,46,56720,457.23,1980
262301055957922,95,46,56720,429.554,1980
262301106048851,95,46,56720,429.554,1980
262301162983671,100,50,56720,404.218,1980
262301213096950,100,50,56720,404.218,1980
262301263215031,100,50,56720,391.348,1980
262301313331379,100,50,56720,391.348,1980
262301363438923,80,40,56720,395.626,1980
262301413556901,80,40,56720,395.626,1980
262301463668231,80,40,56720,418.78,1980
262301513778661,80,40,56720,418.78,1980
262301563884464,98,49,56720,441.862,1980
262301613988609,98,49,56720,441.862,1980
262301664092288,98,49,56720,464.692,1980
262301714194336,98,49,56720,464.692,1980
262301764295900,96,51,56720,486.624,1980
262301814397930,96,51,56720,486.624,1980
262301864513296,96,51,56720,508.852,1980
262301914622302,96,51,56720,508.852,1980
262301964731893,99,56,56720,528.584,1980
262302014839838,99,56,56720,528.584,1980
262302064945070,99,56,56720,552.295,1980
262302115052732,99,56,56720,552.295,1980
262302165172825,95,53,56720,576.719,1980
262302215275191,95,53,56720,576.719,1980
262302265377124,95,53,56720,586.116,1980
262302315479425,95,53,56720,586.116,1980
262302365579123,97,53,56720,578.379,1980
262302415684186,97,53,56720,578.379,1980
262302465784893,97,53,56720,576.137,1980
262302518035678,97,53,56720,576.137,1980
262302568178012,96,53,56720,560.364,1980
262302619843737,96,53,56720,560.364,1980
262302669954178,96,53,56720,536.417,1980
262302721287909,96,53,56720,536.417,1980
262302771812017,71,34,56720,513.444,1980
262302822640708,71,34,56720,513.444,1980
262302873253955,71,34,56720,489.566,1980
262302923373202,71,34,56720,489.566,1980
262302973515522,82,40,56720,473.148,1980
262303023642158,82,40,56720,473.148,1980
262303073749047,82,40,56720,449.262,1980
262303123936429,82,40,56720,449.262,1980
262303174041421,100,49,56720,428.418,1980
262303224235959,100,49,56720,428.418,1980
262303274391088,100,49,56720,407.894,1980
262303324558107,100,49,56720,407.894,1980
262303374682083,100,50,56720,389.833,1980
262303424783549,100,50,56720,389.833,1980
262303474886861,100,50,56720,394.376,1980
262303525023016,100,50,56720,394.376,1980
262303575128389,98,48,56720,403.172,1980
262303625208626,98,48,56720,403.172,1980
262303675326862,98,48,56720,438.607,1980
262303725436610,98,48,56720,438.607,1980
262303775545273,90,47,56720,461.169,1980
262303825669169,90,47,56720,461.169,1980
262303875800193,90,47,56720,478.349,1980
262303925923648,90,47,56720,478.349,1980
262303976039715,96,53,56720,496.711,1980
262304026141388,96,53,56720,496.711,1980
262304076241721,96,53,56720,512.056,1980
262304126342124,96,53,56720,512.056,1980
262304176447867,96,54,56720,536.959,1980
262304226548328,96,54,56720,536.959,1980
262304276669433,96,54,56720,556.98,1980
262304326796912,96,54,56720,556.98,1980
262304376902017,97,53,56720,583.158,1980
262304427007034,97,53,56720,583.158,1980
262304477108186,97,53,56720,575.062,1980
262304527308850,97,53,56720,575.062,1980
262304577414454,96,53,56720,560.269,1980
262304628487840,96,53,56720,560.269,1980
262304678622294,96,53,56720,531.147,1980
262304729987793,96,53,56720,531.147,1980
262304780104514,60,29,56720,510.096,1980
262304831053788,60,29,56720,510.096,1980
262304881433213,60,29,56720,488.944,1980
262304931566286,60,29,56720,488.944,1980
262304981722599,81,39,56720,473.795,1980
262305031840195,81,39,56720,473.795,1980
262305081944466,81,39,56720,454.685,1980
262305132087641,81,39,56720,454.685,1980
262305182230396,100,49,56720,429.518,1980
262305232426794,100,49,56720,429.518,1980
262305282564026,100,49,56720,408.367,1980
262305332685021,100,49,56720,408.367,1980
262305382793644,100,50,56720,381.346,1980
262305432904540,100,50,56720,381.346,1980
262305483009481,100,50,56720,389.261,1980
262305533119149,100,50,56720,389.261,1980
262305583229156,99,48,56720,405.643,1980
262305633349017,99,48,56720,405.643,1980
262305683476271,99,48,56720,437.06,1980
262305733581064,99,48,56720,437.06,1980
262305783684571,91,44,56720,455.428,1980
262305833787226,91,44,56720,455.428,1980
262305883883350,91,44,56720,477.63,1980
262305933993741,91,44,56720,477.63,1980
262305984114939,98,54,56720,496.979,1980
262306034222688,98,54,56720,496.979,1980
262306084330098,98,54,56720,518.351,1980
262306134435330,98,54,56720,518.351,1980
262306184542372,96,53,56720,539.247,1980
262306234649141,96,53,56720,539.247,1980
262306284757571,96,53,56720,563.519,1980
262306334857546,96,53,56720,563.519,1980
262306384970461,96,54,56720,584.659,1980
262306435046249,96,54,56720,584.659,1980
262306485153839,96,54,56720,583.223,1980
262306535277095,96,54,56720,583.223,1980
262306585383208,96,53,56720,574.125,1980
262306635497275,96,53,56720,574.125,1980
262306685646699,96,53,56720,567.788,1980
262306735778363,96,53,56720,567.788,1980
262306787467435,84,57,56720,541.279,1980
262306837604001,84,57,56720,541.279,1980
262306887710472,84,57,56720,517.165,1980
262306938737181,84,57,56720,517.165,1980
262306988925301,74,36,56720,495.135,1980
262307039062546,74,36,56720,495.135,1980
262307089187180,74,36,56720,476.99,1980
262307140175916,74,36,56720,476.99,1980
262307190761047,79,39,56720,458.372,1980
262307241306982,79,39,56720,458.372,1980
262307291787839,79,39,56720,438.274,1980
262307342356138,79,39,56720,417.449,1980
262307392792950,92,45,56720,417.449,1980
262307443150908,92,45,56720,398.57,1980
262307494287569,92,45,56720,398.57,1980
262307544401003,100,49,56720,381.079,1980
262307594537292,100,49,56720,381.079,1980
262307644642432,100,49,56720,387.873,1980
262307694744133,100,49,56720,387.873,1980
262307744870264,98,50,56720,421.565,1980
262307795772164,98,50,56720,421.565,1980
262307845878924,98,50,56720,443.972,1980
262307895980641,98,50,56720,443.972,1980
262307946086275,89,47,56720,464.072,1980
262307997114442,89,47,56720,464.072,1980
262308047217257,89,47,56720,482.398,1980
262308097319843,89,47,56720,482.398,1980
262308147419939,97,55,56720,506.238,1980
262308197520584,97,55,56720,506.238,1980
262308247624460,97,55,56720,528.86,1980
262308297751988,97,55,56720,528.86,1980
262308347857507,96,54,56720,546.807,1980
262308397959276,96,54,56720,546.807,1980
262308448065355,96,54,56720,570.996,1980
262308498165656,96,54,56720,570.996,1980
262308548285766,96,53,56720,591.641,1980
262308598387394,96,53,56720,591.641,1980
262308648487230,96,53,56720,587.366,1980
262308698587644,96,53,56720,587.366,1980
262308748700079,96,55,56720,581.861,1980
262308798800525,96,55,56720,581.861,1980
262308848933511,96,55,56720,564.94,1980
262308899784560,96,55,56720,564.94,1980
262308949908579,49,38,56720,543.478,1980
262309000595994,49,38,56720,543.478,1980
262309051113803,49,38,56720,520.808,1980
262309101240898,49,38,56720,520.808,1980
262309151831460,76,38,56720,500.941,1980
262309201937438,76,38,56720,500.941,1980
262309252364367,76,38,56720,478.463,1980
262309302588843,76,38,56720,478.463,1980
262309352713105,95,47,56720,457.399,1980
262309402820794,95,47,56720,457.399,1980
262309452937870,95,47,56720,431.277,1980
262309503265300,95,47,56720,431.277,1980
262309553370571,100,49,56720,410.871,1980
262309603489979,100,49,56720,410.871,1980
262309653597594,100,49,56720,390.111,1980
262309703711527,100,49,56720,390.111,1980
262309753819518,70,35,56720,396.18,1980
262309803926411,70,35,56720,396.18,1980
262309854030112,70,35,56720,419.185,1980
262309904144051,70,35,56720,419.185,1980
262309954250038,98,49,56720,439.716,1980
262310004352593,98,49,56720,439.716,1980
262310054452009,98,49,56720,458.895,1980
262310104560347,98,49,56720,458.895,1980
262310154690706,96,48,56720,478.405,1980
262310204802032,96,48,56720,478.405,1980
262310254909697,96,48,56720,497.816,1980
262310305017369,96,48,56720,497.816,1980
262310355115786,96,55,56720,517.887,1980
262310405214357,96,55,56720,517.887,1980
262310455313619,96,55,56720,540.312,1980
262310505443236,96,55,56720,540.312,1980
262310555563130,96,53,56720,561.65,1980
262310605668871,96,53,56720,561.65,1980
262310655777410,96,53,56720,578.553,1980
262310705881557,96,53,56720,578.553,1980
262310755990297,96,53,56720,573.857,1980
262310806095467,96,53,56720,573.857,1980
262310856265426,96,53,56720,569.861,1980
262310909884250,96,53,56720,569.861,1980
262310960062552,95,57,56720,543.054,1980
262311011347017,95,57,56720,543.054,1980
262311062729700,95,57,56720,526.957,1980
262311113576513,95,57,56720,526.957,1980
262311163821406,76,37,56720,504.914,1980
262311214875463,76,37,56720,504.914,1980
262311265215988,76,37,56720,483.575,1980
262311315835458,76,37,56720,483.575,1980
262311366028855,91,45,56720,462.033,1980
262311416179175,91,45,56720,462.033,1980
262311466386798,91,45,56720,443.748,1980
262311517019000,91,45,56720,443.748,1980
262311567395945,100,50,56720,421.473,1980
262311617562208,100,50,56720,421.473,1980
262311667683955,100,50,56720,393.051,1980
262311717794361,100,50,56720,393.051,1980
262311767906385,82,41,56720,398.341,1980
262311818016565,82,41,56720,398.341,1980
262311868120225,82,41,56720,401.285,1980
262311918226270,82,41,56720,401.285,1980
262311968335976,98,53,56720,427.293,1980
262312018443378,98,53,56720,427.293,1980
262312069667476,98,53,56720,450.53,1980
262312119774602,98,53,56720,450.53,1980
262312169886608,95,52,56720,476.326,1980
262312219995179,95,52,56720,476.326,1980
262312270245806,95,52,56720,500.289,1980
262312320394323,95,52,56720,500.289,1980
262312370504462,97,55,56720,523.194,1980
262312420625627,97,55,56720,523.194,1980
262312470729775,97,55,56720,538.253,1980
262312520841157,97,55,56720,538.253,1980
262312570946584,95,55,56720,567.779,1980
262312621063138,95,55,56720,567.779,1980
262312671168029,95,55,56720,591.321,1980
262312721269565,95,55,56720,591.321,1980
262312771370681,97,54,56720,585.974,1980
262312821475494,97,54,56720,585.974,1980
262312871576752,97,54,56720,574.592,1980
262312921722786,97,54,56720,574.592,1980
262312972515586,96,58,56720,546.116,1980
262313022656568,96,58,56720,546.116,1980
262313072820342,96,58,56720,522.165,1980
262313124149521,96,58,56720,522.165,1980
262313175738832,75,36,56720,492.258,1980
262313225879689,75,36,56720,492.258,1980
262313276983425,75,36,56720,469.272,1980
262313327115356,75,36,56720,469.272,1980
262313377342076,80,39,56720,446.236,1980
262313428241375,80,39,56720,446.236,1980
262313478377194,80,39,56720,434.929,1980
262313528499224,80,39,56720,434.929,1980
262313578883694,98,48,56720,411.854,1980
262313628987498,98,48,56720,411.854,1980
262313683643819,98,48,56720,381.339,1980
262313733762688,98,48,56720,381.339,1980
262313783870337,100,50,56720,376.201,1980
262313833971518,100,50,56720,376.201,1980
262313884073349,100,50,56720,389.499,1980
262313934184632,100,50,56720,389.499,1980
262313984290914,98,51,56720,416.289,1980
262314034398037,98,51,56720,416.289,1980
262314084498123,98,51,56720,438.665,1980
262314134792065,98,51,56720,438.665,1980
262314184894054,91,46,56720,460.799,1980
262314234995145,91,46,56720,460.799,1980
262314285099558,91,46,56720,480.563,1980
262314335199049,91,46,56720,480.563,1980
262314385299798,98,56,56720,501.245,1980
262314435401240,98,56,56720,501.245,1980
262314485502818,98,56,56720,522.215,1980
262314535604767,98,56,56720,522.215,1980
262314585717515,96,54,56720,540.31,1980
262314635820286,96,54,56720,540.31,1980
262314685920052,96,54,56720,563.121,1980
262314736025606,96,54,56720,563.121,1980
262314786127559,96,56,56720,583.985,1980
262314836227917,96,56,56720,583.985,1980
262314886333034,96,56,56720,578.948,1980
262314936435488,96,56,56720,578.948,1980
262314986536657,96,54,56720,573.78,1980
262315037727098,96,54,56720,573.78,1980
262315087836447,96,54,56720,574.31,1980
262315138631782,96,54,56720,574.31,1980
262315188752579,95,59,56720,550.103,1980
262315240236668,95,59,56720,550.103,1980
262315291732127,95,59,56720,528.248,1980
262315342350811,95,59,56720,528.248,1980
262315394176887,75,36,56720,505.854,1980
262315444297983,75,36,56720,505.854,1980
262315494581653,75,36,56720,488.174,1980
262315545334487,75,36,56720,488.174,1980
262315595722484,83,41,56720,465.607,1980
262315645890628,83,41,56720,465.607,1980
262315695996158,83,41,56720,445.857,1980
262315746123889,83,41,56720,423.364,1980
262315796229216,100,49,56720,423.364,1980
262315849202878,100,49,56720,395.902,1980
262315899305396,100,49,56720,395.902,1980
262315949444916,87,43,56720,396.013,1980
262315999559254,87,43,56720,396.013,1980
262316049674117,87,43,56720,400.336,1980
262316099791144,87,43,56720,400.336,1980
262316149907961,98,48,56720,431.001,1980
262316200012763,98,48,56720,431.001,1980
262316250116718,98,48,56720,453.044,1980
262316300218827,98,48,56720,453.044,1980
262316350322542,98,52,56720,472.276,1980
262316400423260,98,52,56720,472.276,1980
262316450526889,98,52,56720,492.717,1980
262316500626764,98,52,56720,492.717,1980
262316550732897,96,53,56720,510.092,1980
262316600835216,96,53,56720,510.092,1980
262316650936867,96,53,56720,530.588,1980
262316701042173,96,53,56720,530.588,1980
262316751145800,96,53,56720,552.65,1980
262316801247777,96,53,56720,552.65,1980
262316851350511,96,53,56720,576.084,1980
262316901456181,96,53,56720,576.084,1980
262316951557910,96,54,56720,581.034,1980
262317001680804,96,54,56720,581.034,1980
262317051786114,96,54,56720,576.113,1980
262317101886534,96,54,56720,576.113,1980
262317152005322,95,53,56720,555.088,1980
262317203876386,95,53,56720,555.088,1980
262317255993847,95,53,56720,527.504,1980
262317306162591,95,53,56720,527.504,1980
262317357135667,73,35,56720,508.215,1980
262317407309738,73,35,56720,508.215,1980
262317457699556,73,35,56720,489.41,1980
262317507809308,73,35,56720,489.41,1980
262317557948850,82,40,56720,467.806,1980
262317608657123,82,40,56720,467.806,1980
262317658791047,82,40,56720,453.776,1980
262317709386296,82,40,56720,453.776,1980
262317759493380,95,47,56720,428.839,1980
262317809626264,95,47,56720,428.839,1980
262317860050468,95,47,56720,410.033,1980
262317910160751,95,47,56720,410.033,1980
262317960264129,100,50,56720,388.491,1980
262318010366486,100,50,56720,388.491,1980
262318060473061,100,50,56720,392.003,1980
262318110587296,100,50,56720,392.003,1980
262318160686819,98,50,56720,414.523,1980
262318210792751,98,50,56720,414.523,1980
262318260895795,98,50,56720,436.572,1980
262318310996927,98,50,56720,436.572,1980
262318361104995,90,48,56720,459.199,1980
262318411206730,90,48,56720,459.199,1980
262318461313496,90,48,56720,476.867,1980
262318511419002,90,48,56720,476.867,1980
262318561530879,97,55,56720,497.36,1980
262318611632433,97,55,56720,497.36,1980
262318661737846,97,55,56720,521.496,1980
262318711839894,97,55,56720,521.496,1980
262318761942295,96,54,56720,546.334,1980
262318812043106,96,54,56720,546.334,1980
262318862155471,96,54,56720,566.14,1980
262318912261736,96,54,56720,566.14,1980
262318962368820,95,54,56720,582.676,1980
262319012470546,95,54,56720,582.676,1980
262319062580901,95,54,56720,575.285,1980
262319112680686,95,54,56720,575.285,1980
262319162780346,96,55,56720,570.823,1980
262319216094034,96,55,56720,570.823,1980
262319266913933,96,55,56720,552.343,1980
262319317070116,96,55,56720,552.343,1980
262319368443745,51,39,56720,530.597,1980
262319418551891,51,39,56720,530.597,1980
262319468883922,51,39,56720,509.305,1980
262319519017025,51,39,56720,509.305,1980
262319569166647,75,37,56720,489.342,1980
262319619285419,75,37,56720,489.342,1980
262319669463313,75,37,56720,468.02,1980
262319719578588,75,37,56720,468.02,1980
262319770222008,91,45,56720,449.164,1980
262319820327432,91,45,56720,449.164,1980
262319870446407,91,45,56720,428.167,1980
262319920564532,91,45,56720,428.167,1980
262319970747441,100,50,56720,400.341,1980
262320020851882,100,50,56720,400.341,1980
262320070956279,100,50,56720,385.693,1980
262320121075527,100,50,56720,385.693,1980
262320171176605,80,40,56720,397.09,1980
262320221278975,80,40,56720,397.09,1980
262320271380468,80,40,56720,415.62,1980
262320321482943,80,40,56720,415.62,1980
262320371584915,98,49,56720,441.321,1980
262320421687236,98,49,56720,441.321,1980
262320471788656,98,49,56720,462.382,1980
262320521889735,98,49,56720,462.382,1980
262320571990202,96,51,56720,483.838,1980
262320622105135,96,51,56720,483.838,1980
262320672209883,96,51,56720,502.418,1980
262320722320967,96,51,56720,502.418,1980
262320772424057,96,55,56720,525.669,1980
262320822529367,96,55,56720,525.669,1980
262320872626556,96,55,56720,543.331,1980
262320922726447,96,55,56720,543.331,1980
262320972822688,95,53,56720,569.675,1980
262321022921318,95,53,56720,569.675,1980
262321073028453,95,53,56720,587.94,1980
262321123133174,95,53,56720,587.94,1980
262321173233423,96,52,56720,580.665,1980
262321223338731,96,52,56720,580.665,1980
262321273438650,96,52,56720,575.962,1980
262321323547948,96,52,56720,575.962,1980
262321374578062,98,54,56720,553.992,1980
262321424730482,98,54,56720,553.992,1980
262321475949946,98,54,56720,530.056,1980
262321526423568,98,54,56720,530.056,1980
262321577734600,74,35,56720,507.499,1980
262321628229935,74,35,56720,507.499,1980
262321678442645,74,35,56720,487.344,1980
262321728608793,74,35,56720,487.344,1980
262321779381952,83,41,56720,465.216,1980
262321829508710,83,41,56720,465.216,1980
262321879619456,83,41,56720,447.934,1980
262321929733629,83,41,56720,447.934,1980
262321979877917,100,49,56720,425.618,1980
262322029991308,100,49,56720,425.618,1980
262322080128032,100,49,56720,405.053,1980
262322130244940,100,49,56720,405.053,1980
262322180353726,100,50,56720,391.404,1980
262322230452789,100,50,56720,391.404,1980
262322280560128,100,50,56720,398.886,1980
262322330657888,100,50,56720,398.886,1980
262322381770857,98,50,56720,422.739,1980
262322431873885,98,50,56720,422.739,1980
262322481979013,98,50,56720,448.876,1980
262322532041829,98,50,56720,448.876,1980
262322582140826,90,48,56720,471.181,1980
262322632549436,90,48,56720,471.181,1980
262322682655611,90,48,56720,492.759,1980
262322732761365,90,48,56720,492.759,1980
262322782862827,96,53,56720,510.622,1980
262322832964491,96,53,56720,510.622,1980
262322883250304,96,53,56720,535.669,1980
262322933396924,96,53,56720,535.669,1980
262322983509871,96,54,56720,558.74,1980
262323033618249,96,54,56720,558.74,1980
262323083727133,96,54,56720,578.58,1980
262323134019327,96,54,56720,578.58,1980
262323184128530,96,53,56720,592.952,1980
262323234264067,96,53,56720,592.952,1980
262323284368816,96,53,56720,585.435,1980
262323334477210,96,53,56720,585.435,1980
262323384976659,98,55,56720,581.15,1980
262323435087799,98,55,56720,581.15,1980
262323485426677,98,55,56720,564.69,1980
262323535585092,98,55,56720,564.69,1980
262323587087589,55,42,56720,535.346,1980
262323637221839,55,42,56720,535.346,1980
262323687335660,55,42,56720,514.034,1980
262323738140938,55,42,56720,514.034,1980
262323788264261,76,37,56720,494.036,1980
262323838404199,76,37,56720,494.036,1980
262323889092792,76,37,56720,469.32,1980
262323939204782,76,37,56720,469.32,1980
262323989357976,87,43,56720,448.824,1980
262324039842226,87,43,56720,448.824,1980
262324089948258,87,43,56720,426.859,1980
262324140099944,87,43,56720,426.859,1980
262324190207437,100,49,56720,402.398,1980
262324240317540,100,49,56720,402.398,1980
262324290422933,100,49,56720,383.114,1980
262324340550514,100,49,56720,383.114,1980
262324390654911,80,40,56720,387.236,1980
262324440757834,80,40,56720,387.236,1980
262324490862797,80,40,56720,404.03,1980
262324540969311,80,40,56720,404.03,1980
262324591072583,98,49,56720,427.92,1980
262324641196940,98,49,56720,427.92,1980
262324691303681,98,49,56720,450.646,1980
262324741403474,98,49,56720,450.646,1980
262324791518243,96,51,56720,474.707,1980
262324841625485,96,51,56720,474.707,1980
262324891737574,96,51,56720,490.496,1980
262324941841820,96,51,56720,490.496,1980
262324991945482,96,53,56720,508.575,1980
262325042050472,96,53,56720,508.575,1980
262325092151446,96,53,56720,532.44,1980
262325142263114,96,53,56720,532.44,1980
262325192395420,96,54,56720,553.594,1980
262325242498172,96,54,56720,553.594,1980
262325292607096,96,54,56720,582.526,1980
262325342709699,96,54,56720,582.526,1980
262325392814432,96,54,56720,579.378,1980
262325442915469,96,54,56720,579.378,1980
262325493023401,96,54,56720,576.386,1980
262325543659621,96,54,56720,576.386,1980
262325594558892,96,54,56720,565.951,1980
262325645173142,96,54,56720,565.951,1980
262325695797778,96,54,56720,523.608,1980
262325747473442,96,54,56720,523.608,1980
262325797583441,2,2,56720,483.766,1980
262325849182796,2,2,56720,483.766,1980
262325900266972,2,2,56720,465.873,1980
262325950381355,2,2,56720,465.873,1980
262326001015378,74,36,56720,447.228,1980
262326051572424,74,36,56720,447.228,1980
262326101688861,74,36,56720,426.024,1980
262326151830124,74,36,56720,403.149,1980
262326201973233,91,44,56720,403.149,1980
262326252623356,91,44,56720,384.215,1980
262326302727044,91,44,56720,384.215,1980
262326352845148,100,49,56720,358.049,1980
262326402953275,100,49,56720,358.049,1980
262326453287145,100,49,56720,337.177,1980
262326503399707,100,49,56720,337.177,1980
262326553502738,89,44,56720,332.756,1980
262326603617474,89,44,56720,332.756,1980
262326653732447,89,44,56720,383.477,1980
262326703836538,89,44,56720,383.477,1980
262326755345003,98,48,56720,426.705,1980
262326805452432,98,48,56720,426.705,1980
262326855555849,98,48,56720,449.092,1980
262326905659573,98,48,56720,449.092,1980
262326955765085,90,46,56720,466.794,1980
262327005865544,90,46,56720,466.794,1980
262327055969705,90,46,56720,487.861,1980
262327106071266,90,46,56720,487.861,1980
262327156175007,96,53,56720,505.564,1980
262327206279549,96,53,56720,505.564,1980
262327256388291,96,53,56720,521.812,1980
262327306491965,96,53,56720,521.812,1980
262327356596998,96,54,56720,546.581,1980
262327406702101,96,54,56720,546.581,1980
262327456806349,96,54,56720,570.871,1980
262327506915308,96,54,56720,570.871,1980
262327557033278,96,53,56720,578.548,1980
262327607169303,96,53,56720,578.548,1980
262327657273384,96,53,56720,571.098,1980
262327707380310,96,53,56720,571.098,1980
262327759254316,96,53,56720,562.89,1980
262327809402820,96,53,56720,562.89,1980
262327861209473,96,53,56720,535.606,1980
262327911383649,96,53,56720,535.606,1980
262327962933242,42,20,56720,515.197,1980
262328015830948,42,20,56720,515.197,1980
262328066967485,42,20,56720,492.819,1980
262328118095833,42,20,56720,492.819,1980
262328168236320,88,43,56720,475.845,1980
262328218442621,88,43,56720,475.845,1980
262328268600312,88,43,56720,456.177,1980
262328318988969,88,43,56720,456.177,1980
262328369377951,98,49,56720,433.956,1980
262328419488252,98,49,56720,433.956,1980
262328469592435,98,49,56720,413.924,1980
262328519854531,98,49,56720,413.924,1980
262328569958123,82,40,56720,385.049,1980
262328620070036,82,40,56720,385.049,1980
262328670172806,82,40,56720,388.105,1980
262328720279879,82,40,56720,388.105,1980
262328770384089,98,47,56720,397.187,1980
262328820488874,98,47,56720,397.187,1980
262328870597344,98,47,56720,424.147,1980
262328920702153,98,47,56720,424.147,1980
262328970804825,95,51,56720,449.173,1980
262329020901603,95,51,56720,449.173,1980
262329071010591,95,51,56720,473.033,1980
262329121115870,95,51,56720,473.033,1980
262329171233448,96,54,56720,492.81,1980
262329221336409,96,54,56720,492.81,1980
262329271437963,96,54,56720,514.125,1980
262329321539141,96,54,56720,514.125,1980
262329371637610,96,53,56720,533.087,1980
262329421733126,96,53,56720,533.087,1980
262329471831912,96,53,56720,556.096,1980
262329521913253,96,53,56720,556.096,1980
262329572022211,96,51,56720,574.627,1980
262329622130877,96,51,56720,574.627,1980
262329672238535,96,51,56720,579.213,1980
262329722344077,96,51,56720,579.213,1980
262329772449021,96,57,56720,574.34,1980
262329822996198,96,57,56720,574.34,1980
262329873966799,96,57,56720,547.097,1980
262329924107769,96,57,56720,547.097,1980
262329975685872,74,36,56720,522.172,1980
262330026556708,74,36,56720,522.172,1980
262330076737561,74,36,56720,501.863,1980
262330126953845,74,36,56720,501.863,1980
262330177109062,94,46,56720,478.512,1980
262330227276038,94,46,56720,478.512,1980
262330277729825,94,46,56720,459.351,1980
262330328076141,94,46,56720,459.351,1980
262330378179678,100,50,56720,434.255,1980
262330428294443,100,50,56720,434.255,1980
262330478442579,100,50,56720,413.09,1980
262330529822081,100,50,56720,413.09,1980
262330579926323,83,41,56720,385.95,1980
262330630042198,83,41,56720,385.95,1980
262330680150237,83,41,56720,392.092,1980
262330730274588,83,41,56720,392.092,1980
262330780414932,98,47,56720,398.589,1980
262330830528022,98,47,56720,398.589,1980
262330880633908,98,47,56720,419.509,1980
262330931502612,98,47,56720,419.509,1980
262330981605643,95,50,56720,439.737,1980
262331031707179,95,50,56720,439.737,1980
262331081812465,95,50,56720,458.287,1980
262331131912230,95,50,56720,458.287,1980
262331182014623,98,54,56720,474.805,1980
262331232114189,98,54,56720,474.805,1980
262331282213587,98,54,56720,494.771,1980
262331332324133,98,54,56720,494.771,1980
262331382427266,95,53,56720,512.003,1980
262331432558613,95,53,56720,512.003,1980
262331482683036,95,53,56720,531.105,1980
262331532808410,95,53,56720,531.105,1980
262331582917135,96,52,56720,549.741,1980
262331633052339,96,52,56720,549.741,1980
262331683165740,96,52,56720,549.383,1980
262331733277708,96,52,56720,549.383,1980
262331786610034,96,58,56720,543.99,1980
262331837250667,96,58,56720,543.99,1980
262331888537303,96,58,56720,513.687,1980
262331938680714,96,58,56720,513.687,1980
262331989806545,74,36,56720,495.682,1980
262332041415707,74,36,56720,495.682,1980
262332092571246,74,36,56720,477.717,1980
262332143513622,74,36,56720,477.717,1980
262332193642418,92,45,56720,460.116,1980
262332243748677,92,45,56720,460.116,1980
262332293903957,92,45,56720,443.74,1980
262332344386587,92,45,56720,443.74,1980
262332394493126,100,50,56720,422.551,1980
262332444619171,100,50,56720,422.551,1980
262332494768911,100,50,56720,406.433,1980
262332544885212,100,50,56720,406.433,1980
262332594987751,83,41,56720,385.133,1980
262332645090350,83,41,56720,385.133,1980
262332695196978,83,41,56720,394.3,1980
262332745309874,83,41,56720,394.3,1980
262332795414825,98,50,56720,398.984,1980
262332845515321,98,50,56720,398.984,1980
262332895616288,98,50,56720,428.561,1980
262332945716626,98,50,56720,428.561,1980
262332995818939,90,49,56720,453.195,1980
262333045921269,90,49,56720,453.195,1980
262333096048244,90,49,56720,479.342,1980
262333146148776,90,49,56720,479.342,1980
262333196254822,97,53,56720,495.456,1980
262333246388681,97,53,56720,495.456,1980
262333296493218,97,53,56720,514.793,1980
262333346593642,97,53,56720,514.793,1980
262333396703532,99,55,56720,541.104,1980
262333446811135,99,55,56720,541.104,1980
262333496914698,99,55,56720,556.281,1980
262333547017248,99,55,56720,556.281,1980
262333597117244,96,54,56720,585.531,1980
262333647217419,96,54,56720,585.531,1980
262333697317767,96,54,56720,583.124,1980
262333747417805,96,54,56720,583.124,1980
262333797517291,98,56,56720,580.392,1980
262333847618642,98,56,56720,580.392,1980
262333897722536,98,56,56720,575.524,1980
262333947905998,98,56,56720,575.524,1980
262333999245817,61,45,56720,563.5,1980
262334049354082,61,45,56720,563.5,1980
262334100962124,61,45,56720,534.203,1980
262334152286004,61,45,56720,534.203,1980
262334202529726,64,30,56720,513.824,1980
262334252697731,64,30,56720,513.824,1980
262334302900610,64,30,56720,493.011,1980
262334353018583,64,30,56720,493.011,1980
262334403298614,91,45,56720,472.175,1980
262334454275199,91,45,56720,472.175,1980
262334504944556,91,45,56720,457.592,1980
262334555088037,91,45,56720,457.592,1980
262334605437802,100,49,56720,438.23,1980
262334655860659,100,49,56720,438.23,1980
262334706146063,100,49,56720,413.683,1980
262334756265832,100,49,56720,413.683,1980
262334806390456,80,39,56720,395.867,1980
262334856493943,80,39,56720,402.259,1980
262334906598248,80,39,56720,402.259,1980
262334956716178,80,39,56720,412.613,1980
262335006823108,98,47,56720,412.613,1980
262335056930868,98,47,56720,438.268,1980
262335107041703,98,47,56720,438.268,1980
262335157154920,95,50,56720,458.507,1980
262335207262552,95,50,56720,458.507,1980
262335257362497,95,50,56720,479.887,1980
262335307463703,95,50,56720,479.887,1980
262335357563276,96,52,56720,501.115,1980
262335407670919,96,52,56720,501.115,1980
262335457776845,96,52,56720,523.439,1980
262335507876800,96,52,56720,523.439,1980
262335557976146,96,52,56720,542.943,1980
262335608074971,96,52,56720,542.943,1980
262335658174161,96,52,56720,559.174,1980
262335708278122,96,52,56720,559.174,1980
262335758454361,99,54,56720,582.843,1980
262335808568440,99,54,56720,582.843,1980
262335858669452,99,54,56720,577.622,1980
262335908765242,99,54,56720,577.622,1980
262335958862134,96,52,56720,572.82,1980
262336008967517,96,52,56720,572.82,1980
262336059069901,96,52,56720,569.048,1980
262336110363345,96,52,56720,569.048,1980
262336160467920,56,26,56720,541.348,1980
262336212180403,56,26,56720,541.348,1980
262336262315841,56,26,56720,519.481,1980
262336313582595,56,26,56720,519.481,1980
262336364289278,83,40,56720,498.73,1980
262336414426592,83,40,56720,498.73,1980
262336464547110,83,40,56720,478.534,1980
262336514654807,83,40,56720,478.534,1980
262336565181174,100,49,56720,461.157,1980
262336615285985,100,49,56720,461.157,1980
262336665443032,100,49,56720,437.722,1980
262336715551174,100,49,56720,437.722,1980
262336765669413,100,50,56720,419.044,1980
262336815775086,100,50,56720,419.044,1980
262336865883997,100,50,56720,396.145,1980
262336915993380,100,50,56720,396.145,1980
262336966118459,98,50,56720,403.714,1980
262337016223608,98,50,56720,403.714,1980
262337066327838,98,50,56720,407.715,1980
262337118412328,98,50,56720,407.715,1980
262337168527273,90,48,56720,438.003,1980
262337218636269,90,48,56720,438.003,1980
262337268740603,90,48,56720,454.961,1980
262337318841395,90,48,56720,454.961,1980
262337368944549,96,54,56720,471.199,1980
262337419044491,96,54,56720,471.199,1980
262337469149076,96,54,56720,490.348,1980
262337519252702,96,54,56720,490.348,1980
262337569356303,95,53,56720,507.745,1980
262337619458536,95,53,56720,507.745,1980
262337669575038,95,53,56720,527.656,1980
262337719706216,95,53,56720,527.656,1980
262337769813486,95,53,56720,550.847,1980
262337819914146,95,53,56720,550.847,1980
262337870018362,95,53,56720,566.56,1980
262337920115507,95,53,56720,566.56,1980
262337970217467,96,55,56720,561.877,1980
262338020316136,96,55,56720,561.877,1980
262338070411996,96,55,56720,557.053,1980
262338120534710,96,55,56720,557.053,1980
262338170650335,45,35,56720,534.083,1980
262338220819287,45,35,56720,534.083,1980
262338271588828,45,35,56720,511.88,1980
262338322301580,45,35,56720,511.88,1980
262338373367567,78,38,56720,493.678,1980
262338424207201,78,38,56720,493.678,1980
262338474940105,78,38,56720,477.399,1980
262338525139417,78,38,56720,477.399,1980
262338575592513,100,49,56720,459.681,1980
262338625702293,100,49,56720,459.681,1980
262338675815180,100,49,56720,435.225,1980
262338725979196,100,49,56720,435.225,1980
262338776085639,100,50,56720,414.868,1980
262338826195869,100,50,56720,414.868,1980
262338876318574,100,50,56720,391.191,1980
262338926437553,100,50,56720,391.191,1980
262338976544338,84,45,56720,383.634,1980
262339026646692,84,45,56720,383.634,1980
262339076750042,84,45,56720,393.057,1980
262339126866088,84,45,56720,393.057,1980
262339176974500,98,53,56720,426.422,1980
262339227081953,98,53,56720,426.422,1980
262339277186979,98,53,56720,449.535,1980
262339327294608,98,53,56720,449.535,1980
262339377397162,97,52,56720,473.355,1980
262339427500705,97,52,56720,473.355,1980
262339477598619,97,52,56720,493.45,1980
262339527707818,97,52,56720,493.45,1980
262339577812775,98,56,56720,513.547,1980
262339627914122,98,56,56720,513.547,1980
262339678016689,98,56,56720,544.374,1980
262339728129305,98,56,56720,544.374,1980
262339778246779,97,55,56720,563.84,1980
262339828352029,97,55,56720,563.84,1980
262339878466718,97,55,56720,594.632,1980
262339928577797,97,55,56720,594.632,1980
262339978681667,98,57,56720,595.566,1980
262340029177942,98,57,56720,595.566,1980
262340079287702,98,57,56720,592.522,1980
262340129403811,98,57,56720,592.522,1980
262340179517421,97,55,56720,585.511,1980
262340229624300,97,55,56720,585.511,1980
262340281039261,97,55,56720,582.798,1980
262340331214746,97,55,56720,582.798,1980
262340381357890,45,30,56720,552.594,1980
262340433114064,45,30,56720,552.594,1980
262340484346188,45,30,56720,528.421,1980
262340534471629,45,30,56720,528.421,1980
262340584610204,79,38,56720,508.621,1980
262340635629526,79,38,56720,508.621,1980
262340686492156,79,38,56720,485.3,1980
262340736619051,79,38,56720,485.3,1980
262340786767896,100,49,56720,463.417,1980
262340837079345,100,49,56720,463.417,1980
262340887190873,100,49,56720,441.611,1980
262340937295313,100,49,56720,441.611,1980
262340987407849,100,50,56720,420.182,1980
262341037612338,100,50,56720,420.182,1980
262341087718276,100,50,56720,390.611,1980
262341137818626,100,50,56720,390.611,1980
262341187918341,98,48,56720,395.935,1980
262341238033397,98,48,56720,395.935,1980
262341288131346,98,48,56720,403.591,1980
262341338252285,98,48,56720,403.591,1980
262341388358583,92,44,56720,431.095,1980
262341438468683,92,44,56720,431.095,1980
262341488575082,92,44,56720,457.575,1980
262341538677358,92,44,56720,457.575,1980
262341588778299,98,54,56720,479.104,1980
262341638881654,98,54,56720,479.104,1980
262341688979243,98,54,56720,498.381,1980
262341739046020,98,54,56720,498.381,1980
262341789149688,96,53,56720,522.952,1980
262341839249811,96,53,56720,522.952,1980
262341889351002,96,53,56720,538.521,1980
262341939453299,96,53,56720,538.521,1980
262341989567489,97,52,56720,562.104,1980
262342039678324,97,52,56720,562.104,1980
262342090676170,97,52,56720,579.965,1980
262342140804358,97,52,56720,579.965,1980
262342190913928,97,55,56720,572.917,1980
262342241027089,97,55,56720,572.917,1980
262342291131394,97,55,56720,568.953,1980
262342341283918,97,55,56720,568.953,1980
262342392242648,51,39,56720,543.144,1980
262342442389197,51,39,56720,543.144,1980
262342493551914,51,39,56720,518.732,1980
262342544117419,51,39,56720,518.732,1980
262342594248669,77,38,56720,495.664,1980
262342645264933,77,38,56720,495.664,1980
262342695413661,77,38,56720,475.932,1980
262342746297834,77,38,56720,475.932,1980
262342796419476,94,46,56720,457.229,1980
262342846540790,94,46,56720,457.229,1980
262342896674646,94,46,56720,436.737,1980
262342946781953,94,46,56720,436.737,1980
262342996884313,100,50,56720,416.508,1980
262343047012700,100,50,56720,416.508,1980
262343097124542,100,50,56720,396.848,1980
262343147227795,100,50,56720,396.848,1980
262343197333727,81,40,56720,396.62,1980
262343247440242,81,40,56720,396.62,1980
262343297546029,81,40,56720,402.129,1980
262343347645351,81,40,56720,402.129,1980
262343397776680,98,47,56720,431.196,1980
262343447903639,98,47,56720,431.196,1980
262343498033382,98,47,56720,448.255,1980
262343548149469,98,47,56720,448.255,1980
262343598255985,95,51,56720,471.038,1980
262343648360757,95,51,56720,471.038,1980
262343698463303,95,51,56720,493.498,1980
262343748564796,95,51,56720,493.498,1980
262343798671897,97,51,56720,511.612,1980
262343848773842,97,51,56720,511.612,1980
262343898879050,97,51,56720,535.25,1980
262343948985736,97,51,56720,535.25,1980
262343999092513,98,54,56720,548.327,1980
262344049197615,98,54,56720,548.327,1980
262344099340532,98,54,56720,571.168,1980
262344149759976,98,54,56720,571.168,1980
262344199886999,96,53,56720,579.457,1980
262344249994852,96,53,56720,579.457,1980
262344300103191,96,53,56720,571.388,1980
262344351681715,96,53,56720,571.388,1980
262344401799815,81,56,56720,557.286,1980
262344453097768,81,56,56720,557.286,1980
262344508105656,81,56,56720,531.711,1980
262344558242290,81,56,56720,531.711,1980
262344608349208,71,34,56720,510.079,1980
262344658518325,71,34,56720,510.079,1980
262344708651750,71,34,56720,487.721,1980
262344759664140,71,34,56720,487.721,1980
262344810563035,88,43,56720,467.655,1980
262344860705622,88,43,56720,467.655,1980
262344911050579,88,43,56720,451.053,1980
262344961949544,88,43,56720,431.876,1980
262345012064610,100,49,56720,431.876,1980
262345062172843,100,49,56720,413.919,1980
262345112310593,100,49,56720,413.919,1980
262345162440497,77,38,56720,392.14,1980
262345212547342,77,38,56720,392.14,1980
262345262666686,77,38,56720,396.409,1980
262345312775260,77,38,56720,396.409,1980
262345362891922,98,49,56720,404.296,1980
262345412994009,98,49,56720,404.296,1980
262345463104648,98,49,56720,440.518,1980
262345513206981,98,49,56720,440.518,1980
262345563313452,95,51,56720,460.627,1980
262345613415019,95,51,56720,460.627,1980
262345663520288,95,51,56720,482.928,1980
262345713623658,95,51,56720,482.928,1980
262345763723453,96,54,56720,504.384,1980
262345813823504,96,54,56720,504.384,1980
262345863923609,96,54,56720,527.291,1980
262345914044020,96,54,56720,527.291,1980
262345964145103,96,54,56720,546.661,1980
262346014636984,96,54,56720,546.661,1980
262346064741185,96,54,56720,565.395,1980
262346114842762,96,54,56720,565.395,1980
262346164996767,96,54,56720,588.678,1980
262346215146531,96,54,56720,588.678,1980
262346265252834,96,54,56720,581.437,1980
262346315357181,96,54,56720,581.437,1980
262346365455965,97,53,56720,574.797,1980
262346415861968,97,53,56720,574.797,1980
262346466491264,97,53,56720,549.707,1980
262346516632338,97,53,56720,549.707,1980
262346566793487,71,34,56720,526.683,1980
262346618297989,71,34,56720,526.683,1980
262346668441698,71,34,56720,503.285,1980
262346718630104,71,34,56720,503.285,1980
262346769616268,83,41,56720,481.612,1980
262346819793241,83,41,56720,481.612,1980
262346870367328,83,41,56720,459.478,1980
262346920865474,83,41,56720,459.478,1980
262346970978836,99,49,56720,445.176,1980
262347021087045,99,49,56720,445.176,1980
262347071233296,99,49,56720,424.264,1980
262347121452880,99,49,56720,424.264,1980
262347171616137,100,50,56720,404.195,1980
262347221729967,100,50,56720,404.195,1980
262347271835134,100,50,56720,390.941,1980
262347321941778,100,50,56720,390.941,1980
262347372053807,98,50,56720,399.053,1980
262347422157763,98,50,56720,399.053,1980
262347472284798,98,50,56720,424.019,1980
262347522393386,98,50,56720,424.019,1980
262347572501848,89,47,56720,444.135,1980
262347622607683,89,47,56720,444.135,1980
262347672718959,89,47,56720,463.68,1980
262347722817634,89,47,56720,463.68,1980
262347772921811,96,55,56720,485.366,1980
262347823078327,96,55,56720,485.366,1980
262347873219305,96,55,56720,506.114,1980
262347923330738,96,55,56720,506.114,1980
262347973429945,96,54,56720,525.735,1980
262348023535261,96,54,56720,525.735,1980
262348073642031,96,54,56720,551.535,1980
262348123773712,96,54,56720,551.535,1980
262348173884127,97,52,56720,570.502,1980
262348223988926,97,52,56720,570.502,1980
262348274097807,97,52,56720,583.061,1980
262348324207366,97,52,56720,583.061,1980
262348374321194,99,55,56720,577.182,1980
262348424429534,99,55,56720,577.182,1980
262348474534231,99,55,56720,573.772,1980
262348526962292,99,55,56720,573.772,1980
262348578359602,57,43,56720,554.512,1980
262348628567906,57,43,56720,554.512,1980
262348679942015,57,43,56720,532.755,1980
262348730112059,57,43,56720,532.755,1980
262348780254332,75,37,56720,510.268,1980
262348831428792,75,37,56720,510.268,1980
262348881605601,75,37,56720,490.782,1980
262348932748970,75,37,56720,490.782,1980
262348982893435,97,48,56720,471.483,1980
262349033045280,97,48,56720,471.483,1980
262349083192418,97,48,56720,449.642,1980
262349133303759,97,48,56720,449.642,1980
262349183412718,100,50,56720,430.88,1980
262349233535036,100,50,56720,430.88,1980
262349283948216,100,50,56720,408.408,1980
262349334069369,100,50,56720,408.408,1980
262349384176580,75,37,56720,398.049,1980
262349434284525,75,37,56720,398.049,1980
262349484398205,75,37,56720,402.707,1980
262349534500044,75,37,56720,402.707,1980
262349584602104,98,49,56720,424.002,1980
262349634712845,98,49,56720,424.002,1980
262349685076422,98,49,56720,444.561,1980
262349735182616,98,49,56720,444.561,1980
262349785282541,95,52,56720,462.696,1980
262349835385104,95,52,56720,462.696,1980
262349885485827,95,52,56720,487.025,1980
262349935602934,95,52,56720,487.025,1980
262349985700085,97,52,56720,504.919,1980
262350035929675,97,52,56720,504.919,1980
262350086029346,97,52,56720,524.894,1980
262350136165955,97,52,56720,524.894,1980
262350186277342,96,55,56720,538.574,1980
262350236382799,96,55,56720,538.574,1980
262350286483963,96,55,56720,565.556,1980
262350336613635,96,55,56720,565.556,1980
262350386738449,96,54,56720,578.291,1980
262350436850159,96,54,56720,578.291,1980
262350486962459,96,54,56720,574.765,1980
262350538933167,96,54,56720,574.765,1980
262350590376008,71,50,56720,556.805,1980
262350640564312,71,50,56720,556.805,1980
262350690759300,71,50,56720,535.713,1980
262350742664222,71,50,56720,535.713,1980
262350794036819,75,37,56720,514.004,1980
262350844367370,75,37,56720,514.004,1980
262350894523667,75,37,56720,494.25,1980
262350946130122,75,37,56720,494.25,1980
262350996242905,82,40,56720,473.548,1980
262351047189366,82,40,56720,473.548,1980
262351097348059,82,40,56720,453.411,1980
262351147467936,82,40,56720,453.411,1980
262351197618155,98,48,56720,438.428,1980
262351248165247,98,48,56720,438.428,1980
262351298452219,98,48,56720,415.251,1980
262351348994181,98,48,56720,415.251,1980
262351399118831,78,39,56720,389.083,1980
262351449227226,78,39,56720,389.083,1980
262351499586077,78,39,56720,396.44,1980
262351549738086,78,39,56720,396.44,1980
262351599850334,98,48,56720,412.261,1980
262351649966433,98,48,56720,412.261,1980
262351700072828,98,48,56720,437.487,1980
262351750177897,98,48,56720,437.487,1980
262351800288181,98,51,56720,461.208,1980
262351850390841,98,51,56720,461.208,1980
262351900492541,98,51,56720,481.764,1980
262351950602357,98,51,56720,481.764,1980
262352000717027,96,53,56720,501.895,1980
262352050821142,96,53,56720,501.895,1980
262352100922153,96,53,56720,516.814,1980
262352151030870,96,53,56720,516.814,1980
262352201134556,96,51,56720,534.503,1980
262352251241072,96,51,56720,534.503,1980
262352301342079,96,51,56720,558.415,1980
262352351443136,96,51,56720,558.415,1980
262352401543029,98,55,56720,574.754,1980
262352451650714,98,55,56720,574.754,1980
262352501751647,98,55,56720,577.584,1980
262352551853234,98,55,56720,577.584,1980
262352601968061,96,53,56720,571.828,1980
262352656540326,96,53,56720,571.828,1980
262352706743303,96,53,56720,550.288,1980
262352756889119,96,53,56720,550.288,1980
262352807438022,67,32,56720,525.11,1980
262352857893297,67,32,56720,525.11,1980
262352908033939,67,32,56720,504.433,1980
262352958165468,67,32,56720,504.433,1980
262353008287285,84,41,56720,487.023,1980
262353058450812,84,41,56720,487.023,1980
262353108586519,84,41,56720,467.678,1980
262353158699749,84,41,56720,467.678,1980
262353209428752,100,49,56720,449.436,1980
262353259538405,100,49,56720,449.436,1980
262353309641640,100,49,56720,430.396,1980
262353359772610,100,49,56720,430.396,1980
262353409907290,100,50,56720,405.063,1980
262353460027006,100,50,56720,405.063,1980
262353510139385,100,50,56720,389.974,1980
262353560263284,100,50,56720,389.974,1980
262353610368714,98,48,56720,397.02,1980
262353660477887,98,48,56720,397.02,1980
262353710603698,98,48,56720,417.875,1980
262353760715249,98,48,56720,417.875,1980
262353810815360,90,46,56720,440.375,1980
262353860917647,90,46,56720,440.375,1980
262353911021658,90,46,56720,461.78,1980
262353961123393,90,46,56720,461.78,1980
262354011232322,95,53,56720,481.559,1980
262354061449407,95,53,56720,481.559,1980
262354111557394,95,53,56720,495.579,1980
262354161657642,95,53,56720,495.579,1980
262354211757234,95,52,56720,518.076,1980
262354261857569,95,52,56720,518.076,1980
262354311966500,95,52,56720,536.531,1980
262354362071698,95,52,56720,536.531,1980
262354412176390,95,52,56720,561.839,1980
262354462277717,95,52,56720,561.839,1980
262354512380366,95,52,56720,578.399,1980
262354562490732,95,52,56720,578.399,1980
262354612595069,95,54,56720,570.964,1980
262354662699027,95,54,56720,570.964,1980
262354712877470,95,54,56720,566.77,1980
262354763022383,95,54,56720,566.77,1980
262354813166620,49,38,56720,540.475,1980
262354864499410,49,38,56720,540.475,1980
262354914675048,49,38,56720,519.575,1980
262354965972273,49,38,56720,519.575,1980
262355016065601,75,37,56720,499.358,1980
262355067376906,75,37,56720,479.755,1980
262355117489109,75,37,56720,479.755,1980
262355167874107,75,37,56720,460.685,1980
262355217997159,93,46,56720,460.685,1980
262355268584750,93,46,56720,441.086,1980
262355318698843,93,46,56720,441.086,1980
262355368829838,100,50,56720,420.239,1980
262355419171397,100,50,56720,420.239,1980
262355469282397,100,50,56720,395.708,1980
262355519389818,100,50,56720,395.708,1980
262355569500450,78,38,56720,391.838,1980
262355619617014,78,38,56720,391.838,1980
262355669722690,78,38,56720,399.178,1980
262355719823672,78,38,56720,399.178,1980
262355769944158,99,48,56720,428.022,1980
262355820055294,99,48,56720,428.022,1980
262355870168932,99,48,56720,449.892,1980
262355920273661,99,48,56720,449.892,1980
262355970380011,97,49,56720,467.197,1980
262356020481990,97,49,56720,467.197,1980
262356070586234,97,49,56720,487.206,1980
262356120686751,97,49,56720,487.206,1980
262356170797447,98,54,56720,509.057,1980
262356220898393,98,54,56720,509.057,1980
262356270997237,98,54,56720,529.004,1980
262356321098274,98,54,56720,529.004,1980
262356371197250,96,53,56720,551.509,1980
262356421302045,96,53,56720,551.509,1980
262356471403430,96,53,56720,574.026,1980
262356521508862,96,53,56720,574.026,1980
262356571624870,96,54,56720,584.208,1980
262356621740332,96,54,56720,584.208,1980
262356671850501,96,54,56720,582.406,1980
262356721966777,96,54,56720,582.406,1980
262356772075201,96,53,56720,576.987,1980
262356822480186,96,53,56720,576.987,1980
262356872608026,96,53,56720,556.327,1980
262356923867897,96,53,56720,556.327,1980
262356974018630,65,31,56720,539.141,1980
262357024164339,65,31,56720,539.141,1980
262357074288460,65,31,56720,517.47,1980
262357124419168,65,31,56720,517.47,1980
262357175569992,82,40,56720,496.557,1980
262357226084662,82,40,56720,496.557,1980
262357276565320,82,40,56720,477.04,1980
262357326712729,82,40,56720,477.04,1980
262357376952023,100,49,56720,458.09,1980
262357427044858,100,49,56720,458.09,1980
262357477158122,100,49,56720,432.433,1980
262357527279697,100,49,56720,432.433,1980
262357577381390,100,50,56720,407.169,1980
262357627497879,100,50,56720,407.169,1980
262357677601199,100,50,56720,391.793,1980
262357727710572,100,50,56720,391.793,1980
262357777824486,98,50,56720,392.006,1980
262357827943530,98,50,56720,392.006,1980
262357878052090,98,50,56720,415.433,1980
262357928163546,98,50,56720,415.433,1980
262357978271304,90,47,56720,437.711,1980
262358028380192,90,47,56720,437.711,1980
262358078485743,90,47,56720,461.048,1980
262358128590981,90,47,56720,461.048,1980
262358178694773,96,55,56720,479.068,1980
262358228804859,96,55,56720,479.068,1980
262358278914361,96,55,56720,501.315,1980
262358329020058,96,55,56720,501.315,1980
262358379121997,96,54,56720,524.036,1980
262358429234354,96,54,56720,524.036,1980
262358479351202,96,54,56720,544.671,1980
262358529470470,96,54,56720,544.671,1980
262358579575976,95,51,56720,567.365,1980
262358629677191,95,51,56720,567.365,1980
262358679779071,95,51,56720,582.672,1980
262358729880628,95,51,56720,582.672,1980
262358779981262,98,55,56720,577.185,1980
262358830082998,98,55,56720,577.185,1980
262358880182974,98,55,56720,573.556,1980
262358930285645,98,55,56720,573.556,1980
262358981143788,55,42,56720,548.985,1980
262359032200210,55,42,56720,548.985,1980
262359082857043,55,42,56720,508.086,1980
262359133012458,55,42,56720,508.086,1980
262359183663450,16,7,56720,473.272,1980
262359235244947,16,7,56720,473.272,1980
262359285366592,16,7,56720,451.386,1980
262359335473564,16,7,56720,451.386,1980
262359390881550,77,38,56720,430.917,1980
262359441014951,77,38,56720,430.917,1980
262359491135578,77,38,56720,411.159,1980
262359542010365,77,38,56720,411.159,1980
262359592421081,95,47,56720,389.689,1980
262359642573438,95,47,56720,389.689,1980
262359692694200,95,47,56720,369.896,1980
262359743251651,95,47,56720,369.896,1980
262359793387321,100,50,56720,353.743,1980
262359843492391,100,50,56720,353.743,1980
262359893640131,100,50,56720,325.911,1980
262359943749743,100,50,56720,325.911,1980
262359993858543,79,40,56720,344.222,1980
262360043967069,79,40,56720,344.222,1980
262360094072589,79,40,56720,386.928,1980
262360144180185,79,40,56720,386.928,1980
262360194301059,98,49,56720,430.773,1980
262360244406516,98,49,56720,430.773,1980
262360294510574,98,49,56720,449.497,1980
262360344622844,98,49,56720,449.497,1980
262360394727022,95,51,56720,470.314,1980
262360444829227,95,51,56720,470.314,1980
262360494932734,95,51,56720,486.716,1980
262360545040379,95,51,56720,486.716,1980
262360595144575,97,54,56720,503.913,1980
262360645250564,97,54,56720,503.913,1980
262360695352739,97,54,56720,522.227,1980
262360745461024,97,54,56720,522.227,1980
262360795566087,96,53,56720,545.195,1980
262360845663702,96,53,56720,545.195,1980
262360895759929,96,53,56720,565.157,1980
262360945855728,96,53,56720,565.157,1980
262360995953041,96,54,56720,569.81,1980
262361046040925,96,54,56720,569.81,1980
262361096139812,96,54,56720,563.245,1980
262361146240706,96,54,56720,563.245,1980
262361204383803,95,59,56720,557.73,1980
262361255136156,95,59,56720,557.73,1980
262361305284528,95,59,56720,533.625,1980
262361356457207,95,59,56720,533.625,1980
262361406796648,75,36,56720,509.699,1980
262361457847032,75,36,56720,509.699,1980
262361508304187,75,36,56720,490.519,1980
262361559132148,75,36,56720,490.519,1980
262361609279038,95,46,56720,472.735,1980
262361659393218,95,46,56720,472.735,1980
262361709903237,95,46,56720,450.26,1980
262361760022695,95,46,56720,450.26,1980
262361810138951,100,49,56720,428.204,1980
262361860267718,100,49,56720,428.204,1980
262361910392001,100,49,56720,407.09,1980
262361960502881,100,49,56720,407.09,1980
262362010610843,87,41,56720,408.984,1980
262362060716161,87,41,56720,408.984,1980
262362110829862,87,41,56720,408.82,1980
262362160942147,87,41,56720,408.82,1980
262362211061962,91,44,56720,411.642,1980
262362261171401,91,44,56720,411.642,1980
262362311282642,91,44,56720,432.918,1980
262362361384689,91,44,56720,432.918,1980
262362411490400,98,53,56720,453.862,1980
262362461591678,98,53,56720,453.862,1980
262362511693880,98,53,56720,477.083,1980
262362561794566,98,53,56720,477.083,1980
262362611923659,96,53,56720,494.404,1980
262362662030642,96,53,56720,494.404,1980
262362712144485,96,53,56720,512.66,1980
262362762250393,96,53,56720,512.66,1980
262362812349423,96,53,56720,534.008,1980
262362862454928,96,53,56720,534.008,1980
262362912554305,96,53,56720,563.768,1980
262362962654485,96,53,56720,563.768,1980
262363012754958,97,51,56720,562.739,1980
262363064878173,97,51,56720,562.739,1980
262363115041362,97,51,56720,554.178,1980
262363165199240,97,51,56720,554.178,1980
262363217086908,42,22,56720,525.477,1980
262363267251068,42,22,56720,525.477,1980
262363317380333,42,22,56720,506.236,1980
262363368704922,42,22,56720,506.236,1980
262363419958311,78,38,56720,483.806,1980
262363470076970,78,38,56720,483.806,1980
262363520225486,78,38,56720,464.782,1980
262363570390212,78,38,56720,464.782,1980
262363620556373,97,47,56720,445.873,1980
262363670718316,97,47,56720,445.873,1980
262363720859295,97,47,56720,425.382,1980
262363771052455,97,47,56720,425.382,1980
262363821132952,100,50,56720,407.669,1980
262363871282485,100,50,56720,407.669,1980
262363921410333,100,50,56720,383.578,1980
262363971527449,100,50,56720,383.578,1980
262364021633564,91,44,56720,388.692,1980
262364071754015,91,44,56720,397.394,1980
262364121882274,91,44,56720,397.394,1980
262364171992685,91,44,56720,428.012,1980
262364222097240,98,48,56720,428.012,1980
262364272199418,98,48,56720,448.784,1980
262364322301396,98,48,56720,448.784,1980
262364372401315,96,52,56720,470.621,1980
262364422508761,96,52,56720,470.621,1980
262364472611759,96,52,56720,492.106,1980
262364522730122,96,52,56720,492.106,1980
262364572835688,97,51,56720,513.811,1980
262364622941012,97,51,56720,513.811,1980
262364673042850,97,51,56720,529.363,1980
262364723151344,97,51,56720,529.363,1980
262364773253904,98,54,56720,555.459,1980
262364823361593,98,54,56720,555.459,1980
262364873461131,98,54,56720,584.809,1980
262364923565184,98,54,56720,584.809,1980
262364973665366,96,53,56720,583.353,1980
262365023764837,96,53,56720,583.353,1980
262365073865862,96,53,56720,574.332,1980
262365123972040,96,53,56720,574.332,1980
262365176311225,96,61,56720,568.062,1980
262365227788195,96,61,56720,568.062,1980
262365277921597,96,61,56720,540.087,1980
262365329030392,96,61,56720,540.087,1980
262365379150483,76,37,56720,517.419,1980
262365430562169,76,37,56720,517.419,1980
262365481044079,76,37,56720,494.937,1980
262365531181360,76,37,56720,494.937,1980
262365581323105,80,39,56720,478.826,1980
262365632176090,80,39,56720,478.826,1980
262365682407985,80,39,56720,456.967,1980
262365732732243,80,39,56720,456.967,1980
262365782863641,100,49,56720,438.327,1980
262365833545252,100,49,56720,438.327,1980
262365884022171,100,49,56720,413.466,1980
262365934489551,100,49,56720,413.466,1980
262365984606788,100,50,56720,387.887,1980
262366034725982,100,50,56720,387.887,1980
262366084834474,100,50,56720,387.305,1980
262366134938836,100,50,56720,387.305,1980
262366185044678,98,49,56720,397.36,1980
262366235150193,98,49,56720,397.36,1980
262366285257219,98,49,56720,423.217,1980
262366335359731,98,49,56720,423.217,1980
262366385486782,90,48,56720,443.031,1980
262366435601415,90,48,56720,443.031,1980
262366485713503,90,48,56720,466.679,1980
262366535822843,90,48,56720,466.679,1980
262366585941176,97,53,56720,482.282,1980
262366636049648,97,53,56720,482.282,1980
262366686161755,97,53,56720,502.514,1980
262366736267858,97,53,56720,502.514,1980
262366786381801,96,54,56720,520.779,1980
262366836494569,96,54,56720,520.779,1980
262366886598089,96,54,56720,538.552,1980
262366936702323,96,54,56720,538.552,1980
262366986815349,96,54,56720,566.463,1980
262367036918467,96,54,56720,566.463,1980
262367087033061,96,54,56720,569.631,1980
262367137139132,96,54,56720,569.631,1980
262367187241260,98,56,56720,562.639,1980
262367237345533,98,56,56720,562.639,1980
262367287449056,98,56,56720,562.951,1980
262367344972649,98,56,56720,562.951,1980
262367395479802,55,41,56720,544.554,1980
262367446534596,55,41,56720,544.554,1980
262367496676323,55,41,56720,522.19,1980
262367548304394,55,41,56720,522.19,1980
262367599540714,74,36,56720,502.867,1980
262367649673747,74,36,56720,502.867,1980
262367699776921,74,36,56720,483.661,1980
262367749985880,74,36,56720,483.661,1980
262367800762659,88,43,56720,466.915,1980
262367850883360,88,43,56720,466.915,1980
262367901339893,88,43,56720,445.315,1980
262367951450177,88,43,56720,445.315,1980
262368001601119,100,49,56720,425.504,1980
262368051737169,100,49,56720,425.504,1980
262368102704367,100,49,56720,397.295,1980
262368152835337,100,49,56720,397.295,1980
262368202941545,79,38,56720,386.838,1980
262368253048668,79,38,56720,386.838,1980
262368303154101,79,38,56720,391.334,1980
262368353254654,79,38,56720,391.334,1980
262368403362920,98,47,56720,415.814,1980
262368453468925,98,47,56720,415.814,1980
262368503595278,98,47,56720,439.061,1980
262368553704227,98,47,56720,439.061,1980
262368603805572,96,51,56720,460.918,1980
262368653914280,96,51,56720,460.918,1980
262368704027075,96,51,56720,480.502,1980
262368754134551,96,51,56720,480.502,1980
262368804242659,97,54,56720,494.842,1980
262368854342813,97,54,56720,494.842,1980
262368904443677,97,54,56720,517.073,1980
262368954542355,97,54,56720,517.073,1980
262369004640640,98,54,56720,541.725,1980
262369054738566,98,54,56720,541.725,1980
262369104840094,98,54,56720,568.361,1980
262369154937819,98,54,56720,568.361,1980
262369205061437,96,53,56720,582.191,1980
262369255163969,96,53,56720,582.191,1980
262369305262658,96,53,56720,576.605,1980
262369356845177,96,53,56720,576.605,1980
262369408074732,84,57,56720,559.486,1980
262369458703154,84,57,56720,559.486,1980
262369508864120,84,57,56720,528.082,1980
262369560368415,84,57,56720,528.082,1980
262369611460258,75,36,56720,505.179,1980
262369661611210,75,36,56720,505.179,1980
262369712610250,75,36,56720,489.067,1980
262369763029452,75,36,56720,489.067,1980
262369813154638,89,43,56720,473.947,1980
262369863267078,89,43,56720,473.947,1980
262369913740720,89,43,56720,453.783,1980
262369963846612,89,43,56720,453.783,1980
262370013959955,100,49,56720,431.768,1980
262370064613906,100,49,56720,431.768,1980
262370114796630,100,49,56720,406.776,1980
262370164917724,100,49,56720,406.776,1980
262370215034500,77,39,56720,384.615,1980
262370265146267,77,39,56720,384.615,1980
262370315252232,77,39,56720,388.984,1980
262370365375902,77,39,56720,388.984,1980
262370415481483,98,54,56720,407.714,1980
262370465585423,98,54,56720,407.714,1980
262370515693741,98,54,56720,443.902,1980
262370565798784,98,54,56720,443.902,1980
262370615902772,90,51,56720,466.363,1980
262370666012592,90,51,56720,466.363,1980
262370716113925,90,51,56720,489.826,1980
262370766218472,90,51,56720,489.826,1980
262370816319396,97,56,56720,507.452,1980
262370866430851,97,56,56720,507.452,1980
262370916538802,97,56,56720,526.128,1980
262370966645074,97,56,56720,526.128,1980
262371016743999,98,57,56720,551.133,1980
262371066845568,98,57,56720,551.133,1980
262371116946294,98,57,56720,571.455,1980
262371167052548,98,57,56720,571.455,1980
262371217150344,97,56,56720,599.262,1980
262371267252920,97,56,56720,599.262,1980
262371317356012,97,56,56720,595.362,1980
262371367454686,97,56,56720,595.362,1980
262371417552821,98,57,56720,591.145,1980
262371467655673,98,57,56720,591.145,1980
262371517754624,98,57,56720,585.421,1980
262371575162194,98,57,56720,585.421,1980
262371625313283,76,55,56720,566.985,1980
262371675458182,76,55,56720,566.985,1980
262371726652126,76,55,56720,539.159,1980
262371778113329,74,36,56720,516.428,1980
262371828218144,74,36,56720,516.428,1980
262371879168810,74,36,56720,497.565,1980
262371929275304,74,36,56720,497.565,1980
262371979391657,96,47,56720,476.422,1980
262372029504396,96,47,56720,476.422,1980
262372080155317,96,47,56720,455.582,1980
262372130333226,96,47,56720,455.582,1980
262372180494407,100,49,56720,431.033,1980
262372230653654,100,49,56720,431.033,1980
262372280894510,100,49,56720,405.235,1980
262372331004850,100,49,56720,405.235,1980
262372381110536,83,42,56720,395.045,1980
262372431248508,83,42,56720,395.045,1980
262372481349935,83,42,56720,397.725,1980
262372531454852,83,42,56720,397.725,1980
262372581557078,98,49,56720,417.107,1980
262372631666155,98,49,56720,417.107,1980
262372681770211,98,49,56720,445.094,1980
262372731878838,98,49,56720,445.094,1980
262372781979301,97,49,56720,466.882,1980
262372832083720,97,49,56720,466.882,1980
262372882183940,97,49,56720,484.724,1980
262372932288864,97,49,56720,484.724,1980
262372982390271,98,55,56720,504.703,1980
262373032499241,98,55,56720,504.703,1980
262373082603060,98,55,56720,529.621,1980
262373132705783,98,55,56720,529.621,1980
262373182806061,96,54,56720,547.126,1980
262373232929791,96,54,56720,547.126,1980
262373283044686,96,54,56720,574.448,1980
262373333149036,96,54,56720,574.448,1980
262373383252071,97,53,56720,585.049,1980
262373433355472,97,53,56720,585.049,1980
262373483457291,97,53,56720,579.903,1980
262373533560979,97,53,56720,579.903,1980
262373583666481,96,53,56720,574.61,1980
262373643953639,96,53,56720,574.61,1980
262373694335752,96,53,56720,550.997,1980
262373744441258,96,53,56720,550.997,1980
262373795860507,72,35,56720,528.764,1980
262373846170459,72,35,56720,528.764,1980
262373897377298,72,35,56720,507.027,1980
262373949343704,72,35,56720,507.027,1980
262373999950875,76,38,56720,485.84,1980
262374050284299,76,38,56720,485.84,1980
262374100682514,76,38,56720,467.559,1980
262374151289175,76,38,56720,467.559,1980
262374201412626,96,47,56720,445.719,1980
262374251523307,96,47,56720,445.719,1980
262374302112837,96,47,56720,430.155,1980
262374352249462,96,47,56720,430.155,1980
262374402355168,100,50,56720,404.204,1980
262374452469644,100,50,56720,404.204,1980
262374502584499,100,50,56720,387.24,1980
262374552687550,100,50,56720,387.24,1980
262374602791930,98,51,56720,398.158,1980
262374652899469,98,51,56720,398.158,1980
262374702999477,98,51,56720,419.804,1980
262374753118313,98,51,56720,419.804,1980
262374803225641,90,46,56720,442.106,1980
262374853325002,90,46,56720,442.106,1980
262374903434743,90,46,56720,464.845,1980
262374953534536,90,46,56720,464.845,1980
262375003740186,96,53,56720,484.161,1980
262375053839476,96,53,56720,484.161,1980
262375103982594,96,53,56720,505.233,1980
262375154109414,96,53,56720,505.233,1980
262375204220743,97,54,56720,525.913,1980
262375254326545,97,54,56720,525.913,1980
262375304439776,97,54,56720,548.007,1980
262375354546521,97,54,56720,548.007,1980
262375404658973,96,54,56720,572.6,1980
262375454784063,96,54,56720,572.6,1980
262375504907490,96,54,56720,590.261,1980
262375555021230,96,54,56720,590.261,1980
262375605124984,97,53,56720,583.769,1980
262375655264935,97,53,56720,583.769,1980
262375705376777,97,53,56720,579.749,1980
262375755480167,97,53,56720,579.749,1980
262375805580757,96,54,56720,578.351,1980
262375855708583,96,54,56720,578.351,1980
262375905870891,96,54,56720,558.532,1980
262375956006639,96,54,56720,558.532,1980
262376007555334,72,34,56720,536.284,1980
262376057668515,72,34,56720,536.284,1980
262376108633238,72,34,56720,512.838,1980
262376158762922,72,34,56720,512.838,1980
262376209605084,76,38,56720,495.374,1980
262376259721514,76,38,56720,495.374,1980
262376310969327,76,38,56720,470.292,1980
262376361275562,76,38,56720,470.292,1980
262376411389458,99,48,56720,448.89,1980
262376461598956,99,48,56720,448.89,1980
262376512164361,99,48,56720,423.787,1980
262376562275989,99,48,56720,423.787,1980
262376612383299,100,50,56720,398.175,1980
262376662492732,100,50,56720,398.175,1980
262376712597650,100,50,56720,392.558,1980
262376762704625,100,50,56720,392.558,1980
262376812820221,99,50,56720,401.335,1980
262376862926535,99,50,56720,401.335,1980
262376913034069,99,50,56720,424.888,1980
262376963136800,99,50,56720,424.888,1980
262377013239715,90,46,56720,444.728,1980
262377063341731,90,46,56720,444.728,1980
262377113442862,90,46,56720,460.076,1980
262377163544365,90,46,56720,460.076,1980
262377213645126,98,55,56720,481.941,1980
262377263747097,98,55,56720,481.941,1980
262377313860545,98,55,56720,501.006,1980
262377363977919,98,55,56720,501.006,1980
262377414087823,96,54,56720,522.563,1980
262377464211909,96,54,56720,522.563,1980
262377514316615,96,54,56720,547.871,1980
262377564416785,96,54,56720,547.871,1980
262377614518338,97,53,56720,572.117,1980
262377664618353,97,53,56720,572.117,1980
262377714721755,97,53,56720,578.901,1980
262377764823809,97,53,56720,578.901,1980
262377814928872,96,54,56720,573.073,1980
262377865040955,96,54,56720,573.073,1980
262377915141812,96,54,56720,568.823,1980
262377968999346,96,54,56720,568.823,1980
262378019160284,74,52,56720,550.622,1980
262378070650822,74,52,56720,550.622,1980
262378120803500,74,52,56720,534.063,1980
262378172274826,74,52,56720,534.063,1980
262378223423496,74,36,56720,513.858,1980
262378274904576,74,36,56720,513.858,1980
262378325031833,74,36,56720,488.955,1980
262378375152723,74,36,56720,488.955,1980
262378425276995,89,44,56720,470.816,1980
262378475413740,89,44,56720,470.816,1980
262378525572756,89,44,56720,445.76,1980
262378576041626,89,44,56720,445.76,1980
262378626154460,100,49,56720,426.537,1980
262378676264596,100,49,56720,426.537,1980
262378726403398,100,49,56720,405.235,1980
262378776522101,100,49,56720,405.235,1980
262378826626254,66,34,56720,395.446,1980
262378876735761,66,34,56720,395.446,1980
262378926836143,66,34,56720,398.342,1980
262378976953418,66,34,56720,398.342,1980
262379027044900,98,53,56720,421.069,1980
262379077158402,98,53,56720,421.069,1980
262379127260292,98,53,56720,440.81,1980
262379177364922,98,53,56720,440.81,1980
262379227470257,89,49,56720,459.882,1980
262379277575233,89,49,56720,459.882,1980
262379327679562,89,49,56720,477.954,1980
262379377802304,89,49,56720,477.954,1980
262379427905039,98,56,56720,500.572,1980
262379478009663,98,56,56720,500.572,1980
262379528112705,98,56,56720,516.674,1980
262379578214643,98,56,56720,516.674,1980
262379628315132,96,55,56720,534.497,1980
262379678415927,96,55,56720,534.497,1980
262379728538910,96,55,56720,551.731,1980
262379778646071,96,55,56720,551.731,1980
262379828976161,96,54,56720,570.013,1980
262379879085233,96,54,56720,570.013,1980
262379929189762,96,54,56720,563.592,1980
262379981081543,96,54,56720,554.143,1980
262380031987861,96,59,56720,554.143,1980
262380082044509,96,59,56720,536.483,1980
262380133398909,96,59,56720,536.483,1980
262380183534272,74,36,56720,515.772,1980
262380233899202,74,36,56720,515.772,1980
262380283998535,74,36,56720,495.51,1980
262380334127148,74,36,56720,495.51,1980
262380384273939,83,40,56720,473.867,1980
262380435451062,83,40,56720,473.867,1980
262380485603719,83,40,56720,460.125,1980
262380535715417,83,40,56720,460.125,1980
262380585813937,100,49,56720,436.857,1980
262380635936078,100,49,56720,436.857,1980
262380686041127,100,49,56720,411.208,1980
262380736140885,100,49,56720,411.208,1980
262380786240322,70,33,56720,414.877,1980
262380836361583,70,33,56720,414.877,1980
262380886472675,70,33,56720,415.449,1980
262380936579948,70,33,56720,415.449,1980
262380986708669,96,46,56720,419.284,1980
262381036825540,96,46,56720,419.284,1980
262381086948315,96,46,56720,431.544,1980
262381137072985,96,46,56720,431.544,1980
262381187185872,95,49,56720,453.747,1980
262381237303449,95,49,56720,453.747,1980
262381287404922,95,49,56720,471.447,1980
262381337511207,95,49,56720,471.447,1980
262381387612488,96,52,56720,490.298,1980
262381437724593,96,52,56720,490.298,1980
262381487829743,96,52,56720,510.719,1980
262381537935824,96,52,56720,510.719,1980
262381588055366,96,52,56720,526.176,1980
262381638863716,96,52,56720,526.176,1980
262381688967360,96,52,56720,559.011,1980
262381739070843,96,52,56720,559.011,1980
262381789174102,96,53,56720,560.25,1980
262381839275563,96,53,56720,560.25,1980
262381891727439,96,53,56720,550.822,1980
262381942082344,96,53,56720,550.822,1980
262381992258287,45,35,56720,521.871,1980
262382043193841,45,35,56720,521.871,1980
262382094289479,45,35,56720,512.307,1980
262382145408646,45,35,56720,512.307,1980
262382196168001,79,38,56720,492.341,1980
262382247113478,79,38,56720,492.341,1980
262382297309011,79,38,56720,474.041,1980
262382347622436,79,38,56720,474.041,1980
262382397789027,98,48,56720,455.657,1980
262382447910750,98,48,56720,455.657,1980
262382498075806,98,48,56720,438.125,1980
262382548441096,98,48,56720,438.125,1980
262382598713110,100,49,56720,410.926,1980
262382650924895,100,49,56720,410.926,1980
262382701032577,100,49,56720,390.489,1980
262382751135264,100,49,56720,390.489,1980
262382801241670,93,46,56720,396.193,1980
262382851349456,93,46,56720,396.193,1980
262382901468697,93,46,56720,399.528,1980
262382951571107,93,46,56720,399.528,1980
262383001684632,99,48,56720,423.814,1980
262383051789495,99,48,56720,423.814,1980
262383101902650,99,48,56720,445.084,1980
262383152014411,99,48,56720,445.084,1980
262383202115558,95,51,56720,466.865,1980
262383252221730,95,51,56720,466.865,1980
262383302325225,95,51,56720,485.926,1980
262383352425795,95,51,56720,485.926,1980
262383402526940,97,55,56720,501.289,1980
262383452631078,97,55,56720,501.289,1980
262383502747847,97,55,56720,520.93,1980
262383552850154,97,55,56720,520.93,1980
262383602968292,96,53,56720,546.567,1980
262383653041788,96,53,56720,546.567,1980
262383703138602,96,53,56720,572.869,1980
262383753241125,96,53,56720,572.869,1980
262383803345554,97,52,56720,565.614,1980
262383853446569,97,52,56720,565.614,1980
262383903552104,97,52,56720,563.712,1980
262383953653165,97,52,56720,563.712,1980
262384006475248,98,55,56720,559.32,1980
262384057864140,98,55,56720,559.32,1980
262384108019529,98,55,56720,534.982,1980
262384159475683,98,55,56720,534.982,1980
262384209614692,74,36,56720,512.595,1980
262384261108618,74,36,56720,512.595,1980
262384312407669,74,36,56720,492.691,1980
262384363405614,74,36,56720,492.691,1980
262384413531187,82,40,56720,473.537,1980
262384463644733,82,40,56720,473.537,1980
262384513941876,82,40,56720,454.778,1980
262384564051757,82,40,56720,454.778,1980
262384614185089,100,49,56720,433.125,1980
262384664287721,100,49,56720,433.125,1980
262384714595670,100,49,56720,409.6,1980
262384765954409,100,49,56720,409.6,1980
262384816066356,100,50,56720,390.563,1980
262384866194504,100,50,56720,390.563,1980
262384916377431,100,50,56720,393.38,1980
262384966488264,100,50,56720,393.38,1980
262385016592203,98,48,56720,403.771,1980
262385066698438,98,48,56720,403.771,1980
262385116849941,98,48,56720,429.951,1980
262385166956886,98,48,56720,429.951,1980
262385217068557,90,47,56720,452.916,1980
262385267172854,90,47,56720,452.916,1980
262385317278968,90,47,56720,474.007,1980
262385367391848,90,47,56720,474.007,1980
262385417521288,95,53,56720,492.005,1980
262385467633447,95,53,56720,492.005,1980
262385517739444,95,53,56720,507.513,1980
262385567839051,95,53,56720,507.513,1980
262385617945633,96,54,56720,527.613,1980
262385668044484,96,54,56720,527.613,1980
262385718150371,96,54,56720,547.936,1980
262385768247689,96,54,56720,547.936,1980
262385818349109,97,53,56720,569.903,1980
262385868448726,97,53,56720,569.903,1980
262385918554207,97,53,56720,573.555,1980
262385968650595,97,53,56720,573.555,1980
262386018753122,96,53,56720,567.788,1980
262386072277243,96,53,56720,567.788,1980
262386122467485,96,53,56720,545.287,1980
262386173869270,96,53,56720,545.287,1980
262386223982887,56,26,56720,521.037,1980
262386274119293,56,26,56720,521.037,1980
262386324226138,56,26,56720,501.424,1980
262386375207809,56,26,56720,501.424,1980
262386426010698,84,41,56720,483.922,1980
262386476134238,84,41,56720,483.922,1980
262386526870026,84,41,56720,466.806,1980
262386577033664,84,41,56720,466.806,1980
262386627138428,100,49,56720,448.568,1980
262386677430082,100,49,56720,448.568,1980
262386727572432,100,49,56720,425.103,1980
262386777681931,100,49,56720,425.103,1980
262386827786243,100,50,56720,404.364,1980
262386877888487,100,50,56720,404.364,1980
262386927996264,100,50,56720,397.027,1980
262386978103832,100,50,56720,397.027,1980
262387028206510,98,49,56720,402.048,1980
262387079568706,98,49,56720,402.048,1980
262387129672841,98,49,56720,423.932,1980
262387179775088,98,49,56720,423.932,1980
262387229877456,91,48,56720,449.011,1980
262387279986428,91,48,56720,449.011,1980
262387330093328,91,48,56720,469.068,1980
262387380210823,91,48,56720,469.068,1980
262387430324670,96,54,56720,486.929,1980
262387480433570,96,54,56720,486.929,1980
262387530535428,96,54,56720,501.046,1980
262387580637441,96,54,56720,501.046,1980
262387630741063,96,54,56720,522.233,1980
262387680849667,96,54,56720,522.233,1980
262387730951746,96,54,56720,538.55,1980
262387781055401,96,54,56720,538.55,1980
262387831169041,96,54,56720,567.037,1980
262387881271473,96,54,56720,567.037,1980
262387931373877,96,54,56720,572.233,1980
262387981476233,96,54,56720,572.233,1980
262388031577929,96,54,56720,565.537,1980
262388081706328,96,54,56720,565.537,1980
262388133031502,96,54,56720,540.516,1980
262388183173954,96,54,56720,540.516,1980
262388233328388,56,27,56720,516.243,1980
262388284361728,56,27,56720,516.243,1980
262388335848571,56,27,56720,496.473,1980
262388386004475,80,39,56720,476.853,1980
262388436974633,80,39,56720,476.853,1980
262388487460531,80,39,56720,459.949,1980
262388537604679,80,39,56720,459.949,1980
262388588012020,100,49,56720,444.203,1980
262388638125028,100,49,56720,444.203,1980
262388688260057,100,49,56720,426.555,1980
262388738401660,100,49,56720,426.555,1980
262388788553532,100,50,56720,402.045,1980
262388838663368,100,50,56720,402.045,1980
262388888766717,100,50,56720,394.642,1980
262388938881008,100,50,56720,394.642,1980
262388988989553,98,49,56720,399.845,1980
262389039101562,98,49,56720,399.845,1980
262389092649980,98,49,56720,423.858,1980
262389142756688,98,49,56720,423.858,1980
262389192858570,90,47,56720,442.944,1980
262389242964512,90,47,56720,442.944,1980
262389293067924,90,47,56720,466.101,1980
262389343179119,90,47,56720,466.101,1980
262389393280477,97,52,56720,488.01,1980
262389443381472,97,52,56720,488.01,1980
262389493496144,97,52,56720,505.089,1980
262389543596317,97,52,56720,505.089,1980
262389593696919,98,55,56720,524.358,1980
262389643796827,98,55,56720,524.358,1980
262389693898041,98,55,56720,545.48,1980
262389744003984,98,55,56720,545.48,1980
262389794105859,96,54,56720,570.212,1980
262389844210897,96,54,56720,570.212,1980
262389894311058,96,54,56720,577.439,1980
262389944410769,96,54,56720,577.439,1980
262389994512187,95,53,56720,574.818,1980
262390044612421,95,53,56720,574.818,1980
262390094733975,95,53,56720,555.156,1980
262390145910266,95,53,56720,555.156,1980
262390196037170,44,21,56720,533.654,1980
262390246192235,44,21,56720,533.654,1980
262390297037880,44,21,56720,508.697,1980
262390347172507,44,21,56720,508.697,1980
262390397749508,78,38,56720,484.704,1980
262390448595057,78,38,56720,484.704,1980
262390498780975,78,38,56720,468.043,1980
262390548917996,78,38,56720,468.043,1980
262390599030698,100,49,56720,449.576,1980
262390649390948,100,49,56720,449.576,1980
262390699500785,100,49,56720,423.554,1980
262390749602754,100,49,56720,423.554,1980
262390799757253,100,50,56720,404.556,1980
262390849884900,100,50,56720,404.556,1980
262390899990295,100,50,56720,385.483,1980
262390950103417,100,50,56720,385.483,1980
262391000208944,98,49,56720,386.828,1980
262391050313769,98,49,56720,386.828,1980
262391100414573,98,49,56720,408.125,1980
262391150516572,98,49,56720,408.125,1980
262391200622872,91,45,56720,429.381,1980
262391250729384,91,45,56720,429.381,1980
262391300830223,91,45,56720,451.534,1980
262391350936103,91,45,56720,451.534,1980
262391401040161,96,53,56720,473.348,1980
262391451141703,96,53,56720,473.348,1980
262391501241838,96,53,56720,494.232,1980
262391551354550,96,53,56720,494.232,1980
262391601454593,96,54,56720,513.475,1980
262391651557094,96,54,56720,513.475,1980
262391701657019,96,54,56720,541.997,1980
262391751782982,96,54,56720,541.997,1980
262391801885697,96,55,56720,561.867,1980
262391851989104,96,55,56720,561.867,1980
262391902088981,96,55,56720,578.067,1980
262391952191001,96,55,56720,578.067,1980
262392002292310,96,54,56720,570.471,1980
262392052398821,96,54,56720,570.471,1980
262392102525684,96,54,56720,565.382,1980
262392152627682,96,54,56720,565.382,1980
