t_ns,util_gpu_pct,util_mem_pct,mem_used_mib,power_w,sm_clock_mhz
262046790752796,2,0,962,96.338,1980
262046846684054,2,0,962,96.338,1980
262046906288176,0,0,6852,101.657,1980
262046956443982,0,0,6852,106.143,1980
262047006645289,0,0,6852,106.143,1980
262047056826708,13,0,6852,111.792,1980
262047106964763,13,0,6852,111.792,1980
262047157119613,13,0,6852,117.187,1980
262047207396566,13,0,6852,117.187,1980
262047257716316,13,0,6852,122.309,1980
262047307927511,13,0,6852,122.309,1980
262047359963524,13,0,6852,127.319,1980
262047411372867,13,0,6852,127.319,1980
262047464356447,14,0,6852,132.518,1980
262047514579040,14,0,6852,132.518,1980
262047564800828,14,0,6852,135.163,1980
262047615041098,14,0,6852,135.163,1980
262047665239330,15,0,6852,134.967,1980
262047715457837,15,0,6852,134.967,1980
262047766594602,15,0,6852,134.865,1980
262047816809181,15,0,6852,134.865,1980
262047867030751,14,0,6852,134.94,1980
262047925255671,14,0,6872,134.94,1980
262048070908865,14,0,6872,135.161,1980
262048214741656,0,0,6872,134.853,1980
262048264863558,0,0,6872,134.741,1980
262048319706721,0,0,6872,134.741,1980
262048372004261,0,0,6872,134.773,1980
262048422120883,0,0,6872,134.773,1980
262048555007137,0,0,6872,134.514,1980
262048706186668,0,0,6872,134.27,1980
262048842450762,0,0,6872,134.276,1980
262048920862695,0,0,6872,134.314,1980
262048981126809,0,0,6872,134.104,1980
262049046431354,0,0,6872,134.104,1980
262049116785013,0,0,6872,133.995,1980
262049187143487,0,0,6872,134.065,1980
262049252436375,0,0,6872,134.065,1980
262049317732157,0,0,6872,134.235,1980
262049666209118,0,0,6872,134.245,1980
262049739911757,0,0,6872,134.245,1980
262049805226561,0,0,6872,134.19,1980
262049865461835,0,0,6872,134.031,1980
262049930748239,0,0,6872,134.031,1980
262049996029038,0,0,6872,134.046,1980
262050066392900,0,0,6872,134.209,1980
262050131732736,0,0,6872,134.209,1980
262050590049139,0,0,6872,134.188,1980
262050648983833,0,0,6872,134.188,1980
262050705221794,0,0,6872,134.024,1980
262050755346806,0,0,6872,133.978,1980
262050806562711,0,0,6872,133.978,1980
262050857490156,0,0,6872,134.099,1980
262050909487393,0,0,6872,134.099,1980
262050959597015,0,0,6872,134.196,1980
262051009705650,0,0,6872,134.196,1980
262051060196110,0,0,6872,134.053,1980
262051110391688,0,0,6872,134.053,1980
262051161051539,0,0,6872,133.995,1980
262051212258270,0,0,6872,133.995,1980
262051262432852,0,0,6872,134.109,1980
262051312691505,0,0,6872,134.109,1980
262051363660059,0,0,6872,134.209,1980
262051413778631,0,0,6872,134.209,1980
262051469037256,0,0,6872,134.104,1980
262051519983571,0,0,6872,134.104,1980
262051570554906,0,0,6872,134.003,1980
262051620735030,0,0,6872,134.003,1980
262051670869046,0,0,6872,134.081,1980
262051720975733,0,0,6872,134.081,1980
262052039501273,0,0,6872,133.948,1980
262052089814782,0,0,7036,134.012,1980
262052381885906,0,0,7036,133.953,1980
262052432022191,0,0,7520,133.953,1980
262052483578118,1,0,7520,133.994,1980
262052533705213,1,0,7520,133.994,1980
262052583826032,1,0,7520,134.185,1980
262052633941977,1,0,7520,134.185,1980
262052684051782,0,0,7520,134.134,1980
262052734166625,0,0,7520,134.134,1980
262052784275356,0,0,7520,134.011,1980
262052835626221,0,0,7520,134.011,1980
262052885734525,0,0,7520,134.087,1980
262052935843362,0,0,7520,134.087,1980
262052986038369,0,0,7520,134.257,1980
262053036167951,0,0,7520,134.257,1980
262053087800175,0,0,7520,134.27,1980
262053139405078,0,0,7520,134.27,1980
262053189580752,0,0,7520,134.104,1980
262053239827112,0,0,7520,134.104,1980
262053290141348,0,0,7520,134.131,1980
262053340333232,0,0,7520,134.131,1980
262053390540473,0,0,7520,134.341,1980
262053440737664,0,0,7520,134.341,1980
262053492603141,0,0,7520,134.338,1980
262053542757921,0,0,7520,134.338,1980
262053593049031,0,0,8828,134.181,1980
262053643190746,0,0,10136,134.181,1980
262053693314890,1,0,10136,134.178,1980
262053743971942,1,0,10136,134.178,1980
262053794144131,1,0,10582,134.347,1980
262053844267686,1,0,10582,134.347,1980
262053895439603,0,0,10582,134.392,1980
262053945580506,0,0,10582,134.392,1980
262053995707961,0,0,10582,134.241,1980
262054045835927,0,0,10582,134.241,1980
262054095959556,10,0,10582,134.25,1980
262054146077300,10,0,10582,134.25,1980
262054196203832,10,0,10582,134.503,1980
262054246311124,10,0,10582,134.503,1980
262054296423785,15,0,10582,134.699,1980
262054346553357,15,0,10582,134.699,1980
262054396659014,15,0,10582,134.647,1980
262054467402554,9,0,10582,134.681,1980
262054782320620,0,0,10582,134.675,1980
262055088781821,0,0,10116,134.679,1980
262055406263411,0,0,10156,134.168,1980
262055456402942,0,0,10156,134.168,1980
262055506525743,0,0,10156,134.199,1980
262055556635449,0,0,10156,134.094,1980
262055606743884,0,0,10156,134.094,1980
262055656863987,0,0,10156,133.991,1980
262055706966152,0,0,10156,133.991,1980
262055757069077,0,0,10156,134.077,1980
262055807171921,0,0,10156,134.077,1980
262055857274338,0,0,10156,134.221,1980
262055907391956,0,0,10156,134.221,1980
262055957494889,0,0,10156,134.138,1980
262056007597202,0,0,10156,134.138,1980
262056057699464,0,0,10156,134.002,1980
262056107800932,0,0,10156,134.002,1980
262056157902400,0,0,10156,134.075,1980
262056208007897,0,0,10156,134.075,1980
262056258110218,0,0,10156,134.238,1980
262056308216084,0,0,10156,134.238,1980
262056358322279,0,0,10156,134.138,1980
262056408423649,0,0,10156,134.138,1980
262056458526676,0,0,10156,133.974,1980
262056508626484,0,0,10156,133.974,1980
262056558724514,0,0,10156,134.009,1980
262056608822977,0,0,10156,134.009,1980
262056658924079,0,0,10156,134.162,1980
262056709029447,0,0,10156,134.162,1980
262056759133277,0,0,10156,134.124,1980
262056809235064,0,0,10156,134.124,1980
262056859334107,0,0,10156,133.936,1980
262056909433321,0,0,10156,133.936,1980
262056959531716,0,0,10156,133.929,1980
262057009630067,0,0,10156,133.929,1980
262057059726870,0,0,10156,134.103,1980
262057109827974,0,0,10156,134.103,1980
262057159929357,0,0,10156,134.088,1980
262057210043542,0,0,10156,134.088,1980
262057260163681,0,0,10156,133.929,1980
262057310270632,0,0,10156,133.929,1980
262057360377253,0,0,10156,133.917,1980
262057410483035,0,0,10156,133.917,1980
262057460584628,0,0,10156,134.065,1980
262057510689953,0,0,10156,134.065,1980
262057560824370,0,0,10156,134.1,1980
262057610936238,0,0,10156,134.1,1980
262057661051116,0,0,10156,133.943,1980
262057711153025,0,0,10156,133.943,1980
262057761257111,0,0,10156,133.917,1980
262057811362475,0,0,10156,133.917,1980
262057861479232,0,0,10156,134.11,1980
262057911651545,0,0,10156,134.11,1980
262057976953779,0,0,10156,134.151,1980
262058032578358,0,0,10156,134.151,1980
262058085890307,0,0,10156,134.009,1980
262058136132175,0,0,10156,134.009,1980
262058186627029,0,0,10184,133.986,1980
262058236852377,0,0,10282,133.986,1980
262058287010930,0,0,10574,134.146,1980
262058337157340,0,0,10574,134.146,1980
262059088558724,0,0,10574,144.729,1980
262059417810242,0,0,10254,135.332,1980
262059749988886,0,0,10282,135.375,1980
262059800184836,0,0,10342,135.258,1980
262059850317937,0,0,10344,135.258,1980
262059900545843,10,3,10370,136.525,1980
262059950727896,10,3,10370,136.525,1980
262060001051886,10,3,10376,138.82,1980
262060051224290,10,3,10378,138.82,1980
262060101347191,11,3,10364,139.786,1980
262060151470217,11,3,10368,139.786,1980
262060201622696,11,3,10372,140.638,1980
262060251787813,11,3,10374,140.638,1980
262060301915786,9,2,10400,142.012,1980
262060352060358,9,2,10382,142.012,1980
262060402230133,9,2,10406,142.962,1980
262060452353179,9,2,10412,142.962,1980
262060502485689,9,3,10396,143.886,1980
262060552623132,9,3,10400,143.886,1980
262060602758356,9,3,10404,144.568,1980
262060955554482,0,0,10406,145.122,1980
262061304872332,0,0,10406,139.816,1980
262061355007123,0,0,18718,139.816,1980
262061406153846,0,0,18718,139.351,1980
262061456859784,0,0,18718,139.351,1980
262061506978996,0,0,18718,138.726,1980
262061559106227,0,0,18718,137.759,1980
262061609255552,0,0,18718,137.759,1980
262061659375005,0,0,18718,136.27,1980
262061710173414,0,0,18718,136.27,1980
262061760290539,0,0,18718,136.109,1980
262061810439285,0,0,18718,136.109,1980
262061860553394,0,0,18718,136.116,1980
262061915029290,0,0,18718,136.116,1980
262061967955976,0,0,18718,136.327,1980
262062018085193,0,0,18718,136.327,1980
262062068220324,0,0,18758,136.26,1980
262062118384949,0,0,19038,136.26,1980
262062168507596,0,0,19038,146.72,1980
262062218635005,0,0,19040,146.72,1980
262062269259550,3,1,19042,147.749,1980
262062319395150,3,1,19042,147.749,1980
262062369582865,3,1,19042,147.348,1980
262062419829790,3,1,19042,147.348,1980
262062470028185,10,3,19042,149.013,1980
262062829366802,0,0,19042,149.943,1980
262062879538909,4,1,18874,150.664,1980
262062929663718,4,1,18848,150.664,1980
262062979830777,4,1,18848,151.561,1980
262063029991256,4,1,18848,151.561,1980
262063080169568,12,4,18866,153.484,1980
262063130277359,12,4,18864,153.484,1980
262063180398578,12,4,18848,144.526,1980
262063230523386,12,4,18848,144.526,1980
262063280657298,9,3,18848,145.277,1980
262063330813504,9,3,18848,145.277,1980
262063380938254,9,3,18868,145.791,1980
262063431214335,9,3,18868,145.791,1980
262063481350347,10,3,18848,144.783,1980
262063531486958,10,3,18848,144.783,1980
262063581602920,10,3,18848,144.872,1980
262063631749625,10,3,18848,144.872,1980
262063681904804,11,4,18872,146.015,1980
262063732095646,11,4,18854,146.015,1980
262063782235678,11,4,18856,147.424,1980
262064161515482,0,0,18858,143.514,1980
262064211634185,0,0,18858,143.514,1980
262064265105898,0,0,18858,141.65,1980
262064316377206,0,0,18858,141.65,1980
262064366490912,0,0,18858,140.848,1980
262064416601776,0,0,18858,140.848,1980
262064466708339,0,0,18858,140.121,1980
262064516815483,0,0,18858,140.121,1980
262064567014100,0,0,18858,138.991,1980
262064617121493,0,0,18858,138.991,1980
262064667226479,0,0,18858,137.625,1980
262064717334523,0,0,18858,137.625,1980
262064768372138,0,0,18858,136.649,1980
262064818482400,0,0,18858,136.649,1980
262064868600896,0,0,18858,135.457,1980
262064918709100,0,0,18858,135.457,1980
262064968834604,0,0,18858,135.269,1980
262065018950424,0,0,18858,135.269,1980
262065069066960,0,0,18858,135.253,1980
262065119189802,0,0,18858,135.253,1980
262065169313643,0,0,18858,135.392,1980
262065219429398,0,0,18858,135.392,1980
262065270198485,0,0,18858,135.371,1980
262065320303251,0,0,18858,135.371,1980
262065370406238,0,0,18858,135.214,1980
262065429573743,0,0,18858,135.214,1980
262065840229870,0,0,18858,135.188,1980
262065890367786,0,0,18858,135.148,1980
262065940541225,0,0,18858,135.148,1980
262066043696835,0,0,18858,135.315,1980
262066187834528,0,0,18858,135.178,1980
262066238233129,0,0,18858,135.178,1980
262066289003042,0,0,18858,135.19,1980
262066339882964,0,0,18858,135.19,1980
262066390930317,0,0,18858,135.734,1980
262066441040430,0,0,18858,135.734,1980
262066649292173,2,1,18894,141.186,1980
262066699450417,0,0,18894,141.111,1980
262066751047249,0,0,18894,141.111,1980
262066802442159,0,0,18894,158.984,1980
262066854018009,0,0,18894,158.984,1980
262066904793648,76,37,18894,179.063,1980
262066954937885,76,37,18894,179.063,1980
262067005080255,76,37,18894,196.589,1980
262067056408692,76,37,18894,196.589,1980
262067106961847,81,40,18894,222.031,1980
262067157058467,81,40,18894,222.031,1980
262067207402961,81,40,18894,243.359,1980
262067257566520,81,40,18894,243.359,1980
262067308471539,90,43,18894,265.412,1980
262067358597674,90,43,18894,265.412,1980
262067408729891,90,43,18894,289.496,1980
262067461975933,92,46,18894,305.757,1980
262067512109318,92,46,18894,305.757,1980
262067562229364,92,46,18916,302.0,1980
262067612358892,92,46,20282,302.0,1980
262067662476291,43,22,23894,328.036,1980
262067712597652,43,22,25086,328.036,1980
262067762700193,43,22,25086,357.819,1980
262067812804229,43,22,25086,357.819,1980
262067862907970,98,49,25086,382.614,1980
262067913028450,98,49,25086,382.614,1980
262067963151564,98,49,25086,384.481,1980
262068013304786,98,49,30522,384.481,1980
262068063414720,38,18,35608,379.827,1980
262068113531179,38,18,36864,379.827,1980
262068163644819,38,18,36864,389.86,1980
262068213753688,38,18,42878,389.86,1980
262068263855860,93,52,42878,410.85,1980
262068313961281,93,52,42878,410.85,1980
262068364062920,93,52,42878,430.22,1980
262068414179076,93,52,42878,430.22,1980
262068464282353,96,54,42878,456.036,1980
262068514385112,96,54,42878,456.036,1980
262068564489888,96,54,42878,490.845,1980
262068614603127,96,54,42878,490.845,1980
262068664716318,95,55,42878,515.583,1980
262068714823588,95,55,42878,515.583,1980
262068764923155,95,55,42878,513.881,1980
262068815031110,95,55,42878,513.881,1980
262068865131537,96,54,42878,509.237,1980
262068915231930,96,54,42878,509.237,1980
262068965335463,96,54,42878,530.998,1980
262069015440832,96,54,42878,530.998,1980
262069065555043,59,34,42878,530.575,1980
262069115671000,59,34,42878,530.575,1980
262069165840563,59,34,42878,518.059,1980
262069215952580,59,34,42878,518.059,1980
262069267116391,75,36,42878,494.226,1980
262069317747803,75,36,42878,494.226,1980
262069367907946,75,36,42878,472.589,1980
262069419012443,75,36,42878,472.589,1980
262069470436918,80,39,42878,451.746,1980
262069520540395,80,39,42878,451.746,1980
262069570696732,80,39,42878,431.762,1980
262069621079741,80,39,42878,431.762,1980
262069671412890,91,45,42878,414.73,1980
262069721551896,91,45,42878,414.73,1980
262069771922790,91,45,42878,394.125,1980
262069822569998,91,45,42878,394.125,1980
262069872731779,100,49,42878,377.997,1980
262069923070270,100,49,42878,377.997,1980
262069973183584,100,49,42880,353.767,1980
262070023288535,100,49,44072,353.767,1980
262070073687508,97,49,44072,377.51,1980
262070123789475,97,49,44072,377.51,1980
262070173893189,97,49,44072,412.738,1980
262070224085904,97,49,44072,412.738,1980
262070274197963,91,44,48686,438.882,1980
262070324299858,91,44,48686,438.882,1980
262070374412661,91,44,51958,456.167,1980
262070424515132,91,44,54338,456.167,1980
262070474628341,98,54,54338,477.752,1980
262070524741004,98,54,54338,477.752,1980
262070574844765,98,54,54338,499.54,1980
262070624952547,98,54,54338,499.54,1980
262070675043960,96,53,54338,519.442,1980
262070725149012,96,53,54338,519.442,1980
262070775248274,96,53,54338,537.584,1980
262070825360479,96,53,54338,537.584,1980
262070875461894,97,52,54338,559.446,1980
262070925567786,97,52,54338,559.446,1980
262070975669727,97,52,54338,583.462,1980
262071025774571,97,52,54338,583.462,1980
262071075874827,98,55,54338,573.095,1980
262071125981545,98,55,54338,573.095,1980
262071176082304,98,55,54338,569.538,1980
262071226467712,98,55,54338,569.538,1980
262071277010572,46,36,54338,546.387,1980
262071327140489,46,36,54338,546.387,1980
262071378414370,46,36,54338,525.094,1980
262071429703780,46,36,54338,525.094,1980
262071479858289,75,37,54338,501.103,1980
262071531266304,75,37,54338,501.103,1980
262071581852927,75,37,54338,481.032,1980
262071631978862,75,37,54338,481.032,1980
262071682068616,79,40,54338,460.373,1980
262071733037205,79,40,54338,460.373,1980
262071783169796,79,40,54338,439.113,1980
262071833773944,79,40,54338,439.113,1980
262071883904347,96,45,54338,420.425,1980
262071934081258,96,45,54338,420.425,1980
262071984262912,96,45,54338,401.533,1980
262072034378529,96,45,54338,401.533,1980
262072085194543,84,42,54338,378.172,1980
262072135310616,84,42,54338,378.172,1980
262072185421040,84,42,54338,378.438,1980
262072235537378,84,42,54338,378.438,1980
262072285646838,98,51,54338,400.796,1980
262072335774223,98,51,54338,400.796,1980
262072385891495,98,51,54338,426.826,1980
262072436004931,98,51,54338,426.826,1980
262072486109153,87,47,54338,444.707,1980
262072536209880,87,47,54338,444.707,1980
262072586310536,87,47,54338,467.91,1980
262072636430327,87,47,54338,467.91,1980
262072686536200,97,52,54338,490.019,1980
262072736635951,97,52,54338,490.019,1980
262072786734272,97,52,54338,514.46,1980
262072836840911,97,52,54338,514.46,1980
262072886945912,99,55,54338,531.504,1980
262072938143369,99,55,54338,531.504,1980
262072988281333,99,55,54338,557.135,1980
262073038393743,99,55,54338,557.135,1980
262073088527696,96,54,54338,582.74,1980
262073138692959,96,54,54338,582.74,1980
262073188809674,96,54,54338,582.854,1980
262073239221729,96,54,54338,582.854,1980
262073289333128,96,55,54338,578.793,1980
262073339441622,96,55,54338,578.793,1980
262073389551186,96,55,54338,577.411,1980
262073439692449,96,55,54338,577.411,1980
262073489839118,42,34,54338,554.653,1980
262073540965044,42,34,54338,554.653,1980
262073592566052,42,34,54338,526.7,1980
262073644540012,42,34,54338,526.7,1980
262073694682912,75,37,54338,503.274,1980
262073744786897,75,37,54338,503.274,1980
262073796028955,75,37,54338,482.885,1980
262073846153050,75,37,54338,482.885,1980
262073897224511,86,42,54338,462.792,1980
262073948065613,86,42,54338,462.792,1980
262073998648611,86,42,54338,436.517,1980
262074049258797,86,42,54338,436.517,1980
262074099836704,99,49,54338,418.886,1980
262074150505646,99,49,54338,418.886,1980
262074201153220,99,49,54338,395.153,1980
262074251403670,99,49,54340,395.153,1980
262074301519938,69,34,54340,371.589,1980
262074351632393,69,34,54340,371.589,1980
262074401736061,69,34,54340,381.599,1980
262074451852204,69,34,54340,381.599,1980
262074501968596,98,51,54340,411.237,1980
262074553423576,98,51,54340,411.237,1980
262074603527803,98,51,54340,431.785,1980
262074653638121,98,51,54340,431.785,1980
262074703742681,94,51,54340,459.926,1980
262074753844549,94,51,56720,459.926,1980
262074803949033,94,51,56720,483.353,1980
262074854056980,94,51,56720,483.353,1980
262074904156989,96,55,56720,502.928,1980
262074954271199,96,55,56720,502.928,1980
262075004378757,96,55,56720,524.36,1980
262075054482277,96,55,56720,524.36,1980
262075104587938,98,56,56720,550.448,1980
262075154690482,98,56,56720,550.448,1980
262075204802068,98,56,56720,569.222,1980
262075254908517,98,56,56720,569.222,1980
262075305018849,96,55,56720,598.034,1980
262075355119758,96,55,56720,598.034,1980
262075405221884,96,55,56720,592.077,1980
262075455442361,96,55,56720,592.077,1980
262075505544554,98,57,56720,585.548,1980
262075555644518,98,57,56720,585.548,1980
262075605748158,98,57,56720,587.7,1980
262075656710528,98,57,56720,587.7,1980
262075707746942,55,43,56720,562.71,1980
262075758502687,55,43,56720,562.71,1980
262075809446329,55,43,56720,516.019,1980
262075860570613,55,43,56720,516.019,1980
262075910745589,13,6,56720,476.048,1980
262075962408911,13,6,56720,476.048,1980
262076014065968,13,6,56720,454.423,1980
262076065525409,13,6,56720,427.091,1980
262076115858592,75,37,56720,427.091,1980
262076167037201,75,37,56720,403.799,1980
262076218335556,75,37,56720,403.799,1980
262076269761337,82,40,56720,386.094,1980
262076319879782,82,40,56720,386.094,1980
262076370506595,82,40,56720,366.675,1980
262076420627306,82,40,56720,366.675,1980
262076471370033,98,48,56720,347.752,1980
262076521484974,98,48,56720,347.752,1980
262076571933751,98,48,56720,328.552,1980
262076628333648,98,48,56720,328.552,1980
262076678439617,76,37,56720,320.856,1980
262076728547223,76,37,56720,320.856,1980
262076778647192,76,37,56720,369.321,1980
262076828778477,76,37,56720,369.321,1980
262076878884422,98,51,56720,414.931,1980
262076928990523,98,51,56720,414.931,1980
262076979047549,98,51,56720,442.072,1980
262077029152016,98,51,56720,442.072,1980
262077079253523,98,53,56720,462.325,1980
262077129358575,98,53,56720,462.325,1980
262077179458530,98,53,56720,485.133,1980
262077229558813,98,53,56720,485.133,1980
262077279663590,96,55,56720,501.576,1980
262077329773913,96,55,56720,501.576,1980
262077379877624,96,55,56720,524.899,1980
262077429982188,96,55,56720,524.899,1980
262077480089052,96,56,56720,544.976,1980
262077530194350,96,56,56720,544.976,1980
262077580296867,96,56,56720,567.704,1980
262077630407705,96,56,56720,567.704,1980
262077680514995,96,55,56720,585.425,1980
262077730619038,96,55,56720,585.425,1980
262077780720451,96,55,56720,582.283,1980
262077830836997,96,55,56720,582.283,1980
262077880938771,97,53,56720,580.083,1980
262077931041814,97,53,56720,580.083,1980
262077983057828,97,53,56720,577.099,1980
262078033966378,97,53,56720,577.099,1980
262078085502217,47,34,56720,549.861,1980
262078135608715,47,34,56720,549.861,1980
262078186893276,47,34,56720,531.833,1980
262078237107312,47,34,56720,531.833,1980
262078288010272,72,35,56720,504.27,1980
262078338169048,72,35,56720,504.27,1980
262078388430219,72,35,56720,482.124,1980
262078438568313,72,35,56720,482.124,1980
262078488706155,86,42,56720,462.231,1980
262078538880647,86,42,56720,462.231,1980
262078589423599,86,42,56720,438.117,1980
262078639776217,86,42,56720,438.117,1980
262078690358069,100,49,56720,423.335,1980
262078740465143,100,49,56720,423.335,1980
262078792758226,100,49,56720,396.383,1980
262078842875093,100,49,56720,396.383,1980
262078892985551,78,39,56720,385.473,1980
262078943088008,78,39,56720,385.473,1980
262078993189804,78,39,56720,391.966,1980
262079043295807,78,39,56720,391.966,1980
262079093420634,98,49,56720,421.132,1980
262079143535560,98,49,56720,421.132,1980
262079193638107,98,49,56720,443.199,1980
262079243738675,98,49,56720,443.199,1980
262079293840349,97,49,56720,466.221,1980
262079343944858,97,49,56720,466.221,1980
262079394057637,97,49,56720,487.632,1980
262079444157834,97,49,56720,487.632,1980
262079494259177,98,55,56720,508.204,1980
262079544359803,98,55,56720,508.204,1980
262079594460457,98,55,56720,529.481,1980
262079644572724,98,55,56720,529.481,1980
262079694671010,96,54,56720,554.764,1980
262079744774034,96,54,56720,554.764,1980
262079794873653,96,54,56720,576.937,1980
262079845010065,96,54,56720,576.937,1980
262079895120111,97,52,56720,589.706,1980
262079945240494,97,52,56720,589.706,1980
262079995357899,97,52,56720,581.875,1980
262080045473154,97,52,56720,581.875,1980
262080095632980,98,54,56720,581.592,1980
262080145766737,98,54,56720,581.592,1980
262080197142711,98,54,56720,554.963,1980
262080247308819,98,54,56720,554.963,1980
262080298520140,74,35,56720,530.79,1980
262080349911611,74,35,56720,530.79,1980
262080400039620,74,35,56720,507.975,1980
262080451442570,74,35,56720,507.975,1980
262080502388802,76,38,56720,486.898,1980
262080552529110,76,38,56720,486.898,1980
262080602724975,76,38,56720,463.619,1980
262080653350415,76,38,56720,463.619,1980
262080704162867,98,48,56720,442.19,1980
262080754271578,98,48,56720,442.19,1980
262080804419419,98,48,56720,420.782,1980
262080854895094,98,48,56720,420.782,1980
262080906019218,100,50,56720,397.953,1980
262080956128850,100,50,56720,397.953,1980
262081006240153,100,50,56720,381.2,1980
262081056393092,100,50,56720,381.2,1980
262081106496675,98,48,56720,385.128,1980
262081156601273,98,48,56720,385.128,1980
262081206736545,98,48,56720,412.752,1980
262081256851206,98,48,56720,412.752,1980
262081306971106,91,44,56720,438.199,1980
262081357085175,91,44,56720,438.199,1980
262081407199025,91,44,56720,459.392,1980
262081457306497,91,44,56720,459.392,1980
262081507923474,98,53,56720,486.225,1980
262081558070898,98,53,56720,486.225,1980
262081608183779,98,53,56720,504.32,1980
262081658289464,98,53,56720,504.32,1980
262081708400099,96,53,56720,521.614,1980
262081758519615,96,53,56720,521.614,1980
262081808626764,96,53,56720,543.53,1980
262081858737310,96,53,56720,543.53,1980
262081908838109,96,54,56720,567.344,1980
262081958943165,96,54,56720,567.344,1980
262082009043384,96,54,56720,593.474,1980
262082059146623,96,54,56720,593.474,1980
262082109261416,96,53,56720,588.762,1980
262082159368763,96,53,56720,588.762,1980
262082209471019,96,53,56720,583.67,1980
262082259573956,96,53,56720,583.67,1980
262082311160888,85,58,56720,571.9,1980
262082361373744,85,58,56720,571.9,1980
262082412776756,85,58,56720,545.352,1980
262082465015197,85,58,56720,545.352,1980
262082515179044,73,35,56720,519.677,1980
262082566577223,73,35,56720,519.677,1980
262082617338943,73,35,56720,500.693,1980
262082667499902,73,35,56720,500.693,1980
262082719011470,83,41,56720,478.027,1980
262082769429904,83,41,56720,455.575,1980
262082819648127,83,41,56720,455.575,1980
262082869782399,94,46,56720,437.103,1980
262082919972228,94,46,56720,437.103,1980
262082970720236,94,46,56720,410.421,1980
262083021154195,94,46,56720,410.421,1980
262083071309491,100,49,56720,386.328,1980
262083121451415,100,49,56720,386.328,1980
262083171560054,100,49,56720,384.021,1980
262083221673925,100,49,56720,384.021,1980
262083271775268,98,51,56720,399.64,1980
262083321876124,98,51,56720,399.64,1980
262083371981012,98,51,56720,431.305,1980
262083422087959,98,51,56720,431.305,1980
262083472191296,90,48,56720,453.869,1980
262083522302889,90,48,56720,453.869,1980
262083572406700,90,48,56720,478.727,1980
262083622518222,90,48,56720,478.727,1980
262083672622737,95,55,56720,497.582,1980
262083722728341,95,55,56720,497.582,1980
262083772827788,95,55,56720,517.343,1980
262083822930363,95,55,56720,517.343,1980
262083873042367,96,55,56720,534.998,1980
262083923152358,96,55,56720,534.998,1980
262083973253210,96,55,56720,555.621,1980
262084023353984,96,55,56720,555.621,1980
262084073453197,97,53,56720,577.703,1980
262084123552451,97,53,56720,577.703,1980
262084173654103,97,53,56720,586.349,1980
262084223760270,97,53,56720,586.349,1980
262084273863743,96,54,56720,580.431,1980
262084323967642,96,54,56720,580.431,1980
262084374069474,96,54,56720,577.976,1980
262084424170567,96,54,56720,577.976,1980
262084475130951,80,56,56720,569.729,1980
262084525774598,80,56,56720,569.729,1980
262084576798040,80,56,56720,523.591,1980
262084627496056,80,56,56720,523.591,1980
262084677604866,2,1,56720,479.942,1980
262084727744685,2,1,56720,479.942,1980
262084779530579,2,1,56720,456.289,1980
262084831091904,2,1,56720,456.289,1980
262084881243261,74,36,56720,435.524,1980
262084932500870,74,36,56720,435.524,1980
262084982655977,74,36,56720,413.592,1980
262085032767200,74,36,56720,413.592,1980
262085083902620,82,40,56720,392.259,1980
262085134280401,82,40,56720,392.259,1980
262085184972601,82,40,56720,374.419,1980
262085235080869,82,40,56720,374.419,1980
262085285224559,98,48,56720,353.667,1980
262085335355057,98,48,56720,353.667,1980
262085385530972,98,48,56720,334.917,1980
262085438030742,98,48,56720,334.917,1980
262085488157483,78,39,56720,312.691,1980
262085538304971,78,39,56720,312.691,1980
262085588407214,78,39,56720,362.617,1980
262085638511223,78,39,56720,362.617,1980
262085688615678,98,50,56720,405.124,1980
262085738723034,98,50,56720,405.124,1980
262085788826375,98,50,56720,435.308,1980
262085838927333,98,50,56720,435.308,1980
262085889036018,98,52,56720,460.129,1980
262085939137360,98,52,56720,460.129,1980
262085989246717,98,52,56720,484.449,1980
262086039347115,98,52,56720,484.449,1980
262086089450116,96,54,56720,504.849,1980
262086139550148,96,54,56720,504.849,1980
262086189662148,96,54,56720,525.413,1980
262086239776466,96,54,56720,525.413,1980
262086289885435,97,53,56720,548.202,1980
262086339985690,97,53,56720,548.202,1980
262086390084425,97,53,56720,570.121,1980
262086440182972,97,53,56720,570.121,1980
262086490288251,98,55,56720,589.908,1980
262086540391444,98,55,56720,589.908,1980
262086590494360,98,55,56720,590.189,1980
262086640599182,98,55,56720,590.189,1980
262086690698085,96,54,56720,584.734,1980
262086740852918,96,54,56720,584.734,1980
262086790966458,96,54,56720,570.346,1980
262086842695193,96,54,56720,570.346,1980
262086892844027,48,23,56720,541.734,1980
262086944297162,48,23,56720,541.734,1980
262086994461210,48,23,56720,517.293,1980
262087044574770,48,23,56720,517.293,1980
262087095628174,77,38,56720,494.368,1980
262087145760378,77,38,56720,494.368,1980
262087196744164,77,38,56720,474.869,1980
262087247176264,77,38,56720,474.869,1980
262087297348737,93,45,56720,451.417,1980
262087347934285,93,45,56720,451.417,1980
262087398851636,93,45,56720,433.05,1980
262087448975550,93,45,56720,433.05,1980
262087499118135,100,49,56720,410.52,1980
262087553175385,100,49,56720,410.52,1980
262087603283516,100,49,56720,389.227,1980
262087653393258,100,49,56720,389.227,1980
262087703496804,81,40,56720,385.551,1980
262087753600589,81,40,56720,385.551,1980
262087803700325,81,40,56720,401.326,1980
262087853814228,81,40,56720,401.326,1980
262087903916280,98,49,56720,433.849,1980
262087954038949,98,49,56720,433.849,1980
262088004140914,98,49,56720,450.083,1980
262088054241565,98,49,56720,450.083,1980
262088104341726,96,51,56720,467.108,1980
262088154442126,96,51,56720,467.108,1980
262088204543408,96,51,56720,492.569,1980
262088254652975,96,51,56720,492.569,1980
262088304754513,96,55,56720,509.912,1980
262088354854418,96,55,56720,509.912,1980
262088404955112,96,55,56720,533.118,1980
262088455055418,96,55,56720,533.118,1980
262088505161827,96,53,56720,548.16,1980
262088555270596,96,53,56720,548.16,1980
262088605369859,96,53,56720,578.0,1980
262088655472362,96,53,56720,578.0,1980
262088705578572,97,52,56720,578.542,1980
262088755678734,97,52,56720,578.542,1980
262088805778864,97,52,56720,571.653,1980
262088855880048,97,52,56720,571.653,1980
262088908113657,98,54,56720,573.314,1980
262088958248626,98,54,56720,573.314,1980
262089009469162,98,54,56720,553.215,1980
262089059630667,98,54,56720,553.215,1980
262089111083235,73,35,56720,533.825,1980
262089161366188,73,35,56720,533.825,1980
262089212961641,73,35,56720,512.306,1980
262089263085031,73,35,56720,512.306,1980
262089313213241,82,40,56720,490.158,1980
262089363374530,82,40,56720,490.158,1980
262089413491669,82,40,56720,469.049,1980
262089463656686,82,40,56720,469.049,1980
262089513852790,97,48,56720,451.332,1980
262089564017538,97,48,56720,451.332,1980
262089614297187,97,48,56720,429.361,1980
262089664531024,97,48,56720,429.361,1980
262089714637242,100,50,56720,408.429,1980
262089764743329,100,50,56720,408.429,1980
262089814844643,100,50,56720,394.253,1980
262089864945667,100,50,56720,394.253,1980
262089915045904,98,50,56720,396.682,1980
262089965149530,98,50,56720,396.682,1980
262090015267863,98,50,56720,423.154,1980
262090065385208,98,50,56720,423.154,1980
262090115890482,89,48,56720,445.749,1980
262090165994748,89,48,56720,445.749,1980
262090216106073,89,48,56720,469.962,1980
262090266207820,89,48,56720,469.962,1980
262090316309364,96,55,56720,491.999,1980
262090366423981,96,55,56720,491.999,1980
262090416537552,96,55,56720,511.936,1980
262090466640892,96,55,56720,511.936,1980
262090516741974,96,54,56720,529.637,1980
262090566846250,96,54,56720,529.637,1980
262090616953692,96,54,56720,550.428,1980
262090667060421,96,54,56720,550.428,1980
262090717161757,96,54,56720,571.422,1980
262090767263758,96,54,56720,571.422,1980
262090817365217,96,54,56720,590.221,1980
262090867471685,96,54,56720,590.221,1980
262090917573937,96,55,56720,584.575,1980
262090967677320,96,55,56720,584.575,1980
262091017782229,96,55,56720,582.091,1980
262091069265424,96,55,56720,582.091,1980
262091119403686,47,37,56720,555.322,1980
262091171108441,47,37,56720,555.322,1980
262091222752651,47,37,56720,530.567,1980
262091272907195,47,37,56720,530.567,1980
262091323113270,76,37,56720,509.426,1980
262091373270164,76,37,56720,509.426,1980
262091423663367,76,37,56720,486.222,1980
262091473770610,76,37,56720,464.87,1980
262091524176205,87,42,56720,464.87,1980
262091574437279,87,42,56720,447.418,1980
262091625324321,87,42,56720,447.418,1980
262091675439452,100,49,56720,425.369,1980
262091725552476,100,49,56720,425.369,1980
262091775667574,100,49,56720,402.871,1980
262091825778318,100,49,56720,402.871,1980
262091875883230,74,37,56720,387.234,1980
262091925987417,74,37,56720,387.234,1980
262091976091204,74,37,56720,388.041,1980
262092026195725,74,37,56720,388.041,1980
262092076295762,98,50,56720,419.056,1980
262092126401132,98,50,56720,419.056,1980
262092176504852,98,50,56720,442.619,1980
262092226610429,98,50,56720,442.619,1980
262092276710821,95,52,56720,470.947,1980
262092326816858,95,52,56720,470.947,1980
262092376916640,95,52,56720,494.753,1980
262092427024932,95,52,56720,494.753,1980
262092477125747,96,54,56720,515.365,1980
262092527229220,96,54,56720,515.365,1980
262092577329867,96,54,56720,538.352,1980
262092627436476,96,54,56720,538.352,1980
262092677540670,97,53,56720,557.325,1980
262092727648297,97,53,56720,557.325,1980
262092777767196,97,53,56720,579.047,1980
262092827868195,97,53,56720,579.047,1980
262092878003639,98,55,56720,601.357,1980
262092928122185,98,55,56720,601.357,1980
262092978225109,98,55,56720,597.55,1980
262093028329446,98,55,56720,597.55,1980
262093078436012,95,54,56720,592.02,1980
262093128536550,95,54,56720,592.02,1980
262093179496927,95,54,56720,581.115,1980
262093230515595,95,54,56720,581.115,1980
262093281324538,2,2,56720,533.741,1980
262093332162326,2,2,56720,533.741,1980
262093383428994,2,2,56720,487.496,1980
262093434261696,2,2,56720,487.496,1980
262093485981689,70,33,56720,461.19,1980
262093537208772,70,33,56720,461.19,1980
262093588369925,70,33,56720,438.477,1980
262093638508396,70,33,56720,438.477,1980
262093688650293,85,41,56720,417.717,1980
262093739721900,85,41,56720,417.717,1980
262093789823974,85,41,56720,401.701,1980
262093840298476,85,41,56720,401.701,1980
262093890452535,100,49,56720,378.388,1980
262093940901722,100,49,56720,378.388,1980
262093991093995,100,49,56720,349.436,1980
262094041236928,100,49,56720,349.436,1980
262094091528114,100,50,56720,322.678,1980
262094141637014,100,50,56720,322.678,1980
262094191755759,100,50,56720,318.748,1980
262094241873513,100,50,56720,318.748,1980
262094291973622,98,49,56720,362.549,1980
262094342081542,98,49,56720,362.549,1980
262094392184468,98,49,56720,409.316,1980
262094442289052,98,49,56720,409.316,1980
262094492742954,90,48,56720,439.266,1980
262094542852372,90,48,56720,439.266,1980
262094592952590,90,48,56720,456.879,1980
262094643056336,90,48,56720,456.879,1980
262094693157732,96,54,56720,473.157,1980
262094743276361,96,54,56720,473.157,1980
262094793385245,96,54,56720,501.256,1980
262094843495434,96,54,56720,501.256,1980
262094893599947,95,55,56720,521.828,1980
262094943705497,95,55,56720,521.828,1980
262094993808428,95,55,56720,532.24,1980
262095043912692,95,55,56720,532.24,1980
262095094058759,96,53,56720,566.248,1980
262095144170300,96,53,56720,566.248,1980
262095194270076,96,53,56720,579.273,1980
262095244376814,96,53,56720,579.273,1980
262095294477974,96,54,56720,574.382,1980
262095344583569,96,54,56720,574.382,1980
262095395840175,96,54,56720,556.776,1980
262095445975219,96,54,56720,556.776,1980
262095496780946,59,28,56720,531.384,1980
262095548324319,59,28,56720,531.384,1980
262095602374853,59,28,56720,510.33,1980
262095653579307,59,28,56720,510.33,1980
262095704151773,76,37,56720,498.133,1980
262095754990910,76,37,56720,498.133,1980
262095805157511,76,37,56720,470.313,1980
262095855908364,76,37,56720,470.313,1980
262095906338889,96,47,56720,451.447,1980
262095956445751,96,47,56720,451.447,1980
262096006896994,96,47,56720,437.42,1980
262096057013486,96,47,56720,437.42,1980
262096107416750,100,50,56720,415.946,1980
262096157521083,100,50,56720,415.946,1980
262096207624873,100,50,56720,388.588,1980
262096257728064,100,50,56720,388.588,1980
262096307825057,97,49,56720,391.287,1980
262096357924201,97,49,56720,391.287,1980
262096408041075,97,49,56720,403.49,1980
262096458148998,97,49,56720,403.49,1980
262096508256766,91,45,56720,432.864,1980
262096558360839,91,45,56720,432.864,1980
262096608461874,91,45,56720,457.424,1980
262096658563095,91,45,56720,457.424,1980
262096708666831,98,55,56720,478.569,1980
262096758771021,98,55,56720,478.569,1980
262096808885730,98,55,56720,501.134,1980
262096858997681,98,55,56720,501.134,1980
262096909130815,95,54,56720,521.416,1980
262096959237203,95,54,56720,521.416,1980
262097009343619,95,54,56720,538.532,1980
262097059442528,95,54,56720,538.532,1980
262097109546287,97,53,56720,558.169,1980
262097159647830,97,53,56720,558.169,1980
262097209777015,97,53,56720,584.39,1980
262097259882480,97,53,56720,584.39,1980
262097309981383,98,54,56720,582.809,1980
262097360083721,98,54,56720,582.809,1980
262097410183185,98,54,56720,580.113,1980
262097460303076,98,54,56720,580.113,1980
262097511608884,60,44,56720,561.535,1980
262097561741664,60,44,56720,561.535,1980
262097612934045,60,44,56720,535.95,1980
262097664447222,60,44,56720,535.95,1980
262097715581104,75,37,56720,513.919,1980
262097765929289,75,37,56720,513.919,1980
262097817205023,75,37,56720,491.452,1980
262097867352988,75,37,56720,491.452,1980
262097917974846,83,40,56720,469.001,1980
262097968644203,83,40,56720,469.001,1980
262098018806884,83,40,56720,450.141,1980
262098069553944,83,40,56720,450.141,1980
262098119680972,99,49,56720,431.671,1980
262098169817900,99,49,56720,431.671,1980
262098220077149,99,49,56720,413.98,1980
262098270205670,99,49,56720,413.98,1980
262098320315179,74,36,56720,385.949,1980
262098370451307,74,36,56720,385.949,1980
262098420560928,74,36,56720,389.877,1980
262098470666970,74,36,56720,389.877,1980
262098520768397,98,51,56720,413.609,1980
262098570877352,98,51,56720,413.609,1980
262098620987780,98,51,56720,441.111,1980
262098671051786,98,51,56720,441.111,1980
262098721156184,90,49,56720,461.181,1980
262098771253478,90,49,56720,461.181,1980
262098821354174,90,49,56720,484.596,1980
262098871461896,90,49,56720,484.596,1980
262098921563453,97,54,56720,503.089,1980
262098971675424,97,54,56720,503.089,1980
262099021777595,97,54,56720,521.092,1980
262099071878684,97,54,56720,521.092,1980
262099121979576,96,54,56720,545.897,1980
262099172081046,96,54,56720,545.897,1980
262099222196350,96,54,56720,567.383,1980
262099272298795,96,54,56720,567.383,1980
262099322399308,97,54,56720,585.445,1980
262099372500053,97,54,56720,585.445,1980
262099422606137,97,54,56720,588.855,1980
262099472715317,97,54,56720,588.855,1980
262099522821952,99,56,56720,585.568,1980
262099572925001,99,56,56720,585.568,1980
262099623029074,99,56,56720,583.509,1980
262099673139448,99,56,56720,583.509,1980
262099723962375,70,50,56720,568.722,1980
262099774105506,70,50,56720,568.722,1980
262099825064094,70,50,56720,544.529,1980
262099875520943,70,50,56720,544.529,1980
262099925632633,76,37,56720,522.404,1980
262099975779487,76,37,56720,522.404,1980
262100025913396,76,37,56720,500.622,1980
262100076362442,76,37,56720,500.622,1980
262100126880186,95,47,56720,476.034,1980
262100177075672,95,47,56720,476.034,1980
262100227323383,95,47,56720,451.572,1980
262100277471689,95,47,56720,451.572,1980
262100327896718,100,50,56720,432.322,1980
262100378022257,100,50,56720,432.322,1980
262100428142937,100,50,56720,404.636,1980
262100478257211,100,50,56720,404.636,1980
262100528385329,80,39,56720,395.934,1980
262100578498261,80,39,56720,395.934,1980
262100628601235,80,39,56720,404.734,1980
262100678703806,80,39,56720,404.734,1980
262100728812627,98,48,56720,425.111,1980
262100778915773,98,48,56720,444.57,1980
262100829022135,98,48,56720,444.57,1980
262100879123984,98,48,56720,464.603,1980
262100929226585,95,51,56720,464.603,1980
262100979336649,95,51,56720,487.581,1980
262101029448204,95,51,56720,487.581,1980
262101079557936,95,51,56720,508.774,1980
262101129660769,96,53,56720,508.774,1980
262101179762267,96,53,56720,530.866,1980
262101229862173,96,53,56720,530.866,1980
262101279962814,96,53,56720,556.032,1980
262101330074479,96,53,56720,556.032,1980
262101380176395,96,53,56720,577.788,1980
262101430278010,96,53,56720,577.788,1980
262101480379521,97,55,56720,584.06,1980
262101530481867,97,55,56720,584.06,1980
262101580585447,97,55,56720,574.679,1980
262101630688765,97,55,56720,574.679,1980
262101680797585,96,53,56720,572.333,1980
262101733057655,96,53,56720,572.333,1980
262101783655982,96,53,56720,550.975,1980
262101834286686,96,53,56720,550.975,1980
262101885148339,3,2,56720,519.858,1980
262101940370113,3,2,56720,519.858,1980
262101991610399,3,2,56720,478.382,1980
262102041809679,3,2,56720,478.382,1980
262102093311067,72,34,56720,454.543,1980
262102144076850,72,34,56720,454.543,1980
262102194236650,72,34,56720,427.999,1980
262102244436979,72,34,56720,427.999,1980
262102294824653,80,39,56720,408.124,1980
262102345338544,80,39,56720,408.124,1980
262102396554304,80,39,56720,383.829,1980
262102446726514,80,39,56720,383.829,1980
262102497246941,94,46,56720,366.41,1980
262102547845677,94,46,56720,366.41,1980
262102597952716,94,46,56720,350.418,1980
262102648102250,94,46,56720,350.418,1980
262102698311075,100,50,56720,329.398,1980
262102748506822,100,50,56720,329.398,1980
262102798634851,100,50,56720,335.443,1980
262102848747650,100,50,56720,335.443,1980
262102898854276,98,50,56720,379.844,1980
262102948959680,98,50,56720,379.844,1980
262102999072947,98,50,56720,423.874,1980
262103049363035,98,50,56720,423.874,1980
262103099469848,91,45,56720,448.45,1980
262103149589358,91,45,56720,448.45,1980
262103199695130,91,45,56720,468.853,1980
262103249799848,91,45,56720,468.853,1980
262103299901787,98,55,56720,493.89,1980
262103350013739,98,55,56720,493.89,1980
262103400116034,98,55,56720,513.256,1980
262103450220586,98,55,56720,513.256,1980
262103500319998,96,54,56720,535.622,1980
262103550419991,96,54,56720,535.622,1980
262103600521568,96,54,56720,559.967,1980
262103650622293,96,54,56720,559.967,1980
262103700724071,97,52,56720,584.481,1980
262103750838151,97,52,56720,584.481,1980
262103800941593,97,52,56720,599.147,1980
262103851043769,97,52,56720,599.147,1980
262103901143864,99,55,56720,591.014,1980
262103951244488,99,55,56720,591.014,1980
262104001393341,99,55,56720,590.876,1980
262104054217231,99,55,56720,590.876,1980
262104105054224,60,45,56720,564.378,1980
262104156358684,60,45,56720,564.378,1980
262104207209867,60,45,56720,540.848,1980
262104257385712,60,45,56720,540.848,1980
262104307509401,77,38,56720,518.246,1980
262104357675680,77,38,56720,518.246,1980
262104407849690,77,38,56720,496.061,1980
262104458023309,77,38,56720,496.061,1980
262104508161647,89,44,56720,472.616,1980
262104558376946,89,44,56720,472.616,1980
262104608486936,89,44,56720,454.369,1980
262104658651755,89,44,56720,454.369,1980
262104708886902,100,49,56720,430.557,1980
262104758995596,100,49,56720,430.557,1980
262104809572815,100,49,56720,400.942,1980
262104859693668,100,49,56720,400.942,1980
262104909806201,76,37,56720,391.94,1980
262104959910913,76,37,56720,391.94,1980
262105010020340,76,37,56720,389.423,1980
262105060122129,76,37,56720,389.423,1980
262105110223382,98,48,56720,416.223,1980
262105160339771,98,48,56720,416.223,1980
262105210498686,98,48,56720,441.792,1980
262105260599308,98,48,56720,441.792,1980
262105310700037,95,50,56720,460.95,1980
262105360803291,95,50,56720,460.95,1980
262105410906312,95,50,56720,482.596,1980
262105461026604,95,50,56720,482.596,1980
262105511129756,96,55,56720,497.27,1980
262105561236754,96,55,56720,497.27,1980
262105611348398,96,55,56720,516.326,1980
262105661453754,96,55,56720,516.326,1980
262105711555511,96,54,56720,532.014,1980
262105761659237,96,54,56720,532.014,1980
262105811759227,96,54,56720,552.31,1980
262105861870144,96,54,56720,552.31,1980
262105911980879,96,53,56720,568.491,1980
262105962054356,96,53,56720,568.491,1980
262106012151461,96,53,56720,561.09,1980
262106062252333,96,53,56720,561.09,1980
262106112979548,86,59,56720,540.316,1980
262106163202844,86,59,56720,540.316,1980
262106214720311,86,59,56720,515.709,1980
262106266763171,86,59,56720,515.709,1980
262106317899547,75,37,56720,491.58,1980
262106368041087,75,37,56720,491.58,1980
262106418154599,75,37,56720,472.993,1980
262106469117197,75,37,56720,472.993,1980
262106519623096,92,45,56720,455.58,1980
262106569786434,92,45,56720,455.58,1980
262106619899370,92,45,56720,441.415,1980
262106670539764,92,45,56720,441.415,1980
262106720666921,100,49,56720,422.92,1980
262106770831039,100,49,56720,422.92,1980
262106822148432,100,49,56720,401.02,1980
262106872256849,100,49,56720,401.02,1980
262106922401515,78,39,56720,391.427,1980
262106972506150,78,39,56720,391.427,1980
262107022626790,78,39,56720,393.228,1980
262107072750851,78,39,56720,393.228,1980
262107122861085,98,50,56720,415.638,1980
262107172966545,98,50,56720,415.638,1980
262107223077773,98,50,56720,437.352,1980
262107273185357,98,50,56720,437.352,1980
262107323300570,98,53,56720,458.931,1980
262107373405959,98,53,56720,458.931,1980
262107423513989,98,53,56720,479.521,1980
262107473616019,98,53,56720,479.521,1980
262107523732252,96,54,56720,500.224,1980
262107573836677,96,54,56720,500.224,1980
262107624091481,96,54,56720,525.14,1980
262107674196567,96,54,56720,525.14,1980
262107724305782,97,53,56720,548.267,1980
262107774409527,97,53,56720,548.267,1980
262107824515896,97,53,56720,570.248,1980
262107874625939,97,53,56720,570.248,1980
262107924731704,99,55,56720,584.606,1980
262107974833359,99,55,56720,584.606,1980
262108024947673,99,55,56720,584.03,1980
262108075059273,99,55,56720,584.03,1980
262108125162977,96,54,56720,576.807,1980
262108183672175,96,54,56720,562.267,1980
262108233880747,96,54,56720,562.267,1980
262108283990354,47,22,56720,539.698,1980
262108335463532,47,22,56720,539.698,1980
262108386936471,47,22,56720,517.24,1980
262108437050212,47,22,56720,517.24,1980
262108487507289,80,39,56720,493.598,1980
262108538790742,80,39,56720,493.598,1980
262108589736217,80,39,56720,473.302,1980
262108641047063,80,39,56720,473.302,1980
262108691172068,95,46,56720,452.992,1980
262108741865843,95,46,56720,452.992,1980
262108792623394,95,46,56720,433.377,1980
262108843586096,95,46,56720,433.377,1980
262108893752524,100,49,56720,411.732,1980
262108950194651,100,49,56720,411.732,1980
262109000304159,100,49,56720,388.455,1980
262109050431925,100,49,56720,388.455,1980
262109100533743,89,46,56720,393.488,1980
262109150646818,89,46,56720,393.488,1980
262109200752549,89,46,56720,413.634,1980
262109250852647,89,46,56720,413.634,1980
262109301008766,99,50,56720,436.532,1980
262109351110293,99,50,56720,436.532,1980
262109401208756,99,50,56720,461.416,1980
262109451306996,99,50,56720,461.416,1980
262109501412750,96,53,56720,486.859,1980
262109551536734,96,53,56720,486.859,1980
262109601655602,96,53,56720,509.338,1980
262109651764679,96,53,56720,509.338,1980
262109701876805,97,53,56720,529.913,1980
262109752007032,97,53,56720,529.913,1980
262109802114820,97,53,56720,549.016,1980
262109852218513,97,53,56720,549.016,1980
262109902341399,98,55,56720,567.729,1980
262109952463730,98,55,56720,567.729,1980
262110002590888,98,55,56720,596.015,1980
262110052694570,98,55,56720,596.015,1980
262110102796647,96,54,56720,589.33,1980
262110152902296,96,54,56720,589.33,1980
262110203038368,96,54,56720,586.969,1980
262110253199300,96,54,56720,586.969,1980
262110304444523,95,59,56720,579.717,1980
262110355753922,95,59,56720,579.717,1980
262110406565800,95,59,56720,535.593,1980
262110457408652,95,59,56720,535.593,1980
262110507585771,2,2,56720,489.019,1980
262110557754882,2,2,56720,489.019,1980
262110607921701,2,2,56720,461.198,1980
262110659209005,2,2,56720,461.198,1980
262110711002637,74,36,56720,440.583,1980
262110761193555,74,36,56720,440.583,1980
262110811309412,74,36,56720,418.966,1980
262110861426452,74,36,56720,418.966,1980
262110911530156,85,42,56720,396.428,1980
262110962436568,85,42,56720,396.428,1980
262111012576080,85,42,56720,379.557,1980
262111062687794,85,42,56720,379.557,1980
262111112790610,100,49,56720,353.998,1980
262111163021899,100,49,56720,353.998,1980
262111213451008,100,49,56720,330.509,1980
262111263562253,100,49,56720,330.509,1980
262111313666222,80,40,56720,317.104,1980
262111363769395,80,40,56720,317.104,1980
262111413883943,80,40,56720,356.957,1980
262111463985274,80,40,56720,356.957,1980
262111515587149,98,49,56720,404.488,1980
262111565695014,98,49,56720,404.488,1980
262111615804654,98,49,56720,435.844,1980
262111665920881,98,49,56720,435.844,1980
262111716029837,90,48,56720,453.41,1980
262111766136539,90,48,56720,453.41,1980
262111816274738,90,48,56720,476.494,1980
262111866378588,90,48,56720,476.494,1980
262111916477747,95,53,56720,495.045,1980
262111966577844,95,53,56720,495.045,1980
262112016677243,95,53,56720,518.436,1980
262112066777930,95,53,56720,518.436,1980
262112116876216,98,55,56720,534.799,1980
262112166973601,98,55,56720,534.799,1980
262112217040396,98,55,56720,557.352,1980
262112267142526,98,55,56720,557.352,1980
262112317249040,96,54,56720,582.012,1980
262112367349820,96,54,56720,582.012,1980
262112417450026,96,54,56720,580.653,1980
262112467552105,96,54,56720,580.653,1980
262112517658271,97,53,56720,573.995,1980
262112567760343,97,53,56720,573.995,1980
262112622558663,97,53,56720,570.045,1980
262112672930374,97,53,56720,570.045,1980
262112723051852,46,35,56720,548.976,1980
262112773176673,46,35,56720,548.976,1980
262112824620536,46,35,56720,525.577,1980
262112875791119,46,35,56720,525.577,1980
262112925948805,78,38,56720,502.05,1980
262112976983433,78,38,56720,502.05,1980
262113027628374,78,38,56720,479.288,1980
262113077791652,78,38,56720,479.288,1980
262113127922116,95,47,56720,461.771,1980
262113178244377,95,47,56720,461.771,1980
262113228348509,95,47,56720,438.123,1980
262113278493876,95,47,56720,438.123,1980
262113328980847,100,50,56720,413.989,1980
262113379046546,100,50,56720,413.989,1980
262113429152871,100,50,56720,391.397,1980
262113479253978,100,50,56720,391.397,1980
262113529363520,78,39,56720,395.478,1980
262113579477036,78,39,56720,395.478,1980
262113629575329,78,39,56720,402.992,1980
262113679679107,78,39,56720,402.992,1980
262113729820925,91,45,56720,427.952,1980
262113779945567,91,45,56720,427.952,1980
262113830060146,91,45,56720,451.321,1980
262113880179437,91,45,56720,451.321,1980
262113930287612,96,53,56720,472.962,1980
262113980393508,96,53,56720,472.962,1980
262114030498761,96,53,56720,491.834,1980
262114080611813,96,53,56720,491.834,1980
262114130717064,96,54,56720,514.595,1980
262114180821906,96,54,56720,514.595,1980
262114230927991,96,54,56720,530.695,1980
262114281045908,96,54,56720,530.695,1980
262114331181200,96,53,56720,552.881,1980
262114381292204,96,53,56720,552.881,1980
262114431394630,96,53,56720,580.49,1980
262114481500184,96,53,56720,580.49,1980
262114531603961,96,54,56720,574.257,1980
262114581709501,96,54,56720,574.257,1980
262114631870522,96,54,56720,564.381,1980
262114682233650,96,54,56720,564.381,1980
262114732432026,38,31,56720,534.565,1980
262114782548073,38,31,56720,534.565,1980
262114833764351,38,31,56720,512.024,1980
262114883891050,38,31,56720,512.024,1980
262114934475448,75,37,56720,491.933,1980
262114984798983,75,37,56720,491.933,1980
262115034967581,75,37,56720,471.826,1980
262115085129476,75,37,56720,471.826,1980
262115135920355,95,47,56720,452.88,1980
262115186249784,95,47,56720,452.88,1980
262115236478874,95,47,56720,431.495,1980
262115286594123,95,47,56720,431.495,1980
262115336971479,100,50,56720,404.751,1980
262115387082745,100,50,56720,381.49,1980
262115437192637,100,50,56720,381.49,1980
262115487299142,81,40,56720,384.837,1980
262115537418066,81,40,56720,384.837,1980
262115587531391,81,40,56720,396.528,1980
262115637655389,81,40,56720,396.528,1980
262115687765191,98,48,56720,427.247,1980
262115737868739,98,48,56720,427.247,1980
262115787971024,98,48,56720,448.239,1980
262115838074170,98,48,56720,448.239,1980
262115888178978,96,51,56720,469.067,1980
262115938283384,96,51,56720,469.067,1980
262115988389762,96,51,56720,492.773,1980
262116038492369,96,51,56720,492.773,1980
262116088591411,96,55,56720,513.877,1980
262116138700914,96,55,56720,513.877,1980
262116188804632,96,55,56720,537.449,1980
262116238909428,96,55,56720,537.449,1980
262116289010050,96,53,56720,562.349,1980
262116339110714,96,53,56720,562.349,1980
262116389209878,96,53,56720,581.167,1980
262116439315519,96,53,56720,581.167,1980
262116489417875,97,52,56720,585.044,1980
262116539519197,97,52,56720,585.044,1980
262116589619617,97,52,56720,577.122,1980
262116639719141,97,52,56720,577.122,1980
262116689820665,98,54,56720,572.948,1980
262116739953989,98,54,56720,572.948,1980
262116790513646,98,54,56720,545.912,1980
262116840621553,98,54,56720,545.912,1980
262116890753344,74,36,56720,524.338,1980
262116942166682,74,36,56720,524.338,1980
262116992326609,74,36,56720,497.593,1980
262117042476051,74,36,56720,497.593,1980
262117092592259,75,38,56720,475.253,1980
262117143767866,75,38,56720,475.253,1980
262117195130485,75,38,56720,453.887,1980
262117245319572,75,38,56720,453.887,1980
262117295446165,85,41,56720,436.296,1980
262117346118259,85,41,56720,436.296,1980
262117396296369,85,41,56720,414.999,1980
262117446529459,85,41,56720,414.999,1980
262117496866949,100,49,56720,398.385,1980
262117548202880,100,49,56720,398.385,1980
262117598326903,100,49,56720,378.976,1980
262117648448503,100,49,56720,378.976,1980
262117698557934,92,47,56720,383.592,1980
262117748660429,92,47,56720,383.592,1980
262117798769409,92,47,56720,416.015,1980
262117848874308,92,47,56720,416.015,1980
262117898974830,94,48,56720,440.957,1980
262117949058802,94,48,56720,440.957,1980
262117999160010,94,48,56720,460.129,1980
262118049259493,94,48,56720,460.129,1980
262118099358850,96,53,56720,486.01,1980
262118149458661,96,53,56720,486.01,1980
262118199558398,96,53,56720,506.701,1980
262118249718093,96,53,56720,506.701,1980
262118299839369,97,52,56720,523.411,1980
262118349949655,97,52,56720,523.411,1980
262118400060366,97,52,56720,547.168,1980
262118450173886,97,52,56720,547.168,1980
262118500279693,98,55,56720,564.819,1980
262118550392636,98,55,56720,564.819,1980
262118600508178,98,55,56720,592.629,1980
262118650617563,98,55,56720,592.629,1980
262118700720554,96,54,56720,589.515,1980
262118750826336,96,54,56720,589.515,1980
262118800929881,96,54,56720,584.989,1980
262118851042816,96,54,56720,584.989,1980
262118902050724,94,63,56720,571.955,1980
262118952725362,94,63,56720,571.955,1980
262119003387800,94,63,56720,530.4,1980
262119054057165,94,63,56720,530.4,1980
262119104198382,2,2,56720,486.085,1980
262119154406533,2,2,56720,486.085,1980
262119205986729,2,2,56720,464.568,1980
262119257479946,2,2,56720,464.568,1980
262119308178460,75,37,56720,440.066,1980
262119358539149,75,37,56720,440.066,1980
262119408661283,75,37,56720,420.129,1980
262119459728997,75,37,56720,420.129,1980
262119509862587,89,43,56720,399.128,1980
262119560690565,89,43,56720,399.128,1980
262119610793990,89,43,56720,376.684,1980
262119661362466,89,43,56720,376.684,1980
262119711496455,100,50,56720,354.877,1980
262119761635176,100,50,56720,354.877,1980
262119817933667,100,50,56720,326.795,1980
262119868041271,100,50,56720,326.795,1980
262119918146704,72,36,56720,318.262,1980
262119968251211,72,36,56720,318.262,1980
262120018364383,72,36,56720,364.586,1980
262120068472559,72,36,56720,364.586,1980
262120120625913,98,49,56720,417.527,1980
262120170844740,98,49,56720,417.527,1980
262120220954067,98,49,56720,441.664,1980
262120271041063,98,49,56720,441.664,1980
262120321141624,86,47,56720,466.662,1980
262120371255649,86,47,56720,466.662,1980
262120421362881,86,47,56720,487.078,1980
262120471463303,86,47,56720,487.078,1980
262120521564187,96,54,56720,510.555,1980
262120571664436,96,54,56720,510.555,1980
262120621768562,96,54,56720,532.765,1980
262120671868569,96,54,56720,532.765,1980
262120721974280,96,54,56720,553.311,1980
262120772077883,96,54,56720,553.311,1980
262120822184848,96,54,56720,574.829,1980
262120872285690,96,54,56720,574.829,1980
262120922390924,97,54,56720,594.139,1980
262120972490588,97,54,56720,594.139,1980
262121022592040,97,54,56720,586.805,1980
262121072693284,97,54,56720,586.805,1980
262121129978387,99,54,56720,580.975,1980
262121181617993,99,54,56720,580.975,1980
262121231934390,99,54,56720,552.795,1980
262121282053910,99,54,56720,552.795,1980
262121332239840,73,36,56720,529.21,1980
262121382382812,73,36,56720,529.21,1980
262121433662665,73,36,56720,506.566,1980
262121484354194,73,36,56720,506.566,1980
262121534490137,83,40,56720,482.758,1980
262121584600695,83,40,56720,482.758,1980
262121634735652,83,40,56720,459.976,1980
262121684882604,83,40,56720,459.976,1980
262121735016515,100,50,56720,442.816,1980
262121785138825,100,50,56720,442.816,1980
262121835247928,100,50,56720,420.218,1980
262121885351902,100,50,56720,420.218,1980
262121935461072,99,49,56720,397.084,1980
262121985564898,99,49,56720,397.084,1980
262122035669119,99,49,56720,400.951,1980
262122085771763,99,49,56720,400.951,1980
262122135872823,98,53,56720,407.221,1980
262122185990357,98,53,56720,407.221,1980
262122236118691,98,53,56720,435.94,1980
262122286220552,98,53,56720,435.94,1980
262122336320329,98,54,56720,460.683,1980
262122386541738,98,54,56720,460.683,1980
262122436752928,98,54,56720,477.957,1980
262122486939380,98,54,56720,477.957,1980
262122537048718,95,55,56720,495.84,1980
262122587157746,95,55,56720,495.84,1980
262122637261892,95,55,56720,517.388,1980
262122687366784,95,55,56720,517.388,1980
262122737468696,96,56,56720,534.298,1980
262122787571486,96,56,56720,534.298,1980
262122837678997,96,56,56720,555.666,1980
262122887791054,96,56,56720,555.666,1980
262122937897245,96,56,56720,582.292,1980
262122987995157,96,56,56720,582.292,1980
262123038114247,96,56,56720,579.62,1980
262123088216058,96,56,56720,579.62,1980
262123138342135,98,56,56720,568.053,1980
262123188513987,98,56,56720,568.053,1980
262123240187435,98,56,56720,539.759,1980
262123290334494,98,56,56720,539.759,1980
262123341706991,74,36,56720,515.699,1980
262123393640857,74,36,56720,496.673,1980
262123443757115,74,36,56720,496.673,1980
262123494907893,77,38,56720,477.82,1980
262123545066962,77,38,56720,477.82,1980
262123595201665,77,38,56720,458.66,1980
262123645917216,77,38,56720,458.66,1980
262123696548917,93,45,56720,439.608,1980
262123748561972,93,45,56720,439.608,1980
262123798725630,93,45,56720,418.466,1980
262123848840580,93,45,56720,418.466,1980
262123898943459,100,50,56720,395.506,1980
262123949049080,100,50,56720,395.506,1980
262123999148355,100,50,56720,386.846,1980
262124049256847,100,50,56720,386.846,1980
262124099375893,98,51,56720,398.716,1980
262124149478428,98,51,56720,398.716,1980
262124199582282,98,51,56720,429.167,1980
262124249685559,98,51,56720,429.167,1980
262124299787727,90,46,56720,451.394,1980
262124349884994,90,46,56720,451.394,1980
262124399986170,90,46,56720,475.428,1980
262124450087686,90,46,56720,475.428,1980
262124500209466,96,54,56720,495.403,1980
262124550318448,96,54,56720,495.403,1980
262124600418480,96,54,56720,517.224,1980
262124650520715,96,54,56720,517.224,1980
262124700620712,97,53,56720,534.8,1980
262124750733094,97,53,56720,534.8,1980
262124800833725,97,53,56720,555.826,1980
262124850933931,97,53,56720,555.826,1980
262124901078875,98,55,56720,581.466,1980
262124951180149,98,55,56720,581.466,1980
262125001299225,98,55,56720,595.196,1980
262125051403797,98,55,56720,595.196,1980
262125101509247,96,54,56720,588.599,1980
262125151662887,96,54,56720,588.599,1980
262125201792824,96,54,56720,581.587,1980
262125251893330,96,54,56720,581.587,1980
262125301994826,98,57,56720,578.581,1980
262125352257161,98,57,56720,578.581,1980
262125402411088,98,57,56720,549.528,1980
262125452534299,98,57,56720,549.528,1980
262125504407332,74,36,56720,524.1,1980
262125554524458,74,36,56720,524.1,1980
262125604946606,74,36,56720,501.62,1980
262125655151998,74,36,56720,501.62,1980
262125706346620,80,39,56720,483.872,1980
262125756558577,80,39,56720,483.872,1980
262125807427877,80,39,56720,464.599,1980
262125857533729,80,39,56720,464.599,1980
262125907741098,99,49,56720,441.236,1980
262125958071791,99,49,56720,441.236,1980
262126008218914,99,49,56720,415.991,1980
262126058323155,99,49,56720,415.991,1980
262126108427401,100,50,56720,387.966,1980
262126158536677,100,50,56720,387.966,1980
262126208639139,100,50,56720,396.966,1980
262126258742943,100,50,56720,396.966,1980
262126308857134,98,48,56720,403.634,1980
262126358966008,98,48,56720,403.634,1980
262126409068002,98,48,56720,433.873,1980
262126459174363,98,48,56720,433.873,1980
262126509281224,91,48,56720,456.535,1980
262126559387902,91,48,56720,456.535,1980
262126609488820,91,48,56720,478.713,1980
262126659591612,91,48,56720,478.713,1980
262126709691227,96,53,56720,500.71,1980
262126759795963,96,53,56720,500.71,1980
262126809905182,96,53,56720,522.028,1980
262126860013770,96,53,56720,522.028,1980
262126910118244,97,54,56720,539.975,1980
262126960229971,97,54,56720,539.975,1980
262127010338088,97,54,56720,560.832,1980
262127060445391,97,54,56720,560.832,1980
262127110543268,98,54,56720,585.506,1980
262127160645518,98,54,56720,585.506,1980
262127210742936,98,54,56720,591.292,1980
262127260838959,98,54,56720,591.292,1980
262127310944097,96,53,56720,587.03,1980
262127361754125,96,53,56720,587.03,1980
262127412567242,96,53,56720,560.171,1980
262127463287492,96,53,56720,560.171,1980
262127514361668,2,2,56720,517.918,1980
262127564511982,2,2,56720,517.918,1980
262127616026697,2,2,56720,485.051,1980
262127666155878,2,2,56720,485.051,1980
262127717660125,72,35,56720,463.268,1980
262127769222886,72,35,56720,463.268,1980
262127820062860,72,35,56720,436.109,1980
262127870935647,72,35,56720,436.109,1980
262127922068928,78,38,56720,416.092,1980
262127972929294,78,38,56720,416.092,1980
262128023380679,78,38,56720,395.261,1980
262128073489746,78,38,56720,395.261,1980
262128123620730,98,48,56720,374.511,1980
262128173787082,98,48,56720,374.511,1980
262128224223269,98,48,56720,350.123,1980
262128274675746,98,48,56720,350.123,1980
262128324791070,100,50,56720,330.084,1980
262128374898074,100,50,56720,330.084,1980
262128425012573,100,50,56720,331.063,1980
262128475115921,100,50,56720,331.063,1980
262128525220111,98,50,56720,381.694,1980
262128575325533,98,50,56720,381.694,1980
262128625442630,98,50,56720,419.662,1980
262128675544078,98,50,56720,419.662,1980
262128725649227,90,46,56720,440.212,1980
262128775749577,90,46,56720,440.212,1980
262128825851063,90,46,56720,463.181,1980
262128875954857,90,46,56720,463.181,1980
262128926050783,95,55,56720,481.382,1980
262128976147313,95,55,56720,481.382,1980
262129026329463,95,55,56720,499.059,1980
262129076463577,95,55,56720,499.059,1980
262129126575340,96,54,56720,521.048,1980
262129176681515,96,54,56720,521.048,1980
262129226793227,96,54,56720,539.486,1980
262129276915272,96,54,56720,539.486,1980
262129327022017,97,53,56720,560.913,1980
262129377137339,97,53,56720,560.913,1980
262129427248872,97,53,56720,579.849,1980
262129477371403,97,53,56720,579.849,1980
262129527478824,98,55,56720,575.025,1980
262129577589202,98,55,56720,575.025,1980
262129627698894,98,55,56720,573.241,1980
262129679572787,98,55,56720,573.241,1980
262129729699375,54,41,56720,552.092,1980
262129779816153,54,41,56720,552.092,1980
262129830954414,54,41,56720,530.986,1980
262129881125764,54,41,56720,530.986,1980
262129931491439,74,36,56720,507.716,1980
262129982772419,74,36,56720,507.716,1980
262130033444183,74,36,56720,488.445,1980
262130084177829,74,36,56720,488.445,1980
262130134335919,86,42,56720,466.868,1980
262130184474007,86,42,56720,466.868,1980
262130234636259,86,42,56720,448.902,1980
262130284983248,86,42,56720,448.902,1980
262130335166784,100,50,56720,426.827,1980
262130385504846,100,50,56720,426.827,1980
262130435615042,100,50,56720,406.956,1980
262130485721803,100,50,56720,406.956,1980
262130535828635,80,40,56720,395.887,1980
262130585932286,80,40,56720,395.887,1980
262130636071462,80,40,56720,398.847,1980
262130686185140,80,40,56720,398.847,1980
262130736299648,98,49,56720,425.154,1980
262130786404991,98,49,56720,425.154,1980
262130836520543,98,49,56720,450.929,1980
262130886622001,98,49,56720,450.929,1980
262130936727537,97,49,56720,473.958,1980
262130986829082,97,49,56720,473.958,1980
262131036933404,97,49,56720,494.985,1980
262131087040302,97,49,56720,494.985,1980
262131137146733,98,55,56720,514.772,1980
262131187248337,98,55,56720,514.772,1980
262131237354233,98,55,56720,536.802,1980
262131287455473,98,55,56720,536.802,1980
262131337561853,96,54,56720,558.982,1980
262131387661998,96,54,56720,558.982,1980
262131437778269,96,54,56720,587.658,1980
262131487879199,96,54,56720,587.658,1980
262131537984643,97,52,56720,595.289,1980
262131588085382,97,52,56720,595.289,1980
262131638192360,97,52,56720,590.216,1980
262131688294228,97,52,56720,590.216,1980
262131738412099,98,55,56720,583.658,1980
262131789185392,98,55,56720,583.658,1980
262131839343992,98,55,56720,551.758,1980
262131891086798,98,55,56720,551.758,1980
262131941871955,73,35,56720,526.154,1980
262131992013999,73,35,56720,526.154,1980
262132043173438,73,35,56720,504.508,1980
262132094427966,73,35,56720,504.508,1980
262132145173189,80,39,56720,483.385,1980
262132196306232,80,39,56720,461.607,1980
262132246955905,80,39,56720,461.607,1980
262132297108119,95,46,56720,442.324,1980
262132347253929,95,46,56720,442.324,1980
262132397417966,95,46,56720,420.959,1980
262132447530546,95,46,56720,420.959,1980
262132499504817,100,50,56720,398.519,1980
262132549654133,100,50,56720,398.519,1980
262132599806839,100,50,56720,391.215,1980
262132649923580,100,50,56720,391.215,1980
262132700045152,98,50,56720,395.321,1980
262132750166781,98,50,56720,395.321,1980
262132800274248,98,50,56720,428.576,1980
262132850379015,98,50,56720,428.576,1980
262132900488205,91,46,56720,450.981,1980
262132956858126,91,46,56720,450.981,1980
262133006972853,91,46,56720,474.832,1980
262133057345069,91,46,56720,474.832,1980
262133107452792,98,56,56720,493.537,1980
262133157559907,98,56,56720,493.537,1980
262133207666505,98,56,56720,514.692,1980
262133257768200,98,56,56720,514.692,1980
262133308643613,96,54,56720,540.198,1980
262133358747344,96,54,56720,540.198,1980
262133408851830,96,54,56720,557.977,1980
262133458953256,96,54,56720,557.977,1980
262133509057185,97,54,56720,583.771,1980
262133559167572,97,54,56720,583.771,1980
262133609273151,97,54,56720,590.756,1980
262133659373589,97,54,56720,590.756,1980
262133709475624,96,54,56720,584.87,1980
262133759577442,96,54,56720,584.87,1980
262133809677557,96,54,56720,581.32,1980
262133870073758,96,54,56720,581.32,1980
262133920194242,74,52,56720,561.703,1980
262133970768090,74,52,56720,561.703,1980
262134021652247,74,52,56720,532.76,1980
262134071801785,74,52,56720,532.76,1980
262134123094095,74,36,56720,512.738,1980
262134173446927,74,36,56720,512.738,1980
262134223894566,74,36,56720,488.461,1980
262134274040824,74,36,56720,488.461,1980
262134325228572,81,40,56720,463.338,1980
262134375894052,81,40,56720,463.338,1980
262134426023532,81,40,56720,442.872,1980
262134476467880,81,40,56720,442.872,1980
262134526575884,99,48,56720,427.744,1980
262134577246256,99,48,56720,427.744,1980
262134627352459,99,48,56720,409.504,1980
262134677466216,99,48,56720,409.504,1980
262134727575807,82,41,56720,381.973,1980
262134777689870,82,41,56720,381.973,1980
262134827794360,82,41,56720,383.966,1980
262134877895625,82,41,56720,383.966,1980
262134927997820,98,50,56720,411.532,1980
262134978118085,98,50,56720,411.532,1980
262135028224026,98,50,56720,434.899,1980
262135078338914,98,50,56720,434.899,1980
262135128439200,94,50,56720,452.13,1980
262135178539583,94,50,56720,452.13,1980
262135228639419,94,50,56720,476.473,1980
262135278744362,94,50,56720,476.473,1980
262135328848105,96,54,56720,493.345,1980
262135378949896,96,54,56720,493.345,1980
262135429049889,96,54,56720,510.708,1980
262135479155888,96,54,56720,510.708,1980
262135529258511,96,54,56720,531.204,1980
262135579359124,96,54,56720,531.204,1980
262135629460980,96,54,56720,546.226,1980
262135679794587,96,54,56720,546.226,1980
262135729901853,96,54,56720,573.436,1980
262135780006010,96,54,56720,573.436,1980
262135830106370,96,54,56720,571.874,1980
262135880206015,96,54,56720,571.874,1980
262135930302677,96,54,56720,565.969,1980
262135981339410,96,54,56720,565.969,1980
262136032229757,96,54,56720,550.527,1980
262136083289616,96,54,56720,550.527,1980
262136134244960,2,2,56720,511.223,1980
262136184942578,2,2,56720,511.223,1980
262136235056930,2,2,56720,474.18,1980
262136286427701,2,2,56720,474.18,1980
262136337264622,59,28,56720,451.241,1980
262136387417863,59,28,56720,451.241,1980
262136438968848,59,28,56720,432.839,1980
262136489042839,59,28,56720,432.839,1980
262136539174872,79,39,56720,414.571,1980
262136590126771,79,39,56720,414.571,1980
262136640233440,79,39,56720,396.821,1980
262136690380014,79,39,56720,396.821,1980
262136740499793,97,48,56720,376.402,1980
262136790633800,97,48,56720,376.402,1980
262136840897885,97,48,56720,354.944,1980
262136891014393,97,48,56720,354.944,1980
262136941130440,100,50,56720,334.213,1980
262136991231649,100,50,56720,334.213,1980
262137041338107,100,50,56720,327.292,1980
262137091460669,100,50,56720,327.292,1980
262137141565546,98,48,56720,380.254,1980
262137191665074,98,48,56720,380.254,1980
262137241775323,98,48,56720,422.427,1980
262137291888882,98,48,56720,422.427,1980
262137341996045,91,44,56720,445.747,1980
262137392116633,91,44,56720,445.747,1980
262137442221531,91,44,56720,478.394,1980
262137492328066,91,44,56720,478.394,1980
262137542431744,98,54,56720,500.143,1980
262137592534364,98,54,56720,500.143,1980
262137642639616,98,54,56720,520.502,1980
262137692744597,98,54,56720,520.502,1980
262137742848341,96,53,56720,537.633,1980
262137792949716,96,53,56720,537.633,1980
262137843053390,96,53,56720,558.207,1980
262137893172499,96,53,56720,558.207,1980
262137943272238,97,52,56720,579.491,1980
262137993375624,97,52,56720,579.491,1980
262138043476280,97,52,56720,593.131,1980
262138093576485,97,52,56720,593.131,1980
262138143677794,98,54,56720,585.781,1980
262138193781927,98,54,56720,585.781,1980
262138255435337,98,54,56720,578.039,1980
262138305576559,57,43,56720,547.558,1980
262138355755931,57,43,56720,547.558,1980
262138405894079,57,43,56720,521.396,1980
262138457322362,57,43,56720,521.396,1980
262138507448936,73,36,56720,496.897,1980
262138557602268,73,36,56720,496.897,1980
262138607911537,73,36,56720,478.08,1980
262138658695700,73,36,56720,478.08,1980
262138708838950,81,40,56720,455.721,1980
262138759690765,81,40,56720,455.721,1980
262138809796998,81,40,56720,434.381,1980
262138860572371,81,40,56720,434.381,1980
262138911231577,98,48,56720,413.517,1980
262138961340947,98,48,56720,413.517,1980
262139011573239,98,48,56720,397.198,1980
262139061679252,98,48,56720,397.198,1980
262139111781368,81,40,56720,382.881,1980
262139161884440,81,40,56720,382.881,1980
262139211987224,81,40,56720,383.784,1980
262139262102574,81,40,56720,383.784,1980
262139312203845,98,48,56720,419.573,1980
262139362311700,98,48,56720,419.573,1980
262139412414758,98,48,56720,442.034,1980
262139462520845,98,48,56720,442.034,1980
262139512626952,95,51,56720,462.451,1980
262139562737070,95,51,56720,462.451,1980
262139612845221,95,51,56720,486.696,1980
262139662945421,95,51,56720,486.696,1980
262139713044830,96,53,56720,504.498,1980
262139763149077,96,53,56720,504.498,1980
262139813250496,96,53,56720,525.768,1980
262139863350267,96,53,56720,525.768,1980
262139913451453,96,53,56720,550.571,1980
262139963555854,96,53,56720,550.571,1980
262140013656743,96,53,56720,578.153,1980
262140063763157,96,53,56720,578.153,1980
262140113872710,97,51,56720,598.044,1980
262140164005184,97,51,56720,598.044,1980
262140214107512,97,51,56720,599.747,1980
262140264340214,97,51,56720,599.747,1980
262140318474659,98,55,56720,590.591,1980
262140368636508,98,55,56720,590.591,1980
262140420623078,98,55,56720,567.285,1980
262140470737546,98,55,56720,567.285,1980
262140521948875,73,35,56720,544.041,1980
262140572118928,73,35,56720,544.041,1980
262140623425093,73,35,56720,521.755,1980
262140673538639,73,35,56720,521.755,1980
262140724164417,80,39,56720,501.235,1980
262140774287627,80,39,56720,501.235,1980
262140824507225,80,39,56720,481.158,1980
262140874615705,80,39,56720,481.158,1980
262140924736240,98,49,56720,452.028,1980
262140975364025,98,49,56720,452.028,1980
262141025472703,98,49,56720,431.501,1980
262141078978467,98,49,56720,431.501,1980
262141129092538,100,50,56720,400.11,1980
262141179200721,100,50,56720,400.11,1980
262141229306009,100,50,56720,405.604,1980
262141279410257,100,50,56720,405.604,1980
262141329518301,98,48,56720,409.985,1980
262141379621225,98,48,56720,409.985,1980
262141429718776,98,48,56720,438.589,1980
262141479837868,98,48,56720,438.589,1980
262141529939129,90,47,56720,460.043,1980
262141580045564,90,47,56720,460.043,1980
262141630153982,90,47,56720,481.327,1980
262141680257321,90,47,56720,481.327,1980
262141730375371,96,53,56720,509.411,1980
262141780478786,96,53,56720,509.411,1980
262141830580236,96,53,56720,528.407,1980
262141880693507,96,53,56720,528.407,1980
262141930802659,97,52,56720,546.785,1980
262141980922166,97,52,56720,546.785,1980
262142031075098,97,52,56720,565.619,1980
262142081251661,97,52,56720,565.619,1980
262142131380477,98,54,56720,587.511,1980
262142181481220,98,54,56720,587.511,1980
262142231620315,98,54,56720,588.299,1980
262142281727082,98,54,56720,588.299,1980
262142331828230,96,53,56720,580.701,1980
262142383790070,96,53,56720,580.701,1980
262142433973406,96,53,56720,552.11,1980
262142484126664,96,53,56720,552.11,1980
262142535380205,60,28,56720,527.342,1980
262142586517008,60,28,56720,527.342,1980
262142637645948,60,28,56720,505.255,1980
262142687790732,60,28,56720,505.255,1980
262142737952144,80,39,56720,479.061,1980
262142788086586,80,39,56720,479.061,1980
262142838261186,80,39,56720,462.712,1980
262142889027668,80,39,56720,462.712,1980
262142939151418,97,47,56720,440.314,1980
262142989346248,97,47,56720,440.314,1980
262143039448044,97,47,56720,417.853,1980
262143089547168,97,47,56720,417.853,1980
262143139646847,100,50,56720,393.966,1980
262143189762636,100,50,56720,393.966,1980
262143239859090,100,50,56720,385.563,1980
262143289970161,100,50,56720,385.563,1980
262143340039870,98,51,56720,393.213,1980
262143390139017,98,51,56720,393.213,1980
262143440240309,98,51,56720,423.445,1980
262143490347752,98,51,56720,423.445,1980
262143540450842,90,47,56720,449.771,1980
262143590553580,90,47,56720,449.771,1980
262143640654298,90,47,56720,474.159,1980
262143690754187,90,47,56720,474.159,1980
262143740854406,95,54,56720,493.902,1980
262143790954021,95,54,56720,493.902,1980
262143841056787,95,54,56720,513.79,1980
262143891162435,95,54,56720,513.79,1980
262143941272524,97,53,56720,531.895,1980
262143991375882,97,53,56720,531.895,1980
262144041475733,97,53,56720,554.277,1980
262144091577742,97,53,56720,554.277,1980
262144141693312,98,56,56720,577.689,1980
262144191795536,98,56,56720,577.689,1980
262144241898866,98,56,56720,591.931,1980
262144292014452,98,56,56720,591.931,1980
262144342115945,96,55,56720,586.048,1980
262144392215733,96,55,56720,586.048,1980
262144442320151,96,55,56720,579.69,1980
262144494574658,96,55,56720,579.69,1980
262144545274886,98,56,56720,570.828,1980
262144596256465,98,56,56720,570.828,1980
262144647013466,98,56,56720,528.962,1980
262144704622056,2,2,56720,485.51,1980
262144754742642,2,2,56720,485.51,1980
262144804874894,2,2,56720,464.219,1980
262144856329134,2,2,56720,464.219,1980
262144906481519,73,35,56720,438.804,1980
262144957212402,73,35,56720,438.804,1980
262145007328197,73,35,56720,420.451,1980
262145057519420,73,35,56720,420.451,1980
262145108438197,80,39,56720,397.634,1980
262145158583178,80,39,56720,397.634,1980
262145208699248,80,39,56720,375.361,1980
262145258848809,80,39,56720,375.361,1980
262145309337603,98,48,56720,355.017,1980
262145359488085,98,48,56720,355.017,1980
262145409612923,98,48,56720,335.656,1980
262145460364623,98,48,56720,335.656,1980
262145510476392,100,50,56720,320.44,1980
262145560577376,100,50,56720,320.44,1980
262145610682970,100,50,56720,365.158,1980
262145660793603,100,50,56720,365.158,1980
262145710894020,98,48,56720,416.881,1980
262145760996960,98,48,56720,416.881,1980
262145811110289,98,48,56720,440.561,1980
262145861207124,98,48,56720,440.561,1980
262145911348621,90,46,56720,467.085,1980
262145961469016,90,46,56720,467.085,1980
262146011580112,90,46,56720,487.783,1980
262146061689423,90,46,56720,487.783,1980
262146111800147,97,52,56720,507.07,1980
262146161913435,97,52,56720,507.07,1980
262146212034610,97,52,56720,529.707,1980
262146262141098,97,52,56720,529.707,1980
262146312245413,96,53,56720,548.15,1980
262146362351717,96,53,56720,548.15,1980
262146412463095,96,53,56720,571.335,1980
262146462570734,96,53,56720,571.335,1980
262146512677234,96,53,56720,599.267,1980
262146562782375,96,53,56720,599.267,1980
262146612887403,96,53,56720,593.554,1980
262146663004994,96,53,56720,593.554,1980
262146713118284,96,54,56720,589.647,1980
262146763220655,96,54,56720,589.647,1980
262146815364969,96,54,56720,584.357,1980
262146865513488,96,54,56720,584.357,1980
262146917105711,50,38,56720,552.335,1980
262146967218472,50,38,56720,552.335,1980
262147017363731,50,38,56720,526.082,1980
262147068394483,50,38,56720,526.082,1980
262147119626669,71,35,56720,506.167,1980
262147169925165,71,35,56720,506.167,1980
262147221284875,71,35,56720,487.274,1980
262147272321179,71,35,56720,487.274,1980
262147322480851,86,43,56720,463.145,1980
262147372631553,86,43,56720,463.145,1980
262147422735498,86,43,56720,440.66,1980
262147473423528,86,43,56720,440.66,1980
262147523530342,100,49,56720,417.051,1980
262147573640340,100,49,56720,417.051,1980
262147623775283,100,49,56720,397.063,1980
262147673888713,100,49,56720,397.063,1980
262147723993746,78,39,56720,390.741,1980
262147774102522,78,39,56720,390.741,1980
262147824219837,78,39,56720,400.715,1980
262147874325654,78,39,56720,400.715,1980
262147924436845,98,50,56720,429.946,1980
262147974568413,98,50,56720,429.946,1980
262148024693889,98,50,56720,455.935,1980
262148074803175,98,50,56720,455.935,1980
262148124907021,97,50,56720,478.74,1980
262148175022073,97,50,56720,478.74,1980
262148225128804,97,50,56720,497.468,1980
262148275235797,97,50,56720,497.468,1980
262148325337382,98,55,56720,516.547,1980
262148375438984,98,55,56720,516.547,1980
262148425538969,98,55,56720,535.278,1980
262148475641284,98,55,56720,535.278,1980
262148525773599,96,54,56720,557.657,1980
262148575883906,96,54,56720,557.657,1980
262148625991506,96,54,56720,580.133,1980
262148676105488,96,54,56720,580.133,1980
262148726213506,97,53,56720,583.366,1980
262148776316898,97,53,56720,583.366,1980
262148826418289,97,53,56720,577.336,1980
262148876576376,97,53,56720,577.336,1980
262148933795460,98,55,56720,567.305,1980
262148983974211,98,55,56720,567.305,1980
262149034171819,98,55,56720,538.048,1980
262149085638484,98,55,56720,538.048,1980
262149135809051,71,35,56720,511.339,1980
262149186806044,71,35,56720,511.339,1980
262149237664968,71,35,56720,488.716,1980
262149288689562,71,35,56720,488.716,1980
262149338826066,81,39,56720,468.106,1980
262149388931530,81,39,56720,468.106,1980
262149439531312,81,39,56720,449.226,1980
262149489668426,81,39,56720,449.226,1980
262149539882697,100,49,56720,426.969,1980
262149590034032,100,49,56720,426.969,1980
262149640173569,100,49,56720,406.603,1980
262149691120284,100,49,56720,406.603,1980
262149741230509,100,50,56720,378.064,1980
262149791333578,100,50,56720,378.064,1980
262149841446196,100,50,56720,383.534,1980
262149891548063,100,50,56720,383.534,1980
262149941664820,98,53,56720,397.278,1980
262149991771201,98,53,56720,397.278,1980
262150041887660,98,53,56720,430.595,1980
262150091993833,98,53,56720,430.595,1980
262150142130658,91,49,56720,454.993,1980
262150192249207,91,49,56720,454.993,1980
262150242356993,91,49,56720,479.499,1980
262150292479121,91,49,56720,479.499,1980
262150342587479,98,57,56720,502.915,1980
262150392696286,98,57,56720,502.915,1980
262150442805644,98,57,56720,524.651,1980
262150492914628,98,57,56720,524.651,1980
262150543037328,96,55,56720,542.068,1980
262150593150006,96,55,56720,542.068,1980
262150643259123,96,55,56720,566.225,1980
262150693370061,96,55,56720,566.225,1980
262150743477536,98,57,56720,592.313,1980
262150793580782,98,57,56720,592.313,1980
262150843682793,98,57,56720,597.31,1980
262150893784426,98,57,56720,597.31,1980
262150943889969,95,56,56720,590.715,1980
262150993997264,95,56,56720,590.715,1980
262151044103002,95,56,56720,587.464,1980
262151094263132,95,56,56720,587.464,1980
262151144416890,98,58,56720,581.127,1980
262151194992340,98,58,56720,581.127,1980
262151245173211,98,58,56720,551.482,1980
262151296771027,98,58,56720,551.482,1980
262151346881416,74,36,56720,528.074,1980
262151397187023,74,36,56720,528.074,1980
262151447306655,74,36,56720,504.139,1980
262151498110519,74,36,56720,504.139,1980
262151548270642,78,39,56720,486.079,1980
262151598383679,78,39,56720,486.079,1980
262151648490253,78,39,56720,461.843,1980
262151698601168,78,39,56720,461.843,1980
262151749150720,100,49,56720,440.121,1980
262151799390890,100,49,56720,440.121,1980
262151849523138,100,49,56720,413.166,1980
262151899635394,100,49,56720,413.166,1980
262151949754411,100,50,56720,387.063,1980
262151999855908,100,50,56720,387.063,1980
262152049966841,100,50,56720,387.355,1980
262152100102198,100,50,56720,387.355,1980
262152150203423,98,49,56720,398.358,1980
262152200315544,98,49,56720,398.358,1980
262152250426847,98,49,56720,428.543,1980
262152300532953,98,49,56720,428.543,1980
262152350634700,90,47,56720,450.393,1980
262152400730427,90,47,56720,450.393,1980
262152450832526,90,47,56720,471.686,1980
262152500935534,90,47,56720,471.686,1980
262152551047327,96,51,56720,490.525,1980
262152601180533,96,51,56720,490.525,1980
262152651376649,96,51,56720,509.614,1980
262152701486540,96,51,56720,509.614,1980
262152751600380,96,55,56720,531.575,1980
262152801704454,96,55,56720,531.575,1980
262152851815128,96,55,56720,551.218,1980
262152901924499,96,55,56720,551.218,1980
262152952035710,96,53,56720,573.739,1980
262153002150294,96,53,56720,573.739,1980
262153052254762,96,53,56720,577.317,1980
262153102355080,96,53,56720,577.317,1980
262153154660952,96,54,56720,572.048,1980
262153205483120,96,54,56720,572.048,1980
262153256407013,96,54,56720,542.472,1980
262153307944256,2,2,56720,500.929,1980
262153364609925,2,2,56720,500.929,1980
262153414774614,2,2,56720,467.688,1980
262153465331455,2,2,56720,467.688,1980
262153516219518,58,28,56720,446.575,1980
262153567938779,58,28,56720,446.575,1980
262153618529520,58,28,56720,425.651,1980
262153668660314,58,28,56720,425.651,1980
262153719292073,77,38,56720,410.679,1980
262153769429460,77,38,56720,410.679,1980
262153820514327,77,38,56720,392.737,1980
262153871172404,77,38,56720,392.737,1980
262153921383132,87,43,56720,370.716,1980
262153971601513,87,43,56720,370.716,1980
262154021958567,87,43,56720,355.066,1980
262154072094105,87,43,56720,355.066,1980
262154122306909,100,49,56720,327.93,1980
262154172413018,100,49,56720,327.93,1980
262154222525197,100,49,56720,332.162,1980
262154272640663,100,49,56720,332.162,1980
262154322746863,94,46,56720,385.826,1980
262154372845017,94,46,56720,385.826,1980
262154422956070,94,46,56720,423.613,1980
262154473041319,94,46,56720,423.613,1980
262154523145233,91,45,56720,450.993,1980
262154573243796,91,45,56720,450.993,1980
262154623353020,91,45,56720,468.218,1980
262154673554911,91,45,56720,468.218,1980
262154723663962,95,52,56720,487.11,1980
262154773771031,95,52,56720,487.11,1980
262154823877378,95,52,56720,508.153,1980
262154873976705,95,52,56720,508.153,1980
262154924091317,95,53,56720,529.519,1980
262154974192482,95,53,56720,529.519,1980
262155024294079,95,53,56720,552.518,1980
262155074394675,95,53,56720,552.518,1980
262155124493699,97,52,56720,575.845,1980
262155174598868,97,52,56720,575.845,1980
262155224696262,97,52,56720,593.995,1980
262155274797136,97,52,56720,593.995,1980
262155324900417,98,54,56720,590.67,1980
262155374997641,98,54,56720,590.67,1980
262155425099212,98,54,56720,587.016,1980
262155476391918,98,54,56720,587.016,1980
262155527274236,54,41,56720,557.037,1980
262155578670681,54,41,56720,557.037,1980
262155628822496,54,41,56720,537.242,1980
262155679783961,54,41,56720,537.242,1980
262155729987063,74,37,56720,519.18,1980
262155781037265,74,37,56720,519.18,1980
262155832134531,74,37,56720,498.681,1980
262155883060385,74,37,56720,498.681,1980
262155933197091,86,42,56720,476.68,1980
262155983355357,86,42,56720,476.68,1980
262156033791798,86,42,56720,455.676,1980
262156084548892,86,42,56720,455.676,1980
262156135203936,99,49,56720,435.548,1980
262156185311249,99,49,56720,435.548,1980
262156235433234,99,49,56720,409.468,1980
262156285555703,99,49,56720,409.468,1980
262156335657236,67,33,56720,393.017,1980
262156385774557,67,33,56720,393.017,1980
262156435883797,67,33,56720,398.528,1980
262156485984620,67,33,56720,398.528,1980
262156536100657,98,50,56720,429.73,1980
262156586209702,98,50,56720,429.73,1980
262156636320437,98,50,56720,453.198,1980
262156686429108,98,50,56720,453.198,1980
262156736529847,95,51,56720,475.484,1980
262156786630674,95,51,56720,475.484,1980
262156836735791,95,51,56720,497.507,1980
262156886846660,95,51,56720,497.507,1980
262156936954511,98,55,56720,513.397,1980
262156987082148,98,55,56720,513.397,1980
262157037188381,98,55,56720,531.818,1980
262157090706090,98,55,56720,531.818,1980
262157140810184,96,54,56720,551.49,1980
262157190915410,96,54,56720,551.49,1980
262157241039536,96,54,56720,574.1,1980
262157291143943,96,54,56720,574.1,1980
262157341244953,97,52,56720,595.657,1980
262157391354920,97,52,56720,595.657,1980
262157441458961,97,52,56720,586.054,1980
262157493659100,97,52,56720,586.054,1980
262157544193348,98,56,56720,567.054,1980
262157594313067,98,56,56720,567.054,1980
262157644527364,98,56,56720,538.09,1980
262157696057517,98,56,56720,538.09,1980
262157746219386,74,36,56720,518.056,1980
262157797614650,74,36,56720,518.056,1980
262157847761899,74,36,56720,496.177,1980
262157898244337,74,36,56720,496.177,1980
262157948498178,75,37,56720,476.826,1980
262157998607156,75,37,56720,476.826,1980
262158048805161,75,37,56720,458.313,1980
262158099557608,75,37,56720,458.313,1980
262158150429856,90,44,56720,437.619,1980
262158201004826,90,44,56720,437.619,1980
262158251175708,90,44,56720,415.436,1980
262158301689698,90,44,56720,415.436,1980
262158351795986,100,49,56720,390.034,1980
262158401899095,100,49,56720,390.034,1980
262158452011072,100,49,56720,385.597,1980
262158502116642,100,49,56720,385.597,1980
262158552225879,98,50,56720,403.025,1980
262158602339790,98,50,56720,403.025,1980
262158652440956,98,50,56720,433.55,1980
262158702548018,98,50,56720,433.55,1980
262158752656816,91,45,56720,459.157,1980
262158802758370,91,45,56720,459.157,1980
262158852859121,91,45,56720,479.915,1980
262158902963796,91,45,56720,479.915,1980
262158953065356,99,55,56720,502.156,1980
262159003181902,99,55,56720,502.156,1980
262159053287777,99,55,56720,522.577,1980
262159103394033,99,55,56720,522.577,1980
262159153494284,95,54,56720,543.045,1980
262159203603342,95,54,56720,543.045,1980
262159253709805,95,54,56720,561.566,1980
262159303820322,95,54,56720,561.566,1980
262159353921934,96,55,56720,588.23,1980
262159404028701,96,55,56720,588.23,1980
262159454127274,96,55,56720,595.797,1980
262159504232743,96,55,56720,595.797,1980
262159554332228,96,54,56720,590.831,1980
262159604432052,96,54,56720,590.831,1980
262159654535571,96,54,56720,589.206,1980
262159705751711,96,54,56720,589.206,1980
262159755879382,80,55,56720,564.0,1980
262159807309847,80,55,56720,564.0,1980
262159857433565,80,55,56720,537.391,1980
262159908670367,80,55,56720,537.391,1980
262159960197181,75,37,56720,514.831,1980
262160011234456,75,37,56720,491.495,1980
262160061432348,75,37,56720,491.495,1980
262160112047518,82,40,56720,470.96,1980
262160162324348,82,40,56720,470.96,1980
262160212506067,82,40,56720,450.708,1980
262160262618775,82,40,56720,450.708,1980
262160313314885,95,47,56720,432.091,1980
262160363441987,95,47,56720,432.091,1980
262160413553643,95,47,56720,407.859,1980
262160463670955,95,47,56720,407.859,1980
262160513773556,81,40,56720,394.02,1980
262160563881275,81,40,56720,394.02,1980
262160613980618,81,40,56720,394.446,1980
262160664085418,81,40,56720,394.446,1980
262160714193969,98,49,56720,421.18,1980
262160764304028,98,49,56720,421.18,1980
262160814407937,98,49,56720,443.959,1980
262160864533124,98,49,56720,443.959,1980
262160914640277,95,52,56720,464.266,1980
262160964750359,95,52,56720,464.266,1980
262161014848428,95,52,56720,483.491,1980
262161064952157,95,52,56720,483.491,1980
262161115053467,95,54,56720,505.608,1980
262161165155337,95,54,56720,505.608,1980
262161215258597,95,54,56720,530.397,1980
262161265359363,95,54,56720,530.397,1980
262161315466009,95,54,56720,556.377,1980
262161365566755,95,54,56720,556.377,1980
262161415668401,95,54,56720,580.933,1980
262161465769439,95,54,56720,580.933,1980
262161515873461,97,52,56720,589.756,1980
262161565972217,97,52,56720,589.756,1980
262161616073105,97,52,56720,580.473,1980
262161666174929,97,52,56720,580.473,1980
262161716836653,98,56,56720,563.2,1980
262161767665554,98,56,56720,563.2,1980
262161818391995,98,56,56720,521.704,1980
262161869387721,98,56,56720,521.704,1980
262161920773649,2,2,56720,480.648,1980
262161970946630,2,2,56720,480.648,1980
262162021138297,2,2,56720,462.622,1980
262162071279544,2,2,56720,462.622,1980
262162122512702,73,36,56720,438.28,1980
262162173014254,73,36,56720,438.28,1980
262162223177834,73,36,56720,405.575,1980
262162274719877,73,36,56720,405.575,1980
262162325439746,74,37,56720,388.356,1980
262162375551029,74,37,56720,388.356,1980
262162426282445,74,37,56720,365.779,1980
262162477422777,74,37,56720,365.779,1980
262162527573810,84,41,56720,347.27,1980
262162578615049,84,41,56720,347.27,1980
262162628767040,84,41,56720,328.063,1980
262162678869563,84,41,56720,328.063,1980
262162729770645,100,50,56720,318.295,1980
262162779899590,100,50,56720,318.295,1980
262162830011915,100,50,56720,348.378,1980
262162880115691,100,50,56720,348.378,1980
262162930217020,98,49,56720,400.763,1980
262162980341294,98,49,56720,400.763,1980
262163030452102,98,49,56720,430.507,1980
262163080558413,98,49,56720,430.507,1980
262163130661212,91,44,56720,454.044,1980
262163180762010,91,44,56720,454.044,1980
262163230863685,91,44,56720,478.34,1980
262163280965212,91,44,56720,478.34,1980
262163331064350,97,56,56720,499.666,1980
262163381170557,97,56,56720,499.666,1980
262163431274156,97,56,56720,517.756,1980
262163481380865,97,56,56720,517.756,1980
262163531481762,96,53,56720,540.222,1980
262163581582136,96,53,56720,540.222,1980
262163631681790,96,53,56720,562.211,1980
262163681793540,96,53,56720,562.211,1980
262163731893882,96,53,56720,583.413,1980
262163782010479,96,53,56720,583.413,1980
262163832110367,96,53,56720,597.354,1980
262163882211402,96,53,56720,597.354,1980
262163932312010,96,55,56720,593.683,1980
262163982416942,96,55,56720,593.683,1980
262164032539932,96,55,56720,582.694,1980
262164083233425,96,55,56720,582.694,1980
262164133429958,48,36,56720,551.775,1980
262164183576548,48,36,56720,551.775,1980
262164234954254,48,36,56720,531.514,1980
262164285113650,48,36,56720,531.514,1980
262164337161680,75,37,56720,509.935,1980
262164388445116,75,37,56720,509.935,1980
262164438595455,75,37,56720,484.623,1980
262164488945834,75,37,56720,484.623,1980
262164541578648,84,41,56720,463.435,1980
262164591945119,84,41,56720,463.435,1980
262164642085878,84,41,56720,440.92,1980
262164692219826,84,41,56720,440.92,1980
262164742328937,100,49,56720,420.249,1980
262164792500616,100,49,56720,420.249,1980
262164842612339,100,49,56720,394.655,1980
262164892724279,100,49,56720,394.655,1980
262164942836537,78,38,56720,387.842,1980
262164992949167,78,38,56720,387.842,1980
262165043055444,78,38,56720,398.582,1980
262165093161693,78,38,56720,398.582,1980
262165143268375,98,48,56720,428.428,1980
262165193369484,98,48,56720,428.428,1980
262165243480577,98,48,56720,448.521,1980
262165293587968,98,48,56720,448.521,1980
262165343688609,96,51,56720,471.139,1980
262165393790600,96,51,56720,471.139,1980
262165443896535,96,51,56720,494.129,1980
262165494016865,96,51,56720,494.129,1980
262165544132371,98,54,56720,510.551,1980
262165594242788,98,54,56720,510.551,1980
262165644347606,98,54,56720,525.936,1980
262165694448239,98,54,56720,525.936,1980
262165744553100,96,53,56720,544.426,1980
262165794654050,96,53,56720,544.426,1980
262165844754863,96,53,56720,563.491,1980
262165894855528,96,53,56720,563.491,1980
262165944954216,97,54,56720,569.863,1980
262165995054266,97,54,56720,569.863,1980
262166045153672,97,54,56720,562.61,1980
262166095256718,97,54,56720,562.61,1980
262166146298590,96,52,56720,553.918,1980
262166198036739,96,52,56720,553.918,1980
262166248179019,96,52,56720,527.266,1980
262166299479842,96,52,56720,527.266,1980
262166349625739,72,35,56720,503.361,1980
262166400659290,72,35,56720,503.361,1980
262166452221371,72,35,56720,484.698,1980
262166502361619,72,35,56720,484.698,1980
262166553277534,78,39,56720,465.134,1980
262166603400756,78,39,56720,465.134,1980
262166654010734,78,39,56720,446.822,1980
262166704814693,78,39,56720,446.822,1980
262166754921714,97,47,56720,427.529,1980
262166805033416,97,47,56720,427.529,1980
262166855225672,97,47,56720,412.199,1980
262166907602562,97,47,56720,412.199,1980
262166957738121,100,50,56720,390.578,1980
262167007872901,100,50,56720,390.578,1980
262167057980010,100,50,56720,390.019,1980
262167108093055,100,50,56720,390.019,1980
262167158195662,98,49,56720,402.36,1980
262167208303515,98,49,56720,402.36,1980
262167259832675,98,49,56720,434.621,1980
262167309946601,98,49,56720,434.621,1980
262167360065172,91,45,56720,457.076,1980
262167410176751,91,45,56720,457.076,1980
262167460281452,91,45,56720,479.395,1980
262167510386212,91,45,56720,479.395,1980
262167560489517,98,54,56720,500.335,1980
262167610608009,98,54,56720,500.335,1980
262167660717443,98,54,56720,521.438,1980
262167710820536,98,54,56720,521.438,1980
262167760925121,96,53,56720,542.497,1980
262167811029801,96,53,56720,542.497,1980
262167861146864,96,53,56720,569.29,1980
262167911250090,96,53,56720,569.29,1980
262167961351381,96,54,56720,588.264,1980
262168011459382,96,54,56720,588.264,1980
262168061560338,96,54,56720,599.979,1980
262168111663632,96,54,56720,599.979,1980
262168161781017,96,53,56720,593.237,1980
262168212575340,96,53,56720,593.237,1980
262168262679314,96,53,56720,589.177,1980
262168314182882,96,53,56720,564.892,1980
262168365595233,81,56,56720,564.892,1980
262168415732213,81,56,56720,542.455,1980
262168467039086,81,56,56720,542.455,1980
262168518724016,75,37,56720,518.084,1980
262168569588714,75,37,56720,518.084,1980
262168620879398,75,37,56720,496.442,1980
262168671037964,75,37,56720,496.442,1980
262168721685668,80,40,56720,476.932,1980
262168772452257,80,40,56720,476.932,1980
262168823065357,80,40,56720,455.445,1980
262168873400106,80,40,56720,455.445,1980
262168923503162,98,48,56720,433.371,1980
262168973905521,98,48,56720,433.371,1980
262169024012974,98,48,56720,407.089,1980
262169074133711,98,48,56720,407.089,1980
262169124248977,95,47,56720,387.755,1980
262169174351181,95,47,56720,387.755,1980
262169224460697,95,47,56720,396.274,1980
262169274566386,95,47,56720,396.274,1980
262169324668681,98,50,56720,420.117,1980
262169374778962,98,50,56720,420.117,1980
262169424888721,98,50,56720,442.867,1980
262169474991013,98,50,56720,442.867,1980
262169525046443,90,49,56720,465.213,1980
262169575151198,90,49,56720,465.213,1980
262169625248440,90,49,56720,486.789,1980
262169675367380,90,49,56720,486.789,1980
262169725467945,96,54,56720,504.885,1980
262169775564328,96,54,56720,504.885,1980
262169825735624,96,54,56720,524.13,1980
262169875873226,96,54,56720,524.13,1980
262169926024039,98,57,56720,541.345,1980
262169976132559,98,57,56720,541.345,1980
262170026245706,98,57,56720,562.996,1980
262170076355115,98,57,56720,562.996,1980
262170126465919,96,54,56720,588.656,1980
262170176572899,96,54,56720,588.656,1980
262170226680848,96,54,56720,582.61,1980
262170276801362,96,54,56720,582.61,1980
262170326928366,97,53,56720,577.526,1980
262170379719031,97,53,56720,577.526,1980
262170430537573,97,53,56720,562.337,1980
262170481317911,97,53,56720,562.337,1980
262170532163994,21,21,56720,518.531,1980
262170590761850,21,21,56720,518.531,1980
262170640899690,21,21,56720,479.219,1980
262170692080310,21,21,56720,479.219,1980
262170743336705,43,20,56720,455.548,1980
262170795177944,43,20,56720,455.548,1980
262170846807203,43,20,56720,432.719,1980
262170897713003,43,20,56720,432.719,1980
262170948310184,76,37,56720,418.498,1980
262170998477436,76,37,56720,418.498,1980
262171048620978,76,37,56720,398.744,1980
262171098804033,76,37,56720,398.744,1980
262171148930592,86,42,56720,373.755,1980
262171199563484,86,42,56720,373.755,1980
262171250185255,86,42,56720,353.109,1980
262171300291798,86,42,56720,353.109,1980
262171350416678,100,49,56720,333.179,1980
262171400525675,100,49,56720,333.179,1980
262171450639234,100,49,56720,325.394,1980
262171500983084,100,49,56720,325.394,1980
262171551096230,77,39,56720,370.477,1980
262171601214934,77,39,56720,370.477,1980
262171651321784,77,39,56720,421.042,1980
262171701465569,77,39,56720,421.042,1980
262171751592969,98,49,56720,445.085,1980
262171801700184,98,49,56720,445.085,1980
262171851830049,98,49,56720,467.441,1980
262171901940503,98,49,56720,467.441,1980
262171952044628,96,52,56720,487.823,1980
262172002149745,96,52,56720,487.823,1980
262172052251930,96,52,56720,504.972,1980
262172102353206,96,52,56720,504.972,1980
262172152493961,97,52,56720,522.804,1980
262172202603593,97,52,56720,522.804,1980
262172252705903,97,52,56720,543.469,1980
262172302810237,97,52,56720,543.469,1980
262172352912108,98,55,56720,567.311,1980
262172403016507,98,55,56720,567.311,1980
262172453125140,98,55,56720,587.709,1980
262172503225434,98,55,56720,587.709,1980
262172553335738,96,54,56720,584.176,1980
262172603440401,96,54,56720,584.176,1980
262172653544437,96,54,56720,579.873,1980
262172703671675,96,54,56720,579.873,1980
262172754378266,95,62,56720,560.084,1980
262172804888852,95,62,56720,560.084,1980
262172855845868,95,62,56720,533.108,1980
262172905967407,95,62,56720,533.108,1980
262172957317144,75,36,56720,509.18,1980
262173007948637,75,36,56720,509.18,1980
262173058106002,75,36,56720,490.236,1980
262173108288368,75,36,56720,490.236,1980
262173158446628,83,41,56720,472.061,1980
262173208568535,83,41,56720,472.061,1980
262173258672197,83,41,56720,452.199,1980
262173308844329,83,41,56720,452.199,1980
262173358995337,100,49,56720,427.081,1980
262173409105089,100,49,56720,427.081,1980
262173459220680,100,49,56720,405.099,1980
262173509346792,100,49,56720,405.099,1980
262173559450226,84,42,56720,387.182,1980
262173609552539,84,42,56720,387.182,1980
262173659653835,84,42,56720,391.636,1980
262173709757964,84,42,56720,391.636,1980
262173759860654,98,48,56720,417.171,1980
262173809961761,98,48,56720,417.171,1980
262173860064122,98,48,56720,440.31,1980
262173910164631,98,48,56720,440.31,1980
262173960265962,96,51,56720,465.63,1980
262174010366304,96,51,56720,465.63,1980
262174060470530,96,51,56720,485.069,1980
262174110572944,96,51,56720,485.069,1980
262174160669705,96,54,56720,503.233,1980
262174210766790,96,54,56720,503.233,1980
262174260864958,96,54,56720,522.408,1980
262174310967532,96,54,56720,522.408,1980
262174361049847,96,54,56720,543.113,1980
262174411150365,96,54,56720,543.113,1980
262174461249768,96,54,56720,564.637,1980
262174511353925,96,54,56720,564.637,1980
262174561455539,96,54,56720,581.091,1980
262174611554461,96,54,56720,581.091,1980
262174661656737,96,54,56720,578.082,1980
262174712684582,96,54,56720,578.082,1980
262174764194915,97,53,56720,566.656,1980
262174814340628,97,53,56720,566.656,1980
262174865602647,97,53,56720,533.13,1980
262174915749255,97,53,56720,533.13,1980
262174966571021,74,36,56720,512.705,1980
262175018276529,74,36,56720,490.901,1980
262175069279679,74,36,56720,490.901,1980
262175119394092,75,38,56720,469.699,1980
262175169688219,75,38,56720,469.699,1980
262175219912979,75,38,56720,453.715,1980
262175270072489,75,38,56720,453.715,1980
262175321192042,88,42,56720,431.759,1980
262175371777904,88,42,56720,431.759,1980
262175421926915,88,42,56720,412.847,1980
262175472206998,88,42,56720,412.847,1980
262175531044978,100,50,56720,398.629,1980
262175581158579,100,50,56720,398.629,1980
262175631273010,100,50,56720,384.51,1980
262175681383980,100,50,56720,384.51,1980
262175731493274,98,49,56720,398.655,1980
262175781607624,98,49,56720,398.655,1980
262175831724533,98,49,56720,431.113,1980
262175881834962,98,49,56720,431.113,1980
262175931945295,90,44,56720,452.836,1980
262175982049968,90,44,56720,452.836,1980
262176032155832,90,44,56720,473.434,1980
262176082264933,90,44,56720,473.434,1980
262176132369276,95,53,56720,491.825,1980
262176182470326,95,53,56720,491.825,1980
262176232571143,95,53,56720,506.012,1980
262176282672068,95,53,56720,506.012,1980
262176332772014,96,54,56720,524.889,1980
262176382874610,96,54,56720,524.889,1980
262176432970722,96,54,56720,545.654,1980
262176483041243,96,54,56720,545.654,1980
262176533138947,96,55,56720,566.186,1980
262176583238364,96,55,56720,566.186,1980
262176633335697,96,55,56720,581.111,1980
262176683435820,96,55,56720,581.111,1980
262176733534692,96,53,56720,570.821,1980
262176783681594,96,53,56720,570.821,1980
262176833815625,96,53,56720,563.955,1980
262176883940374,96,53,56720,563.955,1980
262176934155280,77,54,56720,538.304,1980
262176985686666,77,54,56720,538.304,1980
262177035872728,77,54,56720,513.8,1980
262177087333317,77,54,56720,513.8,1980
262177138578166,75,37,56720,494.627,1980
262177190496124,75,37,56720,494.627,1980
262177241638401,75,37,56720,479.974,1980
262177291988110,75,37,56720,479.974,1980
262177342132371,76,38,56720,460.07,1980
262177392599935,76,38,56720,460.07,1980
262177442758661,76,38,56720,435.597,1980
262177493808635,76,38,56720,435.597,1980
262177544871269,93,44,56720,416.343,1980
262177595339721,93,44,56720,416.343,1980
262177645457846,93,44,56720,400.231,1980
262177695572575,93,44,56720,400.231,1980
262177745686100,100,50,56720,371.55,1980
262177795797426,100,50,56720,371.55,1980
262177845905469,100,50,56720,379.869,1980
262177896012379,100,50,56720,379.869,1980
262177946114243,98,50,56720,408.969,1980
262177996215787,98,50,56720,408.969,1980
262178046320205,98,50,56720,435.313,1980
262178096424103,98,50,56720,435.313,1980
262178146532245,89,48,56720,459.815,1980
262178196640187,89,48,56720,459.815,1980
262178247115769,89,48,56720,482.315,1980
262178297212936,89,48,56720,482.315,1980
262178347316721,96,56,56720,504.437,1980
262178397414123,96,56,56720,504.437,1980
262178447515114,96,56,56720,523.985,1980
262178497617564,96,56,56720,523.985,1980
262178547723907,96,54,56720,543.632,1980
262178597825471,96,54,56720,543.632,1980
262178647926855,96,54,56720,566.79,1980
262178698031439,96,54,56720,566.79,1980
262178748136627,97,53,56720,587.034,1980
262178798241852,97,53,56720,587.034,1980
262178848343473,97,53,56720,590.593,1980
262178898444771,97,53,56720,590.593,1980
262178948546899,98,55,56720,584.328,1980
262178998647511,98,55,56720,584.328,1980
262179049527442,98,55,56720,580.137,1980
262179100336758,98,55,56720,580.137,1980
262179151195847,63,47,56720,535.378,1980
262179201932212,63,47,56720,535.378,1980
262179254201767,63,47,56720,490.271,1980
262179304323002,63,47,56720,490.271,1980
262179356298702,10,5,56720,463.744,1980
262179406405867,10,5,56720,463.744,1980
262179456765844,10,5,56720,439.811,1980
262179508589733,10,5,56720,439.811,1980
262179560074564,75,37,56720,420.53,1980
262179610225403,75,37,56720,420.53,1980
262179660612525,75,37,56720,397.009,1980
262179711281384,75,37,56720,397.009,1980
262179762642361,81,40,56720,376.5,1980
262179813481942,81,40,56720,376.5,1980
262179863639449,81,40,56720,357.409,1980
262179914172226,81,40,56720,357.409,1980
262179964297608,99,49,56720,335.341,1980
262180016183909,99,49,56720,335.341,1980
262180066303425,99,49,56720,309.823,1980
262180116421557,99,49,56720,309.823,1980
262180166529424,78,38,56720,347.506,1980
262180216641654,78,38,56720,347.506,1980
262180266745824,78,38,56720,390.812,1980
262180316862855,78,38,56720,390.812,1980
262180366976635,98,48,56720,430.657,1980
262180417181460,98,48,56720,430.657,1980
262180467288168,98,48,56720,451.84,1980
262180517399693,98,48,56720,451.84,1980
262180567503085,96,48,56720,467.255,1980
262180617609548,96,48,56720,467.255,1980
262180667713110,96,48,56720,484.157,1980
262180717814821,96,48,56720,484.157,1980
262180767919140,96,55,56720,501.15,1980
262180818037505,96,55,56720,501.15,1980
262180868140386,96,55,56720,520.312,1980
262180918242295,96,55,56720,520.312,1980
262180968343801,96,53,56720,541.028,1980
262181018449797,96,53,56720,541.028,1980
262181068551085,96,53,56720,569.474,1980
262181118657162,96,53,56720,569.474,1980
262181168756746,96,53,56720,564.067,1980
262181218858864,96,53,56720,564.067,1980
262181268959481,96,53,56720,560.37,1980
262181320262944,96,53,56720,531.508,1980
262181370406264,94,63,56720,531.508,1980
262181420901694,94,63,56720,506.899,1980
262181471777707,94,63,56720,506.899,1980
262181522387191,75,37,56720,490.233,1980
262181572539639,75,37,56720,490.233,1980
262181623819662,75,37,56720,471.428,1980
262181674933962,75,37,56720,471.428,1980
262181725113403,71,36,56720,454.384,1980
262181776005232,71,36,56720,454.384,1980
262181826766425,71,36,56720,435.48,1980
262181877665929,71,36,56720,435.48,1980
262181927842186,93,45,56720,414.81,1980
262181977947082,93,45,56720,414.81,1980
262182028042886,93,45,56720,394.782,1980
262182085153911,93,45,56720,394.782,1980
262182135261780,100,50,56720,377.25,1980
262182185367848,100,50,56720,377.25,1980
262182235495207,100,50,56720,384.204,1980
262182285605282,100,50,56720,384.204,1980
262182335704144,99,54,56720,414.877,1980
262182385858964,99,54,56720,414.877,1980
262182435966256,99,54,56720,442.24,1980
262182486078575,99,54,56720,442.24,1980
262182536181428,91,49,56720,466.842,1980
262182586281060,91,49,56720,466.842,1980
262182636385100,91,49,56720,490.979,1980
262182686483931,91,49,56720,490.979,1980
262182736582758,98,58,56720,514.489,1980
262182786679166,98,58,56720,514.489,1980
262182836776674,98,58,56720,537.703,1980
262182886875357,98,58,56720,537.703,1980
262182936982103,96,57,56720,558.001,1980
262182987084398,96,57,56720,558.001,1980
262183037183958,96,57,56720,579.39,1980
262183087284373,96,57,56720,579.39,1980
262183137385553,98,59,56720,607.599,1980
262183187485553,98,59,56720,607.599,1980
262183237585945,98,59,56720,602.946,1980
262183287686503,98,59,56720,602.946,1980
262183337792875,95,57,56720,600.202,1980
262183387895659,95,57,56720,600.202,1980
262183438008260,95,57,56720,597.137,1980
262183490069556,95,57,56720,597.137,1980
262183540683403,98,60,56720,579.222,1980
262183590814073,98,60,56720,579.222,1980
262183642572264,98,60,56720,552.142,1980
262183693121526,98,60,56720,552.142,1980
262183744075860,75,36,56720,530.209,1980
262183794722523,75,36,56720,530.209,1980
262183845801929,75,36,56720,507.112,1980
262183897137371,75,36,56720,507.112,1980
262183947711947,80,39,56720,480.013,1980
262183998822197,80,39,56720,480.013,1980
262184048972876,80,39,56720,459.757,1980
262184099091312,80,39,56720,459.757,1980
262184149209257,98,48,56720,435.649,1980
262184199353265,98,48,56720,435.649,1980
262184249456518,98,48,56720,415.341,1980
262184299564030,98,48,56720,415.341,1980
262184349671453,100,50,56720,389.196,1980
262184399788893,100,50,56720,389.196,1980
262184449904241,100,50,56720,390.435,1980
262184500014932,100,50,56720,390.435,1980
262184550118946,98,50,56720,407.504,1980
262184600224858,98,50,56720,407.504,1980
262184650331443,98,50,56720,439.052,1980
262184701137138,98,50,56720,439.052,1980
262184751239999,90,48,56720,459.922,1980
262184801339114,90,48,56720,459.922,1980
262184851439173,90,48,56720,486.114,1980
262184901539324,90,48,56720,486.114,1980
262184951662263,97,52,56720,508.374,1980
262185001767993,97,52,56720,508.374,1980
262185051867984,97,52,56720,528.819,1980
262185101978742,97,52,56720,528.819,1980
262185152078140,98,55,56720,547.552,1980
262185202197865,98,55,56720,547.552,1980
262185252305923,98,55,56720,573.141,1980
262185302412281,98,55,56720,573.141,1980
262185352518619,96,54,56720,591.437,1980
262185402628725,96,54,56720,591.437,1980
262185452734292,96,54,56720,588.062,1980
262185502833836,96,54,56720,588.062,1980
262185552940974,97,53,56720,584.304,1980
262185603043530,97,53,56720,584.304,1980
262185653169543,97,53,56720,565.617,1980
262185704653265,97,53,56720,565.617,1980
262185754847712,44,33,56720,541.231,1980
262185806578688,44,33,56720,541.231,1980
262185856703382,44,33,56720,515.83,1980
262185907980185,44,33,56720,515.83,1980
262185959166932,74,37,56720,495.159,1980
262186009291195,74,37,56720,495.159,1980
262186059946654,74,37,56720,470.256,1980
262186110043528,74,37,56720,470.256,1980
262186161138502,72,36,56720,451.287,1980
262186211274705,72,36,56720,451.287,1980
262186261686406,72,36,56720,428.786,1980
262186311792201,72,36,56720,428.786,1980
262186361904749,89,43,56720,410.583,1980
262186412025761,89,43,56720,410.583,1980
262186462136054,89,43,56720,385.679,1980
262186512240782,89,43,56720,385.679,1980
262186562358950,84,42,56720,377.999,1980
262186612461151,84,42,56720,377.999,1980
262186662567024,84,42,56720,398.218,1980
262186712674301,84,42,56720,398.218,1980
262186762780396,99,51,56720,426.441,1980
262186812883404,99,51,56720,426.441,1980
262186862987127,99,51,56720,446.991,1980
262186913094895,99,51,56720,446.991,1980
262186963209756,90,49,56720,470.784,1980
262187013312084,90,49,56720,470.784,1980
262187063414920,90,49,56720,493.909,1980
262187113517964,90,49,56720,493.909,1980
262187163621620,97,54,56720,516.325,1980
262187213738178,97,54,56720,516.325,1980
262187263842060,97,54,56720,533.599,1980
262187313949511,97,54,56720,533.599,1980
262187364048720,95,55,56720,555.198,1980
262187414148148,95,55,56720,555.198,1980
262187464248733,95,55,56720,575.496,1980
262187514352193,95,55,56720,575.496,1980
262187564459294,97,53,56720,595.933,1980
262187614568903,97,53,56720,595.933,1980
262187664667724,97,53,56720,590.75,1980
262187714768960,97,53,56720,590.75,1980
262187764872690,98,56,56720,587.134,1980
262187814979909,98,56,56720,587.134,1980
262187865948197,98,56,56720,585.629,1980
262187916826528,98,56,56720,585.629,1980
262187967811668,73,52,56720,547.512,1980
262188018720631,73,52,56720,547.512,1980
262188070139789,73,52,56720,502.206,1980
262188120286614,73,52,56720,502.206,1980
262188172049895,3,2,56720,474.814,1980
262188222618892,3,2,56720,474.814,1980
262188273821760,3,2,56720,452.967,1980
262188325731665,74,36,56720,432.439,1980
262188376931173,74,36,56720,432.439,1980
262188427043674,74,36,56720,410.141,1980
262188477189512,74,36,56720,410.141,1980
262188528245358,78,39,56720,385.635,1980
262188578348884,78,39,56720,385.635,1980
262188629094803,78,39,56720,367.055,1980
262188679804444,78,39,56720,367.055,1980
262188729910058,97,48,56720,342.133,1980
262188780049604,97,48,56720,342.133,1980
262188839900920,97,48,56720,324.207,1980
262188890048951,97,48,56720,324.207,1980
262188940192912,78,39,56720,346.585,1980
262188990303550,78,39,56720,346.585,1980
262189040439248,78,39,56720,397.806,1980
262189090583563,78,39,56720,397.806,1980
262189140693241,98,50,56720,429.793,1980
262189190796898,98,50,56720,429.793,1980
262189240901065,98,50,56720,452.637,1980
262189291027313,98,50,56720,452.637,1980
262189341140343,96,51,56720,474.635,1980
262189391242115,96,51,56720,474.635,1980
262189441351461,96,51,56720,494.67,1980
262189491451852,96,51,56720,494.67,1980
262189541552265,96,54,56720,515.888,1980
262189591653589,96,54,56720,515.888,1980
262189642033165,96,54,56720,538.033,1980
262189692141439,96,54,56720,538.033,1980
262189742242094,96,56,56720,562.011,1980
262189792338859,96,56,56720,562.011,1980
262189842439650,96,56,56720,584.646,1980
262189892547316,96,56,56720,584.646,1980
262189942644420,96,55,56720,590.943,1980
262189992747772,96,55,56720,590.943,1980
262190042846867,96,55,56720,583.432,1980
262190092949953,96,55,56720,583.432,1980
262190143041985,96,53,56720,576.339,1980
262190200435290,96,53,56720,576.339,1980
262190251004192,96,53,56720,554.575,1980
262190302389417,96,53,56720,554.575,1980
262190353774183,45,26,56720,528.299,1980
262190405800408,45,26,56720,528.299,1980
262190455941860,45,26,56720,506.547,1980
262190506060663,45,26,56720,506.547,1980
262190556294556,75,37,56720,486.327,1980
262190606464200,75,37,56720,486.327,1980
262190656830410,75,37,56720,462.562,1980
262190707297262,75,37,56720,462.562,1980
262190757448946,84,42,56720,442.859,1980
262190807756075,84,42,56720,442.859,1980
262190857883785,84,42,56720,418.072,1980
262190908033959,84,42,56720,418.072,1980
262190958205081,100,49,56720,400.433,1980
262191008321633,100,49,56720,400.433,1980
262191058438544,100,49,56720,383.706,1980
262191108549939,100,49,56720,383.706,1980
262191158680438,75,38,56720,389.432,1980
262191208793100,75,38,56720,389.432,1980
262191258897298,75,38,56720,416.746,1980
262191308998704,75,38,56720,416.746,1980
262191359111612,98,50,56720,443.551,1980
262191409212492,98,50,56720,443.551,1980
262191459314318,98,50,56720,470.003,1980
262191509414187,98,50,56720,470.003,1980
262191559514448,96,52,56720,492.346,1980
262191609645835,96,52,56720,492.346,1980
262191659748883,96,52,56720,515.084,1980
262191709849483,96,52,56720,515.084,1980
262191759959717,97,53,56720,534.885,1980
262191810078151,97,53,56720,534.885,1980
262191860181868,97,53,56720,556.311,1980
262191910282234,97,53,56720,556.311,1980
262191960389524,99,55,56720,573.966,1980
262192010492772,99,55,56720,573.966,1980
262192060957004,99,55,56720,601.123,1980
262192111065474,99,55,56720,601.123,1980
262192161174298,96,54,56720,595.289,1980
262192211276133,96,54,56720,595.289,1980
262192261380896,96,54,56720,588.715,1980
262192312827781,96,54,56720,588.715,1980
262192362965667,86,58,56720,558.597,1980
262192414324765,86,58,56720,558.597,1980
262192465847769,86,58,56720,533.804,1980
262192517098901,86,58,56720,533.804,1980
262192568763202,74,36,56720,508.762,1980
262192620136521,74,36,56720,508.762,1980
262192670255809,74,36,56720,484.563,1980
262192720466161,74,36,56720,484.563,1980
262192770638529,77,39,56720,467.318,1980
262192821237395,77,39,56720,467.318,1980
262192871358774,77,39,56720,447.017,1980
262192921499982,77,39,56720,447.017,1980
262192971936297,92,46,56720,425.198,1980
262193022048272,92,46,56720,425.198,1980
262193072237577,92,46,56720,396.29,1980
262193122349084,92,46,56720,396.29,1980
262193172456222,100,50,56720,379.582,1980
262193222588493,100,50,56720,379.582,1980
262193272697080,100,50,56720,387.284,1980
262193322799444,100,50,56720,387.284,1980
262193372909297,98,54,56720,418.076,1980
262193423022366,98,54,56720,418.076,1980
262193473191571,98,54,56720,444.351,1980
262193523297863,98,54,56720,444.351,1980
262193573398073,90,50,56720,463.524,1980
262193623501032,90,50,56720,463.524,1980
262193673602403,90,50,56720,487.626,1980
262193723721762,90,50,56720,487.626,1980
262193773826968,96,56,56720,516.625,1980
262193823932460,96,56,56720,516.625,1980
262193874041586,96,56,56720,536.043,1980
262193924141889,96,56,56720,536.043,1980
262193974241793,97,55,56720,555.5,1980
262194024343543,97,55,56720,555.5,1980
262194074446431,97,55,56720,575.286,1980
262194124548298,97,55,56720,575.286,1980
262194174652337,96,56,56720,602.485,1980
262194224759189,96,56,56720,602.485,1980
262194274862816,96,56,56720,595.229,1980
262194326258112,96,56,56720,581.099,1980
262194376720466,96,56,56720,581.099,1980
262194426908819,96,56,56720,553.981,1980
262194477895707,96,56,56720,553.981,1980
262194532610252,74,36,56720,532.609,1980
262194583594052,74,36,56720,532.609,1980
262194634007653,74,36,56720,507.876,1980
262194684135904,74,36,56720,507.876,1980
262194735200391,78,39,56720,483.203,1980
262194786193460,78,39,56720,483.203,1980
262194836328494,78,39,56720,462.275,1980
262194886487599,78,39,56720,462.275,1980
262194937125298,90,44,56720,443.213,1980
262194987248557,90,44,56720,443.213,1980
262195037361070,90,44,56720,419.825,1980
262195087474870,90,44,56720,419.825,1980
262195137579637,100,49,56720,398.827,1980
262195187687199,100,49,56720,398.827,1980
262195237792263,100,49,56720,389.778,1980
262195287899310,100,49,56720,389.778,1980
262195338020092,98,49,56720,401.343,1980
262195388125181,98,49,56720,401.343,1980
262195438226388,98,49,56720,430.98,1980
262195488330267,98,49,56720,430.98,1980
262195538430033,90,45,56720,448.838,1980
262195588539465,90,45,56720,448.838,1980
262195638647281,90,45,56720,471.955,1980
262195688748535,90,45,56720,471.955,1980
262195738852197,95,53,56720,494.66,1980
262195788954416,95,53,56720,494.66,1980
262195839063971,95,53,56720,514.309,1980
262195889173361,95,53,56720,514.309,1980
262195939482634,97,52,56720,535.014,1980
262195989585738,97,52,56720,535.014,1980
262196039690392,97,52,56720,553.252,1980
262196089790933,97,52,56720,553.252,1980
262196139891986,98,55,56720,577.884,1980
262196190831867,98,55,56720,577.884,1980
262196240933658,98,55,56720,586.276,1980
262196291037138,98,55,56720,586.276,1980
262196341140042,95,54,56720,582.827,1980
262196391240531,95,54,56720,582.827,1980
262196441343511,95,54,56720,576.426,1980
262196491514744,95,54,56720,576.426,1980
262196542534382,95,60,56720,553.05,1980
262196593236729,95,60,56720,553.05,1980
262196643877114,95,60,56720,511.251,1980
262196694095695,95,60,56720,511.251,1980
262196744288817,2,2,56720,477.964,1980
262196794414753,2,2,56720,477.964,1980
262196845476713,2,2,56720,452.389,1980
262196895595685,2,2,56720,452.389,1980
262196945901964,74,36,56720,431.388,1980
262196996095817,74,36,56720,431.388,1980
262197046227945,74,36,56720,409.43,1980
262197097012675,74,36,56720,409.43,1980
262197147687251,81,40,56720,392.148,1980
262197198436825,81,40,56720,392.148,1980
262197248541208,81,40,56720,364.338,1980
262197298657034,81,40,56720,364.338,1980
262197348810963,100,49,56720,341.637,1980
262197398920750,100,49,56720,341.637,1980
262197449034743,100,49,56720,322.02,1980
262197499149956,100,49,56720,322.02,1980
262197549341318,83,41,56720,329.699,1980
262197599456366,83,41,56720,329.699,1980
262197649559409,83,41,56720,383.984,1980
262197699675623,83,41,56720,383.984,1980
262197749780386,98,50,56720,424.417,1980
262197799889013,98,50,56720,424.417,1980
262197849989153,98,50,56720,438.223,1980
262197900043982,98,50,56720,438.223,1980
262197950143431,82,44,56720,459.367,1980
262198000248637,82,44,56720,459.367,1980
262198050346174,82,44,56720,478.8,1980
262198100474662,82,44,56720,478.8,1980
262198150603627,96,54,56720,496.908,1980
262198200712704,96,54,56720,496.908,1980
262198250821294,96,54,56720,517.916,1980
262198300929765,96,54,56720,517.916,1980
262198351040074,96,54,56720,542.225,1980
262198401149420,96,54,56720,542.225,1980
262198451279303,96,54,56720,566.929,1980
262198501402763,96,54,56720,566.929,1980
262198551510154,96,55,56720,573.097,1980
262198601621412,96,55,56720,573.097,1980
262198651726663,96,55,56720,563.819,1980
262198703284554,96,55,56720,563.819,1980
262198753447517,96,54,56720,549.151,1980
262198803561062,96,54,56720,549.151,1980
262198855168982,96,54,56720,527.545,1980
262198905310143,96,54,56720,527.545,1980
262198956358462,73,35,56720,508.25,1980
262199007208309,73,35,56720,508.25,1980
262199057686558,73,35,56720,486.387,1980
262199108685865,73,35,56720,486.387,1980
262199159023521,78,39,56720,465.797,1980
262199209149950,78,39,56720,465.797,1980
262199259279892,78,39,56720,449.136,1980
262199309552166,78,39,56720,449.136,1980
262199359663579,94,47,56720,428.348,1980
262199409769202,94,47,56720,428.348,1980
262199459875193,94,47,56720,407.083,1980
262199509988203,94,47,56720,407.083,1980
262199560235969,100,50,56720,384.944,1980
262199610343093,100,50,56720,384.944,1980
262199660451607,100,50,56720,394.588,1980
262199710555603,100,50,56720,394.588,1980
262199760668890,98,49,56720,405.115,1980
262199810780544,98,49,56720,405.115,1980
262199860892807,98,49,56720,432.644,1980
262199911005965,98,49,56720,432.644,1980
262199961108465,90,48,56720,453.38,1980
262200011211015,90,48,56720,453.38,1980
262200061310899,90,48,56720,467.424,1980
262200111416748,90,48,56720,467.424,1980
262200161518582,96,53,56720,485.249,1980
262200211624848,96,53,56720,485.249,1980
262200261726650,96,53,56720,507.645,1980
262200311831781,96,53,56720,507.645,1980
262200361939082,96,55,56720,530.844,1980
262200412047761,96,55,56720,530.844,1980
262200462147805,96,55,56720,554.891,1980
262200512254957,96,55,56720,554.891,1980
262200562355644,95,54,56720,573.234,1980
262200612457249,95,54,56720,573.234,1980
262200662557686,95,54,56720,571.763,1980
262200712662623,95,54,56720,571.763,1980
262200770560883,96,54,56720,563.179,1980
262200822284441,96,54,56720,563.179,1980
262200872395690,96,54,56720,532.392,1980
262200923841920,96,54,56720,532.392,1980
262200974642927,57,28,56720,514.467,1980
262201025891146,57,28,56720,514.467,1980
262201076374638,57,28,56720,497.112,1980
262201126529587,57,28,56720,497.112,1980
262201177710306,75,37,56720,479.738,1980
262201227823685,75,37,56720,479.738,1980
262201278820206,75,37,56720,462.692,1980
262201329454292,75,37,56720,441.443,1980
262201379906615,89,44,56720,441.443,1980
262201430012573,89,44,56720,413.617,1980
262201480146344,89,44,56720,413.617,1980
262201530266464,100,49,56720,394.136,1980
262201580384492,100,49,56720,394.136,1980
262201630505276,100,49,56720,388.954,1980
262201680607675,100,49,56720,388.954,1980
262201730715217,96,48,56720,397.373,1980
262201780814543,96,48,56720,397.373,1980
262201831305670,96,48,56720,428.441,1980
262201881407064,96,48,56720,428.441,1980
262201931513738,91,45,56720,449.957,1980
262201981616029,91,45,56720,449.957,1980
262202031718227,91,45,56720,478.155,1980
262202081818202,91,45,56720,478.155,1980
262202131927954,98,55,56720,495.441,1980
262202182046930,98,55,56720,495.441,1980
262202232148621,98,55,56720,507.238,1980
262202282256655,98,55,56720,507.238,1980
262202332363368,95,54,56720,522.045,1980
262202382471538,95,54,56720,522.045,1980
262202432577699,95,54,56720,545.178,1980
262202482696204,95,54,56720,545.178,1980
262202532802620,95,54,56720,569.703,1980
262202582902971,95,54,56720,569.703,1980
262202633007040,95,54,56720,591.321,1980
262202683109905,95,54,56720,591.321,1980
262202733210809,95,55,56720,587.416,1980
262202783312605,95,55,56720,587.416,1980
262202833454501,95,55,56720,568.491,1980
262202884098857,95,55,56720,568.491,1980
262202934239659,46,35,56720,545.373,1980
262202985912548,46,35,56720,545.373,1980
262203036090777,46,35,56720,520.907,1980
262203087796549,46,35,56720,520.907,1980
262203139173587,74,36,56720,501.12,1980
262203190207539,74,36,56720,501.12,1980
262203240326107,74,36,56720,488.579,1980
262203290587390,74,36,56720,488.579,1980
262203341438817,87,43,56720,476.57,1980
262203391601703,87,43,56720,476.57,1980
262203441737318,87,43,56720,448.493,1980
262203491847959,87,43,56720,448.493,1980
262203541991694,100,49,56720,428.316,1980
262203592394387,100,49,56720,428.316,1980
262203642517436,100,49,56720,393.787,1980
262203692623426,100,49,56720,393.787,1980
262203742725884,76,38,56720,395.928,1980
262203792833696,76,38,56720,395.928,1980
262203842951339,76,38,56720,408.732,1980
262203893054020,76,38,56720,408.732,1980
262203943160965,98,49,56720,439.138,1980
262203993263938,98,49,56720,439.138,1980
262204043383563,98,49,56720,466.517,1980
262204093484438,98,49,56720,466.517,1980
262204144311500,97,49,56720,487.007,1980
262204194413395,97,49,56720,487.007,1980
262204244519968,97,49,56720,510.948,1980
262204294624196,97,49,56720,510.948,1980
262204344732113,98,55,56720,529.344,1980
262204394833656,98,55,56720,529.344,1980
262204444946630,98,55,56720,544.386,1980
262204495046786,98,55,56720,544.386,1980
262204545149720,96,54,56720,567.181,1980
262204595250471,96,54,56720,567.181,1980
262204645353876,96,54,56720,592.385,1980
262204695464160,96,54,56720,592.385,1980
262204745568779,97,55,56720,583.953,1980
262204795671679,97,55,56720,583.953,1980
262204845771681,97,55,56720,579.402,1980
262204895871555,97,55,56720,579.402,1980
