t_ns,util_gpu_pct,util_mem_pct,mem_used_mib,power_w,sm_clock_mhz
262752152873347,1,0,962,117.492,1980
262752205822873,1,0,962,117.492,1980
262752256569197,1,0,964,122.239,1980
262752317357634,1,0,6852,122.239,1980
262752367607898,2,0,6852,127.491,1980
262752417768399,2,0,6852,127.491,1980
262752467907262,2,0,6852,132.481,1980
262752519700742,2,0,6852,132.481,1980
262752569886330,10,0,6852,137.411,1980
262752620076473,10,0,6852,137.411,1980
262752671896771,10,0,6852,141.539,1980
262752722130076,10,0,6852,141.539,1980
262752772437044,12,0,6852,146.147,1980
262752822697987,12,0,6852,146.147,1980
262752872935616,12,0,6852,150.799,1980
262752923149841,12,0,6852,150.799,1980
262752973385921,14,0,6852,150.849,1980
262753023617014,14,0,6852,150.849,1980
262753073855331,14,0,6852,150.557,1980
262753124327058,14,0,6852,150.557,1980
262753174522233,12,0,6852,150.571,1980
262753224749352,12,0,6852,150.571,1980
262753277787979,12,0,6852,150.649,1980
262753370225145,11,0,6872,150.69,1980
262753518087106,11,0,6872,150.56,1980
262753676551673,0,0,6872,150.373,1980
262753726685219,0,0,6872,150.373,1980
262753776797310,0,0,6872,150.293,1980
262753826909713,0,0,6872,150.293,1980
262753877632119,0,0,6872,150.178,1980
262753927797523,0,0,6872,150.178,1980
262754061983519,0,0,6872,149.963,1980
262754215252356,0,0,6872,149.871,1980
262754286103559,0,0,6872,149.798,1980
262754426566229,0,0,6872,149.706,1980
262754496971140,0,0,6872,149.728,1980
262754557211362,0,0,6872,149.739,1980
262754627553926,0,0,6872,149.739,1980
262754692841805,0,0,6872,149.718,1980
262754753069621,0,0,6872,149.744,1980
262754818350455,0,0,6872,149.744,1980
262755250152724,0,0,6872,149.838,1980
262755315465384,0,0,6872,149.838,1980
262755385813496,0,0,6872,149.841,1980
262755456154327,0,0,6872,149.836,1980
262755526559933,0,0,6872,149.836,1980
262755586828853,0,0,6872,149.811,1980
262755652118895,0,0,6872,149.805,1980
262756052213267,0,0,6872,149.673,1980
262756182411168,0,0,6872,149.654,1980
262756232576311,0,0,6872,149.654,1980
262756282748658,0,0,6872,149.646,1980
262756332938830,0,0,6872,149.646,1980
262756383120683,0,0,6872,149.645,1980
262756433264925,0,0,6872,149.645,1980
262756483387393,0,0,6872,149.63,1980
262756533636639,0,0,6872,149.63,1980
262756583803871,0,0,6872,149.597,1980
262756633972810,0,0,6872,149.597,1980
262756684142134,0,0,6872,149.575,1980
262756734307820,0,0,6872,149.575,1980
262756784470999,0,0,6872,149.564,1980
262756834633282,0,0,6872,149.564,1980
262756885214297,0,0,6872,149.571,1980
262756935447520,0,0,6872,149.571,1980
262756985912709,0,0,6872,149.559,1980
262757036152242,0,0,6872,149.559,1980
262757086332715,0,0,6872,149.542,1980
262757144198602,0,0,6872,149.57,1980
262757200167492,0,0,6872,149.57,1980
262757250331242,0,0,6872,149.571,1980
262757300495728,0,0,6872,149.571,1980
262757350635232,0,0,6872,149.577,1980
262757400800578,0,0,6872,149.577,1980
262757739572240,0,0,6872,149.597,1980
262757789872425,0,0,6940,149.597,1980
262758117939369,0,0,7036,149.605,1980
262758168132530,0,0,7520,149.6,1980
262758218326675,0,0,7520,149.6,1980
262758268498820,0,0,7520,149.634,1980
262758318675325,0,0,7520,149.634,1980
262758368807363,0,0,7520,149.644,1980
262758419419961,0,0,7520,149.644,1980
262758470587054,0,0,7520,149.696,1980
262758523779658,0,0,7520,149.696,1980
262758573902748,0,0,7520,149.733,1980
262758624045561,0,0,7520,149.733,1980
262758674154901,0,0,7520,149.722,1980
262758724266208,0,0,7520,149.722,1980
262758774372164,0,0,7520,149.766,1980
262758827489933,0,0,7520,149.766,1980
262758877656044,0,0,7520,149.75,1980
262758929578803,0,0,7520,149.75,1980
262758979763723,0,0,7520,149.733,1980
262759029938026,0,0,7520,149.733,1980
262759080117222,0,0,7520,149.752,1980
262759130315024,0,0,7520,149.752,1980
262759180484245,0,0,7520,149.766,1980
262759235057409,0,0,7520,149.766,1980
262759285286793,0,0,7520,149.772,1980
262759335494327,0,0,7520,149.772,1980
262759385670995,0,0,7520,149.746,1980
262759435868757,0,0,7520,149.746,1980
262759486499962,0,0,7520,149.716,1980
262759538708564,0,0,7520,149.716,1980
262759588883247,0,0,8542,149.68,1980
262759639101699,0,0,10136,149.68,1980
262759689373581,0,0,10136,149.688,1980
262759739635436,0,0,10136,149.688,1980
262759791256704,0,0,10136,149.68,1980
262759841503333,0,0,10582,149.707,1980
262759891682106,0,0,10582,149.707,1980
262759941846296,0,0,10582,149.742,1980
262759992022884,0,0,10582,149.742,1980
262760042181640,0,0,10582,149.746,1980
262760092438280,0,0,10582,149.746,1980
262760142707525,8,0,10582,149.82,1980
262760193020521,8,0,10582,149.82,1980
262760243315980,8,0,10582,149.929,1980
262760293596528,8,0,10582,149.929,1980
262760343853542,13,0,10582,150.043,1980
262760394118224,13,0,10582,150.043,1980
262760444379031,13,0,10582,150.139,1980
262760494645685,13,0,10582,150.139,1980
262760544909463,12,0,10582,150.227,1980
262760644452444,12,0,10582,150.248,1980
262761093761705,0,0,10582,150.185,1980
262761532971042,0,0,10116,149.769,1980
262761979974145,0,0,10156,149.673,1980
262762030231439,0,0,10156,149.673,1980
262762080437630,0,0,10156,149.653,1980
262762130611061,0,0,10156,149.653,1980
262762180777285,0,0,10156,149.599,1980
262762230940677,0,0,10156,149.599,1980
262762281083641,0,0,10156,149.599,1980
262762331242914,0,0,10156,149.599,1980
262762381401702,0,0,10156,149.587,1980
262762431565000,0,0,10156,149.587,1980
262762481721078,0,0,10156,149.595,1980
262762531846545,0,0,10156,149.595,1980
262762581974796,0,0,10156,149.587,1980
262762632069779,0,0,10156,149.587,1980
262762682220296,0,0,10156,149.571,1980
262762732374974,0,0,10156,149.571,1980
262762782536298,0,0,10156,149.564,1980
262762832703236,0,0,10156,149.564,1980
262762882867869,0,0,10156,149.554,1980
262762933053024,0,0,10156,149.554,1980
262762983216609,0,0,10156,149.519,1980
262763033391771,0,0,10156,149.519,1980
262763083550107,0,0,10156,149.52,1980
262763133677470,0,0,10156,149.52,1980
262763183814595,0,0,10156,149.533,1980
262763233937625,0,0,10156,149.533,1980
262763284071284,0,0,10156,149.564,1980
262763334193183,0,0,10156,149.564,1980
262763384348237,0,0,10156,149.565,1980
262763434515027,0,0,10156,149.565,1980
262763484679807,0,0,10156,149.577,1980
262763534834343,0,0,10156,149.577,1980
262763584961065,0,0,10156,149.585,1980
262763635080468,0,0,10156,149.585,1980
262763685266784,0,0,10156,149.588,1980
262763735425346,0,0,10156,149.588,1980
262763785554626,0,0,10156,149.586,1980
262763835728602,0,0,10156,149.586,1980
262763885893923,0,0,10156,149.599,1980
262763936078369,0,0,10156,149.599,1980
262763986238245,0,0,10156,149.63,1980
262764036364159,0,0,10156,149.63,1980
262764086483941,0,0,10156,149.622,1980
262764136642884,0,0,10156,149.622,1980
262764186804610,0,0,10156,149.622,1980
262764236950320,0,0,10156,149.622,1980
262764287072780,0,0,10156,149.597,1980
262764337225238,0,0,10156,149.597,1980
262764387353409,0,0,10156,149.605,1980
262764437489438,0,0,10156,149.605,1980
262764487606163,0,0,10156,149.594,1980
262764537753614,0,0,10156,149.594,1980
262764587917672,0,0,10156,149.571,1980
262764638079897,0,0,10156,149.571,1980
262764688211874,0,0,10156,149.572,1980
262764738326037,0,0,10156,149.572,1980
262764788478012,0,0,10156,149.561,1980
262764838640967,0,0,10156,149.561,1980
262764888770725,0,0,10156,149.542,1980
262764938877846,0,0,10156,149.542,1980
262764988983186,0,0,10156,149.536,1980
262765039085109,0,0,10156,149.536,1980
262765089212803,0,0,10156,149.538,1980
262765139319273,0,0,10156,149.538,1980
262765189421946,0,0,10156,149.561,1980
262765239563755,0,0,10156,149.561,1980
262765289731649,0,0,10156,149.559,1980
262765339893923,0,0,10156,149.559,1980
262765390058931,0,0,10156,149.555,1980
262765440186780,0,0,10156,149.555,1980
262765490341673,0,0,10156,149.548,1980
262765540488112,0,0,10156,149.548,1980
262765590643403,0,0,10156,149.554,1980
262765641541943,0,0,10156,149.578,1980
262765693753388,0,0,10156,149.578,1980
262765759163930,0,0,10156,149.549,1980
262765821216688,0,0,10156,149.549,1980
262765875935401,0,0,10156,149.573,1980
262765926088480,0,0,10156,149.573,1980
262765976259780,0,0,10156,149.579,1980
262766026442621,0,0,10156,149.579,1980
262766076629570,0,0,10282,149.572,1980
262766126831006,0,0,10282,149.572,1980
262766177055348,0,0,10574,149.566,1980
262766227283544,0,0,10574,149.566,1980
262767162999860,0,0,10574,159.6,1980
262767621859838,0,0,10254,150.921,1980
262768078569579,0,0,10282,150.952,1980
262768128828851,0,0,10366,150.952,1980
262768178971038,4,1,10344,151.495,1980
262768229105720,4,1,10370,151.495,1980
262768279244976,4,1,10352,152.912,1980
262768329365023,4,1,10374,152.912,1980
262768379480909,10,3,10376,154.455,1980
262768429607841,10,3,10380,154.455,1980
262768479747474,10,3,10378,155.995,1980
262768529913190,10,3,10384,155.995,1980
262768580050707,10,3,10372,157.131,1980
262768630195781,10,3,10378,157.131,1980
262768680395760,10,3,10380,157.76,1980
262768730643084,10,3,10404,157.76,1980
262768780819223,9,2,10408,158.926,1980
262768830970999,9,2,10394,158.926,1980
262768881105751,9,2,10398,159.711,1980
262768931298767,9,2,10404,159.711,1980
262769439387277,0,0,10406,158.175,1980
262769920577018,0,0,10406,152.951,1980
262769970722373,3,3,18718,152.761,1980
262770021848500,3,3,18718,152.761,1980
262770072096316,3,3,18718,152.16,1980
262770122277753,3,3,18718,152.16,1980
262770172453258,0,0,18718,152.125,1980
262770222899494,0,0,18718,152.125,1980
262770273115364,0,0,18718,152.14,1980
262770323299146,0,0,18718,152.14,1980
262770373454867,0,0,18718,152.169,1980
262770423595571,0,0,18718,152.169,1980
262770473726973,0,0,18718,152.131,1980
262770526053202,0,0,18718,152.131,1980
262770576223087,0,0,18718,152.131,1980
262770626411185,0,0,18718,152.131,1980
262770676599091,0,0,18718,152.147,1980
262770728083262,0,0,18718,152.147,1980
262770778237004,0,0,18718,152.137,1980
262770828423449,0,0,18718,152.137,1980
262770878591533,0,0,18718,152.109,1980
262770928897352,0,0,18718,152.109,1980
262770979699065,0,0,18718,152.122,1980
262771033453544,0,0,18718,152.122,1980
262771087099463,0,0,18718,151.109,1980
262771137267520,0,0,18718,151.109,1980
262771187409266,0,0,18718,151.085,1980
262771238888716,0,0,18718,151.085,1980
262771289027887,0,0,18718,151.05,1980
262771339226500,0,0,19038,151.05,1980
262771389408723,18,9,19038,159.587,1980
262771439615953,18,9,19038,159.587,1980
262771493288922,18,9,19040,160.92,1980
262771543500966,18,9,19040,162.079,1980
262771593798426,3,1,19040,162.079,1980
262771643986332,3,1,19042,162.24,1980
262771694144318,3,1,19042,162.24,1980
262771745801808,1,0,19042,162.118,1980
262771796022017,1,0,19042,162.118,1980
262771846216614,1,0,19042,163.251,1980
262772273360165,0,0,18790,163.471,1980
262772323525286,0,0,18874,163.471,1980
262772373652724,8,2,18848,161.009,1980
262772423773152,8,2,18868,161.009,1980
262772473938145,8,2,18848,156.715,1980
262772524152975,8,2,18848,156.715,1980
262772574287530,10,3,18864,156.705,1980
262772624425529,10,3,18860,156.705,1980
262772674584048,10,3,18848,157.82,1980
262772724774016,10,3,18868,157.82,1980
262772774907964,9,2,18848,159.263,1980
262772825014813,9,2,18868,159.263,1980
262772875129356,9,2,18848,159.41,1980
262772925346713,9,2,18868,159.41,1980
262772975598362,12,3,18848,159.83,1980
262773025759350,12,3,18848,159.83,1980
262773075922032,12,3,18848,161.127,1980
262773126086455,12,3,18872,161.127,1980
262773176205190,12,5,18854,163.502,1980
262773226323431,12,5,18856,163.502,1980
262773276445680,12,5,18858,165.917,1980
262773651392468,0,0,18858,161.81,1980
262773702114562,0,0,18858,161.81,1980
262773754415309,0,0,18858,160.337,1980
262773813021922,0,0,18858,160.337,1980
262773863131261,0,0,18858,159.379,1980
262773913283973,0,0,18858,159.379,1980
262773963430943,0,0,18858,158.54,1980
262774013562583,0,0,18858,158.54,1980
262774063729861,0,0,18858,157.134,1980
262774113857123,0,0,18858,157.134,1980
262774163968329,0,0,18858,154.782,1980
262774214053259,0,0,18858,154.782,1980
262774264162586,0,0,18858,152.074,1980
262774314742322,0,0,18858,152.074,1980
262774364922728,0,0,18858,151.088,1980
262774415128070,0,0,18858,151.088,1980
262774465293193,0,0,18858,151.074,1980
262774515458722,0,0,18858,151.074,1980
262774565629136,0,0,18858,151.071,1980
262774615754815,0,0,18858,151.071,1980
262774668282952,0,0,18858,151.027,1980
262774720387289,0,0,18858,151.027,1980
262774770567975,0,0,18858,151.033,1980
262774821535227,0,0,18858,151.033,1980
262774871740132,0,0,18858,151.014,1980
262774937460907,0,0,18858,151.014,1980
262774992796092,0,0,18858,151.01,1980
262775410757028,0,0,18858,150.979,1980
262775461109966,0,0,18858,151.004,1980
262775512025529,0,0,18858,151.004,1980
262775624909179,0,0,18858,150.987,1980
262775774571191,0,0,18858,150.976,1980
262775825014475,0,0,18858,150.976,1980
262775875623668,0,0,18858,150.997,1980
262775927159246,0,0,18858,150.997,1980
262775978514004,2,2,18858,151.64,1980
262776028763095,2,2,18858,151.64,1980
262776079159295,2,2,18894,152.122,1980
262776267593190,10,4,18894,156.038,1980
262776322145135,10,4,18894,156.038,1980
262776372393872,42,20,18894,166.494,1980
262776424155718,42,20,18894,166.494,1980
262776475699045,42,20,18894,186.914,1980
262776527347774,42,20,18894,186.914,1980
262776578609610,75,37,18894,207.623,1980
262776629723227,75,37,18894,207.623,1980
262776680507900,75,37,18894,226.458,1980
262776730623936,75,37,18894,226.458,1980
262776780874997,83,41,18894,249.215,1980
262776831076085,83,41,18894,249.215,1980
262776881216163,83,41,18894,270.014,1980
262776931357517,83,41,18894,270.014,1980
262776981771788,97,48,18894,291.744,1980
262777032026530,97,48,18894,291.744,1980
262777082292751,97,48,18894,309.172,1980
262777132532850,97,48,18894,309.172,1980
262777182759623,100,50,18894,326.025,1980
262777232943943,100,50,18894,326.025,1980
262777283101682,100,50,18894,346.107,1980
262777333238730,100,50,18894,346.107,1980
262777383410968,100,51,18894,353.636,1980
262777433712749,100,51,18894,353.636,1980
262777483871992,100,51,18894,351.54,1980
262777534052574,100,51,18894,351.54,1980
262777584360378,100,51,18894,349.908,1980
262777634513718,100,51,18894,349.908,1980
262777684709329,100,51,19018,332.989,1980
262777734859369,100,51,23404,332.989,1980
262777784976101,28,15,27720,329.768,1980
262777835096645,28,15,27720,329.768,1980
262777885270913,28,15,27720,357.815,1980
262777935399976,28,15,27720,357.815,1980
262777985524869,99,55,27720,385.089,1980
262778035703204,99,55,27720,385.089,1980
262778085889731,99,55,27720,414.262,1980
262778136033452,99,55,27720,414.262,1980
262778186162293,98,54,27720,444.533,1980
262778236314784,98,54,33056,444.533,1980
262778287953539,98,54,41630,439.294,1980
262778338121083,98,54,46006,439.294,1980
262778388284742,41,26,46006,440.175,1980
262778438428681,41,26,46006,440.175,1980
262778488547217,41,26,52474,458.339,1980
262778538696272,41,26,52474,458.339,1980
262778588822197,94,56,52474,486.112,1980
262778638936044,94,56,52474,486.112,1980
262778689069835,94,56,52474,517.409,1980
262778739201005,94,56,52474,517.409,1980
262778789320810,98,60,52474,555.187,1980
262778839429961,98,60,52474,555.187,1980
262778889542618,98,60,52474,549.291,1980
262778939649239,98,60,52474,549.291,1980
262778989757542,98,61,52474,543.052,1980
262779039862544,98,61,52474,543.052,1980
262779089966840,98,61,52474,538.165,1980
262779140084925,98,61,52474,538.165,1980
262779190191038,97,57,52474,534.091,1980
262779240300303,97,57,52474,534.091,1980
262779290406058,97,57,52474,564.105,1980
262779340512930,97,57,52474,564.105,1980
262779390616289,97,56,52474,591.101,1980
262779440726374,97,56,52474,591.101,1980
262779490850197,97,56,52474,597.911,1980
262779540958451,97,56,52474,597.911,1980
262779591061882,95,56,52474,595.745,1980
262779641167219,95,56,52474,595.745,1980
262779691348615,95,56,52474,596.184,1980
262779742756029,95,56,52474,596.184,1980
262779793614046,43,37,52474,562.71,1980
262779844237529,43,37,52474,562.71,1980
262779895053978,43,37,52474,521.732,1980
262779946581606,43,37,52474,521.732,1980
262779997013254,2,2,52474,475.633,1980
262780048820013,2,2,52474,453.691,1980
262780100154969,2,2,52474,453.691,1980
262780151655116,75,37,52474,427.807,1980
262780202458573,75,37,52474,427.807,1980
262780253744820,75,37,52474,404.798,1980
262780303916828,75,37,52474,404.798,1980
262780354697208,84,41,52474,380.648,1980
262780404869120,84,41,52474,380.648,1980
262780455127821,84,41,52474,363.01,1980
262780505300583,84,41,52474,363.01,1980
262780555462095,96,46,52474,344.407,1980
262780605606278,96,46,52474,344.407,1980
262780655824079,96,46,52474,326.284,1980
262780706038076,96,46,52474,326.284,1980
262780756589555,100,49,52474,330.656,1980
262780806780155,100,49,52474,330.656,1980
262780857007832,100,49,52474,349.538,1980
262780907262943,100,49,52474,349.538,1980
262780957625355,100,50,52474,364.074,1980
262781008074998,100,50,52474,364.074,1980
262781058195255,100,50,52474,371.37,1980
262781108311754,100,50,52474,371.37,1980
262781158550105,100,50,52474,370.581,1980
262781208730309,100,50,52474,370.581,1980
262781259014749,100,50,52474,367.232,1980
262781309214083,100,50,52474,367.232,1980
262781359712994,100,51,52474,362.98,1980
262781409902461,100,51,54854,362.98,1980
262781460040939,100,51,57234,371.411,1980
262781510156878,100,51,57234,371.411,1980
262781560276018,99,56,57234,400.542,1980
262781610393978,99,56,57234,400.542,1980
262781660507297,99,56,57234,427.897,1980
262781710617930,99,56,57234,427.897,1980
262781760725370,99,56,57234,459.73,1980
262781810835358,99,56,57234,459.73,1980
262781860950350,99,56,57234,491.559,1980
262781911305133,99,56,59614,491.559,1980
262781961473675,83,51,59616,511.82,1980
262782011607724,83,51,59616,511.82,1980
262782061719400,83,51,59616,532.694,1980
262782111861045,83,51,67940,532.694,1980
262782162008223,95,58,67940,562.328,1980
262782212127390,95,58,67940,562.328,1980
262782262234530,95,58,67940,581.575,1980
262782312342655,95,58,67940,581.575,1980
262782362499852,95,60,67940,616.318,1980
262782412635670,95,60,67940,616.318,1980
262782462753292,95,60,67940,629.357,1980
262782512866846,95,60,67940,629.357,1980
262782562973650,97,60,67940,619.922,1980
262782613091331,97,60,67940,619.922,1980
262782663252393,97,60,67940,610.883,1980
262782713401847,97,60,67940,610.883,1980
262782763532960,98,60,67940,607.8,1980
262782814550713,98,60,67940,607.8,1980
262782864722238,98,60,67940,597.674,1980
262782914853209,98,60,67940,597.674,1980
262782964962069,98,61,67940,608.111,1980
262783015082776,98,61,67940,608.111,1980
262783065208517,98,61,67940,608.294,1980
262783115316270,98,61,67940,608.294,1980
262783165421367,98,61,67940,611.103,1980
262783215528151,98,61,67940,611.103,1980
262783265677599,98,61,67940,612.748,1980
262783315804041,98,61,67940,612.748,1980
262783365912495,98,61,67940,611.057,1980
262783416023522,98,61,67940,611.057,1980
262783466929465,98,61,67940,600.714,1980
262783517617376,98,61,67940,600.714,1980
262783568637382,2,2,67940,554.373,1980
262783619619501,2,2,67940,554.373,1980
262783671098981,2,2,67940,517.424,1980
262783721234452,2,2,67940,517.424,1980
262783772708420,56,27,67940,486.857,1980
262783822979390,56,27,67940,486.857,1980
262783874600754,56,27,67940,464.618,1980
262783925045067,56,27,67940,464.618,1980
262783975543741,81,39,67940,432.357,1980
262784025687016,81,39,67940,432.357,1980
262784075822096,81,39,67940,409.081,1980
262784125965948,81,39,67940,409.081,1980
262784176113958,94,47,67940,384.604,1980
262784226834920,94,47,67940,384.604,1980
262784277622424,94,47,67940,368.612,1980
262784327747889,94,47,67940,368.612,1980
262784377955723,100,49,67940,338.318,1980
262784428355477,100,49,67940,338.318,1980
262784478735674,100,49,67940,323.608,1980
262784528935314,100,49,67940,323.608,1980
262784579093035,100,50,67940,336.594,1980
262784629218604,100,50,67940,336.594,1980
262784679375691,100,50,67940,358.075,1980
262784729538632,100,50,67940,358.075,1980
262784779727073,100,51,67940,361.11,1980
262784829875808,100,51,67940,361.11,1980
262784880031331,100,51,67940,355.664,1980
262784930176322,100,51,67940,355.664,1980
262784980326523,89,48,67940,387.73,1980
262785030484138,89,48,67940,387.73,1980
262785080608061,89,48,67940,412.462,1980
262785130762657,89,48,67940,412.462,1980
262785180896414,98,53,67940,439.174,1980
262785231080177,98,53,67940,439.174,1980
262785281214181,98,53,67940,462.57,1980
262785331329209,98,53,67942,462.57,1980
262785381474184,91,52,67942,484.729,1980
262785431619364,91,52,67942,484.729,1980
262785481739415,91,52,67942,505.306,1980
262785531845854,91,52,67942,505.306,1980
262785581951093,98,59,67942,528.269,1980
262785632101981,98,59,67942,528.269,1980
262785682261559,98,59,67942,553.84,1980
262785732388656,98,59,67942,553.84,1980
262785782498566,97,55,67942,575.78,1980
262785832606980,97,55,67942,575.78,1980
262785882756391,97,55,67942,603.262,1980
262785932902673,97,55,67942,603.262,1980
262785983021674,95,56,67942,606.78,1980
262786033138819,95,56,67942,606.78,1980
262786083276476,95,56,67942,593.905,1980
262786133401568,95,56,67942,593.905,1980
262786183536916,96,57,67942,589.081,1980
262786233660229,96,57,67942,589.081,1980
262786283774582,96,57,67942,584.761,1980
262786333884176,96,57,67942,584.761,1980
262786384051796,98,58,67942,584.898,1980
262786434181450,98,58,67942,584.898,1980
262786484290513,98,58,67942,585.828,1980
262786534396515,98,58,67942,585.828,1980
262786585424279,97,61,67942,587.187,1980
262786636253774,97,61,67942,587.187,1980
262786686865227,97,61,67942,547.102,1980
262786737753135,97,61,67942,547.102,1980
262786789034198,2,2,67942,506.308,1980
262786839211020,2,2,67942,506.308,1980
262786890918879,2,2,67942,477.564,1980
262786941461146,2,2,67942,477.564,1980
262786992514311,75,37,67942,452.386,1980
262787042687916,75,37,67942,452.386,1980
262787092891042,75,37,67942,436.162,1980
262787143197593,75,37,67942,436.162,1980
262787193365038,87,43,67942,412.279,1980
262787243625135,87,43,67942,412.279,1980
262787293855601,87,43,67942,392.445,1980
262787344059841,87,43,67942,392.445,1980
262787394884678,99,48,67942,372.025,1980
262787445094079,99,48,67942,372.025,1980
262787495833868,99,48,67942,354.47,1980
262787546084285,99,48,67942,354.47,1980
262787596247033,100,50,67942,334.46,1980
262787646398580,100,50,67942,334.46,1980
262787696542446,100,50,67942,343.786,1980
262787746908039,100,50,67942,343.786,1980
262787797073443,100,50,67942,362.49,1980
262787847246570,100,50,67942,362.49,1980
262787897431934,100,50,67942,370.32,1980
262787947607240,100,50,67942,370.32,1980
262787997784916,100,51,67942,370.111,1980
262788048047424,100,51,67942,370.111,1980
262788098217918,100,51,67942,366.889,1980
262788148388574,100,51,67942,366.889,1980
262788198525848,91,46,67942,361.157,1980
262788248644530,91,46,67942,361.157,1980
262788298791890,91,46,67942,380.614,1980
262788348922826,91,46,67942,380.614,1980
262788399036486,99,56,67942,409.333,1980
262788449148349,99,56,67942,409.333,1980
262788499323989,99,56,67942,437.047,1965
262788549498538,99,56,67942,437.047,1965
262788601369166,99,55,67942,465.867,1965
262788651525304,99,55,67942,493.223,1965
262788701657527,99,55,67942,493.223,1965
262788751769922,99,55,67942,519.282,1980
262788801881655,96,59,67942,519.282,1980
262788851991577,96,59,67942,546.376,1980
262788902097912,96,59,67942,546.376,1980
262788952203864,98,62,67942,573.397,1965
262789002323457,98,62,67942,573.397,1965
262789052444011,98,62,67942,601.47,1965
262789102548205,98,62,67942,601.47,1965
262789152662929,100,59,67942,620.22,1965
262789202807458,100,59,67942,620.22,1965
262789252929739,100,59,67942,634.935,1980
262789303041299,100,59,67942,634.935,1980
262789353147619,97,58,67942,627.587,1980
262789403293767,97,58,67942,627.587,1980
262789453453861,97,58,67942,623.892,1980
262789503607048,97,58,67942,623.892,1980
262789553741627,97,57,67942,616.288,1980
262789603852204,97,57,67942,616.288,1980
262789653961098,97,57,67942,614.862,1980
262789704049897,97,57,67942,614.862,1980
262789754187499,97,57,67942,614.031,1980
262789804335972,97,57,67942,614.031,1980
262789854452562,97,57,67942,612.811,1980
262789904562679,97,57,67942,612.811,1980
262789954699031,96,58,67942,610.249,1980
262790004807513,96,58,67942,610.249,1980
262790054932038,96,58,67942,604.896,1980
262790105830080,96,58,67942,604.896,1980
262790156581922,41,35,67942,577.442,1980
262790207621452,41,35,67942,577.442,1980
262790258523165,41,35,67942,529.491,1980
262790308665118,41,35,67942,529.491,1980
262790359369006,19,9,67942,493.49,1980
262790409517693,19,9,67942,493.49,1980
262790461057052,19,9,67942,465.163,1980
262790511240481,19,9,67942,465.163,1980
262790562206474,75,37,67942,445.932,1980
262790613249689,75,37,67942,445.932,1980
262790664136648,75,37,67942,417.739,1980
262790714322333,75,37,67942,417.739,1980
262790765213251,79,39,67942,395.226,1980
262790815337583,79,39,67942,395.226,1980
262790865922931,79,39,67942,374.672,1980
262790916060449,79,39,67942,374.672,1980
262790966994487,91,44,67942,357.435,1980
262791017133192,91,44,67942,357.435,1980
262791067285771,91,44,67942,340.308,1980
262791118108914,91,44,67942,340.308,1980
262791169042057,100,50,67942,339.596,1980
262791219729164,100,50,67942,339.596,1980
262791269953499,100,50,67942,360.547,1980
262791320691050,100,50,67942,360.547,1980
262791370901427,100,51,67942,378.587,1980
262791421095483,100,51,67942,378.587,1980
262791471240634,100,51,67942,381.862,1980
262791521685660,100,51,67942,381.862,1980
262791571902683,100,51,67942,382.49,1980
262791622071253,100,51,67942,382.49,1980
262791672223132,100,51,67942,379.478,1980
262791722382748,100,51,67942,379.478,1980
262791772639416,100,51,67942,375.513,1980
262791822814055,100,51,67942,375.513,1980
262791872945133,100,51,67942,380.574,1980
262791923055559,100,51,67942,380.574,1980
262791973172726,99,56,67942,411.213,1965
262792023306377,99,56,67942,411.213,1965
262792073430911,99,56,67942,437.234,1965
262792123565818,99,56,67942,437.234,1965
262792173683399,99,55,67942,465.193,1950
262792223788376,99,55,67942,465.193,1950
262792273957968,99,55,67942,493.565,1965
262792324092735,99,55,67942,493.565,1965
262792374228912,87,49,67942,514.959,1965
262792424343705,87,49,67942,514.959,1965
262792474493974,87,49,67942,535.071,1965
262792524628840,87,49,67942,535.071,1965
262792574767950,95,58,67942,561.284,1980
262792624889273,95,58,67942,561.284,1980
262792675019084,95,58,67942,587.071,1980
262792725125233,95,58,67942,587.071,1980
262792775273697,95,59,67942,610.72,1980
262792825402707,95,59,67942,610.72,1980
262792875541007,95,59,67942,632.651,1980
262792925653777,95,59,67942,632.651,1980
262792975803787,94,58,67942,627.559,1980
262793025931236,94,58,67942,627.559,1980
262793076083117,94,58,67942,620.981,1980
262793126211110,94,58,67942,620.981,1980
262793176316758,95,59,67942,615.848,1980
262793226432939,95,59,67942,615.848,1980
262793276546161,95,59,67942,606.792,1980
262793326651034,95,59,67942,606.792,1980
262793376757832,95,59,67942,610.884,1980
262793426860954,95,59,67942,610.884,1980
262793477035153,95,59,67942,614.108,1980
262793527288582,95,59,67942,614.108,1980
262793577445572,95,59,67942,612.272,1980
262793627574866,95,59,67942,612.272,1980
262793677704260,95,59,67942,609.934,1980
262793727897061,95,59,67942,609.934,1980
262793778089667,94,58,67942,607.975,1980
262793828230573,94,58,67942,607.975,1980
262793880661072,94,58,67942,607.555,1980
262793931702997,94,58,67942,607.555,1980
262793982509432,38,34,67942,568.61,1980
262794033350405,38,34,67942,568.61,1980
262794090564989,38,34,67942,528.948,1980
262794142132708,38,34,67942,528.948,1980
262794192703641,22,11,67942,489.465,1980
262794242893463,22,11,67942,489.465,1980
262794293833659,22,11,67942,467.772,1980
262794345714162,22,11,67942,467.772,1980
262794396768382,75,37,67942,444.396,1980
262794446950683,75,37,67942,444.396,1980
262794497249060,75,37,67942,420.527,1980
262794548472117,75,37,67942,420.527,1980
262794598606379,84,41,67942,398.272,1980
262794649045777,84,41,67942,398.272,1980
262794699296851,84,41,67942,374.414,1980
262794750016527,84,41,67942,374.414,1980
262794800608813,98,48,67942,352.565,1980
262794851218582,98,48,67942,352.565,1980
262794901397577,98,48,67942,331.522,1980
262794951585138,98,48,67942,331.522,1980
262795002160807,100,50,67942,347.648,1980
262795052517067,100,50,67942,347.648,1980
262795102710639,100,50,67942,368.982,1980
262795152890604,100,50,67942,368.982,1980
262795203055421,100,50,67942,378.074,1980
262795253423725,100,50,67942,378.074,1980
262795303574144,100,50,67942,376.881,1980
262795353745581,100,50,67942,376.881,1980
262795403920529,89,45,67942,372.931,1980
262795454055183,89,45,67942,372.931,1980
262795504161684,89,45,67942,402.856,1980
262795554265290,89,45,67942,402.856,1980
262795604405951,99,55,67942,431.514,1980
262795654552602,99,55,67942,431.514,1980
262795707996177,99,55,67942,459.523,1980
262795758778252,99,55,67942,485.953,1980
262795808904928,99,55,67942,485.953,1980
262795859053720,99,55,67942,505.018,1980
262795909209854,99,55,67942,505.018,1980
262795959348987,88,54,67942,526.603,1980
262796009460530,88,54,67942,526.603,1980
262796059615080,88,54,67942,551.891,1980
262796109775908,88,54,67942,551.891,1980
262796159931867,100,59,67942,573.651,1980
262796210060992,100,59,67942,573.651,1980
262796260166682,100,59,67942,608.251,1980
262796310304516,100,59,67942,608.251,1980
262796360467096,97,57,67942,630.665,1980
262796410593668,97,57,67942,630.665,1980
262796460700203,97,57,67942,628.417,1980
262796510803772,97,57,67942,628.417,1980
262796560962490,97,56,67942,622.588,1980
262796611092999,97,56,67942,622.588,1980
262796661581248,97,56,67942,613.855,1980
262796711689436,97,56,67942,613.855,1980
262796761802737,95,58,67942,609.069,1965
262796811961649,95,58,67942,609.069,1965
262796862134930,95,58,67942,610.074,1965
262796912324746,95,58,67942,610.074,1965
262796962486923,95,59,67942,612.307,1965
262797013553469,95,59,67942,612.307,1965
262797063668549,95,59,67942,610.063,1980
262797113816933,95,59,67942,610.063,1980
262797163940706,98,60,67942,610.633,1980
262797214121082,98,60,67942,610.633,1980
262797265128499,98,60,67942,587.215,1980
262797316020173,98,60,67942,587.215,1980
262797366715240,2,2,67942,543.268,1980
262797417471781,2,2,67942,543.268,1980
262797469084851,2,2,67942,506.569,1980
262797519280895,2,2,67942,506.569,1980
262797569502207,62,29,67942,481.906,1980
262797627907462,62,29,67942,481.906,1980
262797678683137,62,29,67942,459.549,1980
262797728901211,62,29,67942,459.549,1980
262797779068455,77,38,67942,435.206,1980
262797830212066,77,38,67942,435.206,1980
262797881398599,77,38,67942,414.405,1980
262797932244060,77,38,67942,414.405,1980
262797982382382,95,46,67942,390.236,1980
262798032633471,95,46,67942,390.236,1980
262798083232225,95,46,67942,370.857,1980
262798133972250,95,46,67942,370.857,1980
262798184369580,100,49,67942,347.783,1980
262798234572231,100,49,67942,347.783,1980
262798285274107,100,49,67942,332.79,1980
262798335444881,100,49,67942,332.79,1980
262798385665605,94,47,67942,350.835,1980
262798435861851,94,47,67942,350.835,1980
262798486089339,94,47,67942,369.163,1980
262798536319123,94,47,67942,369.163,1980
262798586504133,100,51,67942,368.655,1980
262798636651938,100,51,67942,368.655,1980
262798687024733,100,51,67942,365.863,1980
262798737188839,100,51,67942,365.863,1980
262798787381747,100,51,67942,364.19,1980
262798837534460,100,51,67942,364.19,1980
262798887666573,100,51,67942,356.153,1980
262798937823944,100,51,67942,356.153,1980
262798987992767,71,40,67942,385.247,1980
262799038154523,71,40,67942,385.247,1980
262799088311096,71,40,67942,413.899,1980
262799138417071,71,40,67942,413.899,1980
262799188560712,99,55,67942,443.428,1980
262799238710491,99,55,67942,443.428,1980
262799288836665,99,55,67942,477.506,1980
262799339012377,99,55,67942,477.506,1980
262799389182892,93,53,67942,503.437,1980
262799439351667,93,53,67942,503.437,1980
262799489524526,93,53,67942,524.822,1980
262799539656470,93,53,67942,524.822,1980
262799589768637,100,55,67942,549.31,1980
262799639912070,100,55,67942,549.31,1980
262799690074599,100,55,67942,574.5,1980
262799740233879,100,55,67942,574.5,1980
262799790412487,99,58,67942,598.839,1980
262799840521487,99,58,67942,598.839,1980
262799890627036,99,58,67942,638.31,1980
262799940798537,99,58,67942,638.31,1980
262799990964653,97,57,67942,632.136,1980
262800041093170,97,57,67942,632.136,1980
262800091198645,97,57,67942,623.945,1980
262800141322120,97,57,67942,623.945,1980
262800191459818,97,56,67942,617.71,1980
262800241581314,97,56,67942,617.71,1980
262800291687178,97,56,67942,612.85,1980
262800341830389,97,56,67942,612.85,1980
262800391990953,97,56,67942,612.107,1980
262800442153104,97,56,67942,612.107,1980
262800492307109,97,56,67942,616.712,1980
262800542461106,97,56,67942,616.712,1980
262800592591272,97,56,67942,615.38,1980
262800642704418,97,56,67942,615.38,1980
262800692839831,97,56,67942,610.17,1980
262800743015545,97,56,67942,610.17,1980
262800793191296,97,56,67942,611.058,1980
262800843320479,97,56,67942,611.058,1980
262800893424340,97,56,67942,607.783,1980
262800943578969,97,56,67942,607.783,1980
262800994240666,91,64,67942,590.842,1980
262801045215047,91,64,67942,590.842,1980
262801096308110,91,64,67942,547.676,1980
262801146428977,91,64,67942,547.676,1980
262801197847295,2,2,67942,507.503,1980
262801248092132,2,2,67942,507.503,1980
262801299800115,2,2,67942,477.738,1980
262801351134843,2,2,67942,477.738,1980
262801401267466,74,36,67942,449.703,1980
262801451495937,74,36,67942,449.703,1980
262801501711311,74,36,67942,429.12,1980
262801551897061,74,36,67942,429.12,1980
262801602075566,84,41,67942,410.115,1980
262801652842331,84,41,67942,410.115,1980
262801703667436,84,41,67942,388.934,1980
262801754606282,84,41,67942,388.934,1980
262801804969060,99,48,67942,362.486,1980
262801855143408,99,48,67942,362.486,1980
262801905340416,99,48,67942,340.239,1980
262801955744597,99,48,67942,340.239,1980
262802006103341,100,50,67942,327.736,1980
262802056263872,100,50,67942,327.736,1980
262802106399574,100,50,67942,349.83,1980
262802156620708,100,50,67942,349.83,1980
262802206780488,100,51,67942,365.586,1980
262802258092668,100,51,67942,365.586,1980
262802308217170,100,51,67942,363.922,1980
262802358360312,100,51,67942,363.922,1980
262802408511440,61,33,67942,380.451,1980
262802458637356,61,33,67942,380.451,1980
262802508751039,61,33,67942,409.751,1980
262802558863577,61,33,67942,409.751,1965
262802609008637,99,53,67942,436.3,1965
262802659151064,99,53,67942,436.3,1965
262802709287866,99,53,67942,462.528,1965
262802759428839,99,53,67942,474.375,1965
262802809549312,78,42,67942,474.375,1965
262802859686134,78,42,67942,493.271,1980
262802909839232,78,42,67942,493.271,1980
262802959988818,95,56,67942,522.08,1980
262803010116071,95,56,67942,522.08,1980
262803060232437,95,56,67942,549.66,1980
262803110385422,95,56,67942,549.66,1980
262803160530102,98,58,67942,574.157,1980
262803210638488,98,58,67942,574.157,1980
262803260739544,98,58,67942,604.078,1980
262803310909231,98,58,67942,604.078,1980
262803361078776,97,55,67942,611.975,1980
262803411207858,97,55,67942,611.975,1980
262803461315426,97,55,67942,605.312,1980
262803511421511,97,55,67942,605.312,1980
262803561536204,96,57,67942,602.034,1980
262803611649314,96,57,67942,602.034,1980
262803661758639,96,57,67942,597.553,1980
262803711864722,96,57,67942,597.553,1980
262803761968617,98,58,67942,606.263,1980
262803812078440,98,58,67942,606.263,1980
262803862185271,98,58,67942,607.92,1980
262803912289045,98,58,67942,607.92,1980
262803964281593,98,56,67942,599.807,1980
262804015036718,98,56,67942,599.807,1980
262804065819904,98,56,67942,557.142,1980
262804116661317,98,56,67942,557.142,1980
262804174988152,2,2,67942,515.395,1980
262804225322835,2,2,67942,515.395,1980
262804275581762,2,2,67942,485.995,1980
262804327348369,2,2,67942,485.995,1980
262804377921946,74,36,67942,462.102,1980
262804429212367,74,36,67942,462.102,1980
262804479353015,74,36,67942,439.461,1980
262804530634826,74,36,67942,439.461,1980
262804582042959,81,39,67942,415.482,1980
262804632240833,81,39,67942,415.482,1980
262804682412384,81,39,67942,393.714,1980
262804732583031,81,39,67942,393.714,1980
262804782802067,95,47,67942,367.022,1980
262804833656860,95,47,67942,367.022,1980
262804884326357,95,47,67942,345.619,1980
262804934660360,95,47,67942,345.619,1980
262804985161128,100,49,67942,333.77,1980
262805035771480,100,49,67942,333.77,1980
262805085930851,100,49,67942,347.254,1980
262805136115210,100,49,67942,347.254,1980
262805186399747,100,51,67942,370.318,1980
262805236647843,100,51,67942,370.318,1980
262805286844947,100,51,67942,376.358,1980
262805337027133,100,51,67942,376.358,1980
262805387162637,100,51,67942,375.797,1980
262805437433591,100,51,67942,375.797,1980
262805487595643,100,51,67942,374.723,1980
262805537875879,100,51,67942,374.723,1980
262805588417394,100,51,67942,372.837,1980
262805638547319,100,51,67942,372.837,1980
262805688672100,100,51,67942,382.615,1980
262805738806070,100,51,67942,382.615,1980
262805788923970,99,56,67942,415.216,1980
262805839044487,99,56,67942,415.216,1980
262805889153127,99,56,67942,443.439,1980
262805939571875,99,56,67942,443.439,1980
262805989736519,99,54,67942,471.059,1980
262806039864012,99,54,67942,471.059,1980
262806089993397,99,54,67942,501.471,1980
262806140103696,99,54,67942,501.471,1980
262806190242627,90,49,67942,524.874,1980
262806240393082,90,49,67942,524.874,1980
262806290559340,90,49,67942,545.8,1980
262806340682863,90,49,67942,545.8,1980
262806390814081,97,53,67942,573.682,1980
262806440955020,97,53,67942,573.682,1980
262806491059102,97,53,67942,598.858,1980
262806541170320,97,53,67942,598.858,1980
262806591302946,97,55,67942,625.2,1980
262806641450924,97,55,67942,625.2,1980
262806691607730,97,55,67942,644.241,1980
262806741776816,97,55,67942,644.241,1980
262806791906914,97,55,67942,635.158,1980
262806842014590,97,55,67942,635.158,1980
262806892179994,97,55,67942,623.65,1980
262806942376485,97,55,67942,623.65,1980
262806992512748,97,55,67942,617.389,1980
262807042619128,97,55,67942,617.389,1980
262807092735249,97,55,67942,610.846,1980
262807142856636,97,55,67942,610.846,1980
262807192987681,97,55,67942,607.476,1980
262807243121191,97,55,67942,607.476,1980
262807293372262,97,55,67942,606.138,1980
262807343580159,97,55,67942,606.138,1980
262807393764238,96,55,67942,603.855,1980
262807443933167,96,55,67942,603.855,1980
262807494063715,96,55,67942,604.07,1980
262807544171787,96,55,67942,604.07,1980
262807594275289,96,55,67942,602.387,1980
262807644421327,96,55,67942,602.387,1980
262807695039485,96,55,67942,600.056,1980
262807746127411,96,55,67942,600.056,1980
262807797154541,60,46,67942,570.59,1980
262807848186415,60,46,67942,570.59,1980
262807898372437,60,46,67942,528.225,1980
262807949078897,60,46,67942,528.225,1980
262807999280820,8,4,67942,493.825,1980
262808051060993,8,4,67942,493.825,1980
262808102577127,8,4,67942,466.562,1980
262808153773445,8,4,67942,466.562,1980
262808204068122,75,37,67942,444.291,1980
262808255364738,75,37,67942,444.291,1980
262808305502499,75,37,67942,422.829,1980
262808355892759,75,37,67942,422.829,1980
262808406748332,85,42,67942,405.691,1980
262808456910352,85,42,67942,405.691,1980
262808507662960,85,42,67942,383.899,1980
262808558179744,85,42,67942,383.899,1980
262808608350843,100,49,67942,362.214,1980
262808658725509,100,49,67942,362.214,1980
262808708918644,100,49,67942,341.668,1980
262808759330523,100,49,67942,341.668,1980
262808809654362,100,50,67942,340.856,1980
262808860043178,100,50,67942,340.856,1980
262808910639762,100,50,67942,362.781,1980
262808960806656,100,50,67942,362.781,1980
262809010978853,100,50,67942,374.325,1980
262809061231353,100,50,67942,374.325,1980
262809111360728,100,50,67942,374.538,1980
262809161536637,100,50,67942,374.538,1980
262809211750075,100,51,67942,371.885,1980
262809262012041,100,51,67942,371.885,1980
262809314018871,100,51,67942,368.535,1980
262809364180566,59,30,67942,363.145,1980
262809414300673,59,30,67942,363.145,1980
262809464423193,59,30,67942,391.056,1980
262809514588664,59,30,67942,391.056,1980
262809564737636,99,55,67942,418.99,1965
262809614856073,99,55,67942,418.99,1965
262809665026416,99,55,67942,448.799,1965
262809715154719,99,55,67942,448.799,1965
262809765286962,99,55,67942,480.101,1965
262809815450715,99,55,67942,480.101,1965
262809865578740,99,55,67942,502.099,1980
262809915685943,99,55,67942,502.099,1980
262809965828465,96,57,67942,527.177,1980
262810015994959,96,57,67942,527.177,1980
262810066136413,96,57,67942,560.231,1980
262810116241875,96,57,67942,560.231,1980
262810166341922,98,60,67942,583.158,1980
262810216443702,98,60,67942,583.158,1980
262810266543534,98,60,67942,605.283,1980
262810316673965,98,60,67942,605.283,1980
262810366837583,98,60,67942,636.756,1980
262810416963656,98,60,67942,636.756,1980
262810467074791,98,60,67942,633.674,1980
262810517183046,98,60,67942,633.674,1980
262810567350435,100,58,67942,622.725,1980
262810617519606,100,58,67942,622.725,1980
262810667673587,100,58,67942,616.845,1980
262810717793680,100,58,67942,616.845,1980
262810767898710,100,57,67942,611.093,1980
262810818052273,100,57,67942,611.093,1980
262810868193474,100,57,67942,613.58,1980
262810918311344,100,57,67942,613.58,1980
262810968449144,100,57,67942,606.959,1980
262811018606407,100,57,67942,606.959,1980
262811068766631,100,57,67942,603.285,1980
262811118917144,100,57,67942,603.285,1980
262811169045290,97,56,67942,605.094,1980
262811219152249,97,56,67942,605.094,1980
262811269300882,97,56,67942,607.095,1980
262811319509992,97,56,67942,607.095,1980
262811370352492,96,63,67942,596.097,1980
262811421404445,96,63,67942,596.097,1980
262811472060532,96,63,67942,548.755,1980
262811522913257,96,63,67942,548.755,1980
262811573153115,2,2,67942,509.667,1980
262811624390708,2,2,67942,509.667,1980
262811674562460,2,2,67942,485.999,1980
262811726038194,2,2,67942,485.999,1980
262811776250629,75,37,67942,460.273,1980
262811827698995,75,37,67942,460.273,1980
262811879436570,75,37,67942,432.242,1980
262811929649328,75,37,67942,432.242,1980
262811981218125,77,39,67942,413.727,1980
262812031397904,77,39,67942,413.727,1980
262812082233071,77,39,67942,394.921,1980
262812132364492,77,39,67942,394.921,1980
262812182570242,92,43,67942,368.695,1980
262812232784739,92,43,67942,368.695,1980
262812283698674,92,43,67942,344.728,1980
262812334452921,92,43,67942,344.728,1980
262812385251834,100,49,67942,334.528,1980
262812435422509,100,49,67942,334.528,1980
262812485611864,100,49,67942,349.838,1980
262812535841672,100,49,67942,349.838,1980
262812586005192,100,50,67942,366.451,1980
262812636483415,100,50,67942,366.451,1980
262812686670062,100,50,67942,369.253,1980
262812736867198,100,50,67942,369.253,1980
262812787027106,100,51,67942,366.942,1980
262812837184832,100,51,67942,366.942,1980
262812887335582,100,51,67942,364.774,1980
262812937586788,100,51,67942,364.774,1980
262812987883894,100,51,67942,361.913,1980
262813038041809,100,51,67942,361.913,1980
262813088160709,100,51,67942,373.448,1980
262813138274724,100,51,67942,373.448,1980
262813188436288,99,56,67942,408.207,1980
262813238627234,99,56,67942,408.207,1980
262813288760569,99,56,67942,434.085,1965
262813338866472,99,56,67942,434.085,1965
262813388973995,99,55,67942,462.365,1965
262813439107204,99,55,67942,462.365,1965
262813489273459,99,55,67942,495.139,1980
262813539428632,99,55,67942,495.139,1980
262813589550467,89,49,67942,523.378,1980
262813639699550,89,49,67942,523.378,1980
262813689836578,89,49,67942,550.257,1980
262813739980413,89,49,67942,550.257,1980
262813790104671,95,56,67942,579.776,1980
262813840209231,95,56,67942,579.776,1980
262813890350342,95,56,67942,605.648,1980
262813940507221,95,56,67942,605.648,1980
262813990673997,96,59,67942,636.182,1950
262814041195869,96,59,67942,636.182,1950
262814091323835,96,59,67942,645.021,1965
262814141476357,96,59,67942,645.021,1965
262814191609093,95,59,67942,641.236,1965
262814241715076,95,59,67942,641.236,1965
262814291817719,95,59,67942,631.749,1980
262814341922421,95,59,67942,631.749,1980
262814392036134,95,59,67942,629.938,1980
262814442145665,95,59,67942,629.938,1980
262814492252635,95,59,67942,620.735,1980
262814542357455,95,59,67942,620.735,1980
262814592476712,95,59,67942,618.589,1980
262814642586505,95,59,67942,618.589,1980
262814692702344,95,59,67942,617.537,1980
262814742803279,95,59,67942,617.537,1980
262814792905001,95,59,67942,616.48,1980
262814843023106,95,59,67942,616.48,1980
262814893156223,95,59,67942,616.832,1980
262814943302444,95,59,67942,616.832,1980
262814993455647,96,59,67942,617.087,1965
262815043613489,96,59,67942,617.087,1965
262815094477623,96,59,67942,615.25,1965
262815145699419,96,59,67942,615.25,1965
262815196767863,25,25,67942,568.291,1965
262815248132288,25,25,67942,568.291,1965
262815298275754,25,25,67942,526.289,1980
262815348465401,25,25,67942,526.289,1980
262815400127525,25,12,67942,489.157,1980
262815451774249,25,12,67942,489.157,1980
262815502556637,25,12,67942,468.485,1980
262815552724967,25,12,67942,468.485,1980
262815603197818,77,38,67942,444.215,1980
262815653609820,77,38,67942,444.215,1980
262815704430467,77,38,67942,426.376,1980
262815755237023,77,38,67942,426.376,1980
262815805426533,93,45,67942,401.624,1980
262815855637362,93,45,67942,401.624,1980
262815906029594,93,45,67942,375.487,1980
262815956189240,93,45,67942,375.487,1980
262816006386925,100,50,67942,346.526,1980
262816056606353,100,50,67942,346.526,1980
262816106840366,100,50,67942,327.118,1980
262816157032966,100,50,67942,327.118,1980
262816207215602,100,50,67942,340.107,1980
262816257384717,100,50,67942,340.107,1980
262816307558793,100,50,67942,362.042,1980
262816357722894,100,50,67942,362.042,1980
262816407938903,100,50,67942,370.04,1980
262816458070333,100,50,67942,370.04,1980
262816508278886,100,50,67942,368.071,1980
262816558558594,100,50,67942,368.071,1980
262816608828844,100,51,67942,365.1,1980
262816659344478,100,51,67942,365.1,1980
262816709504619,100,51,67942,358.478,1980
262816759676085,100,51,67942,358.478,1980
262816809839191,69,39,67942,383.074,1980
262816859967974,69,39,67942,383.074,1980
262816910094491,69,39,67942,413.121,1980
262816960263141,69,39,67942,413.121,1980
262817010422781,99,56,67942,443.998,1980
262817060546707,99,56,67942,443.998,1980
262817110653440,99,56,67942,472.085,1980
262817160776401,99,56,67942,472.085,1980
262817210921645,99,55,67942,497.686,1980
262817261091646,99,55,67942,497.686,1980
262817311220165,99,55,67942,526.202,1980
262817361343047,99,55,67942,526.202,1980
262817411455306,100,56,67942,550.32,1980
262817461627364,100,56,67942,550.32,1980
262817511775195,100,56,67942,574.478,1980
262817561889773,100,56,67942,574.478,1980
262817612008205,100,58,67942,597.037,1980
262817662150295,100,58,67942,597.037,1980
262817712287009,100,58,67942,632.068,1980
262817762443455,100,58,67942,632.068,1980
262817812585359,100,58,67942,626.289,1980
262817862697161,100,58,67942,626.289,1980
262817912851408,100,58,67942,618.97,1980
262817963033306,100,58,67942,618.97,1980
262818013162746,100,58,67942,608.178,1980
262818063271980,100,58,67942,608.178,1980
262818113377947,100,58,67942,603.319,1980
262818163501131,100,58,67942,603.319,1980
262818213656413,100,58,67942,596.991,1980
262818263781266,100,58,67942,596.991,1980
262818313886905,100,58,67942,594.141,1980
262818364025278,100,58,67942,594.141,1980
262818414198027,100,58,67942,595.741,1980
262818464340958,100,58,67942,595.741,1980
262818514459807,100,58,67942,593.796,1980
262818564569437,100,58,67942,593.796,1980
262818614699526,100,58,67942,592.18,1980
262818664830564,100,58,67942,592.18,1980
262818714937872,100,58,67942,592.426,1980
262818765047863,100,58,67942,592.426,1980
262818816133736,100,58,67942,590.791,1980
262818867164216,100,58,67942,590.791,1980
262818917828710,100,58,67942,552.564,1980
262818969135734,2,2,67942,512.875,1980
262819019979386,2,2,67942,512.875,1980
262819070143932,2,2,67942,478.683,1980
262819121818057,2,2,67942,478.683,1980
262819173785947,74,36,67942,459.375,1980
262819225940406,74,36,67942,459.375,1980
262819276679885,74,36,67942,435.969,1980
262819328115940,74,36,67942,435.969,1980
262819378971987,80,39,67942,413.007,1980
262819429119543,80,39,67942,413.007,1980
262819479273594,80,39,67942,391.346,1980
262819529438247,80,39,67942,391.346,1980
262819579883912,90,44,67942,374.538,1980
262819630377330,90,44,67942,374.538,1980
262819680592999,90,44,67942,355.948,1980
262819730776316,90,44,67942,355.948,1980
262819781015375,100,50,67942,334.201,1980
262819831206314,100,50,67942,334.201,1980
262819881356709,100,50,67942,340.112,1980
262819931566958,100,50,67942,340.112,1980
262819981753069,100,50,67942,358.96,1980
262820031936707,100,50,67942,358.96,1980
262820082090113,100,50,67942,368.768,1980
262820132310787,100,50,67942,368.768,1980
262820182556232,100,51,67942,367.993,1980
262820232749478,100,51,67942,367.993,1980
262820282912242,100,51,67942,365.232,1980
262820333287934,100,51,67942,365.232,1980
262820384327299,100,51,67942,361.909,1980
262820434458328,100,51,67942,361.909,1980
262820484574058,100,51,67942,374.608,1980
262820534712031,100,51,67942,374.608,1980
262820584862924,99,56,67942,404.753,1935
262820634985168,99,56,67942,404.753,1935
262820685092532,99,56,67942,433.584,1965
262820735205837,99,56,67942,433.584,1965
262820785364014,99,55,67942,463.37,1965
262820836176944,99,55,67942,463.37,1965
262820886301530,99,55,67942,492.414,1965
262820936432955,99,55,67942,492.414,1965
262820986620567,87,53,67942,522.006,1980
262821036809313,87,53,67942,522.006,1980
262821086973283,87,53,67942,545.594,1980
262821137138874,87,53,67942,545.594,1980
262821187263482,98,61,67942,577.321,1980
262821237415564,98,61,67942,577.321,1980
262821287584621,98,61,67942,600.706,1980
262821337775471,98,61,67942,600.706,1980
262821387943873,98,61,67942,624.725,1980
262821438096430,98,61,67942,624.725,1980
262821488270859,98,61,67942,642.447,1980
262821538438276,98,61,67942,642.447,1980
262821588564325,98,62,67942,633.265,1980
262821638673878,98,62,67942,633.265,1980
262821688780301,98,62,67942,629.609,1980
262821739480804,98,62,67942,629.609,1980
262821789628784,100,59,67942,623.663,1980
262821839754416,100,59,67942,623.663,1980
262821889871042,100,59,67942,621.248,1980
262821940034340,100,59,67942,621.248,1980
262821990177783,97,58,67942,617.713,1980
262822040295165,97,58,67942,617.713,1980
262822090405831,97,58,67942,618.903,1980
262822140517776,97,58,67942,618.903,1980
262822190679290,97,57,67942,620.193,1980
262822240851781,97,57,67942,620.193,1980
262822291015159,97,57,67942,619.647,1965
262822341791628,97,57,67942,619.647,1965
262822392736816,72,53,67942,596.766,1965
262822443651394,72,53,67942,596.766,1965
262822494513156,72,53,67942,548.088,1965
262822547303657,72,53,67942,548.088,1965
262822597468927,2,1,67942,511.114,1980
262822648539301,2,1,67942,511.114,1980
262822699857376,2,1,67942,483.568,1980
262822750666520,2,1,67942,483.568,1980
262822801819652,76,37,67942,458.533,1980
262822852058808,76,37,67942,458.533,1980
262822902300759,76,37,67942,431.662,1980
262822952497127,76,37,67942,431.662,1980
262823002771259,89,43,67942,415.511,1980
262823052959518,89,43,67942,415.511,1980
262823103679484,89,43,67942,390.427,1980
262823154052271,89,43,67942,390.427,1980
262823204228519,100,49,67942,368.377,1980
262823254618915,100,49,67942,368.377,1980
262823304812922,100,49,67942,339.159,1980
262823355061451,100,49,67942,339.159,1980
262823405253891,94,47,67942,339.799,1980
262823455486500,94,47,67942,339.799,1980
262823505671047,94,47,67942,354.952,1980
262823555853763,94,47,67942,354.952,1980
262823606014225,100,51,67942,371.211,1980
262823656180834,100,51,67942,371.211,1980
262823706348905,100,51,67942,403.778,1965
262823756478851,100,51,67942,403.778,1965
262823806604415,99,58,67942,432.547,1965
262823856716078,99,58,67942,432.547,1965
262823906831025,99,58,67942,461.066,1965
262823956953053,99,58,67942,461.066,1965
262824007063544,95,56,67942,483.364,1980
262824057176651,95,56,67942,483.364,1980
262824107303605,95,56,67942,507.218,1980
262824157467930,95,56,67942,507.218,1980
262824207615927,97,55,67942,531.331,1980
262824257787384,97,55,67942,531.331,1980
262824307942066,97,55,67942,548.132,1980
262824358077600,97,55,67942,548.132,1980
262824408213556,95,59,67942,577.989,1980
262824458324172,95,59,67942,577.989,1980
262824508450398,95,59,67942,604.41,1980
262824558613183,95,59,67942,604.41,1980
262824608818852,98,59,67942,625.348,1980
262824658966533,98,59,67942,625.348,1980
262824709050497,98,59,67942,625.665,1980
262824759159043,98,59,67942,625.665,1980
262824809312305,97,57,67942,620.026,1980
262824859440789,97,57,67942,620.026,1980
262824909548679,97,57,67942,612.671,1980
262824959657527,97,57,67942,612.671,1980
262825009808063,95,59,67942,612.349,1980
262825059938088,95,59,67942,612.349,1980
262825110083683,95,59,67942,608.616,1980
262825160206829,95,59,67942,608.616,1980
262825210355625,98,60,67942,610.198,1980
262825261167425,98,60,67942,610.198,1980
262825312184306,98,60,67942,586.985,1980
262825363228551,98,60,67942,586.985,1980
262825414009405,2,2,67942,540.9,1980
262825464465673,2,2,67942,540.9,1980
262825515029710,2,2,67942,504.118,1980
262825565223888,2,2,67942,504.118,1980
262825615644237,72,34,67942,480.147,1980
262825665760091,72,34,67942,480.147,1980
262825719849768,72,34,67942,458.796,1980
262825770055998,72,34,67942,458.796,1980
262825821105558,83,40,67942,435.724,1980
262825872252078,83,40,67942,412.304,1980
262825922417235,83,40,67942,412.304,1980
262825972703067,94,46,67942,387.608,1980
262826022931180,94,46,67942,387.608,1980
262826073456595,94,46,67942,367.381,1980
262826123797902,94,46,67942,367.381,1980
262826173968639,100,50,67942,336.731,1980
262826224102178,100,50,67942,336.731,1980
262826274290147,100,50,67942,333.405,1980
262826324467291,100,50,67942,333.405,1980
262826374679553,100,51,67942,348.418,1980
262826425050219,100,51,67942,348.418,1980
262826475710962,100,51,67942,363.301,1980
262826525885776,100,51,67942,363.301,1980
262826576059206,74,39,67942,380.951,1980
262826626216071,74,39,67942,380.951,1980
262826676382371,74,39,67942,411.207,1965
262826726569632,74,39,67942,411.207,1965
262826776698883,99,55,67942,438.586,1965
262826826823356,99,55,67942,438.586,1965
262826876945234,99,55,67942,465.548,1965
262826927094131,99,55,67942,465.548,1965
262826977263438,89,51,67942,481.831,1980
262827027436896,89,51,67942,481.831,1980
262827077570061,89,51,67942,506.512,1980
262827127728692,89,51,67942,506.512,1980
262827177896858,98,58,67942,535.768,1980
262827228077741,98,58,67942,535.768,1980
262827278238745,98,58,67942,557.936,1980
262827328356474,98,58,67942,557.936,1980
262827378468857,98,59,67942,586.397,1980
262827428629016,98,59,67942,586.397,1980
262827478804747,98,59,67942,607.593,1980
262827528937237,98,59,67942,607.593,1980
262827579048438,97,55,67942,620.39,1980
262827629462634,97,55,67942,620.39,1980
262827679622299,97,55,67942,610.743,1980
262827729779395,97,55,67942,610.743,1980
262827779937549,95,57,67942,605.626,1980
262827830060949,95,57,67942,605.626,1980
262827880211445,95,57,67942,599.669,1980
262827930377920,95,57,67942,599.669,1980
262827980556774,98,58,67942,598.835,1980
262828030701018,98,58,67942,598.835,1980
262828080814975,98,58,67942,598.836,1980
262828130970491,98,58,67942,598.836,1980
262828181086103,100,57,67942,594.007,1980
262828231686362,100,57,67942,594.007,1980
262828282468840,100,57,67942,551.97,1980
262828333128692,100,57,67942,551.97,1980
262828383271468,2,2,67942,510.631,1980
262828434252733,2,2,67942,510.631,1980
262828484462219,2,2,67942,479.267,1980
262828535239166,2,2,67942,479.267,1980
262828585599198,74,36,67942,456.257,1980
262828635760372,74,36,67942,456.257,1980
262828686109947,74,36,67942,436.571,1980
262828737089834,74,36,67942,436.571,1980
262828788210675,83,40,67942,412.245,1980
262828838402849,83,40,67942,412.245,1980
262828888567844,83,40,67942,391.158,1980
262828939679281,83,40,67942,391.158,1980
262828989856781,96,47,67942,372.929,1980
262829040146626,96,47,67942,372.929,1980
262829090343261,96,47,67942,356.983,1980
262829140488449,96,47,67942,356.983,1980
262829191060744,100,50,67942,327.829,1980
262829241187563,100,50,67942,327.829,1980
262829291540083,100,50,67942,336.776,1980
262829341933745,100,50,67942,336.776,1980
262829392096218,100,50,67942,358.755,1980
262829442241834,100,50,67942,358.755,1980
262829492401926,100,50,67942,363.392,1980
262829542597096,100,50,67942,363.392,1980
262829592798950,100,50,67942,362.932,1980
262829642956634,100,50,67942,362.932,1980
262829693138078,100,50,67942,361.323,1980
262829743304874,100,50,67942,361.323,1980
262829793470640,100,51,67942,357.911,1980
262829843616392,100,51,67942,357.911,1980
262829893733641,100,51,67942,375.321,1965
262829943838765,100,51,67942,375.321,1965
262829993943525,99,55,67942,402.46,1965
262830044096977,99,55,67942,402.46,1965
262830094243717,99,55,67942,437.276,1965
262830144358875,99,55,67942,437.276,1965
262830194472013,99,54,67942,471.588,1965
262830244616213,99,54,67942,471.588,1965
262830294790864,99,54,67942,504.219,1965
262830344966683,99,54,67942,504.219,1965
262830395052062,87,51,67942,528.392,1965
262830445159346,87,51,67942,528.392,1965
262830495274190,87,51,67942,550.282,1980
262830545446439,87,51,67942,550.282,1980
262830595579672,95,58,67942,577.575,1980
262830645884673,95,58,67942,577.575,1980
262830695990870,95,58,67942,606.421,1980
262830746088326,95,58,67942,606.421,1980
262830796218266,96,59,67942,626.781,1980
262830846327387,96,59,67942,626.781,1980
262830896436517,96,59,67942,632.113,1980
262830946545757,96,59,67942,632.113,1980
262830996709869,95,59,67942,629.561,1980
262831046875170,95,59,67942,629.561,1980
262831097836557,95,59,67942,621.024,1980
262831147949421,95,59,67942,621.024,1980
262831198094880,95,59,67942,619.474,1980
262831248261601,95,59,67942,619.474,1980
262831298405490,95,59,67942,614.263,1980
262831348515428,95,59,67942,614.263,1980
262831398624034,97,59,67942,612.413,1980
262831448786377,97,59,67942,612.413,1980
262831498964767,97,59,67942,617.285,1980
262831549073679,97,59,67942,617.285,1980
262831599215025,98,60,67942,612.142,1980
262831649323569,98,60,67942,612.142,1980
262831699433242,98,60,67942,615.678,1980
262831749592135,98,60,67942,615.678,1980
262831799783449,98,60,67942,616.751,1980
262831852194545,98,60,67942,616.751,1980
262831902904741,98,60,67942,600.556,1980
262831953870502,98,60,67942,600.556,1980
262832004767018,13,13,67942,551.289,1980
262832055121080,13,13,67942,551.289,1980
262832107140207,13,13,67942,513.441,1980
262832157357686,13,13,67942,513.441,1980
262832208812757,48,23,67942,481.806,1980
262832258938875,48,23,67942,481.806,1980
262832309933051,48,23,67942,462.43,1980
262832360239844,48,23,67942,462.43,1980
262832411975254,75,37,67942,433.274,1980
262832462187235,75,37,67942,433.274,1980
262832512977357,75,37,67942,409.841,1980
262832563231490,75,37,67942,409.841,1980
262832613442937,85,42,67942,389.687,1980
262832663626056,85,42,67942,389.687,1980
262832713797800,85,42,67942,366.392,1980
262832763999658,85,42,67942,366.392,1980
262832814835690,99,48,67942,348.99,1980
262832865748507,99,48,67942,348.99,1980
262832915958494,99,48,67942,336.984,1980
262832966104594,99,48,67942,336.984,1980
262833016309627,100,50,67942,359.816,1980
262833066701882,100,50,67942,359.816,1980
262833116842138,100,50,67942,379.786,1980
262833167027346,100,50,67942,379.786,1980
262833217182392,100,50,67942,379.411,1980
262833267374584,100,50,67942,379.411,1980
262833317526260,100,50,67942,377.842,1980
262833367669167,100,50,67942,377.842,1980
262833417845933,100,51,67942,376.023,1980
262833467980801,100,51,67942,376.023,1980
262833518087819,100,51,67942,386.457,1980
262833568231489,100,51,67942,386.457,1980
262833618381186,99,55,67942,418.742,1935
262833668524482,99,55,67942,418.742,1935
262833718646227,99,55,67942,445.253,1965
262833768752669,99,55,67942,445.253,1965
262833818889756,99,54,67942,473.165,1965
262833869091818,99,54,67942,473.165,1965
262833919242477,99,54,67942,493.893,1980
262833969353303,99,54,67942,493.893,1980
262834020225366,88,52,67942,514.354,1980
262834070378509,88,52,67942,514.354,1980
262834120515257,88,52,67942,538.906,1980
262834170630869,88,52,67942,538.906,1980
262834220739118,98,60,67942,561.351,1980
262834270843934,98,60,67942,561.351,1980
262834320970476,98,60,67942,591.269,1980
262834371057445,98,60,67942,591.269,1980
262834421183045,98,61,67942,611.125,1980
262834471335258,98,61,67942,611.125,1980
262834521470575,98,61,67942,622.892,1980
262834571621181,98,61,67942,622.892,1980
262834621753213,100,61,67942,612.124,1980
262834671864705,100,61,67942,612.124,1980
262834721976174,100,61,67942,607.041,1980
262834772095378,100,61,67942,607.041,1980
262834822232780,97,57,67942,602.539,1980
262834872343322,97,57,67942,602.539,1980
262834922445666,97,57,67942,605.529,1980
262834972602795,97,57,67942,605.529,1980
262835022776738,97,56,67942,606.886,1980
262835072907763,97,56,67942,606.886,1980
262835123027686,97,56,67942,600.45,1980
262835173135388,97,56,67942,600.45,1980
262835223303291,95,56,67942,603.189,1980
262835273565594,95,56,67942,603.189,1980
262835324480893,95,56,67942,597.582,1980
262835375269589,95,56,67942,597.582,1980
262835425971578,39,34,67942,559.749,1980
262835476112564,39,34,67942,559.749,1980
262835527953576,39,34,67942,518.664,1980
262835578127875,26,12,67942,493.218,1980
262835629942556,26,12,67942,493.218,1980
262835681559024,26,12,67942,463.885,1980
262835732391522,26,12,67942,463.885,1980
262835782602796,76,37,67942,438.645,1980
262835833396196,76,37,67942,438.645,1980
262835883610509,76,37,67942,414.19,1980
262835934642536,76,37,67942,414.19,1980
262835985363648,84,42,67942,390.237,1980
262836036140157,84,42,67942,390.237,1980
262836086797778,84,42,67942,373.134,1980
262836137659808,84,42,67942,373.134,1980
262836188331519,97,48,67942,349.646,1980
262836238533424,97,48,67942,349.646,1980
262836288757989,97,48,67942,332.588,1980
262836338995645,97,48,67942,332.588,1980
262836389243934,100,50,67942,347.812,1980
262836439704461,100,50,67942,347.812,1980
262836489866561,100,50,67942,366.326,1980
262836540013186,100,50,67942,366.326,1980
262836590227554,100,50,67942,370.001,1980
262836641876111,100,50,67942,370.001,1980
262836692009582,100,50,67942,370.807,1980
262836742121090,100,50,67942,370.807,1980
262836792225138,77,45,67942,403.166,1965
262836842327984,77,45,67942,403.166,1965
262836892466806,77,45,67942,431.413,1965
262836942651917,77,45,67942,431.413,1965
262836992793271,99,58,67942,458.882,1965
262837042927947,99,58,67942,458.882,1965
262837093072960,99,58,67942,481.861,1980
262837143250926,99,58,67942,481.861,1980
262837193423828,88,54,67942,504.829,1980
262837243562191,88,54,67942,504.829,1980
262837293681891,88,54,67942,530.134,1980
262837343797441,88,54,67942,530.134,1980
262837393957028,98,60,67942,553.572,1980
262837444080614,98,60,67942,553.572,1980
262837494209171,98,60,67942,584.366,1980
262837544322877,98,60,67942,584.366,1980
262837594432229,97,57,67942,604.463,1980
262837644541149,97,57,67942,604.463,1980
262837694701060,97,57,67942,631.022,1980
262837744845341,97,57,67942,631.022,1980
262837794952909,95,59,67942,624.797,1980
262837845063887,95,59,67942,624.797,1980
262837895183827,95,59,67942,619.865,1980
262837945315104,95,59,67942,619.865,1980
262837995441128,98,59,67942,613.778,1980
262838045546750,98,59,67942,613.778,1980
262838095652710,98,59,67942,614.056,1980
262838145796221,98,59,67942,614.056,1980
262838195968839,98,60,67942,611.953,1980
262838246100112,98,60,67942,611.953,1980
262838296209404,98,60,67942,612.53,1980
262838346349458,98,60,67942,612.53,1980
262838397418810,94,65,67942,589.895,1980
262838448136565,94,65,67942,589.895,1980
262838499176497,94,65,67942,544.2,1980
262838549309972,94,65,67942,544.2,1980
262838600810304,2,2,67942,508.286,1980
262838651012874,2,2,67942,508.286,1980
262838702395620,2,2,67942,486.076,1980
262838752576616,2,2,67942,486.076,1980
262838802760965,73,36,67942,459.132,1980
262838852893782,73,36,67942,459.132,1980
262838903684958,73,36,67942,435.657,1980
262838954300655,73,36,67942,435.657,1980
262839004465803,86,42,67942,414.531,1980
262839054614139,86,42,67942,414.531,1980
262839105037736,86,42,67942,394.037,1980
262839155250914,86,42,67942,394.037,1980
262839205424947,100,49,67942,369.346,1980
262839256009002,100,49,67942,369.346,1980
262839306508862,100,49,67942,338.072,1980
262839357305959,100,49,67942,338.072,1980
262839407478247,100,50,67942,326.519,1980
262839457641896,100,50,67942,326.519,1980
262839507781772,100,50,67942,345.231,1980
262839557945755,100,50,67942,345.231,1980
262839608111489,100,50,67942,360.057,1980
262839658292966,100,50,67942,360.057,1980
262839708435457,100,50,67942,358.354,1980
262839758617471,100,50,67942,358.354,1980
262839808864650,100,51,67942,357.15,1980
262839859263187,100,51,67942,357.15,1980
262839914521464,100,51,67942,353.843,1980
262839964683350,100,51,67942,353.843,1980
262840014806832,66,33,67942,355.008,1980
262840064949836,66,33,67942,355.008,1980
262840115075850,66,33,67942,382.822,1980
262840165181795,66,33,67942,382.822,1980
262840215333972,99,54,67942,416.364,1980
262840265504214,99,54,67942,416.364,1980
262840315676578,99,54,67942,449.684,1980
262840365810831,99,54,67942,449.684,1980
262840415943980,99,55,67942,484.036,1980
262840466110787,99,55,67942,484.036,1980
262840516251279,99,55,67942,507.586,1980
262840567528696,99,55,67942,507.586,1980
262840617687526,98,60,67942,525.717,1980
262840667847889,98,60,67942,525.717,1980
262840717971075,98,60,67942,551.956,1980
262840768083448,98,60,67942,551.956,1980
262840818218483,100,62,67942,571.727,1980
262840868337472,100,62,67942,571.727,1980
262840918445039,100,62,67942,603.297,1980
262840968554930,100,62,67942,603.297,1980
262841018671368,100,59,67942,623.909,1980
262841068773479,100,59,67942,623.909,1980
262841118893417,100,59,67942,617.962,1980
262841169055377,100,59,67942,617.962,1980
262841219216410,97,58,67942,612.68,1980
262841269342004,97,58,67942,612.68,1980
262841319473256,97,58,67942,604.953,1980
262841369599006,97,58,67942,604.953,1980
262841419736029,97,56,67942,601.582,1980
262841469902602,97,56,67942,601.582,1980
262841520035599,97,56,67942,601.92,1980
262841570183236,97,56,67942,601.92,1980
262841620303086,97,55,67942,608.083,1965
262841670453445,97,55,67942,608.083,1965
262841720617877,97,55,67942,606.455,1965
262841770740795,97,55,67942,606.455,1965
262841820853715,95,58,67942,614.831,1965
262841871041193,95,58,67942,614.831,1965
262841921987487,95,58,67942,608.747,1980
262841972766003,95,58,67942,608.747,1980
262842023788469,40,35,67942,566.186,1980
262842074522283,40,35,67942,566.186,1980
262842126327672,40,35,67942,523.198,1980
262842176538378,40,35,67942,523.198,1980
262842227837486,26,12,67942,491.516,1980
262842277966936,26,12,67942,491.516,1980
262842329103674,26,12,67942,465.794,1980
262842380100306,26,12,67942,465.794,1980
262842430267460,74,37,67942,441.76,1980
262842480659985,74,37,67942,418.41,1980
262842530813600,74,37,67942,418.41,1980
262842580939118,83,41,67942,397.689,1980
262842631097124,83,41,67942,397.689,1980
262842682093289,83,41,67942,373.808,1980
262842732707630,83,41,67942,373.808,1980
262842783532480,99,49,67942,354.453,1980
262842833806979,99,49,67942,354.453,1980
262842883998841,99,49,67942,330.827,1980
262842934213757,99,49,67942,330.827,1980
262842984574278,100,50,67942,345.653,1980
262843034788688,100,50,67942,345.653,1980
262843084989108,100,50,67942,364.936,1980
262843135193285,100,50,67942,364.936,1980
262843185608004,100,51,67942,372.214,1980
262843235763669,100,51,67942,372.214,1980
262843285888979,100,51,67942,381.474,1980
262843336022552,100,51,67942,381.474,1980
262843386159357,99,54,67942,414.565,1980
262843436285210,99,54,67942,414.565,1980
262843486401851,99,54,67942,442.119,1980
262843536545884,99,54,67942,442.119,1980
262843586701545,99,53,67942,468.32,1980
262843636876112,99,53,67942,468.32,1980
262843687049616,99,53,67942,489.743,1980
262843737212637,99,53,67942,489.743,1980
262843787360586,98,56,67942,512.642,1980
262843837475726,98,56,67942,512.642,1980
262843887579934,98,56,67942,532.935,1980
262843937684610,98,56,67942,532.935,1980
262843987801769,100,57,67942,553.595,1980
262844038500306,100,57,67942,553.595,1980
262844088660869,100,57,67942,579.813,1980
262844138782692,100,57,67942,579.813,1980
262844188889045,97,54,67942,605.532,1980
262844238992710,97,54,67942,605.532,1980
262844289090496,97,54,67942,622.841,1980
262844339241502,97,54,67942,622.841,1980
262844389363062,95,57,67942,614.982,1980
262844439471158,95,57,67942,614.982,1980
262844489588223,95,57,67942,605.144,1980
262844539701999,95,57,67942,605.144,1980
262844589847050,98,58,67942,595.172,1980
262844639976114,98,58,67942,595.172,1980
262844690048540,98,58,67942,596.386,1980
262844740201076,98,58,67942,596.386,1980
262844790357676,100,57,67942,595.686,1980
262844840477488,100,57,67942,595.686,1980
262844891052830,100,57,67942,593.066,1980
262844941468119,100,57,67942,593.066,1980
262844992450358,83,58,67942,567.371,1980
262845043360724,83,58,67942,567.371,1980
262845094362704,83,58,67942,520.943,1980
262845145192417,83,58,67942,520.943,1980
262845196406544,2,2,67942,483.879,1980
262845246579885,2,2,67942,483.879,1980
262845297956922,2,2,67942,464.957,1980
262845348099330,2,2,67942,464.957,1980
262845398216717,74,36,67942,441.146,1980
262845448398656,74,36,67942,441.146,1980
262845499788497,74,36,67942,418.941,1980
262845549959761,74,36,67942,418.941,1980
262845600100027,90,44,67942,402.904,1980
262845650239256,90,44,67942,402.904,1980
262845700579169,90,44,67942,382.372,1980
262845750767294,90,44,67942,382.372,1980
262845800946618,100,50,67942,363.227,1980
262845851455944,100,50,67942,363.227,1980
262845901937119,100,50,67942,339.761,1980
262845952254922,100,50,67942,339.761,1980
262846002425857,100,50,67942,339.529,1980
262846052624019,100,50,67942,339.529,1980
262846102786883,100,50,67942,358.306,1980
262846152978429,100,50,67942,358.306,1980
262846203134386,100,51,67942,373.406,1980
262846253297223,100,51,67942,373.406,1980
262846303579837,100,51,67942,372.586,1980
262846353746212,100,51,67942,372.586,1980
262846403913102,100,51,67942,371.407,1980
262846454122482,100,51,67942,371.407,1980
262846504275924,100,51,67942,368.366,1980
262846554392671,100,51,67942,368.366,1980
262846604505183,69,36,67942,383.724,1920
262846654621798,69,36,67942,383.724,1920
262846704738309,69,36,67942,416.599,1950
262846754881532,69,36,67942,416.599,1950
262846804998535,99,56,67942,445.148,1965
262846855107596,99,56,67942,445.148,1965
262846905216833,99,56,67942,468.41,1965
262846955360234,99,56,67942,468.41,1965
262847005487490,99,55,67942,498.032,1965
262847055638476,99,55,67942,498.032,1965
262847105801617,99,55,67942,524.14,1980
262847155976903,99,55,67942,524.14,1980
262847206109044,100,60,67942,548.078,1980
262847256255881,100,60,67942,548.078,1980
262847306379748,100,60,67942,573.39,1980
262847356511498,100,60,67942,573.39,1980
262847406638859,100,57,67942,594.817,1980
262847456753252,100,57,67942,594.817,1980
262847506857968,100,57,67942,613.48,1980
262847556998331,100,57,67942,613.48,1980
262847607167623,100,57,67942,624.303,1980
262847657324458,100,57,67942,624.303,1980
262847707446346,100,57,67942,612.761,1980
262847757603387,100,57,67942,612.761,1980
262847807752976,97,56,67942,604.937,1980
262847857876075,97,56,67942,604.937,1980
262847907985854,97,56,67942,592.108,1980
262847958088186,97,56,67942,592.108,1980
262848008211227,97,56,67942,589.302,1980
262848058319067,97,56,67942,589.302,1980
262848108486319,97,56,67942,586.833,1980
262848158620424,97,56,67942,586.833,1980
262848208728614,97,56,67942,585.467,1980
262848258830747,97,56,67942,585.467,1980
262848308933609,97,56,67942,578.068,1980
262848359048527,97,56,67942,578.068,1980
262848409149054,97,56,67942,586.573,1980
262848459250725,97,56,67942,586.573,1980
262848509408739,97,56,67942,582.603,1980
262848560274386,97,56,67942,582.603,1980
262848611086928,82,58,67942,555.939,1980
262848661821485,82,58,67942,555.939,1980
262848712840501,82,58,67942,512.338,1980
262848762991919,82,58,67942,512.338,1980
262848813147950,2,2,67942,480.146,1980
262848864639003,2,2,67942,480.146,1980
262848914816887,2,2,67942,458.87,1980
262848964985848,2,2,67942,458.87,1980
262849015118532,74,36,67942,436.671,1980
262849065278859,74,36,67942,436.671,1980
262849115404308,74,36,67942,415.129,1980
262849165593578,74,36,67942,415.129,1980
262849215714889,83,41,67942,396.63,1980
262849266331830,83,41,67942,396.63,1980
262849316679263,83,41,67942,378.134,1980
262849366812622,83,41,67942,378.134,1980
262849416984984,100,49,67942,354.573,1980
262849467373754,100,49,67942,354.573,1980
262849517665067,100,49,67942,336.351,1980
262849567877269,100,49,67942,336.351,1980
262849617998534,100,50,67942,334.438,1980
262849668178412,100,50,67942,334.438,1980
262849718505982,100,50,67942,353.526,1980
262849768673720,100,50,67942,353.526,1980
262849818805186,100,51,67942,364.635,1980
262849868986266,100,51,67942,364.635,1980
262849919137957,100,51,67942,377.696,1965
262849969287150,100,51,67942,377.696,1965
262850019422401,99,54,67942,411.335,1965
262850069535140,99,54,67942,411.335,1965
262850119636888,99,54,67942,438.996,1965
262850169738778,99,54,67942,438.996,1965
262850219848809,98,53,67942,466.18,1980
262850269988632,98,53,67942,466.18,1980
262850320112687,98,53,67942,485.089,1980
262850370225119,98,53,67942,485.089,1980
262850420340864,97,57,67942,507.844,1980
262850470619450,97,57,67942,507.844,1980
262850520819389,97,57,67942,531.223,1980
262850570955415,97,57,67942,531.223,1980
262850621063626,95,57,67942,554.044,1980
262850671176851,95,57,67942,554.044,1980
262850721305762,95,57,67942,577.86,1980
262850771424510,95,57,67942,577.86,1980
262850821570090,98,58,67942,606.462,1980
262850871717316,98,58,67942,606.462,1980
262850921837797,98,58,67942,618.725,1980
262850971981828,98,58,67942,618.725,1980
262851022139349,97,57,67942,613.6,1980
262851072267528,97,57,67942,613.6,1980
262851122403894,97,57,67942,605.475,1980
262851172572708,97,57,67942,605.475,1980
262851222770183,95,57,67942,602.551,1980
262851272913353,95,57,67942,602.551,1980
262851323027076,95,57,67942,601.7,1980
262851373155745,95,57,67942,601.7,1980
262851424194552,98,59,67942,598.798,1980
262851475217145,98,59,67942,598.798,1980
262851525808992,98,59,67942,561.017,1980
262851576467165,98,59,67942,561.017,1980
262851628228814,2,2,67942,516.913,1980
262851678407985,2,2,67942,516.913,1980
262851729914499,2,2,67942,488.087,1980
262851780063144,2,2,67942,488.087,1980
262851831744145,75,36,67942,465.585,1980
262851882486245,75,36,67942,465.585,1980
262851932674378,75,36,67942,443.129,1980
262851982812599,75,36,67942,443.129,1980
262852033856537,78,39,67942,420.649,1980
262852084039474,78,39,67942,420.649,1980
262852134814538,78,39,67942,398.797,1980
262852185024493,78,39,67942,398.797,1980
262852235170951,91,44,67942,377.487,1980
262852285561534,91,44,67942,359.162,1980
262852336327661,91,44,67942,359.162,1980
262852386554306,100,49,67942,338.589,1980
262852436862812,100,49,67942,338.589,1980
262852487204412,100,49,67942,352.624,1980
262852537634530,100,49,67942,352.624,1980
262852587834160,100,50,67942,368.384,1980
262852638018496,100,50,67942,368.384,1980
262852688128492,100,50,67942,376.836,1980
262852738250163,100,50,67942,376.836,1980
262852788411030,90,46,67942,375.432,1980
262852838586656,90,46,67942,375.432,1980
262852888755059,90,46,67942,408.872,1980
262852938880170,90,46,67942,408.872,1980
262852988986044,99,58,67942,437.817,1980
262853039100599,99,58,67942,437.817,1980
262853089262085,99,58,67942,465.35,1980
262853139901723,99,58,67942,465.35,1980
262853190030592,99,58,67942,490.098,1980
262853240142855,99,58,67942,490.098,1980
262853290297445,99,58,67942,513.4,1980
262853340473609,99,58,67942,513.4,1980
262853390601087,97,55,67942,536.612,1980
262853440710849,97,55,67942,536.612,1980
262853490820269,97,55,67942,555.584,1980
262853540931694,97,55,67942,555.584,1980
262853591105707,96,59,67942,578.788,1980
262853641240231,96,59,67942,578.788,1980
262853691351174,96,59,67942,603.915,1980
262853741456996,96,59,67942,603.915,1980
262853791624705,98,60,67942,629.076,1980
262853841804115,98,60,67942,629.076,1980
262853891936137,98,60,67942,622.104,1980
262853942048411,98,60,67942,622.104,1980
262853992158963,97,57,67942,614.75,1980
262854042274874,97,57,67942,614.75,1980
262854092384237,97,57,67942,605.96,1980
262854142487967,97,57,67942,605.96,1980
262854192590759,97,57,67942,604.149,1980
262854242762974,97,57,67942,604.149,1980
262854292924173,97,57,67942,603.659,1980
262854343048313,97,57,67942,603.659,1980
262854393157162,95,59,67942,603.1,1980
262854443304423,95,59,67942,603.1,1980
262854494084727,95,59,67942,583.183,1980
262854544862511,95,59,67942,583.183,1980
262854595985935,2,2,67942,539.464,1980
262854646102329,2,2,67942,539.464,1980
262854696222036,2,2,67942,504.051,1980
262854747618580,2,2,67942,504.051,1980
262854797940298,57,27,67942,476.421,1980
262854848128718,57,27,67942,476.421,1980
262854899420594,57,27,67942,451.98,1980
262854951026435,57,27,67942,451.98,1980
262855001196328,76,38,67942,427.562,1980
262855051917269,76,38,67942,427.562,1980
262855102066562,76,38,67942,406.847,1980
262855152798696,76,38,67942,406.847,1980
262855203218918,94,46,67942,387.859,1980
262855253354934,94,46,67942,387.859,1980
262855303619229,94,46,67942,358.632,1980
262855354031400,94,46,67942,358.632,1980
262855404144450,100,50,67942,331.785,1980
262855454319045,100,50,67942,331.785,1980
262855504565236,100,50,67942,335.15,1980
262855554707759,100,50,67942,335.15,1980
262855604994914,100,50,67942,349.441,1980
262855655273299,100,50,67942,349.441,1980
262855705442186,100,50,67942,365.903,1980
262855757677419,100,50,67942,365.903,1980
262855807825003,100,50,67942,365.774,1980
262855857949597,100,50,67942,365.774,1980
262855908061754,100,50,67942,363.944,1980
262855958186567,100,50,67942,363.944,1980
262856020752350,100,51,67942,362.798,1980
262856070874870,100,51,67942,362.798,1980
262856120985045,100,51,67942,366.35,1980
262856171098384,100,51,67942,366.35,1980
262856221251549,95,53,67942,399.694,1980
262856271367272,95,53,67942,399.694,1980
262856321470199,95,53,67942,428.764,1980
262856371604502,95,53,67942,428.764,1980
262856421729190,99,55,67942,462.755,1980
262856471881593,99,55,67942,462.755,1980
262856522015135,99,55,67942,492.874,1980
262856572123013,99,55,67942,492.874,1980
262856622275620,89,49,67942,518.661,1980
262856672424088,89,49,67942,518.661,1980
262856722573037,89,49,67942,542.445,1980
262856772737751,89,49,67942,542.445,1980
262856822860507,97,53,67942,570.241,1965
262856872972983,97,53,67942,570.241,1965
262856923054613,97,53,67942,594.643,1965
262856973165548,97,53,67942,594.643,1965
262857023277192,97,55,67942,615.09,1965
262857073436716,97,55,67942,615.09,1965
262857123607494,97,55,67942,636.541,1980
262857173740936,97,55,67942,636.541,1980
262857223852465,95,58,67942,627.555,1980
262857273962968,95,58,67942,627.555,1980
262857324095296,95,58,67942,616.687,1980
262857374270865,95,58,67942,616.687,1980
262857424447515,95,59,67942,611.772,1980
262857474577960,95,59,67942,611.772,1980
262857524687339,95,59,67942,605.331,1980
262857574835381,95,59,67942,605.331,1980
262857628893321,95,58,67942,603.198,1980
262857679026635,95,58,67942,603.198,1980
262857729139796,95,58,67942,600.477,1980
262857779247724,95,58,67942,600.477,1980
262857829430301,95,58,67942,599.912,1980
262857879610470,95,58,67942,599.912,1980
262857929737096,95,58,67942,605.077,1980
262857979847262,95,58,67942,605.077,1980
262858029979210,98,59,67942,600.591,1980
262858080836877,98,59,67942,600.591,1980
262858131861666,98,59,67942,586.876,1980
262858182660444,98,59,67942,586.876,1980
262858233752173,11,11,67942,540.537,1980
262858284391374,11,11,67942,540.537,1980
262858334662682,11,11,67942,504.533,1980
262858386306288,11,11,67942,504.533,1980
262858436458801,51,24,67942,475.633,1980
262858487755322,51,24,67942,475.633,1980
262858537940251,51,24,67942,451.839,1980
262858588136469,51,24,67942,427.192,1980
262858638351163,74,37,67942,427.192,1980
262858689350210,74,37,67942,412.421,1980
262858739861001,74,37,67942,412.421,1980
262858790220681,83,41,67942,382.344,1980
262858840685901,83,41,67942,382.344,1980
262858891819750,83,41,67942,366.843,1980
262858942396381,83,41,67942,366.843,1980
262858993190718,97,46,67942,343.646,1980
262859043431015,97,46,67942,343.646,1980
262859093819296,97,46,67942,337.375,1980
262859143941973,97,46,67942,337.375,1980
262859194117488,100,50,67942,360.706,1980
262859244331058,100,50,67942,360.706,1980
262859294547876,100,50,67942,380.757,1980
262859344681602,100,50,67942,380.757,1980
262859395071228,100,50,67942,381.041,1980
262859445233829,100,50,67942,381.041,1980
262859495531148,100,50,67942,379.272,1980
262859545683104,100,50,67942,379.272,1980
262859595850119,100,51,67942,376.549,1980
262859645980798,100,51,67942,376.549,1980
262859696091991,100,51,67942,369.428,1980
262859746278138,100,51,67942,369.428,1980
262859796421349,72,39,67942,397.684,1980
262859846565002,72,39,67942,397.684,1980
262859896690250,72,39,67942,428.118,1980
262859946796566,72,39,67942,428.118,1980
262859996907486,99,54,67942,454.906,1980
262860047023504,99,54,67942,454.906,1980
262860097137477,99,54,67942,485.943,1980
262860147277558,99,54,67942,485.943,1980
262860197416809,99,54,67942,509.397,1980
262860247539672,99,54,67942,509.397,1980
262860297643431,99,54,67942,530.355,1980
262860347759542,99,54,67942,530.355,1980
262860397910864,97,54,67942,555.698,1980
262860448052745,97,54,67942,555.698,1980
262860498166097,97,54,67942,579.318,1980
262860548269614,97,54,67942,579.318,1980
262860598376880,97,56,67942,607.042,1980
262860648536975,97,56,67942,607.042,1980
262860698703207,97,56,67942,639.76,1980
262860748831448,97,56,67942,639.76,1980
262860798941940,97,56,67942,632.689,1980
262860849109146,97,56,67942,632.689,1980
262860899287282,97,56,67942,623.944,1980
262860949430937,97,56,67942,623.944,1980
262860999582853,97,55,67942,619.332,1980
262861049706895,97,55,67942,619.332,1980
262861101333484,97,55,67942,613.097,1980
262861151512623,97,55,67942,613.097,1980
262861201649079,97,55,67942,610.812,1980
262861251764463,97,55,67942,610.812,1980
262861301871537,97,55,67942,607.91,1980
262861352035070,97,55,67942,607.91,1980
262861402207327,97,55,67942,613.835,1980
262861452339509,97,55,67942,613.835,1980
262861502452152,97,55,67942,610.116,1980
262861552558362,97,55,67942,610.116,1980
262861602725444,95,57,67942,610.899,1980
262861654256781,95,57,67942,610.899,1980
262861704900984,95,57,67942,605.739,1980
262861755552156,95,57,67942,605.739,1980
262861806556644,47,39,67942,565.573,1980
262861857342427,47,39,67942,565.573,1980
262861907506415,47,39,67942,523.063,1980
262861958134683,47,39,67942,523.063,1980
262862008243725,20,9,67942,493.065,1980
262862059656036,20,9,67942,493.065,1980
262862111298374,20,9,67942,470.108,1980
262862162712206,20,9,67942,470.108,1980
262862213537414,75,37,67942,442.905,1980
262862263698763,75,37,67942,442.905,1980
262862315029770,75,37,67942,426.246,1980
262862366461991,75,37,67942,426.246,1980
262862417081200,84,41,67942,400.259,1980
262862467220114,84,41,67942,400.259,1980
262862517453924,84,41,67942,376.427,1980
262862567683367,84,41,67942,376.427,1980
262862618276357,99,49,67942,352.143,1980
262862668444982,99,49,67942,352.143,1980
262862718635154,99,49,67942,338.854,1980
262862768814344,99,49,67942,338.854,1980
262862819057451,100,50,67942,350.193,1980
262862869331339,100,50,67942,350.193,1980
262862919689931,100,50,67942,372.567,1980
262862969929025,100,50,67942,372.567,1980
262863020085877,100,51,67942,375.556,1980
262863070287858,100,51,67942,375.556,1980
262863120451848,100,51,67942,373.64,1980
262863170597472,100,51,67942,373.64,1980
262863220722251,70,36,67942,388.524,1935
262863270847016,70,36,67942,388.524,1935
262863321043144,70,36,67942,418.9,1965
262863371171895,70,36,67942,418.9,1965
262863421280208,99,55,67942,446.156,1965
262863471417185,99,55,67942,446.156,1965
262863526917955,99,55,67942,473.403,1965
262863577077434,99,55,67942,473.403,1965
262863627206093,92,51,67942,492.269,1980
262863677313978,92,51,67942,492.269,1980
262863727461523,92,51,67942,514.926,1980
262863777605860,92,51,67942,514.926,1980
262863827724217,97,54,67942,540.623,1980
262863877843705,97,54,67942,540.623,1980
262863927958246,97,54,67942,561.162,1980
262863978068101,97,54,67942,561.162,1980
262864028224512,95,58,67942,593.337,1980
262864078384042,95,58,67942,593.337,1980
262864128505608,95,58,67942,613.432,1980
262864178612042,95,58,67942,613.432,1980
262864228756101,95,57,67942,623.221,1980
262864278882196,95,57,67942,623.221,1980
262864328988223,95,57,67942,617.277,1980
262864379105170,95,57,67942,617.277,1980
262864429258343,98,60,67942,608.283,1980
262864479415032,98,60,67942,608.283,1980
262864529583888,98,60,67942,607.302,1980
262864579710513,98,60,67942,607.302,1980
262864629818615,100,58,67942,610.747,1980
262864679931823,100,58,67942,610.747,1980
262864730127599,100,58,67942,608.904,1980
262864780277497,100,58,67942,608.904,1980
262864830388855,97,56,67942,609.65,1980
262864880497060,97,56,67942,609.65,1980
262864931223232,97,56,67942,606.357,1980
262864982036182,97,56,67942,606.357,1980
262865032811943,67,51,67942,569.944,1980
262865083652716,67,51,67942,569.944,1980
262865133815983,67,51,67942,525.133,1980
262865184021765,67,51,67942,525.133,1980
262865235923896,3,2,67942,497.363,1980
262865286074646,3,2,67942,497.363,1980
262865336264789,3,2,67942,472.747,1980
262865387620984,3,2,67942,472.747,1980
262865438930839,74,36,67942,449.679,1980
262865489390236,74,36,67942,449.679,1980
262865539961854,74,36,67942,421.332,1980
262865591133220,74,36,67942,421.332,1980
262865641316017,78,39,67942,398.044,1980
262865692373729,78,39,67942,380.706,1980
262865742582952,78,39,67942,380.706,1980
262865792768293,98,48,67942,359.319,1980
262865842937562,98,48,67942,359.319,1980
262865893437749,98,48,67942,338.701,1980
262865943976035,98,48,67942,338.701,1980
262865994220372,100,50,67942,347.365,1980
262866044436357,100,50,67942,347.365,1980
262866094614787,100,50,67942,363.156,1980
262866144782608,100,50,67942,363.156,1980
262866194997623,100,50,67942,374.123,1980
262866245144787,100,50,67942,374.123,1980
262866295271340,100,50,67942,383.471,1980
262866345426481,100,50,67942,383.471,1980
262866395579007,98,58,67942,415.289,1965
262866445696001,98,58,67942,415.289,1965
262866495798296,98,58,67942,443.31,1965
262866545902645,98,58,67942,443.31,1965
262866596040047,99,57,67942,470.833,1965
262866646188244,99,57,67942,470.833,1965
262866696310679,99,57,67942,495.723,1980
262866746419500,99,57,67942,495.723,1980
262866796528048,98,58,67942,515.472,1980
262866846676179,98,58,67942,515.472,1980
262866896837077,98,58,67942,533.266,1980
262866946995337,98,58,67942,533.266,1980
262866997131329,98,57,67942,562.049,1980
262867047277337,98,57,67942,562.049,1980
262867097432765,98,57,67942,584.209,1980
262867147576572,98,57,67942,584.209,1980
262867197694826,97,57,67942,610.261,1980
262867247808821,97,57,67942,610.261,1980
262867297943907,97,57,67942,630.542,1980
262867348082859,97,57,67942,630.542,1980
262867398205353,95,59,67942,623.055,1980
262867448324931,95,59,67942,623.055,1980
262867498457822,95,59,67942,616.407,1980
262867548574273,95,59,67942,616.407,1980
262867598703183,98,59,67942,612.458,1980
262867648819851,98,59,67942,612.458,1980
262867698923675,98,59,67942,610.272,1980
262867749036382,98,59,67942,610.272,1980
262867799188475,97,57,67942,611.0,1980
262867849316222,97,57,67942,611.0,1980
262867901007914,97,57,67942,608.784,1980
262867951915179,97,57,67942,608.784,1980
262868002526578,65,49,67942,576.342,1980
262868053558134,65,49,67942,576.342,1980
262868112278934,65,49,67942,528.698,1980
262868162454229,65,49,67942,528.698,1980
262868214571324,11,5,67942,494.097,1980
262868264779094,11,5,67942,494.097,1980
262868315337731,11,5,67942,473.23,1980
262868366185586,11,5,67942,473.23,1980
262868417675367,75,37,67942,445.486,1980
262868467944309,75,37,67942,445.486,1980
262868519332377,75,37,67942,427.95,1980
262868569514618,75,37,67942,427.95,1980
262868620057672,85,42,67942,399.699,1980
262868670996003,85,42,67942,399.699,1980
262868721582903,85,42,67942,381.486,1980
262868771905876,85,42,67942,381.486,1980
262868822048655,99,49,67942,354.809,1980
262868872197642,99,49,67942,354.809,1980
262868922342133,99,49,67942,334.155,1980
262868972496517,99,49,67942,334.155,1980
262869022682176,100,50,67942,343.149,1980
262869072860539,100,50,67942,343.149,1980
262869138982136,100,50,67942,357.253,1980
262869189180642,100,50,67942,357.253,1980
262869239351159,92,47,67942,367.002,1980
262869289509353,92,47,67942,367.002,1980
262869339632554,92,47,67942,401.09,1980
262869389744206,92,47,67942,401.09,1980
262869439857453,98,53,67942,428.434,1980
262869489988352,98,53,67942,428.434,1980
262869540109965,98,53,67942,460.661,1980
262869590221196,98,53,67942,460.661,1980
262869640369633,90,47,67942,482.89,1980
262869690491179,90,47,67942,482.89,1980
262869740608542,90,47,67942,505.4,1980
262869790730610,90,47,67942,505.4,1980
262869840911461,95,55,67942,527.83,1980
262869891056519,95,55,67942,527.83,1980
262869941235804,95,55,67942,548.453,1980
262869991417890,95,55,67942,548.453,1980
262870041543721,97,55,67942,574.31,1980
262870091695648,97,55,67942,574.31,1980
262870141871595,97,55,67942,600.465,1980
262870192035274,97,55,67942,600.465,1980
262870242195613,95,56,67942,633.258,1980
262870292304265,95,56,67942,633.258,1980
262870342412849,95,56,67942,630.59,1980
262870392562244,95,56,67942,630.59,1980
262870442737251,98,58,67942,626.361,1980
262870492913084,98,58,67942,626.361,1980
262870543090472,98,58,67942,614.883,1980
262870593217823,98,58,67942,614.883,1980
262870643337599,95,56,67942,615.551,1980
262870694409637,95,56,67942,589.963,1980
262870745434861,95,56,67942,589.963,1980
262870796162472,15,15,67942,546.638,1980
262870846666995,15,15,67942,546.638,1980
262870897252139,15,15,67942,508.231,1980
262870947400855,15,15,67942,508.231,1980
262870999221216,48,23,67942,481.792,1980
262871051447134,48,23,67942,481.792,1980
262871101629527,48,23,67942,458.389,1980
262871152400875,48,23,67942,458.389,1980
262871203640691,76,38,67942,433.562,1980
262871253805444,76,38,67942,433.562,1980
262871305164156,76,38,67942,405.437,1980
262871356975464,76,38,67942,405.437,1980
262871407167334,80,40,67942,385.483,1980
262871458316650,80,40,67942,385.483,1980
262871508427100,80,40,67942,363.825,1980
262871559306144,80,40,67942,363.825,1980
262871609707791,94,45,67942,344.284,1980
262871659893417,94,45,67942,344.284,1980
262871710282944,94,45,67942,342.277,1980
262871761048464,94,45,67942,342.277,1980
262871811189865,100,50,67942,358.547,1980
262871861373713,100,50,67942,358.547,1980
262871911530487,100,50,67942,378.597,1980
262871962151270,100,50,67942,378.597,1980
262872012462287,100,51,67942,378.193,1980
262872062606356,100,51,67942,378.193,1980
262872112770014,100,51,67942,375.879,1980
262872162897285,100,51,67942,375.879,1980
262872213050299,100,51,67942,374.216,1980
262872263331383,100,51,67942,374.216,1980
262872313611903,100,51,67942,369.271,1980
262872363748095,100,51,67942,369.271,1980
262872413862686,64,33,67942,383.692,1980
262872463971470,64,33,67942,383.692,1980
262872514076449,64,33,67942,407.625,1980
262872564197597,64,33,67942,407.625,1980
262872614325433,99,55,67942,442.174,1980
262872664488652,99,55,67942,442.174,1980
262872714643556,99,55,67942,470.696,1980
262872764769091,99,55,67942,470.696,1980
262872814885962,99,55,67942,498.51,1980
262872865064590,99,55,67942,498.51,1980
262872915223183,99,55,67942,523.432,1965
262872965351842,99,55,67942,523.432,1965
262873015467908,98,60,67942,550.831,1965
262873065579418,98,60,67942,550.831,1965
262873115694439,98,60,67942,577.779,1965
262873165852443,98,60,67942,577.779,1965
262873215982377,100,59,67942,604.52,1980
262873266090386,100,59,67942,604.52,1980
262873316194933,100,59,67942,632.743,1980
262873366300518,100,59,67942,632.743,1980
262873416447503,97,58,67942,643.025,1980
262873466574377,97,58,67942,643.025,1980
262873516686286,97,58,67942,635.201,1980
262873566838421,97,58,67942,635.201,1980
262873616964277,97,57,67942,631.427,1980
262873667077308,97,57,67942,631.427,1980
262873717190869,97,57,67942,624.219,1980
262873767303679,97,57,67942,624.219,1980
262873817448525,97,56,67942,621.904,1980
262873867578600,97,56,67942,621.904,1980
262873917694517,97,56,67942,619.588,1980
262873967802845,97,56,67942,619.588,1980
262874017907245,95,55,67942,621.176,1980
262874068070813,95,55,67942,621.176,1980
262874118234472,95,55,67942,617.142,1980
262874168393154,95,55,67942,617.142,1980
262874218519464,95,59,67942,619.792,1980
262874271151611,95,59,67942,619.792,1980
262874322087913,95,59,67942,599.856,1980
262874372914001,95,59,67942,599.856,1980
262874423747664,26,27,67942,552.485,1980
262874477307522,26,27,67942,552.485,1980
262874527553691,26,27,67942,513.493,1980
262874577716260,26,27,67942,513.493,1980
262874627848981,35,17,67942,488.314,1980
262874679593142,35,17,67942,488.314,1980
262874729720293,35,17,67942,462.493,1980
262874780290497,35,17,67942,462.493,1980
262874831656129,74,36,67942,434.232,1980
262874882686138,74,36,67942,434.232,1980
262874933807656,74,36,67942,416.306,1980
262874983961017,74,36,67942,416.306,1980
262875034658547,76,38,67942,385.869,1980
262875085742843,76,38,67942,385.869,1980
262875136454935,76,38,67942,364.98,1980
262875187158234,76,38,67942,364.98,1980
262875237359476,98,48,67942,347.548,1980
262875287965092,98,48,67942,347.548,1980
262875338186258,98,48,67942,334.035,1980
262875388398738,98,48,67942,334.035,1980
262875438589206,100,51,67942,353.306,1980
262875488789471,100,51,67942,353.306,1980
262875538951059,100,51,67942,372.704,1980
262875589138173,100,51,67942,372.704,1980
262875639593348,100,50,67942,372.38,1980
262875689810572,100,50,67942,372.38,1980
262875739984703,100,50,67942,369.947,1980
262875790157464,100,50,67942,369.947,1980
262875840341937,100,50,67942,366.885,1980
262875890508010,100,50,67942,366.885,1980
262875940677981,100,50,67942,376.682,1980
262875990812787,100,50,67942,376.682,1980
262876040959554,89,49,67942,411.138,1965
262876091086757,89,49,67942,411.138,1965
262876141199621,89,49,67942,437.78,1965
262876191363651,89,49,67942,437.78,1965
262876241513909,98,54,67942,465.67,1965
262876291634664,98,54,67942,465.67,1965
262876341790314,98,54,67942,491.391,1965
262876391919864,98,54,67942,491.391,1965
262876442076117,89,49,67942,519.09,1980
262876492244078,89,49,67942,519.09,1980
262876542372042,89,49,67942,539.746,1980
262876592483762,89,49,67942,539.746,1980
262876642595629,95,58,67942,568.602,1980
262876692717010,95,58,67942,568.602,1980
262876742828095,95,58,67942,596.771,1980
262876792961349,95,58,67942,596.771,1980
262876843073387,98,59,67942,619.315,1980
262876893214908,98,59,67942,619.315,1980
262876943375202,98,59,67942,634.301,1980
262876993516919,98,59,67942,634.301,1980
262877043629563,98,61,67942,624.196,1980
262877093733543,98,61,67942,624.196,1980
262877143850564,98,61,67942,618.321,1980
262877193983401,98,61,67942,618.321,1980
262877244090486,100,62,67942,613.776,1980
262877294214491,100,62,67942,613.776,1980
262877344363818,100,62,67942,605.874,1980
262877394501723,100,62,67942,605.874,1980
262877444645830,97,58,67942,605.426,1980
262877494762414,97,58,67942,605.426,1980
262877544872474,97,58,67942,603.998,1980
262877595044543,97,58,67942,603.998,1980
262877645209584,97,56,67942,608.249,1980
262877695363341,97,56,67942,608.249,1980
262877746182156,97,56,67942,603.103,1980
262877797108226,97,56,67942,603.103,1980
262877847976520,66,50,67942,565.458,1980
262877899473230,66,50,67942,519.375,1980
262877949665445,66,50,67942,519.375,1980
262878001113836,9,5,67942,490.079,1980
262878051264009,9,5,67942,490.079,1980
262878102755851,9,5,67942,465.536,1980
262878152961992,9,5,67942,465.536,1980
262878203466087,75,37,67942,445.621,1980
262878254092796,75,37,67942,445.621,1980
262878304273404,75,37,67942,422.709,1980
262878354464346,75,37,67942,422.709,1980
262878405201062,79,39,67942,403.225,1980
262878455381796,79,39,67942,403.225,1980
262878505549992,79,39,67942,381.882,1980
262878556335951,79,39,67942,381.882,1980
262878606463408,99,48,67942,356.349,1980
262878656589774,99,48,67942,356.349,1980
262878706702852,99,48,67942,330.367,1980
262878756949440,99,48,67942,330.367,1980
262878807121364,100,50,67942,342.402,1980
262878857282364,100,50,67942,342.402,1980
262878907420636,100,50,67942,360.433,1980
262878957657729,100,50,67942,360.433,1980
262879008773409,100,51,67942,368.728,1980
262879058947055,100,51,67942,368.728,1980
262879109092774,100,51,67942,388.204,1980
262879159253842,100,51,67942,388.204,1980
262879209417778,99,53,67942,421.41,1980
262879259586695,99,53,67942,421.41,1980
262879309744820,99,53,67942,448.172,1980
262879359877283,99,53,67942,448.172,1980
262879409999412,99,53,67942,472.06,1980
262879460167956,99,53,67942,472.06,1980
262879510352486,99,53,67942,493.165,1980
262879560560148,99,53,67942,493.165,1980
262879610757825,98,55,67942,517.999,1980
262879660898239,98,55,67942,517.999,1980
262879711071091,98,55,67942,535.946,1980
262879761216596,98,55,67942,535.946,1980
262879811331980,97,54,67942,565.978,1980
262879861454347,97,54,67942,565.978,1980
262879911564911,97,54,67942,585.915,1980
262879961730957,97,54,67942,585.915,1980
262880011914961,95,56,67942,609.348,1980
262880062072659,95,56,67942,609.348,1980
262880112191958,95,56,67942,621.109,1980
262880162304088,95,56,67942,621.109,1980
262880212462394,98,57,67942,608.491,1980
262880262593789,98,57,67942,608.491,1980
262880312707890,98,57,67942,602.404,1980
262880362819649,98,57,67942,602.404,1980
262880412927877,97,56,67942,599.71,1980
262880463044586,97,56,67942,599.71,1980
262880513197497,97,56,67942,597.28,1980
262880563330542,97,56,67942,597.28,1980
262880613442780,97,54,67942,601.857,1980
262880663653056,97,54,67942,601.857,1980
262880714679638,97,54,67942,585.933,1980
262880765497671,97,54,67942,585.933,1980
262880816245207,31,30,67942,542.766,1980
262880866650577,31,30,67942,542.766,1980
262880917173759,31,30,67942,502.455,1980
262880967383333,31,30,67942,502.455,1980
262881019044686,34,16,67942,478.735,1980
262881069205411,34,16,67942,478.735,1980
262881120615508,34,16,67942,455.064,1980
262881172174761,34,16,67942,455.064,1980
262881223683061,73,36,67942,439.256,1980
262881274777598,73,36,67942,439.256,1980
262881326279592,73,36,67942,412.262,1980
262881376505329,73,36,67942,412.262,1980
262881427218633,77,39,67942,393.417,1980
262881477384683,77,39,67942,393.417,1980
262881527958475,77,39,67942,373.115,1980
262881578599893,77,39,67942,373.115,1980
262881629497309,92,44,67942,350.037,1980
262881680318063,92,44,67942,350.037,1980
262881730479890,92,44,67942,340.872,1980
262881780617678,92,44,67942,340.872,1980
262881830832296,100,50,67942,362.971,1980
262881881058119,100,50,67942,362.971,1980
262881931281802,100,50,67942,380.445,1980
262881981617224,100,50,67942,380.445,1980
262882032053351,100,51,67942,383.498,1980
262882082284199,100,51,67942,383.498,1980
262882132460631,100,51,67942,383.055,1980
262882182780219,100,51,67942,383.055,1980
262882232937539,100,50,67942,380.624,1980
262882283103609,100,50,67942,380.624,1980
262882344498245,100,50,67942,377.253,1980
262882394681974,100,50,67942,377.253,1980
262882444819395,98,50,67942,379.451,1980
262882494938386,98,50,67942,379.451,1980
262882545051265,98,50,67942,411.052,1950
262882595173525,98,50,67942,411.052,1950
262882645315968,99,55,67942,437.808,1965
262882695438852,99,55,67942,437.808,1965
262882745542799,99,55,67942,463.546,1965
262882795647719,99,55,67942,463.546,1965
262882845844242,99,55,67942,491.237,1965
262882896027012,99,55,67942,491.237,1965
262882946153239,99,55,67942,516.412,1980
262882996264337,99,55,67942,516.412,1980
262883046381084,88,53,67942,539.791,1965
262883096486987,88,53,67942,539.791,1965
262883146627224,88,53,67942,564.381,1965
262883196744526,88,53,67942,564.381,1965
262883246854041,98,59,67942,588.966,1965
262883296960226,98,59,67942,588.966,1965
262883347115295,98,59,67942,612.206,1980
262883397244638,98,59,67942,612.206,1980
262883447353539,98,60,67942,639.646,1980
262883497457552,98,60,67942,639.646,1980
262883547606962,98,60,67942,633.784,1980
262883597758281,98,60,67942,633.784,1980
262883647878397,98,60,67942,629.854,1980
262883697984013,98,60,67942,629.854,1980
262883748108105,98,60,67942,623.133,1980
262883798265319,98,60,67942,623.133,1980
262883848391203,98,60,67942,616.526,1980
262883898499533,98,60,67942,616.526,1980
262883948603332,98,60,67942,614.525,1980
262883998760199,98,60,67942,614.525,1980
262884048917069,98,60,67942,613.925,1980
262884099041307,98,60,67942,613.925,1980
262884149143628,98,60,67942,617.985,1950
262884199261053,98,60,67942,617.985,1950
262884249373138,98,60,67942,615.864,1965
262884299477998,98,60,67942,615.864,1965
262884349578938,98,60,67942,617.642,1965
262884399679814,98,60,67942,617.642,1965
262884450306038,98,60,67942,615.163,1980
262884501860449,98,60,67942,574.729,1980
262884552786119,98,60,67942,574.729,1980
262884603815785,2,2,67942,530.514,1980
262884653942049,2,2,67942,530.514,1980
262884705336049,2,2,67942,499.458,1980
262884755550380,2,2,67942,499.458,1980
262884807446984,73,35,67942,478.551,1980
262884857658012,73,35,67942,478.551,1980
262884909363549,73,35,67942,453.482,1980
262884960772176,73,35,67942,453.482,1980
262885011902560,74,37,67942,431.154,1980
262885062986746,74,37,67942,431.154,1980
262885113127850,74,37,67942,405.825,1980
262885164195053,74,37,67942,405.825,1980
262885214363884,79,40,67942,383.335,1980
262885264889982,79,40,67942,383.335,1980
262885315021040,79,40,67942,360.126,1980
262885365153190,79,40,67942,360.126,1980
262885415608376,98,48,67942,339.19,1980
262885465940675,98,48,67942,339.19,1980
262885516310575,98,48,67942,344.056,1980
262885566503106,98,48,67942,344.056,1980
262885616811193,93,47,67942,362.23,1980
262885666966882,93,47,67942,362.23,1980
262885723940619,93,47,67942,370.478,1980
262885774109314,93,47,67942,370.478,1980
262885824242849,99,50,67942,375.425,1980
262885874350972,99,50,67942,375.425,1980
262885924491693,99,50,67942,408.089,1980
262885974616069,99,50,67942,408.089,1980
262886024773437,99,53,67942,436.268,1980
262886074906443,99,53,67942,436.268,1980
262886125052439,99,53,67942,464.489,1980
262886175226976,99,53,67942,464.489,1980
262886225365053,96,51,67942,485.307,1980
262886275476909,96,51,67942,485.307,1980
262886325588659,96,51,67942,505.764,1980
262886375704722,96,51,67942,505.764,1980
262886425843846,97,52,67942,527.658,1980
262886475963870,97,52,67942,527.658,1980
262886526068352,97,52,67942,549.305,1980
262886576173826,97,52,67942,549.305,1980
262886626308640,95,56,67942,572.826,1980
262886676430908,95,56,67942,572.826,1980
262886726533256,95,56,67942,599.984,1980
262886776636854,95,56,67942,599.984,1980
262886826743137,98,58,67942,618.748,1980
262886876896608,98,58,67942,618.748,1980
262886927064569,98,58,67942,610.718,1980
262886977192103,98,58,67942,610.718,1980
262887027299786,97,55,67942,605.865,1980
262887077477377,97,55,67942,605.865,1980
262887127651363,97,55,67942,598.978,1980
262887177812947,97,55,67942,598.978,1980
262887227982086,95,56,67942,598.155,1980
262887278127827,95,56,67942,598.155,1980
262887328279831,95,56,67942,598.204,1980
262887378403780,95,56,67942,598.204,1980
262887428904127,98,57,67942,593.041,1980
262887479659818,98,57,67942,593.041,1980
262887530736569,98,57,67942,555.27,1980
262887585478882,98,57,67942,555.27,1980
262887638739339,3,2,67942,514.508,1980
262887688913763,3,2,67942,514.508,1980
262887740400903,3,2,67942,484.337,1980
262887790979123,3,2,67942,484.337,1980
262887841953040,72,35,67942,459.881,1980
262887892114305,72,35,67942,459.881,1980
262887943601481,72,35,67942,435.786,1980
262887995017088,72,35,67942,435.786,1980
262888045875427,74,37,67942,415.259,1980
262888096874532,74,37,67942,415.259,1980
262888147492621,74,37,67942,391.391,1980
262888197651477,74,37,67942,391.391,1980
262888247763705,77,39,67942,376.049,1980
262888298424551,77,39,67942,376.049,1980
262888348557886,77,39,67942,355.406,1980
262888398706157,77,39,67942,355.406,1980
262888449551693,87,44,67942,335.107,1980
262888499732333,87,44,67942,335.107,1980
262888549902729,87,44,67942,351.301,1980
262888600036387,87,44,67942,351.301,1980
262888650220116,100,50,67942,376.116,1980
262888700785626,100,50,67942,376.116,1980
262888751024014,100,50,67942,383.673,1980
262888801148369,100,50,67942,383.673,1980
262888851282554,100,51,67942,384.545,1980
262888901420451,100,51,67942,384.545,1980
262888951599806,100,51,67942,382.83,1980
262889001738694,100,51,67942,382.83,1980
262889051858653,100,50,67942,380.296,1980
262889109238352,100,50,67942,374.188,1980
262889159413564,100,50,67942,374.188,1980
262889209548709,55,28,67942,388.36,1980
262889259677211,55,28,67942,388.36,1980
262889309800268,55,28,67942,417.528,1980
262889359937567,55,28,67942,417.528,1980
262889410109969,99,55,67942,444.11,1950
262889460264369,99,55,67942,444.11,1950
262889510394462,99,55,67942,473.034,1965
262889560549283,99,55,67942,473.034,1965
262889610734950,99,55,67942,502.465,1965
262889660903101,99,55,67942,502.465,1965
262889711065679,99,55,67942,523.805,1980
262889761189393,99,55,67942,523.805,1980
262889811343587,98,59,67942,542.084,1980
262889861505427,98,59,67942,542.084,1980
262889911645498,98,59,67942,573.522,1980
262889961794319,98,59,67942,573.522,1980
262890011910448,98,61,67942,595.803,1980
262890062069938,98,61,67942,595.803,1980
262890112213433,98,61,67942,625.738,1980
262890162363365,98,61,67942,625.738,1980
262890212530343,98,61,67942,631.316,1980
262890262660406,98,61,67942,631.316,1980
262890312817301,98,61,67942,631.639,1965
262890362984746,98,61,67942,631.639,1965
262890413128477,98,61,67942,623.439,1965
262890463247088,98,61,67942,623.439,1965
262890513366450,98,61,67942,617.762,1965
262890563550749,98,61,67942,617.762,1965
262890613772390,98,61,67942,606.767,1980
262890663928208,98,61,67942,606.767,1980
262890714050889,98,61,67942,608.274,1980
262890764359301,98,61,67942,608.274,1980
262890814541494,98,60,67942,611.377,1980
262890864762473,98,60,67942,611.377,1980
262890914921891,98,60,67942,608.153,1980
262890965053610,98,60,67942,608.153,1980
262891015244516,100,60,67942,609.071,1980
262891065397348,100,60,67942,609.071,1980
262891115519981,100,60,67942,610.846,1965
262891165642582,100,60,67942,610.846,1965
262891216595475,100,57,67942,604.107,1965
262891267317773,100,57,67942,604.107,1965
262891318381270,100,57,67942,556.516,1965
262891369190297,100,57,67942,556.516,1965
262891419911652,2,2,67942,513.937,1980
262891470580911,2,2,67942,513.937,1980
262891522177206,2,2,67942,485.497,1980
262891572418837,2,2,67942,485.497,1980
262891624090204,74,36,67942,464.357,1980
262891675690994,74,36,67942,464.357,1980
262891726608650,74,36,67942,436.03,1980
262891776880959,74,36,67942,436.03,1980
262891827668080,75,38,67942,417.892,1980
262891879990835,75,38,67942,417.892,1980
262891930281144,75,38,67942,395.572,1980
262891981374907,75,38,67942,395.572,1980
262892031644193,87,43,67942,370.86,1980
262892081921182,87,43,67942,370.86,1980
262892219234576,87,43,67942,326.902,1980
262892269391444,100,50,67942,326.902,1980
262892319528576,100,50,67942,342.503,1980
262892369660347,100,50,67942,342.503,1980
262892419815555,100,50,67942,360.447,1980
262892469996638,100,50,67942,360.447,1980
262892520173058,100,50,67942,364.753,1980
262892570369504,100,50,67942,364.753,1980
262892620484625,100,51,67942,363.666,1980
262892670642808,100,51,67942,363.666,1980
262892733094787,100,51,67942,360.994,1980
262892783207832,100,51,67942,360.994,1980
262892833315053,92,47,67942,370.067,1980
262892883420932,92,47,67942,370.067,1980
262892933570598,92,47,67942,402.406,1965
262892983717030,92,47,67942,402.406,1965
262893033836399,99,55,67942,430.663,1965
262893083952195,99,55,67942,430.663,1965
262893134084902,99,55,67942,459.984,1965
262893184260325,99,55,67942,459.984,1965
262893234423661,99,55,67942,489.246,1950
262893284577747,99,55,67942,489.246,1950
262893334714111,99,55,67942,516.198,1965
262893384856277,99,55,67942,516.198,1965
262893435023895,98,59,67942,538.986,1965
262893485148913,98,59,67942,538.986,1965
262893535269809,98,59,67942,569.872,1980
262893585414600,98,59,67942,569.872,1980
262893635544917,100,58,67942,591.016,1980
262893685688604,100,58,67942,591.016,1980
262893735824004,100,58,67942,622.063,1980
262893785927991,100,58,67942,622.063,1980
262893836045871,97,57,67942,635.054,1980
262893886221944,97,57,67942,635.054,1980
262893936394219,97,57,67942,624.112,1980
262893986529910,97,57,67942,624.112,1980
262894036645875,97,56,67942,617.694,1980
262894086798431,97,56,67942,617.694,1980
262894136968443,97,56,67942,610.788,1980
262894187086204,97,56,67942,610.788,1980
262894237187187,95,58,67942,604.749,1980
262894287290148,95,58,67942,604.749,1980
262894337448526,95,58,67942,606.436,1980
262894387572056,95,58,67942,606.436,1980
262894437686258,95,59,67942,607.081,1980
262894487796649,95,59,67942,607.081,1980
262894537925796,95,59,67942,608.444,1980
262894588134931,95,59,67942,608.444,1980
262894639761111,98,60,67942,607.394,1980
262894690732704,98,60,67942,607.394,1980
262894741353623,98,60,67942,573.798,1980
262894792119665,98,60,67942,573.798,1980
262894844959112,2,2,67942,532.042,1980
262894895103868,2,2,67942,532.042,1980
262894946370811,2,2,67942,495.615,1980
262894997234701,2,2,67942,495.615,1980
262895048852243,54,25,67942,473.809,1980
262895099043322,54,25,67942,473.809,1980
262895149560708,54,25,67942,451.68,1980
262895199680705,54,25,67942,451.68,1980
262895251039270,75,37,67942,428.518,1980
262895302125284,75,37,67942,428.518,1980
262895352232187,75,37,67942,407.544,1980
262895402407360,75,37,67942,407.544,1980
262895453319009,84,41,67942,378.003,1980
262895503428171,84,41,67942,378.003,1980
262895553836129,84,41,67942,358.623,1980
262895603995229,84,41,67942,358.623,1980
262895654150637,99,49,67942,331.529,1980
262895704324011,99,49,67942,331.529,1980
262895754663071,99,49,67942,340.665,1980
262895804888029,99,49,67942,340.665,1980
262895854994422,100,51,67942,368.644,1980
262895905123793,100,51,67942,368.644,1980
262895955834916,100,51,67942,379.921,1980
262896005984193,100,51,67942,379.921,1980
262896056192835,100,50,67942,379.109,1980
262896106425771,100,50,67942,379.109,1980
262896156576753,100,50,67942,377.117,1980
262896206727546,100,50,67942,373.095,1980
262896272522643,100,51,67942,373.095,1980
262896322691161,100,51,67942,367.188,1980
262896372813278,100,51,67942,367.188,1980
262896422918863,64,36,67942,399.267,1950
262896473028597,64,36,67942,399.267,1950
262896523138556,64,36,67942,428.726,1935
262896573766301,64,36,67942,428.726,1935
262896623871811,99,58,67942,456.906,1905
262896673973410,99,58,67942,456.906,1905
262896724075284,99,58,67942,487.71,1965
262896774197334,99,58,67942,487.71,1965
262896824307103,99,59,67942,511.248,1965
262896874455754,99,59,67942,511.248,1965
262896924576432,99,59,67942,530.228,1965
262896974718030,99,59,67942,530.228,1965
262897024858249,100,57,67942,557.614,1980
262897074976635,100,57,67942,557.614,1980
262897125089861,100,57,67942,573.995,1980
262897175204278,100,57,67942,573.995,1980
262897225313249,100,57,67942,598.517,1980
262897275459190,100,57,67942,598.517,1980
262897325583484,100,57,67942,630.983,1980
262897375689574,100,57,67942,630.983,1980
262897425796201,100,57,67942,626.199,1980
262897475904770,100,57,67942,626.199,1980
262897526015671,100,57,67942,617.587,1980
262897576120075,100,57,67942,617.587,1980
262897626224196,99,58,67942,610.158,1980
262897676330352,99,58,67942,610.158,1980
262897726443753,99,58,67942,597.761,1980
262897776551945,99,58,67942,597.761,1980
262897826650951,97,56,67942,594.95,1980
262897876770565,97,56,67942,594.95,1980
262897926882970,97,56,67942,595.439,1980
262897976992161,97,56,67942,595.439,1980
262898027149002,97,57,67942,603.493,1980
262898077275455,97,57,67942,603.493,1980
262898127380515,97,57,67942,602.466,1980
262898177496185,97,57,67942,602.466,1980
262898227593810,97,56,67942,603.153,1980
262898277693058,97,56,67942,603.153,1980
262898327801211,97,56,67942,602.298,1980
262898378689122,97,56,67942,602.298,1980
262898429505235,94,65,67942,570.112,1980
262898480151338,94,65,67942,570.112,1980
262898530864586,94,65,67942,522.671,1980
262898582571661,94,65,67942,522.671,1980
262898632723734,2,2,67942,490.317,1980
262898682865646,2,2,67942,490.317,1980
262898733828552,2,2,67942,468.155,1980
262898785061682,2,2,67942,468.155,1980
262898836070212,74,36,67942,445.912,1980
262898886187007,74,36,67942,445.912,1980
262898936310916,74,36,67942,424.347,1980
262898987395873,74,36,67942,424.347,1980
262899038677046,81,40,67942,394.398,1980
262899089828556,81,40,67942,394.398,1980
262899139944367,81,40,67942,380.596,1980
262899190314882,81,40,67942,380.596,1980
262899240535739,97,48,67942,361.303,1980
262899290777633,97,48,67942,361.303,1980
262899340939443,97,48,67942,335.714,1980
262899391161953,97,48,67942,335.714,1980
262899441325399,100,50,67942,335.485,1980
262899491508391,100,50,67942,335.485,1980
262899541705659,100,50,67942,353.821,1980
262899592021015,100,50,67942,353.821,1980
262899642193082,100,51,67942,365.379,1980
262899692329048,100,51,67942,365.379,1980
262899742440988,100,51,67942,382.529,1980
262899792557740,100,51,67942,382.529,1980
262899842661938,98,54,67942,414.692,1980
262899892762762,98,54,67942,414.692,1980
262899942904605,98,54,67942,441.112,1980
262899993029222,98,54,67942,441.112,1980
262900043134267,99,53,67942,469.268,1980
262900093240203,99,53,67942,469.268,1980
262900143344546,99,53,67942,489.604,1980
262900193460680,99,53,67942,489.604,1980
262900243565520,98,55,67942,507.093,1980
262900293664996,98,55,67942,507.093,1980
262900343775961,98,55,67942,534.343,1980
262900393876640,98,55,67942,534.343,1980
262900443975812,98,57,67942,558.028,1980
262900494077674,98,57,67942,558.028,1980
262900544181597,98,57,67942,573.606,1980
262900594282010,98,57,67942,573.606,1980
262900644504386,97,54,67942,604.922,1980
262900694605410,97,54,67942,604.922,1980
262900744707506,97,54,67942,614.444,1980
262900794807597,97,54,67942,614.444,1980
262900844907671,95,56,67942,602.195,1980
262900895008749,95,56,67942,602.195,1980
262900945112408,95,56,67942,595.67,1980
262900995219981,95,56,67942,595.67,1980
262901045348130,98,58,67942,587.595,1980
262901095461153,98,58,67942,587.595,1980
262901145561862,98,58,67942,590.17,1980
262901195661243,98,58,67942,590.17,1980
262901245766994,97,55,67942,593.134,1980
262901295870947,97,55,67942,593.134,1980
262901346840701,97,55,67942,588.579,1980
262901397676768,97,55,67942,588.579,1980
262901448653096,70,51,67942,550.05,1980
262901499715847,70,51,67942,550.05,1980
262901549855696,70,51,67942,512.102,1980
262901601357349,70,51,67942,512.102,1980
262901651517478,6,3,67942,484.362,1980
262901701688396,6,3,67942,484.362,1980
262901752288045,6,3,67942,458.464,1980
262901802829089,6,3,67942,458.464,1980
262901853080143,73,36,67942,437.239,1980
262901903269942,73,36,67942,437.239,1980
262901953803684,73,36,67942,416.209,1980
262902003918073,73,36,67942,416.209,1980
262902054096245,80,39,67942,394.286,1980
262902104256188,80,39,67942,394.286,1980
262902154378889,80,39,67942,371.233,1980
262902204549732,80,39,67942,371.233,1980
262902254772678,94,46,67942,350.074,1980
262902304962462,94,46,67942,350.074,1980
262902355062190,94,46,67942,332.427,1980
262902405253756,94,46,67942,332.427,1980
262902455418218,100,50,67942,347.041,1980
262902505582790,100,50,67942,347.041,1980
262902555743186,100,50,67942,366.804,1980
262902605916053,100,50,67942,366.804,1980
262902656068882,100,51,67942,373.421,1980
262902706234669,100,51,67942,373.421,1980
262902756411715,100,51,67942,371.687,1980
262902806589247,100,51,67942,371.687,1980
262902856772263,100,51,67942,369.576,1980
262902907028498,100,51,67942,369.576,1980
262902957195551,100,51,67942,366.199,1980
262903007340020,100,51,67942,366.199,1980
262903057464830,85,44,67942,376.011,1980
262903107598901,85,44,67942,376.011,1980
262903157719020,85,44,67942,405.269,1980
262903207833130,85,44,67942,405.269,1980
262903257936029,98,55,67942,433.807,1980
262903308085522,98,55,67942,433.807,1980
262903358246610,98,55,67942,463.524,1980
262903408407554,98,55,67942,463.524,1980
262903458543589,99,54,67942,489.413,1980
262903508657006,99,54,67942,489.413,1980
262903558825593,99,54,67942,513.611,1980
262903608972849,99,54,67942,513.611,1980
262903659116355,98,59,67942,534.026,1980
262903709231438,98,59,67942,534.026,1980
262903759342314,98,59,67942,566.79,1980
262903809454295,98,59,67942,566.79,1980
262903859571380,98,60,67942,584.311,1980
262903909710031,98,60,67942,584.311,1980
262903959825840,98,60,67942,617.788,1980
262904009928231,98,60,67942,617.788,1980
262904060050424,98,61,67942,630.145,1980
262904110201385,98,61,67942,630.145,1980
262904160321743,98,61,67942,625.164,1980
262904210427613,98,61,67942,613.573,1980
262904260529281,98,60,67942,613.573,1980
262904310634562,98,60,67942,609.544,1980
262904360751394,98,60,67942,609.544,1980
262904410892007,98,60,67942,599.597,1980
262904461089333,100,57,67942,599.597,1980
262904511225195,100,57,67942,603.945,1980
262904561340328,100,57,67942,603.945,1980
262904611454867,100,57,67942,603.224,1980
262904661564279,100,56,67942,603.224,1980
262904711672891,100,56,67942,596.014,1980
262904761799605,100,56,67942,596.014,1980
262904811914959,100,57,67942,599.889,1980
262904862025730,100,57,67942,599.889,1980
262904912135776,100,57,67942,597.947,1980
262904964070403,100,57,67942,597.947,1980
262905014880641,98,59,67942,576.817,1980
262905065617019,98,59,67942,576.817,1980
262905116437113,98,59,67942,530.044,1980
262905166884372,98,59,67942,530.044,1980
262905218399621,2,2,67942,499.637,1980
262905269109984,2,2,67942,499.637,1980
262905319269337,2,2,67942,469.759,1980
262905370779929,2,2,67942,469.759,1980
262905420933202,74,36,67942,449.699,1980
262905472764391,74,36,67942,449.699,1980
262905523943081,74,36,67942,424.649,1980
262905574479367,74,36,67942,424.649,1980
262905624654098,75,38,67942,402.794,1980
262905675378146,75,38,67942,402.794,1980
262905726118408,75,38,67942,385.032,1980
262905776405331,75,38,67942,385.032,1980
262905826528596,86,42,67942,369.743,1980
262905876640924,86,42,67942,369.743,1980
262905926875656,86,42,67942,347.292,1980
262905977094446,86,42,67942,347.292,1980
262906027232056,100,50,67942,340.918,1980
262906077362753,100,50,67942,340.918,1980
262906127578641,100,50,67942,363.609,1980
262906177816990,100,50,67942,363.609,1980
262906231231419,100,50,67942,373.507,1980
262906281369150,100,50,67942,373.507,1980
262906331480575,100,50,67942,381.131,1980
262906381599962,100,50,67942,381.131,1980
262906431712490,81,44,67942,407.81,1980
262906481824709,81,44,67942,407.81,1980
262906531948681,81,44,67942,434.571,1980
262906582057447,81,44,67942,434.571,1980
262906632179154,99,54,67942,461.8,1980
262906682294334,99,54,67942,461.8,1980
262906732400786,99,54,67942,481.41,1980
262906782501452,99,54,67942,481.41,1980
262906832603704,98,57,67942,500.974,1980
262906882706117,98,57,67942,500.974,1980
262906932876275,98,57,67942,524.689,1980
262906983046727,98,57,67942,524.689,1980
262907033178446,97,57,67942,546.922,1980
262907083296283,97,57,67942,546.922,1980
262907133412650,97,57,67942,564.294,1980
262907183519813,97,57,67942,564.294,1980
262907233633264,96,58,67942,592.415,1980
262907283742376,96,58,67942,592.415,1980
262907333846101,96,58,67942,611.156,1980
262907383960304,96,58,67942,611.156,1980
262907434083869,98,60,67942,609.301,1980
262907484236903,98,60,67942,609.301,1980
262907534393047,98,60,67942,603.036,1980
262907584516118,98,60,67942,603.036,1980
262907634620232,97,56,67942,599.634,1980
262907684739722,97,56,67942,599.634,1980
262907734852302,97,56,67942,601.568,1980
262907785011599,97,56,67942,601.568,1980
262907836083169,97,58,67942,602.626,1980
262907886883686,97,58,67942,602.626,1980
262907937458553,97,58,67942,561.846,1980
262907988523326,97,58,67942,561.846,1980
262908038695012,2,2,67942,516.775,1980
262908090513220,2,2,67942,516.775,1980
262908140627454,2,2,67942,488.993,1980
262908192034313,2,2,67942,488.993,1980
262908242219011,72,34,67942,467.6,1980
262908293798121,72,34,67942,467.6,1980
262908343937056,72,34,67942,445.302,1980
262908395100609,72,34,67942,445.302,1980
262908446102999,75,37,67942,422.504,1980
262908496271799,75,37,67942,422.504,1980
262908546379764,75,37,67942,400.096,1980
262908596746192,75,37,67942,400.096,1980
262908646899547,80,39,67942,373.645,1980
262908697050748,80,39,67942,373.645,1980
262908747156350,80,39,67942,351.727,1980
262908797562920,80,39,67942,351.727,1980
262908847885474,100,49,67942,331.749,1980
262908898126696,100,49,67942,331.749,1980
262908948284426,100,49,67942,343.986,1980
262908998411009,100,49,67942,343.986,1980
262909048581781,100,50,67942,362.034,1980
262909098693023,100,50,67942,362.034,1980
262909148828388,100,50,67942,371.401,1980
262909199073566,100,50,67942,371.401,1980
262909249205745,100,50,67942,370.051,1980
262909299341292,100,50,67942,370.051,1980
262909349489785,100,50,67942,368.281,1980
262909399729143,100,50,67942,368.281,1980
262909450126635,100,51,67942,366.175,1980
262909500259317,100,51,67942,366.175,1980
262909550366677,100,51,67942,370.55,1980
262909600474464,100,51,67942,370.55,1980
262909650586177,76,43,67942,401.977,1980
262909700694127,76,43,67942,401.977,1980
262909750793929,76,43,67942,430.554,1980
262909800895189,76,43,67942,430.554,1980
262909850996418,99,55,67942,461.438,1980
262909901105978,99,55,67942,461.438,1980
262909951236935,99,55,67942,492.295,1980
262910001348690,99,55,67942,492.295,1980
262910051452693,99,55,67942,520.997,1980
262910101552101,99,55,67942,520.997,1980
262910151660941,99,55,67942,541.238,1980
262910201769421,99,55,67942,541.238,1980
262910251869366,100,56,67942,571.468,1935
262910301970704,100,56,67942,571.468,1935
262910352066783,100,56,67942,594.806,1965
262910402178403,100,56,67942,594.806,1965
262910452295006,100,58,67942,620.838,1920
262910502401255,100,58,67942,620.838,1920
262910552552676,100,58,67942,638.949,1965
262910602679954,100,58,67942,638.949,1965
262910652811269,100,58,67942,631.399,1965
262910702951997,100,58,67942,631.399,1965
262910753075394,100,58,67942,622.004,1965
262910803202487,100,58,67942,622.004,1965
262910853312041,100,58,67942,614.664,1950
262910903420583,100,58,67942,614.664,1950
262910953532836,100,58,67942,604.746,1965
262911003647879,100,58,67942,604.746,1965
262911053755410,100,58,67942,603.908,1950
262911103875519,100,58,67942,603.908,1950
262911153994655,100,58,67942,605.654,1965
262911204109203,100,58,67942,605.654,1965
262911254211628,100,58,67942,605.745,1965
262911304317252,100,58,67942,605.745,1965
262911354421066,100,58,67942,606.979,1980
262911404523904,100,58,67942,606.979,1980
262911454687912,100,58,67942,610.924,1980
262911504849489,100,58,67942,610.924,1980
262911554977062,100,58,67942,609.1,1980
262911605775412,100,58,67942,609.1,1980
262911656817791,100,58,67942,590.774,1980
262911707950520,100,58,67942,590.774,1980
262911758672621,100,58,67942,548.086,1980
262911810559032,100,58,67942,548.086,1980
262911860759521,2,2,67942,504.635,1980
262911911947840,2,2,67942,504.635,1980
262911962215733,2,2,67942,482.599,1980
262912012844659,2,2,67942,482.599,1980
262912064264137,74,36,67942,453.805,1980
262912114815305,74,36,67942,434.703,1980
262912165738401,74,36,67942,434.703,1980
262912216244249,77,38,67942,411.664,1980
262912266395377,77,38,67942,411.664,1980
262912317836651,77,38,67942,387.606,1980
262912367959070,77,38,67942,387.606,1980
262912418591723,94,46,67942,368.807,1980
262912468793248,94,46,67942,368.807,1980
262912519184465,94,46,67942,348.037,1980
262912569303080,94,46,67942,348.037,1980
262912619472639,100,50,67942,341.977,1980
262912669683134,100,50,67942,341.977,1980
262912719840241,100,50,67942,359.877,1980
262912770080536,100,50,67942,359.877,1980
262912820237835,100,50,67942,374.49,1980
262912870396870,100,50,67942,374.49,1980
262912920664307,100,50,67942,373.559,1980
262912970808358,100,50,67942,373.559,1980
262913020930255,100,51,67942,375.636,1980
262913071042307,100,51,67942,375.636,1980
262913121174781,100,51,67942,406.882,1950
262913171298742,100,51,67942,406.882,1950
262913221402356,99,53,67942,440.315,1965
262913271511913,99,53,67942,440.315,1965
262913321619555,99,53,67942,464.36,1965
262913371731131,99,53,67942,464.36,1965
262913421839021,99,53,67942,481.734,1980
262913471979471,99,53,67942,481.734,1980
262913522108059,99,53,67942,495.823,1980
262913572221630,99,53,67942,495.823,1980
262913622326432,97,53,67942,516.864,1980
262913672428730,97,53,67942,516.864,1980
262913722552531,97,53,67942,541.291,1980
262913772652620,97,53,67942,541.291,1980
262913822809249,95,57,67942,564.075,1980
262913872945409,95,57,67942,564.075,1980
262913923056132,95,57,67942,588.52,1980
262913973161238,95,57,67942,588.52,1980
262914023265446,96,56,67942,599.732,1980
262914073378397,96,56,67942,599.732,1980
262914123499399,96,56,67942,589.694,1980
262914173609885,96,56,67942,589.694,1980
262914223719233,98,59,67942,580.644,1980
262914273862446,98,59,67942,580.644,1980
262914323992547,98,59,67942,571.976,1980
262914374102416,98,59,67942,571.976,1980
262914424203417,96,55,67942,574.335,1980
262914474305357,96,55,67942,574.335,1980
262914524423002,96,55,67942,578.289,1980
262914574559544,96,55,67942,578.289,1980
262914624675426,95,57,67942,577.362,1980
262914674813484,95,57,67942,577.362,1980
262914725914174,95,57,67942,555.402,1980
262914776606690,95,57,67942,555.402,1980
262914827673837,25,26,67942,512.456,1980
262914877813401,25,26,67942,512.456,1980
262914928510446,25,26,67942,476.527,1980
262914978630100,25,26,67942,476.527,1980
262915030315401,38,18,67942,456.536,1980
262915080483018,38,18,67942,456.536,1980
262915131975225,38,18,67942,435.18,1980
262915182108627,38,18,67942,435.18,1980
262915233041100,74,37,67942,418.207,1980
262915283755658,74,37,67942,418.207,1980
262915334136656,74,37,67942,398.044,1980
262915384902918,74,37,67942,398.044,1980
262915435351236,78,39,67942,373.66,1980
262915485524952,78,39,67942,373.66,1980
262915535662761,78,39,67942,361.2,1980
262915585893297,78,39,67942,361.2,1980
262915636082138,98,48,67942,338.974,1980
262915686559296,98,48,67942,338.974,1980
262915738527435,98,48,67942,340.625,1980
262915788942908,98,48,67942,340.625,1980
262915839101299,100,50,67942,355.069,1980
262915889234623,100,50,67942,355.069,1980
262915939364209,100,50,67942,371.182,1980
262916001407705,100,50,67942,371.182,1980
262916051597390,100,51,67942,365.986,1980
262916101742649,100,51,67942,365.986,1980
262916151864874,100,51,67942,391.214,1980
262916201979494,100,51,67942,391.214,1980
262916252087884,98,58,67942,430.234,1965
262916302222406,98,58,67942,430.234,1965
262916352339464,98,58,67942,457.406,1965
262916402483206,98,58,67942,457.406,1965
262916452656472,99,58,67942,482.267,1965
262916502789135,99,58,67942,482.267,1965
262916552901908,99,58,67942,504.633,1980
262916603022121,99,58,67942,504.633,1980
262916653209291,88,52,67942,526.147,1980
262916703377110,88,52,67942,526.147,1980
262916753518823,88,52,67942,545.396,1980
262916803631014,88,52,67942,545.396,1980
262916853753381,96,57,67942,570.263,1980
262916903942567,96,57,67942,570.263,1980
262916954075991,96,57,67942,592.391,1980
262917004216012,96,57,67942,592.391,1980
262917054366464,97,57,67942,627.615,1980
262917104500230,97,57,67942,627.615,1980
262917154644375,97,57,67942,622.138,1980
262917204783330,97,57,67942,622.138,1980
262917254896268,95,59,67942,610.95,1980
262917305005126,95,59,67942,610.95,1980
262917356257393,95,59,67942,604.778,1980
262917406403432,95,59,67942,604.778,1980
262917456524588,98,60,67942,596.793,1980
262917506644415,98,60,67942,596.793,1980
262917556756707,98,60,67942,597.327,1980
262917606888413,98,60,67942,597.327,1980
262917657048706,97,57,67942,598.651,1980
262917709496464,97,57,67942,598.651,1980
262917760331293,97,57,67942,588.846,1980
262917811349192,97,57,67942,588.846,1980
262917862301960,65,49,67942,545.678,1980
262917915891607,65,49,67942,545.678,1980
262917966115959,65,49,67942,503.743,1980
262918017678046,65,49,67942,480.261,1980
262918067902765,8,4,67942,480.261,1980
262918118531373,8,4,67942,451.904,1980
262918169717524,8,4,67942,451.904,1980
262918220924698,74,36,67942,429.246,1980
262918272216421,74,36,67942,429.246,1980
262918322940593,74,36,67942,411.643,1980
262918373132580,74,36,67942,411.643,1980
262918423371924,81,40,67942,391.653,1980
262918473813631,81,40,67942,391.653,1980
262918524218709,81,40,67942,369.273,1980
262918574806686,81,40,67942,369.273,1980
262918625420248,97,46,67942,350.188,1980
262918676328043,97,46,67942,350.188,1980
262918727059351,97,46,67942,334.165,1980
262918777254997,97,46,67942,334.165,1980
262918827430225,100,49,67942,351.428,1980
262918877768344,100,49,67942,351.428,1980
262918928140540,100,49,67942,376.258,1980
262918978620265,100,49,67942,376.258,1980
262919028774224,100,50,67942,376.784,1980
262919078925338,100,50,67942,376.784,1980
262919129103172,100,50,67942,376.785,1980
262919179290508,100,50,67942,376.785,1980
262919229410028,100,51,67942,373.919,1980
262919279675641,100,51,67942,373.919,1980
262919341649225,100,51,67942,370.111,1980
262919391771030,100,51,67942,370.111,1980
262919441887933,97,49,67942,377.656,1980
262919491995893,97,49,67942,377.656,1980
262919542182968,97,49,67942,408.553,1965
262919592361444,97,49,67942,408.553,1965
262919642523463,99,55,67942,439.109,1965
262919692645615,99,55,67942,439.109,1965
262919742750051,99,55,67942,466.891,1965
262919792902366,99,55,67942,466.891,1965
262919843066294,99,55,67942,499.083,1965
262919893182808,99,55,67942,499.083,1965
262919943312857,99,55,67944,517.937,1965
262919993434551,99,55,67944,517.937,1965
262920043615239,87,53,67944,546.09,1965
262920093749987,87,53,67944,546.09,1965
262920143860448,87,53,67944,569.967,1980
262920193966947,87,53,67944,569.967,1980
262920244103504,94,57,67944,591.832,1980
262920294264388,94,57,67944,591.832,1980
262920344420522,94,57,67944,625.992,1980
262920394542202,94,57,67944,625.992,1980
262920444655201,95,59,67944,638.538,1980
262920494828762,95,59,67944,638.538,1980
262920544965571,95,59,67944,632.704,1980
262920595054517,95,59,67944,632.704,1980
262920645183996,95,59,67944,620.588,1980
262920695354796,95,59,67944,620.588,1980
262920745529816,95,59,67944,615.242,1980
262920795678456,95,59,67944,615.242,1980
262920845850006,95,59,67944,601.903,1980
262920895979261,95,59,67944,601.903,1980
262920946060647,95,59,67944,602.535,1980
262920996198071,95,59,67944,602.535,1980
262921046330732,95,58,67944,599.379,1980
262921098071771,95,58,67944,599.379,1980
262921148184280,95,58,67944,595.98,1980
262921198327122,95,58,67944,595.98,1980
262921248478535,97,59,67944,597.035,1980
262921298592967,97,59,67944,597.035,1980
262921348696337,97,59,67944,596.009,1980
262921398826556,97,59,67944,596.009,1980
262921449008536,98,60,67944,595.714,1980
262921499934614,98,60,67944,595.714,1980
262921551032108,98,60,67944,560.928,1980
262921601906789,98,60,67944,560.928,1980
262921652562395,21,22,67944,520.777,1980
262921702718185,21,22,67944,520.777,1980
262921752878466,21,22,67944,482.397,1980
262921804259603,21,22,67944,482.397,1980
262921854419747,41,19,67944,462.489,1980
262921904606612,41,19,67944,462.489,1980
262921956257020,41,19,67944,440.867,1980
262922006419492,41,19,67944,440.867,1980
262922056971025,73,36,67944,419.152,1980
262922107081377,73,36,67944,419.152,1980
262922157992413,73,36,67944,398.502,1980
262922208175574,73,36,67944,398.502,1980
262922258355394,79,39,67944,380.01,1980
262922309137303,79,39,67944,380.01,1980
262922359814767,79,39,67944,353.559,1980
262922409962758,79,39,67944,353.559,1980
262922460133029,97,47,67944,336.364,1980
262922510242516,97,47,67944,336.364,1980
262922560423821,97,47,67944,334.487,1980
262922610554431,97,47,67944,334.487,1980
262922660819634,100,50,67944,356.884,1980
262922710948602,100,50,67944,356.884,1980
262922761082423,100,50,67944,369.666,1980
262922811265831,100,50,67944,369.666,1980
262922861435893,100,51,67944,368.61,1980
262922921692792,100,51,67944,366.119,1980
262922971810513,100,51,67944,366.119,1980
262923021919626,84,43,67944,385.436,1980
262923072071558,84,43,67944,385.436,1980
262923122209944,84,43,67944,418.657,1980
262923172356946,84,43,67944,418.657,1980
262923222485456,99,55,67944,445.755,1965
262923272629131,99,55,67944,445.755,1965
262923322770908,99,55,67944,473.079,1965
262923372900044,99,55,67944,473.079,1965
262923423076451,99,54,67944,498.987,1980
262923473207297,99,54,67944,498.987,1980
262923523320709,99,54,67944,523.951,1980
262923573429423,99,54,67944,523.951,1980
262923623567798,100,56,67944,548.218,1980
262923673703470,100,56,67944,548.218,1980
262923723845218,100,56,67944,570.668,1980
262923773964603,100,56,67944,570.668,1980
262923824051836,96,57,67944,600.005,1980
262923874488881,96,57,67944,600.005,1980
262923924598763,96,57,67944,626.459,1980
262923974709578,96,57,67944,626.459,1980
262924024812223,97,56,67944,638.658,1980
262924074913462,97,56,67944,638.658,1980
262924125015923,97,56,67944,628.107,1980
262924175164183,97,56,67944,628.107,1980
262924225307125,95,58,67944,621.567,1980
262924275431585,95,58,67944,621.567,1980
262924325543928,95,58,67944,618.057,1980
262924375651342,95,58,67944,618.057,1980
262924425764030,98,59,67944,614.653,1980
262924475869965,98,59,67944,614.653,1980
262924526031894,98,59,67944,611.556,1980
262924576198678,98,59,67944,611.556,1980
262924626317804,98,60,67944,614.135,1980
262924676422999,98,60,67944,614.135,1980
262924726523901,98,60,67944,614.484,1980
262924776628434,98,60,67944,614.484,1980
262924827514595,100,59,67944,584.202,1980
262924878568792,100,59,67944,584.202,1980
262924929422916,100,59,67944,539.244,1980
262924979568912,100,59,67944,539.244,1980
262925029749451,2,2,67944,502.285,1980
262925079913103,2,2,67944,502.285,1980
262925131625017,2,2,67944,480.01,1980
262925181758964,2,2,67944,480.01,1980
262925233082856,73,36,67944,451.97,1980
262925283806276,73,36,67944,451.97,1980
262925333937089,73,36,67944,428.277,1980
262925385029031,73,36,67944,428.277,1980
262925435199975,78,39,67944,408.195,1980
262925508765076,78,39,67944,408.195,1980
262925709378961,78,39,67944,360.885,1980
262925773881602,92,45,67944,337.256,1980
262925826839710,100,50,67944,335.241,1980
262925897722022,100,50,67944,335.241,1980
262925966685134,100,50,67944,356.903,1980
262926023348969,100,50,67944,368.606,1980
262926087621371,99,51,67944,368.606,1980
262926137789892,99,51,67944,383.501,1980
262926187910301,99,51,67944,383.501,1980
262926238031911,78,43,67944,417.515,1980
262926288139476,78,43,67944,417.515,1980
262926338239904,78,43,67944,443.16,1980
262926388371242,78,43,67944,443.16,1980
262926438557884,99,54,67944,470.108,1980
262926488738282,99,54,67944,470.108,1980
262926538889919,99,54,67944,491.953,1980
262926589029462,99,54,67944,491.953,1980
262926639188001,98,57,67944,515.322,1980
262926689357399,98,57,67944,515.322,1980
262926739505625,98,57,67944,533.02,1980
262926789636843,98,57,67944,533.02,1980
262926839814727,94,54,67944,556.321,1980
262926890004911,94,54,67944,556.321,1980
262926940186653,94,54,67944,578.685,1980
262926990333166,94,54,67944,578.685,1980
262927040454599,98,58,67944,602.091,1980
262927090630149,98,58,67944,602.091,1980
262927140812137,98,58,67944,615.975,1980
262927190952771,98,58,67944,615.975,1980
262927241101277,96,55,67944,605.536,1980
262927291237675,96,55,67944,605.536,1980
262927341394176,96,55,67944,600.966,1980
262927391560485,96,55,67944,600.966,1980
262927441720628,94,56,67944,595.871,1980
262927491852720,94,56,67944,595.871,1980
262927541959751,94,56,67944,597.565,1980
262927592606698,94,56,67944,597.565,1980
262927643251812,98,59,67944,571.148,1980
262927694038374,98,59,67944,571.148,1980
262927744731085,98,59,67944,528.629,1980
262927794867934,98,59,67944,528.629,1980
262927845351259,2,2,67944,496.856,1980
262927895504450,2,2,67944,496.856,1980
262927946845097,2,2,67944,474.874,1980
262927997066486,2,2,67944,474.874,1980
262928047249251,71,36,67944,456.204,1980
262928097449048,71,36,67944,456.204,1980
262928148133686,71,36,67944,433.45,1980
262928199478508,71,36,67944,433.45,1980
262928249613989,70,37,67944,410.136,1980
262928301091808,70,37,67944,410.136,1980
262928352206408,70,37,67944,392.406,1980
262928402367600,70,37,67944,392.406,1980
262928453074963,82,42,67944,369.804,1980
262928503187344,82,42,67944,369.804,1980
262928554094059,82,42,67944,347.361,1980
262928604222383,82,42,67944,347.361,1980
262928654332838,95,49,67944,345.175,1980
262928704452348,95,49,67944,345.175,1980
262928754928600,95,49,67944,367.143,1980
262928805135417,95,49,67944,367.143,1980
262928855340059,100,53,67944,383.366,1980
262928905556996,100,53,67944,383.366,1980
262928955774289,100,53,67944,384.124,1980
262929005951711,100,53,67944,384.124,1980
262929056085364,100,53,67944,383.201,1980
262929106244704,100,53,67944,383.201,1980
262929156417458,100,53,67944,380.931,1980
262929206634056,100,53,67944,380.931,1980
262929256760181,100,54,67944,373.676,1980
262929306869993,100,54,67944,373.676,1980
262929356978525,100,54,67944,405.296,1965
262929407085336,100,54,67944,405.296,1965
262929457188766,99,56,67944,437.664,1965
262929507294751,99,56,67944,437.664,1965
262929557409629,99,56,67944,465.767,1965
262929607518506,99,56,67944,465.767,1965
262929661195533,99,55,67944,489.206,1965
262929711301150,99,55,67944,489.206,1965
262929761402998,99,55,67944,516.555,1980
262929811504600,99,55,67944,516.555,1980
262929861627328,87,52,67944,538.596,1980
262929911735448,87,52,67944,538.596,1980
262929961840602,87,52,67944,565.993,1950
262930011959163,87,52,67944,565.993,1950
262930062080486,95,59,67944,591.835,1965
262930112192759,95,59,67944,591.835,1965
262930162298954,95,59,67944,617.771,1965
262930212416982,95,59,67944,617.771,1965
262930262528277,98,60,67944,639.728,1980
262930312637321,98,60,67944,639.728,1980
262930362745745,98,60,67944,640.142,1980
262930412867578,98,60,67944,640.142,1980
262930462979487,98,62,67944,625.694,1980
262930513080332,98,62,67944,625.694,1980
262930563180607,98,62,67944,620.003,1980
262930613282039,98,62,67944,620.003,1980
262930663386690,98,62,67944,615.504,1980
262930713485715,98,62,67944,615.504,1980
262930763586649,98,62,67944,612.427,1980
262930813687914,98,62,67944,612.427,1980
262930863788246,98,63,67944,615.099,1980
262930913898799,98,63,67944,615.099,1980
262930964016822,98,63,67944,616.03,1980
262931014172923,98,63,67944,616.03,1980
262931064305181,100,59,67944,616.154,1950
262931114447493,100,59,67944,616.154,1950
262931165807890,100,59,67944,615.759,1965
262931216837774,100,59,67944,615.759,1965
262931267502271,97,61,67944,584.76,1965
262931318354522,97,61,67944,584.76,1965
262931371902534,97,61,67944,538.804,1965
262931423733830,97,61,67944,506.291,1980
262931473939415,2,2,67944,506.291,1980
262931524113000,2,2,67944,481.458,1980
262931574294104,2,2,67944,481.458,1980
262931625658791,69,36,67944,452.392,1980
262931675894177,69,36,67944,452.392,1980
262931726357181,69,36,67944,431.1,1980
262931776825463,69,36,67944,431.1,1980
262931827189177,72,38,67944,404.184,1980
262931877358373,72,38,67944,404.184,1980
262931927724638,72,38,67944,383.726,1980
262931978589694,72,38,67944,383.726,1980
262932028718203,88,44,67944,353.552,1980
262932078860710,88,44,67944,353.552,1980
262932129157009,88,44,67944,333.392,1980
262932179431725,88,44,67944,333.392,1980
262932229818450,99,51,67944,341.612,1980
262932280335901,99,51,67944,341.612,1980
262932330790914,99,51,67944,363.271,1980
262932381077070,99,51,67944,363.271,1980
262932431367504,100,53,67944,380.669,1980
262932481599371,100,53,67944,380.669,1980
262932531832690,100,53,67944,380.844,1980
262932582033563,100,53,67944,380.844,1980
262932640986117,100,53,67944,379.971,1980
262932691138907,100,53,67944,379.971,1980
262932741265215,100,53,67944,391.829,1980
262932791433678,100,53,67944,391.829,1980
262932841605102,73,41,67944,421.843,1980
262932891780936,73,41,67944,421.843,1980
262932941958350,73,41,67944,452.64,1965
262932992141403,73,41,67944,452.64,1965
262933042326382,99,55,67944,480.586,1965
262933097513337,99,55,67944,480.586,1965
262933147701781,99,55,67944,503.505,1965
262933197882697,99,55,67944,503.505,1965
262933248059173,88,49,67944,527.326,1965
262933298227898,88,49,67944,527.326,1965
262933348420113,88,49,67944,549.221,1965
262933398597003,88,49,67944,549.221,1965
262933448734371,96,55,67944,573.631,1965
262933498916568,96,55,67944,573.631,1965
262933549119145,96,55,67944,598.348,1980
262933599296328,96,55,67944,598.348,1980
262933649510592,94,59,67944,625.701,1980
262933699705915,94,59,67944,625.701,1980
262933749848370,94,59,67944,637.127,1980
262933799961580,94,59,67944,637.127,1980
262933850080168,94,58,67944,625.074,1980
262933900216814,94,58,67944,625.074,1980
262933950335025,94,58,67944,621.005,1980
262934000457787,94,58,67944,621.005,1980
262934050597760,98,61,67944,613.799,1980
262934100825764,98,61,67944,613.799,1980
262934151007998,98,61,67944,610.243,1980
262934201131973,98,61,67944,610.243,1980
262934251248743,98,62,67944,608.847,1980
262934301363647,98,62,67944,608.847,1980
262934351489042,98,62,67944,609.761,1980
262934401701969,98,62,67944,609.761,1980
262934451862202,100,61,67944,605.455,1980
262934501993374,100,61,67944,605.455,1980
262934552157897,100,61,67944,603.988,1980
262934602858679,100,61,67944,603.988,1980
262934653983190,97,58,67944,574.01,1980
262934705092866,97,58,67944,574.01,1980
262934755711376,97,58,67944,529.208,1980
262934805883295,97,58,67944,529.208,1980
262934857654961,2,2,67944,496.506,1980
262934908257817,2,2,67944,496.506,1980
262934959907256,2,2,67944,472.503,1980
262935010056722,2,2,67944,472.503,1980
262935060860062,70,36,67944,450.317,1980
262935111527924,70,36,67944,450.317,1980
262935161675602,70,36,67944,427.037,1980
262935212428954,70,36,67944,427.037,1980
262935262615558,73,38,67944,404.678,1980
262935313686801,73,38,67944,404.678,1980
262935364214650,73,38,67944,377.148,1980
262935414398185,73,38,67944,377.148,1980
262935464574804,86,44,67944,358.623,1980
262935515190152,86,44,67944,358.623,1980
262935565640628,86,44,67944,345.243,1980
262935616150755,86,44,67944,345.243,1980
262935666325414,100,52,67944,346.212,1980
262935716802047,100,52,67944,346.212,1980
262935766981220,100,52,67944,361.845,1980
262935817163799,100,52,67944,361.845,1980
262935867357271,100,53,67944,376.449,1980
262935917552250,100,53,67944,376.449,1980
262935967686785,100,53,67944,392.931,1980
262936017807607,100,53,67944,392.931,1980
262936067991081,81,45,67944,427.07,1965
262936118152765,81,45,67944,427.07,1965
262936168264988,81,45,67944,454.812,1965
262936218372588,81,45,67944,454.812,1965
262936268498561,98,54,67944,478.323,1965
262936318607776,98,54,67944,478.323,1965
262936368713876,98,54,67944,503.634,1980
262936418818236,98,54,67944,503.634,1980
262936468921200,98,58,67944,525.838,1980
262936519029329,98,58,67944,525.838,1980
262936569178088,98,58,67944,540.908,1980
262936619304529,98,58,67944,540.908,1980
262936669422191,97,57,67944,562.406,1980
262936719551066,97,57,67944,562.406,1980
262936769656170,97,57,67944,582.699,1980
262936819800328,97,57,67944,582.699,1980
262936869910842,95,58,67944,610.999,1980
262936920020093,95,58,67944,610.999,1980
262936970130646,95,58,67944,620.604,1980
262937020235862,95,58,67944,620.604,1980
262937070339583,98,60,67944,610.014,1980
262937120442714,98,60,67944,610.014,1980
262937170548133,98,60,67944,602.372,1980
262937220652470,98,60,67944,602.372,1980
262937270757422,97,56,67944,597.924,1980
262937320862729,97,56,67944,597.924,1980
262937370970617,97,56,67944,598.907,1980
262937422581214,97,56,67944,598.907,1980
262937473385015,95,58,67944,590.58,1980
262937524357733,95,58,67944,590.58,1980
262937574933665,95,58,67944,551.036,1980
262937625454600,95,58,67944,551.036,1980
262937676476356,2,2,67944,509.814,1980
262937726769617,2,2,67944,484.174,1980
262937776902347,2,2,67944,484.174,1980
262937828209246,2,2,67944,463.51,1980
262937879024774,68,34,67944,463.51,1980
262937929173033,68,34,67944,437.075,1980
262937980330731,68,34,67944,437.075,1980
262938031275755,70,36,67944,415.168,1980
262938081437160,70,36,67944,415.168,1980
262938132702912,70,36,67944,395.184,1980
262938182869599,70,36,67944,395.184,1980
262938233393177,80,41,67944,372.642,1980
262938283526283,80,41,67944,372.642,1980
262938333677865,80,41,67944,354.622,1980
262938384285773,80,41,67944,354.622,1980
262938434741423,98,51,67944,336.704,1980
262938484959605,98,51,67944,336.704,1980
262938535207034,98,51,67944,349.95,1980
262938585420435,98,51,67944,349.95,1980
262938635657571,100,53,67944,368.808,1980
262938695926979,100,53,67944,368.808,1980
262938746061429,100,53,67944,368.565,1980
262938796179101,100,53,67944,368.565,1980
262938846289699,73,39,67944,401.561,1980
262938896398778,73,39,67944,401.561,1980
262938946590590,73,39,67944,431.326,1980
262938996790633,73,39,67944,431.326,1980
262939046976769,98,54,67944,460.79,1980
262939097175401,98,54,67944,460.79,1980
262939147376147,98,54,67944,484.771,1980
262939197529645,98,54,67944,484.771,1980
262939247652668,89,48,67944,507.596,1980
262939297782396,89,48,67944,507.596,1980
262939347960811,89,48,67944,531.096,1980
262939398077396,89,48,67944,531.096,1980
262939448214518,94,55,67944,547.215,1980
262939498332794,94,55,67944,547.215,1980
262939548510918,94,55,67944,567.292,1980
262939598730501,94,55,67944,567.292,1980
262939648878099,98,58,67944,587.89,1980
262939698989989,98,58,67944,587.89,1980
262939749122068,98,58,67944,621.686,1980
262939799324534,98,58,67944,621.686,1980
262939849533603,98,57,67944,615.015,1980
262939899701656,98,57,67944,615.015,1980
262939949824376,98,57,67944,604.366,1980
262939999933006,98,57,67944,604.366,1980
262940050133378,96,54,67944,598.548,1980
262940100307727,96,54,67944,598.548,1980
262940150436587,96,54,67944,592.764,1980
262940200551206,96,54,67944,592.764,1980
262940250660501,94,56,67944,589.971,1980
262940300813984,94,56,67944,589.971,1980
262940350959607,94,56,67944,593.439,1980
262940403303218,94,56,67944,593.439,1980
262940454341297,98,58,67944,582.308,1980
262940505298168,98,58,67944,582.308,1980
262940556304222,98,58,67944,541.573,1980
262940606742243,98,58,67944,541.573,1980
262940657261237,2,2,67944,503.777,1980
262940707430725,2,2,67944,503.777,1980
262940757610990,2,2,67944,479.074,1980
262940807806976,2,2,67944,479.074,1980
262940859437242,67,34,67944,455.161,1980
262940909713323,67,34,67944,455.161,1980
262940961215428,67,34,67944,430.881,1980
262941011378856,67,34,67944,430.881,1980
262941062903530,70,37,67944,407.352,1980
262941114195886,70,37,67944,407.352,1980
262941164414872,70,37,67944,389.367,1980
262941214645606,70,37,67944,389.367,1980
262941264869664,81,42,67944,368.503,1980
262941315275528,81,42,67944,368.503,1980
262941365427695,81,42,67944,349.04,1980
262941415622907,81,42,67944,349.04,1980
262941465824599,100,53,67944,333.039,1980
262941515953070,100,53,67944,333.039,1980
262941567415821,100,53,67944,348.192,1980
262941617534962,100,53,67944,348.192,1980
262941667652271,70,38,67944,371.129,1980
262941717774600,70,38,67944,371.129,1980
262941767901465,70,38,67944,405.955,1980
262941819212038,70,38,67944,405.955,1980
262941869337614,98,54,67944,436.926,1980
262941919825432,98,54,67944,436.926,1980
262941970078402,98,54,67944,464.556,1980
262942020248062,98,54,67944,464.556,1980
262942070392195,98,56,67944,485.467,1980
262942120526230,98,56,67944,485.467,1980
262942170646436,98,56,67944,513.792,1980
262942220757045,98,56,67944,513.792,1980
262942270866870,94,55,67944,528.338,1980
262942320977228,94,55,67944,528.338,1980
262942371084522,94,55,67944,555.063,1980
262942421259348,94,55,67944,555.063,1980
262942471407862,95,56,67944,573.93,1980
262942521564327,95,56,67944,573.93,1980
262942571731437,95,56,67944,601.085,1980
262942621854550,95,56,67944,601.085,1980
262942671968111,94,57,67944,622.74,1980
262942722054345,94,57,67944,622.74,1980
262942772163396,94,57,67944,615.715,1980
262942822264772,94,57,67944,615.715,1980
262942872365044,98,59,67944,610.466,1980
262942922468016,98,59,67944,610.466,1980
262942972608854,98,59,67944,606.414,1980
262943022732701,98,59,67944,606.414,1980
