t_ns,util_gpu_pct,util_mem_pct,mem_used_mib,power_w,sm_clock_mhz
267118338903222,0,0,962,114.394,1980
267118393152408,0,0,962,119.301,1980
267118443854874,0,0,6852,119.301,1980
267118494059794,0,0,6852,124.208,1980
267118547614527,0,0,6852,124.208,1980
267118597825322,0,0,6852,128.761,1980
267118647970573,0,0,6852,128.761,1980
267118698077412,8,0,6852,133.783,1980
267118748387308,8,0,6852,133.783,1980
267118798582127,8,0,6852,138.696,1980
267118848770837,8,0,6852,138.696,1980
267118898974184,6,0,6852,144.363,1980
267118949199131,6,0,6852,144.363,1980
267118999439022,6,0,6852,149.433,1980
267119049804476,6,0,6852,149.433,1980
267119100038247,13,0,6852,153.536,1980
267119150256157,13,0,6852,153.536,1980
267119200450777,13,0,6852,156.59,1980
267119250872287,13,0,6852,156.59,1980
267119301102535,15,0,6852,156.426,1980
267119351316069,15,0,6852,156.426,1980
267119401535278,15,0,6852,156.581,1980
267119451756329,15,0,6852,156.581,1980
267119565152542,14,0,6872,156.745,1980
267119707795358,14,0,6872,156.58,1980
267119863681481,0,0,6872,156.43,1980
267120205117045,0,0,6872,156.108,1980
267120256992829,0,0,6872,156.108,1980
267120307121008,0,0,6970,156.014,1980
267120357228360,0,0,6970,156.014,1980
267120407344887,0,0,7022,155.97,1980
267120457555714,0,0,7022,155.97,1980
267120507699858,2,0,7022,155.882,1980
267120557823106,2,0,7022,155.882,1980
267120607933020,2,0,7022,155.848,1980
267120658045723,2,0,7022,155.848,1980
267120708145971,0,0,7022,155.863,1980
267120758246665,0,0,7022,155.863,1980
267120808347679,0,0,7022,155.869,1980
267120858455426,0,0,7022,155.869,1980
267120908627640,0,0,7094,155.886,1980
267120958769424,0,0,7146,155.886,1980
267121008891146,0,0,7244,155.905,1980
267121059013399,0,0,7298,155.905,1980
267121111505831,1,0,8678,155.968,1980
267121161614998,1,0,11680,155.968,1980
267121211734016,1,0,11680,184.082,1980
267121261861099,1,0,11680,184.082,1980
267121311980644,75,44,11680,197.832,1980
267121362090624,75,44,11680,212.863,1980
267121412779188,75,44,11682,212.863,1980
267121462894875,69,36,11682,229.668,1980
267121513009017,69,36,11682,229.668,1980
267121563114611,69,36,11682,246.003,1980
267121613236578,69,36,11682,246.003,1980
267121663347590,70,38,11682,261.902,1980
267121713463045,70,38,11682,261.902,1980
267121763595836,70,38,11682,277.019,1980
267121813718286,70,38,11682,277.019,1980
267121863846420,72,39,11682,297.255,1980
267121913954712,72,39,11682,297.255,1980
267121964058713,72,39,11682,314.66,1980
267122014177812,72,39,11682,314.66,1980
267122064283511,73,40,11682,329.932,1980
267122114384534,73,40,11682,329.932,1980
267122164484910,73,40,11682,323.162,1980
267122214603623,73,40,11682,323.162,1980
267122264719733,74,41,11682,325.305,1980
267122314839405,74,41,11682,325.305,1980
267122364946864,74,41,11682,330.533,1980
267122415059275,74,41,11682,330.533,1980
267122465166020,75,42,11682,333.271,1980
267122515280960,75,42,11682,333.271,1980
267122565394333,75,42,11682,335.179,1980
267122615494938,75,42,11682,335.179,1980
267122665611441,77,44,11682,338.559,1980
267122715714842,77,44,11682,338.559,1980
267122765829365,77,44,11682,341.662,1980
267122815928505,77,44,11682,341.662,1980
267122866041203,78,45,11682,343.586,1980
267122916143947,78,45,11682,343.586,1980
267122966246702,78,45,11682,346.597,1980
267123016352497,78,45,11682,346.597,1980
267123066459479,79,46,11682,346.97,1980
267123116564904,79,46,11682,346.97,1980
267123166668047,79,46,11682,349.382,1980
267123216768559,79,46,11682,349.382,1980
267123266877403,79,47,11682,351.475,1980
267123316991995,79,47,11682,351.475,1980
267123367115221,79,47,11682,355.8,1980
267123417226703,79,47,11682,355.8,1980
267123467331200,81,49,11682,358.059,1980
267123517452815,81,49,11682,358.059,1980
267123567559551,81,49,11682,361.286,1980
267123617658296,81,49,11682,361.286,1980
267123667769190,82,50,11682,365.82,1980
267123717881179,82,50,11682,365.82,1980
267123767995691,82,50,11682,367.656,1980
267123818104445,82,50,11682,367.656,1980
267123868219204,83,51,11682,369.302,1980
267123918319347,83,51,11682,369.302,1980
267123968425786,83,51,11682,372.708,1980
267124018527974,83,51,11682,372.708,1980
267124068646663,83,51,11682,377.025,1980
267124118759693,83,51,11682,377.025,1980
267124168869975,83,51,11682,379.574,1980
267124218985099,83,51,11682,379.574,1980
267124269088237,86,52,11682,382.452,1980
267124319204085,86,52,11682,382.452,1980
267124369350594,86,52,11682,385.94,1980
267124419464095,86,52,11682,385.94,1980
267124469575101,88,54,11682,387.813,1980
267124519687899,88,54,11682,387.813,1980
267124569794263,88,54,11682,390.544,1980
267124619904574,88,54,11682,390.544,1980
267124670030670,89,55,11682,392.398,1980
267124720140567,89,55,11682,392.398,1980
267124770244279,89,55,12128,395.345,1980
267124820357143,89,55,12128,395.345,1980
267124870481225,88,55,12128,399.878,1980
267124920594026,88,55,12128,399.878,1980
267124970701394,88,55,12128,402.933,1980
267125020802006,88,55,12128,402.933,1980
267125070918367,90,57,12128,404.806,1980
267125121042647,90,57,12128,404.806,1980
267125171146056,90,57,12128,406.968,1980
267125221246595,90,57,12128,406.968,1980
267125271346272,92,59,12128,410.869,1980
267125321451640,92,59,12128,410.869,1980
267125371564510,92,59,12128,411.187,1980
267125421680023,92,59,12128,411.187,1980
267125471790763,93,59,12128,413.798,1980
267125521891526,93,59,12128,413.798,1980
267125571991063,93,59,12128,416.386,1980
267125622109827,93,59,12128,416.386,1980
267125672228365,92,60,12128,418.498,1980
267125722329121,92,60,12128,418.498,1980
267125772442823,92,60,12128,422.826,1980
267125822549363,92,60,12128,422.826,1980
267125872673005,94,61,12128,425.605,1980
267125922778745,94,61,12128,425.605,1980
267125973499822,94,61,12128,426.285,1980
267126023607889,94,61,12128,426.285,1980
267126073746522,95,62,12128,428.559,1980
267126123874890,95,62,12128,428.559,1980
267126173983468,95,62,12128,431.314,1980
267126224084065,95,62,12128,431.314,1980
267126274211106,94,62,12128,432.932,1980
267126324328051,94,62,12128,432.932,1980
267126374432700,94,62,12128,437.911,1980
267126424547747,94,62,12128,437.911,1980
267126474654689,95,63,12128,438.27,1980
267126524776715,95,63,12128,438.27,1980
267126574892198,95,63,12128,441.076,1980
267126625013463,95,63,12128,441.076,1980
267126675120426,95,63,12128,443.24,1980
267126725221070,95,63,12128,443.24,1980
267126775344242,95,63,12128,443.842,1980
267126825453656,95,63,12128,443.842,1980
267126875562955,95,64,12128,443.145,1980
267126925671234,95,64,12128,443.145,1980
267126975771180,95,64,12128,444.116,1980
267127025887607,95,64,12128,444.116,1980
267127075993904,95,64,12574,446.1,1980
267127126115522,95,64,12574,446.1,1980
267127176225354,95,64,12576,441.542,1980
267127226344113,95,64,19424,441.542,1980
267127276454290,56,36,22706,429.022,1980
267127326564275,56,36,25150,429.022,1980
267127376670252,56,36,25150,418.811,1980
267127426803652,56,36,31104,418.811,1980
267127476907257,58,32,31104,431.542,1980
267127527032933,58,32,31104,431.542,1980
267127577144226,58,32,31104,441.508,1980
267127627246401,58,32,31104,441.508,1980
267127677347467,95,54,31104,452.834,1980
267127727453496,95,54,31104,452.834,1980
267127777558007,95,54,31104,464.782,1980
267127827659645,95,54,31104,464.782,1980
267127877759197,96,54,31104,478.969,1980
267127927857971,96,54,31104,478.969,1980
267127977959478,96,54,31104,493.836,1980
267128028062515,96,54,31104,493.836,1980
267128078164630,96,54,31104,506.47,1980
267128128266123,96,54,31104,506.47,1980
267128178365127,96,54,31104,520.598,1980
267128228466959,96,54,31104,520.598,1980
267128278715765,96,54,31104,543.656,1980
267128330556823,96,54,31104,543.656,1980
267128380662510,96,54,31104,539.082,1980
267128430770307,96,54,31104,539.082,1980
267128480878333,34,30,31104,543.922,1980
267128530999296,34,30,31104,543.922,1980
267128581117482,34,30,31104,521.674,1980
267128631224375,34,30,31104,521.674,1980
267128681335691,69,37,31104,500.061,1980
267128731449855,69,37,31104,500.061,1980
267128781563666,69,37,31104,475.076,1980
267128831720264,69,37,31104,475.076,1980
267128881820978,71,39,31104,448.365,1980
267128931929892,71,39,31104,448.365,1980
267128982035325,71,39,31104,425.95,1980
267129032157993,71,39,31104,425.95,1980
267129082272813,72,40,31104,405.478,1980
267129132386215,72,40,31104,405.478,1980
267129182489383,72,40,31104,376.442,1980
267129232595701,72,40,31104,376.442,1980
267129282711944,73,41,31104,357.104,1980
267129332821716,73,41,31104,357.104,1980
267129382935377,73,41,31104,367.457,1980
267129433038815,73,41,31104,367.457,1980
267129483143976,74,42,31104,342.756,1980
267129533244740,74,42,31104,342.756,1980
267129583344333,74,42,31104,343.143,1980
267129633453821,74,42,31104,343.143,1980
267129683554857,75,43,31104,346.636,1980
267129733655826,75,43,31104,346.636,1980
267129783755722,75,43,31104,348.866,1980
267129833862027,75,43,31104,348.866,1980
267129883971357,77,45,31104,351.184,1980
267129934092385,77,45,31104,351.184,1980
267129984207233,77,45,31104,353.866,1980
267130034310553,77,45,31104,353.866,1980
267130084413683,77,46,31104,356.348,1980
267130134524836,77,46,31104,356.348,1980
267130184642236,77,46,31104,357.992,1980
267130234745857,77,46,31104,357.992,1980
267130284844935,78,46,31104,360.761,1980
267130334943363,78,46,31104,360.761,1980
267130385054304,78,46,31104,363.469,1980
267130435160621,78,46,31104,363.469,1980
267130485284920,80,48,31104,364.912,1980
267130535394364,80,48,31104,364.912,1980
267130585508260,80,48,31104,367.237,1980
267130635621576,80,48,31104,367.237,1980
267130685722362,81,49,31104,369.435,1980
267130735837486,81,49,31104,369.435,1980
267130785944218,81,49,31104,370.938,1980
267130836045912,81,49,31104,370.938,1980
267130886168713,82,50,31104,372.094,1980
267130936271003,82,50,31104,372.094,1980
267130986377537,82,50,31104,373.837,1980
267131036475608,82,50,31104,373.837,1980
267131086591692,81,50,31104,378.416,1980
267131136705378,81,50,31104,378.416,1980
267131186808696,81,50,31104,380.656,1980
267131236919934,81,50,31104,380.656,1980
267131287043608,85,53,31104,384.162,1980
267131337164418,85,53,31104,384.162,1980
267131387279491,85,53,31104,385.861,1980
267131437387001,85,53,31104,385.861,1980
267131487501514,87,54,31104,389.419,1980
267131537632086,87,54,31104,389.419,1980
267131587808731,87,54,31104,393.911,1980
267131637919108,87,54,31104,393.911,1980
267131688023712,88,55,31104,397.889,1980
267131738137770,88,55,31104,397.889,1980
267131788248731,88,55,31104,401.709,1980
267131838360557,88,55,31104,401.709,1980
267131888462244,88,55,31104,403.879,1980
267131938570305,88,55,31104,403.879,1980
267131988670905,88,55,31104,407.362,1980
267132038788909,88,55,31104,407.362,1980
267132088898256,89,56,31104,407.389,1980
267132138999879,89,56,31104,407.389,1980
267132189132063,89,56,31104,410.006,1980
267132239249279,89,56,31104,410.006,1980
267132289367877,90,57,31104,412.654,1980
267132339472926,90,57,31104,412.654,1980
267132389582915,90,57,31104,417.051,1980
267132439684558,90,57,31104,417.051,1980
267132489794581,91,59,31104,419.2,1980
267132539912665,91,59,31104,419.2,1980
267132590021952,91,59,31104,420.965,1980
267132640122148,91,59,31104,420.965,1980
267132690236905,91,59,31104,422.821,1980
267132740339652,91,59,31104,422.821,1980
267132790441511,91,59,31104,424.1,1980
267132840548841,91,59,31104,424.1,1980
267132890664216,93,60,31104,428.025,1980
267132940766616,93,60,31104,428.025,1980
267132990914964,93,60,31104,430.517,1980
267133041040775,93,60,31104,430.517,1980
267133091146391,93,61,31104,434.495,1980
267133141249321,93,61,31104,434.495,1980
267133191361679,93,61,31104,435.662,1980
267133241465211,93,61,31104,435.662,1980
267133291578462,95,62,31104,438.547,1980
267133341695554,95,62,31104,438.547,1980
267133391817185,95,62,31104,440.184,1980
267133441925507,95,62,31104,440.184,1980
267133492029785,94,62,31104,442.478,1980
267133542135699,94,62,31104,442.478,1980
267133592241444,94,62,31104,443.904,1980
267133642360766,94,62,31104,443.904,1980
267133692476737,95,63,31104,444.227,1980
267133742577554,95,63,31104,444.227,1980
267133792677564,95,63,31104,446.454,1980
267133842778177,95,63,31104,446.454,1980
267133892879472,95,64,31104,445.834,1980
267133942984563,95,64,31104,445.834,1980
267133993090055,95,64,31104,446.181,1980
267134043198828,95,64,31104,446.181,1980
267134093325616,95,64,31104,449.216,1980
267134143427097,95,64,31104,449.216,1980
267134193529411,95,64,31104,452.077,1980
267134243632715,95,64,31104,452.077,1980
267134293740360,96,64,31104,453.849,1980
267134343873055,96,64,31104,453.849,1980
267134394030437,96,64,31104,454.994,1980
267134444198456,96,64,31104,454.994,1980
267134494313404,75,50,32952,453.395,1980
267134544416926,75,50,39416,453.395,1980
267134594523607,75,50,39416,451.042,1980
267134644632776,75,50,41204,451.042,1980
267134694739310,95,52,43584,463.243,1980
267134744853991,95,52,43584,463.243,1980
267134794957484,95,52,43584,478.714,1980
267134845059971,95,52,43584,478.714,1980
267134895167469,96,56,43584,491.87,1980
267134945272240,96,56,43584,491.87,1980
267134995377612,96,56,43584,508.761,1980
267135045479703,96,56,43584,508.761,1980
267135095582014,95,54,43584,520.547,1980
267135145686700,95,54,43584,520.547,1980
267135195786200,95,54,43584,531.361,1980
267135245887595,95,54,43584,531.361,1980
267135295989735,96,53,43584,540.658,1980
267135346088475,96,53,43584,540.658,1980
267135396190174,96,53,43584,553.611,1980
267135446290593,96,53,43584,553.611,1980
267135496409752,98,55,43584,568.186,1980
267135546537138,98,55,43584,568.186,1980
267135596640758,98,55,43584,569.68,1980
267135646752106,98,55,43584,569.68,1980
267135696862795,72,39,43584,563.287,1980
267135746984609,72,39,43584,563.287,1980
267135797094265,72,39,43584,535.023,1980
267135847201628,72,39,43584,535.023,1980
267135897302693,64,32,43584,506.755,1980
267135947418576,64,32,43584,506.755,1980
267135997534223,64,32,43584,480.281,1980
267136047719277,64,32,43584,480.281,1980
267136097882595,65,34,43584,450.42,1980
267136148018911,65,34,43584,450.42,1980
267136198145642,65,34,43584,426.934,1980
267136248254030,65,34,43584,426.934,1980
267136298376388,68,35,43584,401.835,1980
267136348502951,68,35,43584,401.835,1980
267136398607219,68,35,43584,375.343,1980
267136448735570,68,35,43584,375.343,1980
267136498836963,69,36,43584,351.58,1980
267136548951131,69,36,43584,351.58,1980
267136599066281,69,36,43584,342.193,1980
267136649175868,69,36,43584,342.193,1980
267136699288287,69,37,43584,319.024,1980
267136749390674,69,37,43584,319.024,1980
267136799500573,69,37,43584,322.042,1980
267136849605613,69,37,43584,322.042,1980
267136899705782,70,38,43584,326.258,1980
267136949809432,70,38,43584,326.258,1980
267136999912456,70,38,43584,329.86,1980
267137050024251,70,38,43584,329.86,1980
267137100139918,71,39,43584,331.505,1980
267137150247167,71,39,43584,331.505,1980
267137200359284,71,39,43584,336.464,1980
267137250460380,71,39,43584,336.464,1980
267137300564215,73,41,43584,337.582,1980
267137350674771,73,41,43584,337.582,1980
267137400780181,73,41,43584,338.929,1980
267137450879566,73,41,43584,338.929,1980
267137500991234,74,42,43584,341.566,1980
267137551113835,74,42,43584,341.566,1980
267137601215784,74,42,43584,343.023,1980
267137651324331,74,42,43584,343.023,1980
267137701426380,75,43,43584,345.098,1980
267137751527544,75,43,43584,345.098,1980
267137801646950,75,43,43584,346.992,1980
267137851793651,75,43,43584,346.992,1980
267137901916092,76,44,43584,349.263,1980
267137952023485,76,44,43584,349.263,1980
267138002129244,76,44,43584,351.538,1980
267138052239604,76,44,43584,351.538,1980
267138102340658,77,45,43584,353.274,1980
267138152459970,77,45,43584,353.274,1980
267138202570246,77,45,43584,356.372,1980
267138252685430,77,45,43584,356.372,1980
267138302788809,79,47,43584,359.672,1980
267138352902534,79,47,43584,359.672,1980
267138403018871,79,47,43584,362.616,1980
267138453129436,79,47,43584,362.616,1980
267138503241485,80,48,43584,365.988,1980
267138553348032,80,48,43584,365.988,1980
267138603446917,80,48,43584,369.277,1980
267138653589521,80,48,43584,369.277,1980
267138703701764,80,49,43584,371.8,1980
267138753810866,80,49,43584,371.8,1980
267138803948890,80,49,43584,373.266,1980
267138854058659,80,49,43584,373.266,1980
267138904168487,82,50,43584,376.664,1980
267138954287952,82,50,43584,376.664,1980
267139004402456,82,50,43584,378.13,1980
267139054523757,82,50,43584,378.13,1980
267139104630084,82,50,43584,381.941,1980
267139154741932,82,50,43584,381.941,1980
267139204850815,82,50,43584,385.685,1980
267139254962937,82,50,43584,385.685,1980
267139305080075,85,52,43584,388.171,1980
267139355181045,85,52,43584,388.171,1980
267139405296723,85,52,43584,391.847,1980
267139455404358,85,52,43584,391.847,1980
267139505515346,86,53,43584,392.959,1980
267139555617672,86,53,43584,392.959,1980
267139605735424,86,53,43584,396.022,1980
267139655856523,86,53,43584,396.022,1980
267139705969997,86,53,43584,398.032,1980
267139756078211,86,53,43584,398.032,1980
267139806181785,86,53,43584,401.238,1980
267139856303539,86,53,43584,401.238,1980
267139906407241,88,55,43584,403.856,1980
267139956538437,88,55,43584,403.856,1980
267140006645403,88,55,43584,408.286,1980
267140056756062,88,55,43584,408.286,1980
267140106868065,90,56,43584,408.964,1980
267140156970023,90,56,43584,408.964,1980
267140207069838,90,56,43584,409.869,1980
267140257180868,90,56,43584,409.869,1980
267140307299324,89,57,43584,413.583,1980
267140357404636,89,57,43584,413.583,1980
267140407519290,89,57,43584,413.425,1980
267140457621470,89,57,43584,413.425,1980
267140507726491,91,59,43584,416.813,1980
267140557825526,91,59,43584,416.813,1980
267140607927354,91,59,43584,419.863,1980
267140658126042,91,59,43584,419.863,1980
267140708238684,92,60,43584,422.798,1980
267140758354057,92,60,43584,422.798,1980
267140808464083,92,60,43584,426.638,1980
267140858592793,92,60,43584,426.638,1980
267140908707664,93,61,43584,428.495,1980
267140958829866,93,61,43584,428.495,1980
267141008937284,93,61,43584,430.46,1980
267141059045454,93,61,43584,430.46,1980
267141109154713,94,61,43584,433.84,1980
267141159261610,94,61,43584,433.84,1980
267141209375060,94,61,43584,435.233,1980
267141259483097,94,61,43584,435.233,1980
267141309589201,93,61,43584,437.665,1980
267141359709253,93,61,43584,437.665,1980
267141409846586,93,61,43584,442.303,1980
267141459961292,93,61,43584,442.303,1980
267141510065709,95,63,43584,443.705,1980
267141560175789,95,63,43584,443.705,1980
267141610306241,95,63,43584,439.722,1980
267141660413932,95,63,43584,439.722,1980
267141710514747,90,48,43584,450.851,1980
267141760619546,90,48,43584,450.851,1980
267141810752168,90,48,43584,467.804,1980
267141860864666,90,48,43584,467.804,1980
267141910999759,96,53,43584,484.841,1980
267141961108466,96,53,43584,484.841,1980
267142011228448,96,53,43584,497.574,1980
267142061335514,96,53,43584,497.574,1980
267142111441597,96,53,43584,513.367,1980
267142161549849,96,53,43584,513.367,1980
267142211650007,96,53,43584,530.059,1980
267142261754266,96,53,43584,530.059,1980
267142311859611,96,52,43584,538.8,1980
267142361963974,96,52,43584,538.8,1980
267142412067384,96,52,43584,554.284,1980
267142462168506,96,52,43584,554.284,1980
267142512290383,94,57,43584,566.847,1980
267142562399792,94,57,43584,566.847,1980
267142612575638,94,57,43584,573.951,1980
267142662700930,94,57,43584,573.951,1980
267142712811062,71,39,43584,558.948,1980
267142762920296,71,39,43584,558.948,1980
267142813028843,71,39,43584,530.542,1980
267142863133089,71,39,43584,530.542,1980
267142913234976,65,34,43584,500.988,1980
267142963334441,65,34,43584,500.988,1980
267143013454434,65,34,43584,475.537,1980
267143063560204,65,34,43584,475.537,1980
267143113667696,68,35,43584,448.068,1980
267143163767891,68,35,43584,448.068,1980
267143213884568,68,35,43584,420.046,1980
267143263990521,68,35,43584,420.046,1980
267143314095523,70,37,43584,399.56,1980
267143364208386,70,37,43584,399.56,1980
267143414307840,70,37,43584,369.031,1980
267143464469047,70,37,43584,369.031,1980
267143514575043,70,38,43584,349.087,1980
267143564675230,70,38,43584,349.087,1980
267143614775206,70,38,43584,341.734,1980
267143664884163,70,38,43584,341.734,1980
267143715014101,72,39,43584,329.137,1980
267143765133133,72,39,43584,329.137,1980
267143815237254,72,39,43584,332.807,1980
267143865364984,72,39,43584,332.807,1980
267143915479460,73,40,43584,336.904,1980
267143965587463,73,40,43584,336.904,1980
267144015688492,73,40,43584,341.544,1980
267144065800969,73,40,43584,341.544,1980
267144115907959,73,41,43584,342.421,1980
267144166030078,73,41,43584,342.421,1980
267144216141650,73,41,43584,342.767,1980
267144266249317,73,41,43584,342.767,1980
267144316358435,75,42,43584,345.728,1980
267144366462914,75,42,43584,345.728,1980
267144416564970,75,42,43584,348.997,1980
267144466690077,75,42,43584,348.997,1980
267144516798209,76,44,43584,350.122,1980
267144566915845,76,44,43584,350.122,1980
267144617018344,76,44,43584,352.022,1980
267144667136552,76,44,43584,352.022,1980
267144717246739,77,45,43584,354.809,1980
267144767349661,77,45,43584,354.809,1980
267144817468020,77,45,43584,356.225,1980
267144867569066,77,45,43584,356.225,1980
267144917671407,78,46,43584,357.566,1980
267144967774787,78,46,43584,357.566,1980
267145017876667,78,46,43584,357.773,1980
267145067981671,78,46,43584,357.773,1980
267145118090955,79,47,43584,358.707,1980
267145168208644,79,47,43584,358.707,1980
267145218321283,79,47,43584,363.455,1980
267145268431252,79,47,43584,363.455,1980
267145318529264,80,48,43584,364.858,1980
267145368646723,80,48,43584,364.858,1980
267145418747108,80,48,43584,367.746,1980
267145468849490,80,48,43584,367.746,1980
267145518983860,81,49,43584,371.972,1980
267145569086371,81,49,43584,371.972,1980
267145619199601,81,49,43584,374.97,1980
267145669321346,81,49,43584,374.97,1980
267145719434699,81,50,43584,375.767,1980
267145769539923,81,50,43584,375.767,1980
267145819644115,81,50,43584,377.838,1980
267145869777307,81,50,43584,377.838,1980
267145919879424,83,51,43584,379.27,1980
267145969979502,83,51,43584,379.27,1980
267146020086713,83,51,43584,383.175,1980
267146070197616,83,51,43584,383.175,1980
267146120298367,86,52,43584,386.296,1980
267146170415553,86,52,43584,386.296,1980
267146220518840,86,52,43584,385.892,1980
267146270616648,86,52,43584,385.892,1980
267146320729498,86,53,43584,389.05,1980
267146370846754,86,53,43584,389.05,1980
267146420957258,86,53,43584,394.654,1980
267146471090211,86,53,43584,394.654,1980
267146521192482,88,55,43584,397.761,1980
267146571298937,88,55,43584,397.761,1980
267146621420292,88,55,43584,401.301,1980
267146671537881,88,55,43584,401.301,1980
267146729419953,89,56,43584,405.882,1980
267146779531807,89,56,43584,407.905,1980
267146829634821,89,56,43584,407.905,1980
267146879757773,89,56,43584,411.528,1980
267146929868927,89,56,43584,411.528,1980
267146979981927,89,56,43584,413.514,1980
267147030094835,89,56,43584,413.514,1980
267147080200290,91,58,43584,416.874,1980
267147130305544,91,58,43584,416.874,1980
267147180408211,91,58,43584,421.855,1980
267147230515217,91,58,43584,421.855,1980
267147280626508,92,59,43584,426.296,1980
267147330734234,92,59,43584,426.296,1980
267147380842969,92,59,43584,425.553,1980
267147430944676,92,59,43584,425.553,1980
267147481044968,91,59,43584,427.368,1980
267147531147480,91,59,43584,427.368,1980
267147581253753,91,59,43584,428.574,1980
267147631362945,91,59,43584,428.574,1980
267147681467537,94,61,43584,428.915,1980
267147731578278,94,61,43584,428.915,1980
267147781688715,94,61,43584,434.078,1980
267147831801982,94,61,43584,434.078,1980
267147881911190,95,62,43584,435.873,1980
267147932026741,95,62,43584,435.873,1980
267147982130885,95,62,43584,437.737,1980
267148032242506,95,62,43584,437.737,1980
267148082346869,95,62,43584,437.667,1980
267148132461790,95,62,43584,437.667,1980
267148182575079,95,62,43584,439.337,1980
267148232677820,95,62,43584,439.337,1980
267148282796765,95,63,43584,440.815,1980
267148332906533,95,63,43584,440.815,1980
267148383010264,95,63,43584,443.85,1980
267148433110159,95,63,43584,443.85,1980
267148483241976,95,63,43584,445.631,1980
267148533352704,95,63,43584,445.631,1980
267148583462319,95,63,43584,450.827,1980
267148633565071,95,63,43584,450.827,1980
267148683671317,95,51,43584,468.219,1980
267148733773760,95,51,43584,468.219,1980
267148783876910,95,51,43584,483.456,1980
267148833974620,95,51,43584,483.456,1980
267148884073144,96,54,43584,500.492,1980
267148934176810,96,54,43584,500.492,1980
267148984281547,96,54,43584,512.466,1980
267149034383598,96,54,43584,512.466,1980
267149084842490,95,53,43584,530.405,1980
267149134942935,95,53,43584,530.405,1980
267149185048398,95,53,43584,543.03,1980
267149235150574,95,53,43584,543.03,1980
267149285253191,95,54,43584,558.575,1980
267149335353609,95,54,43584,558.575,1980
267149385455024,95,54,43584,574.608,1980
267149435555613,95,54,43584,574.608,1980
267149485656940,87,59,43584,577.85,1980
267149535761950,87,59,43584,577.85,1980
267149585865921,87,59,43584,585.281,1980
267149635976837,87,59,43584,585.281,1980
267149686083353,80,47,43584,568.772,1965
267149736207491,80,47,43584,568.772,1965
267149786327909,80,47,43584,542.516,1965
267149836427745,80,47,43584,542.516,1965
267149886546697,73,41,43584,518.823,1965
267149936650846,73,41,43584,518.823,1965
267149986763835,73,41,43584,496.904,1980
267150036875178,73,41,43584,496.904,1980
267150086982407,74,42,43584,474.565,1980
267150137093583,74,42,43584,474.565,1980
267150187214642,74,42,43584,451.105,1980
267150237319608,74,42,43584,451.105,1980
267150287421081,76,44,43584,426.464,1980
267150337527653,76,44,43584,426.464,1980
267150387642084,76,44,43584,406.847,1980
267150437748383,76,44,43584,406.847,1980
267150487859959,77,45,43584,388.72,1980
267150537969253,77,45,43584,388.72,1980
267150588077166,77,45,43584,379.231,1980
267150638189122,77,45,43584,379.231,1980
267150688296669,78,46,43584,363.198,1980
267150738403696,78,46,43584,363.198,1980
267150788504877,78,46,43584,366.992,1980
267150838605065,78,46,43584,366.992,1980
267150888704675,79,47,43584,368.276,1980
267150938804666,79,47,43584,368.276,1980
267150988907196,79,47,43584,367.932,1980
267151039010862,79,47,43584,367.932,1980
267151089292814,80,48,43584,369.098,1980
267151139406824,80,48,43584,369.098,1980
267151189513870,80,48,43584,369.66,1980
267151239634714,80,48,43584,369.66,1980
267151289740832,81,49,43584,371.5,1980
267151339861356,81,49,43584,371.5,1980
267151389975732,81,49,43584,372.514,1980
267151440081673,81,49,43584,372.514,1980
267151490184552,82,50,43584,374.877,1980
267151540301473,82,50,43584,374.877,1980
267151590408274,82,50,43584,377.998,1980
267151640532639,82,50,43584,377.998,1980
267151690640172,83,51,43584,382.336,1980
267151740743075,83,51,43584,382.336,1980
267151790861053,83,51,43584,385.049,1980
267151840983103,83,51,43584,385.049,1980
267151891098416,86,53,43584,388.264,1980
267151941199942,86,53,43584,388.264,1980
267151991315787,86,53,43584,392.573,1980
267152041422553,86,53,43584,392.573,1980
267152091542395,87,53,43584,396.303,1980
267152141655891,87,53,43584,396.303,1980
267152191756775,87,53,43584,400.325,1980
267152241865577,87,53,43584,400.325,1980
267152291980091,88,55,43584,403.344,1980
267152342081627,88,55,43584,403.344,1980
267152392190983,88,55,43584,406.181,1980
267152442294588,88,55,43584,406.181,1980
267152492395715,89,55,43584,410.701,1980
267152542496421,89,55,43584,410.701,1980
267152592628804,89,55,43584,412.009,1980
267152642730534,89,55,43584,412.009,1980
267152692867373,89,56,43584,414.185,1980
267152742969169,89,56,43584,414.185,1980
267152793081647,89,56,43584,415.947,1980
267152843201328,89,56,43584,415.947,1980
267152893310081,92,58,43584,417.877,1980
267152943413682,92,58,43584,417.877,1980
267152993522328,92,58,43584,420.424,1980
267153043644508,92,58,43584,420.424,1980
267153093757838,92,59,43584,424.153,1980
267153143860778,92,59,43584,424.153,1980
267153193977771,92,59,43584,425.441,1980
267153244078778,92,59,43584,425.441,1980
267153294181314,92,60,43584,429.011,1980
267153344289343,92,60,43584,429.011,1980
267153394401663,92,60,43584,430.687,1980
267153444510869,92,60,43584,430.687,1980
267153494611603,94,61,43584,431.609,1980
267153544710825,94,61,43584,431.609,1980
267153594810550,94,61,43584,434.645,1980
267153644911661,94,61,43584,434.645,1980
267153695020559,94,62,43584,437.066,1980
267153745125558,94,62,43584,437.066,1980
267153795225635,94,62,43584,440.966,1980
267153845324065,94,62,43584,440.966,1980
267153895422472,95,63,43584,442.597,1980
267153945522640,95,63,43584,442.597,1980
267153996328646,95,63,43584,444.036,1980
267154046437164,95,63,43584,444.036,1980
267154097494239,95,63,43584,445.265,1980
267154147617113,95,63,43584,445.265,1980
267154197727424,95,63,43584,447.446,1980
267154247841283,95,63,43584,447.446,1980
267154297951621,95,63,43584,448.817,1980
267154348053638,95,63,43584,448.817,1980
267154398181650,95,63,43584,451.309,1980
267154448306298,95,63,43584,451.309,1980
267154498410689,95,64,43584,451.65,1980
267154548511120,95,64,43584,451.65,1980
267154598613894,95,64,43584,451.097,1980
267154648726117,95,64,43584,451.097,1980
267154698849763,95,63,43584,453.693,1980
267154748968333,95,63,43584,453.693,1980
267154799073751,95,63,43584,454.988,1980
267154849174265,95,63,43584,454.988,1980
267154899301437,96,63,43584,457.417,1980
267154949402181,96,63,43584,457.417,1980
267154999520734,96,63,43584,458.476,1980
267155049621148,96,63,43584,458.476,1980
267155099749153,96,64,43584,461.39,1980
267155149863139,96,64,43584,461.39,1980
267155199963679,96,64,43584,460.67,1980
267155250077252,96,64,43584,460.67,1980
267155300181839,96,64,43584,462.796,1980
267155350281400,96,64,43584,462.796,1980
267155400384228,96,64,43584,455.535,1980
267155450488791,96,64,43584,455.535,1980
267155500599640,96,65,43584,452.597,1980
267155550699359,96,65,43584,452.597,1980
267155600799516,96,65,43584,453.66,1980
267155650899357,96,65,43584,453.66,1980
267155701006719,73,47,43586,445.879,1980
267155751119510,73,47,43586,445.879,1980
267155801225128,73,47,43586,452.051,1980
267155851331775,73,47,43586,452.051,1980
267155901439720,95,54,43586,467.988,1980
267155952438966,95,54,43586,467.988,1980
267156002545539,95,54,43586,480.381,1980
267156052717698,95,54,43586,480.381,1980
267156102845101,97,53,43586,493.029,1980
267156152967078,97,53,43586,493.029,1980
267156203071406,97,53,43586,504.628,1980
267156253169871,97,53,43586,504.628,1980
267156303268023,98,56,43586,517.784,1980
267156353367073,98,56,43586,517.784,1980
267156403468482,98,56,43586,532.607,1980
267156453572506,98,56,43586,532.607,1980
267156503673588,95,55,43586,551.691,1980
267156553785787,95,55,43586,551.691,1980
267156603891611,95,55,43586,566.35,1980
267156653996981,95,55,43586,566.35,1980
267156705889683,98,56,43586,586.074,1980
267156756007891,98,56,43586,586.074,1980
267156806112659,98,56,43586,576.522,1980
267156856215775,98,56,43586,576.522,1980
267156906346212,88,55,43586,571.844,1980
267156956454911,88,55,43586,571.844,1980
267157006566751,88,55,43586,549.174,1980
267157056672358,88,55,43586,549.174,1980
267157106773851,73,41,43586,527.334,1980
267157156899944,73,41,43586,527.334,1980
267157207009593,73,41,43586,501.869,1980
267157257127776,73,41,43586,501.869,1980
267157307234598,75,43,43586,478.495,1980
267157357338436,75,43,43586,478.495,1980
267157407439130,75,43,43586,458.241,1980
267157457609971,75,43,43586,458.241,1980
267157507712613,76,44,43586,438.454,1980
267157557827856,76,44,43586,438.454,1980
267157607932921,76,44,43586,410.959,1980
267157658036101,76,44,43586,410.959,1980
267157708137799,77,45,43586,390.427,1980
267157758250031,77,45,43586,390.427,1980
267157808366735,77,45,43586,382.553,1980
267157858485018,77,45,43586,382.553,1980
267157908598293,78,46,43586,365.783,1980
267157958710637,78,46,43586,365.783,1980
267158008810432,78,46,43586,365.762,1980
267158058927016,78,46,43586,365.762,1980
267158109036087,79,47,43586,367.677,1980
267158159146891,79,47,43586,367.677,1980
267158209249932,79,47,43586,370.45,1980
267158259369071,79,47,43586,370.45,1980
267158309495783,80,49,43586,373.538,1980
267158359603447,80,49,43586,373.538,1980
267158409703906,80,49,43586,376.503,1980
267158459806750,80,49,43586,376.503,1980
267158509937117,81,49,43586,378.204,1980
267158560055555,81,49,43586,378.204,1980
267158610165792,81,49,43586,377.791,1980
267158660274839,81,49,43586,377.791,1980
267158710374591,82,50,43586,381.62,1980
267158760476739,82,50,43586,381.62,1980
267158810583787,82,50,43586,383.056,1980
267158860697041,82,50,43586,383.056,1980
267158910809630,85,51,43586,383.688,1980
267158960923893,85,51,43586,383.688,1980
267159011039337,85,51,43586,388.195,1980
267159061143538,85,51,43586,388.195,1980
267159111257613,85,52,43586,390.32,1980
267159161369177,85,52,43586,390.32,1980
267159211487029,85,52,43586,393.27,1980
267159261592031,85,52,43586,393.27,1980
267159311697819,87,54,43586,395.465,1980
267159361806332,87,54,43586,395.465,1980
267159411964907,87,54,43586,398.7,1980
267159462081466,87,54,43586,398.7,1980
267159512186502,88,55,43586,401.529,1980
267159562290704,88,55,43586,401.529,1980
267159612403280,88,55,43586,406.267,1980
267159662510451,88,55,43586,406.267,1980
267159712610645,89,56,43586,408.456,1980
267159762726202,89,56,43586,408.456,1980
267159812839483,89,56,43586,412.545,1980
267159862945050,89,56,43586,412.545,1980
267159913060840,90,57,43586,415.894,1980
267159963176071,90,57,43586,415.894,1980
267160013285874,90,57,43586,418.941,1980
267160063394430,90,57,43586,418.941,1980
267160113504559,90,58,43586,420.949,1980
267160163614897,90,58,43586,420.949,1980
267160213728084,90,58,43586,425.486,1980
267160263851391,90,58,43586,425.486,1980
267160313953011,93,60,43586,429.675,1980
267160364061579,93,60,43586,429.675,1980
267160414174359,93,60,43586,431.041,1980
267160464275644,93,60,43586,431.041,1980
267160514379478,93,61,43586,433.641,1980
267160564492227,93,61,43586,433.641,1980
267160614609009,93,61,43586,436.163,1980
267160664737586,93,61,43586,436.163,1980
267160714850037,94,62,43586,438.399,1980
267160764957190,94,62,43586,438.399,1980
267160815059865,94,62,43586,439.789,1980
267160865166335,94,62,43586,439.789,1980
267160915270218,94,62,43586,442.562,1980
267160965372589,94,62,43586,442.562,1980
267161015484313,94,62,43586,444.435,1980
267161065589856,94,62,43586,444.435,1980
267161115692957,95,63,43586,447.412,1980
267161165809316,95,63,43586,447.412,1980
267161215917953,95,63,43586,449.088,1980
267161266032283,95,63,43586,449.088,1980
267161316133887,95,63,43586,449.115,1980
267161366233088,95,63,43586,449.115,1980
267161416336170,95,63,43586,450.883,1980
267161466444215,95,63,43586,450.883,1980
267161516545121,95,63,43586,452.649,1980
267161566648309,95,63,43586,452.649,1980
267161616759516,95,63,43586,454.686,1980
267161666859485,95,63,43586,454.686,1980
267161716969148,95,64,43586,456.524,1980
267161767078198,95,64,43586,456.524,1980
267161817187760,95,64,43586,456.923,1980
267161867290321,95,64,43586,456.923,1980
267161917392128,95,63,43586,458.829,1980
267161967495504,95,63,43586,458.829,1980
267162017601871,95,63,43586,459.182,1980
267162067703533,95,63,43586,459.182,1980
267162117802702,95,63,43586,460.267,1980
267162167908808,95,63,43586,460.267,1980
267162218028157,95,63,43586,460.028,1980
267162268150826,95,63,43586,460.028,1980
267162318254131,97,65,43586,459.056,1980
267162368361736,97,65,43586,459.056,1980
267162418469982,97,65,43586,460.26,1980
267162468571521,97,65,43586,460.26,1980
267162518672387,96,64,43586,465.119,1980
267162568773975,96,64,43586,465.119,1980
267162618875220,96,64,43586,468.147,1980
267162668981938,96,64,43586,468.147,1980
267162719096636,96,65,43586,471.244,1980
267162769198518,96,65,43586,471.244,1980
267162819304878,96,65,43586,471.461,1980
267162869410731,96,65,43586,471.461,1980
267162919515345,95,65,43586,468.258,1980
267162969623808,95,65,43586,468.258,1980
267163019730069,95,65,43586,473.635,1980
267163069840781,95,65,43586,473.635,1980
267163119940060,95,51,43586,485.11,1980
267163170044110,95,51,43586,485.11,1980
267163220145584,95,51,43586,499.37,1980
267163270248198,95,51,43586,499.37,1980
267163320351451,98,56,43586,516.755,1980
267163370449738,98,56,43586,516.755,1980
267163420551354,98,56,43586,528.779,1980
267163470651346,98,56,43586,528.779,1980
267163520750878,95,55,43586,538.531,1980
267163570850591,95,55,43586,538.531,1980
267163620951540,95,55,43586,548.996,1980
267163671056198,95,55,43586,548.996,1980
267163721159306,96,56,43586,559.55,1980
267163771258216,96,56,43586,559.55,1980
267163821357812,96,56,43586,572.015,1980
267163871458673,96,56,43586,572.015,1980
267163922474314,96,55,43586,589.794,1980
267163972578797,96,55,43586,589.794,1980
267164022689142,96,55,43586,590.568,1980
267164072794023,96,55,43586,590.568,1980
267164122898033,67,43,43586,587.373,1980
267164173015379,67,43,43586,587.373,1980
267164223130581,67,43,43586,567.427,1980
267164273236815,67,43,43586,567.427,1980
267164323345188,72,40,43586,539.159,1980
267164373455268,72,40,43586,539.159,1980
267164423571571,72,40,43586,514.551,1980
267164473686966,72,40,43586,514.551,1980
267164523792590,72,41,43586,495.06,1980
267164573907142,72,41,43586,495.06,1980
267164624021983,72,41,43586,471.874,1980
267164674125738,72,41,43586,471.874,1980
267164724243418,74,42,43586,445.937,1980
267164774353014,74,42,43586,445.937,1980
267164824460262,74,42,43586,419.584,1980
267164874571537,74,42,43586,419.584,1980
267164924676401,75,43,43586,392.892,1980
267164974783755,75,43,43586,392.892,1980
267165024890615,75,43,43586,379.577,1980
267165074996585,75,43,43586,379.577,1980
267165125102755,76,44,43586,359.734,1980
267165175216114,76,44,43586,359.734,1980
267165225324791,76,44,43586,354.405,1980
267165275425650,76,44,43586,354.405,1980
267165325531655,77,45,43586,357.13,1980
267165375636519,77,45,43586,357.13,1980
267165425743956,77,45,43586,359.34,1980
267165475851577,77,45,43586,359.34,1980
267165525952454,78,47,43586,360.718,1980
267165576058830,78,47,43586,360.718,1980
267165626199462,78,47,43586,362.489,1980
267165676346986,78,47,43586,362.489,1980
267165726458449,79,47,43586,364.569,1980
267165776560917,79,47,43586,364.569,1980
267165826680187,79,47,43586,365.85,1980
267165876788022,79,47,43586,365.85,1980
267165926901624,80,48,43586,368.958,1980
267165977009528,80,48,43586,368.958,1980
267166027122259,80,48,43586,371.781,1980
267166077228842,80,48,43586,371.781,1980
267166127338024,81,49,43586,375.835,1980
267166177452212,81,49,43586,375.835,1980
267166227563697,81,49,43586,378.658,1980
267166277681111,81,49,43586,378.658,1980
267166327859437,82,50,43586,380.697,1980
267166377966483,82,50,43586,380.697,1980
267166428070068,82,50,43586,383.153,1980
267166478190373,82,50,43586,383.153,1980
267166528306668,86,52,43586,385.14,1980
267166578412724,86,52,43586,385.14,1980
267166628515141,86,52,43586,389.716,1980
267166678667205,86,52,43586,389.716,1980
267166728768899,86,52,43586,391.879,1980
267166778873637,86,52,43586,391.879,1980
267166828988322,86,52,43586,396.67,1980
267166879121783,86,52,43586,396.67,1980
267166929225252,86,53,43586,398.948,1980
267166979331834,86,53,43586,398.948,1980
267167029447692,86,53,43586,402.732,1980
267167079555195,86,53,43586,402.732,1980
267167129663308,88,55,43586,404.819,1980
267167179766018,88,55,43586,404.819,1980
267167229866395,88,55,43586,408.204,1980
267167279976439,88,55,43586,408.204,1980
267167330083090,90,56,43586,411.682,1980
267167380240910,90,56,43586,411.682,1980
267167430382008,90,56,43586,416.289,1980
267167480537063,90,56,43586,416.289,1980
267167530659755,90,57,43586,418.201,1980
267167580772396,90,57,43586,418.201,1980
267167630882141,90,57,43586,419.123,1980
267167681009211,90,57,43586,419.123,1980
267167731133559,91,59,43586,423.739,1980
267167781239336,91,59,43586,423.739,1980
267167831356502,91,59,43586,425.989,1980
267167881458649,91,59,43586,425.989,1980
267167931559839,91,59,43586,429.366,1980
267167981735743,91,59,43586,429.366,1980
267168031858601,91,59,43586,431.416,1980
267168081966627,91,59,43586,431.416,1980
267168132095856,93,60,43586,435.064,1980
267168182203803,93,60,43586,435.064,1980
267168232318594,93,60,43586,435.957,1980
267168282424571,93,60,43586,435.957,1980
267168332556544,93,60,43586,438.256,1980
267168382665528,93,60,43586,438.256,1980
267168432771736,93,60,43586,439.905,1980
267168482875423,93,60,43586,439.905,1980
267168532976822,94,62,43586,442.679,1980
267168583080298,94,62,43586,442.679,1980
267168633192775,94,62,43586,444.893,1980
267168683303235,94,62,43586,444.893,1980
267168733413069,94,62,43586,446.188,1980
267168783521271,94,62,43586,446.188,1980
267168833624433,94,62,43586,447.576,1980
267168883730272,94,62,43586,447.576,1980
267168933836762,95,63,43586,449.294,1980
267168983950104,95,63,43586,449.294,1980
267169034064060,95,63,43586,450.933,1980
267169084170538,95,63,43586,450.933,1980
267169134277845,95,64,43586,451.934,1980
267169184393693,95,64,43586,451.934,1980
267169234495885,95,64,43586,454.534,1980
267169284618312,95,64,43586,454.534,1980
267169334725724,95,64,43586,453.888,1980
267169384831455,95,64,43586,453.888,1980
267169434937105,95,64,43586,456.103,1980
267169485044239,95,64,43586,456.103,1980
267169535145690,95,63,43586,457.489,1980
267169585264407,95,63,43586,457.489,1980
267169635367113,95,63,43586,459.323,1980
267169685471793,95,63,43586,459.323,1980
267169735577096,95,63,43586,460.215,1980
267169785681931,95,63,43586,460.215,1980
267169835781189,95,63,43586,457.523,1980
267169885883986,95,63,43586,457.523,1980
267169936038992,96,64,43586,457.795,1980
267169986142240,96,64,43586,457.795,1980
267170036251313,96,64,43586,457.683,1980
267170086375171,96,64,43586,457.683,1980
267170136480978,97,65,43586,460.74,1980
267170186586396,97,65,43586,460.74,1980
267170236729750,97,65,43586,454.823,1980
267170286844498,97,65,43586,454.823,1980
267170336951931,81,44,43586,463.854,1980
267170387063691,81,44,43586,463.854,1980
267170437184729,81,44,43586,476.711,1980
267170487296806,81,44,43586,476.711,1980
267170537399215,95,54,43586,492.258,1980
267170587503762,95,54,43586,492.258,1980
267170637608528,95,54,43586,507.567,1980
267170687710472,95,54,43586,507.567,1980
267170737822382,98,57,43586,520.704,1980
267170787922887,98,57,43586,520.704,1980
267170838028557,98,57,43586,539.701,1980
267170888129593,98,57,43586,539.701,1980
267170938239512,96,55,43586,556.405,1980
267170988340618,96,55,43586,556.405,1980
267171038441977,96,55,43586,570.14,1980
267171088548934,96,55,43586,570.14,1980
267171138653436,97,54,43586,581.105,1980
267171188755451,97,54,43586,581.105,1980
267171238860330,97,54,43586,601.382,1980
267171288972311,97,54,43586,594.854,1980
267171339093153,62,48,43586,594.854,1980
267171389230927,62,48,43586,578.434,1980
267171439354582,62,48,43586,578.434,1980
267171489469563,64,33,43586,547.755,1980
267171539573625,64,33,43586,547.755,1980
267171589675710,64,33,43586,522.6,1980
267171639791866,64,33,43586,522.6,1980
267171689898063,69,36,43586,494.608,1980
267171740021520,69,36,43586,494.608,1980
267171790151428,69,36,43586,468.636,1980
267171840264813,69,36,43586,468.636,1980
267171890379915,70,37,43586,437.396,1980
267171940487934,70,37,43586,437.396,1980
267171990587667,70,37,43586,408.71,1980
267172040703067,70,37,43586,408.71,1980
267172090817449,70,38,43586,382.434,1980
267172140933501,70,38,43586,382.434,1980
267172191040138,70,38,43586,356.691,1980
267172241138795,70,38,43586,356.691,1980
267172291238639,72,39,43586,351.726,1980
267172341361100,72,39,43586,351.726,1980
267172391476476,72,39,43586,335.814,1980
267172441576495,72,39,43586,335.814,1980
267172491684396,73,40,43586,338.835,1980
267172541792253,73,40,43586,338.835,1980
267172591901019,73,40,43586,340.013,1980
267172642013740,73,40,43586,340.013,1980
267172692123890,73,42,43586,341.402,1980
267172742228796,73,42,43586,341.402,1980
267172792367027,73,42,43586,344.969,1980
267172842470946,73,42,43586,344.969,1980
267172892577632,74,42,43586,345.437,1980
267172942675742,74,42,43586,345.437,1980
267172992777730,74,42,43586,348.374,1980
267173042886288,74,42,43586,348.374,1980
267173092991556,75,43,43586,349.996,1980
267173143098724,75,43,43586,349.996,1980
267173193205666,75,43,43586,353.989,1980
267173243319497,75,43,43586,353.989,1980
267173293443081,76,44,43586,355.042,1980
267173343561656,76,44,43586,355.042,1980
267173393679063,76,44,43586,357.862,1980
267173443785758,76,44,43586,357.862,1980
267173493888835,78,46,43586,360.154,1980
267173543993261,78,46,43586,360.154,1980
267173594098097,78,46,43586,364.815,1980
267173644221183,78,46,43586,364.815,1980
267173694321149,79,47,43586,367.758,1980
267173744446074,79,47,43586,367.758,1980
267173794554458,79,47,43586,371.003,1980
267173844665738,79,47,43586,371.003,1980
267173894779081,80,48,43586,374.335,1980
267173944939783,80,48,43586,374.335,1980
267173995052827,80,48,43586,377.156,1980
267174045160840,80,48,43586,377.156,1980
267174095275160,80,49,43586,381.214,1980
267174145373873,80,49,43586,381.214,1980
267174195476623,80,49,43586,384.019,1980
267174245589999,80,49,43586,384.019,1980
267174295691245,82,51,43586,385.726,1980
267174345790197,82,51,43586,385.726,1980
267174395904064,82,51,43586,388.442,1980
267174446021388,82,51,43586,388.442,1980
267174496133039,84,51,43586,389.918,1980
267174546244817,84,51,43586,389.918,1980
267174596372817,84,51,43586,389.438,1980
267174646484974,84,51,43586,389.438,1980
267174696599920,85,52,43586,391.042,1980
267174746699794,85,52,43586,391.042,1980
267174796799573,85,52,43586,393.031,1980
267174846900288,85,52,43586,393.031,1980
267174897017817,87,54,43586,395.326,1980
267174947128801,87,54,43586,395.326,1980
267174997230470,87,54,43586,397.866,1980
267175047334368,87,54,43586,397.866,1980
267175097461776,88,55,43586,399.036,1980
267175147565272,88,55,43586,399.036,1980
267175197670072,88,55,43586,400.066,1980
267175247772862,88,55,43586,400.066,1980
267175297879215,88,56,43586,404.748,1980
267175347978388,88,56,43586,404.748,1980
267175398086394,88,56,43586,406.809,1980
267175448188059,88,56,43586,406.809,1980
267175498294088,90,57,43586,410.608,1980
267175548401296,90,57,43586,410.608,1980
267175598512546,90,57,43586,414.501,1980
267175648612767,90,57,43586,414.501,1980
267175698715357,90,57,43586,417.628,1980
267175748813854,90,57,43586,417.628,1980
267175798927973,90,57,43586,422.555,1980
267175849039965,90,57,43586,422.555,1980
267175899144984,92,59,43586,423.866,1980
267175949246438,92,59,43586,423.866,1980
267175999355058,92,59,43586,426.398,1980
267176049453767,92,59,43586,426.398,1980
267176099568691,93,60,43586,429.445,1980
267176149691449,93,60,43586,429.445,1980
267176199792560,93,60,43586,432.941,1980
267176249896432,93,60,43586,432.941,1980
267176300010136,92,60,43586,434.693,1980
267176350135789,92,60,43586,434.693,1980
267176400245465,92,60,43586,437.532,1980
267176450353213,92,60,43586,437.532,1980
267176500465053,94,62,43586,440.659,1980
267176550578985,94,62,43586,440.659,1980
267176600691374,94,62,43586,440.944,1980
267176650810324,94,62,43586,440.944,1980
267176704317901,94,62,43586,442.71,1980
267176754428083,94,62,43586,442.71,1980
267176804544327,94,62,43586,444.051,1980
267176854648820,94,62,43586,444.051,1980
267176904755259,95,63,43586,447.402,1980
267176954894925,95,63,43586,447.402,1980
267177005034996,95,63,43586,447.664,1980
267177055148346,95,63,43586,447.664,1980
267177105288812,95,63,43586,448.947,1980
267177155404360,95,63,43586,448.947,1980
267177205518146,95,63,43586,451.095,1980
267177255632869,95,63,43586,451.095,1980
267177305742688,81,51,43586,452.038,1980
267177355935228,81,51,43586,452.038,1980
267177406045417,81,51,43586,466.038,1980
267177456147046,81,51,43586,466.038,1980
267177506345575,98,53,43586,478.921,1980
267177556478773,98,53,43586,478.921,1980
267177606588722,98,53,43586,496.335,1980
267177656693971,98,53,43586,496.335,1980
267177706825963,95,53,43586,512.62,1980
267177756940821,95,53,43586,512.62,1980
267177807047844,95,53,43586,529.063,1980
267177857163383,95,53,43586,529.063,1980
267177907268091,97,52,43586,540.993,1980
267177957392965,97,52,43586,540.993,1980
267178007503408,97,52,43586,556.227,1980
267178057607619,97,52,43586,556.227,1980
267178107706847,98,55,43586,568.829,1980
267178157804589,98,55,43586,568.829,1980
267178207904370,98,55,43586,582.992,1980
267178258044650,98,55,43586,582.992,1980
267178308150937,61,48,43586,586.197,1980
267178358260476,61,48,43586,586.197,1980
267178408403719,61,48,43586,581.927,1965
267178458507599,61,48,43586,581.927,1965
267178508619993,73,41,43586,560.731,1965
267178558729071,73,41,43586,560.731,1965
267178608833166,73,41,43586,534.61,1965
267178658948982,73,41,43586,534.61,1965
267178709057441,75,43,43586,508.683,1980
267178759174833,75,43,43586,508.683,1980
267178809278346,75,43,43586,484.059,1980
267178859387218,75,43,43586,484.059,1980
267178909487709,75,43,43586,460.022,1980
267178959603122,75,43,43586,460.022,1980
267179009712009,75,43,43586,435.978,1980
267179059816836,75,43,43586,435.978,1980
267179109924776,76,44,43586,418.982,1980
267179160037601,76,44,43586,418.982,1980
267179210140676,76,44,43586,396.304,1980
267179260331871,76,44,43586,396.304,1980
267179310513783,78,46,43586,388.008,1980
267179360647302,78,46,43586,388.008,1980
267179410767979,78,46,43586,365.215,1980
267179460899854,78,46,43586,365.215,1980
267179511017208,79,47,43586,365.838,1980
267179561124018,79,47,43586,365.838,1980
267179611226319,79,47,43586,368.762,1980
267179661330659,79,47,43586,368.762,1980
267179711437180,80,48,43586,371.985,1980
267179761556604,80,48,43586,371.985,1980
267179811664406,80,48,43586,375.87,1980
267179861772897,80,48,43586,375.87,1980
267179911901389,81,49,43586,376.065,1980
267179962018159,81,49,43586,376.065,1980
267180012132587,81,49,43586,380.062,1980
267180062237124,81,49,43586,380.062,1980
267180112336908,81,50,43586,381.184,1980
267180162449239,81,50,43586,381.184,1980
267180212562001,81,50,43586,384.362,1980
267180262664644,81,50,43586,384.362,1980
267180312771824,84,51,43586,386.452,1980
267180362886507,84,51,43586,386.452,1980
267180412995357,84,51,43586,388.168,1980
267180463101373,84,51,43586,388.168,1980
267180513202111,86,53,43586,390.187,1980
267180563301367,86,53,43586,390.187,1980
267180613404342,86,53,43586,392.686,1980
267180663509003,86,53,43586,392.686,1980
267180713643816,87,54,43586,396.066,1980
267180763751026,87,54,43586,396.066,1980
267180813860147,87,54,43586,399.51,1980
267180863967828,87,54,43586,399.51,1980
267180914069348,89,55,43586,403.596,1980
267180964183925,89,55,43586,403.596,1980
267181014285470,89,55,43586,407.337,1980
267181064399947,89,55,43586,407.337,1980
267181114509527,89,56,43586,410.819,1980
267181164622520,89,56,43586,410.819,1980
267181214744286,89,56,43586,415.464,1980
267181264879635,89,56,43586,415.464,1980
267181314982633,89,57,43586,417.988,1980
267181365105032,89,57,43586,417.988,1980
267181416039562,89,57,43586,422.688,1980
267181466149995,89,57,43586,422.688,1980
267181516266176,91,58,43586,426.534,1980
267181566382881,91,58,43586,426.534,1980
267181616497986,91,58,43586,428.132,1980
267181666606602,91,58,43586,428.132,1980
267181716716245,92,59,43586,429.397,1980
267181766830173,92,59,43586,429.397,1980
267181816941581,92,59,43586,431.204,1980
267181867057060,92,59,43586,431.204,1980
267181917173251,93,60,43586,432.434,1980
267181967274861,93,60,43586,432.434,1980
267182017376767,93,60,43586,434.019,1980
267182067483921,93,60,43586,434.019,1980
267182117584140,93,61,43586,436.727,1980
267182167685219,93,61,43586,436.727,1980
267182217794730,93,61,43586,437.143,1980
267182267904985,93,61,43586,437.143,1980
267182318030370,93,61,43586,439.264,1980
267182368134584,93,61,43586,439.264,1980
267182418250894,93,61,43586,440.242,1980
267182468355294,93,61,43586,440.242,1980
267182518458848,95,62,43586,443.14,1980
267182568563824,95,62,43586,443.14,1980
267182618670771,95,62,43586,446.076,1980
267182668782533,95,62,43586,446.076,1980
267182718894799,94,62,43586,446.259,1980
267182769029330,94,62,43586,446.259,1980
267182819135275,94,62,43586,447.104,1980
267182869242045,94,62,43586,447.104,1980
267182919350688,95,63,43586,447.478,1980
267182969450006,95,63,43586,447.478,1980
267183019565362,95,63,43586,449.09,1980
267183069677578,95,63,43586,449.09,1980
267183119789500,95,64,43586,447.717,1980
267183169890490,95,64,43586,447.717,1980
267183219991424,95,64,43586,449.504,1980
267183270122689,95,64,43586,449.504,1980
267183320227263,95,64,43586,451.239,1980
267183370340968,95,64,43586,451.239,1980
267183420449768,95,64,43586,454.194,1980
267183470558531,95,64,43586,454.194,1980
267183520671795,95,63,43586,456.21,1980
267183570785494,95,63,43586,456.21,1980
267183620907935,95,63,43586,457.797,1980
267183671076053,95,63,43586,457.797,1980
267183721244033,95,64,43586,461.342,1980
267183771352151,95,64,43586,461.342,1980
267183821455298,95,64,43586,463.233,1980
267183871555247,95,64,43586,463.233,1980
267183921655803,96,64,43586,467.683,1980
267183971757381,96,64,43586,467.683,1980
267184021879735,96,64,43586,471.482,1980
267184071990365,96,64,43586,471.482,1980
267184122104588,96,64,43586,477.933,1980
267184172217473,96,64,43586,477.933,1980
267184222327896,96,64,43586,476.896,1980
267184272447829,96,64,43586,476.896,1980
267184322554753,96,65,43586,475.786,1980
267184372667899,96,65,43586,475.786,1980
267184422791456,96,65,43586,476.06,1980
267184472930034,96,65,43586,476.06,1980
267184523048915,81,48,43586,486.106,1980
267184573166832,81,48,43586,486.106,1980
267184623284210,81,48,43586,496.984,1980
267184673402220,81,48,43586,496.984,1980
267184723508051,95,56,43586,512.023,1980
267184773613884,95,56,43586,512.023,1980
267184823715946,95,56,43586,521.333,1980
267184873815359,95,56,43586,521.333,1980
267184923925062,95,55,43586,531.381,1980
267184974036117,95,55,43586,531.381,1980
267185024137799,95,55,43586,540.758,1980
267185074239033,95,55,43586,540.758,1980
267185124340017,97,54,43586,549.69,1980
267185174442487,97,54,43586,549.69,1980
267185224542195,97,54,43586,561.288,1980
267185274640173,97,54,43586,561.288,1980
267185324736621,95,54,43586,575.833,1980
267185374840394,95,54,43586,575.833,1980
267185424943728,95,54,43586,586.319,1980
267185475047995,95,54,43586,586.319,1980
267185525155852,82,57,43586,576.677,1980
267185575267813,82,57,43586,576.677,1980
267185625375026,82,57,43586,574.51,1980
267185675479464,82,57,43586,574.51,1980
267185725584215,68,35,43586,547.709,1980
267185775687636,68,35,43586,547.709,1980
267185825842674,68,35,43586,521.804,1980
267185875955327,68,35,43586,521.804,1980
267185926333771,69,37,43586,500.119,1980
267185977344928,69,37,43586,500.119,1980
267186027456585,69,37,43586,473.961,1980
267186077569679,69,37,43586,473.961,1980
267186127683232,70,38,43586,446.635,1980
267186177794693,70,38,43586,446.635,1980
267186227900822,70,38,43586,427.508,1980
267186278099146,70,38,43586,427.508,1980
267186328200212,71,39,43586,397.767,1980
267186378302802,71,39,43586,397.767,1980
267186428406879,71,39,43586,377.161,1980
267186478513791,71,39,43586,377.161,1980
267186528631130,72,40,43586,363.828,1980
267186578745633,72,40,43586,363.828,1980
267186628873493,72,40,43586,340.91,1980
267186678999058,72,40,43586,340.91,1980
267186729115302,73,41,43586,343.507,1980
267186779232336,73,41,43586,343.507,1980
267186829345472,73,41,43586,345.478,1980
267186879459093,73,41,43586,345.478,1980
267186929572594,74,42,43586,346.414,1980
267186979692488,74,42,43586,346.414,1980
267187029794451,74,42,43586,348.439,1980
267187079895855,74,42,43586,348.439,1980
267187130009400,76,44,43586,350.197,1980
267187180122347,76,44,43586,350.197,1980
267187230249763,76,44,43586,353.43,1980
267187280374008,76,44,43586,353.43,1980
267187330498211,77,45,43586,356.766,1980
267187380605475,77,45,43586,356.766,1980
267187430717718,77,45,43586,359.385,1980
267187480831847,77,45,43586,359.385,1980
267187530944569,77,46,43586,361.344,1980
267187581045997,77,46,43586,361.344,1980
267187631151200,77,46,43586,366.239,1980
267187681252335,77,46,43586,366.239,1980
267187731354123,79,47,43586,367.027,1980
267187781494429,79,47,43586,367.027,1980
267187831601871,79,47,43586,369.023,1980
267187881706497,79,47,43586,369.023,1980
267187931811445,80,48,43586,372.348,1980
267187981915475,80,48,43586,372.348,1980
267188032023047,80,48,43586,375.849,1980
267188082130662,80,48,43586,375.849,1980
267188132252854,80,49,43586,376.499,1980
267188182351762,80,49,43586,376.499,1980
267188232454322,80,49,43586,379.288,1980
267188282564223,80,49,43586,379.288,1980
267188332675189,82,50,43586,380.799,1980
267188382775906,82,50,43586,380.799,1980
267188432888840,82,50,43586,384.802,1980
267188482993513,82,50,43586,384.802,1980
267188533120215,83,51,43586,388.314,1980
267188583226657,83,51,43586,388.314,1980
267188633339282,83,51,43586,389.092,1980
267188683442720,83,51,43586,389.092,1980
267188733548648,85,52,43586,393.279,1980
267188783663558,85,52,43586,393.279,1980
267188833767731,85,52,43586,395.628,1980
267188883900869,85,52,43586,395.628,1980
267188934009139,87,53,43586,398.203,1980
267188984111568,87,53,43586,398.203,1980
267189034222008,87,53,43586,399.638,1980
267189084323884,87,53,43586,399.638,1980
267189134446927,88,55,43586,403.972,1980
267189184572507,88,55,43586,403.972,1980
267189234687435,88,55,43586,405.086,1980
267189284798418,88,55,43586,405.086,1980
267189334898627,88,56,43586,407.933,1980
267189384996527,88,56,43586,407.933,1980
267189435107177,88,56,43586,411.499,1980
267189485214318,88,56,43586,411.499,1980
267189535327688,90,57,43586,412.573,1980
267189585442801,90,57,43586,412.573,1980
267189635599454,90,57,43586,415.589,1980
267189685717315,90,57,43586,415.589,1980
267189735820446,90,57,43586,419.17,1980
267189785917730,90,57,43586,419.17,1980
267189836040041,90,57,43586,421.812,1980
267189886146494,90,57,43586,421.812,1980
267189936261188,92,59,43586,422.479,1980
267189986369585,92,59,43586,422.479,1980
267190036469698,92,59,43586,426.757,1980
267190086571506,92,59,43586,426.757,1980
267190136677557,93,60,43586,428.89,1980
267190186777844,93,60,43586,428.89,1980
267190236876253,93,60,43586,432.157,1980
267190286979536,93,60,43586,432.157,1980
267190337097556,93,61,43586,434.021,1980
267190387211699,93,61,43586,434.021,1980
267190437311369,93,61,43586,435.29,1980
267190487408747,93,61,43586,435.29,1980
267190537511714,94,61,43586,437.233,1980
267190587631692,94,61,43586,437.233,1980
267190637748171,94,61,43586,439.868,1980
267190687851758,94,61,43586,439.868,1980
267190737978288,95,62,43586,441.57,1980
267190788098902,95,62,43586,441.57,1980
267190838199245,95,62,43586,445.053,1980
267190888324924,95,62,43586,445.053,1980
267190938425544,95,63,43586,448.936,1980
267190988560980,95,63,43586,448.936,1980
267191038670828,95,63,43586,450.459,1980
267191088771400,95,63,43586,450.459,1980
267191138896523,95,63,43586,453.157,1980
267191189012995,95,63,43586,453.157,1980
267191239114464,95,63,43586,455.709,1980
267191289226075,95,63,43586,455.709,1980
267191339338510,95,64,43586,456.58,1980
267191389447842,95,64,43586,456.58,1980
267191439551390,95,64,43586,457.318,1980
267191489654292,95,64,43586,457.318,1980
267191539757087,95,64,43586,460.798,1980
267191589858495,95,64,43586,460.798,1980
267191639964599,95,64,43586,466.444,1980
267191690068715,95,64,43586,466.444,1980
267191740169451,96,50,43586,480.3,1980
267191790269492,96,50,43586,480.3,1980
267191840367594,96,50,43586,492.098,1980
267191890473220,96,50,43586,492.098,1980
267191940574267,98,56,43586,506.149,1980
267191990677329,98,56,43586,506.149,1980
267192040778173,98,56,43586,520.266,1980
267192090882107,98,56,43586,520.266,1980
267192140981013,95,53,43586,534.669,1980
267192191079936,95,53,43586,534.669,1980
267192241182480,95,53,43586,547.245,1980
267192291284114,95,53,43586,547.245,1980
267192341384550,96,51,43586,561.427,1980
267192391483853,96,51,43586,561.427,1980
267192441584660,96,51,43586,572.934,1980
267192491684143,96,51,43586,572.934,1980
267192541797496,98,55,43586,588.585,1980
267192591915080,98,55,43586,588.585,1980
267192642031824,98,55,43586,586.284,1980
267192692148969,98,55,43586,586.284,1980
267192742272460,87,52,43586,574.02,1965
267192792375457,87,52,43586,574.02,1965
267192842490770,87,52,43586,549.189,1965
267192892588820,87,52,43586,549.189,1965
267192942699001,72,40,43586,523.53,1965
267192992810969,72,40,43586,523.53,1965
267193042911155,72,40,43586,497.991,1980
267193093013485,72,40,43586,497.991,1980
267193143111610,73,41,43586,470.435,1980
267193193218930,73,41,43586,470.435,1980
267193243335304,73,41,43586,447.409,1980
267193293435511,73,41,43586,447.409,1980
267193343536975,74,42,43586,428.737,1980
267193393651155,74,42,43586,428.737,1980
267193443757375,74,42,43586,403.884,1980
267193493863076,74,42,43586,403.884,1980
267193543973601,75,43,43586,384.831,1980
267193594073629,75,43,43586,384.831,1980
267193644181457,75,43,43586,376.919,1980
267193694297614,75,43,43586,376.919,1980
267193744488085,76,44,43586,359.029,1980
267193794595374,76,44,43586,359.029,1980
267193844698480,76,44,43586,360.891,1980
267193894799931,76,44,43586,360.891,1980
267193944912086,77,45,43586,364.038,1980
267193995038685,77,45,43586,364.038,1980
267194045154937,77,45,43586,367.642,1980
267194095259376,77,45,43586,367.642,1980
267194145365255,78,46,43586,370.339,1980
267194195473443,78,46,43586,370.339,1980
267194245572959,78,46,43586,370.74,1980
267194295697817,78,46,43586,370.74,1980
267194345808444,79,47,43586,373.216,1980
267194395917408,79,47,43586,373.216,1980
267194446033111,79,47,43586,374.466,1980
267194496132124,79,47,43586,374.466,1980
267194546247759,81,49,43586,374.383,1980
267194596369243,81,49,43586,374.383,1980
267194646482164,81,49,43586,377.904,1980
267194696587389,81,49,43586,377.904,1980
267194746687480,82,50,43586,378.431,1980
267194796813852,82,50,43586,378.431,1980
267194846920242,82,50,43586,380.932,1980
267194897047288,82,50,43586,380.932,1980
267194947147079,82,51,43586,383.141,1980
267194997260733,82,51,43586,383.141,1980
267195047362709,82,51,43586,383.176,1980
267195097464381,82,51,43586,383.176,1980
267195147565030,86,52,43586,385.362,1980
267195197669008,86,52,43586,385.362,1980
267195247766888,86,52,43586,389.261,1980
267195297879769,86,52,43586,389.261,1980
267195347993982,87,53,43586,391.907,1980
267195398110631,87,53,43586,391.907,1980
267195448213583,87,53,43586,392.467,1980
267195498313475,87,53,43586,392.467,1980
267195548413579,87,54,43586,396.527,1980
267195598513524,87,54,43586,396.527,1980
267195648626268,87,54,43586,400.221,1980
267195698737251,87,54,43586,400.221,1980
267195748862202,89,56,43586,404.116,1980
267195798971535,89,56,43586,404.116,1980
267195849083930,89,56,43586,408.677,1980
267195899186536,89,56,43586,408.677,1980
267195949287530,90,57,43586,413.429,1980
267195999385724,90,57,43586,413.429,1980
267196049521589,90,57,43586,417.846,1980
267196099630005,90,57,43586,417.846,1980
267196149729863,90,57,43586,421.872,1980
267196199858258,90,57,43586,421.872,1980
267196249963361,90,57,43586,425.298,1980
267196300070365,90,57,43586,425.298,1980
267196350186547,92,59,43586,427.413,1980
267196400298835,92,59,43586,427.413,1980
267196450400363,92,59,43586,431.235,1980
267196500510579,92,59,43586,431.235,1980
267196550617843,93,60,43586,433.975,1980
267196600727197,93,60,43586,433.975,1980
267196650843882,93,60,43586,434.521,1980
267196700958398,93,60,43586,434.521,1980
267196751080163,93,61,43586,436.183,1980
267196801193768,93,61,43586,436.183,1980
267196851306825,93,61,43586,437.866,1980
267196901408813,93,61,43586,437.866,1980
267196951507519,94,61,43586,440.249,1980
267197001617645,94,61,43586,440.249,1980
267197051722037,94,61,43586,442.178,1980
267197101837842,94,61,43586,442.178,1980
267197151941937,93,61,43586,444.387,1980
267197202047852,93,61,43586,444.387,1980
267197252149181,93,61,43586,446.229,1980
267197302249922,93,61,43586,446.229,1980
267197352357360,95,63,43586,448.015,1980
267197402456178,95,63,43586,448.015,1980
267197452569878,95,63,43586,449.297,1980
267197502669797,95,63,43586,449.297,1980
267197552770060,95,63,43586,449.88,1980
267197602895357,95,63,43586,449.88,1980
267197652993807,95,63,43586,451.333,1980
267197703123291,95,63,43586,451.333,1980
267197753227601,95,63,43586,453.332,1980
267197803347352,95,63,43586,453.332,1980
267197853455392,95,63,43586,453.608,1980
267197903558638,95,63,43586,453.608,1980
267197953662851,95,64,43586,454.671,1980
267198003830965,95,64,43586,454.671,1980
267198053938956,95,64,43586,456.444,1980
267198104042731,95,64,43586,456.444,1980
267198154159621,95,63,43586,458.77,1980
267198204261945,95,63,43586,458.77,1980
267198254363145,95,63,43586,458.674,1980
267198304462899,95,63,43586,458.674,1980
267198354560911,95,64,43586,460.934,1980
267198404661544,95,64,43586,460.934,1980
267198454779976,95,64,43586,462.605,1980
267198504889349,95,64,43586,462.605,1980
267198554990060,96,64,43586,464.201,1980
267198605100909,96,64,43586,464.201,1980
267198655213559,96,64,43586,461.983,1980
267198705317878,96,64,43586,461.983,1980
267198755419997,77,50,43586,461.978,1980
267198805520462,77,50,43586,461.978,1980
267198855621872,77,50,43586,477.589,1980
267198905738325,77,50,43586,477.589,1980
267198955838267,96,53,43586,492.223,1980
267199005936524,96,53,43586,492.223,1980
267199056040057,96,53,43586,506.258,1980
267199106142922,96,53,43586,516.735,1980
267199156246096,97,53,43586,516.735,1980
267199206359598,97,53,43586,533.468,1980
267199256460444,97,53,43586,533.468,1980
267199306563365,98,55,43586,545.745,1980
267199356666082,98,55,43586,545.745,1980
267199406779759,98,55,43586,560.845,1980
267199456888070,98,55,43586,560.845,1980
267199506986777,95,54,43586,573.805,1980
267199557085773,95,54,43586,573.805,1980
267199607185339,95,54,43586,591.898,1980
267199658109559,95,54,43586,591.898,1980
267199708208345,95,59,43586,601.69,1980
267199758316339,95,59,43586,601.69,1980
267199808418748,95,59,43586,598.491,1965
267199858534098,95,59,43586,598.491,1965
267199908638216,86,53,43586,583.361,1965
267199958750370,86,53,43586,583.361,1965
267200008856221,86,53,43586,557.818,1965
267200058963360,86,53,43586,557.818,1965
267200109071332,75,43,43586,535.873,1965
267200159173950,75,43,43586,535.873,1965
267200209282348,75,43,43586,511.588,1980
267200259411453,75,43,43586,511.588,1980
267200309525600,75,44,43586,487.009,1980
267200359633946,75,44,43586,487.009,1980
267200409752822,75,44,43586,463.283,1980
267200459868794,75,44,43586,463.283,1980
267200509969574,77,45,43586,437.59,1980
267200560089136,77,45,43586,437.59,1980
267200610190735,77,45,43586,412.133,1980
267200660290867,77,45,43586,412.133,1980
267200710400482,77,46,43586,395.751,1980
267200760515496,77,46,43586,395.751,1980
267200810637240,77,46,43586,383.154,1980
267200860746384,77,46,43586,383.154,1980
267200910849904,79,47,43586,369.396,1980
267200960976268,79,47,43586,369.396,1980
267201011075709,79,47,43586,371.625,1980
267201061178254,79,47,43586,371.625,1980
267201111278077,79,48,43586,373.397,1980
267201161388242,79,48,43586,373.397,1980
267201211498314,79,48,43586,378.085,1980
267201261606115,79,48,43586,378.085,1980
267201311707047,81,49,43586,380.396,1980
267201361826573,81,49,43586,380.396,1980
267201411934901,81,49,43586,381.365,1980
267201462061756,81,49,43586,381.365,1980
267201512168567,82,50,43586,383.228,1980
267201562287072,82,50,43586,383.228,1980
267201612405039,82,50,43586,385.926,1980
267201662507189,82,50,43586,385.926,1980
267201712626104,85,51,43586,388.581,1980
267201762737206,85,51,43586,388.581,1980
267201812846280,85,51,43586,391.107,1980
267201862955623,85,51,43586,391.107,1980
267201913068211,85,52,43586,392.793,1980
267201963173066,85,52,43586,392.793,1980
267202013283564,85,52,43586,395.639,1980
267202063383862,85,52,43586,395.639,1980
267202113482561,86,53,43586,398.28,1980
267202163600572,86,53,43586,398.28,1980
267202213705061,86,53,43586,400.257,1980
267202263812666,86,53,43586,400.257,1980
267202313935971,88,55,43586,404.983,1980
267202364051253,88,55,43586,404.983,1980
267202414160503,88,55,43586,408.671,1980
267202464276939,88,55,43586,408.671,1980
267202514387517,88,56,43586,411.679,1980
267202564492937,88,56,43586,411.679,1980
267202614596946,88,56,43586,414.501,1980
267202664697919,88,56,43586,414.501,1980
267202714807275,91,57,43586,416.651,1980
267202764960240,91,57,43586,416.651,1980
267202815068086,91,57,43586,419.5,1980
267202865182504,91,57,43586,419.5,1980
267202915287223,91,58,43586,423.157,1980
267202965391424,91,58,43586,423.157,1980
267203015506461,91,58,43586,425.058,1980
267203065635171,91,58,43586,425.058,1980
267203115733874,93,60,43586,429.363,1980
267203165843463,93,60,43586,429.363,1980
267203215953262,93,60,43586,431.914,1980
267203266056648,93,60,43586,431.914,1980
267203316170431,93,60,43586,432.86,1980
267203366278161,93,60,43586,432.86,1980
267203416408287,93,60,43586,435.426,1980
267203466513695,93,60,43586,435.426,1980
267203516615272,93,61,43586,437.361,1980
267203566718180,93,61,43586,437.361,1980
267203616829207,93,61,43586,440.785,1980
267203666947148,93,61,43586,440.785,1980
267203717060644,95,62,43586,444.071,1980
267203767163262,95,62,43586,444.071,1980
267203817267175,95,62,43586,444.763,1980
267203867370788,95,62,43586,444.763,1980
267203917478198,94,62,43586,445.677,1980
267203967584585,94,62,43586,445.677,1980
267204017683675,94,62,43586,449.175,1980
267204067791057,94,62,43586,449.175,1980
267204117904735,95,63,43586,451.182,1980
267204168017169,95,63,43586,451.182,1980
267204218126367,95,63,43586,452.747,1980
267204268234195,95,63,43586,452.747,1980
267204318338096,95,63,43586,453.353,1980
267204368440444,95,63,43586,453.353,1980
267204418634720,95,63,43586,454.939,1980
267204468782664,95,63,43586,454.939,1980
267204518912114,94,63,43586,457.308,1980
267204569039645,94,63,43586,457.308,1980
267204619174902,94,63,43586,453.809,1980
267204669293795,94,63,43586,453.809,1980
267204719411282,95,63,43586,455.887,1980
267204769524461,95,63,43586,455.887,1980
267204819630515,95,63,43586,457.685,1980
267204869738389,95,63,43586,457.685,1980
267204919843906,95,63,43586,460.162,1980
267204969954259,95,63,43586,460.162,1980
267205020063564,95,63,43586,458.982,1980
267205070176103,95,63,43586,458.982,1980
267205120296555,96,64,43586,459.648,1980
267205170400802,96,64,43586,459.648,1980
267205220524715,96,64,43586,461.558,1980
267205270627933,96,64,43586,461.558,1980
267205320761825,96,65,43586,460.764,1980
267205370868197,96,65,43586,460.764,1980
267205420977696,96,65,43586,458.654,1980
267205471080122,96,65,43586,458.654,1980
267205521179416,96,65,43586,457.969,1980
267205571288533,96,65,43586,457.969,1980
267205621398115,96,65,43586,459.846,1980
267205671515007,96,65,43586,459.846,1980
267205721615779,96,65,43586,463.778,1980
267205771728147,96,65,43586,463.778,1980
267205821836820,96,65,43586,464.241,1980
267205871956733,96,65,43586,464.241,1980
267205922366839,97,66,43586,465.85,1980
267205972475255,97,66,43586,465.85,1980
267206022606626,97,66,43586,470.977,1980
267206072742330,97,66,43586,470.977,1980
267206122849453,95,53,43586,483.413,1980
267206172955206,95,53,43586,483.413,1980
267206223057933,95,53,43586,494.179,1980
267206273166485,95,53,43586,494.179,1980
267206323277835,95,55,43586,509.861,1980
267206373384747,95,55,43586,509.861,1980
267206423484117,95,55,43586,525.21,1980
267206473583523,95,55,43586,525.21,1980
267206523688575,97,55,43586,536.554,1980
267206573794058,97,55,43586,536.554,1980
267206623897116,97,55,43586,553.767,1980
267206680238090,97,55,43586,553.767,1980
267206730340644,95,55,43586,564.372,1980
267206780462112,95,55,43586,564.372,1980
267206830562848,95,55,43586,572.99,1980
267206880669222,95,55,43586,572.99,1980
267206930770610,97,54,43586,586.517,1980
267206980875938,97,54,43586,586.517,1980
267207030983347,97,54,43586,591.887,1980
267207081099128,97,54,43586,591.887,1980
267207131218058,64,49,43586,582.945,1980
267207181341623,64,49,43586,582.945,1980
267207231449378,64,49,43586,558.223,1980
267207281555389,64,49,43586,558.223,1980
267207331660398,64,33,43586,530.203,1980
267207381793457,64,33,43586,530.203,1980
267207431922723,64,33,43586,501.382,1980
267207482038070,64,33,43586,501.382,1980
267207532176448,65,34,43586,478.038,1980
267207582280572,65,34,43586,478.038,1980
267207632408074,65,34,43586,450.634,1980
267207682511444,65,34,43586,450.634,1980
267207732623072,69,36,43586,420.198,1980
267207782724075,69,36,43586,420.198,1980
267207832829299,69,36,43586,395.333,1980
267207882939846,69,36,43586,395.333,1980
267207933046349,69,37,43586,370.982,1980
267207983160482,69,37,43586,370.982,1980
267208033274945,69,37,43586,349.656,1980
267208083397238,69,37,43586,349.656,1980
267208133497511,70,38,43586,340.438,1980
267208183598125,70,38,43586,340.438,1980
267208233706722,70,38,43586,333.251,1980
267208283810712,70,38,43586,333.251,1980
267208333912432,71,39,43586,334.748,1980
267208384017105,71,39,43586,334.748,1980
267208434132014,71,39,43586,338.057,1980
267208484231662,71,39,43586,338.057,1980
267208534344133,72,40,43586,340.457,1980
267208584448920,72,40,43586,340.457,1980
267208634549410,72,40,43586,342.37,1980
267208684671772,72,40,43586,342.37,1980
267208734773770,73,41,43586,345.483,1980
267208784873555,73,41,43586,345.483,1980
267208834981897,73,41,43586,348.413,1980
267208885082885,73,41,43586,348.413,1980
267208935184585,73,42,43586,348.959,1980
267208985285351,73,42,43586,348.959,1980
267209035410856,73,42,43586,351.942,1980
267209085517363,73,42,43586,351.942,1980
267209135618557,75,43,43586,353.064,1980
267209185827435,75,43,43586,353.064,1980
267209235939598,75,43,43586,354.18,1980
267209286041809,75,43,43586,354.18,1980
267209336158130,76,44,43586,357.479,1980
267209386263820,76,44,43586,357.479,1980
267209436364408,76,44,43586,359.912,1980
267209486471966,76,44,43586,359.912,1980
267209536581570,77,46,43586,362.863,1980
267209586691093,77,46,43586,362.863,1980
267209636803197,77,46,43586,366.602,1980
267209686904811,77,46,43586,366.602,1980
267209737016666,79,47,43586,367.813,1980
267209787121243,79,47,43586,367.813,1980
267209837236891,79,47,43586,372.635,1980
267209887354602,79,47,43586,372.635,1980
267209937455592,79,47,43586,374.889,1980
267209987566644,79,47,43586,374.889,1980
267210037667798,79,47,43586,378.63,1980
267210087773451,79,47,43586,378.63,1980
267210137879085,81,49,43586,380.2,1980
267210187984529,81,49,43586,380.2,1980
267210238091609,81,49,43586,382.614,1980
267210288203139,81,49,43586,382.614,1980
267210338311413,82,50,43586,387.09,1980
267210388418169,82,50,43586,387.09,1980
267210438520484,82,50,43586,387.977,1980
267210488717807,82,50,43586,387.977,1980
267210538822607,82,51,43586,390.208,1980
267210588924846,82,51,43586,390.208,1980
267210639036950,82,51,43586,393.766,1980
267210689138289,82,51,43586,393.766,1980
267210739244227,86,52,43586,396.313,1980
267210789359179,86,52,43586,396.313,1980
267210839462255,86,52,43586,399.09,1980
267210889575377,86,52,43586,399.09,1980
267210939675485,86,53,43586,401.432,1980
267210989783777,86,53,43586,401.432,1980
267211039884764,86,53,43586,402.014,1980
267211091139277,86,53,43586,402.014,1980
267211141249642,88,55,43586,406.005,1980
267211191353691,88,55,43586,406.005,1980
267211241463214,88,55,43586,409.024,1980
267211291579959,88,55,43586,409.024,1980
267211341684976,89,56,43586,410.007,1980
267211391804396,89,56,43586,410.007,1980
267211441921017,89,56,43586,414.927,1980
267211492028686,89,56,43586,414.927,1980
267211542154792,89,56,43586,417.398,1980
267211592264606,89,56,43586,417.398,1980
267211642374726,89,56,43586,421.201,1980
267211692490383,89,56,43586,421.201,1980
267211742600196,91,58,43586,423.564,1980
267211792720476,91,58,43586,423.564,1980
267211842824871,91,58,43586,423.787,1980
267211892930002,91,58,43586,423.787,1980
267211943051167,91,58,43586,426.181,1980
267211993155539,91,58,43586,426.181,1980
267212043281253,91,58,43586,429.428,1980
267212093387936,91,58,43586,429.428,1980
267212143503174,92,59,43586,431.915,1980
267212193603661,92,59,43586,431.915,1980
267212243706659,92,59,43586,433.978,1980
267212293809048,92,59,43586,433.978,1980
267212343915648,93,61,43586,438.039,1980
267212394035295,93,61,43586,438.039,1980
267212444143642,93,61,43586,439.969,1980
267212494359747,93,61,43586,439.969,1980
267212544524121,94,61,43586,442.088,1980
267212594644033,94,61,43586,442.088,1980
267212644758813,94,61,43586,443.139,1980
267212694875440,94,61,43586,443.139,1980
267212745031243,95,62,43586,445.322,1980
267212795166958,95,62,43586,445.322,1980
267212845287114,95,62,43586,447.422,1980
267212895388779,95,62,43586,447.422,1980
267212945491851,95,63,43586,449.436,1980
267212995612203,95,63,43586,449.436,1980
267213048033861,95,63,43586,452.264,1980
267213098153789,95,63,43586,452.264,1980
267213148258957,78,50,43586,456.466,1980
267213198367532,78,50,43586,456.466,1980
267213248481416,78,50,43586,471.371,1980
267213298601869,78,50,43586,471.371,1980
267213348705891,98,56,43586,486.967,1980
267213398831275,98,56,43586,486.967,1980
267213448950408,98,56,43586,500.241,1980
267213499057101,98,56,43586,500.241,1980
267213549159580,95,56,43586,513.221,1980
267213599257214,95,56,43586,513.221,1980
267213649357013,95,56,43586,529.287,1980
267213699459021,95,56,43586,529.287,1980
267213749564879,96,56,43586,545.317,1980
267213799667162,96,56,43586,545.317,1980
267213849767576,96,56,43586,557.615,1980
267213899867333,96,56,43586,557.615,1980
267213949968034,95,56,43586,572.843,1980
267214000112971,95,56,43586,572.843,1980
267214050276717,95,56,43586,578.001,1980
267214100391762,95,56,43586,578.001,1980
267214150509636,58,47,43586,589.675,1965
267214200626648,58,47,43586,589.675,1965
267214250739605,58,47,43586,572.213,1965
267214300846158,58,47,43586,572.213,1965
267214350977764,72,40,43586,545.994,1965
267214401084522,72,40,43586,545.994,1965
267214451190749,72,40,43586,521.327,1980
267214501318367,72,40,43586,521.327,1980
267214551420195,73,41,43586,500.941,1980
267214601533862,73,41,43586,500.941,1980
267214651643110,73,41,43586,474.428,1980
267214701752165,73,41,43586,474.428,1980
267214751859361,73,42,43586,450.227,1980
267214801962878,73,42,43586,450.227,1980
267214852066542,73,42,43586,426.365,1980
267214902178887,73,42,43586,426.365,1980
267214952289828,75,43,43586,401.702,1980
267215002397729,75,43,43586,401.702,1980
267215052516963,75,43,43586,387.52,1980
267215102639560,75,43,43586,387.52,1980
267215152761795,76,44,43586,367.168,1980
267215202866632,76,44,43586,367.168,1980
267215252972248,76,44,43586,361.603,1980
267215303078210,76,44,43586,361.603,1980
267215353180163,77,45,43586,364.794,1980
267215403292602,77,45,43586,364.794,1980
267215453408389,77,45,43586,369.058,1980
267215503528662,77,45,43586,369.058,1980
267215553631022,77,46,43586,368.415,1980
267215603738993,77,46,43586,368.415,1980
267215653853097,77,46,43586,371.052,1980
267215703974782,77,46,43586,371.052,1980
267215754074624,80,48,43586,373.113,1980
267215804178749,80,48,43586,373.113,1980
267215854292885,80,48,43586,373.918,1980
267215904411991,80,48,43586,373.918,1980
267215955362217,81,49,43586,377.26,1980
267216005482235,81,49,43586,377.26,1980
267216055613587,81,49,43586,381.234,1980
267216105730886,81,49,43586,381.234,1980
267216155832732,81,50,43586,383.315,1980
267216205937488,81,50,43586,383.315,1980
267216256044878,81,50,43586,385.374,1980
267216306176425,81,50,43586,385.374,1980
267216356288735,83,51,43586,387.475,1980
267216406395897,83,51,43586,387.475,1980
267216456504102,83,51,43586,390.134,1980
267216506650205,83,51,43586,390.134,1980
267216556759468,85,52,43586,393.593,1980
267216606871878,85,52,43586,393.593,1980
267216656983768,85,52,43586,398.07,1980
267216707085618,85,52,43586,398.07,1980
267216757186019,87,54,43586,400.19,1980
267216807295216,87,54,43586,400.19,1980
267216857401487,87,54,43586,403.001,1980
267216908896827,87,54,43586,403.001,1980
267216959008106,88,55,43586,405.796,1980
267217009139950,88,55,43586,405.796,1980
267217059239378,88,55,43586,406.301,1980
267217109341143,88,55,43586,406.301,1980
267217159444993,88,55,43586,408.782,1980
267217209549764,88,55,43586,408.782,1980
267217259673786,88,55,43586,410.868,1980
267217309774740,88,55,43586,410.868,1980
267217359899806,90,57,43586,414.269,1980
267217410014109,90,57,43586,414.269,1980
267217460147762,90,57,43586,416.475,1980
267217510250415,90,57,43586,416.475,1980
267217560355647,89,57,43586,419.545,1980
267217610472249,89,57,43586,419.545,1980
267217660584982,89,57,43586,422.6,1980
267217710707423,89,57,43586,422.6,1980
267217760814629,92,59,43586,425.61,1980
267217810933491,92,59,43586,425.61,1980
267217861049049,92,59,43586,428.313,1980
267217911167260,92,59,43586,428.313,1980
267217961269709,92,59,43586,430.117,1980
267218011377127,92,59,43586,430.117,1980
267218061479592,92,59,43586,432.271,1980
267218111665597,92,59,43586,432.271,1980
267218161778613,92,60,43586,434.679,1980
267218211883407,92,60,43586,434.679,1980
267218261992315,92,60,43586,437.803,1980
267218312111867,92,60,43586,437.803,1980
267218362218916,94,61,43586,441.002,1980
267218412320439,94,61,43586,441.002,1980
267218462422032,94,61,43586,442.136,1980
267218512529260,94,61,43586,442.136,1980
267218562640190,93,62,43586,442.429,1980
267218612745657,93,62,43586,442.429,1980
267218662847520,93,62,43586,442.554,1980
267218712965446,93,62,43586,442.554,1980
267218763083209,95,63,43586,445.482,1980
267218813200413,95,63,43586,445.482,1980
267218863307287,95,63,43586,447.723,1980
267218913421912,95,63,43586,447.723,1980
267218963527170,95,63,43586,449.684,1980
267219013697024,95,63,43586,449.684,1980
267219063817713,95,63,43586,452.052,1980
267219113935327,95,63,43586,452.052,1980
267219164049528,95,64,43586,453.692,1980
267219214156947,95,64,43586,453.692,1980
267219264274489,95,64,43586,454.876,1980
267219314378012,95,64,43586,454.876,1980
267219364486783,95,64,43586,456.525,1980
267219414593731,95,64,43586,456.525,1980
267219464702486,95,64,43586,460.689,1980
267219514831592,95,64,43586,460.689,1980
267219564948748,95,63,43586,463.584,1980
267219615065549,95,63,43586,463.584,1980
267219665170571,95,63,43586,464.574,1980
267219715288443,95,63,43586,464.574,1980
267219765402555,96,64,43586,465.985,1980
267219815508060,96,64,43586,465.985,1980
267219865625401,96,64,43586,465.164,1980
267219915730984,96,64,43586,465.164,1980
267219965833485,96,64,43586,467.001,1980
267220015935750,96,64,43586,467.001,1980
267220066050050,96,64,43586,466.202,1980
267220116154798,96,64,43586,466.202,1980
267220166255725,96,65,43586,472.222,1980
267220216358731,96,65,43586,472.222,1980
267220266465449,96,65,43586,467.841,1980
267220316578540,96,65,43586,467.841,1980
267220366678672,82,44,43586,479.882,1980
267220416776854,82,44,43586,479.882,1980
267220466879126,82,44,43586,489.509,1980
267220516984285,82,44,43586,489.509,1980
267220567103266,97,53,43586,501.118,1980
267220617211037,97,53,43586,501.118,1980
267220667314148,97,53,43586,512.857,1980
267220717414629,97,53,43586,522.168,1980
267220767515386,98,55,43586,522.168,1980
267220817638284,98,55,43586,533.364,1980
267220867736966,98,55,43586,533.364,1980
267220917837973,96,55,43586,545.971,1980
267220967942711,96,55,43586,545.971,1980
267221018044412,96,55,43586,562.051,1980
267221068157045,96,55,43586,562.051,1980
267221118256551,96,56,43586,569.149,1980
267221168357416,96,56,43586,569.149,1980
267221219083106,96,56,43586,583.093,1980
267221269186733,96,56,43586,583.093,1980
267221319288636,65,49,43586,576.584,1980
267221369389637,65,49,43586,576.584,1980
267221419512423,65,49,43586,562.937,1980
267221469631484,65,49,43586,562.937,1980
267221519731111,70,38,43586,539.781,1980
267221569876510,70,38,43586,539.781,1980
267221619985321,70,38,43586,516.746,1980
267221670088869,70,38,43586,516.746,1980
267221720189590,71,39,43586,492.807,1980
267221770295671,71,39,43586,492.807,1980
267221820400745,71,39,43586,472.866,1980
267221870508108,71,39,43586,472.866,1980
267221920609686,72,40,43586,446.126,1980
267221970710511,72,40,43586,446.126,1980
267222020816767,72,40,43586,419.272,1980
267222070923763,72,40,43586,419.272,1980
267222121037936,72,41,43586,397.29,1980
267222171141667,72,41,43586,397.29,1980
267222221246732,72,41,43586,376.651,1980
267222271356989,72,41,43586,376.651,1980
267222321462412,74,43,43586,368.222,1980
267222371579671,74,43,43586,368.222,1980
267222421699392,74,43,43586,352.038,1980
267222471799453,74,43,43586,352.038,1980
267222521898449,75,43,43586,352.841,1980
267222572010970,75,43,43586,352.841,1980
267222622111795,75,43,43586,355.077,1980
267222672309295,75,43,43586,355.077,1980
267222722412168,77,45,43586,356.833,1980
267222772530481,77,45,43586,356.833,1980
267222822656876,77,45,43586,359.282,1980
267222872759407,77,45,43586,359.282,1980
267222922871403,77,45,43586,359.167,1980
267222972995211,77,45,43586,359.167,1980
267223023104118,77,45,43586,363.39,1980
267223073220373,77,45,43586,363.39,1980
267223123326807,79,47,43586,364.724,1980
267223173441412,79,47,43586,364.724,1980
267223223544584,79,47,43586,367.784,1980
267223273645875,79,47,43586,367.784,1980
267223323747227,80,48,43586,369.755,1980
267223373858925,80,48,43586,369.755,1980
267223423960232,80,48,43586,373.25,1980
267223474068468,80,48,43586,373.25,1980
267223524177948,81,49,43586,377.356,1980
267223574279699,81,49,43586,377.356,1980
267223624378823,81,49,43586,378.434,1980
267223674482112,81,49,43586,378.434,1980
267223724587528,82,50,43586,381.422,1980
267223774691681,82,50,43586,381.422,1980
267223824804968,82,50,43586,383.407,1980
267223874904444,82,50,43586,383.407,1980
267223925021675,84,51,43586,388.033,1980
267223975126090,84,51,43586,388.033,1980
267224025227480,84,51,43586,391.679,1980
267224075347609,84,51,43586,391.679,1980
267224125457335,85,52,43586,395.462,1980
267224175563258,85,52,43586,395.462,1980
267224225669893,85,52,43586,398.906,1980
267224275774002,85,52,43586,398.906,1980
267224325876255,86,53,43586,401.15,1980
267224375980548,86,53,43586,401.15,1980
267224426090910,86,53,43586,403.958,1980
267224476238876,86,53,43586,403.958,1980
267224526342636,88,55,43586,406.988,1980
267224576449468,88,55,43586,406.988,1980
267224626561650,88,55,43586,410.658,1980
267224676661016,88,55,43586,410.658,1980
267224726772122,87,55,43586,414.462,1980
267224776876268,87,55,43586,414.462,1980
267224827018601,87,55,43586,418.266,1980
267224877136899,87,55,43586,418.266,1980
267224927234316,89,56,43586,420.021,1980
267224977357930,89,56,43586,420.021,1980
267225027460756,89,56,43586,421.553,1980
267225077577795,89,56,43586,421.553,1980
267225127676530,90,57,43586,423.73,1980
267225177792752,90,57,43586,423.73,1980
267225227906695,90,57,43586,426.564,1980
267225278020965,90,57,43586,426.564,1980
267225328122777,92,59,43586,428.594,1980
267225378225105,92,59,43586,428.594,1980
267225428341286,92,59,43586,430.635,1980
267225478451841,92,59,43586,430.635,1980
267225528565706,92,60,43586,433.338,1980
267225578679380,92,60,43586,433.338,1980
267225628792062,92,60,43586,435.398,1980
267225678908034,92,60,43586,435.398,1980
267225729022649,93,61,43586,437.94,1980
267225779135328,93,61,43586,437.94,1980
267225829235757,93,61,43586,438.75,1980
267225879349059,93,61,43586,438.75,1980
267225929460514,94,62,43586,441.695,1980
267225979562058,94,62,43586,441.695,1980
267226029663376,94,62,43586,443.628,1980
267226079763077,94,62,43586,443.628,1980
267226129880758,95,62,43586,445.27,1980
267226179995430,95,62,43586,445.27,1980
267226230107302,95,62,43586,446.763,1980
267226280218719,95,62,43586,446.763,1980
267226330321328,95,63,43586,449.193,1980
267226380427907,95,63,43586,449.193,1980
267226430546088,95,63,43586,452.315,1980
267226480652121,95,63,43586,452.315,1980
267226530757764,95,64,43586,453.083,1980
267226580870992,95,64,43586,453.083,1980
267226630973683,95,64,43586,454.847,1980
267226681074246,95,64,43586,454.847,1980
267226731183451,95,64,43586,455.347,1980
267226781283515,95,64,43586,455.347,1980
267226831390148,95,64,43586,458.111,1980
267226881505223,95,64,43586,458.111,1980
267226931611219,95,63,43586,460.165,1980
267226981724883,95,63,43586,460.165,1980
267227031827937,95,63,43586,459.93,1980
267227081981796,95,63,43586,459.93,1980
267227132101792,96,64,43586,458.386,1980
267227182218663,96,64,43586,458.386,1980
267227232352658,96,64,43586,461.435,1980
267227282463493,96,64,43586,461.435,1980
267227332568215,96,64,43586,460.617,1980
267227382673482,96,64,43586,460.617,1980
267227432778310,96,64,43586,462.696,1980
267227482880559,96,64,43586,462.696,1980
267227532980713,82,44,43586,476.454,1980
267227583083177,82,44,43586,476.454,1980
267227633198540,82,44,43586,490.465,1980
267227683307101,82,44,43586,490.465,1980
267227733404879,96,52,43586,502.789,1980
267227783513362,96,52,43586,502.789,1980
267227833620071,96,52,43586,515.201,1980
267227883734333,96,52,43586,515.201,1980
267227933837498,98,55,43586,530.321,1980
267227983938649,98,55,43586,530.321,1980
267228034040160,98,55,43586,545.731,1980
267228084142192,98,55,43586,545.731,1980
267228134256703,96,54,43586,563.068,1980
267228184359379,96,54,43586,563.068,1980
267228234459367,96,54,43586,573.525,1980
267228284558220,96,54,43586,573.525,1980
267228334667394,97,54,43586,588.565,1980
267228384768983,97,54,43586,588.565,1980
267228434871243,97,54,43586,591.397,1980
267228484974793,97,54,43586,591.397,1980
267228535091376,65,51,43586,590.575,1980
267228585205318,65,51,43586,590.575,1980
267228635309700,65,51,43586,569.222,1980
267228685426850,65,51,43586,569.222,1980
267228735533376,70,38,43586,544.221,1980
267228785638040,70,38,43586,544.221,1980
267228835747334,70,38,43586,518.768,1980
267228885856285,70,38,43586,518.768,1980
267228935966832,71,40,43586,491.112,1980
267228986078333,71,40,43586,491.112,1980
267229036187787,71,40,43586,469.427,1980
267229086303037,71,40,43586,469.427,1980
267229136405162,73,41,43586,440.108,1980
267229186510949,73,41,43586,440.108,1980
267229236611267,73,41,43586,415.231,1980
267229286721196,73,41,43586,415.231,1980
267229336835786,74,42,43586,396.677,1980
267229386937244,74,42,43586,396.677,1980
267229437049314,74,42,43586,375.287,1980
267229487164905,74,42,43586,375.287,1980
267229537292546,75,43,43586,354.248,1980
267229587396619,75,43,43586,354.248,1980
267229637496741,75,43,43586,352.954,1980
267229687595133,75,43,43586,352.954,1980
267229737734211,76,45,43586,354.366,1980
267229787845469,76,45,43586,354.366,1980
267229837957209,76,45,43586,357.111,1980
267229888067457,76,45,43586,357.111,1980
267229938174189,77,45,43586,359.961,1980
267229988282282,77,45,43586,359.961,1980
267230038398845,77,45,43586,361.75,1980
267230088502210,77,45,43586,361.75,1980
267230138604303,77,46,43586,365.218,1980
267230188707721,77,46,43586,365.218,1980
267230238821784,77,46,43586,367.251,1980
267230288938278,77,46,43586,367.251,1980
267230339065511,79,47,43586,370.022,1980
267230389172528,79,47,43586,370.022,1980
267230439331390,79,47,43586,372.745,1980
267230489445315,79,47,43586,372.745,1980
267230539549762,79,48,43586,375.433,1980
267230589656834,79,48,43586,375.433,1980
267230639755474,79,48,43586,378.485,1980
267230689875887,79,48,43586,378.485,1980
267230739988940,82,50,43586,380.309,1980
267230790092144,82,50,43586,380.309,1980
267230840195167,82,50,43586,381.791,1980
267230890317429,82,50,43586,381.791,1980
267230940431639,82,50,43586,385.4,1980
267230990534544,82,50,43586,385.4,1980
267231040634401,82,50,43586,387.925,1980
267231090744392,82,50,43586,387.925,1980
267231140858113,85,52,43586,390.341,1980
267231190965194,85,52,43586,390.341,1980
267231241103606,85,52,43586,391.942,1980
267231291203610,85,52,43586,391.942,1980
267231341318447,87,53,43586,394.051,1980
267231391428694,87,53,43586,394.051,1980
267231441536414,87,53,43586,398.349,1980
267231491675498,87,53,43586,398.349,1980
267231541785903,87,54,43586,400.221,1980
267231591890565,87,54,43586,400.221,1980
267231641993786,87,54,43586,401.603,1980
267231692110572,87,54,43586,401.603,1980
267231742215551,89,55,43586,405.568,1980
267231792335729,89,55,43586,405.568,1980
267231842436248,89,55,43586,408.184,1980
267231892541184,89,55,43586,408.184,1980
267231942646907,88,55,43586,411.554,1980
267231992771737,88,55,43586,411.554,1980
267232042873730,88,55,43586,414.168,1980
267232092983616,88,55,43586,414.168,1980
267232143092097,91,58,43586,418.687,1980
267232193194243,91,58,43586,418.687,1980
267232243295602,91,58,43586,421.1,1980
267232293410034,91,58,43586,421.1,1980
267232343519584,92,59,43586,423.084,1980
267232393625066,92,59,43586,423.084,1980
267232443740639,92,59,43586,423.997,1980
267232493850140,92,59,43586,423.997,1980
267232543964079,92,59,43586,427.482,1980
267232594075954,92,59,43586,427.482,1980
267232644183909,92,59,43586,430.063,1980
267232694298451,92,59,43586,430.063,1980
267232744417138,93,61,43586,433.032,1980
267232794533112,93,61,43586,433.032,1980
267232844649022,93,61,43586,435.132,1980
267232894764253,93,61,43586,435.132,1980
267232944874252,93,61,43586,436.971,1980
267232994981702,93,61,43586,436.971,1980
267233045089598,93,61,43586,439.716,1980
267233095197719,93,61,43586,439.716,1980
267233145311044,95,62,43586,442.311,1980
267233195412963,95,62,43586,442.311,1980
267233245531975,95,62,43586,445.59,1980
267233295648018,95,62,43586,445.59,1980
267233345763310,95,62,43586,446.844,1980
267233395865997,95,62,43586,446.844,1980
267233445964988,95,62,43586,449.758,1980
267233496069653,95,62,43586,449.758,1980
267233546178646,95,63,43586,452.622,1980
267233596284432,95,63,43586,452.622,1980
267233646387271,95,63,43586,452.513,1980
267233696486321,95,63,43586,452.513,1980
267233746589836,95,63,43586,454.446,1980
267233796692282,95,63,43586,454.446,1980
267233846804575,95,63,43586,455.789,1980
267233896916035,95,63,43586,455.789,1980
267233947020724,95,64,43586,458.94,1980
267233997128955,95,64,43586,458.94,1980
267234047231811,95,64,43586,457.929,1980
267234097334745,95,64,43586,457.929,1980
267234147436849,95,63,43586,459.855,1980
267234197536462,95,63,43586,459.855,1980
267234247656292,95,63,43586,462.907,1980
267234297777257,95,63,43586,462.907,1980
267234347897016,95,63,43586,464.517,1980
267234398006022,95,63,43586,464.517,1980
267234448107893,95,63,43586,463.419,1980
267234498222081,95,63,43586,463.419,1980
267234550096094,95,64,43586,462.773,1980
267234600201109,95,64,43586,462.773,1980
267234650299770,95,64,43586,468.693,1980
267234700401360,95,64,43586,468.693,1980
267234750501863,98,52,43586,484.069,1980
267234800611854,98,52,43586,484.069,1980
267234850719530,98,52,43586,498.344,1980
267234900819211,98,52,43586,498.344,1980
267234950922961,95,54,43586,512.498,1980
267235001029319,95,54,43586,512.498,1980
267235051128402,95,54,43586,526.349,1980
267235101228090,95,54,43586,526.349,1980
267235151325676,97,55,43586,537.186,1980
267235201426437,97,55,43586,537.186,1980
267235251526510,97,55,43586,549.358,1980
267235301630901,97,55,43586,549.358,1980
267235351730181,96,54,43586,561.128,1980
267235401830033,96,54,43586,561.128,1980
267235451928362,96,54,43586,579.992,1980
267235502031174,96,54,43586,579.992,1980
267235552131110,96,52,43586,588.545,1980
267235602234406,96,52,43586,588.545,1980
267235652335997,96,52,43586,587.26,1980
267235702451687,96,52,43586,587.26,1980
267235752564156,70,50,43586,582.666,1980
267235802682764,70,50,43586,582.666,1980
267235852782575,70,50,43586,555.617,1980
267235902901135,70,50,43586,555.617,1980
267235953007919,64,34,43586,527.777,1980
267236003123326,64,34,43586,527.777,1980
267236053239825,64,34,43586,498.742,1980
267236103339238,64,34,43586,498.742,1980
267236153440082,68,35,43586,474.954,1980
267236203543682,68,35,43586,474.954,1980
267236253641869,68,35,43586,450.427,1980
267236303747860,68,35,43586,450.427,1980
267236353861176,69,37,43586,421.691,1980
267236403962069,69,37,43586,421.691,1980
267236454071069,69,37,43586,396.558,1980
267236504177785,69,37,43586,396.558,1980
267236554275941,70,38,43586,368.123,1980
267236604426863,70,38,43586,368.123,1980
267236654543311,70,38,43586,356.005,1980
267236704649000,70,38,43586,356.005,1980
267236754753588,71,39,43586,335.376,1980
267236804853002,71,39,43586,335.376,1980
267236854952273,71,39,43586,335.762,1980
267236905092318,71,39,43586,335.762,1980
267236955213731,72,40,43586,338.198,1980
267237005319191,72,40,43586,338.198,1980
267237055419950,72,40,43586,341.156,1980
267237105542434,72,40,43586,341.156,1980
267237155654459,73,41,43586,343.124,1980
267237205762587,73,41,43586,343.124,1980
267237255872067,73,41,43586,345.995,1980
267237305976371,73,41,43586,345.995,1980
267237356078309,74,42,43586,347.119,1980
267237406184240,74,42,43586,347.119,1980
267237456297344,74,42,43586,352.038,1980
267237506419171,74,42,43586,352.038,1980
267237556525669,76,44,43586,353.951,1980
267237606644095,76,44,43586,353.951,1980
267237656822778,76,44,43586,356.105,1980
267237706935304,76,44,43586,356.105,1980
267237757037995,76,44,43586,359.933,1980
267237807143675,76,44,43586,359.933,1980
267237857260902,76,44,43586,361.211,1980
267237907369332,76,44,43586,361.211,1980
267237957481352,76,45,43586,364.732,1980
267238007590373,76,45,43586,364.732,1980
267238057706978,76,45,43586,367.172,1980
267238107817855,76,45,43586,367.172,1980
267238157940117,78,46,43586,369.388,1980
267238208059173,78,46,43586,369.388,1980
267238258162467,78,46,43586,372.815,1980
267238308274010,78,46,43586,372.815,1980
267238358382995,80,48,43586,375.56,1980
267238408506100,80,48,43586,375.56,1980
267238458620186,80,48,43586,375.908,1980
267238508737684,80,48,43586,375.908,1980
267238558843479,81,49,43586,378.246,1980
267238608949139,81,49,43586,378.246,1980
267238659058077,81,49,43586,379.119,1980
267238709173860,81,49,43586,379.119,1980
267238759286117,81,50,43586,380.831,1980
267238809411025,81,50,43586,380.831,1980
267238859513100,81,50,43586,385.11,1980
267238909614545,81,50,43586,385.11,1980
267238959718114,82,50,43586,387.909,1980
267239009834224,82,50,43586,387.909,1980
267239059947872,82,50,43586,388.938,1980
267239110067438,82,50,43586,388.938,1980
267239160176126,86,52,43586,391.394,1980
267239210273467,86,52,43586,391.394,1980
267239260386572,86,52,43586,394.439,1980
267239310487870,86,52,43586,394.439,1980
267239360592589,87,53,43586,398.492,1980
267239410694748,87,53,43586,398.492,1980
267239460795171,87,53,43586,400.775,1980
267239510899455,87,53,43586,400.775,1980
267239561076718,88,55,43586,403.344,1980
267239611183289,88,55,43586,403.344,1980
267239661286667,88,55,43586,407.229,1980
267239711391431,88,55,43586,407.229,1980
267239761495605,89,56,43586,411.748,1980
267239811596684,89,56,43586,411.748,1980
267239861703100,89,56,43586,416.131,1980
267239911805225,89,56,43586,416.131,1980
267239961919669,89,56,43586,417.225,1980
267240012030378,89,56,43586,417.225,1980
267240062133784,89,56,43586,420.595,1980
267240112235816,89,56,43586,420.595,1980
267240162378406,91,58,43586,422.439,1980
267240212479538,91,58,43586,422.439,1980
267240262583328,91,58,43586,425.748,1980
267240312695026,91,58,43586,425.748,1980
267240362805872,92,59,43586,426.999,1980
267240412927471,92,59,43586,426.999,1980
267240463038141,92,59,43586,430.32,1980
267240513141359,92,59,43586,430.32,1980
267240563244718,92,59,43586,431.62,1980
267240613345088,92,59,43586,431.62,1980
267240663450039,92,59,43586,433.463,1980
267240713554353,92,59,43586,433.463,1980
267240763657958,93,61,43586,435.758,1980
267240813769522,93,61,43586,435.758,1980
267240863867450,93,61,43586,435.603,1980
267240913979524,93,61,43586,435.603,1980
267240964081546,94,62,43586,438.607,1980
267241014189045,94,62,43586,438.607,1980
267241064309091,94,62,43586,440.298,1980
267241114409291,94,62,43586,440.298,1980
267241164523270,95,62,43586,442.363,1980
267241214630280,95,62,43586,442.363,1980
267241264730874,95,62,43586,443.117,1980
267241314841949,95,62,43586,443.117,1980
267241364952127,95,63,43586,445.764,1980
267241416047102,95,63,43586,445.764,1980
267241466153126,95,63,43586,447.579,1980
267241516261168,95,63,43586,447.579,1980
267241566371870,95,63,43586,451.029,1980
267241616490421,95,63,43586,451.029,1980
267241666608284,95,63,43586,452.681,1980
267241716718488,95,63,43586,452.681,1980
267241766830663,76,45,43586,458.961,1980
267241816935426,76,45,43586,458.961,1980
267241867067373,76,45,43586,474.161,1980
267241917176542,76,45,43586,474.161,1980
267241967276015,96,54,43586,487.258,1980
267242017377576,96,54,43586,487.258,1980
267242067474540,96,54,43586,501.588,1980
267242117589670,96,54,43586,501.588,1980
267242167695103,95,53,43586,514.356,1980
267242217795329,95,53,43586,514.356,1980
267242267916372,95,53,43586,529.928,1980
267242318020060,95,53,43586,529.928,1980
267242368126900,95,53,43586,545.466,1980
267242418227776,95,53,43586,545.466,1980
267242468327527,95,53,43586,558.818,1980
267242518430126,95,53,43586,558.818,1980
267242568530759,97,53,43586,572.276,1980
267242618638209,97,53,43586,572.276,1980
267242668739789,97,53,43586,573.713,1980
267242718850186,97,53,43586,573.713,1980
267242768956704,65,47,43586,580.131,1980
267242819061351,65,47,43586,580.131,1980
267242869201404,65,47,43586,553.84,1980
267242919358379,65,47,43586,553.84,1980
267242969459518,64,33,43586,526.18,1980
267243019566563,64,33,43586,526.18,1980
267243069674378,64,33,43586,499.63,1980
267243119787368,64,33,43586,499.63,1980
267243169894284,68,35,43586,476.472,1980
267243219995657,68,35,43586,476.472,1980
267243270111222,68,35,43586,448.039,1980
267243320228418,68,35,43586,448.039,1980
267243370334564,69,36,43586,419.46,1980
267243420439558,69,36,43586,419.46,1980
267243470556117,69,36,43586,397.692,1980
267243520679261,69,36,43586,397.692,1980
267243570786214,70,37,43586,371.377,1980
267243620891051,70,37,43586,371.377,1980
267243670997276,70,37,43586,354.067,1980
267243721104081,70,37,43586,354.067,1980
267243771214735,71,39,43586,331.555,1980
267243821317197,71,39,43586,331.555,1980
267243871439194,71,39,43586,332.857,1980
267243921541262,71,39,43586,332.857,1980
267243971639605,72,40,43586,335.464,1980
267244021765897,72,40,43586,335.464,1980
267244071879576,72,40,43586,336.917,1980
267244121984306,72,40,43586,336.917,1980
267244172090930,72,41,43586,339.724,1980
267244222207008,72,41,43586,339.724,1980
267244272323022,72,41,43586,342.253,1980
267244322444749,72,41,43586,342.253,1980
267244372549328,74,42,43586,345.807,1980
267244422661157,74,42,43586,345.807,1980
267244472766549,74,42,43586,348.144,1980
267244522882170,74,42,43586,348.144,1980
267244572996390,74,43,43586,351.388,1980
267244623102335,74,43,43586,351.388,1980
267244673217268,74,43,43586,354.778,1980
267244723316923,74,43,43586,354.778,1980
267244773419256,76,44,43586,358.189,1980
267244823520724,76,44,43586,358.189,1980
267244873621528,76,44,43586,361.33,1980
267244923730373,76,44,43586,361.33,1980
267244973842897,77,45,43586,363.198,1980
267245023958332,77,45,43586,363.198,1980
267245074058669,77,45,43586,365.442,1980
267245124157875,77,45,43586,365.442,1980
267245174264431,78,46,43586,368.588,1980
267245224372389,78,46,43586,368.588,1980
267245274494128,78,46,43586,369.935,1980
267245324618878,78,46,43586,369.935,1980
267245374722092,79,47,43586,372.43,1980
267245424821942,79,47,43586,372.43,1980
267245474924267,79,47,43586,375.18,1980
267245525027924,79,47,43586,375.18,1980
267245575137118,80,48,43586,378.188,1980
267245625246999,80,48,43586,378.188,1980
267245675350059,80,48,43586,379.749,1980
267245725472697,80,48,43586,379.749,1980
267245775578056,81,49,43586,381.395,1980
267245825686977,81,49,43586,381.395,1980
267245875793306,81,49,43586,384.174,1980
267245926274286,81,49,43586,384.174,1980
267245976686790,81,50,43586,384.751,1980
267246026803077,81,50,43586,384.751,1980
267246076921405,81,50,43586,389.575,1980
267246127032751,81,50,43586,389.575,1980
267246177142133,85,52,43586,392.612,1980
267246227268876,85,52,43586,392.612,1980
267246277373398,85,52,43586,395.343,1980
267246327475728,85,52,43586,395.343,1980
267246377583006,86,53,43586,397.722,1980
267246427695696,86,53,43586,397.722,1980
267246477800103,86,53,43586,399.808,1980
267246527923128,86,53,43586,399.808,1980
267246578029616,87,54,43586,402.059,1980
267246628145429,87,54,43586,402.059,1980
267246678250451,87,54,43586,406.581,1980
267246728377618,87,54,43586,406.581,1980
267246778478539,89,56,43586,410.613,1980
267246828582865,89,56,43586,410.613,1980
267246878692643,89,56,43586,411.669,1980
267246928802751,89,56,43586,411.669,1980
267246978927127,89,56,43586,414.26,1980
267247029035747,89,56,43586,414.26,1980
267247079136151,89,56,43586,415.899,1980
267247129245431,89,56,43586,415.899,1980
267247179351814,91,58,43586,417.288,1980
267247229499240,91,58,43586,417.288,1980
267247279602093,91,58,43586,419.259,1980
267247329713561,91,58,43586,419.259,1980
267247379814063,92,59,43586,422.22,1980
267247429914267,92,59,43586,422.22,1980
267247480027015,92,59,43586,425.661,1980
267247530127285,92,59,43586,425.661,1980
267247580237496,91,59,43586,427.437,1980
267247630345928,91,59,43586,427.437,1980
267247680462062,91,59,43586,429.116,1980
267247730561892,91,59,43586,429.116,1980
267247780667127,93,61,43586,430.66,1980
267247830773065,93,61,43586,430.66,1980
267247880874912,93,61,43586,433.348,1980
267247930986707,93,61,43586,433.348,1980
267247981097926,93,61,43586,437.388,1980
267248031204905,93,61,43586,437.388,1980
267248081306378,93,61,43586,440.207,1980
267248131420777,93,61,43586,440.207,1980
267248181540968,95,62,43586,444.479,1980
267248231646157,95,62,43586,448.316,1980
267248281776077,95,62,43586,448.316,1980
267248331896701,95,62,43586,448.214,1980
267248382003137,95,62,43586,448.214,1980
267248432110329,95,62,43586,450.348,1980
267248482210773,95,62,43586,450.348,1980
267248532316535,95,63,43586,453.106,1980
267248582425575,95,63,43586,453.106,1980
267248632530578,95,63,43586,453.004,1980
267248682634444,95,63,43586,453.004,1980
267248732812993,80,52,43586,462.29,1980
267248782990921,80,52,43586,462.29,1980
267248833132167,80,52,43586,475.947,1980
267248883317067,80,52,43586,475.947,1980
267248933449511,97,54,43586,489.428,1980
267248983556809,97,54,43586,489.428,1980
267249033668951,97,54,43586,502.731,1980
267249083780703,97,54,43586,502.731,1980
267249133895648,95,54,43586,517.285,1980
267249183999526,95,54,43586,517.285,1980
267249234116575,95,54,43586,527.484,1980
267249284226015,95,54,43586,527.484,1980
267249334333635,96,52,43586,542.371,1980
267249384443497,96,52,43586,542.371,1980
267249434548752,96,52,43586,555.559,1980
267249484652172,96,52,43586,555.559,1980
267249534758478,95,55,43586,568.96,1980
267249584895206,95,55,43586,568.96,1980
267249635042772,95,55,43586,565.091,1980
267249685154612,95,55,43586,565.091,1980
267249735269507,65,51,43586,573.88,1980
267249785394323,65,51,43586,573.88,1980
267249835501879,65,51,43586,548.248,1980
267249885614543,65,51,43586,548.248,1980
267249935751232,65,34,43586,519.845,1980
267249985866387,65,34,43586,519.845,1980
267250035970421,65,34,43586,496.429,1980
267250086048878,65,34,43586,496.429,1980
267250136158834,68,35,43586,470.22,1980
267250186260300,68,35,43586,470.22,1980
267250236451147,68,35,43586,443.562,1980
267250286562883,68,35,43586,443.562,1980
267250336668246,69,36,43586,420.441,1980
267250386778046,69,36,43586,420.441,1980
267250436880955,69,36,43586,397.328,1980
267250486991935,69,36,43586,397.328,1980
267250537124006,70,37,43586,372.301,1980
267250587248468,70,37,43586,372.301,1980
267250637360972,70,37,43586,357.741,1980
267250687472938,70,37,43586,357.741,1980
267250737585226,70,38,43586,333.99,1980
267250787706279,70,38,43586,333.99,1980
267250837825902,70,38,43586,337.137,1980
267250887944917,70,38,43586,337.137,1980
267250938050461,71,40,43586,340.561,1980
267250988158078,71,40,43586,340.561,1980
267251038260867,71,40,43586,342.637,1980
267251088374121,71,40,43586,342.637,1980
267251138476736,73,41,43586,344.745,1980
267251188589073,73,41,43586,344.745,1980
267251238692010,73,41,43586,347.977,1980
267251288794601,73,41,43586,347.977,1980
267251338914504,74,42,43586,349.61,1980
267251389023498,74,42,43586,349.61,1980
267251439130155,74,42,43586,351.51,1980
267251489234236,74,42,43586,351.51,1980
267251539336681,75,43,43586,353.524,1980
267251589467677,75,43,43586,353.524,1980
267251639575880,75,43,43586,356.325,1980
267251689701175,75,43,43586,356.325,1980
267251739808582,76,44,43586,358.74,1980
267251789921291,76,44,43586,358.74,1980
267251840030389,76,44,43586,360.439,1980
267251890163784,76,44,43586,360.439,1980
267251940281423,77,45,43586,362.634,1980
267251990391388,77,45,43586,362.634,1980
267252040536748,77,45,43586,365.448,1980
267252090658244,77,45,43586,365.448,1980
267252140763455,78,46,43586,367.624,1980
267252190872347,78,46,43586,367.624,1980
267252240996083,78,46,43586,370.743,1980
267252291107118,78,46,43586,370.743,1980
267252341210723,79,47,43586,373.708,1980
267252391315959,79,47,43586,373.708,1980
267252441418267,79,47,43586,376.138,1980
267252491525452,79,47,43586,376.138,1980
267252541630254,80,48,43586,377.604,1980
267252591741118,80,48,43586,377.604,1980
267252641854198,80,48,43586,379.792,1980
267252691962974,80,48,43586,379.792,1980
267252742051965,81,50,43586,381.007,1980
267252792173533,81,50,43586,381.007,1980
267252842284396,81,50,43586,383.122,1980
267252892392649,81,50,43586,383.122,1980
267252942493724,82,50,43586,386.574,1980
267252992641779,82,50,43586,386.574,1980
267253042751002,82,50,43586,388.23,1980
267253092876314,82,50,43586,388.23,1980
267253142979695,85,51,43586,391.2,1980
267253193055153,85,51,43586,391.2,1980
267253243161056,85,51,43586,393.643,1980
267253293284826,85,51,43586,393.643,1980
267253343391033,86,53,43586,396.291,1980
267253393500596,86,53,43586,396.291,1980
267253443611883,86,53,43586,399.014,1980
267253493742733,86,53,43586,399.014,1980
267253543857157,88,54,43586,401.961,1980
267253593970377,88,54,43586,401.961,1980
267253644046153,88,54,43586,405.316,1980
267253694151844,88,54,43586,405.316,1980
267253744270283,88,55,43586,408.696,1980
267253794389134,88,55,43586,408.696,1980
267253844503940,88,55,43586,410.215,1980
267253894623241,88,55,43586,410.215,1980
267253944737333,89,56,43586,411.542,1980
267253994842907,89,56,43586,411.542,1980
267254044947055,89,56,43586,415.902,1980
267254095061748,89,56,43586,415.902,1980
267254145166649,89,57,43586,417.822,1980
267254195282366,89,57,43586,417.822,1980
267254245399162,89,57,43586,420.58,1980
267254295528762,89,57,43586,420.58,1980
267254345635007,92,59,43586,423.909,1980
267254395749900,92,59,43586,423.909,1980
267254445872195,92,59,43586,425.61,1980
267254495974850,92,59,43586,425.61,1980
267254546046223,91,59,43586,429.45,1980
267254596148436,91,59,43586,429.45,1980
267254646293737,91,59,43586,431.221,1980
267254696401130,91,59,43586,431.221,1980
267254746504285,93,60,43586,435.089,1980
267254796618780,93,60,43586,435.089,1980
267254846725472,93,60,43586,436.859,1980
267254896838410,93,60,43586,436.859,1980
267254946947783,93,61,43586,437.564,1980
267254997050509,93,61,43586,437.564,1980
267255047153385,93,61,43586,440.943,1980
267255097263639,93,61,43586,440.943,1980
267255147378464,94,62,43586,444.177,1980
267255197492274,94,62,43586,444.177,1980
267255247594735,94,62,43586,446.72,1980
267255297708096,94,62,43586,446.72,1980
267255347819292,95,62,43586,446.85,1980
267255397927390,95,62,43586,446.85,1980
267255448037205,95,62,43586,449.798,1980
267255498144023,95,62,43586,449.798,1980
267255548251565,95,63,43586,450.848,1980
267255598369854,95,63,43586,450.848,1980
267255648478746,95,63,43586,454.066,1980
267255698599771,95,63,43586,454.066,1980
267255748707753,95,63,43586,457.79,1980
267255798814049,95,63,43586,457.79,1980
267255848938996,95,63,43586,472.955,1980
267255899049112,95,63,43586,472.955,1980
267255949151879,96,52,43586,485.082,1980
267255999256140,96,52,43586,485.082,1980
267256049359070,96,52,43586,497.699,1980
267256099463551,96,52,43586,497.699,1980
267256149568015,96,54,43586,511.757,1980
267256199669291,96,54,43586,511.757,1980
267256249769854,96,54,43586,525.842,1980
267256299870692,96,54,43586,525.842,1980
267256349973318,96,55,43586,538.563,1980
267256400045846,96,55,43586,538.563,1980
267256450151392,96,55,43586,550.521,1980
267256500261231,96,55,43586,550.521,1980
267256550405634,95,52,43586,561.342,1980
267256600509866,95,52,43586,561.342,1980
267256650614295,95,52,43586,567.922,1980
267256700724860,95,52,43586,567.922,1980
267256750831738,61,45,43586,576.065,1980
267256800943146,61,45,43586,576.065,1980
267256851075870,61,45,43586,556.778,1980
267256901198540,61,45,43586,556.778,1980
267256951372985,69,37,43586,532.612,1980
267257001488025,69,37,43586,532.612,1980
267257051595895,69,37,43586,508.033,1980
267257101710304,69,37,43586,508.033,1980
267257151817920,70,38,43586,482.599,1980
267257201919898,70,38,43586,482.599,1980
267257252039933,70,38,43586,456.648,1980
267257302159258,70,38,43586,456.648,1980
267257352262521,71,39,43586,432.785,1980
267257402365570,71,39,43586,432.785,1980
267257452472923,71,39,43586,415.47,1980
267257502590622,71,39,43586,415.47,1980
267257552723286,72,40,43586,388.93,1980
267257602842764,72,40,43586,388.93,1980
267257652949627,72,40,43586,370.772,1980
267257703044962,72,40,43586,370.772,1980
267257753148932,73,41,43586,359.121,1980
267257803255704,73,41,43586,359.121,1980
267257853350150,73,41,43586,346.192,1980
267257903481513,73,41,43586,346.192,1980
267257953593832,74,42,43586,350.548,1980
267258003711637,74,42,43586,350.548,1980
267258053833993,74,42,43586,353.301,1980
267258103954015,74,42,43586,353.301,1980
267258154063479,76,43,43586,354.845,1980
267258204168808,76,43,43586,354.845,1980
267258254293199,76,43,43586,356.993,1980
267258304410585,76,43,43586,356.993,1980
267258354521436,76,44,43586,360.28,1980
267258404641383,76,44,43586,360.28,1980
267258454759491,76,44,43586,363.514,1980
267258504869821,76,44,43586,363.514,1980
267258554991551,78,46,43586,365.711,1980
267258605104881,78,46,43586,365.711,1980
267258655209995,78,46,43586,369.289,1980
267258705325155,78,46,43586,369.289,1980
267258755433940,78,46,43586,371.51,1980
267258805558885,78,46,43586,371.51,1980
267258855667742,78,46,43586,373.599,1980
267258905775271,78,46,43586,373.599,1980
267258955887827,79,47,43586,374.578,1980
267259005990335,79,47,43586,374.578,1980
267259056090088,79,47,43586,376.311,1980
267259106194714,79,47,43586,376.311,1980
267259156294969,81,49,43586,377.847,1980
267259206400916,81,49,43586,377.847,1980
267259256514110,81,49,43586,380.266,1980
267259306629625,81,49,43586,380.266,1980
267259356733779,81,50,43586,382.497,1980
267259406834007,81,50,43586,382.497,1980
267259456934235,81,50,43586,384.145,1980
267259507046194,81,50,43586,384.145,1980
267259557151070,83,51,43586,386.597,1980
267259607267693,83,51,43586,386.597,1980
267259657384993,83,51,43586,390.201,1980
267259707490297,83,51,43586,390.201,1980
267259757589823,86,52,43586,392.806,1980
267259807696108,86,52,43586,392.806,1980
267259857817319,86,52,43586,397.508,1980
267259907932992,86,52,43586,397.508,1980
267259958077313,86,53,43586,403.075,1980
267260008182585,86,53,43586,403.075,1980
267260058303656,86,53,43586,405.641,1980
267260108423657,86,53,43586,405.641,1980
267260158531009,88,55,43586,410.293,1980
267260208635763,88,55,43586,410.293,1980
267260258737574,88,55,43586,412.166,1980
267260308852544,88,55,43586,412.166,1980
267260358954629,88,55,43586,413.651,1980
267260409057521,88,55,43586,413.651,1980
267260459161115,88,55,43586,415.757,1980
267260509264937,88,55,43586,415.757,1980
267260559366048,90,57,43586,417.17,1980
267260609478206,90,57,43586,417.17,1980
267260659584923,90,57,43586,419.758,1980
267260709691842,90,57,43586,419.758,1980
267260759793549,91,58,43586,421.907,1980
267260809893298,91,58,43586,421.907,1980
267260860009067,91,58,43586,424.088,1980
267260910176204,91,58,43586,424.088,1980
267260960280231,90,58,43586,423.409,1980
267261010379593,90,58,43586,423.409,1980
267261060481558,90,58,43586,425.388,1980
267261110590798,90,58,43586,425.388,1980
267261160699153,92,60,43586,427.885,1980
267261210801831,92,60,43586,427.885,1980
267261260910634,92,60,43586,430.999,1980
267261311018103,92,60,43586,430.999,1980
267261361131429,93,61,43586,433.928,1980
267261411233270,93,61,43586,433.928,1980
267261461338318,93,61,43586,436.168,1980
267261511442485,93,61,43586,436.168,1980
267261561559112,94,61,43586,440.341,1980
267261611665353,94,61,43586,440.341,1980
267261661775512,94,61,43586,442.251,1980
267261711878262,94,61,43586,442.251,1980
267261761991299,94,62,43586,442.503,1980
267261812098540,94,62,43586,442.503,1980
267261862209533,94,62,43586,444.385,1980
267261912313187,94,62,43586,444.385,1980
267261962415687,95,63,43586,447.504,1980
267262012525286,95,63,43586,447.504,1980
267262062653884,95,63,43586,449.757,1980
267262112773883,95,63,43586,449.757,1980
267262162887006,94,62,43586,450.22,1980
267262213006417,94,62,43586,450.22,1980
267262263110206,94,62,43586,451.964,1980
267262313222087,94,62,43586,451.964,1980
267262363348451,95,64,43586,453.384,1980
267262413462538,95,64,43586,453.384,1980
267262463568598,95,64,43586,455.886,1980
267262517206397,95,64,43586,455.886,1980
267262567337290,95,64,43586,452.329,1980
267262617448858,95,64,43586,452.329,1980
267262667567551,95,64,43586,450.574,1980
267262717670659,95,64,43586,450.574,1980
267262767778084,95,63,43586,448.582,1980
267262817881546,95,63,43586,448.582,1980
267262867989411,95,63,43586,460.278,1980
267262918090601,95,63,43586,460.278,1980
267262968191402,95,51,43586,475.425,1980
267263018294106,95,51,43586,475.425,1980
267263068394523,95,51,43586,491.819,1980
267263118504786,95,51,43586,491.819,1980
267263168634037,95,54,43586,505.324,1980
267263218739828,95,54,43586,505.324,1980
267263268842103,95,54,43586,521.176,1980
267263318944115,95,54,43586,521.176,1980
267263369046296,95,54,43586,535.719,1980
267263419145326,95,54,43586,535.719,1980
267263469253980,95,54,43586,551.281,1980
267263519354507,95,54,43586,551.281,1980
267263569464165,96,55,43586,564.838,1980
267263619566342,96,55,43586,564.838,1980
267263669666884,96,55,43586,579.243,1980
267263719767337,96,55,43586,579.243,1980
267263769867743,96,54,43586,597.209,1980
267263819977481,96,54,43586,597.209,1980
267263870097305,96,54,43586,594.443,1980
267263920200118,96,54,43586,594.443,1980
267263970317193,93,59,43586,571.516,1980
267264020421879,93,59,43586,571.516,1980
267264070539961,93,59,43586,546.186,1980
267264120641336,93,59,43586,546.186,1980
267264170740720,69,37,43586,517.479,1980
267264220857865,69,37,43586,517.479,1980
267264270967951,69,37,43586,492.223,1980
267264321071817,69,37,43586,492.223,1980
267264371193173,70,38,43586,461.661,1980
267264421294403,70,38,43586,461.661,1980
267264471396656,70,38,43586,438.706,1980
267264521497382,70,38,43586,438.706,1980
267264571595694,71,39,43586,415.376,1980
267264621696242,71,39,43586,415.376,1980
267264671811395,71,39,43586,391.923,1980
267264721919197,71,39,43586,391.923,1980
267264772023156,72,40,43586,369.806,1980
267264822140943,72,40,43586,369.806,1980
267264872249692,72,40,43586,355.485,1980
267264922351540,72,40,43586,355.485,1980
267264972454284,72,41,43586,344.856,1980
267265022573021,72,41,43586,344.856,1980
267265072677607,72,41,43586,346.136,1980
267265122780670,72,41,43586,346.136,1980
267265172896959,73,42,43586,348.473,1980
267265223009874,73,42,43586,348.473,1980
267265273110357,73,42,43586,350.336,1980
267265323217177,73,42,43586,350.336,1980
267265373318238,75,43,43586,354.347,1980
267265423428202,75,43,43586,354.347,1980
267265473532928,75,43,43586,356.636,1980
267265523642104,75,43,43586,356.636,1980
267265573755195,75,44,43586,359.357,1980
267265623863655,75,44,43586,359.357,1980
267265673966893,75,44,43586,361.318,1980
267265724121125,75,44,43586,361.318,1980
267265774221963,77,45,43586,362.645,1980
267265824335259,77,45,43586,362.645,1980
267265874438880,77,45,43586,365.943,1980
267265924546477,77,45,43586,365.943,1980
267265974657535,77,46,43586,369.178,1980
267266024759107,77,46,43586,369.178,1980
267266074864971,77,46,43586,372.945,1980
267266124973449,77,46,43586,372.945,1980
267266175078820,80,48,43586,375.867,1980
267266225187277,80,48,43586,375.867,1980
267266275301542,80,48,43586,378.959,1980
267266325405049,80,48,43586,378.959,1980
267266375528377,80,48,43586,380.559,1980
267266425639625,80,48,43586,380.559,1980
267266475739593,80,48,43586,381.422,1980
267266525850304,80,48,43586,381.422,1980
267266575951115,81,50,43586,383.456,1980
267266626074422,81,50,43586,383.456,1980
267266676186861,81,50,43586,385.438,1980
267266726300714,81,50,43586,385.438,1980
267266776460245,82,50,43586,388.691,1980
267266826570172,82,50,43586,388.691,1980
267266876703632,82,50,43586,390.161,1980
267266926808824,82,50,43586,390.161,1980
267266976910970,86,52,43586,391.966,1980
267267027022095,86,52,43586,391.966,1980
267267077125980,86,52,43586,394.574,1980
267267127271932,86,52,43586,394.574,1980
267267177377120,87,53,43586,397.13,1980
267267227486768,87,53,43586,397.13,1980
267267277589326,87,53,43586,400.37,1980
267267327699599,87,53,43586,400.37,1980
267267377807887,88,54,43586,402.929,1980
267267427911347,88,54,43586,402.929,1980
267267478028884,88,54,43586,406.904,1980
267267528142950,88,54,43586,406.904,1980
267267578245756,89,56,43586,408.689,1980
267267628346332,89,56,43586,408.689,1980
267267678455186,89,56,43586,412.336,1980
267267728554012,89,56,43586,412.336,1980
267267778665414,88,56,43586,416.262,1980
267267828764982,88,56,43586,416.262,1980
267267878869508,88,56,43586,418.07,1980
267267928978043,88,56,43586,418.07,1980
267267979076071,90,58,43586,421.215,1980
267268029203512,90,58,43586,421.215,1980
267268079311696,90,58,43586,423.932,1980
267268129413199,90,58,43586,423.932,1980
267268179522842,90,58,43586,427.071,1980
267268229645828,90,58,43586,427.071,1980
267268279747432,90,58,43586,428.339,1980
267268329868013,90,58,43586,428.339,1980
267268379973345,92,60,43586,431.833,1980
267268430076915,92,60,43586,431.833,1980
267268480190104,92,60,43586,435.384,1980
267268530298153,92,60,43586,435.384,1980
267268580403854,93,61,43586,437.434,1980
267268630511071,93,61,43586,437.434,1980
267268680638829,93,61,43586,440.744,1980
267268730765622,93,61,43586,440.744,1980
267268780878193,94,62,43586,443.564,1980
267268830980139,94,62,43586,443.564,1980
267268881084477,94,62,43586,446.414,1980
267268931195395,94,62,43586,446.414,1980
267268981310618,95,62,43586,448.144,1980
267269031426651,95,62,43586,448.144,1980
267269081529774,95,62,43586,448.928,1980
267269131636866,95,62,43586,448.928,1980
267269181736706,95,63,43586,449.881,1980
267269231837975,95,63,43586,449.881,1980
267269281961884,95,63,43586,452.237,1980
267269332083339,95,63,43586,452.237,1980
267269382187238,95,63,43586,452.201,1980
267269432299121,95,63,43586,452.201,1980
267269482406515,95,63,43586,452.609,1980
267269532514107,95,63,43586,452.609,1980
267269582618608,95,64,43586,455.128,1980
267269632718240,95,64,43586,455.128,1980
267269682829099,95,64,43586,453.737,1980
267269732941941,95,64,43586,453.737,1980
267269783046404,95,64,43586,453.576,1980
267269833155651,95,64,43586,453.576,1980
267269883263990,95,64,43586,454.978,1980
267269933369356,95,64,43586,454.978,1980
267269983471923,81,53,43586,461.487,1980
267270033576270,81,53,43586,461.487,1980
267270083677088,81,53,43586,477.495,1980
267270133778167,81,53,43586,477.495,1980
267270183881650,95,53,43586,493.267,1980
267270233991566,95,53,43586,493.267,1980
267270284091149,95,53,43586,505.36,1980
267270334190715,95,53,43586,505.36,1980
267270384364750,95,54,43586,520.662,1980
267270434516417,95,54,43586,520.662,1980
267270484656715,95,54,43586,534.342,1980
267270534779612,95,54,43586,534.342,1980
267270584897701,95,55,43586,546.236,1980
267270635009457,95,55,43586,546.236,1980
267270685116103,95,55,43586,559.165,1980
267270735220341,95,55,43586,559.165,1980
267270785322616,95,54,43586,572.517,1980
267270835428885,95,54,43586,572.517,1980
267270885538159,95,54,43586,579.845,1980
267270935645573,95,54,43586,579.845,1980
267270985754365,82,57,43586,579.408,1980
267271035865865,82,57,43586,579.408,1980
267271085971414,82,57,43586,560.5,1980
267271136071435,82,57,43586,560.5,1980
267271186181155,66,34,43586,533.052,1980
267271236288434,66,34,43586,533.052,1980
267271286400552,66,34,43586,508.265,1980
267271336525568,66,34,43586,508.265,1980
267271386648283,68,36,43586,481.976,1980
267271436762390,68,36,43586,481.976,1980
267271486870098,68,36,43586,459.367,1980
267271536994505,68,36,43586,459.367,1980
267271587121830,69,37,43586,430.489,1980
267271637255039,69,37,43586,430.489,1980
267271687366834,69,37,43586,410.94,1980
267271737484820,69,37,43586,410.94,1980
267271787602194,70,38,43586,384.637,1980
267271837738201,70,38,43586,384.637,1980
267271887881731,70,38,43586,364.423,1980
267271938049038,70,38,43586,364.423,1980
267271988164152,71,39,43586,354.754,1980
267272038280149,71,39,43586,354.754,1980
267272088388142,71,39,43586,339.484,1980
267272138496935,71,39,43586,339.484,1980
267272188602781,72,40,43586,341.869,1980
267272238705951,72,40,43586,341.869,1980
267272288880564,72,40,43586,342.738,1980
267272339066949,72,40,43586,342.738,1980
267272389191459,72,41,43586,344.24,1980
267272439304504,72,41,43586,344.24,1980
267272489421737,72,41,43586,345.89,1980
267272539535618,72,41,43586,345.89,1980
267272589651695,74,42,43586,347.894,1980
267272639763336,74,42,43586,347.894,1980
267272689863482,74,42,43586,350.291,1980
267272739971260,74,42,43586,350.291,1980
267272790075180,75,43,43586,352.06,1980
267272840197461,75,43,43586,352.06,1980
267272890300594,75,43,43586,355.273,1980
267272940405880,75,43,43586,355.273,1980
267272990510705,76,44,43586,357.078,1980
267273040618283,76,44,43586,357.078,1980
267273090735068,76,44,43586,360.25,1980
267273140846213,76,44,43586,360.25,1980
267273190951161,77,45,43586,361.978,1980
267273241058128,77,45,43586,361.978,1980
267273291165158,77,45,43586,365.324,1980
267273341277742,77,45,43586,365.324,1980
267273391380339,78,47,43586,368.562,1980
267273441489008,78,47,43586,368.562,1980
267273491590323,78,47,43586,370.636,1980
267273541694021,78,47,43586,370.636,1980
267273591810987,80,48,43586,373.699,1980
267273641935040,80,48,43586,373.699,1980
267273692037651,80,48,43586,376.173,1980
267273742138794,80,48,43586,376.173,1980
267273792238451,80,49,43586,377.87,1980
267273842340833,80,49,43586,377.87,1980
267273892443141,80,49,43586,378.926,1980
267273942546642,80,49,43586,378.926,1980
267273992653659,82,50,43586,381.808,1980
267274042779399,82,50,43586,381.808,1980
267274092906920,82,50,43586,384.862,1980
267274143018426,82,50,43586,384.862,1980
267274193162045,83,51,43586,387.18,1980
267274243275255,83,51,43586,387.18,1980
267274293378885,83,51,43586,390.741,1980
267274343487274,83,51,43586,390.741,1980
267274393590499,86,52,43586,392.155,1980
267274443695983,86,52,43586,392.155,1980
267274493816957,86,52,43586,395.265,1980
267274543944789,86,52,43586,395.265,1980
267274594044399,87,53,43586,398.33,1980
267274644167049,87,53,43586,398.33,1980
267274694297514,87,53,43586,401.803,1980
267274744423638,87,53,43586,401.803,1980
267274794525090,88,55,43586,404.798,1980
267274844632988,88,55,43586,404.798,1980
267274894734263,88,55,43586,408.789,1980
267274944840449,88,55,43586,408.789,1980
267274994943389,88,55,43586,411.569,1980
267275045046776,88,55,43586,414.88,1980
267275095146565,88,55,43586,414.88,1980
267275145252704,88,55,43586,416.761,1980
267275195358700,88,56,43586,416.761,1980
267275245480471,88,56,43586,418.786,1980
267275295594169,88,56,43586,418.786,1980
267275345712540,90,58,43586,421.365,1980
267275395814340,90,58,43586,421.365,1980
267275445913423,90,58,43586,425.996,1980
267275496017841,90,58,43586,425.996,1980
267275546129060,91,58,43586,429.057,1980
267275596245506,91,58,43586,429.057,1980
267275646373214,91,58,43586,430.601,1980
267275696475663,91,58,43586,430.601,1980
267275746576993,92,59,43586,433.229,1980
267275796676587,92,59,43586,433.229,1980
267275846774823,92,59,43586,434.247,1980
267275896895801,92,59,43586,434.247,1980
267275947717828,93,61,43586,437.695,1980
267275997842489,93,61,43586,437.695,1980
267276048004612,93,61,43586,439.729,1980
267276098139540,93,61,43586,439.729,1980
267276148250525,94,61,43586,444.587,1980
267276198379617,94,61,43586,444.587,1980
267276248488558,94,61,43586,446.421,1980
267276298594095,94,61,43586,446.421,1980
267276348695917,94,62,43586,447.934,1980
267276398800809,94,62,43586,447.934,1980
267276448907674,94,62,43586,448.832,1980
267276499009310,94,62,43586,448.832,1980
267276549128630,95,63,43586,449.348,1980
267276599234881,95,63,43586,449.348,1980
267276649352332,95,63,43586,451.508,1980
267276699459688,95,63,43586,451.508,1980
267276749565861,95,63,43586,453.632,1980
267276799666019,95,63,43586,453.632,1980
267276849766346,95,63,43586,455.281,1980
267276899868498,95,63,43586,455.281,1980
267276949982577,95,64,43586,454.717,1980
267277000101462,95,64,43586,454.717,1980
267277050202243,95,64,43586,466.287,1980
267277100303177,95,64,43586,466.287,1980
267277150404108,95,51,43586,478.604,1980
267277200502325,95,51,43586,478.604,1980
267277250602144,95,51,43586,491.6,1980
267277300703853,95,51,43586,491.6,1980
267277350805365,96,53,43586,503.264,1980
267277400903642,96,53,43586,503.264,1980
267277451006381,96,53,43586,516.564,1980
267277501105185,96,53,43586,516.564,1980
267277551205703,96,54,43586,533.636,1980
267277601306506,96,54,43586,533.636,1980
267277651423503,96,54,43586,547.271,1980
267277701525204,96,54,43586,547.271,1980
267277751625356,97,52,43586,561.382,1980
267277801725438,97,52,43586,561.382,1980
267277851829236,97,52,43586,575.291,1980
267277901929193,97,52,43586,575.291,1980
267277952040879,98,54,43586,575.473,1980
267278002146555,98,54,43586,575.473,1980
267278052258530,98,54,43586,583.081,1980
267278102361828,98,54,43586,583.081,1980
267278152471755,81,47,43586,558.252,1980
267278202582518,81,47,43586,558.252,1980
267278252697330,81,47,43586,535.535,1980
267278302812714,81,47,43586,535.535,1980
267278352919640,69,37,43586,508.912,1980
267278403028957,69,37,43586,508.912,1980
267278453139266,69,37,43586,487.727,1980
267278503253024,69,37,43586,487.727,1980
267278553359414,70,38,43586,460.24,1980
267278603479013,70,38,43586,460.24,1980
267278653585682,70,38,43586,430.337,1980
267278703697486,70,38,43586,430.337,1980
267278753837868,71,39,43586,409.545,1980
267278803954101,71,39,43586,409.545,1980
267278854078398,71,39,43586,379.707,1980
267278904186850,71,39,43586,379.707,1980
267278954295772,72,40,43586,369.429,1980
267279004412867,72,40,43586,369.429,1980
267279054516038,72,40,43586,343.358,1980
267279104629306,72,40,43586,343.358,1980
267279154727877,73,41,43586,343.58,1980
267279204836607,73,41,43586,343.58,1980
267279254936315,73,41,43586,347.421,1980
267279305054471,73,41,43586,347.421,1980
267279355160594,75,43,43586,349.107,1980
267279405261125,75,43,43586,349.107,1980
267279455371947,75,43,43586,350.064,1980
267279505477285,75,43,43586,350.064,1980
267279555576827,75,43,43586,351.68,1980
267279605677934,75,43,43586,351.68,1980
267279655787317,75,43,43586,353.626,1980
267279705892219,75,43,43586,353.626,1980
267279756005192,76,44,43586,355.8,1980
267279806151019,76,44,43586,355.8,1980
267279856251362,76,44,43586,357.244,1980
267279906358943,76,44,43586,357.244,1980
267279956473463,77,45,43586,358.106,1980
267280006600864,77,45,43586,358.106,1980
267280056703205,77,45,43586,361.967,1980
267280106814953,77,45,43586,361.967,1980
267280156928271,77,46,43586,364.665,1980
267280207033013,77,46,43586,364.665,1980
267280257141505,77,46,43586,368.252,1980
267280307241247,77,46,43586,368.252,1980
267280357349740,80,48,43586,372.428,1980
267280407468026,80,48,43586,372.428,1980
267280457571378,80,48,43586,376.106,1980
267280507685612,80,48,43586,376.106,1980
267280557783436,81,49,43586,380.112,1980
267280607881188,81,49,43586,380.112,1980
267280657982815,81,49,43586,382.145,1980
267280708093468,81,49,43586,382.145,1980
267280758197604,81,50,43586,385.266,1980
267280808302990,81,50,43586,385.266,1980
267280858413881,81,50,43586,386.414,1980
267280908530175,81,50,43586,386.414,1980
267280958630992,82,51,43586,389.016,1980
267281008739269,82,51,43586,389.016,1980
267281058839965,82,51,43586,391.223,1980
267281108944579,82,51,43586,391.223,1980
267281159046728,85,51,43586,394.042,1980
267281209156852,85,51,43586,394.042,1980
267281259271834,85,51,43586,396.844,1980
267281309380630,85,51,43586,396.844,1980
267281359493738,87,54,43586,398.742,1980
267281409606563,87,54,43586,398.742,1980
267281459711522,87,54,43586,403.115,1980
267281509815854,87,54,43586,403.115,1980
267281559928589,88,55,43586,405.942,1980
267281610032682,88,55,43586,405.942,1980
267281660153299,88,55,43586,409.2,1980
267281710277876,88,55,43586,409.2,1980
267281760383283,88,55,43586,410.862,1980
267281810503313,88,55,43586,410.862,1980
267281860611689,88,55,43586,416.332,1980
267281910713172,88,55,43586,416.332,1980
267281960818527,90,57,43586,420.321,1980
267282010924706,90,57,43586,420.321,1980
267282061030454,90,57,43586,422.039,1980
267282111151783,90,57,43586,422.039,1980
267282161267896,91,58,43586,425.15,1980
267282211377000,91,58,43586,425.15,1980
267282261480964,91,58,43586,427.098,1980
267282311585234,91,58,43586,427.098,1980
267282361686541,91,59,43586,428.719,1980
267282411798533,91,59,43586,428.719,1980
267282461902488,91,59,43586,429.342,1980
267282512003327,91,59,43586,429.342,1980
267282562116355,92,60,43586,430.668,1980
267282612229423,92,60,43586,430.668,1980
267282662337876,92,60,43586,434.258,1980
267282712447621,92,60,43586,434.258,1980
267282762563576,92,60,43586,436.73,1980
267282812680209,92,60,43586,436.73,1980
267282862780528,92,60,43586,438.354,1980
267282912880236,92,60,43586,438.354,1980
267282962996305,94,61,43586,439.712,1980
267283013102170,94,61,43586,439.712,1980
267283063204606,94,61,43586,443.142,1980
267283113316652,94,61,43586,443.142,1980
267283163416445,95,62,43586,444.479,1980
267283213531543,95,62,43586,444.479,1980
267283263632334,95,62,43586,447.227,1980
267283313738244,95,62,43586,447.227,1980
267283363862063,95,63,43586,449.189,1980
267283413963782,95,63,43586,449.189,1980
267283464065401,95,63,43586,449.663,1980
267283514169346,95,63,43586,449.663,1980
267283564268886,94,62,43586,452.18,1980
267283614372502,94,62,43586,452.18,1980
267283664476241,94,62,43586,452.812,1980
267283714577788,94,62,43586,452.812,1980
267283764680841,95,63,43586,454.759,1980
267283814783620,95,63,43586,454.759,1980
267283864892525,95,63,43586,455.52,1980
267283914991484,95,63,43586,455.52,1980
267283965092354,95,64,43586,458.458,1980
267284015209308,95,64,43586,458.458,1980
267284065329756,95,64,43586,459.44,1980
267284115448873,95,64,43586,459.44,1980
267284165555667,76,41,43586,473.303,1980
267284215660280,76,41,43586,473.303,1980
267284265762334,76,41,43586,484.591,1980
267284315862034,76,41,43586,484.591,1980
267284365961506,97,52,43586,501.7,1980
267284416053450,97,52,43586,501.7,1980
267284466158044,97,52,43586,514.525,1980
267284516258404,97,52,43586,514.525,1980
267284566355319,98,54,43586,529.23,1980
267284616453554,98,54,43586,529.23,1980
267284666552192,98,54,43586,543.312,1980
267284716659867,98,54,43586,543.312,1980
267284766760570,96,53,43586,558.487,1980
267284816862466,96,53,43586,558.487,1980
267284866961758,96,53,43586,570.788,1980
267284917062080,96,53,43586,570.788,1980
267284967163615,97,51,43586,583.484,1980
267285017274659,97,51,43586,583.484,1980
267285067377039,97,51,43586,586.533,1980
267285117495017,97,51,43586,586.533,1980
267285167599234,69,48,43586,581.073,1980
267285217709390,69,48,43586,581.073,1980
267285267815575,69,48,43586,554.424,1980
267285317993239,69,48,43586,554.424,1980
267285368096020,69,36,43586,529.087,1980
267285418198504,69,36,43586,529.087,1980
267285468301136,69,36,43586,501.512,1980
267285518429350,69,36,43586,501.512,1980
267285568534526,70,37,43586,478.147,1980
267285618686698,70,37,43586,478.147,1980
267285668786865,70,37,43586,450.37,1980
267285718891288,70,37,43586,450.37,1980
267285768998099,71,39,43586,428.898,1980
267285819103236,71,39,43586,428.898,1980
267285869224398,71,39,43586,401.882,1980
267285919332652,71,39,43586,401.882,1980
267285969501933,71,39,43586,377.788,1980
267286019623906,71,39,43586,377.788,1980
267286069745924,71,39,43586,367.781,1980
267286119852214,71,39,43586,367.781,1980
267286169953777,72,40,43586,344.035,1980
267286220055081,72,40,43586,344.035,1980
267286270181432,72,40,43586,346.42,1980
267286320283488,72,40,43586,346.42,1980
267286370388207,73,41,43586,349.514,1980
267286420502552,73,41,43586,349.514,1980
267286470611167,73,41,43586,351.018,1980
267286520714874,73,41,43586,351.018,1980
267286570814150,73,42,43586,354.483,1980
267286620913873,73,42,43586,354.483,1980
267286671031614,73,42,43586,355.891,1980
267286721129802,73,42,43586,355.891,1980
267286771238386,76,44,43586,357.636,1980
267286821339112,76,44,43586,357.636,1980
267286871442011,76,44,43586,361.83,1980
267286921553845,76,44,43586,361.83,1980
267286971668151,77,45,43586,363.087,1980
267287021767818,77,45,43586,363.087,1980
267287071886383,77,45,43586,365.894,1980
267287122014946,77,45,43586,365.894,1980
267287172142403,78,46,43586,368.798,1980
267287222245494,78,46,43586,368.798,1980
267287272343815,78,46,43586,371.754,1980
267287322521562,78,46,43586,371.754,1980
267287372631742,79,47,43586,371.976,1980
267287422734868,79,47,43586,371.976,1980
267287472848110,79,47,43586,375.24,1980
267287522950378,79,47,43586,375.24,1980
267287573051459,79,48,43586,377.964,1980
267287623201339,79,48,43586,377.964,1980
267287673311064,79,48,43586,379.833,1980
267287723409497,79,48,43586,379.833,1980
267287773525014,81,49,43586,383.557,1980
267287823644796,81,49,43586,383.557,1980
267287873761539,81,49,43586,384.101,1980
267287923875030,81,49,43586,384.101,1980
267287973975264,82,50,43586,385.373,1980
267288024086355,82,50,43586,385.373,1980
267288074206255,82,50,43586,388.255,1980
267288124321493,82,50,43586,388.255,1980
267288174424290,85,52,43586,390.867,1980
267288224536850,85,52,43586,390.867,1980
267288274640346,85,52,43586,393.007,1980
267288324739852,85,52,43586,393.007,1980
267288374847685,86,53,43586,396.335,1980
267288424945976,86,53,43586,396.335,1980
267288475050402,86,53,43586,399.659,1980
267288525162665,86,53,43586,399.659,1980
267288575265995,86,53,43586,401.14,1980
267288625436234,86,53,43586,401.14,1980
267288675535304,86,53,43586,404.076,1980
267288725640796,86,53,43586,404.076,1980
267288775752189,88,55,43586,405.705,1980
267288825857614,88,55,43586,405.705,1980
267288875967571,88,55,43586,408.677,1980
267288926069909,88,55,43586,408.677,1980
267288976180495,89,55,43586,412.313,1980
267289026282100,89,55,43586,412.313,1980
267289076388693,89,55,43586,413.998,1980
267289126511782,89,55,43586,413.998,1980
267289176610433,90,57,43586,416.346,1980
267289226726100,90,57,43586,416.346,1980
267289276833433,90,57,43586,420.495,1980
267289326941343,90,57,43586,420.495,1980
267289377055391,91,58,43586,422.824,1980
267289427162385,91,58,43586,422.824,1980
267289477278166,91,58,43586,424.793,1980
267289527385919,91,58,43586,424.793,1980
267289577501444,91,59,43586,427.068,1980
267289627601023,91,59,43586,427.068,1980
267289677708552,91,59,43586,429.006,1980
267289727813507,91,59,43586,429.006,1980
267289777920198,93,60,43586,432.662,1980
267289828021878,93,60,43586,432.662,1980
267289878138947,93,60,43586,436.317,1980
267289928252039,93,60,43586,436.317,1980
267289978368812,93,61,43586,438.565,1980
267290028473005,93,61,43586,438.565,1980
267290078572056,93,61,43586,440.765,1980
267290128674047,93,61,43586,440.765,1980
267290178774980,94,62,43586,443.589,1980
267290228877684,94,62,43586,443.589,1980
267290278981120,94,62,43586,445.284,1980
267290329086040,94,62,43586,445.284,1980
267290379185660,95,62,43586,447.232,1980
267290429301974,95,62,43586,447.232,1980
267290479401331,95,62,43586,448.658,1980
267290529514403,95,62,43586,448.658,1980
267290579613865,95,63,43586,451.02,1980
267290629716294,95,63,43586,451.02,1980
267290679816819,95,63,43586,453.039,1980
267290729937140,95,63,43586,453.039,1980
267290780043438,94,63,43586,455.047,1980
267290830175201,94,63,43586,455.047,1980
267290880318601,94,63,43586,455.893,1980
267290930422469,94,63,43586,455.893,1980
267290980533616,95,64,43586,457.234,1980
267291030635985,95,64,43586,457.234,1980
267291080745792,95,64,43586,459.327,1980
267291130848723,95,64,43586,459.327,1980
267291180973059,83,55,43586,464.717,1980
267291231072805,83,55,43586,464.717,1980
267291281173598,83,55,43586,476.346,1980
267291331275645,83,55,43586,476.346,1980
267291381375035,95,53,43586,487.832,1980
267291431474552,95,53,43586,487.832,1980
267291481573582,95,53,43586,497.529,1980
267291531672771,95,53,43586,497.529,1980
267291581772390,96,54,43586,510.858,1980
267291631875309,96,54,43586,510.858,1980
267291681992159,96,54,43586,523.984,1980
267291732099144,96,54,43586,523.984,1980
267291782196056,95,55,43586,533.715,1980
267291832308939,95,55,43586,533.715,1980
267291882409936,95,55,43586,544.259,1980
267291932510771,95,55,43586,544.259,1980
267291982610159,96,54,43586,557.369,1980
267292032709953,96,54,43586,557.369,1980
267292082822040,96,54,43586,559.747,1980
267292132927557,96,54,43586,559.747,1980
267292183031827,76,53,43586,565.184,1980
267292233133538,76,53,43586,565.184,1980
267292283249706,76,53,43586,545.345,1980
267292333370382,76,53,43586,545.345,1980
267292383483304,69,37,43586,522.699,1980
267292433602183,69,37,43586,522.699,1980
267292483714036,69,37,43586,501.892,1980
267292533839147,69,37,43586,501.892,1980
267292583958643,70,38,43586,476.088,1980
267292634065383,70,38,43586,476.088,1980
267292684169629,70,38,43586,449.737,1980
267292734272170,70,38,43586,449.737,1980
267292784403476,71,39,43586,429.991,1980
267292834527123,71,39,43586,429.991,1980
267292884634515,71,39,43586,408.69,1980
267292934736822,71,39,43586,408.69,1980
267292984857254,71,39,43586,387.921,1980
267293034965064,71,39,43586,387.921,1980
267293085081643,71,39,43586,370.823,1980
267293135185194,71,39,43586,370.823,1980
267293185298541,73,41,43586,356.515,1980
267293235415386,73,41,43586,356.515,1980
267293285520901,73,41,43586,348.13,1980
267293335623218,73,41,43586,348.13,1980
267293385751227,74,42,43586,351.218,1980
267293435850953,74,42,43586,351.218,1980
267293485950308,74,42,43586,354.066,1980
267293536060189,74,42,43586,354.066,1980
267293586158092,75,43,43586,356.497,1980
267293636266630,75,43,43586,356.497,1980
267293686375208,75,43,43586,359.386,1980
267293736496472,75,43,43586,359.386,1980
267293786609329,76,44,43586,360.622,1980
267293836735542,76,44,43586,360.622,1980
267293886837678,76,44,43586,362.911,1980
267293936940005,76,44,43586,362.911,1980
267293987049479,76,45,43586,366.281,1980
267294037163148,76,45,43586,366.281,1980
267294087262408,76,45,43586,366.719,1980
267294137369005,76,45,43586,366.719,1980
267294187477759,78,46,43586,370.663,1980
267294237589170,78,46,43586,370.663,1980
267294287692133,78,46,43586,372.961,1980
267294337834451,78,46,43586,372.961,1980
267294387998179,79,47,43586,375.328,1980
267294438113597,79,47,43586,375.328,1980
267294488213722,79,47,43586,377.77,1980
267294538318449,79,47,43586,377.77,1980
267294588424054,81,49,43586,378.883,1980
267294638526819,81,49,43586,378.883,1980
267294688628808,81,49,43586,382.982,1980
267294738740727,81,49,43586,382.982,1980
267294788845001,81,50,43586,385.967,1980
267294838943277,81,50,43586,385.967,1980
267294889046772,81,50,43586,387.402,1980
267294939159382,81,50,43586,387.402,1980
267294989263098,83,51,43586,388.68,1980
267295039365711,83,51,43586,388.68,1980
267295089465169,83,51,43586,393.806,1980
267295139577067,83,51,43586,393.806,1980
267295189688362,85,52,43586,395.764,1980
267295239788324,85,52,43586,395.764,1980
267295289893456,85,52,43586,397.876,1980
267295340023053,85,52,43586,397.876,1980
267295390127350,87,53,43586,400.156,1980
267295440242238,87,53,43586,400.156,1980
267295490344002,87,53,43586,401.407,1980
267295540443579,87,53,43586,401.407,1980
267295590543375,88,55,43586,404.411,1980
267295640652806,88,55,43586,404.411,1980
267295690753343,88,55,43586,405.691,1980
267295740867869,88,55,43586,405.691,1980
267295790977034,89,56,43586,407.973,1980
267295841107192,89,56,43586,407.973,1980
267295891214933,89,56,43586,410.816,1980
267295941315819,89,56,43586,410.816,1980
267295991455988,89,57,43586,414.587,1980
267296041562115,89,57,43586,414.587,1980
267296091663619,89,57,43586,417.298,1980
267296141776643,89,57,43586,417.298,1980
267296191875159,90,57,43586,420.657,1980
267296241987009,90,57,43586,420.657,1980
267296292127963,90,57,43586,423.766,1980
267296342231888,90,57,43586,423.766,1980
267296392334245,92,59,43586,426.228,1980
267296442445287,92,59,43586,426.228,1980
267296492548252,92,59,43586,431.768,1980
267296542649299,92,59,43586,431.768,1980
267296592749450,93,60,43586,436.217,1980
267296642857764,93,60,43586,436.217,1980
267296699360624,93,60,43586,439.902,1980
267296749467083,93,60,43586,439.902,1980
267296799580188,93,60,43586,442.442,1980
267296849683237,93,60,43586,442.442,1980
267296899792523,93,60,43586,445.562,1980
267296949908776,93,60,43586,445.562,1980
267297000015384,94,61,43586,447.335,1980
267297050131437,94,61,43586,447.335,1980
267297100241268,94,61,43586,448.63,1980
267297150357725,94,61,43586,448.63,1980
267297200464275,93,61,43586,450.007,1980
267297250576403,93,61,43586,450.007,1980
267297300704932,93,61,43586,451.717,1980
267297350810590,93,61,43586,451.717,1980
267297400912342,95,63,43586,452.93,1980
267297451041322,95,63,43586,452.93,1980
267297501147477,95,63,43586,452.573,1980
267297551250309,95,63,43586,452.573,1980
267297601356106,95,63,43586,454.018,1980
267297651461089,95,63,43586,454.018,1980
267297701561689,95,63,43586,453.298,1980
267297751661705,95,63,43586,453.298,1980
267297801762738,95,64,43586,455.916,1980
267297851874464,95,64,43586,455.916,1980
267297901978762,95,64,43586,457.305,1980
267297952079533,95,64,43586,457.305,1980
267298002178397,95,64,43586,457.427,1980
267298052279105,95,64,43586,457.427,1980
267298102380827,95,64,43586,460.001,1980
267298152483399,95,64,43586,460.001,1980
267298202584700,95,63,43586,459.563,1980
267298252685303,95,63,43586,459.563,1980
267298302782692,95,63,43586,465.626,1980
267298352882542,95,63,43586,465.626,1980
267298402983960,95,50,43586,479.304,1980
267298453087718,95,50,43586,479.304,1980
267298503191911,95,50,43586,491.075,1980
267298553292697,95,50,43586,491.075,1980
267298603393826,95,53,43586,504.07,1980
267298653510380,95,53,43586,504.07,1980
267298703611020,95,53,43586,518.165,1980
267298753711731,95,53,43586,518.165,1980
267298803812025,96,54,43586,533.253,1980
267298853917327,96,54,43586,533.253,1980
267298904030201,96,54,43586,545.28,1980
267298954138311,96,54,43586,545.28,1980
267299004235915,96,53,43586,562.152,1980
267299054338705,96,53,43586,562.152,1980
267299104440287,96,53,43586,574.496,1980
267299154544933,96,53,43586,574.496,1980
267299204646803,96,53,43586,585.861,1980
267299254747690,96,53,43586,585.861,1980
267299304866290,96,53,43586,590.089,1980
267299354981682,96,53,43586,590.089,1980
267299405088429,71,45,43586,575.883,1980
267299455193714,71,45,43586,575.883,1980
267299505295238,71,45,43586,554.073,1980
267299555413762,71,45,43586,554.073,1980
267299605524880,71,39,43586,530.07,1980
267299655631808,71,39,43586,530.07,1980
267299705734207,71,39,43586,505.208,1980
267299755844789,71,39,43586,505.208,1980
267299805947860,71,40,43586,480.277,1980
267299856049545,71,40,43586,480.277,1980
267299906150473,71,40,43586,452.35,1980
267299956249903,71,40,43586,452.35,1980
267300006353375,73,41,43586,431.656,1980
267300056459983,73,41,43586,431.656,1980
267300106567094,73,41,43586,401.426,1980
267300156683990,73,41,43586,401.426,1980
267300206799376,74,42,43586,377.928,1980
267300256906003,74,42,43586,377.928,1980
267300307009104,74,42,43586,369.479,1980
267300357120346,74,42,43586,369.479,1980
267300407219702,75,44,43586,352.556,1980
267300457321028,75,44,43586,352.556,1980
267300507438336,75,44,43586,352.699,1980
267300557548260,75,44,43586,352.699,1980
267300607671563,76,44,43586,355.96,1980
267300657781271,76,44,43586,355.96,1980
267300707887392,76,44,43586,358.295,1980
267300758006195,76,44,43586,358.295,1980
267300808119821,76,45,43586,361.382,1980
267300858230242,76,45,43586,361.382,1980
267300908337205,76,45,43586,364.17,1980
267300958453590,76,45,43586,364.17,1980
267301008555036,78,46,43586,365.256,1980
267301058654924,78,46,43586,367.729,1980
267301109674152,78,46,43586,367.729,1980
267301159779209,78,47,43586,369.483,1980
267301209892050,78,47,43586,369.483,1980
267301260004102,78,47,43586,372.557,1980
267301310114336,78,47,43586,372.557,1980
267301360217473,80,48,43586,375.49,1980
267301411172136,80,48,43586,375.49,1980
267301461283000,80,48,43586,377.682,1980
267301511405178,80,48,43586,377.682,1980
267301561518445,81,49,43586,379.112,1980
267301611620670,81,49,43586,379.112,1980
267301661732122,81,49,43586,381.176,1980
267301711843285,81,49,43586,381.176,1980
267301762018135,82,50,43586,384.55,1980
267301812122629,82,50,43586,384.55,1980
267301862226794,82,50,43586,387.945,1980
267301912331818,82,50,43586,387.945,1980
267301962442457,85,52,43586,390.479,1980
267302012544098,85,52,43586,390.479,1980
267302062652485,85,52,43586,393.1,1980
267302112759019,85,52,43586,393.1,1980
267302162862316,86,53,43586,397.256,1980
267302212966609,86,53,43586,397.256,1980
267302263072356,86,53,43586,399.918,1980
267302313172376,86,53,43586,399.918,1980
267302363271306,88,54,43586,402.845,1980
267302413378141,88,54,43586,402.845,1980
267302463490507,88,54,43586,407.994,1980
267302513591875,88,54,43586,407.994,1980
267302563704309,88,55,43586,410.934,1980
267302613817645,88,55,43586,410.934,1980
267302663934896,88,55,43586,414.071,1980
267302714044367,88,55,43586,414.071,1980
267302764152749,89,56,43586,417.002,1980
267302814252605,89,56,43586,417.002,1980
267302864361247,89,56,43586,419.899,1980
267302914471884,89,56,43586,419.899,1980
267302964586176,91,58,43586,424.047,1980
267303014689989,91,58,43586,424.047,1980
267303064796266,91,58,43586,428.111,1980
267303114907583,91,58,43586,428.111,1980
267303165012553,91,58,43586,429.262,1980
267303215113826,91,58,43586,429.262,1980
267303265215051,91,58,43586,432.462,1980
267303315321196,91,58,43586,432.462,1980
267303365422990,92,60,43586,435.38,1980
267303415524817,92,60,43586,435.38,1980
267303465648008,92,60,43586,436.454,1980
267303515751921,92,60,43586,436.454,1980
267303565873857,92,60,43586,439.953,1980
267303615981965,92,60,43586,439.953,1980
267303666087215,92,60,43586,441.691,1980
267303716210669,92,60,43586,441.691,1980
267303766326625,94,61,43586,443.687,1980
267303816426195,94,61,43586,443.687,1980
267303866544060,94,61,43586,444.531,1980
267303916644588,94,61,43586,444.531,1980
267303966753546,94,62,43586,443.364,1980
267304016859292,94,62,43586,443.364,1980
267304066983484,94,62,43586,444.901,1980
267304117094411,94,62,43586,444.901,1980
267304167205808,95,63,43586,447.063,1980
267304217316466,95,63,43586,447.063,1980
267304267425283,95,63,43586,448.525,1980
267304317531446,95,63,43586,448.525,1980
267304367647340,95,63,43586,450.271,1980
267304417753168,95,63,43586,450.271,1980
267304467854417,95,63,43586,452.76,1980
267304517959670,95,63,43586,452.76,1980
267304568068626,95,63,43586,453.319,1980
267304618191547,95,63,43586,453.319,1980
267304668300901,95,63,43586,454.963,1980
267304718404951,95,63,43586,454.963,1980
267304768514807,95,64,43586,456.009,1980
267304818621860,95,64,43586,456.009,1980
267304868735122,95,64,43586,457.298,1980
267304918839797,95,64,43586,457.298,1980
267304968947831,95,63,43586,459.442,1980
267305019059068,95,63,43586,459.442,1980
267305069166982,95,63,43586,460.924,1980
267305119274603,95,63,43586,460.924,1980
267305169450215,95,63,43586,460.6,1980
267305219568626,95,63,43586,460.6,1980
267305269683210,95,63,43586,461.633,1980
267305319793330,95,63,43586,461.633,1980
267305369896336,95,64,43586,462.615,1980
267305419995014,95,64,43586,462.615,1980
267305470098682,95,64,43586,476.564,1980
267305520200523,95,64,43586,476.564,1980
267305570316357,97,50,43586,491.553,1980
267305620417861,97,50,43586,491.553,1980
267305670536284,97,50,43586,505.943,1980
267305720636248,97,50,43586,505.943,1980
267305770737753,98,55,43586,520.416,1980
267305820839160,98,55,43586,520.416,1980
267305870960757,98,55,43586,531.883,1980
267305921062674,98,55,43586,531.883,1980
267305972107098,96,54,43586,544.209,1980
267306022213156,96,54,43586,544.209,1980
267306072315078,96,54,43586,560.246,1980
267306122419077,96,54,43586,560.246,1980
267306172516677,96,55,43586,576.452,1980
267306222618321,96,55,43586,576.452,1980
267306272719239,96,55,43586,590.768,1980
267306322821577,96,55,43586,590.768,1980
267306372923708,96,54,43586,593.815,1980
267306423026680,96,54,43586,593.815,1980
267306473129223,96,54,43586,591.907,1980
267306523251117,96,54,43586,591.907,1980
267306573354526,93,59,43586,565.582,1980
267306623480616,93,59,43586,565.582,1980
267306673591190,93,59,43586,539.444,1980
267306723709327,93,59,43586,539.444,1980
267306773814641,70,37,43586,511.316,1980
267306823930019,70,37,43586,511.316,1980
267306874038469,70,37,43586,488.514,1980
267306924148472,70,37,43586,488.514,1980
267306974253152,70,38,43586,463.369,1980
267307024364545,70,38,43586,463.369,1980
267307074478714,70,38,43586,439.669,1980
267307124576654,70,38,43586,439.669,1980
267307174682411,71,39,43586,408.927,1980
267307224880448,71,39,43586,408.927,1980
267307275028798,71,39,43586,387.896,1980
267307325163169,71,39,43586,387.896,1980
267307375277197,71,40,43586,367.757,1980
267307425418223,71,40,43586,367.757,1980
267307475531702,71,40,43586,349.366,1980
267307525654658,71,40,43586,349.366,1980
267307575760060,73,41,43586,347.701,1980
267307625866634,73,41,43586,347.701,1980
267307675991158,73,41,43586,350.687,1980
267307726112246,73,41,43586,350.687,1980
267307776213963,73,42,43586,353.877,1980
267307826329179,73,42,43586,353.877,1980
267307876451949,73,42,43586,355.029,1980
267307926585683,73,42,43586,355.029,1980
267307976709770,75,44,43586,357.599,1980
267308026829077,75,44,43586,357.599,1980
267308076930433,75,44,43586,360.951,1980
267308127040416,75,44,43586,360.951,1980
267308177160267,76,44,43586,364.17,1980
267308227270541,76,44,43586,364.17,1980
267308277381719,76,44,43586,366.102,1980
267308327488595,76,44,43586,366.102,1980
267308377619762,78,46,43586,368.004,1980
267308427729409,78,46,43586,368.004,1980
267308477844563,78,46,43586,370.376,1980
267308527951434,78,46,43586,370.376,1980
267308578065422,79,47,43586,372.295,1980
267308628167658,79,47,43586,372.295,1980
267308678283364,79,47,43586,374.046,1980
267308728401611,79,47,43586,374.046,1980
267308778506146,80,48,43586,376.134,1980
267308828620545,80,48,43586,376.134,1980
267308878737871,80,48,43586,376.864,1980
267308928855181,80,48,43586,376.864,1980
267308978973141,81,49,43586,378.216,1980
267309029083243,81,49,43586,378.216,1980
267309079185859,81,49,43586,380.226,1980
267309129286800,81,49,43586,380.226,1980
267309179403443,81,50,43586,380.369,1980
267309229519163,81,50,43586,380.369,1980
267309279623799,81,50,43586,384.592,1980
267309329726048,81,50,43586,384.592,1980
267309379828511,84,51,43586,388.045,1980
267309429942993,84,51,43586,388.045,1980
267309480083553,84,51,43586,391.668,1980
267309530190758,84,51,43586,391.668,1980
267309580300645,86,53,43586,394.174,1980
267309630406468,86,53,43586,394.174,1980
267309680520003,86,53,43586,396.273,1980
267309730631136,86,53,43586,396.273,1980
267309780732939,87,53,43586,401.255,1980
267309830846226,87,53,43586,401.255,1980
267309880949570,87,53,43586,403.949,1980
267309931056427,87,53,43586,403.949,1980
267309981159470,88,54,43586,407.392,1980
267310031276506,88,54,43586,407.392,1980
267310081387798,88,54,43586,409.596,1980
267310131490237,88,54,43586,409.596,1980
267310181594264,88,55,43586,413.909,1980
267310231691288,88,55,43586,413.909,1980
267310281801976,88,55,43586,415.28,1980
267310331911010,88,55,43586,415.28,1980
267310382025257,90,57,43586,416.414,1980
267310432127865,90,57,43586,416.414,1980
267310482238449,90,57,43586,418.735,1980
267310532351472,90,57,43586,418.735,1980
267310582454518,91,58,43586,421.461,1980
267310632559907,91,58,43586,421.461,1980
267310682658893,91,58,43586,425.153,1980
267310732761461,91,58,43586,425.153,1980
267310782863441,91,59,43586,426.285,1980
267310832971605,91,59,43586,426.285,1980
267310883078215,91,59,43586,429.103,1980
267310933179399,91,59,43586,429.103,1980
267310983279883,93,60,43586,431.868,1980
267311033413611,93,60,43586,431.868,1980
267311083519699,93,60,43586,435.824,1980
267311133630013,93,60,43586,435.824,1980
267311183737791,94,61,43586,438.531,1980
267311233837669,94,61,43586,438.531,1980
267311283935600,94,61,43586,441.081,1980
267311334046423,94,61,43586,441.081,1980
267311384156217,95,62,43586,444.341,1980
267311434277607,95,62,43586,444.341,1980
267311484382439,95,62,43586,445.872,1980
267311534492182,95,62,43586,445.872,1980
267311584596143,95,63,43586,448.154,1980
267311634732121,95,63,43586,448.154,1980
267311684850423,95,63,43586,448.247,1980
267311734956580,95,63,43586,448.247,1980
267311785066755,95,63,43586,450.789,1980
267311835180757,95,63,43586,450.789,1980
267311885371597,95,63,43586,452.951,1980
267311935472860,95,63,43586,452.951,1980
267311985571251,94,63,43586,456.116,1980
267312035675429,94,63,43586,456.116,1980
267312085787083,94,63,43586,456.657,1980
267312135894573,94,63,43586,456.657,1980
267312186009847,95,64,43586,456.531,1980
267312236108993,95,64,43586,456.531,1980
267312286221114,95,64,43586,459.333,1980
267312336322139,95,64,43586,459.333,1980
267312386428551,95,63,43586,457.288,1980
267312438258790,95,63,43586,457.288,1980
267312488360625,95,63,43586,454.128,1980
267312538460614,95,63,43586,454.128,1980
267312588563013,81,50,43586,466.631,1980
267312638662896,81,50,43586,466.631,1980
267312688766936,81,50,43586,483.001,1980
267312738868855,81,50,43586,483.001,1980
267312788971723,98,55,43586,494.297,1980
267312839073909,98,55,43586,494.297,1980
267312889174109,98,55,43586,509.37,1980
267312939272379,98,55,43586,509.37,1980
267312989370399,95,54,43586,520.792,1980
267313039468814,95,54,43586,520.792,1980
267313089570450,95,54,43586,530.403,1980
267313139672389,95,54,43586,530.403,1980
267313189788842,97,53,43586,546.926,1980
267313239890662,97,53,43586,546.926,1980
267313290015341,97,53,43586,558.329,1980
267313340119676,97,53,43586,558.329,1980
267313390230566,95,54,43586,568.698,1980
267313442786279,95,54,43586,568.698,1980
267313492889792,95,54,43586,574.526,1980
267313543011731,95,54,43586,574.526,1980
267313593130062,65,47,43586,568.462,1980
267313643237106,65,47,43586,568.462,1980
267313693336075,65,47,43586,538.342,1980
267313743446802,65,47,43586,538.342,1980
267313793553910,61,30,43586,509.63,1980
267313843656114,61,30,43586,509.63,1980
267313893766340,61,30,43586,478.063,1980
267313943866134,61,30,43586,478.063,1980
267313993973045,63,32,43586,454.279,1980
267314044089555,63,32,43586,454.279,1980
267314094207706,63,32,43586,426.813,1980
267314144323499,63,32,43586,426.813,1980
267314194434463,63,32,43586,401.731,1980
267314244551060,63,32,43586,401.731,1980
267314294675817,63,32,43586,374.885,1980
267314344783056,63,32,43586,374.885,1980
267314394891231,66,35,43586,346.967,1980
267314445013323,66,35,43586,346.967,1980
267314495135704,66,35,43586,330.74,1980
267314545240280,66,35,43586,330.74,1980
267314595350766,69,36,43586,315.92,1980
267314645466801,69,36,43586,315.92,1980
267314695571342,69,36,43586,319.537,1980
267314745680192,69,36,43586,319.537,1980
267314795793155,69,37,43586,322.497,1980
267314845903451,69,37,43586,322.497,1980
267314896017369,69,37,43586,326.71,1980
267314946128932,69,37,43586,326.71,1980
267314996235080,70,37,43586,330.48,1980
267315046352793,70,37,43586,330.48,1980
267315096460218,70,37,43586,332.212,1980
267315146570382,70,37,43586,332.212,1980
267315196676862,71,39,43586,333.69,1980
267315246788899,71,39,43586,333.69,1980
267315296891855,71,39,43586,338.202,1980
267315346990597,71,39,43586,338.202,1980
267315397096592,72,40,43586,340.468,1980
267315447239384,72,40,43586,340.468,1980
267315497363207,72,40,43586,342.48,1980
267315547480498,72,40,43586,342.48,1980
267315597586724,72,41,43586,343.664,1980
267315647688396,72,41,43586,343.664,1980
267315697790244,72,41,43586,344.788,1980
267315747906484,72,41,43586,344.788,1980
267315798009121,74,42,43586,345.795,1980
267315848122964,74,42,43586,345.795,1980
267315898225645,74,42,43586,349.038,1980
267315948328611,74,42,43586,349.038,1980
267315998456317,75,43,43586,351.363,1980
267316048556423,75,43,43586,351.363,1980
267316098675523,75,43,43586,353.944,1980
267316148778225,75,43,43586,353.944,1980
267316198883790,76,44,43586,356.19,1980
267316249015374,76,44,43586,356.19,1980
267316299116063,76,44,43586,358.185,1980
267316349221140,76,44,43586,358.185,1980
267316399342062,78,46,43586,360.541,1980
267316449451828,78,46,43586,360.541,1980
267316499557758,78,46,43586,363.14,1980
267316549671382,78,46,43586,363.14,1980
267316599789571,79,47,43586,367.446,1980
267316649912903,79,47,43586,367.446,1980
267316700021319,79,47,43586,371.333,1980
267316750132096,79,47,43586,371.333,1980
267316800245220,79,48,43586,373.042,1980
267316850389498,79,48,43586,373.042,1980
267316900508345,79,48,43586,373.659,1980
267316950622479,79,48,43586,373.659,1980
267317000791508,80,49,43586,375.661,1980
267317050899277,80,49,43586,375.661,1980
267317101006402,80,49,43586,379.143,1980
267317151119965,80,49,43586,379.143,1980
267317201225894,82,50,43586,381.44,1980
267317251329115,82,50,43586,381.44,1980
267317301438609,82,50,43586,383.376,1980
267317351546217,82,50,43586,383.376,1980
267317401666496,84,51,43586,387.471,1980
267317451774227,84,51,43586,387.471,1980
267317501896936,84,51,43586,389.508,1980
267317552003878,84,51,43586,389.508,1980
267317602121430,85,52,43586,390.812,1980
267317652243266,85,52,43586,390.812,1980
267317702361098,85,52,43586,393.826,1980
267317752461558,85,52,43586,393.826,1980
267317802577999,87,53,43586,397.966,1980
267317852695465,87,53,43586,397.966,1980
267317902807576,87,53,43586,401.863,1980
267317952917037,87,53,43586,401.863,1980
267318003041885,87,54,43586,405.593,1980
267318053162498,87,54,43586,405.593,1980
267318103263412,87,54,43586,407.066,1980
267318153369511,87,54,43586,407.066,1980
267318203470095,88,55,43586,410.672,1980
267318253574599,88,55,43586,410.672,1980
267318303681650,88,55,43586,414.406,1980
267318353789613,88,55,43586,414.406,1980
267318403933254,89,56,43586,415.589,1980
267318454038544,89,56,43586,415.589,1980
267318504144740,89,56,43586,419.363,1980
267318554264718,89,56,43586,419.363,1980
267318604396962,90,57,43586,422.846,1980
267318654506621,90,57,43586,422.846,1980
267318704634543,90,57,43586,425.333,1980
267318754778367,90,57,43586,425.333,1980
267318804884778,91,58,43586,427.232,1980
267318855003697,91,58,43586,427.232,1980
267318905110580,91,58,43586,427.411,1980
267318955224869,91,58,43586,427.411,1980
267319005329854,92,60,43586,428.785,1980
267319055430608,92,60,43586,428.785,1980
267319105539171,92,60,43586,432.314,1980
267319155643722,92,60,43586,432.314,1980
267319205757033,93,60,43586,434.413,1980
267319255873891,93,60,43586,434.413,1980
267319305990927,93,60,43586,435.625,1980
267319356107409,93,60,43586,435.625,1980
267319406216042,94,61,43586,437.078,1980
267319456316112,94,61,43586,437.078,1980
267319506429495,94,61,43586,440.803,1980
267319556538715,94,61,43586,440.803,1980
267319606659098,79,47,43586,440.993,1980
267319656763339,79,47,43586,440.993,1980
267319706938581,79,47,43586,454.652,1980
267319757104630,79,47,43586,454.652,1980
267319807229217,96,54,43586,468.244,1980
267319857362856,96,54,43586,468.244,1980
267319907481105,96,54,43586,485.38,1980
267319957599540,96,54,43586,485.38,1980
267320007715895,97,55,43586,500.035,1980
267320057823932,97,55,43586,500.035,1980
267320107936744,97,55,43586,513.841,1980
267320158048927,97,55,43586,513.841,1980
267320208166586,96,53,43586,526.864,1980
267320258278836,96,53,43586,526.864,1980
267320308390995,96,53,43586,542.18,1980
267320358498263,96,53,43586,542.18,1980
267320408599830,96,53,43586,554.272,1980
267320458704664,96,53,43586,554.272,1980
267320508810648,96,53,43586,560.047,1980
267320558978800,96,53,43586,560.047,1980
267320609052417,86,52,43586,571.004,1980
267320659163009,86,52,43586,571.004,1980
267320709314552,86,52,43586,547.477,1980
267320759451855,86,52,43586,547.477,1980
267320809572176,64,34,43586,521.024,1980
267320859681218,64,34,43586,521.024,1980
267320909839269,64,34,43586,496.561,1980
267320959970467,64,34,43586,496.561,1980
267321010052266,67,35,43586,469.212,1980
267321060157847,67,35,43586,469.212,1980
267321110258268,67,35,43586,443.883,1980
267321160361563,67,35,43586,443.883,1980
267321210474322,69,37,43586,417.071,1980
267321260585143,69,37,43586,417.071,1980
267321310699149,69,37,43586,393.161,1980
267321360827806,69,37,43586,393.161,1980
267321410938905,70,38,43586,372.769,1980
267321461048207,70,38,43586,372.769,1980
267321511158847,70,38,43586,350.514,1980
267321561272287,70,38,43586,350.514,1980
267321611400370,71,39,43586,331.109,1980
267321661510421,71,39,43586,331.109,1980
267321711632896,71,39,43586,332.344,1980
267321761754060,71,39,43586,332.344,1980
267321811859220,71,40,43586,333.239,1980
267321861986881,71,40,43586,333.239,1980
267321912043767,71,40,43586,334.028,1980
267321962144506,71,40,43586,334.028,1980
267322012259693,73,41,43586,335.283,1980
267322062377941,73,41,43586,335.283,1980
267322112487675,73,41,43586,338.697,1980
267322162604060,73,41,43586,338.697,1980
267322212707424,73,42,43586,342.245,1980
267322262823549,73,42,43586,342.245,1980
267322312927061,73,42,43586,343.22,1980
267322363056759,73,42,43586,343.22,1980
267322413163373,74,43,43586,345.155,1980
267322463270229,74,43,43586,345.155,1980
267322513378984,74,43,43586,347.285,1980
267322563491372,74,43,43586,347.285,1980
267322613599444,76,44,43586,347.416,1980
267322663722625,76,44,43586,347.416,1980
267322713843783,76,44,43586,350.372,1980
267322763949421,76,44,43586,350.372,1980
267322814056270,77,45,43586,353.363,1980
267322864168288,77,45,43586,353.363,1980
267322914268790,77,45,43586,357.593,1980
267322964384794,77,45,43586,357.593,1980
267323014491812,78,46,43586,360.09,1980
267323064602250,78,46,43586,360.09,1980
267323114718043,78,46,43586,363.397,1980
267323164821237,78,46,43586,363.397,1980
267323214925503,79,47,43586,365.008,1980
267323265111760,79,47,43586,365.008,1980
267323315214641,79,47,43586,368.93,1980
267323365326341,79,47,43586,368.93,1980
267323415444597,80,48,43586,372.34,1980
267323465558275,80,48,43586,372.34,1980
267323515671679,80,48,43586,375.827,1980
267323565778322,80,48,43586,375.827,1980
267323615889443,81,49,43586,377.662,1980
267323665998130,81,49,43586,377.662,1980
267323716110140,81,49,43586,380.619,1980
267323766233432,81,49,43586,380.619,1980
267323816335397,82,50,43586,382.567,1980
267323866447611,82,50,43586,382.567,1980
267323916568136,82,50,43586,387.153,1980
267323966674727,82,50,43586,387.153,1980
267324016786983,84,51,43586,390.347,1980
267324066904420,84,51,43586,390.347,1980
267324117007646,84,51,43586,393.222,1980
267324167109392,84,51,43586,393.222,1980
267324217219483,85,52,43586,394.245,1980
267324267337086,85,52,43586,394.245,1980
267324317451612,85,52,43586,395.913,1980
267324367564193,85,52,43586,395.913,1980
267324417666674,87,54,43586,399.463,1980
267324467770660,87,54,43586,399.463,1980
267324517875058,87,54,43586,402.826,1980
267324567990021,87,54,43586,402.826,1980
267324618096967,88,55,43586,409.176,1980
267324668196909,88,55,43586,409.176,1980
267324718297985,88,55,43586,411.523,1980
267324768409301,88,55,43586,411.523,1980
267324818519773,88,56,43586,415.149,1980
267324868624161,88,56,43586,415.149,1980
267324918751113,88,56,43586,415.284,1980
267324968866273,88,56,43586,415.284,1980
267325018971568,90,57,43586,417.229,1980
267325069068178,90,57,43586,417.229,1980
267325119173648,90,57,43586,419.204,1980
267325169291981,90,57,43586,419.204,1980
267325219396054,90,58,43586,423.589,1980
267325269516358,90,58,43586,423.589,1980
267325319646606,90,58,43586,426.125,1980
267325369764815,90,58,43586,426.125,1980
267325419886392,91,59,43586,428.023,1980
267325470015014,91,59,43586,428.023,1980
267325520125016,91,59,43586,430.453,1980
267325570233034,91,59,43586,430.453,1980
267325620341721,91,59,43586,431.793,1980
267325670444543,91,59,43586,431.793,1980
267325720550077,91,59,43586,433.575,1980
267325770663744,91,59,43586,433.575,1980
267325820772043,93,61,43586,435.186,1980
267325870881719,93,61,43586,435.186,1980
267325921007175,93,61,43586,439.649,1980
267325971121248,93,61,43586,439.649,1980
267326021227022,92,61,43586,441.147,1980
267326071336693,92,61,43586,441.147,1980
267326121449765,92,61,43586,444.902,1980
267326171553738,92,61,43586,444.902,1980
267326221664132,95,62,43586,447.801,1980
267326271826259,95,62,43586,447.801,1980
267326321925660,95,62,43586,450.003,1980
267326372045262,95,62,43586,450.003,1980
267326422154628,95,63,43586,451.537,1980
267326472267489,95,63,43586,451.537,1980
267326522378761,95,63,43586,451.551,1980
267326572493279,95,63,43586,451.551,1980
267326622599114,82,51,43586,450.733,1980
267326672719374,82,51,43586,450.733,1980
267326722834239,82,51,43586,465.385,1980
267326772940241,82,51,43586,480.45,1980
267326823043279,98,55,43586,480.45,1980
267326873150334,98,55,43586,494.614,1980
267326923255225,98,55,43586,494.614,1980
267326973360715,96,54,43586,509.591,1980
267327023463321,96,54,43586,509.591,1980
267327073562779,96,54,43586,520.432,1980
267327123948242,96,54,43586,520.432,1980
267327174045778,96,54,43586,530.495,1980
267327224151039,96,54,43586,530.495,1980
267327274262298,96,54,43586,545.514,1980
267327324364889,96,54,43586,545.514,1980
267327374470471,96,55,43586,560.278,1980
267327424577824,96,55,43586,560.278,1980
267327474680573,96,55,43586,571.414,1980
267327524839705,96,55,43586,571.414,1980
267327574943085,66,52,43586,580.364,1980
267327625045981,66,52,43586,580.364,1980
267327675158980,66,52,43586,566.722,1965
267327725266260,66,52,43586,566.722,1965
267327775375410,67,34,43586,538.033,1965
267327825486836,67,34,43586,538.033,1965
267327875593490,67,34,43586,510.336,1965
267327925734997,67,34,43586,510.336,1965
267327975838163,68,36,43586,485.209,1980
267328025954987,68,36,43586,485.209,1980
267328076065456,68,36,43586,465.818,1980
267328126172755,68,36,43586,465.818,1980
267328176282678,69,36,43586,437.352,1980
267328226388364,69,36,43586,437.352,1980
267328276556243,69,36,43586,411.525,1980
267328326663500,69,36,43586,411.525,1980
267328376776565,70,38,43586,390.189,1980
267328426887743,70,38,43586,390.189,1980
267328476990227,70,38,43586,360.801,1980
267328527130179,70,38,43586,360.801,1980
267328577252093,71,39,43586,345.698,1980
267328627358290,71,39,43586,345.698,1980
267328677466003,71,39,43586,336.175,1980
267328727569634,71,39,43586,336.175,1980
267328777676072,72,40,43586,338.159,1980
267328827796301,72,40,43586,338.159,1980
267328877911871,72,40,43586,342.627,1980
267328928019028,72,40,43586,342.627,1980
267328978125667,73,41,43586,344.792,1980
267329028253697,73,41,43586,344.792,1980
267329078365755,73,41,43586,346.93,1980
267329128477837,73,41,43586,346.93,1980
267329178588732,74,43,43586,350.896,1980
267329228693464,74,43,43586,350.896,1980
267329278807979,74,43,43586,355.423,1980
267329328913691,74,43,43586,355.423,1980
267329379027305,75,43,43586,358.015,1980
267329429145720,75,43,43586,358.015,1980
267329479254854,75,43,43586,360.708,1980
267329529364817,75,43,43586,360.708,1980
267329579466295,76,45,43586,363.725,1980
267329629571758,76,45,43586,363.725,1980
267329679680354,76,45,43586,366.571,1980
267329729801792,76,45,43586,366.571,1980
267329779907012,77,45,43586,368.675,1980
267329830015665,77,45,43586,368.675,1980
267329880120249,77,45,43586,368.682,1980
267329930219257,77,45,43586,368.682,1980
267329980334469,79,47,43586,371.475,1980
267330030507805,79,47,43586,371.475,1980
267330080651446,79,47,43586,371.819,1980
267330130769172,79,47,43586,371.819,1980
267330180874148,78,47,43586,373.517,1980
267330231035735,78,47,43586,373.517,1980
267330281143587,78,47,43586,375.649,1980
267330331247423,78,47,43586,375.649,1980
267330381347933,81,49,43586,376.354,1980
267330431462224,81,49,43586,376.354,1980
267330481569769,81,49,43586,378.708,1980
267330531695234,81,49,43586,378.708,1980
267330581802853,80,49,43586,379.197,1980
267330631933536,80,49,43586,379.197,1980
267330682075905,80,49,43586,381.579,1980
267330732181262,80,49,43586,381.579,1980
267330782298360,85,51,43586,383.725,1980
267330832406351,85,51,43586,383.725,1980
267330882510712,85,51,43586,388.731,1980
267330932614266,85,51,43586,388.731,1980
267330982723794,85,52,43586,390.453,1980
267331032831207,85,52,43586,390.453,1980
267331082941124,85,52,43586,394.895,1980
267331133045240,85,52,43586,394.895,1980
267331183158669,87,53,43586,396.512,1980
267331233270321,87,53,43586,396.512,1980
267331283376569,87,53,43586,399.848,1980
267331333488688,87,53,43586,399.848,1980
267331383592899,88,54,43586,402.332,1980
267331433708547,88,54,43586,402.332,1980
267331483822441,88,54,43586,405.813,1980
267331533947071,88,54,43586,405.813,1980
267331584083761,88,55,43586,408.05,1980
267331634195144,88,55,43586,408.05,1980
267331684318248,88,55,43586,411.612,1980
267331734433175,88,55,43586,411.612,1980
267331784537482,89,56,43586,415.801,1980
267331834639982,89,56,43586,415.801,1980
267331884748543,89,56,43586,416.201,1980
267331934852231,89,56,43586,416.201,1980
267331984968636,89,57,43586,418.849,1980
267332035049685,89,57,43586,418.849,1980
267332085169791,89,57,43586,421.95,1980
267332135289674,89,57,43586,421.95,1980
267332185392904,92,59,43586,425.428,1980
267332235495966,92,59,43586,425.428,1980
267332285600480,92,59,43586,427.717,1980
267332335711137,92,59,43586,427.717,1980
267332385822042,91,59,43586,430.649,1980
267332435943050,91,59,43586,430.649,1980
267332486054458,91,59,43586,433.14,1980
267332536156848,91,59,43586,433.14,1980
267332586261274,93,61,43586,436.158,1980
267332636372314,93,61,43586,436.158,1980
267332686499721,93,61,43586,438.513,1980
267332736604764,93,61,43586,438.513,1980
267332786739652,92,61,43586,440.829,1980
267332836849269,92,61,43586,440.829,1980
267332886959117,92,61,43586,442.882,1980
267332937046785,92,61,43586,442.882,1980
267332987145748,95,62,43586,444.558,1980
267333037266934,95,62,43586,444.558,1980
267333087369637,95,62,43586,445.864,1980
267333137512055,95,62,43586,445.864,1980
267333187629359,95,63,43586,448.107,1980
267333237744389,95,63,43586,448.107,1980
267333287853967,95,63,43586,449.76,1980
267333337966093,95,63,43586,449.76,1980
267333388078297,95,63,43586,450.888,1980
267333438178435,95,63,43586,450.888,1980
267333488291442,95,63,43586,452.668,1980
267333538397414,95,63,43586,452.668,1980
267333588507200,95,64,43586,456.171,1980
267333638610138,95,64,43586,456.171,1980
267333688714787,95,64,43586,460.122,1980
267333738823008,95,64,43586,460.122,1980
267333788930181,97,49,43586,472.657,1980
267333839039146,97,49,43586,472.657,1980
267333889145377,97,49,43586,485.887,1980
267333939244147,97,49,43586,485.887,1980
267333989376481,96,55,43586,499.39,1980
267334039494001,96,55,43586,499.39,1980
267334089604830,96,55,43586,514.788,1980
267334139707806,96,55,43586,514.788,1980
267334189810817,95,53,43586,527.97,1980
267334239917385,95,53,43586,527.97,1980
267334290028489,95,53,43586,545.127,1980
267334340133221,95,53,43586,545.127,1980
267334390239831,95,54,43586,560.407,1980
267334440338542,95,54,43586,560.407,1980
267334490444373,95,54,43586,573.143,1980
267334540548574,95,54,43586,573.143,1980
267334592730946,94,57,43586,580.13,1980
267334642837323,94,57,43586,580.13,1980
267334692946707,94,57,43586,583.613,1980
267334743056722,94,57,43586,583.613,1980
267334793173923,73,40,43586,565.832,1980
267334843277296,73,40,43586,565.832,1980
267334893394618,73,40,43586,542.035,1980
267334943496916,73,40,43586,542.035,1980
267334993609570,68,36,43586,515.539,1980
267335043726135,68,36,43586,515.539,1980
267335093842686,68,36,43586,490.621,1980
267335143977720,68,36,43586,490.621,1980
267335194047050,69,37,43586,462.381,1980
267335244163574,69,37,43586,462.381,1980
267335294283776,69,37,43586,435.752,1980
267335344392149,69,37,43586,435.752,1980
267335394496467,70,38,43586,412.988,1980
267335444596498,70,38,43586,412.988,1980
267335494699994,70,38,43586,385.707,1980
267335544816238,70,38,43586,385.707,1980
267335594922695,71,39,43586,363.225,1980
267335645027839,71,39,43586,363.225,1980
267335695150038,71,39,43586,343.771,1980
267335745258838,71,39,43586,343.771,1980
267335795360822,72,40,43586,338.668,1980
267335845467991,72,40,43586,338.668,1980
267335895572504,72,40,43586,338.855,1980
267335946035086,72,40,43586,338.855,1980
267335996143057,73,41,43586,340.341,1980
267336046307170,73,41,43586,340.341,1980
267336096437984,73,41,43586,341.302,1980
267336146552130,73,41,43586,341.302,1980
267336196669285,74,42,43586,343.15,1980
267336246774383,74,42,43586,343.15,1980
267336296878358,74,42,43586,346.955,1980
267336346992039,74,42,43586,346.955,1980
267336397103356,75,43,43586,349.265,1980
267336447221015,75,43,43586,349.265,1980
267336497324756,75,43,43586,350.417,1980
267336547449963,75,43,43586,350.417,1980
267336597566370,76,45,43586,352.328,1980
267336647676168,76,45,43586,352.328,1980
267336697805380,76,45,43586,353.186,1980
267336747905857,76,45,43586,353.186,1980
267336798029538,77,45,43586,356.324,1980
267336848128922,77,45,43586,356.324,1980
267336898238229,77,45,43586,358.308,1980
267336948356853,77,45,43586,358.308,1980
267336998461446,79,47,43586,360.099,1980
267337048595960,79,47,43586,360.099,1980
267337098707659,79,47,43586,360.747,1980
267337148813607,79,47,43586,360.747,1980
267337198933770,78,47,43586,364.823,1980
267337249040139,78,47,43586,364.823,1980
267337299142597,78,47,43586,366.264,1980
267337349252191,78,47,43586,366.264,1980
267337399374102,81,49,43586,368.356,1980
267337449475024,81,49,43586,368.356,1980
267337499592032,81,49,43586,372.385,1980
267337549705622,81,49,43586,372.385,1980
267337599812203,81,50,43586,375.643,1980
267337649930904,81,50,43586,375.643,1980
267337700081775,81,50,43586,380.027,1980
267337750182032,81,50,43586,380.027,1980
267337800303438,85,51,43586,383.225,1980
267337850410609,85,51,43586,383.225,1980
267337900517413,85,51,43586,387.514,1980
267337950626418,85,51,43586,387.514,1980
267338000736204,85,52,43586,392.884,1980
267338050844995,85,52,43586,392.884,1980
267338100956389,85,52,43586,398.339,1980
267338151059583,85,52,43586,398.339,1980
267338201161086,87,53,43586,399.894,1980
267338251267147,87,53,43586,399.894,1980
267338301385142,87,53,43586,402.802,1980
267338351497954,87,53,43586,402.802,1980
267338401608382,88,54,43586,405.016,1980
267338451714418,88,54,43586,405.016,1980
267338501846674,88,54,43586,405.623,1980
267338551966216,88,54,43586,405.623,1980
267338602046920,88,55,43586,406.856,1980
267338652155606,88,55,43586,406.856,1980
267338702257327,88,55,43586,411.364,1980
267338752366098,88,55,43586,411.364,1980
267338802469951,89,56,43586,412.958,1980
267338852578992,89,56,43586,412.958,1980
267338902687116,89,56,43586,415.681,1980
267338952788201,89,56,43586,415.681,1980
267339002904358,90,58,43586,417.932,1980
267339053011780,90,58,43586,417.932,1980
267339103112406,90,58,43586,420.161,1980
267339153212922,90,58,43586,420.161,1980
267339203315968,92,59,43586,423.409,1980
267339253419584,92,59,43586,423.409,1980
267339303527409,92,59,43586,423.697,1980
267339353658181,92,59,43586,423.697,1980
267339403769817,92,59,43586,425.078,1980
267339453874797,92,59,43586,425.078,1980
267339503977059,92,59,43586,429.649,1980
267339554078621,92,59,43586,429.649,1980
267339604189871,93,61,43586,434.682,1980
267339654290485,93,61,43586,434.682,1980
267339704397857,93,61,43586,436.556,1980
267339754510559,93,61,43586,436.556,1980
267339804625481,93,61,43586,438.508,1980
267339854746836,93,61,43586,438.508,1980
267339904852559,93,61,43586,441.122,1980
267339954956088,93,61,43586,441.122,1980
267340005059854,94,62,43586,442.057,1980
267340055175382,94,62,43586,442.057,1980
267340105285363,94,62,43586,444.295,1980
267340155387046,94,62,43586,444.295,1980
267340205489076,95,63,43586,444.967,1980
267340255600892,95,63,43586,444.967,1980
267340305713188,95,63,43586,449.007,1980
267340355825384,95,63,43586,449.007,1980
267340405930343,95,63,43586,452.76,1980
267340456043768,95,63,43586,452.76,1980
267340506152220,95,63,43586,452.689,1980
267340556268224,95,63,43586,452.689,1980
267340606374817,95,64,43586,452.947,1980
267340656473918,95,64,43586,452.947,1980
267340706725884,95,64,43586,453.422,1980
267340756833537,95,64,43586,453.422,1980
267340806936814,82,49,43586,458.502,1980
267340857064905,82,49,43586,458.502,1980
267340907172468,82,49,43586,467.612,1980
267340957279380,82,49,43586,467.612,1980
267341007382691,97,55,43586,480.795,1980
267341057484857,97,55,43586,480.795,1980
267341107585712,97,55,43586,491.586,1980
267341157688512,97,55,43586,491.586,1980
267341207806891,96,53,43586,503.834,1980
267341257914888,96,53,43586,503.834,1980
267341308049954,96,53,43586,513.337,1980
267341358151869,96,53,43586,513.337,1980
267341408262108,96,54,43586,527.243,1980
267341458365286,96,54,43586,527.243,1980
267341508466931,96,54,43586,540.202,1980
267341558571306,96,54,43586,540.202,1980
267341608673732,97,55,43586,552.344,1980
267341658783886,97,55,43586,552.344,1980
267341712346057,97,55,43586,563.253,1980
267341762451043,97,55,43586,563.253,1980
267341812554543,60,46,43586,560.906,1980
267341862656968,60,46,43586,560.906,1980
267341912764765,60,46,43586,556.894,1965
267341962869569,60,46,43586,556.894,1965
267342012976682,70,38,43586,535.501,1965
267342063044657,70,38,43586,535.501,1965
267342113153242,70,38,43586,511.585,1965
267342163258036,70,38,43586,511.585,1965
267342213362830,71,39,43586,492.007,1980
267342263491085,71,39,43586,492.007,1980
267342313590382,71,39,43586,468.381,1980
267342363700333,71,39,43586,468.381,1980
267342413806896,72,40,43586,447.808,1980
267342463922610,72,40,43586,447.808,1980
267342514032951,72,40,43586,425.207,1980
267342564133522,72,40,43586,425.207,1980
267342614241466,72,41,43586,404.045,1980
267342664357326,72,41,43586,404.045,1980
267342714473828,72,41,43586,376.806,1980
267342764584128,72,41,43586,376.806,1980
267342814686959,73,42,43586,373.831,1980
267342864797754,73,42,43586,373.831,1980
267342914900054,73,42,43586,354.132,1980
267342965012845,73,42,43586,354.132,1980
267343015124758,75,43,43586,357.019,1980
267343065240503,75,43,43586,357.019,1980
267343115356974,75,43,43586,360.417,1980
267343165461604,75,43,43586,360.417,1980
267343215563232,75,44,43586,363.231,1980
267343265668137,75,44,43586,363.231,1980
267343315779104,75,44,43586,365.695,1980
267343365893014,75,44,43586,365.695,1980
267343415993122,77,46,43586,368.402,1980
267343466116720,77,46,43586,368.402,1980
267343516242446,77,46,43586,371.28,1980
267343566355897,77,46,43586,371.28,1980
267343616461046,77,46,43586,374.614,1980
267343666563509,77,46,43586,374.614,1980
267343716694338,77,46,43586,376.248,1980
267343766797557,77,46,43586,376.248,1980
267343816899799,80,48,43586,379.086,1980
267343867064751,80,48,43586,379.086,1980
267343917165325,80,48,43586,379.551,1980
267343967338736,80,48,43586,379.551,1980
267344017450962,79,48,43586,379.874,1980
267344067575439,79,48,43586,379.874,1980
267344117678519,79,48,43586,380.323,1980
267344167781193,79,48,43586,380.323,1980
267344217880396,82,50,43586,380.537,1980
267344267993458,82,50,43586,380.537,1980
267344318108814,82,50,43586,380.948,1980
267344368216245,82,50,43586,380.948,1980
267344418340515,83,51,43586,384.317,1980
267344468450611,83,51,43586,384.317,1980
267344518574968,83,51,43586,387.79,1980
267344568681380,83,51,43586,387.79,1980
267344618788643,85,52,43586,389.871,1980
267344668893972,85,52,43586,389.871,1980
267344718992880,85,52,43586,393.171,1980
267344769105329,85,52,43586,393.171,1980
267344819228513,86,53,43586,395.491,1980
267344869351131,86,53,43586,395.491,1980
267344919456848,86,53,43586,399.963,1980
267344969590154,86,53,43586,399.963,1980
267345019714425,87,54,43586,402.868,1980
267345069836029,87,54,43586,402.868,1980
267345119944023,87,54,43586,405.807,1980
267345170053778,87,54,43586,405.807,1980
267345220168948,88,55,43586,410.936,1980
267345270274973,88,55,43586,410.936,1980
267345320413934,88,55,43586,414.709,1980
267345370525090,88,55,43586,414.709,1980
267345420631411,89,56,43586,415.606,1980
267345470742382,89,56,43586,415.606,1980
267345520855294,89,56,43586,418.111,1980
267345570969938,89,56,43586,418.111,1980
267345621053996,90,58,43586,419.785,1980
267345671157660,90,58,43586,419.785,1980
267345721279582,90,58,43586,421.572,1980
267345771382520,90,58,43586,421.572,1980
267345821488712,91,59,43586,423.473,1980
267345871596841,91,59,43586,423.473,1980
267345921705434,91,59,43586,425.029,1980
267345971814672,91,59,43586,425.029,1980
267346021924604,92,60,43586,429.08,1980
267346072088496,92,60,43586,429.08,1980
267346122238462,92,60,43586,431.315,1980
267346172374918,92,60,43586,431.315,1980
267346222513616,92,60,43586,432.759,1980
267346272636371,92,60,43586,432.759,1980
267346322748271,92,60,43586,436.449,1980
267346372862342,92,60,43586,436.449,1980
267346422971744,94,62,43586,440.011,1980
267346473050986,94,62,43586,440.011,1980
267346523171346,94,62,43586,440.732,1980
267346573295533,94,62,43586,440.732,1980
267346623419235,94,62,43586,443.248,1980
267346673575927,94,62,43586,443.248,1980
267346723701514,94,62,43586,445.969,1980
267346773826095,94,62,43586,445.969,1980
267346823946261,95,63,43586,447.895,1980
267346874047347,95,63,43586,447.895,1980
267346924154216,95,63,43586,447.948,1980
267346974272932,95,63,43586,447.948,1980
267347024375687,95,63,43586,449.482,1980
267347074490848,95,63,43586,449.482,1980
267347124611225,95,63,43586,450.625,1980
267347174721053,95,63,43586,450.625,1980
267347224831044,95,64,43586,451.888,1980
267347274937311,95,64,43586,451.888,1980
267347325044945,95,64,43586,453.636,1980
267347375149647,95,64,43586,453.636,1980
267347425266156,95,64,43586,452.727,1980
267347475373227,95,64,43586,452.727,1980
267347525473171,95,64,43586,453.371,1980
267347575574244,95,64,43586,453.371,1980
267347625703608,95,63,43586,454.604,1980
267347675823256,95,63,43586,454.604,1980
267347725942737,95,63,43586,453.924,1980
267347776046762,95,63,43586,453.924,1980
267347826151512,95,64,43586,456.085,1980
267347878223928,95,64,43586,456.085,1980
267347928335238,95,64,43586,457.833,1980
267347978440789,95,64,43586,457.833,1980
267348028541208,78,42,43586,464.332,1980
267348078648376,78,42,43586,464.332,1980
267348128788033,78,42,43586,478.772,1980
267348178890551,78,42,43586,478.772,1980
267348228997956,97,53,43586,492.045,1980
267348279111188,97,53,43586,492.045,1980
267348329216661,97,53,43586,505.538,1980
267348379330005,97,53,43586,505.538,1980
267348429431405,98,55,43586,523.824,1980
267348479531262,98,55,43586,523.824,1980
267348529632359,98,55,43586,539.537,1980
267348579735855,98,55,43586,539.537,1980
267348629843034,96,54,43586,551.044,1980
267348679951465,96,54,43586,551.044,1980
267348730042319,96,54,43586,567.293,1980
267348780145495,96,54,43586,567.293,1980
267348830253290,96,55,43586,579.793,1980
267348880357414,96,55,43586,579.793,1980
267348930568010,96,55,43586,592.944,1980
267348980675479,96,55,43586,592.944,1980
267349030787566,65,50,43586,591.013,1980
267349080906421,65,50,43586,591.013,1980
267349131015290,65,50,43586,581.899,1980
267349181132438,65,50,43586,581.899,1980
267349231239987,69,36,43586,557.884,1980
267349281346031,69,36,43586,557.884,1980
267349331456572,69,36,43586,532.798,1980
267349381587456,69,36,43586,532.798,1980
267349431687498,70,38,43586,505.834,1980
267349481787228,70,38,43586,505.834,1980
267349531887924,70,38,43586,475.97,1980
267349582007884,70,38,43586,475.97,1980
267349632116937,71,39,43586,454.725,1980
267349682221789,71,39,43586,454.725,1980
267349732326602,71,39,43586,429.031,1980
267349782427954,71,39,43586,429.031,1980
267349832530652,72,40,43586,407.848,1980
267349882635125,72,40,43586,407.848,1980
267349932778993,72,40,43586,376.899,1980
267349982895095,72,40,43586,376.899,1980
267350033012163,73,41,43586,371.41,1980
267350083124798,73,41,43586,371.41,1980
267350133242894,73,41,43586,348.672,1980
267350183346245,73,41,43586,348.672,1980
267350233448349,73,42,43586,351.503,1980
267350283571962,73,42,43586,351.503,1980
267350333698725,73,42,43586,354.247,1980
267350383880846,73,42,43586,354.247,1980
267350434038085,74,43,43586,354.728,1980
267350484220242,74,43,43586,354.728,1980
267350534437041,74,43,43586,355.023,1980
267350584636279,74,43,43586,355.023,1980
267350634815897,75,44,43586,355.035,1980
267350685031711,75,44,43586,355.035,1980
267350735177135,75,44,43586,355.762,1980
267350785291343,75,44,43586,355.762,1980
267350835433690,76,45,43586,355.425,1980
267350885560015,76,45,43586,357.77,1980
267350935670298,76,45,43586,357.77,1980
267350985788723,76,45,43586,361.482,1980
267351035918299,79,47,43586,361.482,1980
267351086054320,79,47,43586,365.412,1980
267351136155863,79,47,43586,365.412,1980
267351186267114,79,47,43586,366.33,1980
267351236379396,79,47,43586,366.33,1980
267351286512688,79,47,43586,367.78,1980
267351336634640,79,47,43586,367.78,1980
267351386775360,79,48,43586,372.279,1980
267351436890003,79,48,43586,372.279,1980
267351487031697,79,48,43586,375.847,1980
267351537168404,79,48,43586,375.847,1980
267351587288590,80,49,43586,379.844,1980
267351637399807,80,49,43586,379.844,1980
267351687517738,80,49,43586,382.013,1980
267351737625792,80,49,43586,382.013,1980
267351787749407,81,50,43586,384.832,1980
267351837858249,81,50,43586,384.832,1980
267351887985425,81,50,43586,386.05,1980
267351938045826,81,50,43586,386.05,1980
267351988156966,85,52,43586,389.13,1980
267352038260382,85,52,43586,389.13,1980
267352088384456,85,52,43586,389.646,1980
267352138505673,85,52,43586,389.646,1980
267352188705960,85,52,43586,392.59,1980
267352238816088,85,52,43586,392.59,1980
267352288917706,85,52,43586,396.16,1980
267352339031250,85,52,43586,396.16,1980
267352389142479,88,54,43586,399.401,1980
267352439244350,88,54,43586,399.401,1980
267352489351061,88,54,43586,401.024,1980
267352539457726,88,54,43586,401.024,1980
267352589577430,87,55,43586,404.435,1980
267352639702633,87,55,43586,404.435,1980
267352689806900,87,55,43586,407.712,1980
267352739914473,87,55,43586,407.712,1980
267352790025602,89,56,43586,410.728,1980
267352840130661,89,56,43586,410.728,1980
267352890240337,89,56,43586,415.214,1980
267352940358296,89,56,43586,415.214,1980
267352990476705,89,57,43586,418.545,1980
267353040579051,89,57,43586,418.545,1980
267353090677889,89,57,43586,422.155,1980
267353140784277,89,57,43586,422.155,1980
267353190906835,91,58,43586,425.137,1980
267353241018914,91,58,43586,425.137,1980
267353291130167,91,58,43586,425.927,1980
267353341240275,91,58,43586,425.927,1980
267353391357189,92,60,43586,427.916,1980
267353441470436,92,60,43586,427.916,1980
267353491572319,92,60,43586,430.874,1980
267353541687960,92,60,43586,430.874,1980
267353591791954,93,60,43586,432.892,1980
267353641894213,93,60,43586,432.892,1980
267353692011913,93,60,43586,435.272,1980
267353742118351,93,60,43586,435.272,1980
267353792224840,94,61,43586,438.893,1980
267353842362499,94,61,43586,438.893,1980
267353892470257,94,61,43586,440.607,1980
267353942657470,94,61,43586,440.607,1980
267353992761476,94,62,43586,439.922,1980
267354042866258,94,62,43586,439.922,1980
267354093011045,94,62,43586,442.568,1980
267354143128463,94,62,43586,442.568,1980
267354193236003,95,63,43586,443.452,1980
267354243372990,95,63,43586,443.452,1980
267354293482258,95,63,43586,445.32,1980
267354343612084,95,63,43586,445.32,1980
267354393717279,95,63,43586,446.694,1980
267354443821473,95,63,43586,446.694,1980
267354493923790,95,63,43586,448.533,1980
267354544035413,95,63,43586,448.533,1980
267354594137183,94,63,43586,451.061,1980
267354644245437,94,63,43586,451.061,1980
267354694362916,94,63,43586,454.8,1980
267354744468214,94,63,43586,454.8,1980
267354794603147,95,64,43586,453.726,1980
267354844730305,95,64,43586,453.726,1980
267354894851489,95,64,43586,455.589,1980
267354944957699,95,64,43586,455.589,1980
267354995041365,95,63,43586,459.042,1980
267355045654415,95,63,43586,459.042,1980
267355095758496,95,63,43586,461.034,1980
267355145862107,95,63,43586,461.034,1980
267355195961919,95,52,43586,475.027,1980
267355246041187,95,52,43586,475.027,1980
267355296139098,95,52,43586,490.358,1980
267355346255749,95,52,43586,490.358,1980
267355396358595,96,54,43586,504.606,1980
267355446461251,96,54,43586,504.606,1980
267355496566405,96,54,43586,513.751,1980
267355546676421,96,54,43586,513.751,1980
267355596788625,97,53,43586,527.56,1980
267355646890550,97,53,43586,527.56,1980
267355696997273,97,53,43586,539.927,1980
267355747102047,97,53,43586,539.927,1980
267355797223025,98,55,43586,558.077,1980
267355847380627,98,55,43586,558.077,1980
267355897484453,98,55,43586,573.836,1980
267355947589163,98,55,43586,573.836,1980
267355997691059,96,54,43586,589.035,1980
267356049610952,96,54,43586,589.035,1980
267356099716442,96,54,43586,589.533,1980
267356149820355,96,54,43586,589.533,1980
267356199927745,88,55,43586,594.322,1965
267356250047998,88,55,43586,594.322,1965
267356300160228,88,55,43586,568.757,1965
267356350267202,88,55,43586,568.757,1965
267356400370552,70,38,43586,541.869,1965
267356450482215,70,38,43586,541.869,1965
267356500599801,70,38,43586,521.699,1980
267356550709399,70,38,43586,521.699,1980
267356600809220,71,40,43586,496.623,1980
267356650919895,71,40,43586,496.623,1980
267356701039699,71,40,43586,468.8,1980
267356756564671,71,40,43586,468.8,1980
267356806673839,72,41,43586,445.973,1980
267356856783754,72,41,43586,445.973,1980
267356906886274,72,41,43586,414.154,1980
267356956990934,72,41,43586,414.154,1980
267357007096304,72,41,43586,391.657,1980
267357057206017,72,41,43586,391.657,1980
267357107313450,72,41,43586,377.044,1980
267357157423128,72,41,43586,377.044,1980
267357207541587,75,43,43586,354.158,1980
267357257642493,75,43,43586,354.158,1980
267357307775899,75,43,43586,352.543,1980
267357357913201,75,43,43586,352.543,1980
267357408022859,74,43,43586,357.275,1980
267357458138888,74,43,43586,357.275,1980
267357508255561,74,43,43586,360.51,1980
267357558369910,74,43,43586,360.51,1980
267357608484113,76,45,43586,363.873,1980
267357658588997,76,45,43586,363.873,1980
267357708691654,76,45,43586,363.737,1980
267357758806679,76,45,43586,363.737,1980
267357808925273,77,46,43586,363.933,1980
267357859038829,77,46,43586,363.933,1980
267357909143572,77,46,43586,365.896,1980
267357959253669,77,46,43586,365.896,1980
267358009354234,79,47,43586,369.001,1980
267358059466574,79,47,43586,369.001,1980
267358109567942,79,47,43586,368.914,1980
267358159676145,79,47,43586,368.914,1980
267358209785802,79,48,43586,369.286,1980
267358259885260,79,48,43586,369.286,1980
267358309995499,79,48,43586,370.785,1980
267358360112099,79,48,43586,370.785,1980
267358410223131,80,49,43586,371.791,1980
267358460404215,80,49,43586,371.791,1980
267358510558889,80,49,43586,373.564,1980
267358560681120,80,49,43586,373.564,1980
267358610804250,80,50,43586,375.937,1980
267358660939237,80,50,43586,375.937,1980
267358711060918,80,50,43586,380.269,1980
267358761275716,80,50,43586,380.269,1980
267358811395324,85,51,43586,385.435,1980
267358861528082,85,51,43586,385.435,1980
267358911664972,85,51,43586,390.036,1980
267358961796212,85,51,43586,390.036,1980
267359011911688,85,52,43586,392.973,1980
267359062031562,85,52,43586,392.973,1980
267359112153406,85,52,43586,397.069,1980
267359162286695,85,52,43586,397.069,1980
267359212410140,86,53,43586,400.794,1980
267359262517807,86,53,43586,400.794,1980
267359312624763,86,53,43586,403.517,1980
267359362737982,86,53,43586,403.517,1980
267359412847373,87,54,43586,406.292,1980
267359462957854,87,54,43586,406.292,1980
267359513049710,87,54,43586,409.993,1980
267359563168651,87,54,43586,409.993,1980
267359613273776,88,55,43586,410.703,1980
267359663398573,88,55,43586,410.703,1980
267359713518726,88,55,43586,413.475,1980
267359763625725,88,55,43586,413.475,1980
267359813747470,89,57,43586,416.055,1980
267359863862124,89,57,43586,416.055,1980
267359913986475,89,57,43586,417.111,1980
267359964107675,89,57,43586,417.111,1980
267360014210436,91,58,43586,418.937,1980
267360064319689,91,58,43586,418.937,1980
267360114423718,91,58,43586,420.629,1980
267360164580359,91,58,43586,420.629,1980
267360214704649,91,58,43586,422.914,1980
267360264811609,91,58,43586,422.914,1980
267360314926323,91,58,43586,424.837,1980
267360365044303,91,58,43586,424.837,1980
267360415165771,94,61,43586,428.28,1980
267360465272571,94,61,43586,428.28,1980
267360515387243,94,61,43586,431.94,1980
267360565505646,94,61,43586,431.94,1980
267360615610871,94,61,43586,435.922,1980
267360665714413,94,61,43586,435.922,1980
267360715825248,94,61,43586,438.279,1980
267360765956557,94,61,43586,438.279,1980
267360816055716,94,62,43586,440.57,1980
267360866165439,94,62,43586,440.57,1980
267360916281203,94,62,43586,442.54,1980
267360966390105,94,62,43586,442.54,1980
267361016503942,95,63,43586,444.267,1980
267361066631811,95,63,43586,444.267,1980
267361116774226,95,63,43586,446.796,1980
267361166900701,95,63,43586,446.796,1980
267361217012461,95,63,43586,450.754,1980
267361267133704,95,63,43586,450.754,1980
267361317257813,95,63,43586,453.304,1980
267361367370491,95,63,43586,453.304,1980
267361417478115,94,63,43586,454.962,1980
267361467597154,94,63,43586,454.962,1980
267361517708305,94,63,43586,454.492,1980
267361567845844,94,63,43586,454.492,1980
267361617981160,95,64,43586,456.655,1980
267361668072413,95,64,43586,456.655,1980
267361718199104,95,64,43586,458.305,1980
267361768315677,95,64,43586,458.305,1980
267361818453198,95,63,43586,459.165,1980
267361868580589,95,63,43586,459.165,1980
267361918699331,95,63,43586,461.932,1980
267361968831910,95,63,43586,461.932,1980
267362018950685,95,63,43586,463.703,1980
267362069056223,95,63,43586,463.703,1980
267362119164517,95,63,43586,464.546,1980
267362169268471,95,63,43586,464.546,1980
267362219874505,96,64,43586,465.297,1980
267362270042342,96,64,43586,465.297,1980
267362320169573,96,64,43586,469.413,1980
267362370279608,96,64,43586,469.413,1980
267362420389568,97,51,43586,483.185,1980
267362470518153,97,51,43586,483.185,1980
267362520632775,97,51,43586,495.248,1980
267362570743757,97,51,43586,495.248,1980
267362620849059,98,55,43586,507.442,1980
267362670950593,98,55,43586,507.442,1980
267362721054620,98,55,43586,520.983,1980
267362771163540,98,55,43586,520.983,1980
267362821345891,95,54,43586,533.215,1980
267362871454928,95,54,43586,533.215,1980
267362921565684,95,54,43586,548.082,1980
267362971671752,95,54,43586,548.082,1980
267363021784787,95,56,43586,555.593,1980
267363071885622,95,56,43586,555.593,1980
267363121984640,95,56,43586,567.982,1980
267363172084703,95,56,43586,567.982,1980
267363222185854,96,54,43586,583.536,1980
267363272293784,96,54,43586,583.536,1980
267363322432678,96,54,43586,577.847,1980
267363372543428,96,54,43586,577.847,1980
267363422649104,88,54,43586,571.115,1980
267363472758966,88,54,43586,571.115,1980
267363522871047,88,54,43586,546.095,1980
267363572973027,88,54,43586,546.095,1980
267363623044999,69,36,43586,519.098,1980
267363673181764,69,36,43586,519.098,1980
267363723310067,69,36,43586,493.443,1980
267363773418592,69,36,43586,493.443,1980
267363823525232,70,37,43586,466.651,1980
267363873641325,70,37,43586,466.651,1980
267363923749109,70,37,43586,443.676,1980
267363973855766,70,37,43586,443.676,1980
267364023987000,70,38,43586,421.902,1980
267364074055378,70,38,43586,421.902,1980
267364124192609,70,38,43586,396.195,1980
267364174307378,70,38,43586,396.195,1980
267364224431996,72,40,43586,372.179,1980
267364274546082,72,40,43586,372.179,1980
267364324661399,72,40,43586,362.609,1980
267364374769100,72,40,43586,362.609,1980
267364424873516,72,40,43586,341.631,1980
267364474980892,72,40,43586,341.631,1980
267364525107244,72,40,43586,342.725,1980
267364575216655,72,40,43586,342.725,1980
267364625346077,74,41,43586,344.731,1980
267364675459789,74,41,43586,344.731,1980
267364725574885,74,41,43586,346.587,1980
267364775698919,74,41,43586,346.587,1980
267364825814888,74,42,43586,348.609,1980
267364875915596,74,42,43586,348.609,1980
267364926017585,74,42,43586,352.029,1980
267364976120718,74,42,43586,352.029,1980
267365026239928,75,43,43586,354.678,1980
267365076340593,75,43,43586,354.678,1980
267365126485274,75,43,43586,356.982,1980
267365176605671,75,43,43586,356.982,1980
267365226723134,77,45,43586,358.056,1980
267365276847265,77,45,43586,358.056,1980
267365326948397,77,45,43586,361.523,1980
267365377043678,77,45,43586,361.523,1980
267365427149050,77,46,43586,363.467,1980
267365477262996,77,46,43586,363.467,1980
267365527368993,77,46,43586,365.196,1980
267365577482280,77,46,43586,365.196,1980
267365627597409,79,47,43586,368.217,1980
267365677727470,79,47,43586,368.217,1980
267365727842852,79,47,43586,370.791,1980
267365777951397,79,47,43586,370.791,1980
267365828062790,80,48,43586,372.574,1980
267365878175384,80,48,43586,372.574,1980
267365928423370,80,48,43586,373.766,1980
267365978951381,80,48,43586,373.766,1980
267366029058372,81,49,43586,377.571,1980
267366079162603,81,49,43586,377.571,1980
267366129268961,81,49,43586,380.047,1980
267366179382200,81,49,43586,380.047,1980
267366229519226,83,51,43586,382.439,1980
267366279633286,83,51,43586,382.439,1980
267366329732425,83,51,43586,383.571,1980
267366379834906,83,51,43586,383.571,1980
267366429936646,85,52,43586,385.999,1980
267366480059057,85,52,43586,385.999,1980
267366530165103,85,52,43586,392.628,1980
267366580274519,85,52,43586,392.628,1980
267366630406531,85,52,43586,394.132,1980
267366680544759,85,52,43586,394.132,1980
267366730654416,85,52,43586,398.354,1980
267366780758708,85,52,43586,398.354,1980
267366830881296,87,53,43586,401.899,1980
267366880986508,87,53,43586,401.899,1980
267366931097802,87,53,43586,404.934,1980
267366981214325,87,53,43586,404.934,1980
267367031318242,87,54,43586,406.456,1980
267367081423023,87,54,43586,406.456,1980
267367131526550,87,54,43586,409.316,1980
267367181633966,87,54,43586,409.316,1980
267367231735123,89,56,43586,413.006,1980
267367281837267,89,56,43586,413.006,1980
267367331939400,89,56,43586,416.733,1980
267367382056943,89,56,43586,416.733,1980
267367432185566,90,57,43586,419.439,1980
267367482287552,90,57,43586,419.439,1980
267367532397138,90,57,43586,419.618,1980
267367582497980,90,57,43586,419.618,1980
267367632606058,91,58,43586,423.013,1980
267367682725006,91,58,43586,423.013,1980
267367732826813,91,58,43586,424.881,1980
267367782950026,91,58,43586,424.881,1980
267367833051185,92,59,43586,426.785,1980
267367883161191,92,59,43586,426.785,1980
267367933277757,92,59,43586,430.532,1980
267367983376232,92,59,43586,430.532,1980
267368033497394,94,61,43586,433.807,1980
267368083600719,94,61,43586,433.807,1980
267368133708335,94,61,43586,435.917,1980
267368183809153,94,61,43586,435.917,1980
267368233997391,93,61,43586,438.611,1980
267368284112538,93,61,43586,438.611,1980
267368334220934,93,61,43586,440.008,1980
267368384353528,93,61,43586,440.008,1980
267368434457450,94,62,43586,441.929,1980
267368484558932,94,62,43586,441.929,1980
267368534683416,94,62,43586,445.023,1980
267368584855097,94,62,43586,445.023,1980
267368634960441,94,62,43586,447.867,1980
267368685054382,94,62,43586,447.867,1980
267368735154167,94,62,43586,449.932,1980
267368785254423,94,62,43586,449.932,1980
267368835362946,95,63,43586,453.798,1980
267368885471284,95,63,43586,453.798,1980
267368935590652,95,63,43586,455.155,1980
267368985712055,95,63,43586,455.155,1980
267369035818585,95,63,43586,456.511,1980
267369085926448,95,63,43586,456.511,1980
267369136036364,95,63,43586,456.464,1980
267369186142631,95,63,43586,456.464,1980
267369236250048,95,64,43586,458.259,1980
267369286353318,95,64,43586,458.259,1980
267369336454954,95,64,43586,458.073,1980
267369386555990,95,64,43586,458.073,1980
267369436654951,83,47,43586,469.939,1980
267369486759078,83,47,43586,469.939,1980
267369536866068,83,47,43586,480.89,1980
267369586973727,83,47,43586,480.89,1980
267369637041897,96,53,43586,493.541,1980
267369687139768,96,53,43586,493.541,1980
267369737243770,96,53,43586,508.124,1980
267369787344340,96,53,43586,508.124,1980
267369837443346,96,55,43586,519.631,1980
267369887552672,96,55,43586,519.631,1980
267369937666071,96,55,43586,533.217,1980
267369987768779,96,55,43586,533.217,1980
267370037924489,96,54,43586,548.686,1980
267370088028878,96,54,43586,548.686,1980
267370138126363,96,54,43586,562.209,1980
267370188229124,96,54,43586,562.209,1980
267370238336057,96,54,43586,575.686,1980
267370288481098,96,54,43586,575.686,1980
267370338581358,96,54,43586,572.44,1980
267370388741195,96,54,43586,572.44,1980
267370438893460,76,47,43586,582.177,1980
267370489024421,76,47,43586,582.177,1980
267370539144357,76,47,43586,558.772,1980
267370589255632,76,47,43586,558.772,1980
267370639369127,71,38,43586,532.804,1980
267370689490825,71,38,43586,532.804,1980
267370739602312,71,38,43586,509.86,1980
267370789731390,71,38,43586,509.86,1980
267370839864666,71,39,43586,483.284,1980
267370889980136,71,39,43586,483.284,1980
267370940097991,71,39,43586,460.519,1980
267370990233987,71,39,43586,460.519,1980
267371040354183,73,40,43586,435.281,1980
267371090458879,73,40,43586,435.281,1980
267371140573504,73,40,43586,409.369,1980
267371190688068,73,40,43586,409.369,1980
267371240803442,73,41,43586,381.24,1980
267371290912717,73,41,43586,381.24,1980
267371341015366,73,41,43586,371.464,1980
267371391186845,73,41,43586,371.464,1980
267371441291274,75,43,43586,350.058,1980
267371491406833,75,43,43586,350.058,1980
267371541515116,75,43,43586,351.928,1980
267371591622414,75,43,43586,351.928,1980
267371641727995,76,44,43586,355.062,1980
267371691836062,76,44,43586,355.062,1980
267371741934537,76,44,43586,359.221,1980
267371792039324,76,44,43586,359.221,1980
267371842168873,76,44,43586,362.447,1980
267371892286422,76,44,43586,362.447,1980
267371942391155,76,44,43586,365.745,1980
267371992496329,76,44,43586,365.745,1980
267372042594189,77,45,43586,367.56,1980
267372092715183,77,45,43586,367.56,1980
267372142823145,77,45,43586,371.896,1980
267372192938333,77,45,43586,371.896,1980
267372243042001,79,47,43586,374.358,1980
267372293143525,79,47,43586,374.358,1980
267372343242784,79,47,43586,376.369,1980
267372393421821,79,47,43586,376.369,1980
267372443559057,80,48,43586,377.976,1980
267372493670955,80,48,43586,377.976,1980
267372543788026,80,48,43586,380.294,1980
267372593905729,80,48,43586,380.294,1980
267372644019455,81,49,43586,382.219,1980
267372694160947,81,49,43586,382.219,1980
267372744293093,81,49,43586,381.948,1980
267372794413112,81,49,43586,381.948,1980
267372844536734,80,49,43586,383.618,1980
267372894654638,80,49,43586,383.618,1980
267372944766316,80,49,43586,386.11,1980
267372994922450,80,49,43586,386.11,1980
267373045034382,83,51,43586,389.585,1980
267373095137817,83,51,43586,389.585,1980
267373145238411,83,51,43586,391.16,1980
267373195366555,83,51,43586,391.16,1980
267373245481063,86,52,43586,395.142,1980
267373295603227,86,52,43586,395.142,1980
267373345711443,86,52,43586,399.544,1980
267373395827450,86,52,43586,399.544,1980
267373445937190,87,53,43586,401.968,1980
267373496048469,87,53,43586,401.968,1980
267373546167767,87,53,43586,403.517,1980
267373596279928,87,53,43586,403.517,1980
267373646396153,88,55,43586,407.241,1980
267373696496633,88,55,43586,407.241,1980
267373746599367,88,55,43586,411.373,1980
267373796703223,88,55,43586,411.373,1980
267373846823494,88,55,43586,412.236,1980
267373896940460,88,55,43586,412.236,1980
267373947062127,88,55,43586,415.635,1980
267373997174145,88,55,43586,418.68,1980
267374047282730,90,57,43586,418.68,1980
267374097393222,90,57,43586,421.78,1980
267374147498501,90,57,43586,421.78,1980
267374197601175,91,58,43586,423.004,1980
267374247715034,91,58,43586,423.004,1980
267374297834694,91,58,43586,425.801,1980
267374347947331,91,58,43586,425.801,1980
267374398052926,91,59,43586,426.796,1980
267374448184759,91,59,43586,426.796,1980
267374498321545,91,59,43586,429.042,1980
267374548437068,91,59,43586,429.042,1980
267374598540533,92,60,43586,431.903,1980
267374648639635,92,60,43586,431.903,1980
267374698742402,92,60,43586,432.778,1980
267374748867576,92,60,43586,432.778,1980
267374798967186,93,60,43586,436.067,1980
267374849067732,93,60,43586,436.067,1980
267374899175975,93,60,43586,438.461,1980
267374949287356,93,60,43586,438.461,1980
267374999391296,94,61,43586,439.608,1980
267375049496107,94,61,43586,439.608,1980
267375099611737,94,61,43586,442.224,1980
267375149720833,94,61,43586,442.224,1980
267375199835430,95,62,43586,444.55,1980
267375250011726,95,62,43586,444.55,1980
267375300141535,95,62,43586,444.223,1980
267375350253106,95,62,43586,444.223,1980
267375400352240,95,63,43586,447.8,1980
267375450477611,95,63,43586,447.8,1980
267375500599404,95,63,43586,449.26,1980
267375550707776,95,63,43586,449.26,1980
267375600813649,95,63,43586,450.972,1980
267375650931259,95,63,43586,450.972,1980
267375701054301,95,63,43586,453.05,1980
267375751154489,95,63,43586,453.05,1980
267375801268824,95,64,43586,455.88,1980
267375851429972,95,64,43586,455.88,1980
267375901570717,95,64,43586,456.5,1980
267375951727909,95,64,43586,456.5,1980
267376001854773,95,64,43586,457.937,1980
267376051975521,95,64,43586,457.937,1980
267376102065826,95,64,43586,457.158,1980
267376152195503,95,64,43586,457.158,1980
267376202310634,96,63,43586,459.885,1980
267376252429206,96,63,43586,459.885,1980
267376302555416,96,63,43586,462.862,1980
267376353814026,96,63,43586,462.862,1980
267376403928957,80,53,43586,460.504,1980
267376454064439,80,53,43586,460.504,1980
267376504174324,80,53,43586,475.069,1980
267376554277500,80,53,43586,475.069,1980
267376604392050,96,52,43586,489.176,1980
267376654514561,96,52,43586,489.176,1980
267376704627072,96,52,43586,504.181,1980
267376754744515,96,52,43586,504.181,1980
267376804854228,96,51,43586,519.458,1980
267376854960300,96,51,43586,519.458,1980
267376905045840,96,51,43586,532.954,1980
267376955150757,96,51,43586,532.954,1980
267377005274784,98,54,43586,545.147,1980
267377055376680,98,54,43586,545.147,1980
267377105475139,98,54,43586,561.459,1980
267377155572369,98,54,43586,561.459,1980
267377205673344,96,53,43586,572.738,1980
267377255776996,96,53,43586,572.738,1980
267377305876850,96,53,43586,585.831,1980
267377355976636,96,53,43586,585.831,1980
267377406075890,95,58,43586,599.181,1980
267377456177209,95,58,43586,599.181,1980
267377506279570,95,58,43586,597.792,1980
267377556379563,95,58,43586,597.792,1980
267377606489295,79,45,43586,576.768,1980
267377656605675,79,45,43586,576.768,1980
267377706719922,79,45,43586,552.427,1980
267377756838698,79,45,43586,552.427,1980
267377806954686,71,39,43586,527.042,1980
267377857058403,71,39,43586,527.042,1980
267377907162588,71,39,43586,500.755,1980
267377957275193,71,39,43586,500.755,1980
267378007398761,72,40,43586,476.835,1980
267378057512880,72,40,43586,476.835,1980
267378107617697,72,40,43586,448.658,1980
267378157726337,72,40,43586,448.658,1980
267378207837990,73,41,43586,426.094,1980
267378257947412,73,41,43586,426.094,1980
267378308047970,73,41,43586,403.53,1980
267378358170568,73,41,43586,403.53,1980
267378408292552,73,42,43586,380.306,1980
267378458411436,73,42,43586,380.306,1980
267378508559690,73,42,43586,364.064,1980
267378558664881,73,42,43586,364.064,1980
267378608778594,75,43,43586,354.76,1980
267378658890199,75,43,43586,354.76,1980
267378709003802,75,43,43586,357.192,1980
267378759133726,75,43,43586,357.192,1980
267378809238961,75,44,43586,358.151,1980
267378859358996,75,44,43586,358.151,1980
267378909475267,75,44,43586,359.373,1980
267378959586581,75,44,43586,359.373,1980
267379009691298,77,45,43586,361.318,1980
267379059798454,77,45,43586,361.318,1980
267379109918514,77,45,43586,365.817,1980
267379160059753,77,45,43586,365.817,1980
267379210177189,78,47,43586,367.021,1980
267379260330018,78,47,43586,367.021,1980
267379310447832,78,47,43586,368.488,1980
267379360557572,78,47,43586,368.488,1980
267379410672946,79,47,43586,371.373,1980
267379460786880,79,47,43586,371.373,1980
267379510892951,79,47,43586,374.438,1980
267379560997352,79,47,43586,374.438,1980
267379611115389,80,49,43586,376.288,1980
267379661220377,80,49,43586,376.288,1980
267379711322527,80,49,43586,378.223,1980
267379761444865,80,49,43586,378.223,1980
267379811552580,81,49,43586,380.897,1980
267379861662133,81,49,43586,380.897,1980
267379911782928,81,49,43586,382.935,1980
267379961899424,81,49,43586,382.935,1980
267380012003641,82,50,43586,384.983,1980
267380062117472,82,50,43586,384.983,1980
267380112218698,82,50,43586,387.206,1980
267380162318815,82,50,43586,387.206,1980
267380212428674,86,52,43586,390.289,1980
267380262535223,86,52,43586,390.289,1980
267380312638465,86,52,43586,394.365,1980
267380362747751,86,52,43586,394.365,1980
267380412856031,86,53,43586,395.113,1980
267380462964801,86,53,43586,395.113,1980
267380513075098,86,53,43586,400.546,1980
267380563187623,86,53,43586,400.546,1980
267380613287046,88,55,43586,404.342,1980
267380663394530,88,55,43586,404.342,1980
267380713507874,88,55,43586,406.563,1980
267380763615992,88,55,43586,406.563,1980
267380813727296,89,56,43586,408.459,1980
267380863832632,89,56,43586,408.459,1980
267380913931673,89,56,43586,410.809,1980
267380964036125,89,56,43586,410.809,1980
267381014139765,89,56,43586,413.343,1980
267381064253070,89,56,43586,413.343,1980
267381114355658,89,56,43586,416.56,1980
267381164501280,89,56,43586,416.56,1980
267381214614795,91,58,43586,420.338,1980
267381264729874,91,58,43586,420.338,1980
267381314837162,91,58,43586,421.285,1980
267381364951716,91,58,43586,421.285,1980
267381415059971,91,58,43586,425.351,1980
267381465166174,91,58,43586,425.351,1980
267381515266271,91,58,43586,427.761,1980
267381565383243,91,58,43586,427.761,1980
267381615488191,93,60,43586,430.323,1980
267381665587601,93,60,43586,430.323,1980
267381715686871,93,60,43586,433.075,1980
267381765789698,93,60,43586,433.075,1980
267381815891839,93,61,43586,435.905,1980
267381865991467,93,61,43586,435.905,1980
267381916112958,93,61,43586,439.132,1980
267381966214520,93,61,43586,439.132,1980
267382016316194,93,61,43586,441.441,1980
267382066431725,93,61,43586,441.441,1980
267382116543808,93,61,43586,444.036,1980
267382166642805,93,61,43586,444.036,1980
267382216744816,95,62,43586,444.987,1980
267382266843516,95,62,43586,444.987,1980
267382316976220,95,62,43586,448.19,1980
267382367075513,95,62,43586,448.19,1980
267382417188186,94,62,43586,447.878,1980
267382467308966,94,62,43586,447.878,1980
267382517410003,94,62,43586,448.402,1980
267382567522483,94,62,43586,448.402,1980
267382617641464,95,63,43586,450.252,1980
267382667750836,95,63,43586,450.252,1980
267382717856097,95,63,43586,451.186,1980
267382767965982,95,63,43586,451.186,1980
267382818088327,95,64,43586,452.226,1980
267382868226321,95,64,43586,452.226,1980
267382918327529,95,64,43586,453.817,1980
267382968428565,95,64,43586,453.817,1980
267383018530803,95,64,43586,456.056,1980
267383068663092,95,64,43586,456.056,1980
267383118779261,95,64,43586,457.979,1980
267383168899207,95,64,43586,457.979,1980
267383219005070,89,47,43586,469.632,1980
267383269105398,89,47,43586,469.632,1980
267383319208161,89,47,43586,481.613,1980
267383369307995,89,47,43586,481.613,1980
267383419410061,96,53,43586,494.002,1980
267383469512498,96,53,43586,494.002,1980
267383519611746,96,53,43586,507.126,1980
267383569710767,96,53,43586,507.126,1980
267383619810714,96,54,43586,519.943,1980
267383669909898,96,54,43586,519.943,1980
267383720012491,96,54,43586,530.951,1980
267383770110291,96,54,43586,530.951,1980
267383820210634,97,54,43586,543.592,1980
267383870338832,97,54,43586,543.592,1980
267383920443461,97,54,43586,555.358,1980
267383970542704,97,54,43586,555.358,1980
267384021958126,98,54,43586,564.488,1980
267384072065645,98,54,43586,564.488,1980
267384122173018,98,54,43586,568.722,1980
267384172287287,98,54,43586,568.722,1980
267384222398108,82,48,43586,553.646,1980
267384272518001,82,48,43586,553.646,1980
267384322618495,82,48,43586,529.891,1980
267384372743077,82,48,43586,529.891,1980
267384422850143,68,36,43586,504.877,1980
267384472955012,68,36,43586,504.877,1980
267384523046178,68,36,43586,480.538,1980
267384573228948,68,36,43586,480.538,1980
267384623389339,69,37,43586,457.092,1980
267384673525572,69,37,43586,457.092,1980
267384723642618,69,37,43586,432.485,1980
267384773757642,69,37,43586,432.485,1980
267384823885331,70,38,43586,411.766,1980
267384874008362,70,38,43586,411.766,1980
267384924122900,70,38,43586,385.869,1980
267384974227039,70,38,43586,385.869,1980
267385024336459,71,39,43586,364.871,1980
267385074449184,71,39,43586,364.871,1980
267385124564768,71,39,43586,355.387,1980
267385174676975,71,39,43586,355.387,1980
267385224806603,73,41,43586,342.225,1980
267385274924232,73,41,43586,342.225,1980
267385325038470,73,41,43586,345.246,1980
267385375166596,73,41,43586,345.246,1980
267385425279905,73,41,43586,349.914,1980
267385475420199,73,41,43586,349.914,1980
267385525536369,73,41,43586,349.885,1980
267385575645944,73,41,43586,349.885,1980
267385625756290,75,43,43586,352.329,1980
267385675862019,75,43,43586,352.329,1980
267385725963435,75,43,43586,355.926,1980
267385776053355,75,43,43586,355.926,1980
267385826225007,76,44,43586,359.042,1980
267385876340616,76,44,43586,359.042,1980
267385926443172,76,44,43586,360.387,1980
267385976545708,76,44,43586,360.387,1980
267386026648516,77,45,43586,362.215,1980
267386076756753,77,45,43586,362.215,1980
267386126863520,77,45,43586,365.507,1980
267386176984758,77,45,43586,365.507,1980
267386227055471,78,46,43586,368.306,1980
267386277176346,78,46,43586,368.306,1980
267386327282742,78,46,43586,368.98,1980
267386377401055,78,46,43586,368.98,1980
267386427509196,78,47,43586,370.122,1980
267386477628274,78,47,43586,370.122,1980
267386527737195,78,47,43586,373.405,1980
267386577842754,78,47,43586,373.405,1980
267386627960591,80,49,43586,375.034,1980
267386678045121,80,49,43586,375.034,1980
267386728338869,80,49,43586,376.707,1980
267386778449485,80,49,43586,376.707,1980
267386828561566,80,49,43586,379.218,1980
267386878673079,80,49,43586,379.218,1980
267386928800275,80,49,43586,382.424,1980
267386978921475,80,49,43586,382.424,1980
267387029030444,82,50,43586,384.032,1980
267387079135904,82,50,43586,384.032,1980
267387129241759,82,50,43586,385.01,1980
267387179363252,82,50,43586,385.01,1980
267387229473200,85,51,43586,386.876,1980
267387279579664,85,51,43586,386.876,1980
267387329684066,85,51,43586,391.056,1980
267387379789071,85,51,43586,391.056,1980
267387429901602,85,52,43586,392.154,1980
267387480025798,85,52,43586,392.154,1980
267387530146324,85,52,43586,395.952,1980
267387580284230,85,52,43586,395.952,1980
267387630395051,87,53,43586,399.732,1980
267387680503189,87,53,43586,399.732,1980
267387730611450,87,53,43586,402.711,1980
267387780719611,87,53,43586,402.711,1980
267387830846099,88,55,43586,404.793,1980
267387880959311,88,55,43586,404.793,1980
267387931051536,88,55,43586,407.973,1980
267387981159583,88,55,43586,407.973,1980
267388031281682,89,56,43586,412.85,1980
267388081414769,89,56,43586,412.85,1980
267388131536523,89,56,43586,416.562,1980
267388181692394,89,56,43586,416.562,1980
267388231851670,89,57,43586,418.225,1980
267388281956958,89,57,43586,418.225,1980
267388332064511,89,57,43586,421.211,1980
267388382185014,89,57,43586,421.211,1980
267388432290708,91,59,43586,424.995,1980
267388482403897,91,59,43586,424.995,1980
267388532507336,91,59,43586,427.091,1980
267388582620787,91,59,43586,427.091,1980
267388632728942,92,59,43586,430.379,1980
267388682849327,92,59,43586,430.379,1980
267388732964114,92,59,43586,432.835,1980
267388783047805,92,59,43586,432.835,1980
267388833152481,93,60,43586,436.142,1980
267388883261678,93,60,43586,436.142,1980
267388933385309,93,60,43586,438.329,1980
267388983496500,93,60,43586,438.329,1980
267389033607605,94,61,43586,441.355,1980
267389083709896,94,61,43586,441.355,1980
267389133817290,94,61,43586,444.789,1980
267389183920217,94,61,43586,444.789,1980
267389234034133,94,62,43586,447.009,1980
267389284154773,94,62,43586,447.009,1980
267389334261653,94,62,43586,448.334,1980
267389384380875,94,62,43586,448.334,1980
267389434490339,95,62,43586,450.293,1980
267389484609845,95,62,43586,450.293,1980
267389534723131,95,62,43586,452.238,1980
267389584834146,95,62,43586,452.238,1980
267389634955345,95,63,43586,452.853,1980
267389685098565,95,63,43586,452.853,1980
267389735220719,95,63,43586,454.074,1980
267389785331370,95,63,43586,454.074,1980
267389835439083,95,63,43586,455.362,1980
267389885543572,95,63,43586,455.362,1980
267389935647987,95,63,43586,455.948,1980
267389985758692,95,63,43586,455.948,1980
267390035869022,95,64,43586,454.382,1980
267390085993709,95,64,43586,454.382,1980
267390136113942,95,64,43586,455.764,1980
267390186242493,95,64,43586,455.764,1980
267390236351528,82,48,43586,463.883,1980
267390286459985,82,48,43586,463.883,1980
267390336569248,82,48,43586,475.675,1980
267390386676492,82,48,43586,475.675,1980
267390436782978,96,54,43586,484.944,1980
267390486896309,96,54,43586,484.944,1980
267390537012574,96,54,43586,495.072,1980
267390587120429,96,54,43586,495.072,1980
267390637233685,95,54,43586,507.886,1980
267390687335040,95,54,43586,507.886,1980
267390737438285,95,54,43586,522.122,1980
267390787540597,95,54,43586,522.122,1980
267390837643989,96,54,43586,534.837,1980
267390887746651,96,54,43586,534.837,1980
267390937845144,96,54,43586,545.447,1980
267390987947263,96,54,43586,545.447,1980
267391038048231,96,54,43586,560.794,1980
267391088164856,96,54,43586,560.794,1980
267391138277879,96,54,43586,568.673,1980
267391188387323,96,54,43586,568.673,1980
267391238496281,66,50,43586,569.926,1980
267391288606536,66,50,43586,569.926,1980
267391338722629,66,50,43586,553.652,1965
267391388833625,66,50,43586,553.652,1965
267391438949714,69,37,43586,532.302,1965
267391489052998,69,37,43586,532.302,1965
267391539160642,69,37,43586,510.24,1980
267391589268573,69,37,43586,510.24,1980
267391639397072,70,38,43586,487.552,1980
267391689524305,70,38,43586,487.552,1980
267391739638600,70,38,43586,463.989,1980
267391789774811,70,38,43586,463.989,1980
267391839920285,71,39,43586,440.096,1980
267391890039011,71,39,43586,440.096,1980
267391940144496,71,39,43586,419.081,1980
267391990269236,71,39,43586,419.081,1980
267392040370537,72,40,43586,392.577,1980
267392090485803,72,40,43586,392.577,1980
267392140586068,72,40,43586,376.217,1980
267392190686825,72,40,43586,376.217,1980
267392240794717,73,42,43586,355.281,1980
267392290904954,73,42,43586,355.281,1980
267392341043543,73,42,43586,350.459,1980
267392391142852,73,42,43586,350.459,1980
267392441266824,74,42,43586,353.815,1980
267392491375296,74,42,43586,353.815,1980
267392541474380,74,42,43586,355.665,1980
267392591584229,74,42,43586,355.665,1980
267392641686585,75,43,43586,358.611,1980
267392691801048,75,43,43586,358.611,1980
267392741904149,75,43,43586,359.572,1980
267392792012755,75,43,43586,359.572,1980
267392842130020,76,44,43586,361.807,1980
267392892229284,76,44,43586,361.807,1980
267392942336544,76,44,43586,363.053,1980
267392992462391,76,44,43586,363.053,1980
267393042568928,77,46,43586,365.318,1980
267393092676338,77,46,43586,365.318,1980
267393142780503,77,46,43586,368.291,1980
267393192883633,77,46,43586,368.291,1980
267393242992194,79,47,43586,369.992,1980
267393293105655,79,47,43586,369.992,1980
267393343220492,79,47,43586,370.815,1980
267393393393756,79,47,43586,370.815,1980
267393443540665,79,47,43586,372.45,1980
267393493677748,79,47,43586,372.45,1980
267393543798590,79,47,43586,376.317,1980
267393593915382,79,47,43586,376.317,1980
267393644049816,80,49,43586,377.289,1980
267393694173367,80,49,43586,377.289,1980
267393744299181,80,49,43586,379.359,1980
267393794405086,80,49,43586,379.359,1980
267393844513580,82,50,43586,383.105,1980
267393894647359,82,50,43586,383.105,1980
267393944762227,82,50,43586,386.085,1980
267393996034952,82,50,43586,386.085,1980
267394046154547,84,51,43586,385.955,1980
267394097403302,84,51,43586,385.955,1980
267394147531395,84,51,43586,388.263,1980
267394197644802,84,51,43586,388.263,1980
267394247792272,85,52,43586,390.329,1980
267394297921822,85,52,43586,390.329,1980
267394348057955,85,52,43586,393.913,1980
267394398180601,85,52,43586,393.913,1980
267394448296843,87,54,43586,397.377,1980
267394498408550,87,54,43586,397.377,1980
267394548522117,87,54,43586,398.9,1980
267394598650103,87,54,43586,398.9,1980
267394648782253,88,55,43586,403.648,1980
267394698893956,88,55,43586,403.648,1980
267394749010330,88,55,43586,407.139,1980
267394799126349,88,55,43586,407.139,1980
267394849237010,88,55,43586,408.96,1980
267394899347302,88,55,43586,408.96,1980
267394949457885,88,55,43586,411.553,1980
267394999561972,88,55,43586,411.553,1980
267395049686703,90,57,43586,416.845,1980
267395099821309,90,57,43586,416.845,1980
267395149932776,90,57,43586,420.659,1980
267395200072367,90,57,43586,420.659,1980
267395250189213,91,58,43586,424.494,1980
267395300296141,91,58,43586,424.494,1980
267395350412987,91,58,43586,426.145,1980
267395400524452,91,58,43586,426.145,1980
267395450643789,92,59,43586,427.933,1980
267395500762633,92,59,43586,427.933,1980
267395550882829,92,59,43586,430.62,1980
267395600991789,92,59,43586,430.62,1980
267395651046846,92,60,43586,431.844,1980
267395701150735,92,60,43586,431.844,1980
267395751261539,92,60,43586,433.435,1980
267395801366158,92,60,43586,433.435,1980
267395851469839,92,60,43586,436.144,1980
267395901584460,92,60,43586,436.144,1980
267395952282218,92,60,43586,440.077,1980
267396002398326,92,60,43586,440.077,1980
267396052588975,94,62,43586,439.987,1980
267396102733577,94,62,43586,439.987,1980
267396152853277,94,62,43586,441.53,1980
267396202961684,94,62,43586,441.53,1980
267396253058130,93,62,43586,443.333,1980
267396303164096,93,62,43586,443.333,1980
267396353295670,93,62,43586,446.44,1980
267396403410228,93,62,43586,446.44,1980
267396453529502,95,63,43586,448.473,1980
267396503647809,95,63,43586,448.473,1980
267396553765729,95,63,43586,450.494,1980
267396604177243,95,63,43586,450.494,1980
267396654304570,95,63,43586,453.365,1980
267396704434359,95,63,43586,453.365,1980
267396754548574,95,63,43586,454.925,1980
267396804659904,95,63,43586,454.925,1980
267396854765872,94,63,43586,455.752,1980
267396904869513,94,63,43586,455.752,1980
267396954979028,94,63,43586,455.199,1980
267397005069957,94,63,43586,455.199,1980
267397055174865,95,64,43586,458.861,1980
267397105281060,95,64,43586,458.861,1980
267397155392886,95,64,43586,459.022,1980
267397205501578,95,64,43586,459.022,1980
267397255606363,96,63,43586,460.426,1980
267397305769734,96,63,43586,460.426,1980
267397355918389,96,63,43586,464.221,1980
267397406028450,96,63,43586,464.221,1980
267397456135729,95,51,43586,477.818,1980
267397506248101,95,51,43586,477.818,1980
267397556352031,95,51,43586,489.733,1980
267397606454562,95,51,43586,489.733,1980
267397656560638,96,54,43586,503.745,1980
267397706669510,96,54,43586,503.745,1980
267397756777968,96,54,43586,519.459,1980
267397806881431,96,54,43586,519.459,1980
267397856985795,96,54,43586,532.869,1980
267397907094294,96,54,43586,532.869,1980
267397957203056,96,54,43586,549.241,1980
267398007311498,96,54,43586,549.241,1980
267398057417200,95,55,43586,562.355,1980
267398107523861,95,55,43586,562.355,1980
267398157634077,95,55,43586,574.751,1980
267398207736691,95,55,43586,574.751,1980
267398257838402,95,54,43586,590.245,1980
267398307958028,95,54,43586,590.245,1980
267398358064212,95,54,43586,584.486,1980
267398408174129,95,54,43586,584.486,1980
267398458284438,98,63,43586,590.721,1965
267398508398433,98,63,43586,590.721,1965
267398558504543,98,63,43586,567.597,1965
267398608617874,98,63,43586,567.597,1965
267398658726433,75,43,43586,545.053,1965
267398708844002,75,43,43586,545.053,1965
267398758955487,75,43,43586,518.375,1980
267398809046510,75,43,43586,518.375,1980
267398859168771,76,44,43586,494.007,1980
267398909298228,76,44,43586,494.007,1980
267398959404077,76,44,43586,471.845,1980
267399009528506,76,44,43586,471.845,1980
267399059633729,77,45,43586,445.49,1980
267399109749566,77,45,43586,445.49,1980
267399159858156,77,45,43586,424.996,1980
267399209961460,77,45,43586,424.996,1980
267399260072780,77,46,43586,402.86,1980
267399310185153,77,46,43586,402.86,1980
267399360306824,77,46,43586,402.02,1980
267399410414671,77,46,43586,402.02,1980
267399460525522,78,47,43586,371.267,1980
267399510637495,78,47,43586,371.267,1980
267399560751629,78,47,43586,372.156,1980
267399610878913,78,47,43586,372.156,1980
267399660998550,80,48,43586,374.786,1980
267399711115746,80,48,43586,374.786,1980
267399761221504,80,48,43586,378.103,1980
267399811333583,80,48,43586,379.779,1980
267399861436834,81,49,43586,379.779,1980
267399911536934,81,49,43586,383.306,1980
267399961650189,81,49,43586,383.306,1980
267400011751549,81,49,43586,385.762,1980
267400061866197,82,51,43586,385.762,1980
267400111981383,82,51,43586,386.719,1980
267400162101606,82,51,43586,386.719,1980
267400212204096,84,51,43586,388.981,1980
267400262303273,84,51,43586,388.981,1980
267400312425578,84,51,43586,391.027,1980
267400362532822,84,51,43586,391.027,1980
267400412736456,84,52,43586,393.516,1980
267400462863439,84,52,43586,393.516,1980
267400512985618,84,52,43586,395.808,1980
267400563047509,84,52,43586,395.808,1980
267400613154526,87,53,43586,399.467,1980
267400663258708,87,53,43586,399.467,1980
267400713371027,87,53,43586,401.551,1980
267400763483339,87,53,43586,401.551,1980
267400813597575,87,54,43586,404.856,1980
267400863721449,87,54,43586,404.856,1980
267400913823705,87,54,43586,406.663,1980
267400963922919,87,54,43586,406.663,1980
267401014046038,88,55,43586,409.827,1980
267401064170329,88,55,43586,409.827,1980
267401114282378,88,55,43586,413.428,1980
267401164402104,88,55,43586,413.428,1980
267401214532275,88,56,43586,416.051,1980
267401264728681,88,56,43586,416.051,1980
267401314944449,88,56,43586,417.798,1980
267401365071946,88,56,43586,417.798,1980
267401415216313,91,58,43586,423.118,1980
267401465371402,91,58,43586,423.118,1980
267401515538748,91,58,43586,425.978,1980
267401565685993,91,58,43586,425.978,1980
267401615804120,91,59,43586,428.965,1980
267401665924471,91,59,43586,428.965,1980
267401716046788,91,59,43586,432.17,1980
267401766162709,91,59,43586,432.17,1980
267401816298646,93,60,43586,434.14,1980
267401866418701,93,60,43586,434.14,1980
267401916548595,93,60,43586,436.825,1980
267401966684761,93,60,43586,436.825,1980
267402016810275,94,61,43586,438.814,1980
267402066937074,94,61,43586,438.814,1980
267402117056235,94,61,43586,440.88,1980
267402167200816,94,61,43586,440.88,1980
267402217312675,94,62,43586,443.967,1980
267402267424209,94,62,43586,443.967,1980
267402317538204,94,62,43586,445.763,1980
267402367661888,94,62,43586,445.763,1980
267402417771411,94,62,43586,447.466,1980
267402467908184,94,62,43586,447.466,1980
267402518037285,94,62,43586,449.431,1980
267402568173678,94,62,43586,449.431,1980
267402618293024,95,63,43586,449.766,1980
267402668409781,95,63,43586,449.766,1980
267402718526295,95,63,43586,451.764,1980
267402768651793,95,63,43586,451.764,1980
267402818765561,94,63,43586,453.308,1980
267402868882595,94,63,43586,453.308,1980
267402919015638,94,63,43586,455.102,1980
267402969124771,94,63,43586,455.102,1980
267403019229008,95,64,43586,456.425,1980
267403069334204,95,64,43586,456.425,1980
267403119445509,95,64,43586,457.387,1980
267403169561266,95,64,43586,457.387,1980
267403219666183,95,63,43586,461.481,1980
267403269782354,95,63,43586,461.481,1980
267403319890740,95,63,43586,464.603,1980
267403369997144,95,63,43586,464.603,1980
267403420111456,96,63,43586,465.93,1980
267403470227352,96,63,43586,465.93,1980
267403520350958,96,63,43586,466.633,1980
267403570457684,96,63,43586,466.633,1980
267403620561662,96,64,43586,467.981,1980
267403670668109,96,64,43586,467.981,1980
267403720787339,96,64,43586,468.994,1980
267403770899809,96,64,43586,468.994,1980
267403821024635,96,64,43586,473.251,1980
267403871137077,96,64,43586,473.251,1980
267403921276743,96,64,43586,473.728,1980
267403971388470,96,64,43586,473.728,1980
267404021492352,96,65,43586,473.149,1980
267404071602967,96,65,43586,473.149,1980
267404121727078,96,65,43586,470.646,1980
267404171833190,96,65,43586,470.646,1980
267404221939409,96,65,43586,467.048,1980
267404272047197,96,65,43586,467.048,1980
267404322150403,96,65,43586,463.057,1980
267404372273294,96,65,43586,463.057,1980
267404422376989,96,65,43586,461.267,1980
267404472479280,96,65,43586,461.267,1980
267404522585231,96,65,43586,456.312,1980
267404572723951,96,65,43586,456.312,1980
267404622838288,79,48,43586,472.935,1980
267404672943313,79,48,43586,472.935,1980
267404723049220,79,48,43586,484.429,1980
267404773161230,79,48,43586,484.429,1980
267404823266309,96,58,43586,494.826,1980
267404873376898,96,58,43586,494.826,1980
267404923486523,96,58,43586,508.773,1980
267404973591261,96,58,43586,508.773,1980
267405023694067,96,57,43586,521.185,1980
267405073799004,96,57,43586,521.185,1980
267405123905202,96,57,43586,539.164,1980
267405174014770,96,57,43586,539.164,1980
267405224116297,97,57,43586,554.83,1980
267405274214639,97,57,43586,554.83,1980
267405324323470,97,57,43586,571.68,1980
267405374434649,97,57,43586,571.68,1980
267405424563815,96,57,43586,582.024,1980
267405474665953,96,57,43586,582.024,1980
267405524778063,96,57,43586,603.918,1980
267405576227499,96,57,43586,603.918,1980
267405626334534,92,64,43586,586.386,1980
267405676438193,92,64,43586,586.386,1980
267405726541099,92,64,43586,579.312,1980
267405776642224,92,64,43586,579.312,1980
267405826766849,65,34,43586,550.589,1980
267405876882646,65,34,43586,550.589,1980
267405927002973,65,34,43586,524.32,1980
267405977119631,65,34,43586,524.32,1980
267406027222475,67,35,43586,493.304,1980
267406077334493,67,35,43586,493.304,1980
267406127446850,67,35,43586,466.961,1980
267406177559464,67,35,43586,466.961,1980
267406227664439,69,36,43586,442.638,1980
267406277766608,69,36,43586,442.638,1980
267406327869327,69,36,43586,417.354,1980
267406377971393,69,36,43586,417.354,1980
267406428041943,69,37,43586,386.14,1980
267406478143925,69,37,43586,386.14,1980
267406528251581,69,37,43586,359.075,1980
267406578358683,69,37,43586,359.075,1980
267406628490592,71,38,43586,353.683,1980
267406678606463,71,38,43586,353.683,1980
267406728709682,71,38,43586,332.365,1980
267406778814734,71,38,43586,332.365,1980
267406828921287,71,39,43586,334.81,1980
267406879036524,71,39,43586,334.81,1980
267406929149332,71,39,43586,337.324,1980
267406979257326,71,39,43586,337.324,1980
267407029365769,72,40,43586,341.266,1980
267407079489318,72,40,43586,341.266,1980
267407129603520,72,40,43586,343.092,1980
267407179722830,72,40,43586,343.092,1980
267407229834118,73,42,43586,346.772,1980
267407279954038,73,42,43586,346.772,1980
267407330074362,73,42,43586,350.337,1980
267407380178062,73,42,43586,350.337,1980
267407430291622,74,43,43586,353.493,1980
267407480419669,74,43,43586,353.493,1980
267407530529235,74,43,43586,355.715,1980
267407580645193,74,43,43586,355.715,1980
267407630823015,76,44,43586,359.042,1980
267407745569237,76,44,43586,361.039,1980
267407795693967,76,44,43586,361.039,1980
267407845823028,76,45,43586,362.743,1980
267407895939412,76,45,43586,362.743,1980
267407946107624,76,45,43586,365.477,1980
267407996265730,76,45,43586,365.477,1980
267408046403931,79,47,43586,366.968,1980
267408096547481,79,47,43586,366.968,1980
267408146660531,79,47,43586,368.333,1980
267408196773964,79,47,43586,368.333,1980
267408246908544,80,48,43586,370.512,1980
267408297019984,80,48,43586,370.512,1980
267408347127730,80,48,43586,373.064,1980
267408397244045,80,48,43586,373.064,1980
267408447348045,80,49,43586,376.281,1980
267408497492716,80,49,43586,376.281,1980
267408547602004,80,49,43586,379.065,1980
267408597704291,80,49,43586,379.065,1980
267408647819418,82,50,43586,380.544,1980
267408697933436,82,50,43586,380.544,1980
267408748054503,82,50,43586,381.871,1980
267408798200578,82,50,43586,381.871,1980
267408848306207,83,51,43586,383.826,1980
267408898411551,83,51,43586,383.826,1980
267408948516195,83,51,43586,385.938,1980
267408998629318,83,51,43586,385.938,1980
267409048738421,85,51,43586,390.49,1980
267409098852266,85,51,43586,390.49,1980
267409148961826,85,51,43586,395.8,1980
267409199048398,85,51,43586,395.8,1980
267409249165007,87,53,43586,398.905,1980
267409299281856,87,53,43586,398.905,1980
267409349398680,87,53,43586,399.652,1980
267409399509498,87,53,43586,399.652,1980
267409449628127,88,54,43586,401.851,1980
267409499730804,88,54,43586,401.851,1980
267409549856590,88,54,43586,404.027,1980
267409599988267,88,54,43586,404.027,1980
267409650057448,88,55,43586,405.32,1980
267409700187392,88,55,43586,405.32,1980
267409750298763,88,55,43586,409.909,1980
267409800411714,88,55,43586,409.909,1980
267409850524660,90,57,43586,412.519,1980
267409900630776,90,57,43586,412.519,1980
267409950757969,90,57,43586,414.563,1980
267410000885961,90,57,43586,414.563,1980
267410050991039,91,58,43586,415.753,1980
267410101054843,91,58,43586,415.753,1980
267410151165174,91,58,43586,415.64,1980
267410201287821,91,58,43586,415.64,1980
267410251400792,91,59,43586,419.345,1980
267410301508404,91,59,43586,419.345,1980
267410351634768,91,59,43586,423.365,1980
267410401747610,91,59,43586,423.365,1980
267410451851886,93,60,43586,426.447,1980
267410501952508,93,60,43586,426.447,1980
267410552047802,93,60,43586,429.893,1980
267410602209487,93,60,43586,429.893,1980
267410652328854,94,61,43586,435.019,1980
267410702437994,94,61,43586,435.019,1980
267410752552731,94,61,43586,436.323,1980
267410802658813,94,61,43586,436.323,1980
267410852766859,94,61,43586,438.5,1980
267410902882189,94,61,43586,438.5,1980
267410953008310,94,61,43586,442.612,1980
267411003111383,94,61,43586,442.612,1980
267411053246354,95,62,43586,445.921,1980
267411103350660,95,62,43586,445.921,1980
267411153457032,95,62,43586,447.83,1980
267411203564526,95,62,43586,447.83,1980
267411253667790,94,62,43586,447.582,1980
267411303781917,94,62,43586,447.582,1980
267411353903423,94,62,43586,449.337,1980
267411404013479,94,62,43586,449.337,1980
267411454125593,95,63,43586,450.591,1980
267411504236314,95,63,43586,450.591,1980
267411554348369,95,63,43586,451.507,1980
267411605902926,95,63,43586,451.507,1980
267411656031833,95,64,43586,447.652,1980
267411706141343,95,64,43586,447.652,1980
267411756246771,95,64,43586,461.293,1980
267411806355654,95,64,43586,461.293,1980
267411856466437,96,51,43586,479.285,1980
267411906569799,96,51,43586,479.285,1980
267411956695094,96,51,43586,490.957,1980
267412006804587,96,51,43586,490.957,1980
267412056910532,96,55,43586,506.335,1980
267412107021114,96,55,43586,506.335,1980
267412157121979,96,55,43586,519.022,1980
267412207227359,96,55,43586,519.022,1980
267412257331015,96,54,43586,533.595,1980
267412307435288,96,54,43586,533.595,1980
267412357537233,96,54,43586,546.065,1980
267412407637443,96,54,43586,546.065,1980
267412457741954,96,54,43586,556.652,1980
267412507844532,96,54,43586,556.652,1980
267412557949321,96,54,43586,569.968,1980
267412608057097,96,54,43586,569.968,1980
267412658172232,92,62,43586,575.639,1980
267412708278841,92,62,43586,575.639,1980
267412758396759,92,62,43586,575.886,1980
267412808499929,92,62,43586,575.886,1980
267412858620006,70,38,43586,548.666,1980
267412908734744,70,38,43586,548.666,1980
267412958874594,70,38,43586,523.868,1980
267413008978377,70,38,43586,523.868,1980
267413059051975,70,37,43586,499.411,1980
267413109171350,70,37,43586,499.411,1980
267413159299327,70,37,43586,476.054,1980
267413209423059,70,37,43586,476.054,1980
267413259549355,70,38,43586,448.687,1980
267413309658240,70,38,43586,448.687,1980
267413359767234,70,38,43586,428.481,1980
267413409897795,70,38,43586,428.481,1980
267413460011508,72,40,43586,403.217,1980
267413510119733,72,40,43586,403.217,1980
267413560220332,72,40,43586,378.47,1980
267413610318990,72,40,43586,378.47,1980
267413660419422,72,41,43586,372.865,1980
267413710518422,72,41,43586,372.865,1980
267413760649463,72,41,43586,346.627,1980
267413810778883,72,41,43586,346.627,1980
267413860962038,74,42,43586,347.778,1980
267413911064953,74,42,43586,347.778,1980
267413961185038,74,42,43586,349.781,1980
267414011309828,74,42,43586,349.781,1980
267414061424795,74,43,43586,350.436,1980
267414111544113,74,43,43586,350.436,1980
267414161662991,74,43,43586,355.068,1980
267414211782690,74,43,43586,355.068,1980
267414261894309,76,44,43586,358.123,1980
267414312009004,76,44,43586,358.123,1980
267414362139207,76,44,43586,358.99,1980
267414412258829,76,44,43586,358.99,1980
267414462378833,78,45,43586,360.53,1980
267414512498754,78,45,43586,360.53,1980
267414562600365,78,45,43586,362.769,1980
267414612726896,78,45,43586,362.769,1980
267414662833484,78,46,43586,365.372,1980
267414712936954,78,46,43586,365.372,1980
267414763045638,78,46,43586,369.318,1980
267414813148765,78,46,43586,369.318,1980
267414863260350,79,47,43586,371.89,1980
267414913392857,79,47,43586,371.89,1980
267414963508159,79,47,43586,375.037,1980
267415013619267,79,47,43586,375.037,1980
267415063737886,79,48,43586,376.511,1980
267415113850006,79,48,43586,376.511,1980
267415163959766,79,48,43586,377.101,1980
267415214052216,79,48,43586,377.101,1980
267415264152495,81,49,43586,379.265,1980
267415314261620,81,49,43586,379.265,1980
267415364366373,81,49,43586,381.492,1980
267415414473685,81,49,43586,381.492,1980
267415464592440,81,50,43586,385.63,1980
267415514701516,81,50,43586,385.63,1980
267415564827670,81,50,43586,389.873,1980
267415614939084,81,50,43586,389.873,1980
267415665048147,84,51,43586,392.15,1980
267415715155404,84,51,43586,392.15,1980
267415765262267,84,51,43586,393.235,1980
267415815380177,84,51,43586,393.235,1980
267415865485695,85,52,43586,394.98,1980
267415915599898,85,52,43586,394.98,1980
267415965706178,85,52,43586,398.182,1980
267416015811457,85,52,43586,398.182,1980
267416065927125,88,55,43586,403.37,1980
267416116046909,88,55,43586,403.37,1980
267416166148960,88,55,43586,406.095,1980
267416216254097,88,55,43586,406.095,1980
267416266365538,88,55,43586,409.468,1980
267416316472390,88,55,43586,409.468,1980
267416366613983,88,55,43586,412.435,1980
267416416727992,88,55,43586,412.435,1980
267416466850363,90,56,43586,414.63,1980
267416516957708,90,56,43586,414.63,1980
267416567049426,90,56,43586,415.731,1980
267416617160387,90,56,43586,415.731,1980
267416667261723,91,58,43586,420.668,1980
267416717371737,91,58,43586,420.668,1980
267416767493498,91,58,43586,425.671,1980
267416817612664,91,58,43586,425.671,1980
267416867731385,91,58,43586,427.282,1980
267416917840872,91,58,43586,427.282,1980
267416967956671,91,58,43586,430.007,1980
267417018053598,91,58,43586,430.007,1980
267417068175793,92,60,43586,432.171,1980
267417118296555,92,60,43586,432.171,1980
267417168402221,92,60,43586,435.938,1980
267417218518075,92,60,43586,435.938,1980
267417268622559,92,60,43586,437.869,1980
267417318727112,92,60,43586,437.869,1980
267417368873584,92,60,43586,439.36,1980
267417418995900,92,60,43586,439.36,1980
267417469118649,94,61,43586,442.795,1980
267417519240602,94,61,43586,442.795,1980
267417569345102,94,61,43586,444.158,1980
267417619454821,94,61,43586,444.158,1980
267417669575302,94,62,43586,445.638,1980
267417719691683,94,62,43586,445.638,1980
267417769792882,94,62,43586,445.593,1980
267417819897075,94,62,43586,445.593,1980
267417870018401,95,62,43586,447.154,1980
267417920153801,95,62,43586,447.154,1980
267417970264414,95,62,43586,448.084,1980
267418020389787,95,62,43586,448.084,1980
267418070494620,94,62,43586,450.091,1980
267418120601896,94,62,43586,450.091,1980
267418170717863,94,62,43586,451.001,1980
267418220841671,94,62,43586,451.001,1980
267418270948384,95,63,43586,452.184,1980
267418321060297,95,63,43586,452.184,1980
267418371162741,95,63,43586,454.132,1980
267418421266826,95,63,43586,454.132,1980
267418471369430,95,64,43586,456.365,1980
267418521471843,95,64,43586,456.365,1980
267418571580655,95,64,43586,458.311,1980
267418621753843,95,64,43586,458.057,1980
267418671869117,95,63,43586,458.057,1980
267418721981474,95,63,43586,456.299,1980
267418772070707,95,63,43586,456.299,1980
267418822181859,82,45,43586,469.21,1980
267418872287782,82,45,43586,469.21,1980
267418923218811,82,45,43586,482.011,1980
267418973460313,82,45,43586,482.011,1980
267419023565817,95,54,43586,493.623,1980
267419073669105,95,54,43586,493.623,1980
267419123775719,95,54,43586,506.821,1980
267419173880756,95,54,43586,506.821,1980
267419223990277,96,55,43586,517.46,1980
267419274045139,96,55,43586,517.46,1980
267419324168043,96,55,43586,527.476,1980
267419374278962,96,55,43586,527.476,1980
267419424392344,96,54,43586,536.643,1980
267419474497270,96,54,43586,536.643,1980
267419524601153,96,54,43586,549.731,1980
267419574703692,96,54,43586,549.731,1980
267419624806406,97,53,43586,561.527,1980
267419674906653,97,53,43586,561.527,1980
267419725019914,97,53,43586,562.513,1980
267419775124650,97,53,43586,562.513,1980
267419825228545,68,47,43586,571.529,1980
267419875334250,68,47,43586,571.529,1980
267419925458392,68,47,43586,550.836,1980
267419975570718,68,47,43586,550.836,1980
267420025678952,72,41,43586,527.831,1980
267420075818518,72,41,43586,527.831,1980
267420125924335,72,41,43586,503.374,1980
267420176031190,72,41,43586,503.374,1980
267420226131834,73,42,43586,486.638,1980
267420276244223,73,42,43586,486.638,1980
267420326350952,73,42,43586,467.149,1980
267420376464329,73,42,43586,467.149,1980
267420426568911,75,43,43586,443.046,1980
267420476668036,75,43,43586,443.046,1980
267420526766296,75,43,43586,422.388,1980
267420576871183,75,43,43586,422.388,1980
267420626985087,75,44,43586,406.671,1980
267420677059886,75,44,43586,406.671,1980
267420727166378,75,44,43586,392.317,1980
267420777270938,75,44,43586,392.317,1980
267420827382522,76,45,43586,370.72,1980
267420877492753,76,45,43586,370.72,1980
267420927609541,76,45,43586,365.9,1980
267420977722704,76,45,43586,365.9,1980
267421027823622,78,46,43586,368.973,1980
267421077935485,78,46,43586,368.973,1980
267421128047116,78,46,43586,370.99,1980
267421178152986,78,46,43586,370.99,1980
267421228262384,80,48,43586,371.651,1980
267421278377467,80,48,43586,371.651,1980
267421328492063,80,48,43586,372.385,1980
267421378598350,80,48,43586,372.385,1980
267421428733361,80,49,43586,375.522,1980
267421478848908,80,49,43586,375.522,1980
267421528952648,80,49,43586,377.583,1980
267421579065504,80,49,43586,377.583,1980
267421629167622,81,49,43586,378.169,1980
267421679269519,81,49,43586,378.169,1980
267421729377518,81,49,43586,380.599,1980
267421779489683,81,49,43586,380.599,1980
267421829595586,83,51,43586,383.647,1980
267421879694762,83,51,43586,383.647,1980
267421929798328,83,51,43586,386.354,1980
267421979910445,83,51,43586,386.354,1980
267422030029469,84,51,43586,388.079,1980
267422080135903,84,51,43586,388.079,1980
267422130233937,84,51,43586,391.236,1980
267422180335353,84,51,43586,391.236,1980
267422230437315,86,53,43586,394.683,1980
267422280538023,86,53,43586,394.683,1980
267422330639869,86,53,43586,397.874,1980
267422380741430,86,53,43586,397.874,1980
267422430850448,87,54,43586,401.325,1980
267422480954114,87,54,43586,401.325,1980
267422531060751,87,54,43586,404.582,1980
267422581171663,87,54,43586,404.582,1980
267422631283645,88,55,43586,406.241,1980
267422681414577,88,55,43586,406.241,1980
267422731534953,88,55,43586,408.762,1980
267422781644284,88,55,43586,408.762,1980
267422831755007,89,56,43586,410.171,1980
267422881860822,89,56,43586,410.171,1980
267422931972531,89,56,43586,414.158,1980
267422982095920,89,56,43586,414.158,1980
267423032198785,90,57,43586,417.39,1980
267423082304220,90,57,43586,417.39,1980
267423132404282,90,57,43586,420.562,1980
267423182505855,90,57,43586,420.562,1980
267423232624894,92,59,43586,423.204,1980
267423282724915,92,59,43586,423.204,1980
267423332837820,92,59,43586,424.754,1980
267423382941233,92,59,43586,424.754,1980
267423433044256,92,59,43586,427.547,1980
267423483144113,92,59,43586,427.547,1980
267423533242965,92,59,43586,429.412,1980
267423583340489,92,59,43586,429.412,1980
267423633464589,92,60,43586,433.743,1980
267423683599056,92,60,43586,433.743,1980
267423733700715,92,60,43586,436.78,1980
267423783798763,92,60,43586,436.78,1980
267423833903935,94,61,43586,440.737,1980
267423884021036,94,61,43586,440.737,1980
267423934124824,94,61,43586,442.733,1980
267423984244528,94,61,43586,442.733,1980
267424034345390,93,61,43586,442.76,1980
267424084459226,93,61,43586,442.76,1980
267424134566275,93,61,43586,444.872,1980
267424184668487,93,61,43586,444.872,1980
267424234783474,95,63,43586,446.75,1980
267424284896283,95,63,43586,446.75,1980
267424334999141,95,63,43586,448.199,1980
267424385111176,95,63,43586,448.199,1980
267424435221657,95,63,43586,449.715,1980
267424485341626,95,63,43586,449.715,1980
267424535457246,95,63,43586,451.658,1980
267424585649422,95,63,43586,451.658,1980
267424635748444,95,63,43586,451.936,1980
267424685859937,95,63,43586,451.936,1980
267424735980804,95,63,43586,450.872,1980
267424786050576,95,63,43586,450.872,1980
267424836174098,95,64,43586,454.357,1980
267424886284016,95,64,43586,454.357,1980
267424936388363,95,64,43586,455.595,1980
267424986509349,95,64,43586,455.595,1980
267425036612260,95,63,43586,460.46,1980
267425086727306,95,63,43586,460.46,1980
267425136829450,95,63,43586,460.881,1980
267425186935417,95,63,43586,460.881,1980
267425237036873,96,63,43586,462.364,1980
267425287135652,96,63,43586,462.364,1980
267425337238562,96,63,43586,464.27,1980
267425387340595,96,63,43586,464.27,1980
267425437443851,96,64,43586,462.974,1980
267425487551939,96,64,43586,462.974,1980
267425537656879,96,64,43586,465.136,1980
267425587776854,96,64,43586,465.136,1980
267425637942941,96,64,43586,463.638,1980
267425688050423,96,64,43586,463.638,1980
267425738153999,96,64,43586,463.854,1980
267425788294093,96,64,43586,463.854,1980
267425838403460,97,65,43586,461.488,1980
267425888514872,97,65,43586,461.488,1980
267425939311260,97,65,43586,458.851,1980
267425989419149,97,65,43586,458.851,1980
267426039518733,81,44,43586,470.545,1980
267426089620207,81,44,43586,470.545,1980
267426139728676,81,44,43586,485.397,1980
267426189845699,81,44,43586,485.397,1980
267426239955518,97,53,43586,499.786,1980
267426290059342,97,53,43586,499.786,1980
267426340168236,97,53,43586,511.339,1980
267426390276959,97,53,43586,511.339,1980
267426440384506,98,55,43586,523.386,1980
267426490487380,98,55,43586,523.386,1980
267426540593463,98,55,43586,534.664,1980
267426590696222,98,55,43586,534.664,1980
267426640805687,96,55,43586,552.043,1980
267426690909688,96,55,43586,552.043,1980
267426741011697,96,55,43586,566.21,1980
267426791113652,96,55,43586,566.21,1980
267426841217222,98,56,43586,579.409,1980
267426891318071,98,56,43586,579.409,1980
267426944730035,98,56,43586,594.848,1980
267426994831541,98,56,43586,594.848,1980
267427044933702,66,49,43586,584.914,1980
267427095043578,66,49,43586,584.914,1980
267427145146846,66,49,43586,573.706,1965
267427195259183,66,49,43586,573.706,1965
267427245367243,70,37,43586,545.707,1965
267427295470656,70,37,43586,545.707,1965
267427345574209,70,37,43586,523.021,1965
267427395685336,70,37,43586,523.021,1965
267427445802772,71,39,43586,497.854,1980
267427495926155,71,39,43586,497.854,1980
267427546030575,71,39,43586,473.928,1980
267427596133564,71,39,43586,473.928,1980
267427646233224,72,40,43586,447.876,1980
267427696390544,72,40,43586,447.876,1980
267427746493851,72,40,43586,424.115,1980
267427796619653,72,40,43586,424.115,1980
267427846722543,73,42,43586,403.839,1980
267427896837020,73,42,43586,403.839,1980
267427946940842,73,42,43586,381.149,1980
267427997045459,73,42,43586,381.149,1980
267428047154386,74,42,43586,362.52,1980
267428097259666,74,42,43586,362.52,1980
267428147374488,74,42,43586,352.159,1980
267428197478057,74,42,43586,352.159,1980
267428247590095,75,43,43586,353.615,1980
267428297699409,75,43,43586,353.615,1980
267428347801949,75,43,43586,355.313,1980
267428397911317,75,43,43586,355.313,1980
267428448049406,76,44,43586,357.898,1980
267428498154215,76,44,43586,357.898,1980
267428548267569,76,44,43586,359.618,1980
267428598459350,76,44,43586,359.618,1980
267428648630899,77,45,43586,360.954,1980
267428698772688,77,45,43586,360.954,1980
267428748896156,77,45,43586,364.539,1980
267428799025783,77,45,43586,364.539,1980
267428849159240,79,47,43586,366.943,1980
267428899278800,79,47,43586,366.943,1980
267428949408996,79,47,43586,368.637,1980
267428999517783,79,47,43586,368.637,1980
267429049633575,80,48,43586,370.618,1980
267429099759793,80,48,43586,370.618,1980
267429149871589,80,48,43586,372.315,1980
267429199994259,80,48,43586,372.315,1980
267429250103991,80,49,43586,377.255,1980
267429300238051,80,49,43586,377.255,1980
267429350373139,80,49,43586,379.592,1980
267429400476990,80,49,43586,379.592,1980
267429450588655,81,50,43586,382.3,1980
267429500696659,81,50,43586,382.3,1980
267429550812935,81,50,43586,385.708,1980
267429600916700,81,50,43586,385.708,1980
267429651029085,81,50,43586,387.77,1980
267429701134039,81,50,43586,387.77,1980
267429751237070,81,50,43586,390.186,1980
267429801365386,81,50,43586,390.186,1980
267429851485119,85,52,43586,393.815,1980
267429901591736,85,52,43586,393.815,1980
267429951704053,85,52,43586,396.42,1980
267430001808633,85,52,43586,396.42,1980
267430051920876,86,52,43586,397.917,1980
267430102031640,86,52,43586,397.917,1980
267430152139851,86,52,43586,401.455,1980
267430202246474,86,52,43586,401.455,1980
267430252353298,87,54,43586,403.543,1980
267430302466053,87,54,43586,403.543,1980
267430352650556,87,54,43586,405.286,1980
267430402758184,87,54,43586,405.286,1980
267430452876557,89,55,43586,407.736,1980
267430502982033,89,55,43586,407.736,1980
267430553062259,89,55,43586,409.441,1980
267430603184595,89,55,43586,409.441,1980
267430653288604,89,56,43586,412.059,1980
267430703408786,89,56,43586,412.059,1980
267430753514929,89,56,43586,415.222,1980
267430803620027,89,56,43586,415.222,1980
267430853728934,91,58,43586,417.562,1980
267430903835310,91,58,43586,417.562,1980
267430953941611,91,58,43586,419.653,1980
267431004055948,91,58,43586,419.653,1980
267431054159996,92,59,43586,422.663,1980
267431104285358,92,59,43586,422.663,1980
267431154399853,92,59,43586,425.479,1980
267431204526685,92,59,43586,425.479,1980
267431254635449,92,59,43586,427.796,1980
267431304747523,92,59,43586,427.796,1980
267431354860509,92,59,43586,429.34,1980
267431404978293,92,59,43586,429.34,1980
267431455046062,94,61,43586,432.488,1980
267431505160708,94,61,43586,432.488,1980
267431555282857,94,61,43586,434.208,1980
267431605415607,94,61,43586,434.208,1980
267431655518389,93,61,43586,437.323,1980
267431705625657,93,61,43586,437.323,1980
267431755728209,93,61,43586,439.298,1980
267431805890163,93,61,43586,439.298,1980
267431856047275,95,62,43586,441.8,1980
267431906173214,95,62,43586,441.8,1980
267431956291338,95,62,43586,444.219,1980
267432006410304,95,62,43586,444.219,1980
267432056516044,94,62,43586,445.547,1980
267432106627595,94,62,43586,445.547,1980
267432156729883,94,62,43586,448.3,1980
267432206851185,94,62,43586,448.3,1980
267432256966137,95,63,43586,450.173,1980
267432307056283,95,63,43586,450.173,1980
267432357177650,95,63,43586,450.854,1980
267432407286390,95,63,43586,450.854,1980
267432457390863,95,63,43586,453.193,1980
267432507492415,95,63,43586,453.193,1980
267432557617023,95,63,43586,456.013,1980
267432607734760,95,63,43586,456.013,1980
267432657840812,94,63,43586,457.743,1980
267432707964605,94,63,43586,457.743,1980
267432758061979,94,63,43586,458.77,1980
267432808191661,94,63,43586,458.77,1980
267432858303285,95,63,43586,460.724,1980
267432908435501,95,63,43586,460.724,1980
267432958541635,95,63,43586,461.576,1980
267433008653106,95,63,43586,461.576,1980
267433058761016,96,64,43586,462.463,1980
267433108887525,96,64,43586,462.463,1980
267433158994563,96,64,43586,466.773,1980
267433209113102,96,64,43586,466.773,1980
267433259221124,98,52,43586,480.841,1980
267433309331305,98,52,43586,480.841,1980
267433359440054,98,52,43586,494.785,1980
267433409542399,98,52,43586,494.785,1980
267433459665443,96,53,43586,508.428,1980
267433509772805,96,53,43586,508.428,1980
267433559883003,96,53,43586,521.602,1980
267433609990088,96,53,43586,521.602,1980
267433660045208,97,53,43586,533.389,1980
267433710151952,97,53,43586,533.389,1980
267433760257279,97,53,43586,547.271,1980
267433810370937,97,53,43586,547.271,1980
267433860475685,96,54,43586,559.409,1980
267433910576295,96,54,43586,559.409,1980
267433960679014,96,54,43586,573.003,1980
267434010781386,96,54,43586,573.003,1980
267434060883884,96,54,43586,585.257,1980
267434110987710,96,54,43586,585.257,1980
267434161089891,96,54,43586,585.008,1980
267434211196808,96,54,43586,585.008,1980
267434261301829,67,42,43586,576.099,1965
267434311429195,67,42,43586,576.099,1965
267434361531637,67,42,43586,548.667,1965
267434411641658,67,42,43586,548.667,1965
267434461749235,63,32,43586,520.127,1965
267434511851721,63,32,43586,520.127,1965
267434561954074,63,32,43586,493.763,1980
267434612058547,63,32,43586,493.763,1980
267434662161515,64,33,43586,468.178,1980
267434712272118,64,33,43586,468.178,1980
267434762386702,64,33,43586,436.706,1980
267434812501689,64,33,43586,436.706,1980
267434862608231,65,34,43586,413.694,1980
267434912730566,65,34,43586,413.694,1980
267434962835577,65,34,43586,385.68,1980
267435012959300,65,34,43586,385.68,1980
267435063051317,69,36,43586,359.795,1980
267435113154343,69,36,43586,359.795,1980
267435163253073,69,36,43586,342.505,1980
267435213355339,69,36,43586,342.505,1980
267435263538894,69,37,43586,325.669,1980
267435313691617,69,37,43586,325.669,1980
267435363823587,69,37,43586,328.525,1980
267435413950939,69,37,43586,328.525,1980
267435464059557,70,38,43586,330.125,1980
267435514194682,70,38,43586,330.125,1980
267435564310632,70,38,43586,333.284,1980
267435614423713,70,38,43586,333.284,1980
267435664544391,71,39,43586,336.599,1980
267435714680768,71,39,43586,336.599,1980
267435764787784,71,39,43586,337.863,1980
267435814897245,71,39,43586,337.863,1980
267435865051013,72,40,43586,340.308,1980
267435915168297,72,40,43586,340.308,1980
267435965277536,72,40,43586,344.177,1980
267436015384248,72,40,43586,344.177,1980
267436065504327,72,41,43586,345.937,1980
267436115635946,72,41,43586,345.937,1980
267436165746033,72,41,43586,349.477,1980
267436215855479,72,41,43586,349.477,1980
267436265962784,74,42,43586,350.793,1980
267436316056318,74,42,43586,350.793,1980
267436366166734,74,42,43586,351.777,1980
267436416288960,74,42,43586,351.777,1980
267436466404425,75,43,43586,354.571,1980
267436516517612,75,43,43586,354.571,1980
267436566634792,75,43,43586,357.087,1980
267436616739048,75,43,43586,357.087,1980
267436666860790,76,44,43586,359.022,1980
267436716978298,76,44,43586,359.022,1980
267436767056090,76,44,43586,362.409,1980
267436817168307,76,44,43586,362.409,1980
267436867278955,77,45,43586,365.836,1980
267436917382769,77,45,43586,365.836,1980
267436967484711,77,45,43586,366.773,1980
267437017584823,77,45,43586,366.773,1980
267437067703995,78,47,43586,369.847,1980
267437117815224,78,47,43586,369.847,1980
267437167929165,78,47,43586,371.522,1980
267437218036228,78,47,43586,371.522,1980
267437268139570,80,48,43586,372.38,1980
267437318250765,80,48,43586,372.38,1980
267437368364477,80,48,43586,375.969,1980
267437418477692,80,48,43586,375.969,1980
267437468583040,80,49,43586,376.966,1980
267437518682292,80,49,43586,376.966,1980
267437568804665,80,49,43586,378.571,1980
267437618918453,80,49,43586,378.571,1980
267437669029469,82,50,43586,381.035,1980
267437719137415,82,50,43586,381.035,1980
267437769246613,82,50,43586,384.836,1980
267437819356155,82,50,43586,384.836,1980
267437869479759,84,51,43586,387.673,1980
267437919591427,84,51,43586,387.673,1980
267437969706478,84,51,43586,391.472,1980
267438019828558,84,51,43586,391.472,1980
267438069956412,86,52,43586,392.126,1980
267438120051838,86,52,43586,392.126,1980
267438170163861,86,52,43586,395.709,1980
267438220279505,86,52,43586,395.709,1980
267438270384602,87,54,43586,399.502,1980
267438320501780,87,54,43586,399.502,1980
267438370635903,87,54,43586,401.909,1980
267438420741314,87,54,43586,401.909,1980
267438470861172,87,54,43586,405.67,1980
267438520973032,87,54,43586,405.67,1980
267438571043426,87,54,43586,409.333,1980
267438621170309,87,54,43586,409.333,1980
267438671273286,89,55,43586,412.173,1980
267438721395843,89,55,43586,412.173,1980
267438771506298,89,55,43586,415.241,1980
267438821611725,89,55,43586,415.241,1980
267438871719712,88,56,43586,417.31,1980
267438921831793,88,56,43586,417.31,1980
267438971934956,88,56,43586,419.483,1980
267439022048454,88,56,43586,419.483,1980
267439072150798,91,58,43586,423.094,1980
267439122260698,91,58,43586,423.094,1980
267439172362939,91,58,43586,425.662,1980
267439222463423,91,58,43586,425.662,1980
267439272567774,92,59,43586,428.462,1980
267439322684461,92,59,43586,428.462,1980
267439372793935,92,59,43586,431.141,1980
267439422901223,92,59,43586,431.141,1980
267439473025735,92,60,43586,433.868,1980
267439523142233,92,60,43586,433.868,1980
267439573251170,92,60,43586,434.368,1980
267439623356371,92,60,43586,434.368,1980
267439673460960,93,61,43586,438.084,1980
267439723566236,93,61,43586,438.084,1980
267439773723880,93,61,43586,440.146,1980
267439823879480,93,61,43586,440.146,1980
267439874018167,90,59,43586,439.796,1980
267439924126876,90,59,43586,439.796,1980
267439974244981,90,59,43586,449.861,1980
267440024344435,90,59,43586,449.861,1980
267440074454244,95,52,43586,462.34,1980
267440124564098,95,52,43586,462.34,1980
267440174671716,95,52,43586,477.864,1980
267440225842271,95,52,43586,477.864,1980
267440275956502,96,54,43586,490.079,1980
267440326069905,96,54,43586,490.079,1980
267440376178803,96,54,43586,505.386,1980
267440426284154,96,54,43586,505.386,1980
267440476384751,97,52,43586,517.518,1980
267440526487088,97,52,43586,517.518,1980
267440576588494,97,52,43586,530.662,1980
267440626699664,97,52,43586,530.662,1980
267440676799973,96,54,43586,542.943,1980
267440726899621,96,54,43586,542.943,1980
267440777009503,96,54,43586,545.704,1980
267440827121005,96,54,43586,545.704,1980
267440877234198,68,51,43586,556.63,1965
267440927347410,68,51,43586,556.63,1965
267440977506907,68,51,43586,539.131,1965
267441027615164,68,51,43586,539.131,1965
267441077717160,68,35,43586,516.329,1965
267441127820374,68,35,43586,516.329,1965
267441177924420,68,35,43586,492.127,1980
267441228031740,68,35,43586,492.127,1980
267441278212407,69,36,43586,466.611,1980
267441328332357,69,36,43586,466.611,1980
267441378433628,69,36,43586,441.421,1980
267441428536946,69,36,43586,441.421,1980
267441478646256,70,38,43586,417.82,1980
267441528757416,70,38,43586,417.82,1980
267441578875349,70,38,43586,394.547,1980
267441629299146,70,38,43586,394.547,1980
267441859142703,71,39,43586,337.905,1980
267441919364631,72,40,43586,337.905,1980
267441972246463,72,40,43586,340.421,1980
267442036739266,72,40,43586,343.553,1980
267442086869718,73,41,43586,343.553,1980
267442136974638,73,41,43586,346.047,1980
267442187055990,73,41,43586,346.047,1980
267442237177989,73,42,43586,348.422,1980
267442287293567,73,42,43586,348.422,1980
267442337404210,73,42,43586,349.032,1980
267442387506769,73,42,43586,349.032,1980
267442437611082,75,43,43586,350.392,1980
267442487724124,75,43,43586,350.392,1980
267442537832077,75,43,43586,353.322,1980
267442587950808,75,43,43586,353.322,1980
267442638052929,76,44,43586,355.194,1980
267442688182169,76,44,43586,355.194,1980
267442738306025,76,44,43586,358.705,1980
267442788416210,76,44,43586,358.705,1980
267442838530362,78,46,43586,360.794,1980
267442888672741,78,46,43586,360.794,1980
267442938787451,78,46,43586,364.212,1980
267442988892256,78,46,43586,364.212,1980
267443039003600,77,46,43586,365.825,1980
267443089121207,77,46,43586,365.825,1980
267443139223725,77,46,43586,368.723,1980
267443189350396,77,46,43586,368.723,1980
267443239462966,80,48,43586,370.178,1980
267443289575107,80,48,43586,370.178,1980
267443339681258,80,48,43586,376.427,1980
267443389788360,80,48,43586,376.427,1980
267443439903072,81,49,43586,378.996,1980
267443490037373,81,49,43586,378.996,1980
267443540170506,81,49,43586,382.321,1980
267443590280753,81,49,43586,382.321,1980
267443640394569,81,50,43586,385.092,1980
267443690496176,81,50,43586,385.092,1980
267443740604892,81,50,43586,386.687,1980
267443790718104,81,50,43586,386.687,1980
267443840817900,82,51,43586,389.031,1980
267443890949201,82,51,43586,389.031,1980
267443941066587,82,51,43586,390.171,1980
267443991168798,82,51,43586,390.171,1980
267444041269518,85,51,43586,393.644,1980
267444091382489,85,51,43586,393.644,1980
267444141502068,85,51,43586,396.475,1980
267444191617602,85,51,43586,396.475,1980
267444241718058,87,54,43586,400.203,1980
267444291841505,87,54,43586,400.203,1980
267444341939684,87,54,43586,399.67,1980
267444392040127,87,54,43586,399.67,1980
267444442147469,88,55,43586,403.716,1980
267444492248276,88,55,43586,403.716,1980
267444542352173,88,55,43586,406.41,1980
267444592526320,88,55,43586,406.41,1980
267444642687082,88,55,43586,409.45,1980
267444692814908,88,55,43586,409.45,1980
267444742942121,88,55,43586,412.248,1980
267444793047831,88,55,43586,412.248,1980
267444843188470,90,57,43586,414.326,1980
267444893324569,90,57,43586,414.326,1980
267444943456311,90,57,43586,417.353,1980
267444993571247,90,57,43586,417.353,1980
267445043683726,90,58,43586,417.921,1980
267445093794287,90,58,43586,417.921,1980
267445143955192,90,58,43586,421.755,1980
267445194059924,90,58,43586,421.755,1980
267445244174772,91,59,43586,424.887,1980
267445294279388,91,59,43586,424.887,1980
267445344397237,91,59,43586,429.082,1980
267445394503678,91,59,43586,429.082,1980
267445444611432,92,60,43586,429.606,1980
267445494728033,92,60,43586,429.606,1980
267445544842290,92,60,43586,432.314,1980
267445594964810,92,60,43586,432.314,1980
267445645060290,92,60,43586,433.972,1980
267445695180183,92,60,43586,433.972,1980
267445745291178,92,60,43586,437.152,1980
267445795394092,92,60,43586,437.152,1980
267445845513752,94,61,43586,440.512,1980
267445895626404,94,61,43586,440.512,1980
267445945741362,94,61,43586,442.235,1980
267445995843619,94,61,43586,442.235,1980
267446045952060,93,61,43586,445.849,1980
267446096051832,93,61,43586,445.849,1980
267446146160461,93,61,43586,447.021,1980
267446196266158,93,61,43586,447.021,1980
267446246370294,95,62,43586,447.421,1980
267446296531874,95,62,43586,447.421,1980
267446346636311,95,62,43586,449.783,1980
267446396739397,95,62,43586,449.783,1980
267446446839992,95,63,43586,452.908,1980
267446496946422,95,63,43586,452.908,1980
267446547050091,95,63,43586,453.961,1980
267446597171568,95,63,43586,453.961,1980
267446647293269,95,64,43586,455.866,1980
267446697398928,95,64,43586,455.866,1980
267446750534833,95,64,43586,456.997,1980
267446800644996,95,64,43586,456.997,1980
267446850780490,86,57,43586,460.728,1980
267446900898768,86,57,43586,460.728,1980
267446951008118,86,57,43586,475.797,1980
267447001177293,86,57,43586,475.797,1980
267447051290260,94,52,43586,486.806,1980
267447101397201,94,52,43586,486.806,1980
267447151506208,94,52,43586,499.758,1980
267447201612610,94,52,43586,499.758,1980
267447251718353,95,54,43586,516.797,1980
267447301830910,95,54,43586,516.797,1980
267447351945881,95,54,43586,531.872,1980
267447402051980,95,54,43586,531.872,1980
267447452155915,95,54,43586,546.954,1980
267447502260813,95,54,43586,546.954,1980
267447552363655,95,54,43586,560.844,1980
267447602464531,95,54,43586,560.844,1980
267447652567147,95,54,43586,572.485,1980
267447702670679,95,54,43586,572.485,1980
267447754147625,95,54,43586,588.322,1980
267447804250081,95,54,43586,588.322,1980
267447854352250,69,49,43586,592.678,1965
267447904455961,69,49,43586,592.678,1965
267447954564299,69,49,43586,578.408,1965
267448004671309,69,49,43586,578.408,1965
267448054773105,71,39,43586,556.553,1965
267448104879557,71,39,43586,556.553,1965
267448154979609,71,39,43586,532.533,1965
267448205083326,71,39,43586,532.533,1965
267448255190684,72,40,43586,506.001,1980
267448305302241,72,40,43586,506.001,1980
267448355403773,72,40,43586,484.409,1980
267448405503230,72,40,43586,484.409,1980
267448455614379,73,41,43586,457.017,1980
267448505716532,73,41,43586,457.017,1980
267448555835044,73,41,43586,432.958,1980
267448605944005,73,41,43586,432.958,1980
267448656049410,74,43,43586,413.81,1980
267448706158170,74,43,43586,413.81,1980
267448756265024,74,43,43586,385.97,1980
267448806366553,74,43,43586,385.97,1980
267448856491364,76,44,43586,375.839,1980
267448906600183,76,44,43586,375.839,1980
267448956703998,76,44,43586,358.913,1980
267449006827086,76,44,43586,358.913,1980
267449056953785,76,45,43586,360.914,1980
267449107044134,76,45,43586,360.914,1980
267449157156740,76,45,43586,363.69,1980
267449207262531,76,45,43586,363.69,1980
267449257382441,78,46,43586,366.58,1980
267449307490982,78,46,43586,366.58,1980
267449357610153,78,46,43586,368.445,1980
267449407711255,78,46,43586,368.445,1980
267449457890552,78,47,43586,369.69,1980
267449508043322,78,47,43586,369.69,1980
267449558168442,78,47,43586,371.797,1980
267449608292689,78,47,43586,371.797,1980
267449658420700,81,49,43586,373.336,1980
267449708559199,81,49,43586,373.336,1980
267449758677439,81,49,43586,376.358,1980
267449808789872,81,49,43586,376.358,1980
267449858912606,81,49,43586,378.679,1980
267449909040672,81,49,43586,378.679,1980
267449959174311,81,49,43586,382.22,1980
267450009296365,81,49,43586,382.22,1980
267450059407535,80,50,43586,385.154,1980
267450109522529,80,50,43586,385.154,1980
267450159636310,80,50,43586,387.027,1980
267450209744787,80,50,43586,387.027,1980
267450259859224,84,51,43586,390.457,1980
267450309970283,84,51,43586,390.457,1980
267450360056350,84,51,43586,392.815,1980
267450410176782,84,51,43586,392.815,1980
267450460292042,85,52,43586,396.407,1980
267450510409099,85,52,43586,396.407,1980
267450560518258,85,52,43586,398.671,1980
267450610636304,85,52,43586,398.671,1980
267450660755184,86,53,43586,402.121,1980
267450710873570,86,53,43586,402.121,1980
267450761004383,86,53,43586,404.799,1980
267450811120516,86,53,43586,404.799,1980
267450861249815,86,54,43586,407.626,1980
267450911375288,86,54,43586,407.626,1980
267450961494752,86,54,43586,409.007,1980
267451011615909,86,54,43586,409.007,1980
267451061727820,87,55,43586,411.049,1980
267451112831206,87,55,43586,411.049,1980
267451162972377,87,55,43586,414.471,1980
267451213067103,87,55,43586,414.471,1980
267451263191980,88,56,43586,417.066,1980
267451313316308,88,56,43586,417.066,1980
267451363455957,88,56,43586,420.036,1980
267451414740836,88,56,43586,420.036,1980
267451464864213,90,57,43586,421.791,1980
267451514962922,90,57,43586,421.791,1980
267451565068141,90,57,43586,424.7,1980
267451615209624,90,57,43586,424.7,1980
267451665353729,90,58,43586,427.279,1980
267451715481444,90,58,43586,427.279,1980
267451765609322,90,58,43586,429.597,1980
267451815722878,90,58,43586,429.597,1980
267451865865867,92,60,43586,431.531,1980
267451916010629,92,60,43586,431.531,1980
267451966122692,92,60,43586,434.648,1980
267452016257535,92,60,43586,434.648,1980
267452066376663,92,60,43586,438.45,1980
267452116502097,92,60,43586,438.45,1980
267452166610664,92,60,43586,439.542,1980
267452216743133,92,60,43586,439.542,1980
267452266850899,94,62,43586,441.625,1980
267452316970795,94,62,43586,441.625,1980
267452367053372,94,62,43586,444.0,1980
267452417178473,94,62,43586,444.0,1980
267452467284189,94,62,43586,446.022,1980
267452517413241,94,62,43586,446.022,1980
267452567521007,94,62,43586,446.716,1980
267452617630840,94,62,43586,446.716,1980
267452667745772,95,63,43586,447.909,1980
267452717861352,95,63,43586,447.909,1980
267452767972398,95,63,43586,450.086,1980
267452818053005,95,63,43586,450.086,1980
267452868165816,95,63,43586,450.433,1980
267452918291887,95,63,43586,450.433,1980
267452968418658,95,63,43586,450.799,1980
267453018533408,95,63,43586,450.799,1980
267453068657399,94,63,43586,450.732,1980
267453118786142,94,63,43586,450.732,1980
267453168901505,94,63,43586,451.457,1980
267453219042034,94,63,43586,451.457,1980
267453269150222,95,63,43586,449.895,1980
267453319305780,95,63,43586,449.895,1980
267453369426799,95,63,43586,447.943,1980
267453419565740,95,63,43586,447.943,1980
267453469687096,95,63,43586,448.618,1980
267453519794979,95,63,43586,448.618,1980
267453569903090,95,63,43586,448.007,1980
267453620015485,95,63,43586,448.007,1980
267453670136769,95,64,43586,448.775,1980
267453720252890,95,64,43586,448.775,1980
267453770367205,95,64,43586,448.738,1980
267453820491879,95,64,43586,448.738,1980
267453870602272,95,64,43586,453.136,1980
267453920712245,95,64,43586,453.136,1980
267453970821249,95,64,43586,457.534,1980
267454020978864,95,64,43586,457.534,1980
267454071147866,81,50,43586,469.856,1980
267454121271425,81,50,43586,469.856,1980
267454171391444,81,50,43586,485.275,1980
267454221506045,81,50,43586,485.275,1980
267454271621792,98,55,43586,498.579,1980
267454321741366,98,55,43586,498.579,1980
267454371871477,98,55,43586,514.784,1980
267454421982344,98,55,43586,514.784,1980
267454472050930,94,54,43586,530.418,1980
267454522159606,94,54,43586,530.418,1980
267454572269474,94,54,43586,547.177,1980
267454622374173,94,54,43586,547.177,1980
267454672478420,96,56,43586,559.402,1980
267454722589441,96,56,43586,559.402,1980
267454772703510,96,56,43586,570.072,1980
267454822822091,96,56,43586,570.072,1980
267454872932209,95,54,43586,583.858,1980
267454923043702,95,54,43586,583.858,1980
267454973285750,95,54,43586,596.89,1980
267455023399032,95,54,43586,596.89,1980
267455073517507,96,62,43586,585.77,1980
267455123633155,96,62,43586,585.77,1980
267455173741896,96,62,43586,580.382,1980
267455223859443,96,62,43586,580.382,1980
267455273990390,72,40,43586,556.652,1980
267455324104488,72,40,43586,556.652,1980
267455374218317,72,40,43586,530.102,1980
267455424326800,72,40,43586,530.102,1980
267455474442757,69,37,43586,500.12,1980
267455524567980,69,37,43586,500.12,1980
267455574679531,69,37,43586,475.29,1980
267455624804348,69,37,43586,475.29,1980
267455674918233,69,38,43586,453.667,1980
267455725056541,69,38,43586,453.667,1980
267455775161752,69,38,43586,423.596,1980
267455825283031,69,38,43586,423.596,1980
267455875403296,70,39,43586,398.238,1980
267455926188086,70,39,43586,398.238,1980
267455977381711,70,39,43586,376.39,1980
267456027610345,70,39,43586,376.39,1980
267456077802659,71,39,43586,368.633,1980
267456127947083,71,39,43586,368.633,1980
267456178074627,71,39,43586,344.335,1980
267456228233354,71,39,43586,344.335,1980
267456278375174,72,41,43586,345.834,1980
267456328497124,72,41,43586,345.834,1980
267456378612096,72,41,43586,348.086,1980
267456428749225,72,41,43586,348.086,1980
267456478863175,73,42,43586,352.008,1980
267456528990613,73,42,43586,352.008,1980
267456579112567,73,42,43586,354.314,1980
267456629238427,73,42,43586,354.314,1980
267456679347835,75,43,43586,354.409,1980
267456729465143,75,43,43586,354.409,1980
267456779581235,75,43,43586,356.118,1980
267456829720195,75,43,43586,356.118,1980
267456879836676,76,44,43586,358.321,1980
267456929959409,76,44,43586,358.321,1980
267456980050719,76,44,43586,363.048,1980
267457030165688,76,44,43586,363.048,1980
267457080286159,77,45,43586,362.962,1980
267457130400991,77,45,43586,362.962,1980
267457180517592,77,45,43586,365.109,1980
267457230636566,77,45,43586,365.109,1980
267457280754123,78,46,43586,367.26,1980
267457330864479,78,46,43586,367.26,1980
267457380975685,78,46,43586,369.433,1980
267457431086503,78,46,43586,369.433,1980
267457481217507,78,47,43586,369.168,1980
267457531346537,78,47,43586,369.168,1980
267457581465469,78,47,43586,372.679,1980
267457631587215,78,47,43586,372.679,1980
267457681699582,80,49,43586,376.663,1980
267457731820350,80,49,43586,376.663,1980
267457781934098,80,49,43586,379.074,1980
267457832060706,80,49,43586,379.074,1980
267457882178555,80,49,43586,380.263,1980
267457932305570,80,49,43586,380.263,1980
267457982421050,80,49,43586,380.185,1980
267458032532469,80,49,43586,380.185,1980
267458082645389,83,51,43586,382.818,1980
267458132772088,83,51,43586,382.818,1980
267458182895028,83,51,43586,385.944,1980
267458233008933,83,51,43586,385.944,1980
267458283146336,85,52,43586,387.003,1980
267458333268621,85,52,43586,387.003,1980
267458383381012,85,52,43586,391.696,1980
267458433494143,85,52,43586,391.696,1980
267458483604111,85,52,43586,396.698,1980
267458533722640,85,52,43586,396.698,1980
267458583831403,85,52,43586,400.28,1980
267458633996124,85,52,43586,400.28,1980
267458684166923,87,54,43586,403.99,1980
267458734301635,87,54,43586,403.99,1980
267458784454005,87,54,43586,406.772,1980
267458834579142,87,54,43586,406.772,1980
267458884771507,87,55,43586,410.557,1980
267458934934774,87,55,43586,410.557,1980
267458985061637,87,55,43586,415.684,1980
267459035178610,87,55,43586,415.684,1980
267459085311702,88,56,43586,417.995,1980
267459135425190,88,56,43586,417.995,1980
267459185551019,88,56,43586,420.436,1980
267459235666056,88,56,43586,420.436,1980
267459285783419,88,56,43586,424.71,1980
267459335890634,88,56,43586,424.71,1980
267459386016062,88,56,43586,425.553,1980
267459436129358,88,56,43586,425.553,1980
267459486248052,90,58,43586,428.292,1980
267459536363172,90,58,43586,428.292,1980
267459586520486,90,58,43586,428.884,1980
267459636626977,90,58,43586,428.884,1980
267459686741323,91,59,43586,431.593,1980
267459736845603,91,59,43586,431.593,1980
267459786967699,91,59,43586,433.756,1980
267459837056788,91,59,43586,433.756,1980
267459887171417,93,60,43586,438.028,1980
267459937280448,93,60,43586,438.028,1980
267459987403373,93,60,43586,439.213,1980
267460037511792,93,60,43586,439.213,1980
267460087632419,93,61,43586,441.58,1980
267460137744411,93,61,43586,441.58,1980
267460187859155,93,61,43586,441.522,1980
267460237965721,93,61,43586,441.522,1980
267460288050881,95,62,43586,442.144,1980
267460338158942,95,62,43586,442.144,1980
267460388265041,95,62,43586,444.793,1980
267460438371650,95,62,43586,444.793,1980
267460488479000,95,63,43586,446.316,1980
267460538581769,95,63,43586,446.316,1980
267460588694466,95,63,43586,449.317,1980
267460638809831,95,63,43586,449.317,1980
267460688915316,95,63,43586,450.356,1980
267460739032096,95,63,43586,450.356,1980
267460789140999,95,63,43586,451.272,1980
267460839272831,95,63,43586,451.272,1980
267460889389862,95,64,43586,453.051,1980
267460939503118,95,64,43586,453.051,1980
267460989618335,95,64,43586,454.035,1980
267461039725569,95,64,43586,454.035,1980
267461089830840,95,64,43586,456.294,1980
267461139968506,95,64,43586,456.294,1980
267461190051029,95,64,43586,457.402,1980
267461240203683,95,64,43586,457.402,1980
267461290341679,80,52,43586,464.853,1980
267461340450563,80,52,43586,464.853,1980
267461390561699,80,52,43586,480.154,1980
267461440675622,80,52,43586,480.154,1980
267461490783120,95,53,43586,494.989,1980
267461540888093,95,53,43586,494.989,1980
267461590992753,95,53,43586,506.972,1980
267461641258626,95,53,43586,506.972,1980
267461691373466,95,54,43586,522.009,1980
267461741474903,95,54,43586,522.009,1980
267461791575072,95,54,43586,536.917,1980
267461841674579,95,54,43586,536.917,1980
267461891779692,95,55,43586,550.424,1980
267461941894879,95,55,43586,550.424,1980
267461991997720,95,55,43586,562.287,1980
267462042102029,95,55,43586,562.287,1980
267462092204043,95,53,43586,573.659,1980
267462142306051,95,53,43586,573.659,1980
267462192410571,95,53,43586,589.726,1980
267462242512224,95,53,43586,589.726,1980
267462292616360,85,58,43586,585.211,1980
267462342780916,85,58,43586,585.211,1980
267462392926016,85,58,43586,576.423,1965
267462443042033,85,58,43586,576.423,1965
267462493165294,73,41,43586,551.355,1965
267462543282072,73,41,43586,551.355,1965
267462593386356,73,41,43586,525.997,1965
267462643493618,73,41,43586,525.997,1965
267462693597653,71,40,43586,501.761,1980
267462743706822,71,40,43586,501.761,1980
267462793898106,71,40,43586,473.228,1980
267462844089980,71,40,43586,473.228,1980
267462894244207,73,41,43586,450.535,1980
267462944379369,73,41,43586,450.535,1980
267462994497464,73,41,43586,425.174,1980
267463044607564,73,41,43586,425.174,1980
267463094718753,72,41,43586,398.798,1980
267463144863118,72,41,43586,398.798,1980
267463194977188,72,41,43586,375.219,1980
267463245045561,72,41,43586,375.219,1980
267463295152852,74,43,43586,370.966,1980
267463345268868,74,43,43586,370.966,1980
267463395373334,74,43,43586,349.458,1980
267463445476287,74,43,43586,352.37,1980
267463495588928,75,44,43586,352.37,1980
267463545701313,75,44,43586,352.291,1980
267463595815776,75,44,43586,352.291,1980
267463646018349,77,45,43586,354.158,1980
267463696133223,77,45,43586,354.158,1980
267463746249049,77,45,43586,357.383,1980
267463796352585,77,45,43586,357.383,1980
267463846461137,77,46,43586,361.534,1980
267463896567293,77,46,43586,361.534,1980
267463946679458,77,46,43586,365.278,1980
267463996783714,77,46,43586,365.278,1980
267464046933273,79,47,43586,370.421,1980
267464097093070,79,47,43586,370.421,1980
267464147219304,79,47,43586,372.53,1980
267464197348263,79,47,43586,372.53,1980
267464247477486,79,48,43586,375.744,1980
267464297617616,79,48,43586,375.744,1980
267464347742843,79,48,43586,376.506,1980
267464397859522,79,48,43586,376.506,1980
267464447983542,81,49,43586,379.489,1980
267464498059334,81,49,43586,379.489,1980
267464548177514,81,49,43586,383.304,1980
267464598290050,81,49,43586,383.304,1980
267464648406782,81,50,43586,386.992,1980
267464698532663,81,50,43586,386.992,1980
267464748662320,81,50,43586,390.323,1980
267464798782000,81,50,43586,390.323,1980
267464848896808,85,51,43586,393.596,1980
267464899027301,85,51,43586,393.596,1980
267464949147413,85,51,43586,394.794,1980
267464999284435,85,51,43586,394.794,1980
267465049402222,84,51,43586,396.708,1980
267465099517203,84,51,43586,396.708,1980
267465149621996,84,51,43586,400.737,1980
267465199724758,84,51,43586,400.737,1980
267465249848370,88,54,43586,404.468,1980
267465299952177,88,54,43586,404.468,1980
267465350048857,88,54,43586,407.201,1980
267465400163309,88,54,43586,407.201,1980
267465450307500,88,55,43586,408.381,1980
267465500415994,88,55,43586,408.381,1980
267465550530838,88,55,43586,411.919,1980
267465600643737,88,55,43586,411.919,1980
267465650753526,89,56,43586,413.52,1980
267465700862703,89,56,43586,413.52,1980
267465750979015,89,56,43586,415.197,1980
267465801060468,89,56,43586,415.197,1980
267465851183002,90,57,43586,417.597,1980
267465901295782,90,57,43586,417.597,1980
267465951407885,90,57,43586,420.832,1980
267466001515216,90,57,43586,420.832,1980
267466051624003,91,58,43586,423.658,1980
267466101732030,91,58,43586,423.658,1980
267466151846562,91,58,43586,427.066,1980
267466202011383,91,58,43586,427.066,1980
267466252149102,92,59,43586,428.288,1980
267466302267932,92,59,43586,428.288,1980
267466352385876,92,59,43586,432.312,1980
267466402500371,92,59,43586,432.312,1980
267466452617943,92,60,43586,435.336,1980
267466502774833,92,60,43586,435.336,1980
267466552905019,92,60,43586,437.729,1980
267466603017976,92,60,43586,437.729,1980
267466653131788,94,61,43586,439.999,1980
267466703244099,94,61,43586,439.999,1980
267466753367015,94,61,43586,443.195,1980
267466803471700,94,61,43586,443.195,1980
267466853570423,93,61,43586,444.908,1980
267466903671127,93,61,43586,444.908,1980
267466953773094,93,61,43586,446.857,1980
267467003893411,93,61,43586,446.857,1980
267467053995750,95,63,43586,448.586,1980
267467104106350,95,63,43586,448.586,1980
267467154221406,95,63,43586,450.167,1980
267467204324169,95,63,43586,450.167,1980
267467254424903,94,63,43586,453.064,1980
267467304524086,94,63,43586,453.064,1980
267467354628995,94,63,43586,452.512,1980
267467404740013,94,63,43586,452.512,1980
267467454847966,95,63,43586,454.507,1980
267467504970453,95,63,43586,454.507,1980
267467555081951,95,63,43586,455.633,1980
267467605194846,95,63,43586,455.633,1980
267467655300377,95,64,43586,456.812,1980
267467705459572,95,64,43586,456.812,1980
267467755591031,95,64,43586,457.184,1980
267467805721209,95,64,43586,457.184,1980
267467855869691,95,63,43586,460.731,1980
267467906009205,95,63,43586,460.731,1980
267467956138506,95,63,43586,460.917,1980
267468006258795,95,63,43586,460.917,1980
267468056368749,95,63,43586,461.11,1980
267468106494270,95,63,43586,461.11,1980
267468156610181,95,63,43586,462.964,1980
267468206720658,95,63,43586,462.964,1980
267468256827475,96,64,43586,462.767,1980
267468306935769,96,64,43586,462.767,1980
267468357061228,96,64,43586,464.054,1980
267468407188502,96,64,43586,464.054,1980
267468457299372,80,51,43586,470.865,1980
267468507404408,80,51,43586,470.865,1980
267468557512567,80,51,43586,484.149,1980
267468607627716,80,51,43586,484.149,1980
267468657742559,95,54,43586,498.223,1980
267468707853018,95,54,43586,498.223,1980
267468757960491,95,54,43586,513.489,1980
267468808070495,95,54,43586,513.489,1980
267468858187226,95,54,43586,525.345,1980
267468908294622,95,54,43586,525.345,1980
267468958395531,95,54,43586,537.196,1980
267469008503349,95,54,43586,537.196,1980
267469058610928,98,56,43586,552.689,1980
267469108732241,98,56,43586,552.689,1980
267469158842329,98,56,43586,566.01,1980
267469208942540,98,56,43586,566.01,1980
267469259044879,95,54,43586,580.278,1980
267469309150646,95,54,43586,580.278,1980
267469359254637,95,54,43586,591.589,1980
267469409365038,95,54,43586,591.589,1980
267469459471316,93,59,43586,585.681,1980
267469509570728,93,59,43586,585.681,1980
267469559670653,93,59,43586,577.284,1980
267469609774779,93,59,43586,577.284,1980
267469659882793,71,38,43586,551.22,1980
267469709996062,71,38,43586,551.22,1980
267469760101466,71,38,43586,523.522,1980
267469810206720,71,38,43586,523.522,1980
267469860324148,68,36,43586,496.217,1980
267469910423665,68,36,43586,496.217,1980
267469960540390,68,36,43586,470.47,1980
267470010670563,68,36,43586,470.47,1980
267470060773853,69,37,43586,449.16,1980
267470110876447,69,37,43586,449.16,1980
267470160986112,69,37,43586,419.218,1980
267470211111621,69,37,43586,419.218,1980
267470261223911,70,38,43586,396.663,1980
267470311324773,70,38,43586,396.663,1980
267470361425289,70,38,43586,367.149,1980
267470411523037,70,38,43586,367.149,1980
267470461632019,72,40,43586,362.004,1980
267470511740375,72,40,43586,362.004,1980
267470561854382,72,40,43586,340.52,1980
267470611964478,72,40,43586,340.52,1980
267470662041997,72,41,43586,341.703,1980
267470712139703,72,41,43586,341.703,1980
267470762262682,72,41,43586,343.533,1980
267470812364431,72,41,43586,343.533,1980
267470862488568,74,42,43586,345.384,1980
267470912602874,74,42,43586,345.384,1980
267470962702559,74,42,43586,347.667,1980
267471012816889,74,42,43586,347.667,1980
267471062917769,75,43,43586,350.396,1980
267471113030149,75,43,43586,350.396,1980
267471163133876,75,43,43586,354.107,1980
267471213248136,75,43,43586,354.107,1980
267471263359371,76,44,43586,355.578,1980
267471313467492,76,44,43586,355.578,1980
267471363570542,76,44,43586,358.533,1980
267471413676031,76,44,43586,358.533,1980
267471463781697,77,45,43586,360.752,1980
267471513891847,77,45,43586,360.752,1980
267471564003950,77,45,43586,364.084,1980
267471614146524,77,45,43586,364.084,1980
267471664252186,78,46,43586,367.381,1980
267471714356217,78,46,43586,367.381,1980
267471764465881,78,46,43586,367.539,1980
267471814571918,78,46,43586,367.539,1980
267471864673306,79,47,43586,371.622,1980
267471914773424,79,47,43586,371.622,1980
267471964929230,79,47,43586,373.229,1980
267472015037367,79,47,43586,373.229,1980
267472065146351,80,48,43586,376.162,1980
267472115248251,80,48,43586,376.162,1980
267472165355581,80,48,43586,376.703,1980
267472215459623,80,48,43586,376.703,1980
267472265570685,81,49,43586,379.262,1980
267472315677783,81,49,43586,379.262,1980
267472365786054,81,49,43586,380.315,1980
267472415889199,81,49,43586,380.315,1980
267472465989449,81,50,43586,382.85,1980
267472516048955,81,50,43586,382.85,1980
267472566152249,81,50,43586,385.86,1980
267472616261137,81,50,43586,385.86,1980
267472666391404,85,51,43586,388.586,1980
267472716509775,85,51,43586,388.586,1980
267472766630459,85,51,43586,392.519,1980
267472816742572,85,51,43586,392.519,1980
267472866843323,85,52,43586,395.032,1980
267472916947592,85,52,43586,395.032,1980
267472967077925,85,52,43586,396.749,1980
267473017177711,85,52,43586,396.749,1980
267473067284926,87,54,43586,399.776,1980
267473117394002,87,54,43586,399.776,1980
267473167508903,87,54,43586,402.154,1980
267473217612771,87,54,43586,402.154,1980
267473267728521,87,54,43586,406.256,1980
267473317837004,87,54,43586,406.256,1980
267473367968033,87,54,43586,408.243,1980
267473418080736,87,54,43586,408.243,1980
267473468185643,89,56,43586,412.078,1980
267473518313890,89,56,43586,412.078,1980
267473568421025,89,56,43586,414.078,1980
267473618533890,89,56,43586,414.078,1980
267473668645073,90,57,43586,415.508,1980
267473718755609,90,57,43586,415.508,1980
267473768948209,90,57,43586,419.872,1980
267473819057559,90,57,43586,419.872,1980
267473869196578,91,59,43586,421.512,1980
267473919321790,91,59,43586,421.512,1980
267473969440523,91,59,43586,424.452,1980
267474019550515,91,59,43586,424.452,1980
267474069656151,92,59,43586,426.05,1980
267474119774177,92,59,43586,426.05,1980
267474169883775,92,59,43586,430.051,1980
267474220004564,92,59,43586,430.051,1980
267474270120652,92,60,43586,433.339,1980
267474320230673,92,60,43586,433.339,1980
267474370338749,92,60,43586,435.43,1980
267474420472026,92,60,43586,435.43,1980
267474470583945,94,61,43586,437.681,1980
267474520685752,94,61,43586,437.681,1980
267474570791520,94,61,43586,440.665,1980
267474620898100,94,61,43586,440.665,1980
267474671018579,93,61,43586,442.672,1980
267474721139053,93,61,43586,442.672,1980
267474771240735,93,61,43586,444.666,1980
267474821364294,93,61,43586,444.666,1980
267474871486779,95,62,43586,447.065,1980
267474921603745,95,62,43586,447.065,1980
267474971723569,95,62,43586,449.68,1980
267475021828188,95,62,43586,449.68,1980
267475071931566,95,63,43586,451.936,1980
267475122055928,95,63,43586,451.936,1980
267475172175065,95,63,43586,453.011,1980
267475222276251,95,63,43586,453.011,1980
267475272394417,95,64,43586,454.391,1980
267475322504190,95,64,43586,454.391,1980
267475372615232,95,64,43586,456.772,1980
267475422797316,95,64,43586,456.772,1980
267475472900734,95,64,43586,457.133,1980
267475523006582,95,64,43586,457.133,1980
267475573127445,95,64,43586,459.274,1980
267475623236078,95,64,43586,459.274,1980
267475673337970,83,45,43586,471.819,1980
267475723439027,83,45,43586,471.819,1980
267475773546710,83,45,43586,482.718,1980
267475823653369,83,45,43586,482.718,1980
267475873761860,96,54,43586,493.333,1980
267475923868628,96,54,43586,493.333,1980
267475973971708,96,54,43586,509.872,1980
267476024049282,96,54,43586,509.872,1980
267476074152139,96,55,43586,520.511,1980
267476124252503,96,55,43586,520.511,1980
267476174352710,96,55,43586,529.238,1980
267476224455237,96,55,43586,529.238,1980
267476274560479,96,54,43586,542.191,1980
267476324668510,96,54,43586,542.191,1980
267476374771583,96,54,43586,548.584,1980
267476424870133,96,54,43586,548.584,1980
267476474970950,94,52,43586,560.911,1980
