t_ns,util_gpu_pct,util_mem_pct,mem_used_mib,power_w,sm_clock_mhz
263312905388542,2,0,962,117.166,1980
263312960085539,2,0,962,117.166,1980
263313011160484,2,0,6852,123.252,1980
263313061406583,2,0,6852,123.252,1980
263313114946466,0,0,6852,129.054,1980
263313165149152,0,0,6852,129.054,1980
263313215277928,0,0,6852,134.937,1980
263313265387946,0,0,6852,134.937,1980
263313315535429,15,0,6852,140.889,1980
263313372513133,15,0,6852,140.889,1980
263313422759414,15,0,6852,146.085,1980
263313473004964,15,0,6852,146.085,1980
263313526883396,12,0,6852,151.765,1980
263313577127166,12,0,6852,157.568,1980
263313627341464,12,0,6852,157.568,1980
263313681019949,12,0,6852,163.133,1980
263313731265952,12,0,6852,163.133,1980
263313785519878,12,0,6852,164.971,1980
263313837343886,12,0,6852,164.971,1980
263313887591969,14,0,6852,164.869,1980
263313937847542,14,0,6852,164.869,1980
263313988094901,14,0,6852,164.93,1980
263314038307318,14,0,6852,164.93,1980
263314088502321,12,0,6852,165.02,1980
263314183279442,12,0,6872,165.069,1980
263314327735872,12,0,6872,164.901,1980
263314486396280,0,0,6872,164.754,1980
263314536563287,0,0,6872,164.754,1980
263314587591507,0,0,6872,164.643,1980
263314638709027,0,0,6872,164.643,1980
263314688834369,0,0,6872,164.529,1980
263314840420271,0,0,6872,164.453,1980
263314988386558,0,0,6872,164.284,1980
263315061607171,0,0,6872,164.284,1980
263315209541189,0,0,6872,164.102,1980
263315274849983,0,0,6872,164.102,1980
263315340158199,0,0,6872,164.131,1980
263315410515851,0,0,6872,164.129,1980
263315480870574,0,0,6872,164.152,1980
263315546179621,0,0,6872,164.152,1980
263315606424751,0,0,6872,164.136,1980
263316042204829,0,0,6872,164.162,1980
263316117791794,0,0,6872,164.168,1980
263316183122241,0,0,6872,164.158,1980
263316243366568,0,0,6872,164.158,1980
263316303623777,0,0,6872,164.133,1980
263316368935910,0,0,6872,164.133,1980
263316439293432,0,0,6872,164.12,1980
263316914616600,0,0,6872,164.155,1980
263316970285180,0,0,6872,164.155,1980
263317021324422,0,0,6872,164.154,1980
263317071501049,0,0,6872,164.154,1980
263317121672455,0,0,6872,164.164,1980
263317172161691,0,0,6872,164.164,1980
263317224702846,0,0,6872,164.196,1980
263317274855431,0,0,6872,164.196,1980
263317324976264,0,0,6872,164.208,1980
263317375476175,0,0,6872,164.208,1980
263317425587505,0,0,6872,164.215,1980
263317475700702,0,0,6872,164.215,1980
263317525817060,0,0,6872,164.172,1980
263317575925296,0,0,6872,164.172,1980
263317626073592,0,0,6872,164.16,1980
263317676225697,0,0,6872,164.16,1980
263317726343972,0,0,6872,164.203,1980
263317776461868,0,0,6872,164.203,1980
263317826574114,0,0,6872,164.206,1980
263317880316722,0,0,6872,164.196,1980
263317930432370,0,0,6872,164.196,1980
263317980546252,0,0,6872,164.196,1980
263318030723644,0,0,6872,164.196,1980
263318080975617,0,0,6872,164.17,1980
263318132570548,0,0,6872,164.17,1980
263318441895017,0,0,6872,164.177,1980
263318492087513,0,0,7036,164.215,1980
263318819689261,0,0,7036,164.25,1980
263318869844803,0,0,7504,164.25,1980
263318920067634,0,0,7520,164.289,1980
263318970314677,0,0,7520,164.289,1980
263319032361566,0,0,7520,164.336,1980
263319082484872,0,0,7520,164.336,1980
263319132600492,0,0,7520,164.336,1980
263319183021959,0,0,7520,164.329,1980
263319233156959,0,0,7520,164.329,1980
263319288658366,0,0,7520,164.319,1980
263319338814323,0,0,7520,164.319,1980
263319388934100,0,0,7520,164.31,1980
263319439046215,0,0,7520,164.31,1980
263319489229243,0,0,7520,164.258,1980
263319539449230,0,0,7520,164.258,1980
263319591623162,0,0,7520,164.237,1980
263319641833977,0,0,7520,164.237,1980
263319691954627,0,0,7520,164.258,1980
263319742058343,0,0,7520,164.258,1980
263319794547926,0,0,7520,164.274,1980
263319845339097,0,0,7520,164.274,1980
263319895781147,0,0,7520,164.261,1980
263319945899209,0,0,7520,164.261,1980
263319996017098,0,0,7520,164.249,1980
263320046134595,0,0,7520,164.249,1980
263320105361892,0,0,7520,164.279,1980
263320155980763,0,0,8338,164.279,1980
263320206089715,0,0,10136,164.321,1980
263320256195720,0,0,10136,164.321,1980
263320306300755,0,0,10136,164.341,1980
263320356409797,0,0,10582,164.341,1980
263320406535893,0,0,10582,164.377,1980
263320456646052,0,0,10582,164.377,1980
263320506763910,0,0,10582,164.43,1980
263320556883123,0,0,10582,164.43,1980
263320607069935,0,0,10582,164.453,1980
263320657178287,0,0,10582,164.453,1980
263320707281594,14,0,10582,164.558,1980
263320757417286,14,0,10582,164.558,1980
263320807529577,14,0,10582,164.677,1980
263320857632337,14,0,10582,164.677,1980
263320907742677,12,0,10582,164.76,1980
263320957851905,12,0,10582,164.76,1980
263321007957158,12,0,10582,164.87,1980
263321128712498,11,0,10582,164.912,1980
263321479646023,0,0,10582,164.825,1980
263321817932772,0,0,10116,164.574,1980
263322164606026,0,0,10156,164.293,1980
263322214780269,0,0,10156,164.294,1980
263322264913885,0,0,10156,164.294,1980
263322315032555,0,0,10156,164.33,1980
263322365138808,0,0,10156,164.33,1980
263322415288338,0,0,10156,164.304,1980
263322465408626,0,0,10156,164.304,1980
263322515513573,0,0,10156,164.278,1980
263322565622440,0,0,10156,164.278,1980
263322615729307,0,0,10156,164.271,1980
263322665829109,0,0,10156,164.271,1980
263322715926985,0,0,10156,164.268,1980
263322766049432,0,0,10156,164.268,1980
263322816155677,0,0,10156,164.295,1980
263322866267209,0,0,10156,164.295,1980
263322916392625,0,0,10156,164.307,1980
263322966502925,0,0,10156,164.307,1980
263323016611781,0,0,10156,164.297,1980
263323066717584,0,0,10156,164.297,1980
263323116829336,0,0,10156,164.288,1980
263323166934943,0,0,10156,164.288,1980
263323217044256,0,0,10156,164.284,1980
263323267150011,0,0,10156,164.284,1980
263323317254601,0,0,10156,164.288,1980
263323367356390,0,0,10156,164.288,1980
263323417456952,0,0,10156,164.281,1980
263323467558400,0,0,10156,164.281,1980
263323517656953,0,0,10156,164.297,1980
263323567757435,0,0,10156,164.297,1980
263323617858090,0,0,10156,164.303,1980
263323667958719,0,0,10156,164.303,1980
263323718070894,0,0,10156,164.286,1980
263323768177304,0,0,10156,164.286,1980
263323818275580,0,0,10156,164.302,1980
263323868380153,0,0,10156,164.302,1980
263323918479878,0,0,10156,164.294,1980
263323968580293,0,0,10156,164.294,1980
263324018684089,0,0,10156,164.326,1980
263324068794902,0,0,10156,164.326,1980
263324118904010,0,0,10156,164.326,1980
263324169010027,0,0,10156,164.326,1980
263324219110920,0,0,10156,164.33,1980
263324269211874,0,0,10156,164.33,1980
263324319319823,0,0,10156,164.329,1980
263324369426009,0,0,10156,164.329,1980
263324420203268,0,0,10156,164.358,1980
263324470346856,0,0,10156,164.358,1980
263324535657303,0,0,10156,164.372,1980
263324595893010,0,0,10156,164.374,1980
263324652775488,0,0,10156,164.374,1980
263324704739029,0,0,10156,164.38,1980
263324755051640,0,0,10282,164.38,1980
263324805206905,0,0,10282,164.355,1980
263324855343364,0,0,10574,164.355,1980
263325616531585,0,0,10574,176.663,1980
263325968809068,0,0,10254,166.443,1980
263326319005451,0,0,10282,165.809,1980
263326369202365,0,0,10366,165.809,1980
263326419460855,0,0,10368,166.708,1980
263326469731181,0,0,10370,166.708,1980
263326519965649,12,3,10372,168.062,1980
263326570088949,12,3,10356,168.062,1980
263326620251265,12,3,10376,169.664,1980
263326670384214,12,3,10378,169.664,1980
263326720527837,9,3,10378,171.005,1980
263326770657204,9,3,10384,171.005,1980
263326820825649,9,3,10392,171.829,1980
263326870953039,9,3,10378,171.829,1980
263326921123049,9,2,10400,173.06,1980
263326971247929,9,2,10384,173.06,1980
263327021416081,9,2,10408,173.988,1980
263327071573556,9,2,10414,173.988,1980
263327121788330,10,3,10398,174.773,1980
263327172115476,10,3,10404,174.773,1980
263327571547340,0,0,10406,175.101,1980
263327947133138,0,0,10320,170.172,1980
263327997289517,0,0,18718,169.997,1980
263328048617712,0,0,18718,169.997,1980
263328098844481,0,0,18718,169.163,1980
263328148963185,0,0,18718,169.163,1980
263328199104361,0,0,18718,167.356,1980
263328249296153,0,0,18718,167.356,1980
263328299641591,0,0,18718,166.627,1980
263328349775498,0,0,18718,166.627,1980
263328399985280,0,0,18718,166.644,1980
263328450105065,0,0,18718,166.644,1980
263328500232802,0,0,18718,166.643,1980
263328550355866,0,0,18718,166.643,1980
263328600475972,0,0,18718,166.673,1980
263328650899069,0,0,18718,166.673,1980
263328701015099,0,0,18718,166.69,1980
263328752926037,0,0,18718,166.69,1980
263328803076838,0,0,19038,166.675,1980
263328853215845,0,0,19038,166.675,1980
263328907273774,17,9,19040,177.112,1980
263328957395177,17,9,19040,177.112,1980
263329007513351,17,9,19042,177.538,1980
263329057626361,17,9,19042,177.538,1980
263329107919335,2,0,19042,177.586,1980
263329158033287,2,0,19042,177.586,1980
263329208163489,2,0,19042,179.761,1980
263329605136357,0,0,19042,180.061,1980
263329655257474,0,0,18874,180.061,1980
263329705403745,6,2,18848,181.866,1980
263329755642214,6,2,18868,181.866,1980
263329805772643,6,2,18848,183.524,1980
263329863973117,6,2,18866,183.524,1980
263330106815461,9,3,18866,172.425,1980
263330170702274,0,0,18866,172.425,1980
263330223704190,0,0,18866,170.475,1980
263330289659837,0,0,18866,170.157,1980
263330341336705,0,0,18864,170.157,1980
263330392722622,0,0,18864,171.009,1980
263330443895861,0,0,18864,171.009,1980
263330494026461,1,0,18862,171.197,1980
263330544220683,1,0,18860,171.197,1980
263330594380603,1,0,18848,172.444,1980
263330644509851,1,0,18868,172.444,1980
263330694673651,11,3,18848,171.513,1980
263330744812132,11,3,18848,171.513,1980
263330795077256,11,3,18868,171.568,1980
263330845200792,11,3,18848,171.568,1980
263330895442983,10,3,18848,171.526,1980
263330945689059,10,3,18848,171.526,1980
263330995832634,10,3,18870,173.644,1980
263331045982219,10,3,18852,173.644,1980
263331096103674,12,4,18874,176.18,1980
263331146247587,12,4,18856,176.18,1980
263331569815213,0,0,18858,176.616,1980
263331620502079,0,0,18858,175.489,1980
263331673915496,0,0,18858,175.489,1980
263331725234528,0,0,18858,174.481,1980
263331775551508,0,0,18858,174.481,1980
263331825669003,0,0,18858,173.079,1980
263331875796138,0,0,18858,173.079,1980
263331927753242,0,0,18858,172.142,1980
263331977943168,0,0,18858,172.142,1980
263332028060375,0,0,18858,170.653,1980
263332078173765,0,0,18858,170.653,1980
263332128507612,0,0,18858,167.627,1980
263332178644168,0,0,18858,167.627,1980
263332228792932,0,0,18858,166.21,1980
263332278904304,0,0,18858,166.21,1980
263332329716680,0,0,18858,165.926,1980
263332380205388,0,0,18858,165.926,1980
263332430337585,0,0,18858,165.903,1980
263332480460054,0,0,18858,165.903,1980
263332530919646,0,0,18858,165.893,1980
263332596229706,0,0,18858,165.861,1980
263332651421075,0,0,18858,165.861,1980
263333068012157,0,0,18858,165.795,1980
263333118161214,0,0,18858,165.771,1980
263333168550114,0,0,18858,165.771,1980
263333275802857,0,0,18858,165.748,1980
263333421609065,0,0,18858,165.761,1980
263333472760278,0,0,18858,165.761,1980
263333523816949,0,0,18858,165.751,1980
263333574893796,0,0,18858,165.751,1980
263333625950212,0,0,18858,166.527,1980
263333676059423,0,0,18858,166.527,1980
263333726195352,2,2,18898,167.091,1980
263333916430690,2,2,18898,171.22,1980
263333978068026,0,0,18898,171.22,1980
263334029465791,0,0,18898,179.782,1980
263334079626302,0,0,18898,179.782,1980
263334130949831,74,36,18898,201.054,1980
263334182092625,74,36,18898,201.054,1980
263334232296579,74,36,18898,223.091,1980
263334282950700,74,36,18898,223.091,1980
263334333702339,75,38,18898,246.156,1980
263334383830660,75,38,18898,269.407,1980
263334433954281,75,38,18898,269.407,1980
263334484200612,90,44,18898,289.822,1980
263334534808185,90,44,18898,289.822,1980
263334585075127,90,44,18898,311.478,1980
263334635654248,90,44,18898,311.478,1980
263334685772563,98,49,18898,337.97,1980
263334735893955,98,49,18898,337.97,1980
263334786025297,98,49,18898,338.877,1980
263334836144052,98,49,18942,338.877,1980
263334886255482,6,2,22714,352.034,1980
263334936362760,6,2,25098,352.034,1980
263334986472980,6,2,25098,383.408,1980
263335036590627,6,2,25098,383.408,1980
263335086704899,98,49,25098,408.815,1980
263335136825289,98,49,25098,408.815,1980
263335186948022,98,49,25098,422.089,1980
263335237078010,98,49,25098,422.089,1980
263335287193825,26,11,34384,417.145,1980
263335337305746,26,11,36828,417.145,1980
263335387415518,26,11,36828,414.263,1980
263335437537839,26,11,36828,414.263,1980
263335487645099,94,46,42762,431.426,1980
263335537751076,94,46,42762,431.426,1980
263335587857528,94,46,42762,451.12,1980
263335637963732,94,46,42762,451.12,1980
263335688074999,98,54,42762,468.531,1980
263335738190974,98,54,42762,468.531,1980
263335788462132,98,54,42762,502.596,1980
263335838570658,98,54,42762,502.596,1980
263335888682216,95,53,42762,539.617,1980
263335938788844,95,53,42762,539.617,1980
263335988888604,95,53,42762,543.539,1980
263336039009411,95,53,42762,543.539,1980
263336089130726,97,52,42762,539.485,1980
263336139243890,97,52,42762,539.485,1980
263336189352893,97,52,42762,536.315,1980
263336239461118,97,52,42762,536.315,1980
263336289565066,96,52,42762,564.708,1980
263336339670691,96,52,42762,564.708,1980
263336389809708,96,52,42762,558.078,1980
263336440613782,96,52,42762,558.078,1980
263336491416277,8,7,42762,517.915,1980
263336542040195,8,7,42762,517.915,1980
263336592150072,8,7,42762,476.195,1980
263336642300096,8,7,42762,476.195,1980
263336693991232,41,20,42762,452.573,1980
263336744205833,41,20,42762,452.573,1980
263336794361988,41,20,42762,426.493,1980
263336845409766,41,20,42762,426.493,1980
263336895540896,74,37,42762,409.04,1980
263336945675361,74,37,42762,409.04,1980
263336996151605,74,37,42762,390.076,1980
263337046283962,74,37,42762,390.076,1980
263337096435709,88,43,42762,366.857,1980
263337146542804,88,43,42762,366.857,1980
263337197292340,88,43,42762,349.027,1980
263337247531555,88,43,42762,349.027,1980
263337298302532,100,49,42762,334.798,1980
263337348448434,100,49,42762,334.798,1980
263337399715269,100,49,42762,338.134,1980
263337449861944,100,49,42764,338.134,1980
263337499974350,66,33,43956,371.963,1980
263337550084537,66,33,43956,371.963,1980
263337600197375,66,33,43956,416.269,1980
263337650308071,66,33,43956,416.269,1980
263337702759694,98,49,43956,452.806,1980
263337752864120,98,49,48746,452.806,1980
263337802964873,98,49,48746,472.717,1980
263337853067193,98,49,51080,472.717,1980
263337903173249,97,49,54652,496.935,1980
263337953289774,97,49,54652,496.935,1980
263338003413900,97,49,54652,515.863,1980
263338053521216,97,49,54652,515.863,1980
263338103627065,98,54,54652,533.618,1980
263338153737482,98,54,54652,533.618,1980
263338203845664,98,54,54652,551.9,1980
263338253955223,98,54,54652,551.9,1980
263338304056429,96,53,54652,575.172,1980
263338354167437,96,53,54652,575.172,1980
263338404279453,96,53,54652,594.278,1980
263338454394099,96,53,54652,594.278,1980
263338504498191,96,52,54652,600.637,1980
263338554602534,96,52,54652,600.637,1980
263338604705246,96,52,54652,598.041,1980
263338654811373,96,52,54652,598.041,1980
263338704915080,96,53,54652,594.956,1980
263338755625972,96,53,54652,594.956,1980
263338806618368,96,53,54652,563.121,1980
263338857219753,96,53,54652,563.121,1980
263338907918037,2,2,54652,522.116,1980
263338959563753,2,2,54652,522.116,1980
263339010596594,2,2,54652,490.546,1980
263339060743800,2,2,54652,490.546,1980
263339111351629,72,35,54652,468.143,1980
263339161939187,72,35,54652,468.143,1980
263339213479075,72,35,54652,446.085,1980
263339263615826,72,35,54652,446.085,1980
263339313914330,81,39,54652,426.038,1980
263339364957702,81,39,54652,426.038,1980
263339415083709,81,39,54652,408.537,1980
263339465210743,81,39,54652,408.537,1980
263339515422184,95,47,54652,390.75,1980
263339565534002,95,47,54652,390.75,1980
263339615671447,95,47,54652,370.479,1980
263339665874292,95,47,54652,370.479,1980
263339715998052,100,50,54652,341.235,1980
263339766128226,100,50,54654,341.235,1980
263339816238375,100,50,54654,359.94,1980
263339866344465,100,50,54654,359.94,1980
263339916450841,98,48,54654,404.787,1980
263339966560177,98,48,54654,404.787,1980
263340016672145,98,48,54654,445.629,1980
263340066785009,98,48,54654,445.629,1980
263340116925922,77,40,54654,460.755,1980
263340167040043,77,40,54654,460.755,1980
263340217161141,77,40,54654,480.244,1980
263340267287058,77,40,54654,480.244,1980
263340317422224,97,52,54654,502.071,1980
263340367557719,97,52,54654,502.071,1980
263340417709240,97,52,54654,520.439,1980
263340467844960,97,52,54654,520.439,1980
263340517965792,98,54,54654,541.707,1980
263340568076108,98,54,54654,541.707,1980
263340618201537,98,54,54654,552.958,1980
263340668313029,98,54,54654,552.958,1980
263340718419312,95,52,54654,578.303,1980
263340768544638,95,52,54654,578.303,1980
263340818663001,95,52,54654,592.363,1980
263340868768079,95,52,54654,592.363,1980
263340918870057,95,53,54654,588.195,1980
263340968981318,95,53,54654,588.195,1980
263341019565141,95,53,54654,571.033,1980
263341070243169,95,53,54654,571.033,1980
263341120886110,2,2,54654,536.471,1980
263341171436962,2,2,54654,536.471,1980
263341222707168,2,2,54654,500.188,1980
263341272854337,2,2,54654,500.188,1980
263341324206453,60,29,54654,475.129,1980
263341374768487,60,29,54654,475.129,1980
263341424969781,60,29,54654,458.018,1980
263341475105243,60,29,54654,458.018,1980
263341526533953,73,37,54654,431.643,1980
263341576678260,73,37,54654,431.643,1980
263341626837115,73,37,54654,415.851,1980
263341677987808,73,37,54654,415.851,1980
263341728166268,78,39,54654,394.366,1980
263341778292452,78,39,54654,394.366,1980
263341829161860,78,39,54654,373.887,1980
263341879801796,78,39,54654,373.887,1980
263341930384353,95,45,54654,354.822,1980
263341980984575,95,45,54654,354.822,1980
263342031525053,95,45,54654,346.575,1980
263342081643328,95,45,54654,346.575,1980
263342131784640,58,29,54654,373.758,1980
263342181899153,58,29,54654,373.758,1980
263342232037210,58,29,54654,418.159,1980
263342282163065,58,29,54654,418.159,1980
263342332276458,98,51,54654,446.165,1980
263342382387548,98,51,54654,446.165,1980
263342432494380,98,51,54654,465.851,1980
263342482599606,98,51,54654,465.851,1980
263342532704211,96,52,57034,490.886,1980
263342582822180,96,52,57034,490.886,1980
263342632934580,96,52,57034,515.056,1980
263342683047323,96,52,57034,515.056,1980
263342733157392,96,52,57034,535.635,1980
263342783263243,96,52,57034,535.635,1980
263342833366714,96,52,57034,557.608,1980
263342883471095,96,52,57034,557.608,1980
263342933583144,98,55,57034,578.042,1980
263342983706724,98,55,57034,578.042,1980
263343033910212,98,55,57034,599.187,1980
263343084066996,98,55,57034,599.187,1980
263343134174763,94,54,57034,624.046,1980
263343184280545,94,54,57034,624.046,1980
263343234382835,94,54,57034,618.656,1980
263343284506456,94,54,57034,618.656,1980
263343334633811,98,55,57034,613.549,1980
263343384743290,98,55,57034,613.549,1980
263343437359521,98,55,57034,616.613,1980
263343488197107,98,55,57034,592.388,1980
263343539288725,70,50,57034,592.388,1980
263343590328656,70,50,57034,547.961,1980
263343649133558,70,50,57034,547.961,1980
263343700494680,3,2,57034,511.911,1980
263343751272649,3,2,57034,511.911,1980
263343801453942,3,2,57034,489.947,1980
263343852710856,3,2,57034,489.947,1980
263343904145670,73,36,57034,463.536,1980
263343954332205,73,36,57034,463.536,1980
263344005788454,73,36,57034,443.363,1980
263344056191067,73,36,57034,443.363,1980
263344106592238,81,40,57034,418.313,1980
263344157483634,81,40,57034,418.313,1980
263344208390329,81,40,57034,401.967,1980
263344258578419,81,40,57034,401.967,1980
263344309329494,96,46,57034,380.623,1980
263344359496434,96,46,57034,380.623,1980
263344409691282,96,46,57034,361.191,1980
263344463041578,96,46,57034,361.191,1980
263344513161906,89,44,57036,351.685,1980
263344563291654,89,44,57036,351.685,1980
263344613415145,89,44,57036,398.163,1980
263344663524228,89,44,57036,398.163,1980
263344713639395,97,49,57036,437.814,1980
263344763758202,97,49,57036,437.814,1980
263344813878059,97,49,57036,466.351,1980
263344864004422,97,49,57036,466.351,1980
263344914329423,85,45,57036,484.826,1980
263344964439773,85,45,57036,484.826,1980
263345014544283,85,45,57036,511.437,1980
263345064653549,85,45,57036,511.437,1980
263345114767881,96,54,57036,530.162,1980
263345165704472,96,54,57036,530.162,1980
263345215806019,96,54,57036,553.025,1980
263345265929132,96,54,57036,553.025,1980
263345316111486,95,53,57036,577.365,1980
263345366237405,95,53,57036,577.365,1980
263345416872925,95,53,57036,598.323,1980
263345467007730,95,53,57036,598.323,1980
263345517130449,96,51,57036,624.137,1980
263345568250006,96,51,57036,624.137,1980
263345618365429,96,51,57036,621.482,1980
263345668528161,96,51,57036,621.482,1980
263345718655106,98,54,57036,612.177,1980
263345768854611,98,54,57036,612.177,1980
263345819064000,98,54,57036,610.983,1980
263345869904051,98,54,57036,610.983,1980
263345920738548,62,45,57036,586.154,1980
263345972166119,62,45,57036,586.154,1980
263346023208947,62,45,57036,543.391,1980
263346073386579,62,45,57036,543.391,1980
263346124714720,6,3,57036,504.097,1980
263346174859761,6,3,57036,504.097,1980
263346226404443,6,3,57036,482.171,1980
263346277847160,6,3,57036,482.171,1980
263346329109550,75,37,57036,455.566,1980
263346379249010,75,37,57036,455.566,1980
263346430610902,75,37,57036,432.546,1980
263346481344751,75,37,57036,432.546,1980
263346532341527,76,37,57036,417.11,1980
263346583006309,76,37,57036,417.11,1980
263346633165787,76,37,57036,390.83,1980
263346683267919,76,37,57036,390.83,1980
263346733801522,98,48,57036,375.042,1980
263346783988447,98,48,57036,375.042,1980
263346843186184,98,48,57036,354.09,1980
263346893350966,72,36,57036,348.131,1980
263346943499682,72,36,57036,348.131,1980
263346993691298,72,36,57036,400.807,1980
263347043800131,72,36,57036,400.807,1980
263347093909430,98,50,57036,436.274,1980
263347144157578,98,50,57036,436.274,1980
263347194298673,98,50,57036,462.665,1980
263347244412248,98,50,57036,462.665,1980
263347294534885,88,47,57036,480.948,1980
263347344699908,88,47,57036,480.948,1980
263347394833547,88,47,57036,500.906,1980
263347444968402,88,47,57036,500.906,1980
263347495082472,95,51,57036,526.391,1980
263347545191168,95,51,57036,526.391,1980
263347595295841,95,51,57036,545.276,1980
263347645405250,95,51,57036,545.276,1980
263347695531038,98,55,57036,563.428,1980
263347745651253,98,55,57036,563.428,1980
263347795759941,98,55,57036,584.547,1980
263347845868790,98,55,57036,584.547,1980
263347895977040,94,53,57036,607.996,1980
263347946084184,94,53,57036,607.996,1980
263347996205167,94,53,57036,602.417,1980
263348046317927,94,53,57036,602.417,1980
263348096428295,98,55,57036,600.605,1980
263348146543423,98,55,57036,600.605,1980
263348196661838,98,55,57036,599.092,1980
263348247112071,98,55,57036,599.092,1980
263348297894023,58,44,57036,571.826,1980
263348348679795,58,44,57036,571.826,1980
263348399780468,58,44,57036,529.944,1980
263348449915601,58,44,57036,529.944,1980
263348500055481,8,4,57036,495.661,1980
263348551507830,8,4,57036,495.661,1980
263348601652960,8,4,57036,471.535,1980
263348652919551,8,4,57036,471.535,1980
263348704243964,74,36,57036,451.42,1980
263348755333193,74,36,57036,451.42,1980
263348805523652,74,36,57036,434.941,1980
263348855698531,74,36,57036,434.941,1980
263348905903664,90,44,57036,410.986,1980
263348956059678,90,44,57036,410.986,1980
263349006299898,90,44,57036,394.894,1980
263349056617654,90,44,57036,394.894,1980
263349106740380,100,49,57036,369.517,1980
263349157282481,100,49,57036,369.517,1980
263349207652089,100,49,57036,351.546,1980
263349257772755,100,49,57036,351.546,1980
263349307898640,64,32,57036,359.516,1980
263349358011589,64,32,57036,359.516,1980
263349408147755,64,32,57036,407.502,1980
263349458279546,64,32,57036,407.502,1980
263349508422066,98,53,57036,447.214,1980
263349558551585,98,53,57036,447.214,1980
263349608683648,98,53,57036,463.258,1980
263349658803325,98,53,57036,463.258,1980
263349708931489,90,49,57036,484.739,1980
263349759060145,90,49,57036,484.739,1980
263349809181072,90,49,57036,506.681,1980
263349859305984,90,49,57036,506.681,1980
263349909414182,97,55,57036,520.622,1980
263349959519772,97,55,57036,520.622,1980
263350009660862,97,55,57036,542.405,1980
263350059774622,97,55,57036,542.405,1980
263350110016950,94,54,57036,560.472,1980
263350160145960,94,54,57036,560.472,1980
263350210259390,94,54,57036,583.74,1980
263350260368250,94,54,57036,583.74,1980
263350310479467,95,53,57036,606.4,1980
263350360601215,95,53,57036,606.4,1980
263350410716325,95,53,57036,599.983,1980
263350460828903,95,53,57036,599.983,1980
263350511064933,98,55,57036,591.389,1980
263350562070278,98,55,57036,591.389,1980
263350613163930,98,55,57036,560.079,1980
263350664244392,98,55,57036,560.079,1980
263350715809354,2,2,57036,517.87,1980
263350767460109,2,2,57036,517.87,1980
263350818012569,2,2,57036,485.881,1980
263350868173514,2,2,57036,485.881,1980
263350918340465,73,35,57036,467.028,1980
263350969824274,73,35,57036,467.028,1980
263351019979645,73,35,57036,446.139,1980
263351071023254,73,35,57036,446.139,1980
263351121180419,79,39,57036,425.533,1980
263351171752829,79,39,57036,425.533,1980
263351222111456,79,39,57036,401.913,1980
263351272224399,79,39,57036,401.913,1980
263351322443105,88,43,57036,382.417,1980
263351373035428,88,43,57036,382.417,1980
263351423259875,88,43,57036,363.818,1980
263351473416038,88,43,57036,363.818,1980
263351524241385,100,49,57036,339.418,1980
263351574373967,100,49,57036,339.418,1980
263351624503709,100,49,57036,362.496,1980
263351674617949,100,49,57036,362.496,1980
263351724750709,98,49,57036,405.004,1980
263351774861685,98,49,57036,405.004,1980
263351825003747,98,49,57036,447.612,1980
263351875111470,98,49,57036,447.612,1980
263351925221067,90,44,57036,469.947,1980
263351975330090,90,44,57036,469.947,1980
263352025446637,90,44,57036,492.606,1980
263352075558007,90,44,57036,492.606,1980
263352125667131,98,54,57036,512.877,1980
263352175777623,98,54,57036,512.877,1980
263352225898207,98,54,57036,532.116,1980
263352276014927,98,54,57036,532.116,1980
263352326135587,93,52,57036,555.015,1980
263352376247702,93,52,57036,555.015,1980
263352426355814,93,52,57036,578.612,1980
263352476463767,93,52,57036,578.612,1980
263352526570727,95,51,57036,597.889,1980
263352576708660,95,51,57036,597.889,1980
263352626828954,95,51,57036,609.964,1980
263352676940860,95,51,57036,609.964,1980
263352727067139,94,51,57036,604.448,1980
263352777191102,94,51,57036,604.448,1980
263352827311148,94,51,57036,604.064,1980
263352877990431,94,51,57036,604.064,1980
263352929095310,71,50,57036,579.164,1980
263352979829291,71,50,57036,579.164,1980
263353030856473,71,50,57036,537.226,1980
263353081008295,71,50,57036,537.226,1980
263353131215195,2,1,57036,498.376,1980
263353181347531,2,1,57036,498.376,1980
263353231553917,2,1,57036,477.395,1980
263353282813070,2,1,57036,477.395,1980
263353334310744,74,36,57036,451.879,1980
263353385592570,74,36,57036,451.879,1980
263353435727097,74,36,57036,433.33,1980
263353485885405,74,36,57036,433.33,1980
263353536312212,81,39,57036,414.587,1980
263353586499132,81,39,57036,414.587,1980
263353637329869,81,39,57036,391.807,1980
263353687511232,81,39,57036,391.807,1980
263353738034572,100,49,57036,377.018,1980
263353788632085,100,49,57036,377.018,1980
263353853104745,100,49,57036,349.367,1980
263353903226066,81,40,57036,344.038,1980
263353953367476,81,40,57036,344.038,1980
263354003493539,81,40,57036,396.553,1980
263354054405793,81,40,57036,396.553,1980
263354104514781,98,50,57036,439.536,1980
263354154638733,98,50,57036,439.536,1980
263354204754437,98,50,57036,468.66,1980
263354254868707,98,50,57036,468.66,1980
263354304980000,88,47,57036,491.427,1980
263354355056143,88,47,57036,491.427,1980
263354405167208,88,47,57036,511.956,1980
263354455297996,88,47,57036,511.956,1980
263354505412083,93,54,57036,531.693,1980
263354555520324,93,54,57036,531.693,1980
263354605629168,93,54,57036,549.473,1980
263354655738131,93,54,57036,549.473,1980
263354705865703,93,53,57036,570.267,1980
263354755977363,93,53,57036,570.267,1980
263354806087539,93,53,57036,595.472,1980
263354856205350,93,53,57036,595.472,1980
263354906321999,95,54,57036,620.698,1980
263354956437695,95,54,57036,620.698,1980
263355006551854,95,54,57036,615.039,1980
263355056679386,95,54,57036,615.039,1980
263355106805409,93,53,57036,609.91,1980
263355156926653,93,53,57036,609.91,1980
263355207042628,93,53,57036,607.457,1980
263355257154663,93,53,57036,607.457,1980
263355307835091,95,60,57036,597.983,1980
263355358735494,95,60,57036,597.983,1980
263355409551218,95,60,57036,558.745,1980
263355460477985,95,60,57036,558.745,1980
263355512620505,2,2,57036,513.525,1980
263355563231776,2,2,57036,513.525,1980
263355613382380,2,2,57036,491.466,1980
263355663875791,2,2,57036,491.466,1980
263355714032390,72,35,57036,467.3,1980
263355764915179,72,35,57036,467.3,1980
263355815545738,72,35,57036,448.329,1980
263355865688997,72,35,57036,448.329,1980
263355915878011,78,39,57036,426.635,1980
263355966993483,78,39,57036,426.635,1980
263356017180362,78,39,57036,400.42,1980
263356067351185,78,39,57036,400.42,1980
263356117663142,94,44,57036,383.84,1980
263356168018595,94,44,57036,383.84,1980
263356218191855,94,44,57036,362.483,1980
263356268372304,94,44,57036,362.483,1980
263356318503329,100,49,57036,343.048,1980
263356368620338,100,49,57036,343.048,1980
263356418729091,100,49,57036,370.982,1980
263356468838220,100,49,57036,370.982,1980
263356518947690,98,50,57036,418.67,1965
263356569096265,98,50,57036,418.67,1965
263356619230248,98,50,57036,449.769,1965
263356669379449,98,50,57036,449.769,1965
263356719524090,89,45,57036,471.202,1965
263356769684400,89,45,57036,471.202,1965
263356819801183,89,45,57036,492.576,1980
263356869917063,89,45,57036,492.576,1980
263356920028676,96,53,57036,516.669,1980
263356970140693,96,53,57036,516.669,1980
263357020252229,96,53,57036,536.67,1980
263357070363389,96,53,57036,536.67,1980
263357120474359,94,51,57036,558.008,1980
263357170585467,94,51,57036,558.008,1980
263357220700117,94,51,57036,575.452,1980
263357270831200,94,51,57036,575.452,1980
263357320943537,98,55,57036,600.729,1980
263357371073887,98,55,57036,600.729,1980
263357421192977,98,55,57036,612.94,1980
263357471304066,98,55,57036,612.94,1980
263357521412790,94,53,57036,610.951,1980
263357571546345,94,53,57036,610.951,1980
263357621681320,94,53,57036,607.543,1980
263357671876315,94,53,57036,607.543,1980
263357722598851,98,55,57036,606.953,1980
263357773573087,98,55,57036,606.953,1980
263357824232444,98,55,57036,566.818,1980
263357874945253,98,55,57036,566.818,1980
263357925136508,2,2,57036,524.981,1980
263357975291134,2,2,57036,524.981,1980
263358025491864,2,2,57036,493.563,1980
263358075680939,2,2,57036,493.563,1980
263358125826304,73,35,57036,473.239,1980
263358176334484,73,35,57036,473.239,1980
263358227255776,73,35,57036,448.067,1980
263358277449817,73,35,57036,448.067,1980
263358328558538,78,38,57036,429.071,1980
263358379444069,78,38,57036,429.071,1980
263358429631337,78,38,57036,409.301,1980
263358479803691,78,38,57036,409.301,1980
263358530022323,95,46,57036,389.518,1980
263358580473604,95,46,57036,389.518,1980
263358630644271,95,46,57036,363.056,1980
263358680887195,95,46,57036,363.056,1980
263358731030109,100,50,57036,341.256,1980
263358781174753,100,50,57036,341.256,1980
263358831299792,100,50,57036,366.551,1980
263358881413484,100,50,57036,366.551,1980
263358931543467,98,53,57036,416.054,1980
263358981668319,98,53,57036,416.054,1980
263359031795032,98,53,57036,453.531,1980
263359081919774,98,53,57036,453.531,1980
263359132055649,92,50,57036,474.701,1980
263359182183226,92,50,57036,474.701,1980
263359232306232,92,50,57036,498.294,1980
263359282427007,92,50,57036,498.294,1980
263359332540935,93,53,57036,519.037,1980
263359382662930,93,53,57036,519.037,1980
263359432786175,93,53,57036,544.453,1980
263359483075950,93,53,57036,544.453,1980
263359533246235,98,59,57036,563.566,1980
263359583371358,98,59,57036,563.566,1980
263359633492848,98,59,57036,587.498,1980
263359683620459,98,59,57036,587.498,1980
263359733740954,93,55,57036,604.188,1980
263359783864910,93,55,57036,604.188,1980
263359834010349,93,55,57036,625.612,1980
263359884130498,93,55,57036,625.612,1980
263359934300308,98,58,57036,618.528,1980
263359984421672,98,58,57036,618.528,1980
263360034534313,98,58,57036,614.359,1980
263360084647044,98,58,57036,614.359,1980
263360134814130,93,55,57036,613.917,1980
263360185134967,93,55,57036,613.917,1980
263360235857425,93,55,57036,600.34,1980
263360287204572,93,55,57036,600.34,1980
263360338298525,4,3,57036,556.199,1980
263360389301044,4,3,57036,556.199,1980
263360439556471,4,3,57036,510.673,1980
263360489708147,4,3,57036,510.673,1980
263360541398864,62,29,57036,489.06,1980
263360591589593,62,29,57036,489.06,1980
263360642283288,62,29,57036,463.375,1980
263360693508718,62,29,57036,463.375,1980
263360748107713,76,37,57036,440.126,1980
263360799142333,76,37,57036,420.416,1980
263360849324825,76,37,57036,420.416,1980
263360899551340,89,43,57036,395.556,1980
263360950651287,89,43,57036,395.556,1980
263361000770209,89,43,57036,373.516,1980
263361050909242,89,43,57036,373.516,1980
263361101063515,100,49,57036,353.129,1980
263361151371267,100,49,57036,353.129,1980
263361201505317,100,49,57036,337.289,1980
263361251680730,100,49,57036,337.289,1980
263361301817552,71,35,57036,383.976,1980
263361351956782,71,35,57036,383.976,1980
263361402059241,71,35,57036,427.973,1980
263361452186100,71,35,57036,427.973,1980
263361502335610,98,49,57036,459.871,1980
263361552461264,98,49,57036,459.871,1980
263361603256455,98,49,57036,482.618,1980
263361653381654,98,49,57036,482.618,1980
263361703503822,93,50,57036,505.095,1980
263361753625891,93,50,57036,505.095,1980
263361803746274,93,50,57036,528.277,1980
263361853926252,93,50,57036,528.277,1980
263361904070585,93,53,57036,548.255,1980
263361954196574,93,53,57036,548.255,1980
263362004321979,93,53,57036,564.649,1980
263362054461903,93,53,57036,564.649,1980
263362104604642,93,52,57036,585.831,1980
263362154724890,93,52,57036,585.831,1980
263362204838273,93,52,57036,614.733,1980
263362254946285,93,52,57036,614.733,1980
263362305056937,95,51,57036,615.217,1980
263362355172885,95,51,57036,615.217,1980
263362405290736,95,51,57036,609.578,1980
263362455403710,95,51,57036,609.578,1980
263362506117909,98,53,57036,605.736,1980
263362556739077,98,53,57036,605.736,1980
263362607552441,98,53,57036,573.211,1980
263362658587582,98,53,57036,573.211,1980
263362710171866,2,2,57036,530.9,1980
263362760577120,2,2,57036,530.9,1980
263362811318764,2,2,57036,497.705,1980
263362861477820,2,2,57036,497.705,1980
263362911686633,73,35,57036,474.354,1980
263362961870296,73,35,57036,474.354,1980
263363012014298,73,35,57036,448.632,1980
263363063250579,73,35,57036,448.632,1980
263363113392494,85,41,57036,426.565,1980
263363164073961,85,41,57036,426.565,1980
263363214231040,85,41,57036,407.561,1980
263363264545434,85,41,57036,407.561,1980
263363314673012,100,49,57036,385.121,1980
263363364910720,100,49,57036,385.121,1980
263363415067296,100,49,57036,363.822,1980
263363465204854,100,49,57036,363.822,1980
263363515334194,100,49,57036,336.833,1980
263363565463584,100,49,57036,336.833,1980
263363615618321,100,49,57036,368.516,1980
263363665744129,100,49,57036,368.516,1980
263363715868479,98,47,57036,414.941,1980
263363765999092,98,47,57036,414.941,1980
263363816128759,98,47,57036,447.754,1980
263363866249872,98,47,57036,447.754,1980
263363916370456,89,46,57036,469.421,1980
263363966492625,89,46,57036,469.421,1980
263364016621364,89,46,57036,494.896,1980
263364066762652,89,46,57036,494.896,1980
263364116872198,94,52,57036,513.216,1980
263364166989402,94,52,57036,513.216,1980
263364217111362,94,52,57036,535.336,1980
263364267233572,94,52,57036,535.336,1980
263364317387238,93,53,57036,551.331,1980
263364367556787,93,53,57036,551.331,1980
263364417695690,93,53,57036,569.911,1980
263364467827135,93,53,57036,569.911,1980
263364517985581,93,52,57036,590.075,1980
263364568133269,93,52,57036,590.075,1980
263364618272386,93,52,57036,599.529,1980
263364668400319,93,52,57036,599.529,1980
263364718522660,94,52,57036,594.211,1980
263364768646542,94,52,57036,594.211,1980
263364819287975,94,52,57036,577.133,1980
263364870086818,94,52,57036,577.133,1980
263364921138205,2,2,57036,535.659,1980
263364971267140,2,2,57036,535.659,1980
263365021437094,2,2,57036,492.477,1980
263365071624555,2,2,57036,492.477,1980
263365122899224,53,25,57036,471.403,1980
263365173066111,53,25,57036,471.403,1980
263365223222987,53,25,57036,449.352,1980
263365273409284,53,25,57036,449.352,1980
263365323974902,77,38,57036,429.872,1980
263365374496380,77,38,57036,429.872,1980
263365425368562,77,38,57036,411.678,1980
263365475522083,77,38,57036,411.678,1980
263365525653226,95,47,57036,394.846,1980
263365576116794,95,47,57036,394.846,1980
263365626238402,95,47,57036,373.235,1980
263365676462477,95,47,57036,373.235,1980
263365743988442,100,49,57036,357.765,1980
263365794109237,100,49,57036,357.765,1980
263365844236987,100,49,57036,343.95,1980
263365894346934,100,49,57036,343.95,1980
263365944453655,97,48,57036,389.501,1980
263365994687343,97,48,57036,389.501,1980
263366044808936,97,48,57036,440.599,1980
263366094919049,97,48,57036,440.599,1980
263366145029288,90,45,57036,463.915,1980
263366195150017,90,45,57036,463.915,1980
263366245263022,90,45,57036,484.402,1980
263366295560345,90,45,57036,484.402,1980
263366345666856,94,51,57036,506.479,1980
263366395791017,94,51,57036,506.479,1980
263366445939447,94,51,57036,524.477,1980
263366496056290,94,51,57036,524.477,1980
263366546167696,95,51,57036,543.824,1980
263366596275294,95,51,57036,543.824,1980
263366646382914,95,51,57036,559.292,1980
263366696489563,95,51,57036,559.292,1980
263366746596997,98,54,57036,583.166,1980
263366796707429,98,54,57036,583.166,1980
263366846817416,98,54,57036,606.391,1980
263366896923047,98,54,57036,606.391,1980
263366947033085,93,52,57036,598.023,1980
263366997143497,93,52,57036,598.023,1980
263367047252901,93,52,57036,595.039,1980
263367097877406,93,52,57036,595.039,1980
263367148966540,95,60,57036,584.117,1980
263367199812829,95,60,57036,584.117,1980
263367250781730,95,60,57036,541.249,1980
263367301558963,2,2,57036,493.747,1980
263367352005180,2,2,57036,493.747,1980
263367402141908,2,2,57036,472.741,1980
263367453166498,2,2,57036,472.741,1980
263367503649885,74,36,57036,454.685,1980
263367553800898,74,36,57036,454.685,1980
263367603960406,74,36,57036,436.305,1980
263367654466104,74,36,57036,436.305,1980
263367704985534,85,42,57036,417.984,1980
263367755687977,85,42,57036,417.984,1980
263367806245472,85,42,57036,397.086,1980
263367856394204,85,42,57036,397.086,1980
263367907074752,100,49,57036,373.005,1980
263367957191470,100,49,57036,373.005,1980
263368007339090,100,49,57036,353.619,1980
263368057467031,100,49,57036,353.619,1980
263368107577142,71,35,57036,351.059,1980
263368157689300,71,35,57036,351.059,1980
263368207803493,71,35,57036,398.456,1980
263368257918706,71,35,57036,398.456,1980
263368308032607,97,48,57036,445.609,1980
263368358151823,97,48,57036,445.609,1980
263368408271316,97,48,57036,472.962,1980
263368458399971,97,48,57036,472.962,1980
263368508533158,97,51,57036,492.9,1980
263368558674482,97,51,57036,492.9,1980
263368608828344,97,51,57036,514.498,1980
263368658961291,97,51,57036,514.498,1980
263368709093007,94,52,57036,535.383,1980
263368759261400,94,52,57036,535.383,1980
263368809386150,94,52,57036,559.172,1980
263368859509459,94,52,57036,559.172,1980
263368909634162,95,50,57036,575.121,1980
263368959765911,95,50,57036,575.121,1980
263369009898755,95,50,57036,595.575,1980
263369060023551,95,50,57036,595.575,1980
263369110148758,98,53,57036,618.182,1980
263369160346946,98,53,57036,618.182,1980
263369210520413,98,53,57036,610.954,1980
263369260655783,98,53,57036,610.954,1980
263369311529063,93,51,57036,606.714,1980
263369361658226,93,51,57036,606.714,1980
263369412458699,93,51,57036,578.116,1980
263369463419297,93,51,57036,578.116,1980
263369514242769,2,2,57036,537.697,1980
263369564387891,2,2,57036,537.697,1980
263369615980925,2,2,57036,498.825,1980
263369666164783,2,2,57036,498.825,1980
263369716727031,68,32,57036,475.911,1980
263369768032121,68,32,57036,475.911,1980
263369819657215,68,32,57036,454.122,1980
263369870897480,68,32,57036,454.122,1980
263369921092981,75,37,57036,434.775,1980
263369972348124,75,37,57036,434.775,1980
263370023221539,75,37,57036,414.471,1980
263370073515281,75,37,57036,414.471,1980
263370123709890,89,43,57036,393.953,1980
263370174530725,89,43,57036,393.953,1980
263370224712713,89,43,57036,375.665,1980
263370274883208,89,43,57036,375.665,1980
263370325252617,100,49,57036,359.105,1980
263370375385114,100,49,57036,359.105,1980
263370425518637,100,49,57036,356.429,1980
263370475691979,100,49,57036,356.429,1980
263370525819243,74,36,57036,403.751,1980
263370575937307,74,36,57036,403.751,1980
263370626065543,74,36,57036,441.54,1980
263370676193195,74,36,57036,441.54,1980
263370726319801,97,48,57036,470.412,1965
263370776446271,97,48,57036,470.412,1965
263370826570215,97,48,57036,487.973,1965
263370877534548,97,48,57036,487.973,1965
263370927650391,93,47,57036,509.316,1965
263370977776073,93,47,57036,509.316,1965
263371027903052,93,47,57036,533.324,1980
263371078029038,93,47,57036,533.324,1980
263371128156195,98,53,57036,553.044,1980
263371178274408,98,53,57036,553.044,1980
263371228390241,98,53,57036,568.061,1980
263371278515568,98,53,57036,568.061,1980
263371328661410,94,51,57036,589.044,1980
263371378785515,94,51,57036,589.044,1980
263371428900174,94,51,57036,617.532,1980
263371479024198,94,51,57036,617.532,1980
263371529156405,94,53,57036,611.517,1980
263371580452199,94,53,57036,611.517,1980
263371630570049,94,53,57036,607.107,1980
263371680686578,94,53,57036,607.107,1980
263371730803996,93,51,57036,600.15,1980
263371781460402,93,51,57036,600.15,1980
263371832116050,93,51,57036,574.927,1980
263371883058697,93,51,57036,574.927,1980
263371933815983,2,2,57036,532.097,1980
263371985035515,2,2,57036,532.097,1980
263372035376075,2,2,57036,498.165,1980
263372085546044,2,2,57036,498.165,1980
263372137178795,69,33,57036,475.518,1980
263372187856970,69,33,57036,475.518,1980
263372238946002,69,33,57036,452.418,1980
263372289639601,69,33,57036,452.418,1980
263372339786235,81,40,57036,430.589,1980
263372389959528,81,40,57036,430.589,1980
263372440128637,81,40,57036,409.727,1980
263372490509502,81,40,57036,409.727,1980
263372540677966,97,47,57036,395.427,1980
263372590833591,97,47,57036,395.427,1980
263372641312208,97,47,57036,372.014,1980
263372691453106,97,47,57036,372.014,1980
263372741637121,100,49,57036,349.488,1980
263372791762171,100,49,57036,349.488,1980
263372841951162,100,49,57036,364.341,1980
263372892112818,100,49,57036,364.341,1980
263372942236214,97,49,57036,410.143,1980
263372992352361,97,49,57036,410.143,1980
263373042475513,97,49,57036,455.565,1980
263373092601887,97,49,57036,455.565,1980
263373142730644,89,45,57036,473.582,1980
263373192860698,89,45,57036,473.582,1980
263373242991428,89,45,57036,496.096,1980
263373293132458,89,45,57036,496.096,1980
263373343253997,93,52,57036,517.333,1980
263373393367154,93,52,57036,517.333,1980
263373443487813,93,52,57036,538.395,1980
263373493613937,93,52,57036,538.395,1980
263373543742349,94,52,57036,559.318,1980
263373593872473,94,52,57036,559.318,1980
263373644021289,94,52,57036,581.0,1980
263373694154171,94,52,57036,581.0,1980
263373744281335,98,55,57036,595.837,1980
263373794406556,98,55,57036,595.837,1980
263373844533459,98,55,57036,612.628,1980
263373894652997,98,55,57036,612.628,1980
263373944771401,94,52,57036,606.313,1980
263373994888282,94,52,57036,606.313,1980
263374045009580,94,52,57036,601.964,1980
263374096126933,94,52,57036,601.964,1980
263374146920549,95,61,57036,585.519,1980
263374197647609,95,61,57036,585.519,1980
263374248743161,95,61,57036,542.741,1980
263374301734926,95,61,57036,542.741,1980
263374352153259,2,2,57036,505.079,1980
263374402301968,2,2,57036,505.079,1980
263374452702449,2,2,57036,478.888,1980
263374502862594,2,2,57036,478.888,1980
263374553834101,73,35,57036,454.589,1980
263374604807814,73,35,57036,434.705,1980
263374655471679,73,35,57036,434.705,1980
263374705844695,78,38,57036,415.299,1980
263374756622326,78,38,57036,415.299,1980
263374807411099,78,38,57036,395.521,1980
263374858252290,78,38,57036,395.521,1980
263374909046731,95,46,57036,380.757,1980
263374959512093,95,46,57036,380.757,1980
263375009672942,95,46,57036,360.944,1980
263375060052626,95,46,57036,360.944,1980
263375110210959,100,49,57036,343.736,1980
263375160363000,100,49,57036,343.736,1980
263375210497524,100,49,57036,388.707,1980
263375260669659,100,49,57036,388.707,1980
263375310874316,98,50,57036,433.312,1980
263375361036000,98,50,57036,433.312,1980
263375411163281,98,50,57036,460.093,1980
263375461286903,98,50,57036,460.093,1980
263375511411313,90,45,57036,484.477,1980
263375561549887,90,45,57036,484.477,1980
263375611677632,90,45,57036,506.13,1980
263375661798204,90,45,57036,506.13,1980
263375711922596,98,54,57036,524.907,1980
263375762052475,98,54,57036,524.907,1980
263375812349499,98,54,57036,548.497,1980
263375862474700,98,54,57036,548.497,1980
263375912593105,95,51,57036,566.259,1980
263375963765139,95,51,57036,566.259,1980
263376013929074,95,51,57036,587.886,1980
263376064078337,95,51,57036,587.886,1980
263376114207417,98,55,57036,612.804,1980
263376164335053,98,55,57036,612.804,1980
263376214457191,98,55,57036,620.507,1980
263376264576078,98,55,57036,620.507,1980
263376315930467,94,53,57036,616.729,1980
263376366057589,94,53,57036,616.729,1980
263376416183009,94,53,57036,610.867,1980
263376466301224,94,53,57036,610.867,1980
263376516422915,98,55,57036,608.468,1980
263376567229844,98,55,57036,608.468,1980
263376618155777,98,55,57036,568.364,1980
263376669068693,98,55,57036,568.364,1980
263376719282339,2,2,57036,524.635,1980
263376769445820,2,2,57036,524.635,1980
263376819611703,2,2,57036,492.825,1980
263376871006115,2,2,57036,492.825,1980
263376921445841,74,36,57036,475.545,1980
263376971636405,74,36,57036,475.545,1980
263377022038590,74,36,57036,448.976,1980
263377072179273,74,36,57036,448.976,1980
263377122331390,87,42,57036,430.042,1980
263377173377032,87,42,57036,430.042,1980
263377223867918,87,42,57036,407.592,1980
263377274022044,87,42,57036,407.592,1980
263377324300828,100,49,57036,384.469,1980
263377374420912,100,49,57036,384.469,1980
263377424539450,100,49,57036,358.378,1980
263377474661163,100,49,57036,358.378,1980
263377524822193,90,44,57036,345.658,1980
263377574932454,90,44,57036,345.658,1980
263377625046733,90,44,57036,381.979,1980
263377675165014,90,44,57036,381.979,1980
263377725281002,98,48,57036,432.986,1980
263377775530110,98,48,57036,432.986,1980
263377825645213,98,48,57036,457.617,1980
263377875764709,98,48,57036,457.617,1980
263377925881013,89,46,57036,477.421,1980
263377975997008,89,46,57036,477.421,1980
263378027220976,89,46,57036,497.964,1980
263378077337309,89,46,57036,497.964,1980
263378127451462,95,50,57036,514.992,1980
263378177564227,95,50,57036,514.992,1980
263378227681995,95,50,57036,535.22,1980
263378277795752,95,50,57036,535.22,1980
263378327907293,97,52,57036,553.557,1980
263378378024936,97,52,57036,553.557,1980
263378428144457,97,52,57036,576.509,1980
263378478266065,97,52,57036,576.509,1980
263378528379149,93,51,57036,598.545,1980
263378578483488,93,51,57036,598.545,1980
263378628590558,93,51,57036,591.726,1980
263378678705623,93,51,57036,591.726,1980
263378728826953,98,54,57036,584.753,1980
263378778938941,98,54,57036,584.753,1980
263378830662176,98,54,57036,584.043,1980
263378881764787,98,54,57036,584.043,1980
263378932374718,57,43,57036,552.926,1980
263378983166915,57,43,57036,552.926,1980
263379033593486,57,43,57036,509.25,1980
263379084866492,57,43,57036,509.25,1980
263379135174782,10,5,57036,480.051,1980
263379185762085,10,5,57036,480.051,1980
263379235916678,10,5,57036,462.377,1980
263379287210831,10,5,57036,462.377,1980
263379337662455,76,37,57036,444.055,1980
263379387844026,76,37,57036,444.055,1980
263379438010519,76,37,57036,418.895,1980
263379488597545,76,37,57036,418.895,1980
263379538811628,87,42,57036,402.771,1980
263379588947568,87,42,57036,402.771,1980
263379639308382,87,42,57036,384.125,1980
263379689496448,87,42,57036,384.125,1980
263379739616993,100,49,57036,364.89,1980
263379789762730,100,49,57036,364.89,1980
263379839893827,100,49,57036,342.414,1980
263379890024903,100,49,57036,342.414,1980
263379940148503,71,35,57036,372.317,1980
263379990271679,71,35,57036,372.317,1980
263380040406251,71,35,57036,415.176,1980
263380090539320,71,35,57036,415.176,1980
263380140661465,97,49,57036,456.93,1980
263380190786729,97,49,57036,456.93,1980
263380240905622,97,49,57036,476.36,1980
263380291039776,97,49,57036,476.36,1980
263380341154713,95,48,57036,499.499,1980
263380391278335,95,48,57036,499.499,1980
263380441395464,95,48,57036,522.391,1980
263380491514304,95,48,57036,522.391,1980
263380541692688,98,54,57036,543.777,1980
263380591828746,98,54,57036,543.777,1980
263380641985916,98,54,57036,563.873,1980
263380692116562,98,54,57036,563.873,1980
263380742231066,93,52,57036,584.971,1980
263380792373876,93,52,57036,584.971,1980
263380842550492,93,52,57036,606.907,1980
263380892687316,93,52,57036,606.907,1980
263380942808524,96,51,57036,621.209,1980
263380992997017,96,51,57036,621.209,1980
263381043194957,96,51,57036,614.872,1980
263381093333038,96,51,57036,614.872,1980
263381144266993,98,54,57036,605.164,1980
263381195323868,98,54,57036,605.164,1980
263381245987287,98,54,57036,564.558,1980
263381296990516,98,54,57036,564.558,1980
263381347442790,2,2,57036,521.529,1980
263381398685507,2,2,57036,521.529,1980
263381448837769,2,2,57036,495.999,1980
263381500345056,2,2,57036,495.999,1980
263381551610125,72,35,57036,468.142,1980
263381601748020,72,35,57036,468.142,1980
263381652320002,72,35,57036,446.271,1980
263381702459900,72,35,57036,446.271,1980
263381753222772,83,40,57036,425.476,1980
263381803649478,83,40,57036,425.476,1980
263381853865690,83,40,57036,405.039,1980
263381904072229,83,40,57036,405.039,1980
263381954340046,100,49,57036,382.123,1980
263382004461286,100,49,57036,382.123,1980
263382054594092,100,49,57036,358.243,1980
263382104712081,100,49,57036,358.243,1980
263382154850669,100,49,57036,339.077,1980
263382204975013,100,49,57036,339.077,1980
263382255115919,100,49,57036,382.009,1980
263382305241305,100,49,57036,382.009,1980
263382355358635,97,49,57036,433.944,1980
263382405480576,97,49,57036,433.944,1980
263382455600076,97,49,57036,461.342,1980
263382505741460,97,49,57036,461.342,1980
263382555865841,88,47,57036,480.744,1980
263382605986111,88,47,57036,480.744,1980
263382656109185,88,47,57036,503.343,1980
263382706227836,88,47,57036,503.343,1980
263382756348961,95,51,57036,527.089,1980
263382806474275,95,51,57036,527.089,1980
263382856596729,95,51,57036,546.812,1980
263382906721984,95,51,57036,546.812,1980
263382956846663,98,54,57036,562.871,1980
263383006976566,98,54,57036,562.871,1980
263383057099386,98,54,57036,583.031,1980
263383107221167,98,54,57036,583.031,1980
263383157346392,93,52,57036,611.766,1980
263383207468845,93,52,57036,611.766,1980
263383257598605,93,52,57036,607.096,1980
263383307718477,93,52,57036,607.096,1980
263383357838622,94,54,57036,600.483,1980
263383410474365,94,54,57036,594.449,1980
263383461411562,94,54,57036,594.449,1980
263383512068915,44,36,57036,556.89,1980
263383562700022,44,36,57036,556.89,1980
263383621638884,44,36,57036,514.302,1980
263383671916607,44,36,57036,514.302,1980
263383722046160,20,9,57036,486.745,1980
263383772291526,20,9,57036,486.745,1980
263383823862052,20,9,57036,466.02,1980
263383874113665,20,9,57036,466.02,1980
263383925028962,75,37,57036,447.001,1980
263383975326466,75,37,57036,447.001,1980
263384025554250,75,37,57036,425.982,1980
263384075861182,75,37,57036,425.982,1980
263384126345028,96,47,57036,408.736,1980
263384176482995,96,47,57036,408.736,1980
263384226673899,96,47,57036,388.351,1980
263384276797348,96,47,57036,388.351,1980
263384327244920,100,50,57036,368.945,1980
263384377841729,100,50,57036,368.945,1980
263384428005551,100,50,57036,346.347,1980
263384478174510,100,50,57036,346.347,1980
263384528346428,69,33,57036,385.179,1980
263384578488087,69,33,57036,385.179,1980
263384628642362,69,33,57036,435.81,1980
263384678767776,69,33,57036,435.81,1980
263384728898086,98,48,57036,462.925,1980
263384779034759,98,48,57036,462.925,1980
263384829158147,98,48,57036,487.844,1980
263384879289289,98,48,57036,487.844,1980
263384929416587,94,49,57036,508.784,1980
263384979543735,94,49,57036,508.784,1980
263385029666062,94,49,57036,526.772,1980
263385079797016,94,49,57036,526.772,1980
263385129925255,98,54,57036,547.161,1980
263385180059000,98,54,57036,547.161,1980
263385230176940,98,54,57036,563.628,1980
263385280302190,98,54,57036,563.628,1980
263385330423338,93,52,57036,590.841,1980
263385380540195,93,52,57036,590.841,1980
263385430658985,93,52,57036,611.146,1980
263385480776504,93,52,57036,611.146,1980
263385530903861,95,51,57036,606.049,1980
263385581031091,95,51,57036,606.049,1980
263385631153838,95,51,57036,602.025,1980
263385681280641,95,51,57036,602.025,1980
263385731404245,94,52,57036,597.25,1980
263385782387809,94,52,57036,597.25,1980
263385833383896,94,52,57036,558.831,1980
263385884174440,94,52,57036,558.831,1980
263385934398209,2,2,57036,518.175,1980
263385985945612,2,2,57036,518.175,1980
263386036130784,2,2,57036,490.138,1980
263386087401418,2,2,57036,490.138,1980
263386138265194,73,35,57036,470.161,1980
263386188593897,73,35,57036,470.161,1980
263386238932378,73,35,57036,444.688,1980
263386289679616,73,35,57036,444.688,1980
263386340133679,77,38,57036,423.759,1980
263386390662969,77,38,57036,423.759,1980
263386441359077,77,38,57036,405.825,1980
263386491792890,77,38,57036,405.825,1980
263386541950490,100,49,57036,388.257,1980
263386592149138,100,49,57036,388.257,1980
263386642329103,100,49,57036,366.937,1980
263386695155722,100,49,57036,366.937,1980
263386745287722,100,49,57036,343.406,1980
263386795419486,100,49,57036,343.406,1980
263386845549719,100,49,57036,383.65,1980
263386895670347,100,49,57036,383.65,1980
263386945796987,97,49,57036,431.405,1980
263386999514931,97,49,57036,431.405,1980
263387049631205,97,49,57036,460.505,1980
263387099750816,97,49,57036,460.505,1980
263387149860455,87,46,57036,484.587,1980
263387199972652,87,46,57036,484.587,1980
263387250099421,87,46,57036,507.495,1980
263387300210694,87,46,57036,507.495,1980
263387350320089,94,53,57036,524.611,1980
263387400446382,94,53,57036,524.611,1980
263387450557167,94,53,57036,544.802,1980
263387500666586,94,53,57036,544.802,1980
263387550775421,93,52,57036,559.095,1980
263387600889970,93,52,57036,559.095,1980
263387650995463,93,52,57036,582.529,1980
263387701106935,93,52,57036,582.529,1980
263387751237569,94,50,57036,600.993,1980
263387801364719,94,50,57036,600.993,1980
263387851493948,94,50,57036,603.493,1980
263387901619130,94,50,57036,603.493,1980
263387951743995,98,54,57036,598.218,1980
263388001869304,98,54,57036,598.218,1980
263388052558621,98,54,57036,591.084,1980
263388103492566,98,54,57036,591.084,1980
263388154419735,52,41,57036,553.87,1980
263388205986054,52,41,57036,553.87,1980
263388257142469,52,41,57036,514.441,1980
263388307411564,52,41,57036,514.441,1980
263388357590397,15,7,57036,486.158,1980
263388408999298,15,7,57036,486.158,1980
263388459148845,15,7,57036,465.065,1980
263388509857195,15,7,57036,465.065,1980
263388560016316,74,37,57036,444.389,1980
263388610677714,74,37,57036,420.921,1980
263388660860222,74,37,57036,420.921,1980
263388711040850,74,37,57036,404.341,1980
263388761207055,88,43,57036,404.341,1980
263388811337051,88,43,57036,387.405,1980
263388861896851,88,43,57036,387.405,1980
263388912186138,100,50,57036,362.632,1980
263388962971616,100,50,57036,362.632,1980
263389013057258,100,50,57036,338.252,1980
263389063194979,100,50,57036,338.252,1980
263389113316222,70,36,57036,373.783,1980
263389163428112,70,36,57036,373.783,1980
263389213543479,70,36,57036,423.316,1980
263389263674967,70,36,57036,423.316,1980
263389313793337,98,52,57036,460.924,1980
263389363906412,98,52,57036,460.924,1980
263389414020625,98,52,57036,484.798,1980
263389464135303,98,52,57036,484.798,1980
263389514314412,97,54,57036,503.797,1980
263389564557064,97,54,57036,503.797,1980
263389614707040,97,54,57036,527.339,1980
263389664825886,97,54,57036,527.339,1980
263389714942147,96,54,57036,548.377,1980
263389765053354,96,54,57036,548.377,1980
263389815174333,96,54,57036,569.988,1980
263389865291646,96,54,57036,569.988,1980
263389915408795,95,55,57036,593.567,1980
263389965522449,95,55,57036,593.567,1980
263390015635560,95,55,57036,621.242,1980
263390065753717,95,55,57036,621.242,1980
263390115880186,96,54,57036,630.297,1980
263390166009140,96,54,57036,630.297,1980
263390216132950,96,54,57036,625.952,1980
263390266252435,96,54,57036,625.952,1980
263390316370980,94,55,57036,622.462,1980
263390366490756,94,55,57036,622.462,1980
263390416601217,94,55,57036,623.568,1980
263390466722976,94,55,57036,623.568,1980
263390517300450,96,59,57036,611.296,1980
263390568345294,96,59,57036,611.296,1980
263390619323686,96,59,57036,564.938,1980
263390670250201,96,59,57036,564.938,1980
263390721773971,2,2,57036,522.731,1980
263390772011024,2,2,57036,522.731,1980
263390822183090,2,2,57036,496.802,1980
263390873277554,2,2,57036,496.802,1980
263390924753909,75,37,57036,474.066,1980
263390975393184,75,37,57036,474.066,1980
263391026381105,75,37,57036,449.05,1980
263391076492262,75,37,57036,449.05,1980
263391126737356,88,42,57036,428.357,1980
263391176894696,88,42,57036,428.357,1980
263391227014358,88,42,57036,406.067,1980
263391277484261,88,42,57036,406.067,1980
263391327591968,100,49,57036,380.232,1980
263391377720769,100,49,57036,380.232,1980
263391431600987,100,49,57036,356.989,1980
263391481728118,100,49,57036,356.989,1980
263391531832803,76,38,57036,356.237,1980
263391581935534,76,38,57036,356.237,1980
263391632066630,76,38,57036,406.677,1980
263391682173800,76,38,57036,406.677,1980
263391732276897,98,53,57036,450.451,1980
263391782967735,98,53,57036,450.451,1980
263391835596679,98,53,57036,484.536,1980
263391885701997,98,53,57036,484.536,1980
263391935810705,89,50,57036,511.148,1980
263391985922319,89,50,57036,511.148,1980
263392036039635,89,50,57036,531.979,1980
263392086145990,89,50,57036,531.979,1980
263392136248837,96,57,57036,557.235,1980
263392186348525,96,57,57036,557.235,1980
263392236447439,96,57,57036,577.602,1980
263392286549131,96,57,57036,577.602,1980
263392336660362,96,56,57036,601.373,1980
263392386769060,96,56,57036,601.373,1980
263392436887330,96,56,57036,629.274,1980
263392487003696,96,56,57036,629.274,1980
263392537116664,98,57,57036,646.703,1980
263392587229320,98,57,57036,646.703,1980
263392637342575,98,57,57036,641.188,1980
263392687453758,98,57,57036,641.188,1980
263392737572403,95,56,57036,638.669,1980
263392787688538,95,56,57036,638.669,1980
263392837795337,95,56,57036,632.987,1980
263392887904961,95,56,57036,632.987,1980
263392938423363,98,57,57036,625.374,1980
263392989726773,98,57,57036,625.374,1980
263393040383801,98,57,57036,582.727,1980
263393091448083,98,57,57036,582.727,1980
263393141588813,2,2,57036,539.561,1980
263393191800490,2,2,57036,539.561,1980
263393241988305,2,2,57036,513.194,1980
263393292463094,2,2,57036,513.194,1980
263393343824166,73,36,57036,485.689,1980
263393393935706,73,36,57036,485.689,1980
263393444941690,73,36,57036,461.716,1980
263393495056653,73,36,57036,461.716,1980
263393545526374,89,43,57036,437.826,1980
263393595637979,89,43,57036,437.826,1980
263393645761130,89,43,57036,419.657,1980
263393695875618,89,43,57036,419.657,1980
263393746074826,100,50,57036,391.84,1980
263393796194671,100,50,57036,391.84,1980
263393846345891,100,50,57036,365.974,1980
263393896459204,100,50,57036,365.974,1980
263393946575356,81,41,57036,354.344,1980
263393996692223,81,41,57036,354.344,1980
263394046802497,81,41,57036,395.989,1980
263394096913650,81,41,57036,395.989,1980
263394147025314,97,52,57036,448.792,1980
263394197134553,97,52,57036,448.792,1980
263394247307111,97,52,57036,471.503,1980
263394297484792,97,52,57036,471.503,1980
263394347614831,94,51,57036,492.536,1980
263394397724328,94,51,57036,492.536,1980
263394447831190,94,51,57036,513.54,1980
263394497938559,94,51,57036,513.54,1980
263394548050158,97,55,57036,534.934,1980
263394598155852,97,55,57036,534.934,1980
263394648320657,97,55,57036,560.095,1980
263394698448083,97,55,57036,560.095,1980
263394748555440,95,54,57036,584.788,1980
263394798662277,95,54,57036,584.788,1980
263394848768039,95,54,57036,617.249,1980
263394898880320,95,54,57036,617.249,1980
263394949006770,97,53,57036,627.714,1980
263394999123000,97,53,57036,627.714,1980
263395049239106,97,53,57036,620.931,1980
263395099356015,97,53,57036,620.931,1980
263395150191331,97,56,57036,611.618,1980
263395201072529,97,56,57036,611.618,1980
263395251664222,97,56,57036,567.229,1980
263395301805705,97,56,57036,567.229,1980
263395352072705,2,2,57036,527.456,1980
263395402209456,2,2,57036,527.456,1980
263395453488620,2,2,57036,502.364,1980
263395503961707,2,2,57036,502.364,1980
263395554423579,73,36,57036,484.726,1980
263395606030044,73,36,57036,484.726,1980
263395656832943,73,36,57036,457.974,1980
263395707747939,73,36,57036,457.974,1980
263395758771840,79,39,57036,437.394,1980
263395808951457,79,39,57036,437.394,1980
263395859800717,79,39,57036,415.052,1980
263395910250632,79,39,57036,415.052,1980
263395960394960,97,47,57036,390.732,1980
263396010560811,97,47,57036,390.732,1980
263396060673766,97,47,57036,371.685,1980
263396110783870,97,47,57036,371.685,1980
263396160891121,100,50,57036,350.849,1980
263396211006011,100,50,57036,350.849,1980
263396261112268,100,50,57036,393.363,1980
263396311215149,100,50,57036,393.363,1980
263396361318252,98,49,57036,446.529,1980
263396411450946,98,49,57036,446.529,1980
263396461565324,98,49,57036,468.471,1980
263396511667254,98,49,57036,468.471,1980
263396561769677,89,47,57036,493.391,1980
263396611878225,89,47,57036,493.391,1980
263396662010500,89,47,57036,513.863,1980
263396712131788,89,47,57036,513.863,1980
263396762246174,95,54,57036,534.984,1980
263396812353931,95,54,57036,534.984,1980
263396862461738,95,54,57036,554.536,1980
263396912570327,95,54,57036,554.536,1980
263396962681525,94,52,57036,571.927,1980
263397012789135,94,52,57036,571.927,1980
263397062905871,94,52,57036,592.484,1980
263397113032934,94,52,57036,592.484,1980
263397163161595,96,51,57036,624.005,1980
263397213297202,96,51,57036,624.005,1980
263397263444146,96,51,57036,620.62,1980
263397313580223,96,51,57036,620.62,1980
263397363714144,98,54,57036,614.765,1980
263397413841449,98,54,57036,614.765,1980
263397464909097,98,54,57036,614.556,1980
263397516131671,65,47,57036,580.808,1980
263397567321760,65,47,57036,580.808,1980
263397620660229,65,47,57036,537.559,1980
263397671499457,65,47,57036,537.559,1980
263397721693002,7,3,57036,508.021,1980
263397771877569,7,3,57036,508.021,1980
263397822417196,7,3,57036,479.974,1980
263397873446097,7,3,57036,479.974,1980
263397923585609,75,37,57036,460.682,1980
263397974338256,75,37,57036,460.682,1980
263398024479651,75,37,57036,439.979,1980
263398074617927,75,37,57036,439.979,1980
263398124763682,84,41,57036,421.879,1980
263398174912752,84,41,57036,421.879,1980
263398225096731,84,41,57036,402.002,1980
263398275264133,84,41,57036,402.002,1980
263398325937486,100,49,57036,381.616,1980
263398376060610,100,49,57036,381.616,1980
263398426420742,100,49,57036,354.881,1980
263398476550972,100,49,57036,354.881,1980
263398526675949,75,37,57036,373.326,1980
263398576795179,75,37,57036,373.326,1980
263398626916003,75,37,57036,419.386,1980
263398677165186,75,37,57036,419.386,1980
263398727288382,97,50,57036,456.849,1980
263398777410063,97,50,57036,456.849,1980
263398827578339,97,50,57036,476.099,1980
263398877757179,97,50,57036,476.099,1980
263398927895019,98,52,57036,494.057,1980
263398978018037,98,52,57036,494.057,1980
263399028132647,98,52,57036,514.048,1980
263399078244115,98,52,57036,514.048,1980
263399128370441,95,53,57036,535.955,1980
263399178486088,95,53,57036,535.955,1980
263399228602777,95,53,57036,559.474,1980
263399278718938,95,53,57036,559.474,1980
263399328831040,96,53,57036,576.098,1980
263399378962427,96,53,57036,576.098,1980
263399429115623,96,53,57036,597.308,1980
263399479225228,96,53,57036,597.308,1980
263399529333314,95,54,57036,609.004,1980
263399579441468,95,54,57036,609.004,1980
263399629564195,95,54,57036,607.713,1980
263399679685431,95,54,57036,607.713,1980
263399729803024,96,52,57036,607.474,1980
263399782456145,96,52,57036,607.474,1980
263399833382509,96,52,57036,595.278,1980
263399884061562,96,52,57036,595.278,1980
263399935155502,12,12,57036,555.579,1980
263399985420651,12,12,57036,555.579,1980
263400035603490,12,12,57036,516.517,1980
263400085768578,12,12,57036,516.517,1980
263400136968203,48,23,57036,490.704,1980
263400188145412,48,23,57036,490.704,1980
263400239244011,48,23,57036,468.529,1980
263400290606466,48,23,57036,468.529,1980
263400340788359,80,39,57036,451.412,1980
263400391379694,80,39,57036,451.412,1980
263400441597380,80,39,57036,427.533,1980
263400491720039,80,39,57036,427.533,1980
263400541877629,100,49,57036,406.558,1980
263400592302170,100,49,57036,406.558,1980
263400642439931,100,49,57036,384.688,1980
263400692576330,100,49,57036,384.688,1980
263400742728481,100,49,57036,356.216,1980
263400792867131,100,49,57036,356.216,1980
263400844745158,100,49,57036,357.81,1980
263400894872638,100,49,57036,357.81,1980
263400945061862,97,48,57036,397.396,1980
263400995191213,97,48,57036,397.396,1980
263401045318207,97,48,57036,444.289,1980
263401096608074,97,48,57036,444.289,1980
263401146733172,89,43,57036,466.769,1980
263401196858384,89,43,57036,466.769,1980
263401246980171,89,43,57036,486.991,1980
263401297107631,89,43,57036,486.991,1980
263401347237590,93,51,57036,508.769,1980
263401397358890,93,51,57036,508.769,1980
263401447483122,93,51,57036,527.743,1980
263401497610851,93,51,57036,527.743,1980
263401549120304,95,50,57036,547.984,1980
263401599264990,95,50,57036,547.984,1980
263401649407171,95,50,57036,573.353,1980
263401699527204,95,50,57036,573.353,1980
263401749650710,98,53,57036,592.315,1980
263401799769739,98,53,57036,592.315,1980
263401849881318,98,53,57036,605.856,1980
263401899999079,98,53,57036,605.856,1980
263401950121073,93,52,57036,603.758,1980
263402000254826,93,52,57036,603.758,1980
263402050375175,93,52,57036,598.622,1980
263402101127181,93,52,57036,598.622,1980
263402152042499,98,55,57036,589.621,1980
263402202876624,98,55,57036,589.621,1980
263402253679679,98,55,57036,548.715,1980
263402309487639,98,55,57036,548.715,1980
263402360768595,2,2,57036,506.803,1980
263402411378856,2,2,57036,506.803,1980
263402463094202,2,2,57036,487.221,1980
263402513801876,2,2,57036,487.221,1980
263402564525723,69,33,57036,458.851,1980
263402616134878,69,33,57036,458.851,1980
263402667508873,69,33,57036,441.821,1980
263402718429355,69,33,57036,421.773,1980
263402769190285,77,38,57036,421.773,1980
263402819894426,77,38,57036,405.172,1980
263402870050458,77,38,57036,405.172,1980
263402920599799,99,48,57036,385.361,1980
263402970729336,99,48,57036,385.361,1980
263403021087084,99,48,57036,358.172,1980
263403071200055,99,48,57036,358.172,1980
263403121328700,100,49,57036,341.435,1980
263403171443069,100,49,57036,341.435,1980
263403221554421,100,49,57036,384.229,1980
263403271671278,100,49,57036,384.229,1980
263403321781800,98,49,57036,431.815,1980
263403371903385,98,49,57036,431.815,1980
263403422025209,98,49,57036,458.507,1980
263403472158655,98,49,57036,458.507,1980
263403522287174,90,44,57036,472.532,1980
263403572399832,90,44,57036,472.532,1980
263403622508851,90,44,57036,490.479,1980
263403672622597,90,44,57036,490.479,1980
263403722740203,98,54,57036,511.901,1980
263403772850123,98,54,57036,511.901,1980
263403822957679,98,54,57036,533.851,1980
263403873072554,98,54,57036,533.851,1980
263403923203438,94,52,57036,555.321,1980
263403973320060,94,52,57036,555.321,1980
263404023441758,94,52,57036,578.532,1980
263404073550309,94,52,57036,578.532,1980
263404123661626,93,54,57036,605.183,1980
263404173777272,93,54,57036,605.183,1980
263404223887920,93,54,57036,599.486,1980
263404273997789,93,54,57036,599.486,1980
263404324110792,93,51,57036,600.378,1980
263404374231440,93,51,57036,600.378,1980
263404424344202,93,51,57036,598.456,1980
263404478040605,93,51,57036,598.456,1980
263404528980501,95,60,57036,585.686,1980
263404579790948,95,60,57036,585.686,1980
263404630623231,95,60,57036,548.148,1980
263404681368390,95,60,57036,548.148,1980
263404731825167,2,2,57036,504.508,1980
263404782045048,2,2,57036,504.508,1980
263404832223341,2,2,57036,481.989,1980
263404882412009,2,2,57036,481.989,1980
263404932530676,74,36,57036,462.031,1980
263404982679510,74,36,57036,462.031,1980
263405033692989,74,36,57036,440.154,1980
263405084266895,74,36,57036,440.154,1980
263405134402875,82,40,57036,415.576,1980
263405185212392,82,40,57036,415.576,1980
263405235866643,82,40,57036,401.079,1980
263405285989631,82,40,57036,401.079,1980
263405336096229,99,48,57036,375.528,1980
263405386590458,99,48,57036,375.528,1980
263405436700957,99,48,57036,353.784,1980
263405486813990,99,48,57036,353.784,1980
263405536930478,89,44,57036,349.564,1980
263405587044851,89,44,57036,349.564,1980
263405637155560,89,44,57036,397.969,1980
263405687273018,89,44,57036,397.969,1980
263405737380141,98,51,57036,440.579,1980
263405787490066,98,51,57036,440.579,1980
263405837600689,98,51,57036,464.111,1980
263405887712304,98,51,57036,464.111,1980
263405938141503,88,47,57036,488.604,1980
263405988253801,88,47,57036,488.604,1980
263406038371273,88,47,57036,511.419,1980
263406088488859,88,47,57036,511.419,1980
263406138606820,98,56,57036,532.116,1980
263406188721412,98,56,57036,532.116,1980
263406238832595,98,56,57036,549.919,1980
263406288957305,98,56,57036,549.919,1980
263406339071429,92,53,57036,570.517,1980
263406389189044,92,53,57036,570.517,1980
263406439301013,92,53,57036,592.402,1980
263406489416773,92,53,57036,592.402,1980
263406539527037,98,56,57036,619.227,1980
263406589635823,98,56,57036,619.227,1980
263406639747729,98,56,57036,612.137,1980
263406689864491,98,56,57036,612.137,1980
263406739995252,93,54,57036,607.793,1980
263406790113973,93,54,57036,607.793,1980
263406840222192,93,54,57036,608.239,1980
263406893059695,93,54,57036,608.239,1980
263406943763217,98,56,57036,598.199,1980
263406994600286,98,56,57036,598.199,1980
263407045463606,98,56,57036,554.964,1980
263407104430902,98,56,57036,554.964,1980
263407155758198,2,2,57036,512.287,1980
263407205919661,2,2,57036,512.287,1980
263407257475753,2,2,57036,489.897,1980
263407307600894,2,2,57036,489.897,1980
263407357735382,74,36,57036,467.117,1980
263407407873616,74,36,57036,467.117,1980
263407458054535,74,36,57036,444.18,1980
263407508356762,74,36,57036,444.18,1980
263407558468475,86,42,57036,423.752,1980
263407608950222,86,42,57036,423.752,1980
263407659100601,86,42,57036,404.281,1980
263407709228625,86,42,57036,404.281,1980
263407759661345,100,49,57036,379.273,1980
263407809816371,100,49,57036,379.273,1980
263407859931815,100,49,57036,355.377,1980
263407910075921,100,49,57036,355.377,1980
263407960187519,79,39,57036,351.17,1980
263408010325946,79,39,57036,351.17,1980
263408060433258,79,39,57036,398.422,1980
263408110541466,79,39,57036,398.422,1980
263408160651713,98,53,57036,446.956,1980
263408210764343,98,53,57036,446.956,1980
263408260883015,98,53,57036,467.282,1980
263408310998654,98,53,57036,467.282,1980
263408361120590,93,51,57036,491.038,1980
263408411233232,93,51,57036,491.038,1980
263408461345293,93,51,57036,513.194,1980
263408511453940,93,51,57036,513.194,1980
263408561562303,93,54,57036,524.701,1980
263408611685050,93,54,57036,524.701,1980
263408661804953,93,54,57036,551.055,1980
263408711916925,93,54,57036,551.055,1980
263408762030796,94,54,57036,575.997,1980
263408812138622,94,54,57036,575.997,1980
263408862251766,94,54,57036,603.988,1980
263408912382466,94,54,57036,603.988,1980
263408962498410,94,54,57036,613.778,1980
263409012616316,94,54,57036,613.778,1980
263409062726088,94,54,57036,604.431,1980
263409114599050,94,54,57036,604.431,1980
263409165525427,93,53,57036,582.674,1980
263409216221812,93,53,57036,582.674,1980
263409267157792,93,53,57036,542.794,1980
263409317310484,93,53,57036,542.794,1980
263409367559297,2,2,57036,501.548,1980
263409417709801,2,2,57036,501.548,1980
263409467838108,2,2,57036,475.066,1980
263409518876116,2,2,57036,475.066,1980
263409569064702,73,35,57036,458.409,1980
263409620132192,73,35,57036,458.409,1980
263409670261612,73,35,57036,431.67,1980
263409720399814,73,35,57036,431.67,1980
263409770549463,86,42,57036,412.685,1980
263409820659088,86,42,57036,412.685,1980
263409870794697,86,42,57036,387.7,1980
263409921603766,86,42,57036,372.232,1980
263409971713424,100,49,57036,372.232,1980
263410021821915,100,49,57036,349.073,1980
263410074485091,100,49,57036,349.073,1980
263410124617154,100,50,57036,345.202,1980
263410174743961,100,50,57036,345.202,1980
263410224850097,100,50,57036,392.448,1980
263410274973131,100,50,57036,392.448,1980
263410325086861,97,49,57036,439.92,1980
263410375196912,97,49,57036,439.92,1980
263410425306647,97,49,57036,464.398,1980
263410475420160,97,49,57036,464.398,1980
263410525530294,89,47,57036,486.85,1980
263410575647726,89,47,57036,486.85,1980
263410627124215,89,47,57036,512.136,1980
263410677241115,89,47,57036,512.136,1980
263410727357395,95,51,57036,534.34,1980
263410777471953,95,51,57036,534.34,1980
263410827597618,95,51,57036,553.77,1980
263410878442823,95,51,57036,553.77,1980
263410928555852,98,53,57036,571.94,1980
263410978670053,98,53,57036,571.94,1980
263411028799861,98,53,57036,596.095,1980
263411078918920,98,53,57036,596.095,1980
263411129628999,92,52,57036,617.976,1980
263411179740270,92,52,57036,617.976,1980
263411229851613,92,52,57036,614.247,1980
263411279961718,92,52,57036,614.247,1980
263411330078969,95,54,57036,606.098,1980
263411381575707,95,54,57036,606.098,1980
263411431685720,95,54,57036,596.268,1980
263411482499512,95,54,57036,596.268,1980
263411533267076,47,38,57036,553.61,1980
263411584082925,47,38,57036,553.61,1980
263411634245788,47,38,57036,510.408,1980
263411685686655,47,38,57036,510.408,1980
263411735814415,19,10,57036,483.136,1980
263411785961321,19,10,57036,483.136,1980
263411836122023,19,10,57036,464.709,1980
263411886271734,19,10,57036,464.709,1980
263411936397215,76,38,57036,448.05,1980
263411987535424,76,38,57036,448.05,1980
263412037659952,76,38,57036,429.57,1980
263412088691018,76,38,57036,429.57,1980
263412139044243,93,45,57036,407.843,1980
263412189370534,93,45,57036,407.843,1980
263412239498440,93,45,57036,380.166,1980
263412289736786,93,45,57036,380.166,1980
263412339997856,100,49,57036,367.24,1980
263412390243635,100,49,57036,367.24,1980
263412440368228,100,49,57036,345.591,1980
263412490490771,100,49,57036,345.591,1980
263412540604141,66,33,57036,391.975,1980
263412590715613,66,33,57036,391.975,1980
263412640838260,66,33,57036,434.545,1980
263412690956412,66,33,57036,434.545,1980
263412741071577,98,49,57036,466.507,1980
263412791183514,98,49,57036,466.507,1980
263412841309857,98,49,57036,487.024,1980
263412891427366,98,49,57036,487.024,1980
263412941537915,96,49,57036,506.385,1980
263412991648973,96,49,57036,506.385,1980
263413041761176,96,49,57036,523.647,1980
263413091880418,96,49,57036,523.647,1980
263413141991973,97,53,57036,549.846,1980
263413192121133,97,53,57036,549.846,1980
263413242231412,97,53,57036,568.241,1980
263413292340164,97,53,57036,568.241,1980
263413342456229,93,52,57036,589.371,1980
263413392570371,93,52,57036,589.371,1980
263413442685291,93,52,57036,615.203,1980
263413492808637,93,52,57036,615.203,1980
263413542920601,98,54,57036,611.658,1980
263413594059049,98,54,57036,611.658,1980
263413644173101,98,54,57036,604.476,1980
263413694286506,98,54,57036,604.476,1980
263413744401625,93,52,57036,601.516,1980
263413795505598,93,52,57036,601.516,1980
263413846545936,93,52,57036,572.376,1980
263413897443791,93,52,57036,572.376,1980
263413948444222,2,2,57036,531.577,1980
263414000105310,2,2,57036,531.577,1980
263414050485861,2,2,57036,499.63,1980
263414100601498,2,2,57036,499.63,1980
263414150746389,57,27,57036,478.687,1980
263414201329453,57,27,57036,478.687,1980
263414251800679,57,27,57036,454.568,1980
263414302021524,57,27,57036,454.568,1980
263414353086315,77,38,57036,432.469,1980
263414404211074,77,38,57036,432.469,1980
263414455112923,77,38,57036,418.924,1980
263414505746564,77,38,57036,418.924,1980
263414555881402,95,47,57036,395.248,1980
263414605993685,95,47,57036,395.248,1980
263414656126733,95,47,57036,375.093,1980
263414706258648,95,47,57036,375.093,1980
263414756379278,100,49,57036,351.086,1980
263414806500048,100,49,57036,351.086,1980
263414856626898,100,49,57036,376.59,1980
263414906737424,100,49,57036,376.59,1980
263414956847953,97,48,57036,424.17,1980
263415006956135,97,48,57036,424.17,1980
263415057088165,97,48,57036,459.912,1980
263415107211462,97,48,57036,459.912,1980
263415157328940,89,44,57036,477.296,1980
263415207441200,89,44,57036,477.296,1980
263415257551075,89,44,57036,498.125,1980
263415307659853,89,44,57036,498.125,1980
263415357770349,98,54,57036,517.992,1980
263415407894457,98,54,57036,517.992,1980
263415458014250,98,54,57036,537.894,1980
263415508126451,98,54,57036,537.894,1980
263415558237439,94,52,57036,554.49,1980
263415608348922,94,52,57036,554.49,1980
263415658517988,94,52,57036,574.644,1980
263415708758083,94,52,57036,574.644,1980
263415758940237,96,52,57036,599.352,1980
263415809073546,96,52,57036,599.352,1980
263415859186318,96,52,57036,602.568,1980
263415909294434,96,52,57036,602.568,1980
263415959406762,95,52,57036,594.764,1980
263416009520767,95,52,57036,594.764,1980
263416060388674,95,52,57036,585.746,1980
263416111462612,95,52,57036,585.746,1980
263416162394300,63,47,57036,548.672,1980
263416213248554,63,47,57036,548.672,1980
263416263410236,63,47,57036,508.552,1980
263416313607906,63,47,57036,508.552,1980
263416365308637,9,4,57036,482.585,1980
263416415489008,9,4,57036,482.585,1980
263416465907297,9,4,57036,459.741,1980
263416516113331,9,4,57036,459.741,1980
263416566333585,75,37,57036,439.262,1980
263416616845214,75,37,57036,439.262,1980
263416666988150,75,37,57036,421.266,1980
263416717121186,75,37,57036,421.266,1980
263416767318481,98,48,57036,401.2,1980
263416817435492,98,48,57036,401.2,1980
263416867549057,98,48,57036,381.146,1980
263416917659970,98,48,57036,381.146,1980
263416967777843,100,49,57036,361.58,1980
263417017890656,100,49,57036,361.58,1980
263417068012600,100,49,57036,356.892,1980
263417118124739,100,49,57036,356.892,1980
263417168246265,98,52,57036,397.922,1980
263417218358240,98,52,57036,397.922,1980
263417268466885,98,52,57036,445.48,1980
263417318580182,98,52,57036,445.48,1980
263417368691899,90,48,57036,468.266,1980
263417418803438,90,48,57036,468.266,1980
263417468916407,90,48,57036,488.436,1980
263417519028852,90,48,57036,488.436,1980
263417569140161,97,55,57036,508.88,1980
263417619248166,97,55,57036,508.88,1980
263417669359002,97,55,57036,529.187,1980
263417719471926,97,55,57036,529.187,1980
263417769582749,93,54,57036,550.455,1980
263417819696381,93,54,57036,550.455,1980
263417869816669,93,54,57036,568.77,1980
263417919928366,93,54,57036,568.77,1980
263417970045859,95,52,57036,596.698,1980
263418020158267,95,52,57036,596.698,1980
263418070271069,95,52,57036,604.621,1980
263418120391686,95,52,57036,604.621,1980
263418170503821,98,55,57036,599.968,1980
263418222362208,98,55,57036,599.968,1980
263418273137104,98,55,57036,584.962,1980
263418324101439,98,55,57036,584.962,1980
263418374836026,48,38,57036,546.02,1980
263418426176795,48,38,57036,507.196,1980
263418476740467,48,38,57036,507.196,1980
263418526860423,15,7,57036,481.434,1980
263418577012211,15,7,57036,481.434,1980
263418627143171,15,7,57036,463.763,1980
263418677468574,15,7,57036,463.763,1980
263418728178235,73,36,57036,439.966,1980
263418778604559,73,36,57036,439.966,1980
263418828770183,73,36,57036,424.272,1980
263418878881382,73,36,57036,424.272,1980
263418929175653,89,43,57036,396.9,1980
263418979340597,89,43,57036,396.9,1980
263419029904006,89,43,57036,376.523,1980
263419080019118,89,43,57036,376.523,1980
263419130172934,100,49,57036,353.033,1980
263419180289526,100,49,57036,353.033,1980
263419230450063,100,49,57036,337.79,1980
263419280569868,100,49,57036,337.79,1980
263419330685285,74,36,57036,379.928,1980
263419380795449,74,36,57036,379.928,1980
263419430902423,74,36,57036,430.753,1980
263419481014329,74,36,57036,430.753,1980
263419531126088,97,47,57036,454.727,1980
263419581238627,97,47,57036,454.727,1980
263419632703581,97,47,57036,477.317,1980
263419682812637,97,47,57036,477.317,1980
263419732921481,95,49,57036,497.179,1980
263419783039895,95,49,57036,497.179,1980
263419833154857,95,49,57036,516.109,1980
263419883263955,95,49,57036,516.109,1980
263419933375099,94,51,57036,535.019,1980
263419983489672,94,51,57036,535.019,1980
263420033688574,94,51,57036,557.5,1980
263420083802497,94,51,57036,557.5,1980
263420134071438,92,51,57036,577.554,1980
263420184184398,92,51,57036,577.554,1980
263420234297076,92,51,57036,606.532,1980
263420284467020,92,51,57036,606.532,1980
263420334578188,98,56,57036,600.618,1980
263420384804075,98,56,57036,600.618,1980
263420434913110,98,56,57036,595.604,1980
263420485026103,98,56,57036,595.604,1980
263420535167450,93,52,57036,587.739,1980
263420586229355,93,52,57036,587.739,1980
263420637308229,93,52,57036,555.361,1980
263420688396421,93,52,57036,555.361,1980
263420739066331,2,2,57036,512.974,1980
263420789255007,2,2,57036,512.974,1980
263420839414030,2,2,57036,484.537,1980
263420889555404,2,2,57036,484.537,1980
263420940669985,69,33,57036,465.176,1980
263420992037046,69,33,57036,465.176,1980
263421043032099,69,33,57036,443.246,1980
263421093244425,69,33,57036,443.246,1980
263421143413797,77,38,57036,423.69,1980
263421193573000,77,38,57036,423.69,1980
263421244361952,77,38,57036,404.619,1980
263421294748518,77,38,57036,404.619,1980
263421344904622,95,46,57036,387.621,1980
263421395023193,95,46,57036,387.621,1980
263421445133828,95,46,57036,360.5,1980
263421495246746,95,46,57036,360.5,1980
263421545463554,100,50,57036,337.537,1980
263421595584106,100,50,57036,337.537,1980
263421645712779,100,50,57036,367.895,1980
263421695832959,100,50,57036,367.895,1980
263421745946888,97,50,57036,418.626,1980
263421796065056,97,50,57036,418.626,1980
263421846180102,97,50,57036,453.602,1980
263421896293700,97,50,57036,453.602,1980
263421946406051,89,44,57036,471.946,1980
263421996518554,89,44,57036,471.946,1980
263422046637372,89,44,57036,490.445,1980
263422096744502,89,44,57036,490.445,1980
263422146855008,97,53,57036,508.816,1980
263422196966059,97,53,57036,508.816,1980
263422247076543,97,53,57036,527.164,1980
263422297185274,97,53,57036,527.164,1980
263422347304174,93,52,57036,552.805,1980
263422397417174,93,52,57036,552.805,1980
263422447530545,93,52,57036,570.814,1980
263422497640379,93,52,57036,570.814,1980
263422547746428,96,55,57036,599.459,1980
263422597854130,96,55,57036,599.459,1980
263422647965341,96,55,57036,601.786,1980
263422698075724,96,55,57036,601.786,1980
263422748183070,93,52,57036,595.51,1980
263422798291327,93,52,57036,595.51,1980
263422848397481,93,52,57036,594.385,1980
263422899384086,93,52,57036,594.385,1980
263422950409127,95,62,57036,568.649,1980
263423001418937,95,62,57036,568.649,1980
263423052384575,95,62,57036,529.527,1980
263423102937449,95,62,57036,529.527,1980
263423153052277,2,2,57036,494.881,1980
263423204618908,2,2,57036,494.881,1980
263423255169145,2,2,57036,473.571,1980
263423305897584,2,2,57036,473.571,1980
263423356052708,74,36,57036,449.51,1980
263423407168798,74,36,57036,449.51,1980
263423457856599,74,36,57036,433.218,1980
263423508528628,74,36,57036,433.218,1980
263423558816090,87,43,57036,415.877,1980
263423608950233,87,43,57036,415.877,1980
263423659097222,87,43,57036,395.779,1980
263423709269578,87,43,57036,395.779,1980
263423759448754,100,49,57036,366.008,1980
263423809558625,100,49,57036,366.008,1980
263423859679299,100,49,57036,344.345,1980
263423909794513,100,49,57036,344.345,1980
263423959905536,70,34,57036,356.434,1980
263424010021397,70,34,57036,356.434,1980
263424060145375,70,34,57036,409.191,1980
263424110270127,70,34,57036,409.191,1980
263424160390676,98,48,57036,450.327,1980
263424210501315,98,48,57036,450.327,1980
263424260610941,98,48,57036,469.715,1980
263424310719835,98,48,57036,469.715,1980
263424360828991,93,50,57036,492.96,1980
263424410937199,93,50,57036,492.96,1980
263424461045662,93,50,57036,512.972,1980
263424511163255,93,50,57036,512.972,1980
263424561272640,93,52,57036,528.234,1980
263424611380575,93,52,57036,528.234,1980
263424661488385,93,52,57036,548.756,1980
263424711599507,93,52,57036,548.756,1980
263424761710816,94,50,57036,574.414,1980
263424811820799,94,50,57036,574.414,1980
263424861932131,94,50,57036,602.791,1980
263424912046194,94,50,57036,602.791,1980
263424962155393,98,55,57036,606.07,1980
263425012264461,98,55,57036,606.07,1980
263425062375637,98,55,57036,597.127,1980
263425112482964,98,55,57036,597.127,1980
263425163474457,93,52,57036,588.206,1980
263425214390015,93,52,57036,588.206,1980
263425264984248,93,52,57036,553.453,1980
263425315776392,93,52,57036,553.453,1980
263425367177316,2,2,57036,511.033,1980
263425417569178,2,2,57036,511.033,1980
263425467748799,2,2,57036,485.827,1980
263425517869350,2,2,57036,485.827,1980
263425569396552,70,34,57036,461.59,1980
263425621023866,70,34,57036,461.59,1980
263425671414752,70,34,57036,441.447,1980
263425722634826,70,34,57036,441.447,1980
263425773561185,76,38,57036,419.153,1980
263425824803714,76,38,57036,419.153,1980
263425876179970,76,38,57036,405.446,1980
263425926300464,76,38,57036,405.446,1980
263425976442069,90,43,57036,387.743,1980
263426026878555,90,43,57036,387.743,1980
263426077208540,90,43,57036,367.322,1980
263426133935116,100,50,57036,349.247,1980
263426184053701,100,50,57036,349.247,1980
263426234181495,100,50,57036,372.751,1980
263426284300825,100,50,57036,372.751,1980
263426334425270,98,56,57036,424.806,1980
263426384534724,98,56,57036,424.806,1980
263426434654448,98,56,57036,458.657,1980
263426484769761,98,56,57036,458.657,1980
263426534880801,98,55,57036,481.159,1980
263426584992906,98,55,57036,481.159,1980
263426635104495,98,55,57036,505.509,1980
263426685218318,98,55,57036,505.509,1980
263426735337962,93,54,57036,525.0,1980
263426785456120,93,54,57036,525.0,1980
263426835567525,93,54,57036,546.101,1980
263426885707820,93,54,57036,546.101,1980
263426935824790,98,58,57036,570.175,1980
263426985942912,98,58,57036,570.175,1980
263427036062796,98,58,57036,588.912,1980
263427086275489,98,58,57036,588.912,1980
263427136443615,94,56,57036,611.398,1980
263427186562718,94,56,57036,611.398,1980
263427236683714,94,56,57036,626.225,1980
263427286801600,94,56,57036,626.225,1980
263427336930819,96,57,57036,620.113,1980
263427387291941,96,57,57036,620.113,1980
263427437408474,96,57,57036,613.856,1980
263427487527360,96,57,57036,613.856,1980
263427537648493,93,56,57036,612.793,1980
263427588277807,93,56,57036,612.793,1980
263427639215300,93,56,57036,580.129,1980
263427690300974,93,56,57036,580.129,1980
263427741284490,2,2,57036,537.31,1980
263427792027744,2,2,57036,537.31,1980
263427842243491,2,2,57036,503.394,1980
263427892412347,2,2,57036,503.394,1980
263427942604373,58,28,57036,481.487,1980
263427994097109,58,28,57036,481.487,1980
263428045606082,58,28,57036,459.346,1980
263428096138370,58,28,57036,459.346,1980
263428147061986,76,38,57036,435.153,1980
263428197729486,76,38,57036,435.153,1980
263428247909816,76,38,57036,416.984,1980
263428298025211,76,38,57036,416.984,1980
263428348145047,93,46,57036,393.315,1980
263428398458491,93,46,57036,393.315,1980
263428448596039,93,46,57036,369.041,1980
263428498726561,93,46,57036,369.041,1980
263428550583711,100,50,57036,343.233,1980
263428600706054,100,50,57036,343.233,1980
263428650830484,100,50,57036,361.001,1980
263428700950450,100,50,57036,361.001,1980
263428751080223,94,45,57036,408.685,1980
263428801199076,94,45,57036,408.685,1980
263428851318488,94,45,57036,443.352,1980
263428901498514,94,45,57036,443.352,1980
263428951645812,90,44,57036,466.366,1980
263429001774795,90,44,57036,466.366,1980
263429051896570,90,44,57036,487.922,1980
263429102018430,90,44,57036,487.922,1980
263429152176844,94,51,57036,504.922,1980
263429202292108,94,51,57036,504.922,1980
263429252402926,94,51,57036,526.088,1980
263429302514386,94,51,57036,526.088,1980
263429352624774,94,52,57036,544.108,1980
263429402739120,94,52,57036,544.108,1980
263429452848947,94,52,57036,566.876,1980
263429502956812,94,52,57036,566.876,1980
263429553064952,94,53,57036,590.678,1980
263429603176752,94,53,57036,590.678,1980
263429653288760,94,53,57036,609.913,1980
263429703401868,94,53,57036,609.913,1980
263429753518341,94,52,57036,604.007,1980
263429803630391,94,52,57036,604.007,1980
263429856986233,94,52,57036,598.009,1980
263429907951744,94,52,57036,598.009,1980
263429958853957,79,54,57036,567.007,1980
263430009937301,79,54,57036,567.007,1980
263430060623187,79,54,57036,524.693,1980
263430111495067,79,54,57036,524.693,1980
263430161712214,2,2,57036,497.651,1980
263430211841187,2,2,57036,497.651,1980
263430261999913,2,2,57036,475.698,1980
263430312147580,2,2,57036,475.698,1980
263430362288604,74,36,57036,454.472,1980
263430413168545,74,36,57036,454.472,1980
263430463331761,74,36,57036,433.753,1980
263430513528413,74,36,57036,433.753,1980
263430563669152,89,43,57036,411.014,1980
263430613837748,89,43,57036,411.014,1980
263430664310053,89,43,57036,394.292,1980
263430714624149,89,43,57036,394.292,1980
263430764993981,100,49,57036,366.564,1980
263430815123166,100,49,57036,366.564,1980
263430865239896,100,49,57036,346.963,1980
263430915348382,100,49,57036,346.963,1980
263430965472543,77,38,57036,382.347,1980
263431015585872,77,38,57036,382.347,1980
263431065696925,77,38,57036,424.886,1980
263431115820220,77,38,57036,424.886,1980
263431165940277,98,49,57036,462.526,1980
263431216059398,98,49,57036,462.526,1980
263431266172331,98,49,57036,481.702,1980
263431316283139,98,49,57036,481.702,1980
263431366423558,91,48,57036,498.937,1980
263431416532626,91,48,57036,498.937,1980
263431466651440,91,48,57036,517.279,1980
263431516768498,91,48,57036,517.279,1980
263431566879043,94,52,57036,537.331,1980
263431617003900,94,52,57036,537.331,1980
263431667114100,94,52,57036,556.001,1980
263431717225825,94,52,57036,556.001,1980
263431767336253,95,51,57036,580.115,1980
263431817449122,95,51,57036,580.115,1980
263431867563151,95,51,57036,608.029,1980
263431917679283,95,51,57036,608.029,1980
263431967789009,98,54,57036,604.37,1980
263432017898435,98,54,57036,604.37,1980
263432068028264,98,54,57036,596.196,1980
263432118136227,98,54,57036,596.196,1980
263432168242311,93,52,57036,591.09,1980
263432218944140,93,52,57036,591.09,1980
263432269884189,93,52,57036,564.725,1980
263432320847406,93,52,57036,564.725,1980
263432371101843,2,2,57036,526.856,1980
263432421221493,2,2,57036,526.856,1980
263432471385893,2,2,57036,493.562,1980
263432521549972,2,2,57036,493.562,1980
263432571676284,65,31,57036,470.529,1980
263432622957156,65,31,57036,470.529,1980
263432673173909,65,31,57036,450.935,1980
263432723594002,65,31,57036,450.935,1980
263432773728653,76,37,57036,434.107,1980
263432824480738,76,37,57036,434.107,1980
263432874917934,76,37,57036,410.232,1980
263432925068021,76,37,57036,410.232,1980
263432975267532,97,47,57036,388.744,1980
263433025414985,97,47,57036,388.744,1980
263433075526270,97,47,57036,373.529,1980
263433125668339,97,47,57036,373.529,1980
263433175818973,100,49,57036,346.978,1980
263433225940516,100,49,57036,346.978,1980
263433276051617,100,49,57036,373.618,1980
263433326159443,100,49,57036,373.618,1980
263433376266407,97,50,57036,416.909,1980
263433426393417,97,50,57036,416.909,1980
263433476509416,97,50,57036,455.72,1980
263433526619363,97,50,57036,455.72,1980
263433577944881,90,46,57036,475.867,1980
263433628054896,90,46,57036,475.867,1980
263433678164108,90,46,57036,495.615,1980
263433728274149,90,46,57036,495.615,1980
263433778380916,94,52,57036,513.217,1980
263433828489380,94,52,57036,513.217,1980
263433878625236,94,52,57036,532.302,1980
263433928737189,94,52,57036,532.302,1980
263433978855227,96,53,57036,554.038,1980
263434028979524,96,53,57036,554.038,1980
263434079088229,96,53,57036,577.161,1980
263434129198928,96,53,57036,577.161,1980
263434179309065,94,53,57036,602.035,1980
263434229567476,94,53,57036,602.035,1980
263434279675781,94,53,57036,607.453,1980
263434329788187,94,53,57036,607.453,1980
263434379898948,96,52,57036,600.034,1980
263434430013017,96,52,57036,600.034,1980
263434480119472,96,52,57036,595.804,1980
263434531544020,96,52,57036,595.804,1980
263434582329009,94,52,57036,592.947,1980
263434633385373,94,52,57036,554.267,1980
263434684371860,94,52,57036,554.267,1980
263434736580883,2,2,57036,513.462,1980
263434787674734,2,2,57036,513.462,1980
263434837948771,2,2,57036,486.938,1980
263434888080628,2,2,57036,486.938,1980
263434938276819,74,36,57036,464.919,1980
263434989049072,74,36,57036,464.919,1980
263435040574352,74,36,57036,442.616,1980
263435090899215,74,36,57036,442.616,1980
263435141028873,80,39,57036,422.22,1980
263435191187186,80,39,57036,422.22,1980
263435241353471,80,39,57036,399.219,1980
263435291848196,80,39,57036,399.219,1980
263435342033359,100,49,57036,378.939,1980
263435392208292,100,49,57036,378.939,1980
263435442335862,100,49,57036,354.028,1980
263435497156295,100,49,57036,354.028,1980
263435547278538,100,49,57036,336.657,1980
263435597407718,100,49,57036,336.657,1980
263435647522316,100,49,57036,378.725,1980
263435697629858,100,49,57036,378.725,1980
263435747739550,97,48,57036,425.409,1980
263435798575153,97,48,57036,425.409,1980
263435848686304,97,48,57036,457.001,1980
263435898796805,97,48,57036,457.001,1980
263435948946006,88,45,57036,483.014,1980
263435999061855,88,45,57036,483.014,1980
263436049252309,88,45,57036,503.802,1980
263436099405998,88,45,57036,503.802,1980
263436149519191,95,53,57036,522.089,1980
263436199632843,95,53,57036,522.089,1980
263436249755436,95,53,57036,540.496,1980
263436299889214,95,53,57036,540.496,1980
263436350006793,95,52,57036,558.691,1980
263436400128789,95,52,57036,558.691,1980
263436450249678,95,52,57036,576.072,1980
263436500374083,95,52,57036,576.072,1980
263436550488096,95,53,57036,599.738,1980
263436600597156,95,53,57036,599.738,1980
263436650714215,95,53,57036,595.085,1980
263436700832687,95,53,57036,595.085,1980
263436750947203,95,54,57036,587.695,1980
263436802796821,95,54,57036,587.695,1980
263436853395494,95,54,57036,569.231,1980
263436904045285,95,54,57036,569.231,1980
263436955068934,28,27,57036,525.824,1980
263437008958907,28,27,57036,525.824,1980
263437059440506,28,27,57036,489.025,1980
263437109591698,28,27,57036,489.025,1980
263437160136637,31,14,57036,467.313,1980
263437210759999,31,14,57036,467.313,1980
263437260961904,31,14,57036,452.051,1980
263437311428910,31,14,57036,452.051,1980
263437361936753,76,37,57036,433.149,1980
263437412150496,76,37,57036,433.149,1980
263437462260815,76,37,57036,416.092,1980
263437512581689,76,37,57036,416.092,1980
263437562692348,100,49,57036,394.481,1980
263437612802927,100,49,57036,394.481,1980
263437663160211,100,49,57036,370.283,1980
263437713610208,100,49,57036,370.283,1980
263437763719436,100,49,57036,347.179,1980
263437813896455,100,49,57036,347.179,1980
263437864068528,100,49,57036,352.837,1980
263437914219208,100,49,57036,352.837,1980
263437964337517,98,48,57036,401.277,1980
263438014460974,98,48,57036,401.277,1980
263438064585167,98,48,57036,446.349,1980
263438114707503,98,48,57036,446.349,1980
263438164818107,89,43,57036,465.246,1980
263438214927830,89,43,57036,465.246,1980
263438265038636,89,43,57036,487.638,1980
263438315152531,89,43,57036,487.638,1980
263438365267194,98,53,57036,503.413,1980
263438415378491,98,53,57036,503.413,1980
263438465487249,98,53,57036,515.335,1980
263438515605114,98,53,57036,515.335,1980
263438565716296,94,52,57036,541.339,1980
263438615828863,94,52,57036,541.339,1980
263438665940071,94,52,57036,566.583,1980
263438716046396,94,52,57036,566.583,1980
263438766189329,96,51,57036,586.961,1980
263438816297102,96,51,57036,586.961,1980
263438866405964,96,51,57036,597.115,1980
263438916525045,96,51,57036,597.115,1980
263438966633012,98,54,57036,588.621,1980
263439020408569,98,54,57036,588.621,1980
263439071055639,98,54,57036,573.213,1980
263439121689877,98,54,57036,573.213,1980
263439172820895,44,37,57036,534.491,1980
263439223017199,44,37,57036,534.491,1980
263439273170062,44,37,57036,494.312,1980
263439323355323,44,37,57036,494.312,1980
263439374634764,21,10,57036,474.791,1980
263439426882659,21,10,57036,474.791,1980
263439478040730,21,10,57036,454.986,1980
263439528225595,21,10,57036,454.986,1980
263439578517898,77,37,57036,435.482,1980
263439629022818,77,37,57036,435.482,1980
263439679340778,77,37,57036,411.706,1980
263439729508888,77,37,57036,411.706,1980
263439779623288,97,48,57036,389.958,1980
263439829758897,97,48,57036,389.958,1980
263439879925730,97,48,57036,372.816,1980
263439930046177,97,48,57036,372.816,1980
263439980841643,100,49,57036,360.097,1980
263440030962172,100,49,57036,360.097,1980
263440081075342,100,49,57036,347.12,1980
263440131191443,100,49,57036,347.12,1980
263440181309058,73,37,57036,396.88,1980
263440231421969,73,37,57036,396.88,1980
263440281531588,73,37,57036,439.735,1980
263440331714942,73,37,57036,439.735,1980
263440381898029,98,49,57036,468.914,1980
263440432039099,98,49,57036,468.914,1980
263440482248440,98,49,57036,493.628,1980
263440532503080,98,49,57036,493.628,1980
263440582708063,95,51,57036,515.41,1980
263440632886586,95,51,57036,515.41,1980
263440683036731,95,51,57036,535.045,1980
263440733253384,95,51,57036,535.045,1980
263440783472382,94,54,57036,552.732,1980
263440833668942,94,54,57036,552.732,1980
263440883849629,94,54,57036,571.301,1980
263440934006900,94,54,57036,571.301,1980
263440984223295,94,52,57036,590.979,1980
263441034456066,94,52,57036,590.979,1980
263441084647353,94,52,57036,609.85,1980
263441134826038,94,52,57036,609.85,1980
263441185038097,96,51,57036,602.562,1980
263441235186147,96,51,57036,602.562,1980
263441285379602,96,51,57036,598.201,1980
263441336088536,96,51,57036,583.246,1980
263441386921124,98,54,57036,583.246,1980
263441437734715,98,54,57036,541.037,1980
263441488845903,98,54,57036,541.037,1980
263441539771908,2,2,57036,504.274,1980
263441590173675,2,2,57036,504.274,1980
263441640678002,2,2,57036,478.877,1980
263441690815185,2,2,57036,478.877,1980
263441742164938,73,35,57036,460.983,1980
263441792546399,73,35,57036,460.983,1980
263441844039394,73,35,57036,441.293,1980
263441894863842,73,35,57036,441.293,1980
263441945486459,80,39,57036,420.181,1980
263441995666886,80,39,57036,420.181,1980
263442045836939,80,39,57036,402.115,1980
263442096521013,80,39,57036,402.115,1980
263442146646110,99,48,57036,379.679,1980
263442196833153,99,48,57036,379.679,1980
263442246957735,99,48,57036,357.578,1980
263442297075117,99,48,57036,357.578,1980
263442347202069,100,50,57036,344.689,1980
263442397314841,100,50,57036,344.689,1980
263442447443070,100,50,57036,393.295,1980
263442497551785,100,50,57036,393.295,1980
263442547659484,97,47,57036,440.455,1980
263442597872024,97,47,57036,440.455,1980
263442648070145,97,47,57036,461.105,1980
263442698269156,97,47,57036,461.105,1980
263442748415856,86,44,57036,481.857,1980
263442798602764,86,44,57036,481.857,1980
263442848825286,86,44,57036,503.768,1980
263442899037445,86,44,57036,503.768,1980
263442949227634,94,53,57036,522.18,1980
263442999371000,94,53,57036,522.18,1980
263443049553753,94,53,57036,547.01,1980
263443099762864,94,53,57036,547.01,1980
263443149974544,94,52,57036,562.66,1980
263443200168427,94,52,57036,562.66,1980
263443250311973,94,52,57036,591.22,1980
263443300510439,94,52,57036,591.22,1980
263443350709224,96,50,57036,613.493,1980
263443400933588,96,50,57036,613.493,1980
263443451108082,96,50,57036,607.403,1980
263443501252655,96,50,57036,607.403,1980
263443551463968,98,53,57036,603.619,1980
263443601669356,98,53,57036,603.619,1980
263443651853330,98,53,57036,600.522,1980
263443702504435,98,53,57036,600.522,1980
263443753241564,64,47,57036,562.638,1980
263443804598401,64,47,57036,562.638,1980
263443855268507,64,47,57036,521.528,1980
263443907056542,64,47,57036,521.528,1980
263443957196528,8,4,57036,492.412,1980
263444008645238,8,4,57036,492.412,1980
263444060216788,8,4,57036,472.662,1980
263444110459078,8,4,57036,472.662,1980
263444160636558,75,37,57036,453.694,1980
263444211716692,75,37,57036,453.694,1980
263444262083906,75,37,57036,434.789,1980
263444312203105,75,37,57036,434.789,1980
263444362328193,91,45,57036,410.702,1980
263444412469780,91,45,57036,410.702,1980
263444462668666,91,45,57036,388.598,1980
263444512790730,91,45,57036,388.598,1980
263444562902611,100,49,57036,365.497,1980
263444613024109,100,49,57036,365.497,1980
263444663129916,100,49,57036,368.191,1980
263444713236611,100,49,57036,368.191,1980
263444763361781,97,47,57036,403.754,1980
263444813485626,97,47,57036,403.754,1980
263444863679683,97,47,57036,442.601,1980
263444913879676,97,47,57036,442.601,1980
263444964096147,85,43,57036,472.335,1980
263445014316545,85,43,57036,472.335,1980
263445064536335,85,43,57036,490.983,1980
263445114745503,85,43,57036,490.983,1980
263445164924202,94,51,57036,510.716,1980
263445215130992,94,51,57036,510.716,1980
263445265339465,94,51,57036,526.098,1980
263445315533370,94,51,57036,526.098,1980
263445365721641,94,50,57036,544.428,1980
263445415866491,94,50,57036,544.428,1980
263445466074143,94,50,57036,563.321,1980
263445516302716,94,50,57036,563.321,1980
263445566502144,94,52,57036,587.47,1980
263445616687410,94,52,57036,587.47,1980
263445666877659,94,52,57036,584.246,1980
263445717187069,94,52,57036,584.246,1980
263445768036346,98,53,57036,563.723,1980
263445818735074,98,53,57036,563.723,1980
263445869525446,98,53,57036,524.165,1980
263445920500509,98,53,57036,524.165,1980
263445970996527,2,2,57036,491.442,1980
263446022420243,2,2,57036,491.442,1980
263446072788881,2,2,57036,467.438,1980
263446122936283,2,2,57036,467.438,1980
263446173063067,69,33,57036,447.639,1980
263446223623140,69,33,57036,447.639,1980
263446274767904,69,33,57036,427.468,1980
263446325670182,69,33,57036,427.468,1980
263446376471634,74,37,57036,412.628,1980
263446427584174,74,37,57036,412.628,1980
263446477764373,74,37,57036,394.656,1980
263446528280854,74,37,57036,394.656,1980
263446578873708,89,43,57036,379.191,1980
263446629276710,89,43,57036,379.191,1980
263446679419336,89,43,57036,361.386,1980
263446729584805,89,43,57036,361.386,1980
263446779697258,100,49,57036,345.507,1980
263446829807638,100,49,57036,345.507,1980
263446879919924,100,49,57036,381.659,1980
263446930085183,100,49,57036,381.659,1980
263446980198133,97,48,57036,428.892,1980
263447034451959,97,48,57036,428.892,1980
263447084626387,97,48,57036,455.441,1980
263447134831616,97,48,57036,455.441,1980
263447184999213,89,42,57036,475.023,1980
263447235204360,89,42,57036,475.023,1980
263447285393126,89,42,57036,495.498,1980
263447335596326,89,42,57036,495.498,1980
263447385785828,96,52,57036,516.251,1980
263447435944228,96,52,57036,516.251,1980
263447486125723,96,52,57036,533.587,1980
263447536309541,96,52,57036,533.587,1980
263447586516496,94,52,57036,558.963,1980
263447636712026,94,52,57036,558.963,1980
263447686889431,94,52,57036,578.447,1980
263447737085458,94,52,57036,578.447,1980
263447787279755,94,53,57036,603.179,1980
263447837497316,94,53,57036,603.179,1980
263447887705088,94,53,57036,608.997,1980
263447937913907,94,53,57036,608.997,1980
263447988049985,95,52,57036,603.339,1980
263448038235012,95,52,57036,603.339,1980
263448089049324,95,52,57036,597.605,1980
263448139888503,95,52,57036,570.135,1980
263448190879394,85,58,57036,570.135,1980
263448241953216,85,58,57036,531.002,1980
263448292819641,85,58,57036,531.002,1980
263448343376046,2,2,57036,501.483,1980
263448393495627,2,2,57036,501.483,1980
263448444965703,2,2,57036,477.989,1980
263448495127025,2,2,57036,477.989,1980
263448546355059,73,36,57036,456.94,1980
263448597984702,73,36,57036,456.94,1980
263448649123557,73,36,57036,437.174,1980
263448699245428,73,36,57036,437.174,1980
263448749404785,84,41,57036,418.798,1980
263448799610440,84,41,57036,418.798,1980
263448849758100,84,41,57036,395.472,1980
263448899918980,84,41,57036,395.472,1980
263448950461414,100,49,57036,379.369,1980
263449000808209,100,49,57036,379.369,1980
263449051304024,100,49,57036,357.625,1980
263449101418955,100,49,57036,357.625,1980
263449151533316,73,36,57036,372.07,1980
263449201649165,73,36,57036,372.07,1980
263449251770283,73,36,57036,422.736,1980
263449301892395,73,36,57036,422.736,1980
263449352029847,98,47,57036,462.081,1980
263449402204412,98,47,57036,462.081,1980
263449452392204,98,47,57036,475.841,1980
263449502550895,98,47,57036,475.841,1980
263449552778604,98,51,57036,498.744,1980
263449602985280,98,51,57036,498.744,1980
263449653182601,98,51,57036,518.26,1980
263449703368502,98,51,57036,518.26,1980
263449753523965,94,52,57036,533.39,1980
263449803756078,94,52,57036,533.39,1980
263449853972928,94,52,57036,550.865,1980
263449904164113,94,52,57036,550.865,1980
263449954361576,95,53,57036,572.243,1980
263450004569267,95,53,57036,572.243,1980
263450054720064,95,53,57036,600.793,1980
263450104916052,95,53,57036,600.793,1980
263450155105191,94,52,57036,604.308,1980
263450205309199,94,52,57036,604.308,1980
263450255509528,94,52,57036,598.904,1980
263450305652452,94,52,57036,598.904,1980
263450355841038,94,51,57036,595.075,1980
