t_ns,util_gpu_pct,util_mem_pct,mem_used_mib,power_w,sm_clock_mhz
263653870528405,2,0,962,111.615,1980
263653925265485,2,0,962,111.615,1980
263653990189017,2,0,6852,116.143,1980
263654041468469,0,0,6852,120.914,1980
263654091672343,0,0,6852,120.914,1980
263654141842656,0,0,6852,125.804,1980
263654191963311,0,0,6852,125.804,1980
263654242075652,13,0,6852,130.654,1980
263654292272916,13,0,6852,130.654,1980
263654342485236,13,0,6852,135.479,1980
263654392705812,13,0,6852,135.479,1980
263654442933885,13,0,6852,140.338,1980
263654493132925,13,0,6852,140.338,1980
263654543343249,13,0,6852,144.868,1980
263654593556101,13,0,6852,144.868,1980
263654646381660,14,0,6852,149.312,1980
263654696567445,14,0,6852,149.312,1980
263654746779392,14,0,6852,150.192,1980
263654796977884,14,0,6852,150.192,1980
263654847189823,12,0,6852,150.195,1980
263654897394606,12,0,6852,150.195,1980
263654949478600,12,0,6852,150.275,1980
263654999661740,12,0,6852,150.275,1980
263655102317562,13,0,6872,150.393,1980
263655246112907,13,0,6872,150.188,1980
263655406962115,0,0,6872,150.088,1980
263655457086918,0,0,6872,150.01,1980
263655507204489,0,0,6872,150.01,1980
263655557367771,0,0,6872,149.902,1980
263655607587425,0,0,6872,149.902,1980
263655755863067,0,0,6872,149.704,1980
263655918547653,0,0,6872,149.622,1980
263656058636736,0,0,6872,149.471,1980
263656146013461,0,0,6872,149.439,1980
263656221437011,0,0,6872,149.439,1980
263656286733310,0,0,6872,149.443,1980
263656352036706,0,0,6872,149.429,1980
263656417328258,0,0,6872,149.429,1980
263656482614088,0,0,6872,149.403,1980
263656601904779,0,0,6872,149.386,1980
263656980243632,0,0,6872,149.318,1980
263657045543356,0,0,6872,149.327,1980
263657110841830,0,0,6872,149.327,1980
263657176132484,0,0,6872,149.302,1980
263657236363672,0,0,6872,149.302,1980
263657311785278,0,0,6872,149.301,1980
263657372019310,0,0,6872,149.349,1980
263657774231934,0,0,6872,149.332,1980
263657904500438,0,0,6872,149.358,1980
263657954621319,0,0,6872,149.386,1980
263658005441688,0,0,6872,149.386,1980
263658056514033,0,0,6872,149.361,1980
263658107414502,0,0,6872,149.361,1980
263658161815585,0,0,6872,149.375,1980
263658211984135,0,0,6872,149.375,1980
263658262404649,0,0,6872,149.356,1980
263658312535857,0,0,6872,149.356,1980
263658362649008,0,0,6872,149.353,1980
263658412850797,0,0,6872,149.353,1980
263658463189089,0,0,6872,149.333,1980
263658513322070,0,0,6872,149.333,1980
263658567126979,0,0,6872,149.345,1980
263658617331145,0,0,6872,149.345,1980
263658667467893,0,0,6872,149.354,1980
263658719073042,0,0,6872,149.354,1980
263658777687975,0,0,6872,149.324,1980
263658828958891,0,0,6872,149.324,1980
263658879094158,0,0,6872,149.33,1980
263658929293902,0,0,6872,149.33,1980
263658979537307,0,0,6872,149.324,1980
263659029717598,0,0,6872,149.324,1980
263659447782804,0,0,6872,149.385,1980
263659497940702,0,0,6940,149.385,1980
263659829855664,0,0,7036,149.36,1980
263659880072393,0,0,7504,149.364,1980
263659930266714,0,0,7520,149.364,1980
263659980463465,0,0,7520,149.369,1980
263660032415607,0,0,7520,149.369,1980
263660082551092,0,0,7520,149.348,1980
263660138357370,0,0,7520,149.348,1980
263660188486006,0,0,7520,149.338,1980
263660238609677,0,0,7520,149.338,1980
263660303362200,0,0,7520,149.319,1980
263660354116482,0,0,7520,149.331,1980
263660404299869,0,0,7520,149.331,1980
263660454480769,0,0,7520,149.366,1980
263660504626476,0,0,7520,149.366,1980
263660554756605,0,0,7520,149.372,1980
263660604892795,0,0,7520,149.372,1980
263660655069465,0,0,7520,149.379,1980
263660705278064,0,0,7520,149.379,1980
263660755475586,0,0,7520,149.424,1980
263660807106418,0,0,7520,149.424,1980
263660857286862,0,0,7520,149.452,1980
263660907424766,0,0,7520,149.452,1980
263660958166037,0,0,7520,149.45,1980
263661008307283,0,0,7520,149.45,1980
263661058619210,0,0,8828,149.431,1980
263661108753843,0,0,10136,149.431,1980
263661158903855,0,0,10136,149.423,1980
263661209030019,0,0,10136,149.423,1980
263661259187483,0,0,10582,149.431,1980
263661309357725,0,0,10582,149.431,1980
263661360518349,0,0,10582,149.398,1980
263661410629430,0,0,10582,149.398,1980
263661460753534,0,0,10582,149.357,1980
263661510886738,0,0,10582,149.357,1980
263661561039447,0,0,10582,149.459,1980
263661611175898,0,0,10582,149.459,1980
263661661291734,14,0,10582,149.553,1980
263661711405564,14,0,10582,149.553,1980
263661761518727,14,0,10582,149.66,1980
263661811633115,14,0,10582,149.66,1980
263661861746805,14,0,10582,149.794,1980
263661972747743,14,0,10582,149.859,1980
263662436248243,0,0,10582,149.886,1980
263662891104451,0,0,10116,149.496,1980
263663354170018,0,0,10156,149.38,1980
263663404298558,0,0,10156,149.38,1980
263663454422101,0,0,10156,149.37,1980
263663504523197,0,0,10156,149.37,1980
263663554628370,0,0,10156,149.317,1980
263663604732723,0,0,10156,149.317,1980
263663654835554,0,0,10156,149.278,1980
263663704936961,0,0,10156,149.278,1980
263663755040838,0,0,10156,149.247,1980
263663805147367,0,0,10156,149.247,1980
263663855254661,0,0,10156,149.23,1980
263663905363187,0,0,10156,149.23,1980
263663955469333,0,0,10156,149.196,1980
263664005574335,0,0,10156,149.196,1980
263664055685020,0,0,10156,149.204,1980
263664105793047,0,0,10156,149.204,1980
263664155897526,0,0,10156,149.209,1980
263664206004919,0,0,10156,149.209,1980
263664256109296,0,0,10156,149.161,1980
263664306212688,0,0,10156,149.161,1980
263664356317653,0,0,10156,149.134,1980
263664406440273,0,0,10156,149.134,1980
263664456546404,0,0,10156,149.15,1980
263664506649744,0,0,10156,149.15,1980
263664556752937,0,0,10156,149.135,1980
263664606857108,0,0,10156,149.135,1980
263664656960884,0,0,10156,149.147,1980
263664707065215,0,0,10156,149.147,1980
263664757168099,0,0,10156,149.128,1980
263664807271529,0,0,10156,149.128,1980
263664857375161,0,0,10156,149.172,1980
263664907479718,0,0,10156,149.172,1980
263664957583540,0,0,10156,149.214,1980
263665007688456,0,0,10156,149.214,1980
263665057793824,0,0,10156,149.233,1980
263665107896469,0,0,10156,149.233,1980
263665157999499,0,0,10156,149.233,1980
263665208106045,0,0,10156,149.233,1980
263665258220843,0,0,10156,149.251,1980
263665308355194,0,0,10156,149.251,1980
263665358471285,0,0,10156,149.269,1980
263665408587161,0,0,10156,149.269,1980
263665458735592,0,0,10156,149.283,1980
263665524072390,0,0,10156,149.283,1980
263665582517686,0,0,10156,149.296,1980
263665633616081,0,0,10156,149.296,1980
263665686420411,0,0,10156,149.31,1980
263665736573843,0,0,10282,149.31,1980
263665786711124,0,0,10282,149.329,1980
263665836916256,0,0,10574,149.329,1980
263666586124771,0,0,10574,159.353,1980
263666916366186,0,0,10254,151.2,1980
263667248416817,0,0,10282,150.883,1980
263667298592446,0,0,10342,150.883,1980
263667348808678,0,0,10368,152.001,1980
263667398970905,0,0,10370,152.001,1980
263667449054804,11,3,10352,153.147,1980
263667499169348,11,3,10374,153.147,1980
263667549318613,11,3,10378,154.235,1980
263667599474818,11,3,10380,154.235,1980
263667649600751,8,2,10366,155.014,1980
263667699716496,8,2,10382,155.014,1980
263667749850049,8,2,10392,156.276,1980
263667799978371,8,2,10398,156.276,1980
263667850104109,10,3,10400,157.175,1980
263667900214059,10,3,10384,157.175,1980
263667950352003,10,3,10388,157.946,1980
263668000480924,10,3,10394,157.946,1980
263668050666571,11,3,10398,159.227,1980
263668100792476,11,3,10404,159.227,1980
263668484338293,0,0,10406,158.869,1980
263668832712306,0,0,10320,155.605,1980
263668882829905,0,0,18718,154.843,1980
263668934524706,0,0,18718,154.843,1980
263668985491243,0,0,18718,154.299,1980
263669035617732,0,0,18718,154.299,1980
263669089990493,0,0,18718,153.38,1980
263669140107866,0,0,18718,153.38,1980
263669190222125,0,0,18718,151.987,1980
263669240556194,0,0,18718,151.987,1980
263669290716904,0,0,18718,151.036,1980
263669340851501,0,0,18718,151.036,1980
263669390970267,0,0,18718,151.0,1980
263669445685730,0,0,18718,150.978,1980
263669499320768,0,0,18718,150.978,1980
263669549431135,0,0,18718,150.969,1980
263669599560840,0,0,19038,150.969,1980
263669649690568,17,9,19038,161.206,1980
263669699825316,17,9,19040,161.206,1980
263669751255131,17,9,19040,162.148,1980
263669801367419,17,9,19042,162.148,1980
263669851486394,2,0,19042,162.078,1980
263669901612300,2,0,19042,162.078,1980
263669951727654,2,0,19042,162.815,1980
263670345700203,0,0,19042,163.688,1980
263670395840986,0,0,18874,163.688,1980
263670446019708,10,3,18848,165.072,1980
263670496172654,10,3,18868,165.072,1980
263670546316965,10,3,18848,166.492,1980
263670596478516,10,3,18866,166.492,1980
263670646657538,10,3,18848,158.453,1980
263670696815240,10,3,18860,158.453,1980
263670746983362,10,3,18860,158.478,1980
263670797118132,10,3,18848,158.478,1980
263670848269230,11,3,18868,159.583,1980
263670898404525,11,3,18848,159.583,1980
263670948516240,11,3,18868,159.704,1980
263670998672172,11,3,18868,159.704,1980
263671048880753,10,3,18868,159.86,1980
263671099610859,10,3,18848,159.86,1980
263671149795066,10,3,18848,160.826,1980
263671199926567,10,3,18870,160.826,1980
263671250058662,11,4,18852,161.899,1980
263671300217060,11,4,18874,161.899,1980
263671350343874,11,4,18856,163.379,1980
263671724750881,0,0,18858,159.333,1980
263671776404249,0,0,18858,158.175,1980
263671829948684,0,0,18858,158.175,1980
263671880614580,0,0,18858,156.806,1980
263671931728156,0,0,18858,156.806,1980
263671981842447,0,0,18858,156.087,1980
263672031949502,0,0,18858,156.087,1980
263672082086161,0,0,18858,154.816,1980
263672132194287,0,0,18858,154.816,1980
263672182299139,0,0,18858,154.02,1980
263672232420806,0,0,18858,154.02,1980
263672282530501,0,0,18858,152.715,1980
263672332638509,0,0,18858,152.715,1980
263672382756120,0,0,18858,151.19,1980
263672432870158,0,0,18858,151.19,1980
263672482979855,0,0,18858,150.569,1980
263672534095407,0,0,18858,150.569,1980
263672586364907,0,0,18858,150.565,1980
263672636491097,0,0,18858,150.565,1980
263672686599812,0,0,18858,150.564,1980
263672743591248,0,0,18858,150.564,1980
263673152598325,0,0,18858,150.535,1980
263673202783966,0,0,18858,150.535,1980
263673281995336,0,0,18858,150.557,1980
263673498646180,0,0,18858,150.602,1980
263673552307541,0,0,18858,150.62,1980
263673603039614,0,0,18858,150.62,1980
263673653745177,2,2,18858,150.725,1980
263673704460949,2,2,18858,150.725,1980
263673754565097,2,2,18858,151.355,1980
263673970223458,10,5,18894,157.078,1980
263674020709985,10,5,18894,157.078,1980
263674070839860,32,15,18894,165.504,1980
263674122735513,32,15,18894,165.504,1980
263674172894899,32,15,18894,184.827,1980
263674223898353,32,15,18894,184.827,1980
263674274008129,75,37,18894,206.279,1980
263674324116023,75,37,18894,206.279,1980
263674374278889,75,37,18894,228.04,1980
263674425350765,75,37,18894,228.04,1980
263674475512377,83,41,18894,248.448,1980
263674525946927,83,41,18894,248.448,1980
263674576215703,83,41,18894,271.203,1980
263674627089057,83,41,18894,271.203,1980
263674677718321,97,48,18894,290.561,1980
263674727829267,97,48,18894,290.561,1980
263674780907346,97,48,18894,312.165,1980
263674831589759,97,48,18894,312.165,1980
263674881709656,37,18,18916,313.875,1980
263674931824302,37,18,20116,313.875,1980
263674981940637,37,18,23894,323.102,1980
263675032050305,37,18,25086,323.102,1980
263675082157200,86,44,25086,356.59,1980
263675132263641,86,44,25086,356.59,1980
263675182373275,86,44,25086,383.725,1980
263675232487172,86,44,25086,383.725,1980
263675282609811,87,45,25086,401.905,1980
263675332732649,87,45,30386,401.905,1980
263675382847119,87,45,35580,392.26,1980
263675432956796,87,45,36836,392.26,1980
263675483077245,38,22,36836,386.592,1980
263675533183250,38,22,42810,386.592,1980
263675583287765,38,22,42810,407.218,1980
263675633390043,38,22,42810,407.218,1980
263675683490920,97,53,42810,428.825,1980
263675733597695,97,53,42810,428.825,1980
263675783710510,97,53,42810,444.986,1980
263675833814186,97,53,42810,444.986,1980
263675883921368,99,55,42810,483.188,1980
263675935003226,99,55,42810,483.188,1980
263675986377902,99,55,42810,519.248,1980
263676036523239,99,55,42810,519.248,1980
263676086647484,96,54,42810,525.288,1980
263676136764778,96,54,42810,525.288,1980
263676186871363,96,54,42810,518.724,1980
263676236976516,96,54,42810,518.724,1980
263676287081458,97,53,42810,522.624,1980
263676337445898,97,53,42810,522.624,1980
263676387568699,97,53,42810,544.901,1980
263676437927079,97,53,42810,544.901,1980
263676488668892,30,28,42810,539.584,1980
263676539403311,30,28,42810,539.584,1980
263676589993009,30,28,42810,497.016,1980
263676640130839,30,28,42810,497.016,1980
263676690402313,2,1,42810,459.112,1980
263676740536227,2,1,42810,459.112,1980
263676791737203,2,1,42810,436.764,1980
263676843606166,2,1,42810,436.764,1980
263676893987496,74,36,42810,415.343,1980
263676945145135,74,36,42810,415.343,1980
263676995306346,74,36,42810,390.902,1980
263677046484023,74,36,42810,390.902,1980
263677096616712,84,41,42810,373.767,1980
263677146905181,84,41,42810,349.63,1980
263677197037554,84,41,42810,349.63,1980
263677247224658,98,47,42810,335.423,1980
263677297354857,98,47,42810,335.423,1980
263677347468554,98,47,42810,315.741,1980
263677397600062,98,47,42810,315.741,1980
263677447727465,78,38,42810,321.508,1980
263677497841909,78,38,42812,321.508,1980
263677547950008,78,38,44004,362.495,1980
263677598053472,78,38,44004,362.495,1980
263677648159598,99,51,44004,409.638,1980
263677698261141,99,51,44004,409.638,1980
263677748400407,99,51,44004,442.872,1980
263677798511080,99,51,50242,442.872,1980
263677848617369,77,42,50242,458.074,1980
263677898742667,77,42,50242,458.074,1980
263677948846214,77,42,54856,477.39,1980
263677998949089,77,42,54856,477.39,1980
263678049053181,97,53,54856,498.084,1980
263678099152548,97,53,54856,498.084,1980
263678149251274,97,53,54856,514.387,1980
263678199353060,97,53,54856,514.387,1980
263678249456147,99,55,54856,537.768,1980
263678299560211,99,55,54856,537.768,1980
263678349664862,99,55,54856,557.019,1980
263678399768936,99,55,54856,557.019,1980
263678449873637,96,54,54856,581.697,1980
263678499981582,96,54,54856,581.697,1980
263678550098551,96,54,54856,581.166,1980
263678600237664,96,54,54856,581.166,1980
263678650363826,95,55,54856,575.304,1980
263678700483877,95,55,54856,575.304,1980
263678750632417,95,55,54856,570.984,1980
263678801400855,95,55,54856,570.984,1980
263678852173527,36,32,54856,546.57,1980
263678902822587,36,32,54856,546.57,1980
263678953911966,36,32,54856,505.8,1980
263679004038640,36,32,54856,505.8,1980
263679055585347,24,12,54856,469.093,1980
263679105747451,24,12,54856,469.093,1980
263679155968418,24,12,54856,449.485,1980
263679206137727,24,12,54856,449.485,1980
263679256807978,79,38,54856,426.662,1980
263679307967775,79,38,54856,426.662,1980
263679358740050,79,38,54856,403.307,1980
263679409479875,79,38,54856,403.307,1980
263679459910350,90,44,54856,384.282,1980
263679510431861,90,44,54856,384.282,1980
263679561236415,90,44,54856,365.077,1980
263679612454926,90,44,54856,365.077,1980
263679662571982,100,49,54856,349.232,1980
263679712746459,100,49,54856,349.232,1980
263679762865850,100,49,54856,325.801,1980
263679812991229,100,49,54858,325.801,1980
263679863104046,67,33,54858,342.627,1980
263679913206380,67,33,54858,342.627,1980
263679963326293,67,33,54858,391.621,1980
263680013446191,67,33,54858,391.621,1980
263680063554433,98,49,54858,435.409,1980
263680113670226,98,49,54860,435.409,1980
263680163776488,98,49,54860,455.051,1980
263680213892482,98,49,54860,455.051,1980
263680263996400,96,52,54860,472.847,1980
263680314106857,96,52,54860,472.847,1980
263680364213357,96,52,54860,496.052,1980
263680414319558,96,52,54860,496.052,1980
263680464422185,96,54,54860,513.403,1980
263680514537983,96,54,54860,513.403,1980
263680564642336,96,54,54860,529.982,1980
263680614761293,96,54,54860,529.982,1980
263680664872334,96,54,54860,552.549,1980
263680714976947,96,54,54860,552.549,1980
263680765075519,96,54,54860,570.345,1980
263680815178224,96,54,54860,570.345,1980
263680865279525,99,55,54860,578.582,1980
263680915382476,99,55,54860,578.582,1980
263680965488350,99,55,54860,570.924,1980
263681016517223,99,55,54860,570.924,1980
263681067184613,42,35,54860,538.461,1980
263681117882912,42,35,54860,538.461,1980
263681168598855,42,35,54860,500.856,1980
263681219808062,42,35,54860,500.856,1980
263681270720655,22,11,54860,467.467,1980
263681321967978,22,11,54860,467.467,1980
263681372072291,22,11,54860,447.885,1980
263681422235933,22,11,54860,447.885,1980
263681472795301,77,37,54860,426.952,1980
263681523644408,77,37,54860,426.952,1980
263681573757474,77,37,54860,407.629,1980
263681623872689,77,37,54860,407.629,1980
263681674592334,91,45,54860,389.459,1980
263681725508279,91,45,54860,389.459,1980
263681776365926,91,45,54860,367.126,1980
263681826471072,91,45,54860,367.126,1980
263681876607039,100,49,54860,351.501,1980
263681926806467,100,49,54860,351.501,1980
263681976929186,100,49,54860,328.106,1980
263682027043850,100,49,54860,328.106,1980
263682077147127,72,36,54860,347.497,1980
263682127253344,72,36,54860,347.497,1980
263682177360353,72,36,54860,391.943,1980
263682227462470,72,36,54860,391.943,1980
263682277570002,98,50,54860,434.714,1980
263682327677065,98,50,54860,434.714,1980
263682377810210,98,50,54860,457.108,1980
263682427929548,98,50,54860,457.108,1980
263682478035924,96,53,54860,483.443,1980
263682528148003,96,53,54860,483.443,1980
263682578248866,96,53,54860,502.571,1980
263682628353236,96,53,54860,502.571,1980
263682678456469,96,54,54860,524.526,1980
263682728561080,96,54,54860,524.526,1980
263682778665563,96,54,54860,541.284,1980
263682828769619,96,54,54860,541.284,1980
263682878875717,96,55,54860,572.816,1980
263682928977683,96,55,54860,572.816,1980
263682979082259,96,55,54860,584.243,1980
263683029186164,96,55,54860,584.243,1980
263683079290022,96,54,54860,599.748,1980
263683129393626,96,54,54860,599.748,1980
263683179496206,96,54,54860,592.252,1980
263683230394623,96,54,54860,592.252,1980
263683281044456,56,43,54860,563.689,1980
263683331744449,56,43,54860,563.689,1980
263683382561545,56,43,54860,521.247,1980
263683433779734,56,43,54860,521.247,1980
263683483966543,11,5,54860,485.232,1980
263683535539047,11,5,54860,485.232,1980
263683585727292,11,5,54860,462.205,1980
263683636994393,11,5,54860,462.205,1980
263683688326656,74,36,54860,439.726,1980
263683739719180,74,36,54860,439.726,1980
263683790090132,74,36,54860,419.221,1980
263683840223677,74,36,54860,419.221,1980
263683891258116,79,39,54860,386.677,1980
263683941417526,79,39,54860,386.677,1980
263683991540351,79,39,54860,370.816,1980
263684042904984,79,39,54860,370.816,1980
263684093054457,92,44,54860,355.101,1980
263684143361713,92,44,54860,355.101,1980
263684193494250,92,44,54860,328.302,1980
263684244412341,92,44,54860,328.302,1980
263684294536793,92,46,54860,331.084,1980
263684344662191,92,46,54860,331.084,1980
263684394781406,92,46,54860,364.025,1980
263684444887771,92,46,54860,364.025,1980
263684494987874,98,51,54860,410.339,1980
263684545090936,98,51,54860,410.339,1980
263684595195619,98,51,54860,437.839,1980
263684645303761,98,51,54860,437.839,1980
263684695414538,87,47,54860,457.724,1980
263684745519211,87,47,54860,457.724,1980
263684795620269,87,47,54860,480.726,1980
263684845737214,87,47,54860,480.726,1980
263684895840764,96,56,54860,501.753,1980
263684945953007,96,56,54860,501.753,1980
263684996058030,96,56,54860,524.164,1980
263685046158062,96,56,54860,524.164,1980
263685096258727,96,55,54860,546.17,1980
263685146361108,96,55,54860,546.17,1980
263685196461850,96,55,54860,563.257,1980
263685246564555,96,55,54860,563.257,1980
263685296665095,97,54,54860,589.099,1980
263685346768009,97,54,54860,589.099,1980
263685396870427,97,54,54860,597.115,1980
263685446971510,97,54,54860,597.115,1980
263685497073160,96,55,54860,595.892,1980
263685547174765,96,55,54860,595.892,1980
263685597281171,96,55,54860,593.683,1980
263685647990631,96,55,54860,593.683,1980
263685698695290,84,58,54860,587.751,1980
263685749653304,84,58,54860,587.751,1980
263685800372224,84,58,54860,545.675,1980
263685850556151,84,58,54860,545.675,1980
263685900839896,2,2,54860,499.192,1980
263685950996027,2,2,54860,474.513,1980
263686002508878,2,2,54860,474.513,1980
263686053685729,75,36,54860,452.801,1980
263686103850824,75,36,54860,452.801,1980
263686155178296,75,36,54860,433.126,1980
263686206609619,75,36,54860,433.126,1980
263686257822226,83,40,54860,412.632,1980
263686308035690,83,40,54860,412.632,1980
263686358374067,83,40,54860,390.337,1980
263686409529729,83,40,54860,390.337,1980
263686460281314,93,45,54860,367.506,1980
263686510869632,93,45,54860,367.506,1980
263686561260910,93,45,54860,345.69,1980
263686611365875,93,45,54860,345.69,1980
263686661471657,88,44,54860,323.613,1980
263686711579721,88,44,54860,323.613,1980
263686761694496,88,44,54860,369.201,1980
263686811816019,88,44,54860,369.201,1980
263686861919129,99,51,54860,417.724,1980
263686912034994,99,51,54860,417.724,1980
263686962153413,99,51,54860,444.299,1980
263687012265458,99,51,54860,444.299,1980
263687062369893,90,49,54860,465.09,1980
263687112473304,90,49,54860,465.09,1980
263687162575853,90,49,54860,489.14,1980
263687212679264,90,49,54860,489.14,1980
263687262781289,97,54,54860,511.776,1980
263687312884160,97,54,54860,511.776,1980
263687362986136,97,54,54860,530.985,1980
263687413088325,97,54,54860,530.985,1980
263687463310072,96,55,54860,556.674,1980
263687513413571,96,55,54860,556.674,1980
263687563515499,96,55,54860,573.372,1980
263687613619182,96,55,54860,573.372,1980
263687663721757,97,54,54860,598.976,1980
263687713821985,97,54,54860,598.976,1980
263687763923071,97,54,54860,596.226,1980
263687814027197,97,54,54860,596.226,1980
263687864128420,99,56,54860,591.354,1980
263687914231850,99,56,54860,591.354,1980
263687964333501,99,56,54860,586.925,1980
263688017337524,99,56,54860,586.925,1980
263688068184573,69,50,54860,571.836,1980
263688118924862,69,50,54860,571.836,1980
263688169804444,69,50,54860,526.975,1980
263688227531275,69,50,54860,526.975,1980
263688278298957,2,1,54860,488.152,1980
263688328414042,2,1,54860,488.152,1980
263688379773497,2,1,54860,460.952,1980
263688431196311,2,1,54860,460.952,1980
263688481372970,75,37,54860,439.124,1980
263688533312106,75,37,54860,439.124,1980
263688583465042,75,37,54860,418.453,1980
263688633589476,75,37,54860,418.453,1980
263688683774934,86,42,54860,397.572,1980
263688733943782,86,42,54860,397.572,1980
263688784846380,86,42,54860,378.811,1980
263688836057207,86,42,54860,378.811,1980
263688886623804,99,49,54860,362.942,1980
263688936812815,99,49,54860,362.942,1980
263688986970496,99,49,54860,339.139,1980
263689037089450,99,49,54860,339.139,1980
263689087207353,72,36,54860,327.153,1980
263689137326302,72,36,54860,327.153,1980
263689187435186,72,36,54860,375.373,1980
263689237547202,72,36,54860,375.373,1980
263689287655580,98,51,54860,422.724,1980
263689341496794,98,51,54860,422.724,1980
263689391600482,98,51,54860,448.733,1980
263689441709762,98,51,54860,448.733,1980
263689491821474,78,43,54860,465.66,1980
263689541928931,78,43,54860,465.66,1980
263689592037099,78,43,54860,489.941,1980
263689642143438,78,43,54860,489.941,1980
263689692249005,97,53,54860,509.195,1980
263689742366574,97,53,54860,509.195,1980
263689792470990,97,53,54860,530.79,1980
263689842577786,97,53,54860,530.79,1980
263689892691039,98,55,54860,557.157,1980
263689942798499,98,55,54860,557.157,1980
263689992913324,98,55,54860,573.482,1980
263690043029168,98,55,54860,573.482,1980
263690093136470,96,55,54860,605.116,1980
263690143251482,96,55,54860,605.116,1980
263690193355088,96,55,54860,602.474,1980
263690243458102,96,55,54860,602.474,1980
263690293560919,97,57,54860,596.387,1980
263690343665449,97,57,54860,596.387,1980
263690394908217,97,57,54860,591.884,1980
263690445995873,97,57,54860,591.884,1980
263690496835996,50,40,54860,574.053,1980
263690547811895,50,40,54860,574.053,1980
263690598323304,50,40,54860,526.537,1980
263690649998755,50,40,54860,526.537,1980
263690700169975,14,6,54860,492.017,1980
263690750313536,14,6,54860,492.017,1980
263690801485585,14,6,54860,465.764,1980
263690851615659,14,6,54860,465.764,1980
263690901746246,76,37,54860,443.918,1980
263690952957574,76,37,54860,443.918,1980
263691003134537,76,37,54860,418.06,1980
263691053909744,76,37,54860,399.288,1980
263691104099891,82,40,54860,399.288,1980
263691154559211,82,40,54860,374.089,1980
263691205277374,82,40,54860,374.089,1980
263691255388342,100,49,54860,355.71,1980
263691305492395,100,49,54860,355.71,1980
263691355635876,100,49,54860,333.717,1980
263691405747269,100,49,54860,333.717,1980
263691455868215,70,35,54860,330.386,1980
263691505982692,70,35,54860,330.386,1980
263691556085551,70,35,54860,380.276,1980
263691606186635,70,35,54860,380.276,1980
263691656291790,98,49,54860,425.161,1980
263691706399762,98,49,54860,425.161,1980
263691756506676,98,49,54860,451.986,1980
263691806611004,98,49,54860,451.986,1980
263691856713425,97,49,54860,469.93,1980
263691906817449,97,49,54860,469.93,1980
263691956926728,97,49,54860,490.278,1980
263692007044756,97,49,54860,490.278,1980
263692057153289,96,55,54860,513.427,1980
263692107274514,96,55,54860,513.427,1980
263692157400724,96,55,54860,530.579,1980
263692207511444,96,55,54860,530.579,1980
263692257617165,95,53,54860,553.581,1980
263692307725416,95,53,54860,553.581,1980
263692357833241,95,53,54860,577.63,1980
263692407942387,95,53,54860,577.63,1980
263692458051396,96,54,54860,597.94,1980
263692508157686,96,54,54860,597.94,1980
263692558261469,96,54,54860,590.558,1980
263692608370869,96,54,54860,590.558,1980
263692658483630,95,61,54860,584.057,1980
263692709501596,95,61,54860,584.057,1980
263692760450332,95,61,54860,543.398,1980
263692812026422,95,61,54860,543.398,1980
263692862168400,2,2,54860,501.881,1980
263692912338190,2,2,54860,501.881,1980
263692962478912,2,2,54860,472.033,1980
263693014110697,2,2,54860,472.033,1980
263693064476673,74,36,54860,450.862,1980
263693115483871,74,36,54860,450.862,1980
263693165847236,74,36,54860,429.96,1980
263693216245954,74,36,54860,429.96,1980
263693267108813,87,42,54860,410.265,1980
263693317266318,87,42,54860,410.265,1980
263693368267485,87,42,54860,390.994,1980
263693418429614,87,42,54860,390.994,1980
263693468563744,97,48,54860,371.276,1980
263693519459475,97,48,54860,371.276,1980
263693570144873,97,48,54860,346.154,1980
263693620254858,97,48,54860,346.154,1980
263693670362344,92,45,54860,329.695,1980
263693720467878,92,45,54860,329.695,1980
263693770579977,92,45,54860,368.696,1980
263693820692979,92,45,54860,368.696,1980
263693870797128,99,52,54860,423.456,1980
263693920899998,99,52,54860,423.456,1980
263693971025407,99,52,54860,459.348,1980
263694021141635,99,52,54860,459.348,1980
263694071251419,90,49,54860,479.527,1980
263694121359192,90,49,54860,479.527,1980
263694171464643,90,49,54860,500.469,1980
263694221577102,90,49,54860,500.469,1980
263694271691273,97,55,54860,521.568,1980
263694321795446,97,55,54860,521.568,1980
263694371899350,97,55,54860,542.626,1980
263694422005588,97,55,54860,542.626,1980
263694472110857,96,56,54860,562.165,1980
263694522225063,96,56,54860,562.165,1980
263694572329643,96,56,54860,576.725,1980
263694622435428,96,56,54860,576.725,1980
263694672552471,97,54,54860,600.582,1980
263694722655463,97,54,54860,600.582,1980
263694772755604,97,54,54860,598.378,1980
263694822856055,97,54,54860,598.378,1980
263694872970364,99,56,54860,586.299,1980
263694923075877,99,56,54860,586.299,1980
263694973176901,99,56,54860,582.967,1980
263695023286332,99,56,54860,582.967,1980
263695073997356,73,53,54860,559.566,1980
263695124869410,73,53,54860,559.566,1980
263695175830949,73,53,54860,524.398,1980
263695225968825,73,53,54860,524.398,1980
263695276114722,2,1,54860,481.999,1980
263695327345153,2,1,54860,481.999,1980
263695377492168,2,1,54860,454.337,1980
263695428947420,2,1,54860,454.337,1980
263695479763215,75,37,54860,435.745,1980
263695529882885,75,37,54860,435.745,1980
263695580052752,75,37,54860,413.226,1980
263695630188831,75,37,54860,413.226,1980
263695680300524,80,39,54860,390.219,1980
263695730455611,80,39,54860,390.219,1980
263695781065151,80,39,54860,369.888,1980
263695831189657,80,39,54860,369.888,1980
263695881309094,99,49,54860,355.829,1980
263695937393882,99,49,54860,355.829,1980
263695987508754,99,49,54860,335.789,1980
263696037627109,99,49,54860,335.789,1980
263696087744096,77,39,54860,336.965,1980
263696137860605,77,39,54860,336.965,1980
263696187968253,77,39,54860,383.67,1980
263696238067355,77,39,54860,383.67,1980
263696288167449,98,50,54860,432.14,1980
263696338274642,98,50,54860,432.14,1980
263696388378134,98,50,54860,454.952,1980
263696438495034,98,50,54860,454.952,1980
263696488605653,95,51,54860,477.801,1980
263696538707608,95,51,54860,477.801,1980
263696588812322,95,51,54860,496.094,1980
263696638920149,95,51,54860,496.094,1980
263696689027335,96,54,54860,517.485,1980
263696739132129,96,54,54860,517.485,1980
263696789250332,96,54,54860,541.291,1980
263696839357405,96,54,54860,541.291,1980
263696889458502,96,54,54860,562.961,1980
263696939560021,96,54,54860,562.961,1980
263696989661933,96,54,54860,584.542,1980
263697039765735,96,54,54860,584.542,1980
263697089873038,96,55,54860,602.56,1980
263697139973066,96,55,54860,602.56,1980
263697190074279,96,55,54860,593.289,1980
263697240174529,96,55,54860,593.289,1980
263697290282991,96,54,54860,588.345,1980
263697341338971,96,54,54860,588.345,1980
263697391955631,96,54,54860,560.162,1980
263697442940332,96,54,54860,560.162,1980
263697493582242,2,2,54860,517.786,1980
263697543733564,2,2,54860,517.786,1980
263697595023320,2,2,54860,482.433,1980
263697645166901,2,2,54860,482.433,1980
263697696462520,72,35,54860,457.464,1980
263697746659274,72,35,54860,457.464,1980
263697797925561,72,35,54860,438.086,1980
263697848323284,72,35,54860,438.086,1980
263697898908314,76,38,54860,415.98,1980
263697949091160,76,38,54860,415.98,1980
263698000286937,76,38,54860,395.051,1980
263698050447865,76,38,54860,395.051,1980
263698100573048,90,43,54860,375.913,1980
263698150785147,90,43,54860,375.913,1980
263698201405631,90,43,54860,356.643,1980
263698251511606,90,43,54860,356.643,1980
263698301614291,100,49,54860,337.538,1980
263698351724058,100,49,54860,337.538,1980
263698401848590,100,49,54860,335.98,1980
263698451968449,100,49,54860,335.98,1980
263698502077452,93,48,54860,389.381,1980
263698552178838,93,48,54860,389.381,1980
263698602279809,93,48,54860,428.403,1980
263698652384315,93,48,54860,428.403,1980
263698702492174,99,49,54860,456.138,1980
263698752593705,99,49,54860,456.138,1980
263698802695711,99,49,54860,480.678,1980
263698852795295,99,49,54860,480.678,1980
263698902931827,96,53,54860,504.586,1980
263698953044809,96,53,54860,504.586,1980
263699003151130,96,53,54860,523.612,1980
263699053261384,96,53,54860,523.612,1980
263699103371595,97,55,54860,545.906,1980
263699153496052,97,55,54860,545.906,1980
263699203607706,97,55,54860,564.385,1980
263699253733053,97,55,54860,564.385,1980
263699303844640,96,54,54860,588.102,1980
263699353953274,96,54,54860,588.102,1980
263699404059000,96,54,54860,611.8,1980
263699454176266,96,54,54860,611.8,1980
263699504282766,97,53,54860,604.346,1980
263699554391953,97,53,54860,604.346,1980
263699604495514,97,53,54860,601.189,1980
263699654601928,97,53,54860,601.189,1980
263699705847051,99,55,54860,597.025,1980
263699756610643,99,55,54860,597.025,1980
263699807397654,99,55,54860,556.931,1980
263699858492633,99,55,54860,513.821,1980
263699908629799,2,2,54860,513.821,1980
263699958759739,2,2,54860,488.555,1980
263700009216939,2,2,54860,488.555,1980
263700060612539,75,37,54860,467.435,1980
263700111784682,75,37,54860,467.435,1980
263700161893431,75,37,54860,442.698,1980
263700212017099,75,37,54860,442.698,1980
263700262792157,87,42,54860,419.263,1980
263700313744405,87,42,54860,419.263,1980
263700363910190,87,42,54860,392.064,1980
263700414133257,87,42,54860,392.064,1980
263700464587788,100,49,54860,378.929,1980
263700514706142,100,49,54860,378.929,1980
263700564838597,100,49,54860,354.518,1980
263700614962338,100,49,54860,354.518,1980
263700665079662,88,44,54860,335.577,1980
263700715189493,88,44,54860,335.577,1980
263700765315902,88,44,54860,376.278,1980
263700815424661,88,44,54860,376.278,1980
263700865523481,99,52,54860,421.157,1980
263700915645315,99,52,54860,421.157,1980
263700965768779,99,52,54860,450.579,1980
263701015873950,99,52,54860,450.579,1980
263701065995241,90,50,54860,473.102,1980
263701116105527,90,50,54860,473.102,1980
263701166210409,90,50,54860,499.798,1980
263701216312964,90,50,54860,499.798,1980
263701266424274,97,55,54860,516.324,1980
263701316528684,97,55,54860,516.324,1980
263701366633228,97,55,54860,537.085,1980
263701416743020,97,55,54860,537.085,1980
263701466844177,96,56,54860,557.103,1980
263701516948236,96,56,54860,557.103,1980
263701567044165,96,56,54860,577.93,1980
263701617145602,96,56,54860,577.93,1980
263701667250784,97,54,54860,598.947,1980
263701717351809,97,54,54860,598.947,1980
263701767453654,97,54,54860,592.887,1980
263701817556767,97,54,54860,592.887,1980
263701867691848,97,55,54860,584.682,1980
263701917795405,97,55,54860,584.682,1980
263701967896889,97,55,54860,584.198,1980
263702020581217,97,55,54860,584.198,1980
263702071687567,80,57,54860,566.434,1980
263702122600256,80,57,54860,566.434,1980
263702173310038,80,57,54860,522.646,1980
263702230079015,80,57,54860,522.646,1980
263702280643973,3,2,54860,490.489,1980
263702330800631,3,2,54860,490.489,1980
263702382052289,3,2,54860,467.566,1980
263702432851427,3,2,54860,467.566,1980
263702483508468,76,37,54860,445.578,1980
263702534671885,76,37,54860,445.578,1980
263702584874520,76,37,54860,422.77,1980
263702635273857,76,37,54860,422.77,1980
263702686569487,85,42,54860,401.578,1980
263702737439021,85,42,54860,401.578,1980
263702787597265,85,42,54860,383.846,1980
263702837864669,85,42,54860,383.846,1980
263702887994923,99,48,54860,369.44,1980
263702938171180,99,48,54860,369.44,1980
263702998046307,99,48,54860,338.128,1980
263703048166532,99,48,54860,338.128,1980
263703098305349,78,40,54860,339.428,1980
263703148420579,78,40,54860,339.428,1980
263703198534166,78,40,54860,389.941,1980
263703248644172,78,40,54860,389.941,1980
263703298752286,98,54,54860,437.781,1980
263703348862511,98,54,54860,437.781,1980
263703398976179,98,54,54860,460.417,1980
263703449055904,98,54,54860,460.417,1980
263703499160227,97,52,54860,482.783,1980
263703549268277,97,52,54860,482.783,1980
263703599376851,97,52,54860,504.21,1980
263703649487964,97,52,54860,504.21,1980
263703699594971,98,58,54860,521.373,1980
263703749704380,98,58,54860,521.373,1980
263703799811307,98,58,54860,541.396,1980
263703849915578,98,58,54860,541.396,1980
263703900022504,96,56,54860,559.918,1980
263703950125588,96,56,54860,559.918,1980
263704000231650,96,56,54860,582.237,1980
263704050341177,96,56,54860,582.237,1980
263704100450747,96,56,54860,600.088,1980
263704150570462,96,56,54860,600.088,1980
263704200675548,96,56,54860,589.393,1980
263704250789706,96,56,54860,589.393,1980
263704301481175,97,67,54860,570.949,1980
263704352135195,97,67,54860,570.949,1980
263704403222832,97,67,54860,527.714,1980
263704453345570,97,67,54860,527.714,1980
263704504093542,2,2,54860,485.966,1980
263704555852779,2,2,54860,485.966,1980
263704607283707,2,2,54860,464.339,1980
263704657770016,2,2,54860,464.339,1980
263704708768940,76,37,54860,446.244,1980
263704758908589,76,37,54860,446.244,1980
263704809935574,76,37,54860,423.35,1980
263704860608529,76,37,54860,404.482,1980
263704911024296,95,46,54860,404.482,1980
263704961146304,95,46,54860,379.317,1980
263705011685351,95,46,54860,379.317,1980
263705062113058,100,50,54860,360.459,1980
263705112229278,100,50,54860,360.459,1980
263705162350479,100,50,54860,342.082,1980
263705212460128,100,50,54860,342.082,1980
263705262573062,80,41,54860,340.682,1980
263705312691785,80,41,54860,340.682,1980
263705362897950,80,41,54860,387.46,1980
263705413063029,80,41,54860,387.46,1980
263705463188075,98,51,54860,433.919,1980
263705513313854,98,51,54860,433.919,1980
263705563435633,98,51,54860,460.64,1980
263705613560716,98,51,54860,460.64,1980
263705663683660,94,52,54860,487.508,1980
263705713794766,94,52,54860,487.508,1980
263705763912915,94,52,54860,505.766,1980
263705814023928,94,52,54860,505.766,1980
263705864922859,95,54,54860,527.288,1980
263705915032665,95,54,54860,527.288,1980
263705965987771,95,54,54860,548.407,1980
263706016110594,95,54,54860,548.407,1980
263706066228113,97,54,54860,571.798,1980
263706116333493,97,54,54860,571.798,1980
263706166439367,97,54,54860,597.38,1980
263706216544636,97,54,54860,597.38,1980
263706266680963,96,55,54860,606.925,1980
263706316795616,96,55,54860,606.925,1980
263706366900706,96,55,54860,597.4,1980
263706417008763,96,55,54860,597.4,1980
263706467112540,96,53,54860,591.107,1980
263706517226569,96,53,54860,591.107,1980
263706567680033,96,53,54860,580.731,1980
263706618436874,96,53,54860,580.731,1980
263706669473096,13,13,54860,537.993,1980
263706720106257,13,13,54860,537.993,1980
263706773781450,13,13,54860,494.064,1980
263706824371983,13,13,54860,494.064,1980
263706875694743,49,23,54860,470.98,1980
263706927397372,49,23,54860,470.98,1980
263706977558442,49,23,54860,445.032,1980
263707027926768,49,23,54860,445.032,1980
263707078946234,84,41,54860,427.703,1980
263707129822356,84,41,54860,427.703,1980
263707179964924,84,41,54860,407.742,1980
263707230137988,84,41,54860,407.742,1980
263707280262448,99,49,54860,382.813,1980
263707330373719,99,49,54860,382.813,1980
263707380529418,99,49,54860,363.784,1980
263707430688418,99,49,54860,363.784,1980
263707485595230,100,50,54860,346.625,1980
263707535722950,100,50,54860,346.625,1980
263707585836947,100,50,54860,338.239,1980
263707635954676,100,50,54860,338.239,1980
263707686065958,98,51,54860,389.221,1980
263707736174721,98,51,54860,389.221,1980
263707786284564,98,51,54860,432.042,1980
263707836401135,98,51,54860,432.042,1980
263707886522403,91,46,54860,461.532,1980
263707936659047,91,46,54860,461.532,1980
263707986772909,91,46,54860,474.507,1980
263708036876852,91,46,54860,474.507,1980
263708086979944,98,55,54860,499.999,1980
263708137096629,98,55,54860,499.999,1980
263708187221486,98,55,54860,523.159,1980
263708237332868,98,55,54860,523.159,1980
263708287823875,96,54,54860,544.887,1980
263708337928693,96,54,54860,544.887,1980
263708388038422,96,54,54860,560.198,1980
263708438140165,96,54,54860,560.198,1980
263708488244439,96,55,54860,582.761,1980
263708539360720,96,55,54860,582.761,1980
263708589465870,96,55,54860,598.908,1980
263708639567776,96,55,54860,598.908,1980
263708689671329,96,55,54860,593.357,1980
263708739771422,96,55,54860,593.357,1980
263708789889013,96,55,54860,586.212,1980
263708840010952,96,55,54860,586.212,1980
263708890844508,81,56,54860,568.555,1980
263708941493053,81,56,54860,568.555,1980
263708992155011,81,56,54860,532.53,1980
263709042322843,81,56,54860,532.53,1980
263709092490574,2,2,54860,492.427,1980
263709144152925,2,2,54860,492.427,1980
263709195471093,2,2,54860,469.607,1980
263709246417779,2,2,54860,469.607,1980
263709296534418,78,38,54860,442.839,1980
263709347514834,78,38,54860,442.839,1980
263709397722082,78,38,54860,426.745,1980
263709447834704,78,38,54860,426.745,1980
263709497985608,94,46,54860,402.858,1980
263709548132556,94,46,54860,402.858,1980
263709598659096,94,46,54860,385.497,1980
263709649190896,94,46,54860,385.497,1980
263709699334163,100,50,54860,367.659,1980
263709749435315,100,50,54860,367.659,1980
263709799552867,100,50,54860,346.043,1980
263709849663653,100,50,54860,346.043,1980
263709899762594,72,36,54860,350.337,1980
263709949863158,72,36,54860,350.337,1980
263709999978091,72,36,54860,402.12,1980
263710050080833,72,36,54860,402.12,1980
263710100184734,99,49,54860,442.312,1980
263710150285976,99,49,54860,442.312,1980
263710200386838,99,49,54860,465.783,1980
263710250489265,99,49,54860,465.783,1980
263710300591125,97,52,54860,491.995,1980
263710352815309,97,52,54860,491.995,1980
263710402921738,97,52,54860,509.065,1980
263710453024818,97,52,54860,509.065,1980
263710503124445,96,54,54860,528.715,1980
263710553222232,96,54,54860,528.715,1980
263710603334543,96,54,54860,547.166,1980
263710734398293,96,54,54860,565.229,1980
263710784508725,96,54,54860,587.961,1980
263710834612172,96,54,54860,587.961,1980
263710884755726,98,56,54860,598.651,1980
263710934856016,98,56,54860,598.651,1980
263710984955940,98,56,54860,587.303,1980
263711035045626,98,56,54860,587.303,1980
263711085174826,96,54,54860,586.654,1980
263711136114959,96,54,54860,586.654,1980
263711186943235,96,54,54860,564.645,1980
263711237806791,96,54,54860,564.645,1980
263711288777541,2,2,54860,518.439,1980
263711338901132,2,2,54860,518.439,1980
263711390111168,2,2,54860,484.666,1980
263711440272030,2,2,54860,484.666,1980
263711491676626,71,34,54860,466.636,1980
263711543139419,71,34,54860,466.636,1980
263711594434146,71,34,54860,441.555,1980
263711645774692,71,34,54860,441.555,1980
263711696428135,77,38,54860,423.445,1980
263711746573882,77,38,54860,423.445,1980
263711797385106,77,38,54860,397.849,1980
263711848266273,77,38,54860,397.849,1980
263711899109795,98,48,54860,379.538,1980
263711949871491,98,48,54860,379.538,1980
263712000112658,98,48,54860,360.476,1980
263712050216547,98,48,54860,360.476,1980
263712100320668,100,50,54860,339.296,1980
263712150429852,100,50,54860,339.296,1980
263712200547276,100,50,54860,348.432,1980
263712250655521,100,50,54860,348.432,1980
263712300755257,98,50,54860,394.363,1980
263712350856476,98,50,54860,394.363,1980
263712400991168,98,50,54860,437.418,1980
263712451105819,98,50,54860,437.418,1980
263712501216707,89,47,54860,463.579,1980
263712551316014,89,47,54860,463.579,1980
263712601414704,89,47,54860,485.847,1980
263712651512574,89,47,54860,485.847,1980
263712701623991,96,54,54860,509.008,1980
263712751730960,96,54,54860,509.008,1980
263712801831437,96,54,54860,524.159,1980
263712851936982,96,54,54860,524.159,1980
263712902038676,98,54,54860,536.286,1980
263712952136517,98,54,54860,536.286,1980
263713002236543,98,54,54860,555.118,1980
263713052336630,98,54,54860,555.118,1980
263713102437498,96,54,54860,573.613,1980
263713152536141,96,54,54860,573.613,1980
263713202643399,96,54,54860,586.421,1980
263713252741186,96,54,54860,586.421,1980
263713302838944,96,54,54860,571.761,1980
263713352936573,96,54,54860,571.761,1980
263713403796931,96,54,54860,554.31,1980
263713454576653,96,54,54860,554.31,1980
263713505164187,3,3,54860,513.475,1980
263713555309214,3,3,54860,513.475,1980
263713605416711,3,3,54860,473.155,1980
263713655574414,3,3,54860,473.155,1980
263713705757270,56,26,54860,444.743,1980
263713755943099,56,26,54860,444.743,1980
263713806059846,56,26,54860,429.753,1980
263713856166656,56,26,54860,429.753,1980
263713906275936,83,40,54860,410.172,1980
263713957040120,83,40,54860,410.172,1980
263714007180869,83,40,54860,393.198,1980
263714057321122,83,40,54860,393.198,1980
263714107469752,99,49,54860,376.78,1980
263714157783154,99,49,54860,376.78,1980
263714207974581,99,49,54860,357.246,1980
263714258086563,99,49,54860,357.246,1980
263714308192268,100,50,54860,342.003,1980
263714358293920,100,50,54860,342.003,1980
263714408398130,100,50,54860,338.494,1980
263714458496962,100,50,54860,338.494,1980
263714508603890,98,51,54860,391.333,1980
263714558701978,98,51,54860,391.333,1980
263714608803489,98,51,54860,433.426,1980
263714658902137,98,51,54860,433.426,1980
263714709004045,90,48,54860,455.251,1980
263714759105961,90,48,54860,455.251,1980
263714809221138,90,48,54860,482.421,1980
263714859319785,90,48,54860,482.421,1980
263714909420367,97,53,54860,507.971,1980
263714959518144,97,53,54860,507.971,1980
263715009616020,97,53,54860,526.517,1980
263715059715664,97,53,54860,526.517,1980
263715109816332,96,55,54860,548.152,1980
263715159921230,96,55,54860,548.152,1980
263715210032608,96,55,54860,558.264,1980
263715260165980,96,55,54860,558.264,1980
263715310270770,96,55,54860,578.155,1980
263715360370402,96,55,54860,578.155,1980
263715410469924,96,55,54860,592.129,1980
263715460570396,96,55,54860,592.129,1980
263715510669469,96,55,54860,585.874,1980
263715561416509,96,55,54860,585.874,1980
263715612243683,96,55,54860,560.558,1980
263715662853904,96,55,54860,560.558,1980
263715713482878,2,2,54860,523.969,1980
263715763615375,2,2,54860,523.969,1980
263715813756651,2,2,54860,479.285,1980
263715863951503,2,2,54860,479.285,1980
263715915633013,70,34,54860,455.098,1980
263715966513461,70,34,54860,428.385,1980
263716017409362,70,34,54860,428.385,1980
263716067574402,80,39,54860,408.434,1980
263716117913429,80,39,54860,408.434,1980
263716168938813,80,39,54860,397.775,1980
263716219090540,80,39,54860,397.775,1980
263716269194524,99,49,54860,380.143,1980
263716319303771,99,49,54860,380.143,1980
263716369463687,99,49,54860,360.304,1980
263716419607847,99,49,54860,360.304,1980
263716473645856,100,50,54860,337.055,1980
263716523750287,100,50,54860,337.055,1980
263716573848747,100,50,54860,349.765,1980
263716623959216,100,50,54860,349.765,1980
263716674061562,98,49,54860,400.275,1980
263716724161920,98,49,54860,400.275,1980
263716774282436,98,49,54860,442.38,1980
263716824383058,98,49,54860,442.38,1980
263716874484424,90,47,54860,465.616,1980
263716924582424,90,47,54860,465.616,1980
263716974679466,90,47,54860,487.205,1980
263717024777235,90,47,54860,487.205,1980
263717074874284,96,54,54860,505.454,1980
263717124982009,96,54,54860,505.454,1980
263717175043892,96,54,54860,522.335,1980
263717225142191,96,54,54860,522.335,1980
263717275243928,96,55,54860,542.678,1980
263717325343838,96,55,54860,542.678,1980
263717375441377,96,55,54860,564.24,1980
263717425538468,96,55,54860,564.24,1980
263717475643424,96,54,54860,587.247,1980
263717525741318,96,54,54860,587.247,1980
263717575839637,96,54,54860,598.428,1980
263717625940032,96,54,54860,598.428,1980
263717676039444,96,54,54860,586.186,1980
263717726138754,96,54,54860,586.186,1980
263717777211442,96,54,54860,561.252,1980
263717828143303,96,54,54860,561.252,1980
263717879049449,2,2,54860,517.629,1980
263717929179539,2,2,54860,517.629,1980
263717980505013,2,2,54860,486.114,1980
263718030668037,2,2,54860,486.114,1980
263718082168744,73,35,54860,464.433,1980
263718133507168,73,35,54860,464.433,1980
263718184999926,73,35,54860,448.245,1980
263718235396759,73,35,54860,448.245,1980
263718285529449,83,40,54860,423.086,1980
263718336269664,83,40,54860,423.086,1980
263718386441976,83,40,54860,406.086,1980
263718436603173,83,40,54860,406.086,1980
263718486755069,99,48,54860,387.578,1980
263718536868188,99,48,54860,387.578,1980
263718586992180,99,48,54860,356.565,1980
263718637174363,99,48,54860,356.565,1980
263718687282237,100,50,54860,340.444,1980
263718737390307,100,50,54860,340.444,1980
263718787501569,100,50,54860,348.696,1980
263718837629024,100,50,54860,348.696,1980
263718887734693,98,51,54860,398.501,1980
263718937837297,98,51,54860,398.501,1980
263718987946930,98,51,54860,439.034,1980
263719038045354,98,51,54860,439.034,1980
263719088142230,89,48,54860,461.053,1980
263719138240768,89,48,54860,461.053,1980
263719188338759,89,48,54860,479.835,1980
263719238437937,89,48,54860,479.835,1980
263719288541220,96,55,54860,501.333,1980
263719338642192,96,55,54860,501.333,1980
263719388742848,96,55,54860,520.858,1980
263719438841240,96,55,54860,520.858,1980
263719488939421,96,54,54860,541.215,1980
263719539040741,96,54,54860,541.215,1980
263719589140112,96,54,54860,562.707,1980
263719639237488,96,54,54860,562.707,1980
263719689343299,96,54,54860,586.297,1980
263719739441665,96,54,54860,586.297,1980
263719789538886,96,54,54860,596.405,1980
263719839640052,96,54,54860,596.405,1980
263719889753821,96,55,54860,590.413,1980
263719939863365,96,55,54860,590.413,1980
263719989965409,96,55,54860,581.851,1980
263720040577647,96,55,54860,581.851,1980
263720091456493,37,33,54860,546.815,1980
263720142357425,37,33,54860,546.815,1980
263720192515380,37,33,54860,506.749,1980
263720243072681,37,33,54860,506.749,1980
263720293636280,29,14,54860,479.129,1980
263720344305510,29,14,54860,479.129,1980
263720394469930,29,14,54860,457.933,1980
263720444582632,29,14,54860,457.933,1980
263720495202358,79,38,54860,435.893,1980
263720545307433,79,38,54860,435.893,1980
263720595425509,79,38,54860,410.379,1980
263720645815782,79,38,54860,410.379,1980
263720696066554,100,49,54860,393.153,1980
263720746199405,100,49,54860,393.153,1980
263720796299965,100,49,54860,371.78,1980
263720846537833,100,49,54860,371.78,1980
263720906260580,100,50,54860,343.033,1980
263720956369274,100,50,54860,343.033,1980
263721006481192,100,50,54860,328.741,1980
263721056588571,100,50,54860,328.741,1980
263721106694956,98,51,54860,373.809,1980
263721156793475,98,51,54860,373.809,1980
263721206974808,98,51,54860,416.765,1980
263721257077411,98,51,54860,416.765,1980
263721307177658,91,46,54860,447.699,1980
263721357277304,91,46,54860,447.699,1980
263721407375114,91,46,54860,471.475,1980
263721457480170,91,46,54860,471.475,1980
263721507589811,98,55,54860,490.963,1980
263721557702116,98,55,54860,490.963,1980
263721607802621,98,55,54860,509.506,1980
263721657908700,98,55,54860,509.506,1980
263721708017315,96,54,54860,532.789,1980
263721758126096,96,54,54860,532.789,1980
263721808224326,96,54,54860,548.011,1980
263721858321832,96,54,54860,548.011,1980
263721908423621,97,54,54860,573.204,1980
263721958523812,97,54,54860,573.204,1980
263722008622458,97,54,54860,589.5,1980
263722058732956,97,54,54860,589.5,1980
263722108831398,96,53,54860,578.866,1980
263722158928782,96,53,54860,578.866,1980
263722210595474,96,53,54860,570.044,1980
263722261543340,96,53,54860,570.044,1980
263722312370311,67,49,54860,545.252,1980
263722363448602,67,49,54860,545.252,1980
263722415418665,67,49,54860,504.799,1980
263722465560155,67,49,54860,504.799,1980
263722515669286,9,5,54860,472.869,1980
263722566983147,9,5,54860,472.869,1980
263722617132917,9,5,54860,450.002,1980
263722667256524,9,5,54860,450.002,1980
263722717360641,81,39,54860,432.473,1980
263722767469934,81,39,54860,432.473,1980
263722817689600,81,39,54860,412.972,1980
263722867791690,81,39,54860,412.972,1980
263722917893836,100,49,54860,393.684,1980
263722968233142,100,49,54860,393.684,1980
263723018334630,100,49,54860,369.419,1980
263723068484284,100,49,54860,369.419,1980
263723121074063,100,50,54860,347.995,1980
263723171184229,100,50,54860,333.886,1980
263723221290329,100,50,54860,333.886,1980
263723271405545,97,48,54860,360.305,1980
263723321521659,97,48,54860,360.305,1980
263723371627423,97,48,54860,407.368,1980
263723421727483,97,48,54860,407.368,1980
263723471826257,91,45,54860,447.218,1980
263723521924269,91,45,54860,447.218,1980
263723572025127,91,45,54860,469.701,1980
263723622123504,91,45,54860,469.701,1980
263723672220986,98,54,54860,487.198,1980
263723722320371,98,54,54860,487.198,1980
263723772425024,98,54,54860,511.063,1980
263723822522385,98,54,54860,511.063,1980
263723872623106,96,54,54860,528.74,1980
263723922723306,96,54,54860,528.74,1980
263723972825093,96,54,54860,551.588,1980
263724022926414,96,54,54860,551.588,1980
263724073029607,97,52,54860,576.138,1980
263724123137050,97,52,54860,576.138,1980
263724173239766,97,52,54860,599.937,1980
263724223338916,97,52,54860,599.937,1980
263724273438812,99,56,54860,592.105,1980
263724323538551,99,56,54860,592.105,1980
263724373638607,99,56,54860,580.764,1980
263724424266271,99,56,54860,580.764,1980
263724475098897,44,37,54860,545.437,1980
263724525991483,44,37,54860,545.437,1980
263724576755128,44,37,54860,502.975,1980
263724627846929,44,37,54860,502.975,1980
263724677996691,26,12,54860,476.51,1980
263724729810672,26,12,54860,476.51,1980
263724779948958,26,12,54860,454.013,1980
263724830093822,26,12,54860,454.013,1980
263724881552566,76,37,54860,433.427,1980
263724932012287,76,37,54860,433.427,1980
263724982984184,76,37,54860,415.767,1980
263725033111364,76,37,54860,415.767,1980
263725083264100,94,46,54860,395.344,1980
263725133427940,94,46,54860,395.344,1980
263725183975882,94,46,54860,371.145,1980
263725234587644,94,46,54860,371.145,1980
263725284805557,100,50,54860,351.891,1980
263725336866504,100,50,54860,351.891,1980
263725386994280,100,50,54860,328.304,1980
263725437106391,100,50,54860,328.304,1980
263725487207309,76,38,54860,367.72,1980
263725537317908,76,38,54860,367.72,1980
263725587421335,76,38,54860,409.043,1980
263725640929783,76,38,54860,409.043,1980
263725691043379,98,48,54860,443.157,1980
263725741147045,98,48,54860,443.157,1980
263725791247377,98,48,54860,466.838,1980
263725841346953,98,48,54860,466.838,1980
263725891465984,96,52,54860,486.171,1980
263725942029162,96,52,54860,486.171,1980
263725992130140,96,52,54860,506.101,1980
263726042228243,96,52,54860,506.101,1980
263726092328462,97,52,54860,528.614,1980
263726142441635,97,52,54860,528.614,1980
263726192544987,97,52,54860,545.781,1980
263726242679475,97,52,54860,545.781,1980
263726292779903,98,54,54860,568.302,1980
263726342878703,98,54,54860,568.302,1980
263726392978058,98,54,54860,585.567,1980
263726443078426,98,54,54860,585.567,1980
263726493180976,96,53,54860,588.621,1980
263726543282536,96,53,54860,588.621,1980
263726593379031,96,53,54860,581.968,1980
263726644779542,96,53,54860,581.968,1980
263726695626438,93,61,54860,565.817,1980
263726746272477,93,61,54860,565.817,1980
263726797051849,93,61,54860,524.403,1980
263726847514304,93,61,54860,524.403,1980
263726898968507,2,2,54860,484.675,1980
263726949164810,2,2,54860,484.675,1980
263726999332957,2,2,54860,460.364,1980
263727050640071,2,2,54860,460.364,1980
263727100769239,74,36,54860,437.537,1980
263727151355365,74,36,54860,437.537,1980
263727201932954,74,36,54860,414.66,1980
263727252135469,74,36,54860,414.66,1980
263727302276669,91,44,54860,394.878,1980
263727352423910,91,44,54860,394.878,1980
263727402745628,91,44,54860,380.103,1980
263727453198585,91,44,54860,380.103,1980
263727503379398,100,50,54860,363.835,1980
263727553484246,100,50,54860,363.835,1980
263727603593553,100,50,54860,340.81,1980
263727653696932,100,50,54860,340.81,1980
263727703796011,81,40,54860,339.493,1980
263727753903234,81,40,54860,339.493,1980
263727804008865,81,40,54860,389.377,1980
263727854107512,81,40,54860,389.377,1980
263727904212455,98,50,54860,436.514,1980
263727954314959,98,50,54860,436.514,1980
263728004589751,98,50,54860,457.013,1980
263728054695132,98,50,54860,457.013,1980
263728104813093,96,51,54860,478.796,1980
263728154914475,96,51,54860,478.796,1980
263728205017941,96,51,54860,498.379,1980
263728255123404,96,51,54860,498.379,1980
263728305222126,99,54,54860,519.116,1980
263728355321348,99,54,54860,519.116,1980
263728405435931,99,54,54860,544.372,1980
263728455548954,99,54,54860,544.372,1980
263728505655695,96,54,54860,557.26,1980
263728555759678,96,54,54860,557.26,1980
263728605856988,96,54,54860,578.396,1980
263728655958659,96,54,54860,578.396,1980
263728706058855,97,54,54860,592.95,1980
263728756158293,97,54,54860,592.95,1980
263728806260145,97,54,54860,585.763,1980
263728856358289,97,54,54860,585.763,1980
263728907077918,98,54,54860,575.858,1980
263728958009250,98,54,54860,575.858,1980
263729008734071,98,54,54860,546.433,1980
263729059786166,98,54,54860,546.433,1980
263729109960739,2,2,54860,505.061,1980
263729161208479,2,2,54860,505.061,1980
263729211951610,2,2,54860,474.765,1980
263729262165862,2,2,54860,474.765,1980
263729313813029,74,35,54860,451.083,1980
263729365191532,74,35,54860,451.083,1980
263729416413117,74,35,54860,431.156,1980
263729467162426,74,35,54860,431.156,1980
263729517430226,81,40,54860,408.423,1980
263729567938610,81,40,54860,408.423,1980
263729618666139,81,40,54860,388.285,1980
263729668778639,81,40,54860,388.285,1980
263729719367645,99,48,54860,373.853,1980
263729769765972,99,48,54860,373.853,1980
263729819913634,99,48,54860,349.771,1980
263729870023313,99,48,54860,349.771,1980
263729920124572,100,50,54860,330.786,1980
263729970243220,100,50,54860,330.786,1980
263730020353981,100,50,54860,359.473,1980
263730070452006,100,50,54860,359.473,1980
263730120552606,98,49,54860,407.003,1980
263730170665958,98,49,54860,407.003,1980
263730220764289,98,49,54860,443.714,1980
263730270861825,98,49,54860,443.714,1980
263730320960533,90,47,54860,469.278,1980
263730371059172,90,47,54860,469.278,1980
263730421158146,90,47,54860,489.241,1980
263730471269424,90,47,54860,489.241,1980
263730521370811,97,52,54860,504.981,1980
263730571469564,97,52,54860,504.981,1980
263730621586051,97,52,54860,524.002,1980
263730671683192,97,52,54860,524.002,1980
263730721780703,98,55,54860,542.429,1980
263730771893650,98,55,54860,542.429,1980
263730821993544,98,55,54860,560.108,1980
263730872127748,98,55,54860,560.108,1980
263730922243976,96,54,54860,589.579,1980
263730972344014,96,54,54860,589.579,1980
263731022457208,96,54,54860,584.419,1980
263731072559359,96,54,54860,584.419,1980
263731122664658,97,52,54860,578.892,1980
263731172771804,97,52,54860,578.892,1980
263731223874566,97,52,54860,568.503,1980
263731274665041,21,21,54860,526.992,1980
263731325734786,21,21,54860,526.992,1980
263731375870855,21,21,54860,487.009,1980
263731427416739,21,21,54860,487.009,1980
263731477572357,42,20,54860,462.851,1980
263731528816935,42,20,54860,462.851,1980
263731578941052,42,20,54860,440.723,1980
263731629579187,42,20,54860,440.723,1980
263731679725147,80,39,54860,421.378,1980
263731729837163,80,39,54860,421.378,1980
263731779977679,80,39,54860,402.769,1980
263731830097683,80,39,54860,402.769,1980
263731880409993,100,49,54860,383.095,1980
263731931094365,100,49,54860,383.095,1980
263731981510160,100,49,54860,367.137,1980
263732031621394,100,49,54860,367.137,1980
263732081723968,100,50,54860,345.337,1980
263732131835142,100,50,54860,345.337,1980
263732181942167,100,50,54860,331.885,1980
263732232043450,100,50,54860,331.885,1980
263732282151385,98,51,54860,379.492,1980
263732332252961,98,51,54860,379.492,1980
263732382350280,98,51,54860,424.803,1980
263732432476054,98,51,54860,424.803,1980
263732482578150,90,46,54860,454.248,1980
263732532678589,90,46,54860,454.248,1980
263732582778980,90,46,54860,481.929,1980
263732632879756,90,46,54860,481.929,1980
263732682987011,96,54,54860,502.671,1980
263732733090979,96,54,54860,502.671,1980
263732783191742,96,54,54860,524.699,1980
263732833296166,96,54,54860,524.699,1980
263732883400044,95,53,54860,548.639,1980
263732933503261,95,53,54860,548.639,1980
263732983606360,95,53,54860,567.358,1980
263733033705983,95,53,54860,567.358,1980
263733083804244,98,55,54860,593.296,1980
263733133901853,98,55,54860,593.296,1980
263733184020422,98,55,54860,613.67,1980
263733234124925,98,55,54860,613.67,1980
263733284223889,95,54,54860,608.39,1980
263733334321700,95,54,54860,608.39,1980
263733384427569,95,54,54860,598.376,1980
263733434524903,95,54,54860,598.376,1980
263733485394636,96,62,54860,585.367,1980
263733536234438,96,62,54860,585.367,1980
263733586954631,96,62,54860,538.156,1980
263733637699303,96,62,54860,538.156,1980
263733688102060,2,2,54860,497.282,1980
263733738262092,2,2,54860,497.282,1980
263733789883135,2,2,54860,468.638,1980
263733841451409,2,2,54860,468.638,1980
263733891622522,75,36,54860,445.917,1980
263733942522983,75,36,54860,445.917,1980
263733993270924,75,36,54860,425.288,1980
263734043536746,75,36,54860,425.288,1980
263734093652758,87,43,54860,407.974,1980
263734143870216,87,43,54860,407.974,1980
263734194417546,87,43,54860,381.317,1980
263734244879151,87,43,54860,381.317,1980
263734295408840,100,50,54860,354.935,1980
263734345554772,100,50,54860,354.935,1980
263734396871650,100,50,54860,333.17,1980
263734446974411,100,50,54860,333.17,1980
263734497101655,79,40,54860,341.744,1980
263734547207541,79,40,54860,341.744,1980
263734597331397,79,40,54860,390.5,1980
263734647437652,79,40,54860,390.5,1980
263734697549260,98,50,54860,436.148,1980
263734747654968,98,50,54860,436.148,1980
263734797755245,98,50,54860,460.589,1980
263734847857479,98,50,54860,460.589,1980
263734897959407,95,52,54860,481.556,1980
263734948069931,95,52,54860,481.556,1980
263734998168699,95,52,54860,498.178,1980
263735048267599,95,52,54860,498.178,1980
263735098368467,95,54,54860,520.16,1980
263735148467530,95,54,54860,520.16,1980
263735198571066,95,54,54860,536.185,1980
263735248676243,95,54,54860,536.185,1980
263735298776877,96,54,54860,560.986,1980
263735348876448,96,54,54860,560.986,1980
263735398973653,96,54,54860,584.497,1980
263735449071847,96,54,54860,584.497,1980
263735499169453,96,55,54860,598.212,1980
263735549278562,96,55,54860,598.212,1980
263735599383651,96,55,54860,586.967,1980
263735649486999,96,55,54860,586.967,1980
263735701952293,96,54,54860,579.23,1980
263735752888349,96,54,54860,579.23,1980
263735803571894,96,54,54860,546.31,1980
263735854175486,96,54,54860,546.31,1980
263735906398333,2,2,54860,505.865,1980
263735957123241,2,2,54860,505.865,1980
263736008679366,2,2,54860,474.937,1980
263736059013080,2,2,54860,474.937,1980
263736109256074,74,36,54860,453.646,1980
263736159782892,74,36,54860,453.646,1980
263736209952450,74,36,54860,432.436,1980
263736260165610,74,36,54860,432.436,1980
263736310339392,92,45,54860,413.117,1980
263736360524520,92,45,54860,413.117,1980
263736410634328,92,45,54860,391.865,1980
263736461069725,92,45,54860,391.865,1980
263736511463230,100,49,54860,368.555,1980
263736561578950,100,49,54860,368.555,1980
263736611968558,100,49,54860,349.036,1980
263736662083254,100,49,54860,349.036,1980
263736713478210,87,44,54860,336.231,1980
263736769710078,87,44,54860,336.231,1980
263736968924897,87,44,54860,420.365,1980
263737028587713,98,48,54860,448.823,1980
263737093723681,95,51,54860,470.223,1980
263737147133948,95,51,54860,470.223,1980
263737209082852,95,51,54860,489.441,1980
263737260695386,95,51,54860,489.441,1980
263737310956108,98,55,54860,505.054,1980
263737361091801,98,55,54860,505.054,1980
263737411206071,98,55,54860,525.258,1980
263737461318302,98,55,54860,525.258,1980
263737511422588,95,54,54860,547.291,1980
263737561527625,95,54,54860,547.291,1980
263737611634152,95,54,54860,570.703,1980
263737661738384,95,54,54860,570.703,1980
263737711842707,94,53,54860,588.615,1980
263737761947608,94,53,54860,588.615,1980
263737812054004,94,53,54860,581.993,1980
263737862681646,94,53,54860,581.993,1980
263737913740891,84,58,54860,551.043,1980
263737964404433,84,58,54860,551.043,1980
263738015342293,84,58,54860,507.56,1980
263738066005730,84,58,54860,507.56,1980
263738116166934,2,2,54860,474.182,1980
263738166300596,2,2,54860,474.182,1980
263738216474506,2,2,54860,455.768,1980
263738267566059,2,2,54860,455.768,1980
263738317979853,67,34,54860,433.045,1980
263738369343291,67,34,54860,433.045,1980
263738420538433,67,34,54860,411.818,1980
263738471167748,67,34,54860,411.818,1980
263738522017152,81,42,54860,390.798,1980
263738572184906,81,42,54860,390.798,1980
263738622377413,81,42,54860,376.144,1980
263738672600661,81,42,54860,376.144,1980
263738722915009,98,50,54860,358.092,1980
263738773035038,98,50,54860,358.092,1980
263738823143913,98,50,54860,338.922,1980
263738873253044,98,50,54860,338.922,1980
263738923370928,78,40,54860,356.198,1980
263738973485082,78,40,54860,356.198,1980
263739023612844,78,40,54860,402.48,1980
263739076770330,78,40,54860,402.48,1980
263739126873627,98,51,54860,446.947,1980
263739176971903,98,51,54860,471.945,1980
263739227042291,98,51,54860,471.945,1980
263739277141068,98,51,54860,491.273,1980
263739327244833,95,52,54860,491.273,1980
263739377343596,95,52,54860,511.419,1980
263739427443860,95,52,54860,511.419,1980
263739477542349,96,56,54860,532.849,1980
263739527641018,96,56,54860,532.849,1980
263739577737677,96,56,54860,556.384,1980
263739627836660,96,56,54860,556.384,1980
263739677933849,96,55,54860,569.486,1980
263739728036515,96,55,54860,569.486,1980
263739778135807,96,55,54860,590.794,1980
263739828251282,96,55,54860,590.794,1980
263739878348142,96,55,54860,605.849,1980
263739928444637,95,55,54860,605.849,1980
263739978543715,95,55,54860,597.251,1980
263740030280136,95,55,54860,597.251,1980
263740080953731,88,61,54860,569.895,1980
263740131819560,88,61,54860,569.895,1980
263740182844296,88,61,54860,525.46,1980
263740236562584,88,61,54860,525.46,1980
263740287087596,2,2,54860,490.3,1980
263740337274017,2,2,54860,490.3,1980
263740387386759,2,2,54860,467.887,1980
263740438190264,2,2,54860,467.887,1980
263740488459096,71,36,54860,446.713,1980
263740539822909,71,36,54860,446.713,1980
263740590497482,71,36,54860,426.353,1980
263740640960708,71,36,54860,426.353,1980
263740691542837,83,43,54860,407.464,1980
263740742079547,83,43,54860,407.464,1980
263740792240236,83,43,54860,386.769,1980
263740842373345,83,43,54860,386.769,1980
263740892931142,100,51,54860,363.179,1980
263740943411586,100,51,54860,363.179,1980
263740993514682,100,51,54860,345.663,1980
263741043618016,100,51,54860,345.663,1980
263741093718373,78,40,54860,359.855,1980
263741143824593,78,40,54860,359.855,1980
263741193927539,78,40,54860,416.199,1980
263741244038842,78,40,54860,416.199,1980
263741294142139,98,49,54860,453.234,1980
263741344241720,98,49,54860,453.234,1980
263741394371423,98,49,54860,476.808,1980
263741444476521,98,49,54860,476.808,1980
263741494573218,96,51,54860,497.624,1980
263741544671837,96,51,54860,497.624,1980
263741594769668,96,51,54860,521.309,1980
263741644869920,96,51,54860,521.309,1980
263741694973721,96,55,54860,541.917,1980
263741745078836,96,55,54860,541.917,1980
263741795177434,96,55,54860,563.078,1980
263741845274722,96,55,54860,563.078,1980
263741895371403,96,54,54860,581.849,1980
263741945480052,96,54,54860,581.849,1980
263741995576953,96,54,54860,606.612,1980
263742045683298,96,54,54860,606.612,1980
263742095801579,96,54,54860,608.874,1980
263742145932937,96,54,54860,608.874,1980
263742196050434,96,54,54860,599.426,1980
263742247914789,96,54,54860,599.426,1980
263742298584964,96,66,54860,573.618,1980
263742349454654,96,66,54860,573.618,1980
263742400120710,96,66,54860,531.454,1980
263742450256543,96,66,54860,531.454,1980
263742503286917,2,2,54860,491.87,1980
263742553433920,2,2,54860,491.87,1980
263742604456944,2,2,54860,466.669,1980
263742656112849,2,2,54860,466.669,1980
263742706720910,72,37,54860,443.686,1980
263742757692052,72,37,54860,443.686,1980
263742807878678,72,37,54860,419.068,1980
263742858981942,72,37,54860,419.068,1980
263742909169387,80,41,54860,397.42,1980
263742959809855,80,41,54860,397.42,1980
263743009928868,80,41,54860,379.101,1980
263743060100502,80,41,54860,379.101,1980
263743110243183,100,52,54860,357.7,1980
263743160344476,100,52,54860,357.7,1980
263743210446435,100,52,54860,334.69,1980
263743260547582,100,52,54860,334.69,1980
263743310667593,81,42,54860,354.547,1980
263743360768109,81,42,54860,354.547,1980
263743410869510,81,42,54860,400.007,1980
263743460969757,81,42,54860,400.007,1980
263743511071798,99,50,54860,443.16,1980
263743561179281,99,50,54860,443.16,1980
263743611281708,99,50,54860,470.175,1980
263743661390094,99,50,54860,470.175,1980
263743711515200,96,51,54860,489.975,1980
263743761621167,96,51,54860,489.975,1980
263743811723833,96,51,54860,511.745,1980
263743861822441,96,51,54860,511.745,1980
263743911921398,95,55,54860,530.493,1980
263743962039832,95,55,54860,530.493,1980
263744012148576,95,55,54860,547.821,1980
263744062253965,95,55,54860,547.821,1980
263744112371263,96,54,54860,566.721,1980
263744162482673,96,54,54860,566.721,1980
263744212589815,96,54,54860,590.401,1980
263744262694787,96,54,54860,590.401,1980
263744312806118,96,54,54860,594.475,1980
263744362908544,96,54,54860,594.475,1980
263744413011132,96,54,54860,586.443,1980
263744464518961,96,54,54860,586.443,1980
263744515425548,96,58,54860,570.008,1980
263744566337649,96,58,54860,570.008,1980
263744616937146,96,58,54860,528.425,1980
263744667172078,96,58,54860,528.425,1980
263744718660447,2,2,54860,488.12,1980
263744768766330,2,2,54860,488.12,1980
263744820235961,2,2,54860,468.057,1980
263744871758006,2,2,54860,468.057,1980
263744922124855,70,36,54860,445.87,1980
263744972334213,70,36,54860,445.87,1980
263745023499374,70,36,54860,429.794,1980
263745074129006,70,36,54860,429.794,1980
263745124261086,81,41,54860,405.651,1980
263745174719184,81,41,54860,405.651,1980
263745224836259,81,41,54860,383.887,1980
263745275019358,81,41,54860,383.887,1980
263745325155278,98,51,54860,363.666,1980
263745375263713,98,51,54860,363.666,1980
263745425391954,98,51,54860,342.842,1980
263745475512804,98,51,54860,342.842,1980
263745525618099,76,40,54860,342.908,1980
263745575734882,76,40,54860,342.908,1980
263745625833303,76,40,54860,397.667,1980
263745675931407,76,40,54860,397.667,1980
263745726035795,98,51,54860,442.191,1980
263745776148285,98,51,54860,442.191,1980
263745826249371,98,51,54860,465.386,1980
263745876364262,98,51,54860,465.386,1980
263745926464561,98,54,54860,489.8,1980
263745976569803,98,54,54860,489.8,1980
263746026652030,98,54,54860,508.577,1980
263746076788623,98,54,54860,508.577,1980
263746126910389,96,55,54860,530.678,1980
263746177025137,96,55,54860,530.678,1980
263746227138746,96,55,54860,553.319,1980
263746277241053,96,55,54860,553.319,1980
263746327338768,96,54,54860,568.649,1980
263746377443192,96,54,54860,568.649,1980
263746427540505,96,54,54860,591.251,1980
263746477658912,96,54,54860,591.251,1980
263746527758591,95,55,54860,609.254,1980
263746577859549,95,55,54860,609.254,1980
263746627958485,95,55,54860,601.48,1980
263746678055695,95,55,54860,601.48,1980
263746728154148,96,55,54860,596.368,1980
263746779259383,96,55,54860,596.368,1980
263746830326238,96,55,54860,573.217,1980
263746880999933,96,55,54860,529.755,1980
263746931819167,2,2,54860,529.755,1980
263746983076185,2,2,54860,492.695,1980
263747033214449,2,2,54860,492.695,1980
263747083340847,54,27,54860,467.711,1980
263747133467744,54,27,54860,467.711,1980
263747184620672,54,27,54860,444.84,1980
263747235769900,54,27,54860,444.84,1980
263747287126675,71,37,54860,428.005,1980
263747337307478,71,37,54860,428.005,1980
263747387444669,71,37,54860,401.877,1980
263747437589624,71,37,54860,401.877,1980
263747488407431,87,44,54860,379.999,1980
263747539093856,87,44,54860,379.999,1980
263747589313638,87,44,54860,358.375,1980
263747639507918,87,44,54860,358.375,1980
263747689731196,100,53,54860,336.067,1980
263747739886831,100,53,54860,336.067,1980
263747790082454,100,53,54860,337.35,1980
263747840284337,100,53,54860,337.35,1980
263747890420704,94,48,54860,379.845,1980
263747940535055,94,48,54860,379.845,1980
263747990654359,94,48,54860,426.106,1980
263748040775045,94,48,54860,426.106,1980
263748090881566,90,47,54860,444.678,1980
263748140985797,90,47,54860,444.678,1980
263748191042121,90,47,54860,470.627,1980
263748241149909,90,47,54860,470.627,1980
263748291263907,93,52,54860,491.834,1980
263748341378598,93,52,54860,491.834,1980
263748391555314,93,52,54860,514.127,1980
263748441658108,93,52,54860,514.127,1980
263748491777331,95,52,54860,530.437,1980
263748541988609,95,52,54860,530.437,1980
263748592105394,95,52,54860,550.793,1980
263748642213861,95,52,54860,550.793,1980
263748692315874,98,55,54860,571.577,1980
263748742417257,98,55,54860,571.577,1980
263748792516967,98,55,54860,595.562,1980
263748842619767,98,55,54860,595.562,1980
263748892732023,94,54,54860,595.221,1980
263748942853555,94,54,54860,595.221,1980
263748992956199,94,54,54860,590.044,1980
263749045620534,94,54,54860,590.044,1980
263749096441768,94,61,54860,573.541,1980
263749147490048,94,61,54860,573.541,1980
263749198579219,94,61,54860,530.371,1980
263749256531707,94,61,54860,530.371,1980
263749306831488,2,2,54860,491.721,1980
263749357107081,2,2,54860,491.721,1980
263749407228380,2,2,54860,470.047,1980
263749458620187,2,2,54860,470.047,1980
263749510017966,70,36,54860,446.712,1980
263749560846483,70,36,54860,446.712,1980
263749611012551,70,36,54860,423.301,1980
263749662041657,70,36,54860,423.301,1980
263749712438100,79,41,54860,402.415,1980
263749762878437,79,41,54860,402.415,1980
263749813896793,79,41,54860,382.459,1980
263749864553564,79,41,54860,382.459,1980
263749914923222,93,48,54860,364.63,1980
263749965079601,93,48,54860,364.63,1980
263750019994183,93,48,54860,340.157,1980
263750070104187,93,48,54860,340.157,1980
263750120221703,77,41,54860,338.832,1980
263750170323262,77,41,54860,338.832,1980
263750220433209,77,41,54860,388.798,1980
263750270541663,77,41,54860,388.798,1980
263750320651320,98,51,54860,437.585,1980
263750370755075,98,51,54860,437.585,1980
263750420858132,98,51,54860,458.749,1980
263750470977577,98,51,54860,458.749,1980
263750521041797,92,50,54860,479.674,1980
263750571145784,92,50,54860,479.674,1980
263750621255535,92,50,54860,497.875,1980
263750671391053,92,50,54860,497.875,1980
263750721493080,94,54,54860,521.51,1980
263750771594741,94,54,54860,521.51,1980
263750821694280,94,54,54860,539.623,1980
263750871793577,94,54,54860,539.623,1980
263750921891925,95,55,54860,556.84,1980
263750972007626,95,55,54860,556.84,1980
263751022126085,95,55,54860,575.398,1980
263751072227027,95,55,54860,575.398,1980
263751122326970,93,54,54860,598.146,1980
263751172424934,93,54,54860,598.146,1980
263751222537683,93,54,54860,592.3,1980
263751272643898,93,54,54860,592.3,1980
263751322746429,95,53,54860,586.783,1980
263751373501060,95,53,54860,586.783,1980
263751424498068,95,53,54860,575.928,1980
263751475582926,95,53,54860,575.928,1980
263751526180635,24,25,54860,537.026,1980
263751576527225,24,25,54860,537.026,1980
263751626700209,24,25,54860,497.037,1980
263751676828110,24,25,54860,497.037,1980
263751726969500,34,17,54860,474.212,1980
263751778186882,34,17,54860,474.212,1980
263751828516686,34,17,54860,448.983,1980
263751878633886,34,17,54860,448.983,1980
263751929543790,71,37,54860,430.358,1980
263751979687597,71,37,54860,430.358,1980
263752029862630,71,37,54860,409.985,1980
263752080037799,71,37,54860,409.985,1980
263752130171473,98,51,54860,391.913,1980
263752180433655,98,51,54860,391.913,1980
263752230575214,98,51,54860,364.454,1980
263752296296316,100,53,54860,341.097,1980
263752346408231,100,53,54860,341.097,1980
263752396516531,100,53,54860,344.681,1980
263752446635024,100,53,54860,344.681,1980
263752496741950,97,50,54860,390.674,1980
263752546845897,97,50,54860,390.674,1980
263752596950071,97,50,54860,444.035,1980
263752647056929,97,50,54860,444.035,1980
263752697161727,88,45,54860,460.889,1980
263752747262676,88,45,54860,460.889,1980
263752797365210,88,45,54860,482.797,1980
263752847465929,88,45,54860,482.797,1980
263752897569034,94,55,54860,502.462,1980
263752947693384,94,55,54860,502.462,1980
263752997799892,94,55,54860,523.986,1980
263753047901432,94,55,54860,523.986,1980
263753098003679,94,54,54860,539.092,1980
263753148102219,94,54,54860,539.092,1980
263753198204648,94,54,54860,559.274,1980
263753248310160,94,54,54860,559.274,1980
263753298436738,94,54,54860,576.952,1980
263753348546935,94,54,54860,576.952,1980
263753398649733,94,54,54860,589.17,1980
263753448748653,94,54,54860,589.17,1980
263753498848031,93,54,54860,579.269,1980
263753548946660,93,54,54860,579.269,1980
263753599807647,93,54,54860,565.354,1980
263753650875729,93,54,54860,565.354,1980
263753701531037,24,25,54860,527.371,1980
263753752581502,24,25,54860,527.371,1980
263753804672805,24,25,54860,483.657,1980
263753855314881,24,25,54860,483.657,1980
263753905470173,28,13,54860,459.268,1980
263753955589335,28,13,54860,459.268,1980
263754005738938,28,13,54860,441.573,1980
263754057242336,28,13,54860,441.573,1980
263754107409365,69,36,54860,421.965,1980
263754157554699,69,36,54860,421.965,1980
263754208271531,69,36,54860,403.781,1980
263754258455653,69,36,54860,403.781,1980
263754309119383,84,43,54860,381.396,1980
263754359299630,84,43,54860,381.396,1980
263754409412217,84,43,54860,362.633,1980
263754459766482,84,43,54860,362.633,1980
263754509928718,100,53,54860,341.797,1980
263754560082326,100,53,54860,341.797,1980
263754610197838,100,53,54860,324.896,1980
263754660305946,100,53,54860,324.896,1980
263754710443598,71,36,54860,375.714,1980
263754760551112,71,36,54860,375.714,1980
263754810662456,71,36,54860,417.785,1980
263754860800777,71,36,54860,417.785,1980
263754910918316,98,49,54860,450.329,1980
263754961030458,98,49,54860,450.329,1980
263755011137461,98,49,54860,475.975,1980
263755061242657,98,49,54860,475.975,1980
263755111345291,93,50,54860,495.424,1980
263755161448220,93,50,54860,495.424,1980
263755211550503,93,50,54860,518.063,1980
263755261651697,93,50,54860,518.063,1980
263755311754486,97,55,54860,534.519,1980
263755361858486,97,55,54860,534.519,1980
263755411968168,97,55,54860,554.71,1980
263755462071616,97,55,54860,554.71,1980
263755512171913,94,53,54860,581.709,1980
263755562272894,94,53,54860,581.709,1980
263755612379359,94,53,54860,607.358,1980
263755662480088,94,53,54860,607.358,1980
263755712584161,96,52,54860,597.578,1980
263755762688128,96,52,54860,597.578,1980
263755812790386,96,52,54860,592.908,1980
263755862893094,96,52,54860,592.908,1980
263755913263621,93,52,54860,586.93,1980
263755964394154,93,52,54860,586.93,1980
263756015407106,93,52,54860,549.599,1980
263756066276548,93,52,54860,549.599,1980
263756116407848,2,2,54860,506.129,1980
263756166539269,2,2,54860,506.129,1980
263756216757476,2,2,54860,478.481,1980
263756268538462,2,2,54860,478.481,1980
263756318702093,69,35,54860,453.621,1980
263756368841576,69,35,54860,453.621,1980
263756419309284,69,35,54860,431.503,1980
263756470271006,69,35,54860,431.503,1980
263756521255167,81,41,54860,413.025,1980
263756571411906,81,41,54860,413.025,1980
263756621564413,81,41,54860,391.607,1980
263756671700764,81,41,54860,391.607,1980
263756721850928,97,51,54860,369.238,1980
263756772119514,97,51,54860,369.238,1980
263756822367714,97,51,54860,347.57,1980
263756877889562,97,51,54860,347.57,1980
263756928027585,93,50,54860,326.66,1980
263756978163134,93,50,54860,326.66,1980
263757028269594,93,50,54860,372.064,1980
263757078374405,93,50,54860,372.064,1980
263757128488398,98,49,54860,419.12,1980
263757178615566,98,49,54860,419.12,1980
263757228726038,98,49,54860,445.557,1980
263757278833994,98,49,54860,445.557,1980
263757328953211,89,47,54860,466.984,1980
263757379059354,89,47,54860,466.984,1980
263757429163882,89,47,54860,490.818,1980
263757479268361,89,47,54860,490.818,1980
263757529382702,95,52,54860,506.635,1980
263757579483920,95,52,54860,506.635,1980
263757629597961,95,52,54860,528.65,1980
263757679705512,95,52,54860,528.65,1980
263757729807963,98,55,54860,544.474,1980
263757779920425,98,55,54860,544.474,1980
263757830049085,98,55,54860,557.736,1980
263757880164270,98,55,54860,557.736,1980
263757930264062,94,53,54860,583.461,1980
263757980367105,94,53,54860,583.461,1980
263758030474882,94,53,54860,576.215,1980
263758080586098,94,53,54860,576.215,1980
263758130690630,94,55,54860,567.209,1980
263758182678296,94,55,54860,567.209,1980
263758233542178,94,55,54860,563.019,1980
263758284215237,94,55,54860,563.019,1980
263758335126153,43,36,54860,525.511,1980
263758394100374,43,36,54860,486.354,1980
263758444942943,43,36,54860,486.354,1980
263758495167399,22,11,54860,458.564,1980
263758546894014,22,11,54860,458.564,1980
263758598353714,22,11,54860,439.276,1980
263758648503320,22,11,54860,439.276,1980
263758699003677,71,37,54860,420.612,1980
263758749534819,71,37,54860,420.612,1980
263758799701744,71,37,54860,401.245,1980
263758850313848,71,37,54860,401.245,1980
263758900489322,95,49,54860,380.713,1980
263758950683315,95,49,54860,380.713,1980
263759000830569,95,49,54860,364.503,1980
263759050941006,95,49,54860,364.503,1980
263759110610913,100,53,54860,340.368,1980
263759160737348,100,53,54860,340.368,1980
263759210857518,100,53,54860,338.732,1980
263759260970209,100,53,54860,338.732,1980
263759311044462,97,51,54860,378.44,1980
263759361150940,97,51,54860,378.44,1980
263759411299180,97,51,54860,429.73,1980
263759461412528,97,51,54860,429.73,1980
263759511522707,89,45,54860,452.771,1980
263759561629602,89,45,54860,452.771,1980
263759611736754,89,45,54860,474.762,1980
263759661840923,89,45,54860,474.762,1980
263759711943412,98,55,54860,493.485,1980
263759762044381,98,55,54860,493.485,1980
263759812144636,98,55,54860,513.087,1980
263759862247987,98,55,54860,513.087,1980
263759912355389,93,53,54860,530.945,1980
263759962479186,93,53,54860,530.945,1980
263760012582182,93,53,54860,551.945,1980
263760062682881,93,53,54860,551.945,1980
263760112787874,95,54,54860,566.148,1980
263760162890921,95,54,54860,566.148,1980
263760212993117,95,54,54860,580.102,1980
263760263097470,95,54,54860,580.102,1980
263760313198369,93,53,54860,569.566,1980
263760363298981,93,53,54860,569.566,1980
263760415856079,93,53,54860,562.033,1980
263760466690804,93,53,54860,562.033,1980
263760517335478,67,49,54860,532.554,1980
263760568025685,67,49,54860,532.554,1980
263760620040765,67,49,54860,491.901,1980
263760670487834,67,49,54860,491.901,1980
263760721378994,7,4,54860,463.794,1980
263760771550253,7,4,54860,463.794,1980
263760822247026,7,4,54860,444.519,1980
263760872823067,7,4,54860,444.519,1980
263760923715725,71,37,54860,423.471,1980
263760974609706,71,37,54860,423.471,1980
263761024759120,71,37,54860,406.287,1980
263761074907165,71,37,54860,406.287,1980
263761125309492,85,44,54860,391.834,1980
263761175442950,85,44,54860,391.834,1980
263761226017333,85,44,54860,369.603,1980
263761276156135,85,44,54860,369.603,1980
263761326312689,99,52,54860,352.489,1980
263761376445596,99,52,54860,352.489,1980
263761426567079,99,52,54860,331.417,1980
263761476675644,99,52,54860,331.417,1980
263761526789450,72,37,54860,360.6,1980
263761576895014,72,37,54860,360.6,1980
263761626999479,72,37,54860,407.358,1980
263761677214075,72,37,54860,407.358,1980
263761727324987,98,50,54860,444.696,1980
263761777434335,98,50,54860,444.696,1980
263761827541166,98,50,54860,470.204,1980
263761877649127,98,50,54860,470.204,1980
263761927755062,96,49,54860,493.418,1980
263761977858221,96,49,54860,493.418,1980
263762027963527,96,49,54860,514.955,1980
263762078065275,96,49,54860,514.955,1980
263762128170560,98,56,54860,533.896,1980
263762178282346,98,56,54860,533.896,1980
263762228398154,98,56,54860,549.22,1980
263762278500730,98,56,54860,549.22,1980
263762328601865,94,54,54860,571.467,1980
263762378708759,94,54,54860,571.467,1980
263762428826303,94,54,54860,593.805,1980
263762478933145,94,54,54860,593.805,1980
263762529041834,93,54,54860,586.966,1980
263762579142575,93,54,54860,586.966,1980
263762629246025,93,54,54860,581.339,1980
263762679347774,93,54,54860,581.339,1980
263762730078598,94,53,54860,576.974,1980
263762780794352,94,53,54860,576.974,1980
263762831841381,94,53,54860,539.315,1980
263762882854359,94,53,54860,539.315,1980
263762933019234,2,2,54860,497.606,1980
263762983202464,2,2,54860,497.606,1980
263763035024512,2,2,54860,468.348,1980
263763085533388,2,2,54860,468.348,1980
263763136466199,69,35,54860,447.357,1980
263763186671265,69,35,54860,447.357,1980
263763237158584,69,35,54860,423.964,1980
263763287331978,69,35,54860,423.964,1980
263763337462481,76,39,54860,405.624,1980
263763387615821,76,39,54860,405.624,1980
263763438025592,76,39,54860,386.867,1980
263763488620725,76,39,54860,386.867,1980
263763538793684,97,50,54860,369.617,1980
263763588936755,97,50,54860,355.411,1980
263763656409823,97,50,54860,355.411,1980
263763706522179,100,53,54860,326.839,1980
263763756635480,100,53,54860,326.839,1980
263763806786439,100,53,54860,366.945,1980
263763856895211,100,53,54860,366.945,1980
263763907014182,98,55,54860,411.863,1980
263763957136079,98,55,54860,411.863,1980
263764007252779,98,55,54860,451.958,1980
263764057368966,98,55,54860,451.958,1980
263764107474644,90,50,54860,472.526,1980
263764157575356,90,50,54860,472.526,1980
263764207681557,90,50,54860,497.819,1980
263764257805327,90,50,54860,497.819,1980
263764307910168,98,59,54860,516.248,1980
263764358017028,98,59,54860,516.248,1980
263764408117793,98,59,54860,536.41,1980
263764458219776,98,59,54860,536.41,1980
263764510025130,93,56,54860,556.218,1980
263764560127589,93,56,54860,556.218,1980
263764610238633,93,56,54860,577.6,1980
263764660354485,93,56,54860,577.6,1980
263764710456556,98,59,54860,606.951,1980
263764760559154,98,59,54860,606.951,1980
263764810660307,98,59,54860,600.454,1980
263764860763067,98,59,54860,600.454,1980
263764910878418,94,57,54860,593.464,1980
263764960982102,94,57,54860,593.464,1980
263765011083480,94,57,54860,588.495,1980
263765061189954,94,57,54860,588.495,1980
263765112268975,98,59,54860,581.825,1980
263765163018774,98,59,54860,581.825,1980
263765213962417,98,59,54860,540.573,1980
263765264150814,98,59,54860,540.573,1980
263765314295350,2,2,54860,498.315,1980
263765364427270,2,2,54860,498.315,1980
263765415885714,2,2,54860,474.162,1980
263765466512793,2,2,54860,474.162,1980
263765516699424,70,36,54860,452.749,1980
263765567905247,70,36,54860,452.749,1980
263765618092877,70,36,54860,430.308,1980
263765668719492,70,36,54860,430.308,1980
263765718955401,89,46,54860,413.5,1980
263765769065895,89,46,54860,413.5,1980
263765819251014,89,46,54860,389.438,1980
263765869605372,89,46,54860,389.438,1980
263765919787484,100,53,54860,371.469,1980
263765979077830,100,53,54860,371.469,1980
263766029209000,100,53,54860,346.701,1980
263766079323720,100,53,54860,346.701,1980
263766129431204,75,40,54860,349.237,1980
263766179539076,75,40,54860,349.237,1980
263766229643772,75,40,54860,400.937,1980
263766279779200,75,40,54860,400.937,1980
263766329891879,97,50,54860,438.461,1980
263766381176792,97,50,54860,438.461,1980
263766431283358,97,50,54860,465.381,1980
263766481389412,97,50,54860,465.381,1980
263766531490097,93,51,54860,486.819,1980
263766581593339,93,51,54860,486.819,1980
263766633271485,93,51,54860,508.22,1980
263766683381014,93,51,54860,508.22,1980
263766734231193,93,55,54860,530.668,1980
263766784334549,93,55,54860,530.668,1980
263766834435566,93,55,54860,540.995,1980
263766884536698,93,55,54860,540.995,1980
263766934638674,94,54,54860,560.945,1980
263766984741261,94,54,54860,560.945,1980
263767034846125,94,54,54860,576.797,1980
263767085579527,94,54,54860,576.797,1980
263767135681622,94,54,54860,581.956,1980
263767185783891,94,54,54860,581.956,1980
263767237980278,94,54,54860,567.291,1980
263767289079651,94,54,54860,567.291,1980
263767339284054,94,64,54860,545.184,1980
263767389873566,94,64,54860,545.184,1980
263767448678243,94,64,54860,504.101,1980
263767498835809,2,2,54860,466.356,1980
263767549004318,2,2,54860,466.356,1980
263767599142686,2,2,54860,442.185,1980
263767650760291,2,2,54860,442.185,1980
263767701780741,70,36,54860,420.237,1980
263767751931528,70,36,54860,420.237,1980
263767802819326,70,36,54860,408.133,1980
263767853592263,70,36,54860,408.133,1980
263767903714265,87,45,54860,389.938,1980
263767954079704,87,45,54860,389.938,1980
263768004201717,87,45,54860,372.561,1980
263768054333034,87,45,54860,372.561,1980
263768104466486,100,53,54860,354.044,1980
263768161729866,100,53,54860,354.044,1980
263768211852154,100,53,54860,330.656,1980
263768261974021,100,53,54860,330.656,1980
263768312096659,78,41,54860,358.121,1980
263768362232672,78,41,54860,358.121,1980
263768412344900,78,41,54860,405.48,1980
263768463109119,78,41,54860,405.48,1980
263768513212920,98,50,54860,446.273,1980
263768563316533,98,50,54860,446.273,1980
263768613419401,98,50,54860,469.13,1980
263768663522800,98,50,54860,469.13,1980
263768713638935,94,51,54860,489.374,1980
263768763745129,94,51,54860,489.374,1980
263768813846119,94,51,54860,506.42,1980
263768863947702,94,51,54860,506.42,1980
263768914044757,95,56,54860,525.886,1980
263768964163478,95,56,54860,525.886,1980
263769014270607,95,56,54860,538.888,1980
263769064374749,95,56,54860,538.888,1980
263769114473686,93,54,54860,560.479,1980
263769164575087,93,54,54860,560.479,1980
263769214675529,93,54,54860,576.498,1980
263769264779023,93,54,54860,576.498,1980
263769314880994,95,52,54860,578.981,1980
263769364980203,95,52,54860,578.981,1980
263769415047587,95,52,54860,571.944,1980
263769465148038,95,52,54860,571.944,1980
263769516247327,98,56,54860,558.292,1980
263769566929147,98,56,54860,558.292,1980
263769617577488,98,56,54860,517.773,1980
263769668513757,98,56,54860,517.773,1980
263769719277025,2,2,54860,477.955,1980
263769769499106,2,2,54860,477.955,1980
263769819623290,2,2,54860,453.147,1980
263769871322777,2,2,54860,453.147,1980
263769921443685,70,36,54860,431.58,1980
263769972462544,70,36,54860,431.58,1980
263770022632795,70,36,54860,412.111,1980
263770073344515,70,36,54860,412.111,1980
263770123510214,74,39,54860,396.217,1980
263770174617717,74,39,54860,396.217,1980
263770224794968,74,39,54860,378.053,1980
263770275312730,74,39,54860,378.053,1980
263770325453215,97,50,54860,360.262,1980
263770375674133,97,50,54860,360.262,1980
263770425799125,97,50,54860,341.437,1980
263770475913706,97,50,54860,341.437,1980
263770526050007,100,54,54860,329.138,1980
263770576159105,100,54,54860,329.138,1980
263770626282290,100,54,54860,372.077,1980
263770676386303,100,54,54860,372.077,1980
263770726496772,98,51,54860,418.238,1980
263770776603519,98,51,54860,418.238,1980
263770826708283,98,51,54860,450.418,1980
263770876810852,98,51,54860,450.418,1980
263770926912930,89,48,54860,475.239,1980
263770977040834,89,48,54860,475.239,1980
263771027144793,89,48,54860,496.291,1980
263771077249490,89,48,54860,496.291,1980
263771127353483,94,56,54860,516.412,1980
263771177454815,94,56,54860,516.412,1980
263771227556531,94,56,54860,537.644,1980
263771278364592,94,56,54860,537.644,1980
263771328473764,93,54,54860,552.806,1980
263771378574617,93,54,54860,552.806,1980
263771428691763,93,54,54860,572.074,1980
263771478796550,93,54,54860,572.074,1980
263771528897568,95,53,54860,595.6,1980
263771578996350,95,53,54860,595.6,1980
263771629100826,95,53,54860,588.918,1980
263771679215035,95,53,54860,588.918,1980
263771729317878,94,54,54860,582.266,1980
263771779420942,94,54,54860,582.266,1980
263771831742206,94,54,54860,580.752,1980
263771882696265,94,54,54860,580.752,1980
263771933532460,86,60,54860,554.274,1980
263771984532614,86,60,54860,554.274,1980
263772042057258,86,60,54860,514.038,1980
263772092197702,86,60,54860,514.038,1980
263772142309351,2,2,54860,481.298,1980
263772192460922,2,2,54860,481.298,1980
263772242638684,2,2,54860,461.509,1980
263772293189466,69,36,54860,437.265,1980
263772343436443,69,36,54860,437.265,1980
263772393628711,69,36,54860,419.945,1980
263772443789524,69,36,54860,419.945,1980
263772493943505,78,41,54860,402.216,1980
263772544056874,78,41,54860,402.216,1980
263772594274764,78,41,54860,378.014,1980
263772644434188,78,41,54860,378.014,1980
263772694549089,100,53,54860,358.68,1980
263772744709391,100,53,54860,358.68,1980
263772794846160,100,53,54860,335.114,1980
263772844956351,100,53,54860,335.114,1980
263772895043813,76,39,54860,352.16,1980
263772945148321,76,39,54860,352.16,1980
263772995277038,76,39,54860,406.804,1980
263773045384542,76,39,54860,406.804,1980
263773095498531,97,49,54860,443.865,1980
263773145655669,97,49,54860,443.865,1980
263773195798675,97,49,54860,466.387,1980
263773245908845,97,49,54860,466.387,1980
263773296035108,93,51,54860,489.704,1980
263773346163605,93,51,54860,489.704,1980
263773396274779,93,51,54860,509.112,1980
263773446386447,93,51,54860,509.112,1980
263773496492564,93,53,54860,529.173,1980
263773546596122,93,53,54860,529.173,1980
263773596701622,93,53,54860,547.21,1980
263773646806884,93,53,54860,547.21,1980
263773696910939,95,52,54860,564.053,1980
263773747015715,95,52,54860,564.053,1980
263773797121446,95,52,54860,590.831,1980
263773847234289,95,52,54860,590.831,1980
263773897339244,98,55,54860,596.694,1980
263773947441694,98,55,54860,596.694,1980
263773997542180,98,55,54860,585.788,1980
263774047643679,98,55,54860,585.788,1980
263774097746839,93,53,54860,580.391,1980
263774148057909,93,53,54860,580.391,1980
263774198843244,93,53,54860,556.141,1980
263774249922859,93,53,54860,556.141,1980
263774300907532,2,2,54860,512.455,1980
263774351165996,2,2,54860,512.455,1980
263774401768450,2,2,54860,479.222,1980
263774451891393,2,2,54860,479.222,1980
263774502048439,57,29,54860,457.135,1980
263774553954587,57,29,54860,457.135,1980
263774605027204,57,29,54860,431.583,1980
263774655169913,57,29,54860,431.583,1980
263774706156869,73,38,54860,412.378,1980
263774756327999,73,38,54860,412.378,1980
263774806493735,73,38,54860,395.582,1980
263774856649076,73,38,54860,395.582,1980
263774906761832,97,51,54860,370.364,1980
263774956867681,97,51,54860,370.364,1980
263775006992849,97,51,54860,348.178,1980
263775057111710,97,51,54860,348.178,1980
263775107220510,82,44,54860,328.305,1980
263775157329293,82,44,54860,328.305,1980
263775207433416,82,44,54860,361.947,1980
263775257537193,82,44,54860,361.947,1980
263775307641332,97,49,54860,405.278,1980
263775357765205,97,49,54860,405.278,1980
263775407870455,97,49,54860,442.721,1980
263775457972356,97,49,54860,442.721,1980
263775508074299,81,44,54860,461.707,1980
263775558176278,81,44,54860,461.707,1980
263775608278575,81,44,54860,484.624,1980
263775658398811,81,44,54860,484.624,1980
263775708507954,98,54,54860,504.301,1980
263775758638174,98,54,54860,504.301,1980
263775808745039,98,54,54860,528.618,1980
263775858860021,98,54,54860,528.618,1980
263775908963425,93,52,54860,549.09,1980
263775959064691,93,52,54860,549.09,1980
263776009163098,93,52,54860,560.912,1980
263776059264286,93,52,54860,560.912,1980
263776109364371,93,52,54860,583.127,1980
263776159471656,93,52,54860,583.127,1980
263776209573752,93,52,54860,574.842,1980
263776260287935,93,52,54860,574.842,1980
263776311203405,78,55,54860,535.721,1980
263776362801592,78,55,54860,535.721,1980
263776413794432,78,55,54860,496.56,1980
263776465134955,78,55,54860,496.56,1980
263776515796793,2,2,54860,469.697,1980
263776565943744,2,2,54860,469.697,1980
263776617444457,2,2,54860,450.407,1980
263776667567539,2,2,54860,450.407,1980
263776717757221,69,36,54860,432.293,1980
263776767869932,69,36,54860,432.293,1980
263776817992393,69,36,54860,415.249,1980
263776868128324,69,36,54860,415.249,1980
263776919193588,78,41,54860,392.379,1980
263776970468211,78,41,54860,392.379,1980
263777020637422,78,41,54860,379.934,1980
263777071127659,78,41,54860,379.934,1980
263777121287184,95,49,54860,362.676,1980
263777171414157,95,49,54860,362.676,1980
263777221543376,95,49,54860,339.223,1980
263777271655159,95,49,54860,339.223,1980
263777321768819,73,38,54860,366.916,1980
263777371885483,73,38,54860,366.916,1980
263777422023787,73,38,54860,412.301,1980
263777472139591,73,38,54860,412.301,1980
263777522261809,97,50,54860,453.585,1980
263777572372292,97,50,54860,453.585,1980
263777622475262,97,50,54860,475.335,1980
263777672581989,97,50,54860,475.335,1980
263777722683971,93,51,54860,495.092,1980
263777772783544,93,51,54860,495.092,1980
263777822882738,93,51,54860,513.812,1980
263777872994093,93,51,54860,513.812,1980
263777923105084,95,53,54860,528.859,1980
263777973231642,95,53,54860,528.859,1980
263778023336949,95,53,54860,546.711,1980
263778073437931,95,53,54860,546.711,1980
263778123550462,94,53,54860,565.835,1980
263778173655960,94,53,54860,565.835,1980
263778223766796,94,53,54860,589.339,1980
263778273872803,94,53,54860,589.339,1980
263778323974002,95,54,54860,593.359,1980
263778374072612,95,54,54860,593.359,1980
263778424179071,95,54,54860,584.57,1980
263778474279564,95,54,54860,584.57,1980
263778525053161,96,53,54860,567.709,1980
263778575940134,96,53,54860,567.709,1980
263778626686449,96,53,54860,524.349,1980
263778677727319,96,53,54860,524.349,1980
263778729405986,2,2,54860,487.116,1980
263778780902776,2,2,54860,487.116,1980
263778831561497,2,2,54860,467.872,1980
263778881756779,2,2,54860,467.872,1980
263778933340300,68,35,54860,445.526,1980
263778984614700,68,35,54860,445.526,1980
263779035717517,68,35,54860,422.632,1980
263779085847689,68,35,54860,422.632,1980
263779136147911,75,39,54860,404.307,1980
263779186300952,75,39,54860,404.307,1980
263779236436805,75,39,54860,383.697,1980
263779286586488,75,39,54860,383.697,1980
263779337090006,100,52,54860,363.868,1980
263779387211832,100,52,54860,363.868,1980
263779439568296,100,52,54860,341.4,1980
263779489699751,100,52,54860,341.4,1980
263779539812004,91,49,54860,333.867,1980
263779589918606,91,49,54860,333.867,1980
263779640039025,91,49,54860,382.289,1980
263779690147704,91,49,54860,382.289,1980
263779740258438,98,52,54860,435.119,1980
263779790368270,98,52,54860,435.119,1980
263779840480438,98,52,54860,459.157,1980
263779890593484,98,52,54860,459.157,1980
263779940706206,88,49,54860,474.603,1980
263779990815675,88,49,54860,474.603,1980
263780040924786,88,49,54860,500.581,1980
263780091034735,88,49,54860,500.581,1980
263780141152507,95,53,54860,519.272,1980
263780191260182,95,53,54860,519.272,1980
263780241364477,95,53,54860,535.305,1980
263780291466613,95,53,54860,535.305,1980
263780341571717,94,54,54860,557.577,1980
263780391701078,94,54,54860,557.577,1980
263780441804937,94,54,54860,580.036,1980
263780491909318,94,54,54860,580.036,1980
263780542013269,94,53,54860,597.391,1980
263780592117754,94,53,54860,597.391,1980
263780642221012,94,53,54860,587.75,1980
263780692325359,94,53,54860,587.75,1980
263780742428962,98,57,54860,579.469,1980
263780792553131,98,57,54860,579.469,1980
263780843507775,98,57,54860,572.904,1980
263780894352146,98,57,54860,572.904,1980
263780945098793,58,44,54860,538.725,1980
263780996213415,58,44,54860,538.725,1980
263781046376412,58,44,54860,492.714,1980
263781096511144,58,44,54860,492.714,1980
263781146648297,11,5,54860,464.504,1980
263781198029221,11,5,54860,445.715,1980
263781249614761,11,5,54860,445.715,1980
263781300624106,70,36,54860,425.135,1980
263781352128953,70,36,54860,425.135,1980
263781402598256,70,36,54860,406.067,1980
263781452786593,70,36,54860,406.067,1980
263781503136494,87,45,54860,383.998,1980
263781553834402,87,45,54860,383.998,1980
263781603983039,87,45,54860,371.69,1980
263781654105396,87,45,54860,371.69,1980
263781704242496,100,53,54860,345.641,1980
263781754696725,100,53,54860,345.641,1980
263781804812816,100,53,54860,337.696,1980
263781854923451,100,53,54860,337.696,1980
263781905034092,75,39,54860,378.666,1980
263781955142922,75,39,54860,378.666,1980
263782005248680,75,39,54860,430.244,1980
263782055363614,75,39,54860,430.244,1980
263782105474460,97,50,54860,452.605,1980
263782155591168,97,50,54860,452.605,1980
263782205696452,97,50,54860,474.847,1980
263782255800732,97,50,54860,474.847,1980
263782305917992,93,51,54860,492.897,1980
263782356027164,93,51,54860,492.897,1980
263782406133555,93,51,54860,515.716,1980
263782456236265,93,51,54860,515.716,1980
263782506338641,93,54,54860,534.329,1980
263782556440989,93,54,54860,534.329,1980
263782606542960,93,54,54860,551.71,1980
263782656646962,93,54,54860,551.71,1980
263782706748371,94,54,54860,576.37,1980
263782756849152,94,54,54860,576.37,1980
263782806967730,94,54,54860,591.725,1980
263782857075583,94,54,54860,591.725,1980
263782907324442,94,53,54860,586.195,1980
263782957432109,94,53,54860,586.195,1980
263783007552929,94,53,54860,580.603,1980
263783057683916,94,53,54860,580.603,1980
263783108454822,96,56,54860,563.552,1980
263783159465136,96,56,54860,563.552,1980
263783210138318,96,56,54860,522.816,1980
263783260978622,96,56,54860,522.816,1980
263783311732766,2,2,54860,486.312,1980
263783361904090,2,2,54860,486.312,1980
263783412050178,2,2,54860,462.3,1980
263783463277110,2,2,54860,462.3,1980
263783513389667,69,36,54860,441.6,1980
263783563624563,69,36,54860,441.6,1980
263783615202613,69,36,54860,417.842,1980
263783665662246,69,36,54860,417.842,1980
263783716153294,75,39,54860,402.587,1980
263783766273601,75,39,54860,402.587,1980
263783816382281,75,39,54860,382.746,1980
263783866545470,75,39,54860,382.746,1980
263783917218600,93,48,54860,359.645,1980
263783967383359,93,48,54860,359.645,1980
263784017495174,93,48,54860,345.369,1980
263784067626819,93,48,54860,345.369,1980
263784117733435,96,51,54860,342.521,1980
263784167846946,96,51,54860,342.521,1980
263784217960802,96,51,54860,389.184,1980
263784268066741,96,51,54860,389.184,1980
263784318184935,98,52,54860,437.052,1980
263784368293275,98,52,54860,437.052,1980
263784418400078,98,52,54860,459.415,1980
263784468504149,98,52,54860,459.415,1980
263784518603916,88,49,54860,480.781,1980
263784568703758,88,49,54860,480.781,1980
263784618803134,88,49,54860,504.564,1980
263784668929689,88,49,54860,504.564,1980
263784719052461,95,53,54860,524.498,1980
263784769162501,95,53,54860,524.498,1980
263784819273664,95,53,54860,541.658,1980
263784869398358,95,53,54860,541.658,1980
263784919504662,98,55,54860,559.077,1980
263784969611479,98,55,54860,559.077,1980
263785019724326,98,55,54860,581.977,1980
263785069836124,98,55,54860,581.977,1980
263785119962139,93,54,54860,600.23,1980
263785170068087,93,54,54860,600.23,1980
263785220171860,93,54,54860,590.675,1980
263785270274187,93,54,54860,590.675,1980
263785320379423,98,57,54860,583.89,1980
263785370677310,98,57,54860,583.89,1980
263785421867593,98,57,54860,578.424,1980
263785472935252,98,57,54860,578.424,1980
263785524026704,52,41,54860,535.744,1980
263785574913440,52,41,54860,535.744,1980
263785626371290,52,41,54860,496.194,1980
263785676587819,52,41,54860,496.194,1980
263785726725493,13,7,54860,470.39,1980
263785776864211,13,7,54860,470.39,1980
263785828172268,13,7,54860,450.191,1980
263785878326375,13,7,54860,450.191,1980
263785930497835,69,36,54860,427.626,1980
263785980660461,69,36,54860,427.626,1980
263786030939402,69,36,54860,403.232,1980
263786081063076,69,36,54860,403.232,1980
263786131176053,94,49,54860,382.365,1980
263786181288421,94,49,54860,382.365,1980
263786231431003,94,49,54860,362.382,1980
263786281539212,94,49,54860,362.382,1980
263786331649928,100,53,54860,340.287,1980
263786381758464,100,53,54860,340.287,1980
263786431870758,100,53,54860,354.05,1980
263786481999860,100,53,54860,354.05,1980
263786532119500,97,54,54860,395.527,1980
263786582222375,97,54,54860,395.527,1980
263786632331904,97,54,54860,440.235,1980
263786682450580,97,54,54860,440.235,1980
263786732561062,83,47,54860,464.297,1980
263786782935633,83,47,54860,464.297,1980
263786833044980,83,47,54860,481.913,1980
263786883153827,83,47,54860,481.913,1980
263786933255407,94,55,54860,508.685,1980
263786983362083,94,55,54860,508.685,1980
263787033509735,94,55,54860,525.804,1980
263787083619851,94,55,54860,525.804,1980
263787133726819,93,55,54860,545.801,1980
263787183832406,93,55,54860,545.801,1980
263787233944972,93,55,54860,560.124,1980
263787284052109,93,55,54860,560.124,1980
263787334152336,96,55,54860,584.247,1980
263787384274524,96,55,54860,584.247,1980
263787434384136,96,55,54860,579.65,1980
263787484486684,96,55,54860,579.65,1980
