t_ns,util_gpu_pct,util_mem_pct,mem_used_mib,power_w,sm_clock_mhz
263012157814557,0,0,962,96.318,1980
263012218136859,0,0,962,96.318,1980
263012281615461,0,0,6852,101.418,1980
263012331970573,0,0,6852,101.418,1980
263012382147066,0,0,6852,106.161,1980
263012432285221,0,0,6852,106.161,1980
263012482476048,6,0,6852,112.108,1980
263012532696768,6,0,6852,112.108,1980
263012582911553,6,0,6852,116.624,1980
263012633143230,6,0,6852,116.624,1980
263012683365628,9,0,6852,122.384,1980
263012733591483,9,0,6852,122.384,1980
263012783793835,9,0,6852,126.774,1980
263012834005533,9,0,6852,126.774,1980
263012884235529,14,0,6852,132.091,1980
263012934548729,14,0,6852,132.091,1980
263012984763079,14,0,6852,136.14,1980
263013034997442,14,0,6852,136.14,1980
263013088503061,14,0,6852,135.697,1980
263013138730554,14,0,6852,135.697,1980
263013188958948,14,0,6852,135.734,1980
263013248784979,13,0,6872,135.871,1980
263013395576049,13,0,6872,135.994,1980
263013546637723,0,0,6872,135.559,1980
263013596756229,0,0,6872,135.559,1980
263013647342148,0,0,6872,135.503,1980
263013698690535,0,0,6872,135.503,1980
263013748880052,0,0,6872,135.574,1980
263013896559642,0,0,6872,135.352,1980
263014047303059,0,0,6872,135.047,1980
263014117233526,0,0,6872,135.047,1980
263014260876055,0,0,6872,135.031,1980
263014326179918,0,0,6872,135.031,1980
263014396547388,0,0,6872,134.885,1980
263014466899586,0,0,6872,134.865,1980
263014537259107,0,0,6872,134.865,1980
263014607604687,0,0,6872,134.962,1980
263015078872177,0,0,6872,135.067,1980
263015144186808,0,0,6872,134.942,1980
263015219601835,0,0,6872,134.942,1980
263015289948664,0,0,6872,134.854,1980
263015360309749,0,0,6872,134.88,1980
263015430664071,0,0,6872,134.88,1980
263015865083314,0,0,6872,134.975,1980
263015991634777,0,0,6872,135.013,1980
263016041775975,0,0,6872,134.861,1980
263016092256976,0,0,6872,134.861,1980
263016142378690,0,0,6872,134.804,1980
263016192502491,0,0,6872,134.804,1980
263016242773528,0,0,6872,134.907,1980
263016292880125,0,0,6872,134.907,1980
263016343056336,0,0,6872,135.045,1980
263016393195185,0,0,6872,135.045,1980
263016443326117,0,0,6872,134.889,1980
263016493438742,0,0,6872,134.889,1980
263016543544167,0,0,6872,134.819,1980
263016593699087,0,0,6872,134.819,1980
263016644688625,0,0,6872,134.87,1980
263016696600918,0,0,6872,134.87,1980
263016749196699,0,0,6872,135.046,1980
263016799325266,0,0,6872,135.046,1980
263016849442985,0,0,6872,134.964,1980
263016899555967,0,0,6872,134.964,1980
263016956716221,0,0,6872,134.826,1980
263017006830332,0,0,6872,134.826,1980
263017056940480,0,0,6872,134.82,1980
263017107060587,0,0,6872,134.82,1980
263017157189327,0,0,6872,134.961,1980
263017207364120,0,0,6872,134.961,1980
263017258725432,0,0,6872,134.953,1980
263017539042795,0,0,6872,134.792,1980
263017590676943,0,0,7036,134.9,1980
263017880200787,0,0,7036,134.794,1980
263017930362986,0,0,7520,134.794,1980
263017983347266,0,0,7520,134.922,1980
263018033543534,0,0,7520,134.922,1980
263018083702966,1,0,7520,135.048,1980
263018133819569,1,0,7520,135.048,1980
263018183930333,1,0,7520,134.914,1980
263018234065624,1,0,7520,134.914,1980
263018284925793,0,0,7520,134.861,1980
263018335668443,0,0,7520,134.861,1980
263018385773266,0,0,7520,134.942,1980
263018437146598,0,0,7520,134.942,1980
263018490851440,0,0,7520,135.095,1980
263018541016574,0,0,7520,135.035,1980
263018591235632,0,0,7520,135.035,1980
263018641471009,0,0,7520,134.87,1980
263018691642253,0,0,7520,134.87,1980
263018742877763,0,0,7520,134.934,1980
263018793006962,0,0,7520,134.934,1980
263018843151419,0,0,7520,135.123,1980
263018893271414,0,0,7520,135.123,1980
263018943383733,0,0,7520,135.083,1980
263018996848991,0,0,7520,135.083,1980
263019047155658,0,0,7786,134.912,1980
263019097709324,0,0,9666,134.912,1980
263019147843314,0,0,10136,134.949,1980
263019197965080,0,0,10136,134.949,1980
263019248097517,0,0,10582,135.103,1980
263019300050262,0,0,10582,135.103,1980
263019350167436,0,0,10582,135.046,1980
263019400278321,0,0,10582,135.046,1980
263019450400492,0,0,10582,134.9,1980
263019500548127,0,0,10582,134.9,1980
263019550668604,0,0,10582,135.019,1980
263019600788835,0,0,10582,135.019,1980
263019650899850,16,0,10582,135.289,1980
263019701027579,16,0,10582,135.289,1980
263019751193624,16,0,10582,135.425,1980
263019801308768,16,0,10582,135.425,1980
263019851425831,15,0,10582,135.365,1980
263019912168112,15,0,10582,135.365,1980
263020226046507,0,0,10582,135.567,1980
263020530946561,0,0,10116,135.513,1980
263020844733868,0,0,10156,135.012,1980
263020894870552,0,0,10156,135.012,1980
263020944986894,0,0,10156,135.065,1980
263020995095823,0,0,10156,135.065,1980
263021045212874,0,0,10156,134.923,1980
263021095321491,0,0,10156,134.923,1980
263021145438756,0,0,10156,134.816,1980
263021195545697,0,0,10156,134.816,1980
263021245650622,0,0,10156,134.889,1980
263021295754052,0,0,10156,134.889,1980
263021345855349,0,0,10156,135.024,1980
263021395963028,0,0,10156,135.024,1980
263021446068651,0,0,10156,134.946,1980
263021496178759,0,0,10156,134.946,1980
263021546281825,0,0,10156,134.816,1980
263021596382923,0,0,10156,134.816,1980
263021646480468,0,0,10156,134.872,1980
263021696578775,0,0,10156,134.872,1980
263021746676899,0,0,10156,135.022,1980
263021796773187,0,0,10156,135.022,1980
263021846940773,0,0,10156,134.93,1980
263021897073625,0,0,10156,134.93,1980
263021947184222,0,0,10156,134.813,1980
263021997291694,0,0,10156,134.813,1980
263022047398381,0,0,10156,134.852,1980
263022097504861,0,0,10156,134.852,1980
263022147611631,0,0,10156,135.03,1980
263022197717734,0,0,10156,135.03,1980
263022247822817,0,0,10156,134.995,1980
263022297925752,0,0,10156,134.995,1980
263022348033049,0,0,10156,134.787,1980
263022398139780,0,0,10156,134.787,1980
263022448242478,0,0,10156,134.801,1980
263022498350347,0,0,10156,134.801,1980
263022548454746,0,0,10156,134.978,1980
263022598558759,0,0,10156,134.978,1980
263022648662572,0,0,10156,134.977,1980
263022698778516,0,0,10156,134.977,1980
263022748882706,0,0,10156,134.82,1980
263022798987456,0,0,10156,134.82,1980
263022849091730,0,0,10156,134.81,1980
263022899195669,0,0,10156,134.81,1980
263022950844675,0,0,10156,134.93,1980
263023011118812,0,0,10156,134.93,1980
263023076421099,0,0,10156,134.942,1980
263023136460724,0,0,10156,134.942,1980
263023186637534,0,0,10184,134.79,1980
263023236866216,0,0,10282,134.79,1980
263023287026739,0,0,10574,134.765,1980
263023337179045,0,0,10574,134.765,1980
263024093610637,0,0,10574,144.837,1980
263024421603934,1,0,10254,136.128,1980
263024752748413,0,0,10282,136.103,1980
263024803111443,0,0,10366,136.103,1980
263024853398952,0,0,10368,137.613,1980
263024903637961,0,0,10348,137.613,1980
263024953763420,0,0,10370,139.758,1980
263025003891007,0,0,10376,139.758,1980
263025054032656,10,3,10378,140.92,1980
263025104210431,10,3,10378,140.92,1980
263025154356563,10,3,10368,142.116,1980
263025204502711,10,3,10372,142.116,1980
263025254813187,10,3,10394,143.274,1980
263025304983088,10,3,10380,143.274,1980
263025355066005,10,3,10382,144.423,1980
263025405182150,10,3,10388,144.423,1980
263025455286768,10,3,10392,145.343,1980
263025505409512,10,3,10396,145.343,1980
263025555549718,10,3,10402,146.376,1980
263025605671154,10,3,10404,146.376,1980
263025958721752,0,0,10406,143.948,1980
263026309339196,0,0,10320,140.565,1980
263026360261543,0,0,18718,140.616,1980
263026412774891,0,0,18718,140.616,1980
263026464393034,3,3,18718,139.73,1980
263026514660402,3,3,18718,139.73,1980
263026564905089,3,3,18718,138.841,1980
263026615033693,3,3,18718,138.841,1980
263026665153074,0,0,18718,137.701,1980
263026715279212,0,0,18718,137.701,1980
263026765390999,0,0,18718,137.66,1980
263026815580550,0,0,18718,137.66,1980
263026865839458,0,0,18718,137.52,1980
263026920561783,0,0,18718,137.52,1980
263026971770323,0,0,18718,137.46,1980
263027021876273,0,0,18718,137.46,1980
263027071999657,0,0,18718,137.664,1980
263027122123285,0,0,19038,137.664,1980
263027172231282,0,0,19038,146.403,1980
263027222393614,0,0,19040,146.403,1980
263027276999074,17,9,19042,146.93,1980
263027327149157,17,9,19042,146.93,1980
263027377331350,17,9,19042,145.621,1980
263027427758188,17,9,19042,145.621,1980
263027477880772,2,0,19042,146.762,1980
263027824962008,5,1,19042,147.782,1980
263027875130992,0,0,18874,148.851,1980
263027925294397,0,0,18848,148.851,1980
263027975410487,0,0,18848,150.844,1980
263028025662899,0,0,18866,150.844,1980
263028075797419,11,3,18848,151.639,1980
263028125934547,11,3,18864,151.639,1980
263028176083475,11,3,18848,144.2,1980
263028226268786,11,3,18848,144.2,1980
263028276444630,9,3,18868,144.59,1980
263028326564997,9,3,18848,144.59,1980
263028376736157,9,3,18868,146.237,1980
263028426870513,9,3,18848,146.237,1980
263028476993540,10,3,18848,145.936,1980
263028527118059,10,3,18848,145.936,1980
263028577240518,10,3,18848,146.052,1980
263028627376319,10,3,18870,146.052,1980
263028677501732,9,3,18852,148.068,1980
263028727667136,9,3,18874,148.068,1980
263028777782121,9,3,18856,151.088,1980
263029142390348,0,0,18858,148.613,1980
263029193513682,0,0,18858,147.958,1980
263029244199914,0,0,18858,146.471,1980
263029295359924,0,0,18858,146.471,1980
263029345475952,0,0,18858,144.928,1980
263029395588266,0,0,18858,144.928,1980
263029445707049,0,0,18858,143.85,1980
263029495832677,0,0,18858,143.85,1980
263029545938140,0,0,18858,142.932,1980
263029596443645,0,0,18858,142.932,1980
263029646566481,0,0,18858,140.549,1980
263029696673145,0,0,18858,140.549,1980
263029746779922,0,0,18858,137.469,1980
263029796887783,0,0,18858,137.469,1980
263029846990870,0,0,18858,136.004,1980
263029897098611,0,0,18858,136.004,1980
263029947536545,0,0,18858,136.133,1980
263029997645399,0,0,18858,136.133,1980
263030047896747,0,0,18858,136.047,1980
263030098022681,0,0,18858,136.047,1980
263030163048773,0,0,18858,135.915,1980
263030553451022,0,0,18858,135.844,1980
263030603609083,0,0,18858,135.844,1980
263030741870238,0,0,18858,135.865,1980
263030889815164,0,0,18858,135.977,1980
263030940296899,0,0,18858,135.977,1980
263030991093886,0,0,18858,135.797,1980
263031042067543,0,0,18858,135.797,1980
263031093057582,0,0,18858,136.275,1980
263031143164909,0,0,18858,136.275,1980
263031193274464,0,0,18898,136.833,1980
263031368470241,2,1,18898,140.895,1980
263031419545450,2,1,18898,140.895,1980
263031470972684,0,0,18898,152.885,1980
263031522269320,0,0,18898,152.885,1980
263031573914858,0,0,18898,173.186,1980
263031624475081,0,0,18898,173.186,1980
263031674602861,75,37,18898,196.911,1980
263031724751534,75,37,18898,196.911,1980
263031774888875,75,37,18898,217.079,1980
263031825052827,75,37,18898,217.079,1980
263031875213645,81,40,18898,239.418,1980
263031925768605,81,40,18898,239.418,1980
263031977560194,81,40,18898,260.132,1980
263032028109352,81,40,18898,260.132,1980
263032078595648,93,46,18898,281.366,1980
263032128813094,93,46,18898,281.366,1980
263032178937080,93,46,18898,304.272,1980
263032229052176,93,46,18898,304.272,1980
263032279165086,79,39,19080,298.652,1980
263032329275805,79,39,23906,298.652,1980
263032379399798,79,39,25098,323.45,1980
263032429509282,79,39,25098,323.45,1980
263032479621317,54,27,25098,357.645,1980
263032529729167,54,27,25098,357.645,1980
263032579830173,54,27,25098,383.408,1980
263032629954069,54,27,25098,383.408,1980
263032680107326,98,49,27330,383.661,1980
263032730223011,98,49,34384,383.661,1980
263032780332169,98,49,36828,379.444,1980
263032830439205,98,49,36828,379.444,1980
263032880544603,38,19,40382,389.961,1980
263032930658637,38,19,42762,389.961,1980
263032980761334,38,19,42762,409.774,1980
263033030880730,38,19,42762,409.774,1980
263033080983481,98,54,42762,431.539,1980
263033131091219,98,54,42762,431.539,1980
263033181192900,98,54,42762,451.251,1980
263033231306661,98,54,42762,451.251,1980
263033281411791,96,54,42762,489.345,1980
263033331518642,96,54,42762,489.345,1980
263033381629032,96,54,42762,515.183,1980
263033431735732,96,54,42762,515.183,1980
263033481838954,97,52,42762,514.263,1980
263033531943528,97,52,42762,514.263,1980
263033582054946,97,52,42762,513.789,1980
263033632162019,97,52,42762,513.789,1980
263033682263213,99,54,42762,533.474,1980
263033732386493,99,54,42762,533.474,1980
263033783765141,99,54,42762,533.863,1980
263033834568281,99,54,42762,533.863,1980
263033885465987,50,33,42762,515.216,1980
263033936088675,50,33,42762,515.216,1980
263033995677055,50,33,42762,472.854,1980
263034045811443,50,33,42762,472.854,1980
263034095943974,2,2,42762,439.669,1980
263034146958550,2,2,42762,419.175,1980
263034198467989,2,2,42762,419.175,1980
263034248611814,75,36,42762,394.172,1980
263034299087167,75,36,42762,394.172,1980
263034349574870,75,36,42762,375.109,1980
263034400563818,75,36,42762,375.109,1980
263034450690382,79,40,42762,354.691,1980
263034501633669,79,40,42762,354.691,1980
263034551739301,79,40,42762,333.543,1980
263034602734592,79,40,42762,333.543,1980
263034653110541,93,45,42762,317.56,1980
263034704017639,93,45,42762,317.56,1980
263034754124330,93,45,42762,311.234,1980
263034804986538,93,45,42762,311.234,1980
263034855132254,100,49,42764,324.551,1980
263034905241096,100,49,43956,324.551,1980
263034955352152,100,49,43956,376.8,1980
263035005471547,100,49,43956,376.8,1980
263035055574196,98,50,43956,413.939,1980
263035105690024,98,50,43956,413.939,1980
263035155795343,98,50,48746,439.307,1980
263035205897829,98,50,48746,439.307,1980
263035255998899,89,48,52272,463.388,1980
263035306110120,89,48,54652,463.388,1980
263035356221487,89,48,54652,484.038,1980
263035406334035,89,48,54652,484.038,1980
263035456436066,95,55,54652,503.973,1980
263035506544622,95,55,54652,503.973,1980
263035556645829,95,55,54652,523.852,1980
263035606758160,95,55,54652,523.852,1980
263035656860483,96,54,54652,547.556,1980
263035706963648,96,54,54652,547.556,1980
263035757064562,96,54,54652,569.101,1980
263035807173086,96,54,54652,569.101,1980
263035857275172,96,54,54652,586.293,1980
263035907378305,96,54,54652,586.293,1980
263035957497482,96,54,54652,581.954,1980
263036007607409,96,54,54652,581.954,1980
263036057711466,97,56,54652,575.778,1980
263036109378281,97,56,54652,575.778,1980
263036160164310,97,56,54652,555.854,1980
263036210815557,97,56,54652,555.854,1980
263036261814754,44,36,54652,509.471,1980
263036320564861,44,36,54652,509.471,1980
263036371186581,44,36,54652,468.721,1980
263036421341686,44,36,54652,468.721,1980
263036472046844,16,7,54652,447.464,1980
263036522566771,16,7,54652,447.464,1980
263036572766509,16,7,54652,425.317,1980
263036622916452,16,7,54652,425.317,1980
263036673890382,78,38,54652,404.631,1980
263036724048597,78,38,54652,404.631,1980
263036774173112,78,38,54652,383.672,1980
263036824372502,78,38,54652,383.672,1980
263036874579266,88,43,54652,363.688,1980
263036924723500,88,43,54652,363.688,1980
263036974864876,88,43,54652,338.697,1980
263037025260624,88,43,54652,338.697,1980
263037075371733,100,49,54652,323.124,1980
263037125484277,100,49,54654,323.124,1980
263037175620447,100,49,54654,316.14,1980
263037225733482,100,49,54654,316.14,1980
263037275838765,69,34,54654,368.21,1980
263037325962483,69,34,54654,368.21,1980
263037379102486,69,34,54654,408.832,1980
263037429212833,69,34,54654,408.832,1980
263037479325367,98,48,54654,431.597,1980
263037529432660,98,48,54654,431.597,1980
263037579537228,98,48,54654,457.329,1980
263037629643691,98,48,54654,457.329,1980
263037679751930,96,51,54654,478.815,1980
263037729853880,96,51,54654,478.815,1980
263037779956367,96,51,54654,493.604,1980
263037830062339,96,51,54654,493.604,1980
263037880165605,97,54,54654,518.105,1980
263037930271281,97,54,54654,518.105,1980
263037980374150,97,54,54654,536.313,1980
263038030480518,97,54,54654,536.313,1980
263038080596272,99,54,54654,562.292,1980
263038130701365,99,54,54654,562.292,1980
263038180802275,99,54,54654,575.12,1980
263038230912126,99,54,54654,575.12,1980
263038281027347,96,53,54654,569.91,1980
263038331130528,96,53,54654,569.91,1980
263038382127822,96,53,54654,557.535,1980
263038433104862,96,53,54654,557.535,1980
263038483819454,73,51,54654,517.543,1980
263038534921833,73,51,54654,517.543,1980
263038585053057,73,51,54654,477.169,1980
263038636695116,73,51,54654,477.169,1980
263038688273800,2,1,54654,449.472,1980
263038738422224,2,1,54654,449.472,1980
263038789807353,2,1,54654,426.366,1980
263038839970983,2,1,54654,426.366,1980
263038891513857,74,36,54654,402.811,1980
263038942630517,74,36,54654,402.811,1980
263038993653789,74,36,54654,380.89,1980
263039044170955,74,36,54654,380.89,1980
263039094318208,76,38,54654,358.605,1980
263039144457504,76,38,54654,358.605,1980
263039194763426,76,38,54654,344.958,1980
263039245420443,76,38,54654,344.958,1980
263039296429734,89,43,54654,324.396,1980
263039347105807,89,43,54654,324.396,1980
263039397217856,89,43,54654,313.091,1980
263039447333579,89,43,54654,313.091,1980
263039497456685,100,49,54654,330.512,1980
263039547570257,100,49,54654,330.512,1980
263039597673626,100,49,54654,384.512,1980
263039647782812,100,49,54654,384.512,1980
263039697886124,98,52,54654,412.605,1980
263039747988888,98,52,54654,412.605,1980
263039798090568,98,52,54654,437.004,1980
263039848192686,98,52,54654,437.004,1980
263039898311944,91,47,57034,464.063,1980
263039948415522,91,47,57034,464.063,1980
263039998557806,91,47,57034,486.434,1980
263040048695716,91,47,57034,486.434,1980
263040098803020,98,55,57034,506.075,1980
263040148909099,98,55,57034,506.075,1980
263040199021360,98,55,57034,526.788,1980
263040249124631,98,55,57034,526.788,1980
263040299228900,96,55,57034,543.779,1980
263040349332153,96,55,57034,543.779,1980
263040399433944,96,55,57034,567.989,1980
263040449540774,96,55,57034,567.989,1980
263040499649848,99,56,57034,591.927,1980
263040549755927,99,56,57034,591.927,1980
263040599863859,99,56,57034,583.541,1980
263040649966942,99,56,57034,581.264,1980
263040700048400,96,55,57034,581.264,1980
263040750149735,96,55,57034,580.856,1980
263040800260892,96,55,57034,580.856,1980
263040850961271,98,57,57034,552.245,1980
263040901850284,98,57,57034,552.245,1980
263040952646655,98,57,57034,505.786,1980
263041003185750,98,57,57034,505.786,1980
263041053314830,2,2,57034,475.852,1980
263041104584053,2,2,57034,475.852,1980
263041154709014,2,2,57034,452.483,1980
263041206068070,2,2,57034,452.483,1980
263041256203738,74,36,57034,427.754,1980
263041307504985,74,36,57034,427.754,1980
263041357845401,74,36,57034,403.402,1980
263041407989347,74,36,57034,403.402,1980
263041458115156,81,40,57034,379.676,1980
263041509081455,81,40,57034,379.676,1980
263041559507496,81,40,57034,360.933,1980
263041610295477,81,40,57034,360.933,1980
263041660451023,92,45,57034,344.32,1980
263041710985091,92,45,57034,344.32,1980
263041761548959,92,45,57034,319.639,1980
263041811662732,92,45,57036,319.639,1980
263041861786072,100,49,57036,322.678,1980
263041911898641,100,49,57036,322.678,1980
263041962017631,100,49,57036,368.481,1980
263042012123947,100,49,57036,368.481,1980
263042062235805,98,50,57036,414.856,1980
263042113009353,98,50,57036,414.856,1980
263042163125636,98,50,57036,439.146,1980
263042213232403,98,50,57036,439.146,1980
263042263335628,91,46,57036,459.659,1980
263042313439786,91,46,57036,459.659,1980
263042363550221,91,46,57036,482.651,1980
263042413656188,91,46,57036,482.651,1980
263042463759849,98,55,57036,503.625,1980
263042513863543,98,55,57036,503.625,1980
263042563966272,98,55,57036,526.457,1980
263042614078143,98,55,57036,526.457,1980
263042664184075,96,54,57036,549.816,1980
263042714286162,96,54,57036,549.816,1980
263042764386654,96,54,57036,565.248,1980
263042814488837,96,54,57036,565.248,1980
263042864595857,97,53,57036,592.65,1980
263042914707822,97,53,57036,592.65,1980
263042964808872,97,53,57036,586.998,1980
263043014916390,97,53,57036,586.998,1980
263043065023662,96,53,57036,581.063,1980
263043115124828,96,53,57036,581.063,1980
263043166141657,96,53,57036,574.645,1980
263043217085637,96,53,57036,574.645,1980
263043267973900,72,51,57036,531.924,1980
263043318592835,72,51,57036,531.924,1980
263043368741464,72,51,57036,487.873,1980
263043419213072,72,51,57036,487.873,1980
263043470973415,2,1,57036,461.389,1980
263043522732928,2,1,57036,461.389,1980
263043573912986,2,1,57036,437.679,1980
263043624961899,2,1,57036,437.679,1980
263043675107453,76,37,57036,411.852,1980
263043726314299,76,37,57036,411.852,1980
263043776479861,76,37,57036,391.268,1980
263043826610625,76,37,57036,391.268,1980
263043876742036,81,40,57036,368.704,1980
263043927570325,81,40,57036,368.704,1980
263043978176694,81,40,57036,354.513,1980
263044028619937,81,40,57036,354.513,1980
263044078725971,98,48,57036,326.956,1980
263044128830034,98,48,57036,326.956,1980
263044178936296,98,48,57036,309.913,1980
263044229054001,98,48,57036,309.913,1980
263044279155357,78,39,57036,344.236,1980
263044329274998,78,39,57036,344.236,1980
263044379385123,78,39,57036,392.593,1980
263044429489140,78,39,57036,392.593,1980
263044479597312,98,51,57036,431.15,1980
263044529708092,98,51,57036,431.15,1980
263044580008748,98,51,57036,450.558,1980
263044630112139,98,51,57036,450.558,1980
263044680220534,90,49,57036,471.926,1980
263044730322245,90,49,57036,471.926,1980
263044780424003,90,49,57036,497.556,1980
263044830540975,90,49,57036,497.556,1980
263044880641388,96,54,57036,515.157,1980
263044930749734,96,54,57036,515.157,1980
263044980858657,96,54,57036,540.267,1980
263045030962441,96,54,57036,540.267,1980
263045081343480,98,56,57036,560.202,1980
263045131466101,98,56,57036,560.202,1980
263045181571329,98,56,57036,584.045,1980
263045231675285,98,56,57036,584.045,1980
263045281785458,96,54,57036,588.27,1980
263045332760812,96,54,57036,588.27,1980
263045382864595,96,54,57036,583.163,1980
263045432975908,96,54,57036,583.163,1980
263045483084771,97,54,57036,577.535,1980
263045533837188,97,54,57036,577.535,1980
263045584577023,97,54,57036,554.145,1980
263045635224655,97,54,57036,554.145,1980
263045685922652,28,28,57036,509.852,1980
263045737566732,28,28,57036,509.852,1980
263045787695375,28,28,57036,476.507,1980
263045838462187,28,28,57036,476.507,1980
263045889903010,31,15,57036,450.207,1980
263045940857672,31,15,57036,450.207,1980
263045992223918,31,15,57036,429.217,1980
263046042331916,31,15,57036,429.217,1980
263046092528861,84,41,57036,409.639,1980
263046143138300,84,41,57036,409.639,1980
263046193492320,84,41,57036,389.99,1980
263046243647789,84,41,57036,389.99,1980
263046293770967,100,49,57036,369.354,1980
263046344014041,100,49,57036,369.354,1980
263046394176200,100,49,57036,345.868,1980
263046452278200,100,49,57036,345.868,1980
263046502388190,100,50,57036,323.605,1980
263046552505049,100,50,57036,323.605,1980
263046602612301,100,50,57036,327.137,1980
263046652723790,100,50,57036,327.137,1980
263046702831171,98,54,57036,377.804,1980
263046754669551,98,54,57036,422.177,1980
263046804773877,98,54,57036,422.177,1980
263046854878189,96,53,57036,440.109,1980
263046904982609,96,53,57036,440.109,1980
263046955090057,96,53,57036,461.598,1980
263047005204332,96,53,57036,461.598,1980
263047055310526,96,56,57036,480.112,1980
263047105414991,96,56,57036,480.112,1980
263047155521698,96,56,57036,503.765,1980
263047205624440,96,56,57036,503.765,1980
263047255727694,97,54,57036,527.764,1980
263047305832740,97,54,57036,527.764,1980
263047355959431,97,54,57036,550.201,1980
263047406064849,97,54,57036,550.201,1980
263047456169132,99,56,57036,570.816,1980
263047506275820,99,56,57036,570.816,1980
263047556377729,99,56,57036,589.719,1980
263047606493098,99,56,57036,589.719,1980
263047656599742,96,55,57036,582.119,1980
263047706704682,96,55,57036,582.119,1980
263047757709890,96,55,57036,559.626,1980
263047808700902,96,55,57036,559.626,1980
263047859502377,61,45,57036,523.869,1980
263047910139023,61,45,57036,523.869,1980
263047960310990,61,45,57036,478.656,1980
263048011819631,61,45,57036,478.656,1980
263048061927825,72,35,57036,457.519,1980
263048113438314,72,35,57036,457.519,1980
263048163547203,72,35,57036,436.257,1980
263048213718110,72,35,57036,436.257,1980
263048264215910,79,39,57036,403.849,1980
263048314504957,79,39,57036,403.849,1980
263048364731020,79,39,57036,386.943,1980
263048414935509,79,39,57036,386.943,1980
263048465106749,88,43,57036,360.668,1980
263048515553013,88,43,57036,360.668,1980
263048565885948,88,43,57036,341.353,1980
263048616010013,88,43,57036,341.353,1980
263048666114437,100,50,57036,322.795,1980
263048718468148,100,50,57036,322.795,1980
263048768572535,100,50,57036,309.211,1980
263048818700519,100,50,57036,309.211,1980
263048868809501,78,39,57036,360.05,1980
263048918912263,78,39,57036,360.05,1980
263048969014320,78,39,57036,408.012,1980
263049019141690,78,39,57036,408.012,1980
263049069242283,91,45,57036,430.066,1980
263049119349506,91,45,57036,430.066,1980
263049169465542,91,45,57036,450.372,1980
263049219570613,91,45,57036,450.372,1980
263049269677403,97,55,57036,472.524,1980
263049319778178,97,55,57036,472.524,1980
263049369880152,97,55,57036,492.443,1980
263049419981472,97,55,57036,492.443,1980
263049470046243,96,53,57036,511.935,1980
263049520146231,96,53,57036,511.935,1980
263049570248039,96,53,57036,529.553,1980
263049620349521,96,53,57036,529.553,1980
263049670451853,96,52,57036,548.786,1980
263049720553357,96,52,57036,548.786,1980
263049770657294,96,52,57036,571.073,1980
263049820757947,96,52,57036,571.073,1980
263049870858234,98,55,57036,567.539,1980
263049920964599,98,55,57036,567.539,1980
263049971046404,98,55,57036,560.45,1980
263050021149749,98,55,57036,560.45,1980
263050072141138,47,38,57036,543.657,1980
263050122976100,47,38,57036,543.657,1980
263050173936960,47,38,57036,502.434,1980
263050224409525,47,38,57036,502.434,1980
263050275704330,15,8,57036,463.054,1980
263050325838023,15,8,57036,463.054,1980
263050377077179,15,8,57036,440.738,1980
263050428703545,15,8,57036,440.738,1980
263050479731238,75,37,57036,420.587,1980
263050530258339,75,37,57036,420.587,1980
263050580410672,75,37,57036,400.902,1980
263050631424978,75,37,57036,400.902,1980
263050681558509,85,41,57036,386.14,1980
263050732529196,85,41,57036,386.14,1980
263050782636315,85,41,57036,363.158,1980
263050833310864,85,41,57036,363.158,1980
263050883429073,99,48,57036,344.923,1980
263050933539103,99,48,57036,344.923,1980
263050983663902,99,48,57036,326.777,1980
263051033778532,99,48,57036,326.777,1980
263051083885392,74,37,57036,320.694,1980
263051133995393,74,37,57036,320.694,1980
263051184102124,74,37,57036,371.055,1980
263051234219591,74,37,57036,371.055,1980
263051284326200,99,51,57036,414.43,1980
263051334433718,99,51,57036,414.43,1980
263051384536632,99,51,57036,444.145,1980
263051434646126,99,51,57036,444.145,1980
263051484747291,98,53,57036,469.224,1980
263051534852116,98,53,57036,469.224,1980
263051584953665,98,53,57036,491.829,1980
263051635057765,98,53,57036,491.829,1980
263051685158417,96,55,57036,513.957,1980
263051735267145,96,55,57036,513.957,1980
263051785375069,96,55,57036,534.431,1980
263051835477822,96,55,57036,534.431,1980
263051885579580,97,57,57036,551.803,1980
263051935685516,97,57,57036,551.803,1980
263051985786171,97,57,57036,574.5,1980
263052035901429,97,57,57036,574.5,1980
263052086005520,96,55,57036,594.33,1980
263052136114654,96,55,57036,594.33,1980
263052186215188,96,55,57036,591.834,1980
263052236317508,96,55,57036,591.834,1980
263052286419922,97,56,57036,585.767,1980
263052336519864,97,56,57036,585.767,1980
263052386625749,97,56,57036,582.227,1980
263052437737106,97,56,57036,582.227,1980
263052488411952,40,34,57036,562.069,1980
263052539359921,40,34,57036,562.069,1980
263052589988622,40,34,57036,515.281,1980
263052640155808,40,34,57036,515.281,1980
263052690269573,25,13,57036,477.866,1980
263052741822610,25,13,57036,477.866,1980
263052791976947,25,13,57036,454.306,1980
263052843055186,25,13,57036,454.306,1980
263052893205751,75,37,57036,431.091,1980
263052946329126,75,37,57036,431.091,1980
263052996485617,75,37,57036,413.903,1980
263053047201487,75,37,57036,413.903,1980
263053097372354,87,42,57036,392.1,1980
263053148414486,87,42,57036,392.1,1980
263053198564240,87,42,57036,372.269,1980
263053249275748,87,42,57036,372.269,1980
263053299660651,99,49,57036,350.909,1980
263053349768206,99,49,57036,350.909,1980
263053401616006,99,49,57036,323.875,1980
263053451720768,99,49,57036,323.875,1980
263053501843951,75,38,57036,319.613,1980
263053551945843,75,38,57036,319.613,1980
263053602047394,75,38,57036,369.871,1980
263053652149272,75,38,57036,369.871,1980
263053702256896,98,51,57036,411.834,1980
263053752359688,98,51,57036,411.834,1980
263053802466235,98,51,57036,436.741,1980
263053852575642,98,51,57036,436.741,1980
263053902683110,96,52,57036,463.614,1980
263053952785454,96,52,57036,463.614,1980
263054002886924,96,52,57036,490.437,1980
263054052987604,96,52,57036,490.437,1980
263054103089573,96,54,57036,512.627,1980
263054153198387,96,54,57036,512.627,1980
263054203299908,96,54,57036,532.02,1980
263054253402232,96,54,57036,532.02,1980
263054303505159,97,53,57036,548.746,1980
263054353618443,97,53,57036,548.746,1980
263054403719840,97,53,57036,568.794,1980
263054453823094,97,53,57036,568.794,1980
263054503923483,99,55,57036,598.291,1980
263054554027010,99,55,57036,598.291,1980
263054604133230,99,55,57036,592.407,1980
263054654239149,99,55,57036,592.407,1980
263054704340621,96,54,57036,587.544,1980
263054754513775,96,54,57036,587.544,1980
263054805212111,96,54,57036,583.912,1980
263054855861293,96,54,57036,583.912,1980
263054906854066,2,2,57036,542.243,1980
263054957564010,2,2,57036,495.745,1980
263055007783866,2,2,57036,495.745,1980
263055059192001,51,24,57036,467.381,1980
263055109619250,51,24,57036,467.381,1980
263055159745218,51,24,57036,445.194,1980
263055209930322,51,24,57036,445.194,1980
263055260084088,78,38,57036,419.882,1980
263055311486382,78,38,57036,419.882,1980
263055362663449,78,38,57036,401.793,1980
263055413564593,78,38,57036,401.793,1980
263055463690219,88,43,57036,379.843,1980
263055513817838,88,43,57036,379.843,1980
263055564396787,88,43,57036,360.713,1980
263055614887798,88,43,57036,360.713,1980
263055664995140,100,49,57036,339.029,1980
263055715128897,100,49,57036,339.029,1980
263055765504288,100,49,57036,316.567,1980
263055815615422,100,49,57036,316.567,1980
263055865719265,73,39,57036,334.853,1980
263055915823757,73,39,57036,334.853,1980
263055965925669,73,39,57036,386.079,1980
263056016034258,73,39,57036,386.079,1980
263056066137782,99,53,57036,426.442,1980
263056116241764,99,53,57036,426.442,1980
263056166348445,99,53,57036,454.045,1980
263056216458435,99,53,57036,454.045,1980
263056266559736,95,51,57036,475.399,1980
263056316667438,95,51,57036,475.399,1980
263056366770330,95,51,57036,500.168,1980
263056416872645,95,51,57036,500.168,1980
263056466974439,96,57,57036,522.927,1980
263056517080195,96,57,57036,522.927,1980
263056567181347,96,57,57036,544.539,1980
263056617283188,96,57,57036,544.539,1980
263056667384803,97,56,57036,565.436,1980
263056717496510,97,56,57036,565.436,1980
263056767626946,97,56,57036,596.041,1980
263056817734003,97,56,57036,596.041,1980
263056867835404,96,57,57036,601.476,1980
263056917937382,96,57,57036,601.476,1980
263056968054577,96,57,57036,592.234,1980
263057018158953,96,57,57036,592.234,1980
263057068259557,97,55,57036,585.079,1980
263057118361013,97,55,57036,585.079,1980
263057168461316,97,55,57036,581.689,1980
263057219069123,97,55,57036,581.689,1980
263057269936341,25,25,57036,548.668,1980
263057321048690,25,25,57036,548.668,1980
263057372036030,25,25,57036,507.106,1980
263057422808697,25,25,57036,507.106,1980
263057472979724,37,18,57036,471.311,1980
263057524385340,37,18,57036,471.311,1980
263057574526354,37,18,57036,449.478,1980
263057626030534,37,18,57036,449.478,1980
263057676182034,74,37,57036,427.979,1980
263057726309720,74,37,57036,427.979,1980
263057777135419,74,37,57036,399.712,1980
263057827519495,74,37,57036,399.712,1980
263057877720407,88,43,57036,377.218,1980
263057927839843,88,43,57036,377.218,1980
263057978223370,88,43,57036,358.443,1980
263058028375943,88,43,57036,358.443,1980
263058078578951,99,48,57036,343.401,1980
263058128857700,99,48,57036,343.401,1980
263058186465908,99,48,57036,321.289,1980
263058236572802,99,48,57036,321.289,1980
263058286699357,76,38,57036,336.22,1980
263058336803114,76,38,57036,336.22,1980
263058386923682,76,38,57036,383.256,1980
263058437030132,76,38,57036,383.256,1980
263058487349054,98,49,57036,425.143,1980
263058537452223,98,49,57036,425.143,1980
263058587558774,98,49,57036,446.119,1980
263058637660848,98,49,57036,446.119,1980
263058687766471,96,51,57036,468.518,1980
263058737869792,96,51,57036,468.518,1980
263058787988968,96,51,57036,492.537,1980
263058838093930,96,51,57036,492.537,1980
263058888201728,96,55,57036,511.235,1980
263058938312719,96,55,57036,511.235,1980
263058988426767,96,55,57036,533.902,1980
263059038540166,96,55,57036,533.902,1980
263059088642344,96,54,57036,552.802,1980
263059138747242,96,54,57036,552.802,1980
263059188847482,96,54,57036,577.488,1980
263059238948609,96,54,57036,577.488,1980
263059289049222,96,52,57036,589.463,1980
263059339161934,96,52,57036,589.463,1980
263059389263576,96,52,57036,582.836,1980
263059439370800,96,52,57036,582.836,1980
263059491375058,98,55,57036,578.999,1980
263059542261005,98,55,57036,578.999,1980
263059592974090,98,55,57036,548.025,1980
263059643590515,98,55,57036,548.025,1980
263059703459066,2,2,57036,507.114,1980
263059755033354,2,2,57036,507.114,1980
263059805140939,2,2,57036,473.468,1980
263059856626977,2,2,57036,473.468,1980
263059907894703,74,36,57036,447.805,1980
263059959097902,74,36,57036,447.805,1980
263060009315927,74,36,57036,421.28,1980
263060060140025,74,36,57036,421.28,1980
263060111554102,86,42,57036,400.742,1980
263060161672068,86,42,57036,379.375,1980
263060212168460,86,42,57036,379.375,1980
263060262332072,100,49,57036,357.094,1980
263060312754311,100,49,57036,357.094,1980
263060362861438,100,49,57036,335.505,1980
263060412968590,100,49,57036,335.505,1980
263060463098093,88,44,57036,307.888,1980
263060513209036,88,44,57036,307.888,1980
263060563360831,88,44,57036,335.461,1980
263060613468582,88,44,57036,335.461,1980
263060663584514,98,48,57036,393.508,1980
263060713688621,98,48,57036,393.508,1980
263060763807634,98,48,57036,424.927,1980
263060813919738,98,48,57036,424.927,1980
263060864026309,96,51,57036,450.754,1980
263060914131562,96,51,57036,450.754,1980
263060964233035,96,51,57036,474.418,1980
263061014334580,96,51,57036,474.418,1980
263061064437578,96,53,57036,500.711,1980
263061114541635,96,53,57036,500.711,1980
263061164644473,96,53,57036,518.868,1980
263061214774618,96,53,57036,518.868,1980
263061264884582,96,53,57036,536.466,1980
263061315211801,96,53,57036,536.466,1980
263061365313492,96,53,57036,551.465,1980
263061415419623,96,53,57036,551.465,1980
263061465520658,97,54,57036,583.554,1980
263061515629751,97,54,57036,583.554,1980
263061565738917,97,54,57036,581.998,1980
263061615841951,97,54,57036,581.998,1980
263061665944387,99,54,57036,578.59,1980
263061716629287,99,54,57036,578.59,1980
263061767458336,99,54,57036,545.382,1980
263061818302139,99,54,57036,545.382,1980
263061869332791,2,2,57036,501.78,1980
263061919475368,2,2,57036,501.78,1980
263061971135996,2,2,57036,466.059,1980
263062021275939,2,2,57036,466.059,1980
263062072290565,75,36,57036,437.715,1980
263062122488029,75,36,57036,437.715,1980
263062172621965,75,36,57036,416.583,1980
263062222795921,75,36,57036,416.583,1980
263062273425038,83,41,57036,402.54,1980
263062323560837,83,41,57036,402.54,1980
263062373684721,83,41,57036,385.524,1980
263062423844520,83,41,57036,385.524,1980
263062474043815,100,49,57036,365.435,1980
263062524198386,100,49,57036,365.435,1980
263062574458129,100,49,57036,342.973,1980
263062624724481,100,49,57036,342.973,1980
263062675366956,100,50,57036,311.747,1980
263062725631435,100,50,57036,311.747,1980
263062775765021,100,50,57036,339.354,1980
263062825907553,100,50,57036,339.354,1980
263062876022037,98,50,57036,383.412,1980
263062926130635,98,50,57036,383.412,1980
263062976239684,98,50,57036,426.679,1980
263063026353150,98,50,57036,426.679,1980
263063076465304,91,48,57036,450.544,1980
263063127408012,91,48,57036,450.544,1980
263063177531004,91,48,57036,470.674,1980
263063227646827,91,48,57036,470.674,1980
263063277761566,96,54,57036,495.608,1980
263063327862401,96,54,57036,495.608,1980
263063377967911,96,54,57036,511.36,1980
263063428043466,96,54,57036,511.36,1980
263063478143871,96,55,57036,527.827,1980
263063528248058,96,55,57036,527.827,1980
263063578349866,96,55,57036,550.635,1980
263063628459176,96,55,57036,550.635,1980
263063678564961,96,54,57036,570.918,1980
263063728679423,96,54,57036,570.918,1980
263063778782828,96,54,57036,579.529,1980
263063828902542,96,54,57036,579.529,1980
263063879016802,96,54,57036,569.553,1980
263063929152601,96,54,57036,569.553,1980
263063979264629,96,54,57036,560.744,1980
263064029983221,96,54,57036,560.744,1980
263064080611328,2,2,57036,520.126,1980
263064131560473,2,2,57036,520.126,1980
263064181695666,2,2,57036,478.665,1980
263064231857526,2,2,57036,478.665,1980
263064283611382,56,26,57036,451.052,1980
263064335208017,56,26,57036,451.052,1980
263064385384903,56,26,57036,427.233,1980
263064435492427,56,26,57036,427.233,1980
263064485917075,79,39,57036,409.567,1980
263064536306568,79,39,57036,409.567,1980
263064586425863,79,39,57036,389.795,1980
263064638212422,79,39,57036,389.795,1980
263064698960550,97,48,57036,368.306,1980
263064749086647,97,48,57036,368.306,1980
263064799488021,97,48,57036,348.424,1980
263064849840731,97,48,57036,348.424,1980
263064899948551,100,50,57036,329.853,1980
263064950060049,100,50,57036,329.853,1980
263065000182659,100,50,57036,310.347,1980
263065050291243,100,50,57036,310.347,1980
263065100402597,98,48,57036,358.16,1980
263065150508574,98,48,57036,358.16,1980
263065200616726,98,48,57036,406.186,1980
263065250724031,98,48,57036,406.186,1980
263065300831567,92,45,57036,432.19,1980
263065350935878,92,45,57036,432.19,1980
263065401042152,92,45,57036,454.389,1980
263065451163791,92,45,57036,454.389,1980
263065501266241,96,54,57036,474.511,1980
263065551369016,96,54,57036,474.511,1980
263065601472231,96,54,57036,495.776,1980
263065651572886,96,54,57036,495.776,1980
263065701693744,96,53,57036,521.05,1980
263065751794542,96,53,57036,521.05,1980
263065801905452,96,53,57036,542.532,1980
263065852011558,96,53,57036,542.532,1980
263065902114129,96,53,57036,562.458,1980
263065952217849,96,53,57036,562.458,1980
263066002323812,96,53,57036,589.014,1980
263066052434036,96,53,57036,589.014,1980
263066102535565,96,54,57036,583.815,1980
263066152696774,96,54,57036,583.815,1980
263066202824711,96,54,57036,577.458,1980
263066253524622,96,54,57036,577.458,1980
263066304291124,27,27,57036,545.476,1980
263066355153750,27,27,57036,545.476,1980
263066405289954,27,27,57036,501.805,1980
263066456341458,27,27,57036,501.805,1980
263066506481002,36,17,57036,470.742,1980
263066557527036,36,17,57036,470.742,1980
263066608669836,36,17,57036,447.162,1980
263066659368622,36,17,57036,447.162,1980
263066710818870,76,38,57036,422.718,1980
263066762159814,76,38,57036,422.718,1980
263066812308966,76,38,57036,405.454,1980
263066862444197,76,38,57036,405.454,1980
263066912558127,88,43,57036,382.406,1980
263066963467182,88,43,57036,361.932,1980
263067014271019,88,43,57036,361.932,1980
263067064937226,100,49,57036,341.568,1980
263067115095949,100,49,57036,341.568,1980
263067173614435,100,49,57036,320.688,1980
263067231361878,100,49,57036,320.688,1980
263067281471635,68,33,57036,331.172,1980
263067331584259,68,33,57036,331.172,1980
263067381687072,68,33,57036,386.836,1980
263067431794671,68,33,57036,386.836,1980
263067481902855,99,48,57036,426.83,1980
263067532016825,99,48,57036,426.83,1980
263067582125742,99,48,57036,447.608,1980
263067632235136,99,48,57036,447.608,1980
263067682340276,97,48,57036,463.985,1980
263067732442999,97,48,57036,463.985,1980
263067782545575,97,48,57036,483.156,1980
263067832649334,97,48,57036,483.156,1980
263067882760474,99,54,57036,507.807,1980
263067932867519,99,54,57036,507.807,1980
263067982969801,99,54,57036,526.542,1980
263068033071892,99,54,57036,526.542,1980
263068083174162,96,53,57036,544.412,1980
263068133276413,96,53,57036,544.412,1980
263068183378354,96,53,57036,568.356,1980
263068233479868,96,53,57036,568.356,1980
263068283616481,96,55,57036,584.682,1980
263068333717650,96,55,57036,584.682,1980
263068383821221,96,55,57036,580.193,1980
263068433929523,96,55,57036,580.193,1980
263068484032871,96,53,57036,572.067,1980
263068535576566,96,53,57036,572.067,1980
263068586449655,96,53,57036,555.459,1980
263068637530995,96,53,57036,555.459,1980
263068688139227,2,2,57036,520.005,1980
263068741356350,2,2,57036,520.005,1980
263068792040216,2,2,57036,480.228,1980
263068842171878,2,2,57036,480.228,1980
263068893385742,72,35,57036,455.629,1980
263068944019260,72,35,57036,455.629,1980
263068994181152,72,35,57036,435.78,1980
263069045466476,72,35,57036,435.78,1980
263069096415975,82,40,57036,417.129,1980
263069147123973,82,40,57036,417.129,1980
263069198019359,82,40,57036,391.157,1980
263069248344293,82,40,57036,391.157,1980
263069298462188,98,48,57036,374.02,1980
263069348582751,98,48,57036,374.02,1980
263069399074621,98,48,57036,346.022,1980
263069449178148,98,48,57036,346.022,1980
263069499283595,100,50,57036,325.156,1980
263069549404856,100,50,57036,325.156,1980
263069599514150,100,50,57036,333.089,1980
263069649625377,100,50,57036,333.089,1980
263069699731515,98,50,57036,379.473,1980
263069749837444,98,50,57036,379.473,1980
263069799942313,98,50,57036,423.487,1980
263069850055477,98,50,57036,423.487,1980
263069900157406,90,48,57036,445.415,1980
263069950260042,90,48,57036,445.415,1980
263070000364693,90,48,57036,470.884,1980
263070050474007,90,48,57036,470.884,1980
263070100576645,96,55,57036,492.391,1980
263070150684214,96,55,57036,492.391,1980
263070200785343,96,55,57036,515.599,1980
263070250887075,96,55,57036,515.599,1980
263070301017856,96,54,57036,536.993,1980
263070351126970,96,54,57036,536.993,1980
263070401227696,96,54,57036,553.423,1980
263070451333080,96,54,57036,553.423,1980
263070501434848,96,54,57036,575.038,1980
263070551557946,96,54,57036,575.038,1980
263070601668052,96,54,57036,591.07,1980
263070651791600,96,54,57036,591.07,1980
263070701901538,96,55,57036,585.472,1980
263070752008480,96,55,57036,585.472,1980
263070804069972,96,55,57036,580.675,1980
263070854890459,96,55,57036,580.675,1980
263070905979356,42,35,57036,552.515,1980
263070956675100,42,35,57036,552.515,1980
263071007357338,42,35,57036,509.358,1980
263071058885443,42,35,57036,509.358,1980
263071109029930,19,10,57036,476.563,1980
263071160307060,19,10,57036,476.563,1980
263071210449373,19,10,57036,451.928,1980
263071261461207,19,10,57036,451.928,1980
263071312128797,74,37,57036,428.391,1980
263071363264832,74,37,57036,428.391,1980
263071414337757,74,37,57036,403.731,1980
263071465706521,74,37,57036,403.731,1980
263071516629168,85,41,57036,383.252,1980
263071567469662,85,41,57036,368.336,1980
263071618119160,85,41,57036,368.336,1980
263071668273751,100,49,57036,347.081,1980
263071718830432,100,49,57036,347.081,1980
263071768964453,100,49,57036,321.447,1980
263071819081842,100,49,57036,321.447,1980
263071869197211,69,34,57036,330.42,1980
263071919307564,69,34,57036,330.42,1980
263071969410219,69,34,57036,381.474,1980
263072019512223,69,34,57036,381.474,1980
263072069616747,98,51,57036,420.004,1980
263072119731956,98,51,57036,420.004,1980
263072169836359,98,51,57036,442.453,1980
263072219945308,98,51,57036,442.453,1980
263072270049857,98,53,57036,462.237,1980
263072320154803,98,53,57036,462.237,1980
263072370261559,98,53,57036,485.258,1980
263072420367086,98,53,57036,485.258,1980
263072470469527,96,54,57036,508.74,1980
263072520573361,96,54,57036,508.74,1980
263072570675282,96,54,57036,530.654,1980
263072620777324,96,54,57036,530.654,1980
263072670878394,96,55,57036,549.918,1980
263072720981034,96,55,57036,549.918,1980
263072771084355,96,55,57036,576.361,1980
263072821187516,96,55,57036,576.361,1980
263072871288549,96,55,57036,593.975,1980
263072921399978,96,55,57036,593.975,1980
263072971506301,96,55,57036,588.982,1980
263073021608113,96,55,57036,588.982,1980
263073071709232,97,53,57036,584.562,1980
263073121810955,97,53,57036,584.562,1980
263073171911677,97,53,57036,583.198,1980
263073222937468,97,53,57036,583.198,1980
263073273828435,25,25,57036,549.625,1980
263073324734962,25,25,57036,549.625,1980
263073375762310,25,25,57036,506.23,1980
263073427296036,25,25,57036,506.23,1980
263073477406515,37,18,57036,471.662,1980
263073527545014,37,18,57036,471.662,1980
263073577680202,37,18,57036,448.96,1980
263073627789315,37,18,57036,448.96,1980
263073678462491,82,39,57036,426.7,1980
263073729411299,82,39,57036,426.7,1980
263073779582241,82,39,57036,407.964,1980
263073829721480,82,39,57036,407.964,1980
263073879875755,99,48,57036,387.334,1980
263073930051601,99,48,57036,387.334,1980
263073980175758,99,48,57036,361.394,1980
263074030306664,99,48,57036,361.394,1980
263074080880842,100,50,57036,338.076,1980
263074131377087,100,50,57036,338.076,1980
263074181492218,100,50,57036,320.584,1980
263074231595359,100,50,57036,320.584,1980
263074281702053,98,49,57036,346.627,1980
263074331829267,98,49,57036,346.627,1980
263074381939149,98,49,57036,401.098,1980
263074432042522,98,49,57036,401.098,1980
263074482145753,91,44,57036,433.442,1980
263074532248827,91,44,57036,433.442,1980
263074582352001,91,44,57036,459.143,1980
263074632453282,91,44,57036,459.143,1980
263074682554147,96,52,57036,482.519,1980
263074732656992,96,52,57036,482.519,1980
263074782754258,96,52,57036,505.893,1980
263074832852741,96,52,57036,505.893,1980
263074882953572,97,52,57036,525.217,1980
263074933062022,97,52,57036,525.217,1980
263074983167253,97,52,57036,542.758,1980
263075033273552,97,52,57036,542.758,1980
263075083375195,98,54,57036,561.829,1980
263075133478854,98,54,57036,561.829,1980
263075183578603,98,54,57036,586.936,1980
263075233680867,98,54,57036,586.936,1980
263075283779561,96,53,57036,584.143,1980
263075333878138,96,53,57036,584.143,1980
263075383977605,96,53,57036,579.859,1980
263075434045469,96,53,57036,579.859,1980
263075484162190,96,62,57036,572.54,1980
263075535174140,96,62,57036,572.54,1980
263075586202153,96,62,57036,531.513,1980
263075637232489,96,62,57036,531.513,1980
263075687391097,2,2,57036,485.141,1980
263075738828356,2,2,57036,485.141,1980
263075788962344,2,2,57036,456.279,1980
263075840379060,2,2,57036,456.279,1980
263075890494405,74,36,57036,435.139,1980
263075941073314,74,36,57036,435.139,1980
263075991474993,74,36,57036,414.03,1980
263076041861515,74,36,57036,414.03,1980
263076092896253,84,41,57036,399.973,1980
263076143008185,84,41,57036,399.973,1980
263076193601195,84,41,57036,376.357,1980
263076243906808,84,41,57036,376.357,1980
263076294029823,98,48,57036,360.707,1980
263076344436827,98,48,57036,360.707,1980
263076394837709,98,48,57036,340.456,1980
263076450950146,98,48,57036,340.456,1980
263076501071896,82,41,57036,316.019,1980
263076551176194,82,41,57036,316.019,1980
263076601287577,82,41,57036,356.445,1980
263076651389572,82,41,57036,356.445,1980
263076701508743,98,50,57036,405.64,1980
263076751616361,98,50,57036,405.64,1980
263076801770655,98,50,57036,435.383,1980
263076851904203,98,50,57036,435.383,1980
263076902028184,98,52,57036,459.539,1980
263076952144921,98,52,57036,459.539,1980
263077002264899,98,52,57036,481.546,1980
263077052371122,98,52,57036,481.546,1980
263077102477041,96,54,57036,502.387,1980
263077152591716,96,54,57036,502.387,1980
263077202696674,96,54,57036,520.412,1980
263077252797789,96,54,57036,520.412,1980
263077302900623,96,54,57036,543.887,1980
263077353013268,96,54,57036,543.887,1980
263077403116160,96,54,57036,562.554,1980
263077453224013,96,54,57036,562.554,1980
263077503331170,96,55,57036,587.356,1980
263077553433281,96,55,57036,587.356,1980
263077603538096,96,55,57036,593.767,1980
263077653647212,96,55,57036,593.767,1980
263077703750562,96,54,57036,588.342,1980
263077754449679,96,54,57036,588.342,1980
263077805181859,96,54,57036,558.037,1980
263077855815066,96,54,57036,558.037,1980
263077906489415,2,2,57036,513.845,1980
263077957948192,2,2,57036,513.845,1980
263078008091672,2,2,57036,478.53,1980
263078058245428,2,2,57036,478.53,1980
263078109355479,74,36,57036,458.705,1980
263078160400574,74,36,57036,458.705,1980
263078210563190,74,36,57036,436.788,1980
263078262223399,74,36,57036,436.788,1980
263078312344093,81,40,57036,412.449,1980
263078362497046,81,40,57036,412.449,1980
263078412637435,81,40,57036,390.826,1980
263078463296018,81,40,57036,390.826,1980
263078513430218,99,49,57036,368.353,1980
263078563575264,99,49,57036,368.353,1980
263078613689833,99,49,57036,347.233,1980
263078663795472,99,49,57036,347.233,1980
263078713899279,100,50,57036,322.364,1980
263078764008484,100,50,57036,322.364,1980
263078814108362,100,50,57036,338.684,1980
263078864208318,100,50,57036,338.684,1980
263078914311145,98,50,57036,391.95,1980
263078964451054,98,50,57036,391.95,1980
263079014574387,98,50,57036,430.809,1980
263079064690387,98,50,57036,430.809,1980
263079114802371,91,48,57036,454.52,1980
263079164915309,91,48,57036,454.52,1980
263079215023125,91,48,57036,475.039,1980
263079265143057,91,48,57036,475.039,1980
263079315251636,97,52,57036,495.553,1980
263079365362026,97,52,57036,495.553,1980
263079415471955,97,52,57036,516.816,1980
263079465578868,97,52,57036,516.816,1980
263079515693812,99,55,57036,536.136,1980
263079565801583,99,55,57036,536.136,1980
263079615912568,99,55,57036,561.191,1980
263079666022107,99,55,57036,561.191,1980
263079716129854,96,54,57036,580.283,1980
263079766233869,96,54,57036,580.283,1980
263079816340323,96,54,57036,590.688,1980
263079866449030,96,54,57036,590.688,1980
263079916555246,97,53,57036,583.212,1980
263079966659692,97,53,57036,583.212,1980
263080017565660,97,53,57036,578.131,1980
263080068193536,97,53,57036,578.131,1980
263080119081130,24,23,57036,543.231,1980
263080170033533,24,23,57036,543.231,1980
263080222957762,24,23,57036,504.665,1980
263080273044687,32,15,57036,474.031,1980
263080324382687,32,15,57036,474.031,1980
263080374551166,32,15,57036,450.352,1980
263080425289020,32,15,57036,450.352,1980
263080476416852,77,38,57036,427.663,1980
263080527133364,77,38,57036,427.663,1980
263080578192533,77,38,57036,406.506,1980
263080628304396,77,38,57036,406.506,1980
263080678438672,97,47,57036,386.914,1980
263080728602099,97,47,57036,386.914,1980
263080779387023,97,47,57036,365.896,1980
263080829493086,97,47,57036,365.896,1980
263080879599042,100,50,57036,345.395,1980
263080929738711,100,50,57036,345.395,1980
263080979846850,100,50,57036,317.046,1980
263081029951221,100,50,57036,317.046,1980
263081080055547,88,43,57036,351.114,1980
263081130161117,88,43,57036,351.114,1980
263081180263458,88,43,57036,392.51,1980
263081230376452,88,43,57036,392.51,1980
263081280487250,99,48,57036,431.851,1980
263081330594923,99,48,57036,431.851,1980
263081380696593,99,48,57036,456.947,1980
263081430803942,99,48,57036,456.947,1980
263081480915289,96,52,57036,477.213,1980
263081531021258,96,52,57036,477.213,1980
263081581124275,96,52,57036,499.667,1980
263081631223531,96,52,57036,499.667,1980
263081681329394,97,52,57036,518.385,1980
263081731430811,97,52,57036,518.385,1980
263081781548883,97,52,57036,541.801,1980
263081831650674,97,52,57036,541.801,1980
263081881762285,99,54,57036,562.487,1980
263081931865356,99,54,57036,562.487,1980
263081981964013,99,54,57036,581.69,1980
263082032045666,99,54,57036,581.69,1980
263082082144017,96,53,57036,588.58,1980
263082132265987,96,53,57036,588.58,1980
263082182367425,96,53,57036,583.134,1980
263082232552957,96,53,57036,583.134,1980
263082282699699,97,63,57036,577.742,1980
263082333513139,97,63,57036,577.742,1980
263082384412813,97,63,57036,535.873,1980
263082435381624,97,63,57036,535.873,1980
263082485525289,2,2,57036,495.674,1980
263082535713783,2,2,57036,495.674,1980
263082586822432,2,2,57036,465.877,1980
263082638287370,2,2,57036,465.877,1980
263082688486226,75,37,57036,442.141,1980
263082739559010,75,37,57036,442.141,1980
263082789685744,75,37,57036,419.898,1980
263082840853264,75,37,57036,419.898,1980
263082890978564,83,41,57036,397.135,1980
263082941675729,83,41,57036,397.135,1980
263082991812075,83,41,57036,379.971,1980
263083042435754,83,41,57036,379.971,1980
263083092609135,98,48,57036,356.679,1980
263083142728314,98,48,57036,356.679,1980
263083192889443,98,48,57036,340.549,1980
263083247794412,98,48,57036,340.549,1980
263083297917614,86,43,57036,308.986,1980
263083348056499,86,43,57036,308.986,1980
263083398161753,86,43,57036,356.444,1980
263083448271954,86,43,57036,356.444,1980
263083498372831,98,50,57036,401.654,1980
263083550389253,98,50,57036,401.654,1980
263083600491815,98,50,57036,431.321,1980
263083650602874,98,50,57036,431.321,1980
263083700702542,97,51,57036,456.643,1980
263083750801304,97,51,57036,456.643,1980
263083800907716,97,51,57036,476.081,1980
263083851008548,97,51,57036,476.081,1980
263083901106464,96,54,57036,497.052,1980
263083951208400,96,54,57036,497.052,1980
263084001310996,96,54,57036,518.209,1980
263084051413856,96,54,57036,518.209,1980
263084101524602,97,53,57036,531.907,1980
263084151638496,97,53,57036,531.907,1980
263084201740302,97,53,57036,557.022,1980
263084251841483,97,53,57036,557.022,1980
263084301942494,97,54,57036,582.89,1980
263084352045554,97,54,57036,582.89,1980
263084402150303,97,54,57036,579.559,1980
263084452250580,97,54,57036,579.559,1980
263084502357039,96,54,57036,570.368,1980
263084552459530,96,54,57036,570.368,1980
263084603300071,96,54,57036,555.736,1980
263084653892146,96,54,57036,555.736,1980
263084704545996,2,2,57036,513.786,1980
263084755170635,2,2,57036,513.786,1980
263084805736305,2,2,57036,473.05,1980
263084855864864,2,2,57036,473.05,1980
263084907351547,58,28,57036,446.654,1980
263084957472182,58,28,57036,446.654,1980
263085008346115,58,28,57036,427.099,1980
263085058776164,58,28,57036,427.099,1980
263085108905465,76,37,57036,405.674,1980
263085159018472,76,37,57036,405.674,1980
263085209152800,76,37,57036,387.041,1980
263085259314809,76,37,57036,387.041,1980
263085309483187,95,46,57036,364.674,1980
263085359584146,95,46,57036,364.674,1980
263085409749398,95,46,57036,345.802,1980
263085459854054,95,46,57036,345.802,1980
263085509973309,100,50,57036,331.643,1980
263085560093791,100,50,57036,331.643,1980
263085610198895,100,50,57036,310.588,1980
263085660301673,100,50,57036,310.588,1980
263085710405324,99,53,57036,355.172,1980
263085760522470,99,53,57036,355.172,1980
263085810629235,99,53,57036,411.671,1980
263085860743762,99,53,57036,411.671,1980
263085910850657,99,53,57036,440.809,1980
263085960956650,99,53,57036,440.809,1980
263086011559149,99,53,57036,468.278,1980
263086061662795,99,53,57036,468.278,1980
263086111763929,97,53,57036,488.646,1980
263086161865548,97,53,57036,488.646,1980
263086211971352,97,53,57036,511.53,1980
263086262072306,97,53,57036,511.53,1980
263086312173359,98,57,57036,535.409,1980
263086362275391,98,57,57036,535.409,1980
263086412376521,98,57,57036,559.396,1980
263086462484002,98,57,57036,559.396,1980
263086512585836,97,55,57036,582.979,1980
263086562708967,97,55,57036,582.979,1980
263086612809699,97,55,57036,608.18,1980
263086662912275,97,55,57036,608.18,1980
263086713021541,98,56,57036,608.214,1980
263086763122731,98,56,57036,608.214,1980
263086817707610,98,56,57036,604.841,1980
263086867844362,98,56,57036,604.841,1980
263086917960703,97,54,57036,601.114,1980
263086968079070,97,54,57036,601.114,1980
263087018741786,97,54,57036,598.673,1980
263087069468366,97,54,57036,598.673,1980
263087120333591,28,27,57036,563.676,1980
263087171371388,28,27,57036,563.676,1980
263087224885393,28,27,57036,521.577,1980
263087274998677,31,15,57036,488.44,1980
263087326563501,31,15,57036,488.44,1980
263087376694674,31,15,57036,461.747,1980
263087428213215,31,15,57036,461.747,1980
263087479337574,75,37,57036,440.44,1980
263087529486597,75,37,57036,440.44,1980
263087580628196,75,37,57036,415.021,1980
263087630993557,75,37,57036,415.021,1980
263087681155932,89,43,57036,393.546,1980
263087731266625,89,43,57036,393.546,1980
263087781415507,89,43,57036,370.482,1980
263087831539393,89,43,57036,370.482,1980
263087881907075,100,49,57036,347.887,1980
263087932022417,100,49,57036,347.887,1980
263087982556389,100,49,57036,322.795,1980
263088032690577,100,49,57036,322.795,1980
263088082794334,79,42,57036,343.391,1980
263088132909675,79,42,57036,343.391,1980
263088183016270,79,42,57036,393.263,1980
263088233128598,79,42,57036,393.263,1980
263088283243508,99,53,57036,434.347,1980
263088333361251,99,53,57036,434.347,1980
263088383469933,99,53,57036,463.745,1980
263088433579610,99,53,57036,463.745,1980
263088483683970,96,54,57036,487.772,1980
263088533787089,96,54,57036,487.772,1980
263088584660732,96,54,57036,510.48,1980
263088634764158,96,54,57036,510.48,1980
263088684871370,96,56,57036,533.337,1980
263088734973788,96,56,57036,533.337,1980
263088785082342,96,56,57036,552.008,1980
263088835183900,96,56,57036,552.008,1980
263088885285102,99,58,57036,576.497,1980
263088935387342,99,58,57036,576.497,1980
263088985488207,99,58,57036,604.351,1980
263089035590309,99,58,57036,604.351,1980
263089085692515,96,56,57036,611.247,1980
263089135794749,96,56,57036,611.247,1980
263089185896205,96,56,57036,604.805,1980
263089235997429,96,56,57036,604.805,1980
263089286101497,98,58,57036,603.217,1980
263089336202622,98,58,57036,603.217,1980
263089386303876,98,58,57036,601.577,1980
263089438195908,98,58,57036,601.577,1980
263089488812656,66,49,57036,580.813,1980
263089539851758,66,49,57036,580.813,1980
263089590569229,66,49,57036,538.001,1980
263089643786088,66,49,57036,538.001,1980
263089695423168,6,3,57036,495.305,1980
263089745568422,6,3,57036,495.305,1980
263089796537745,6,3,57036,470.147,1980
263089846694642,6,3,57036,470.147,1980
263089897560451,78,38,57036,447.722,1980
263089947844358,78,38,57036,447.722,1980
263089997987066,78,38,57036,423.508,1980
263090048093288,78,38,57036,423.508,1980
263090098206634,96,47,57036,397.424,1980
263090148312456,96,47,57036,397.424,1980
263090198619793,96,47,57036,379.503,1980
263090248732895,96,47,57036,379.503,1980
263090298835266,100,50,57036,350.595,1980
263090348970269,100,50,57036,350.595,1980
263090399083152,100,50,57036,322.389,1980
263090449194569,100,50,57036,322.389,1980
263090499299517,81,44,57036,333.916,1980
263090549405018,81,44,57036,333.916,1980
263090599508199,81,44,57036,378.51,1980
263090649822414,81,44,57036,378.51,1980
263090699928669,92,49,57036,426.523,1980
263090750036858,92,49,57036,426.523,1980
263090800138174,92,49,57036,448.731,1980
263090850240199,92,49,57036,448.731,1980
263090900369378,95,54,57036,468.045,1980
263090950493559,95,54,57036,468.045,1980
263091000619559,95,54,57036,486.83,1980
263091050736109,95,54,57036,486.83,1980
263091100841656,96,55,57036,504.544,1980
263091150955571,96,55,57036,504.544,1980
263091201071205,96,55,57036,524.78,1980
263091251177782,96,55,57036,524.78,1980
263091301284631,97,54,57036,544.6,1980
263091351410240,97,54,57036,544.6,1980
263091401515704,97,54,57036,567.442,1980
263091451626006,97,54,57036,567.442,1980
263091501730252,99,56,57036,579.299,1980
263091551840797,99,56,57036,579.299,1980
263091603453800,99,56,57036,572.032,1980
263091654187742,99,56,57036,572.032,1980
263091705060183,42,35,57036,537.861,1980
263091755767975,42,35,57036,537.861,1980
263091806547408,42,35,57036,497.433,1980
263091856678931,42,35,57036,497.433,1980
263091908281608,23,11,57036,462.147,1980
263091959662558,23,11,57036,462.147,1980
263092011369305,23,11,57036,445.212,1980
263092062401485,23,11,57036,445.212,1980
263092112571787,76,38,57036,424.171,1980
263092162733154,76,38,57036,424.171,1980
263092212871533,76,38,57036,405.411,1980
263092263330782,76,38,57036,405.411,1980
263092313455901,89,44,57036,390.721,1980
263092363619255,89,44,57036,390.721,1980
263092413784632,89,44,57036,368.647,1980
263092463922633,89,44,57036,368.647,1980
263092514087250,100,49,57036,343.426,1980
263092564248313,100,49,57036,343.426,1980
263092614370274,100,49,57036,323.067,1980
263092664474419,100,49,57036,323.067,1980
263092714582238,79,40,57036,338.587,1980
263092764700651,79,40,57036,338.587,1980
263092814803737,79,40,57036,388.592,1980
263092864904659,79,40,57036,388.592,1980
263092915011369,98,50,57036,428.57,1980
263092965113809,98,50,57036,428.57,1980
263093015228076,98,50,57036,447.38,1980
263093065339739,98,50,57036,447.38,1980
263093115440869,97,50,57036,468.757,1980
263093165547406,97,50,57036,468.757,1980
263093215653217,97,50,57036,491.08,1980
263093265756667,97,50,57036,491.08,1980
263093315857329,99,55,57036,513.55,1980
263093365960054,99,55,57036,513.55,1980
263093416062103,99,55,57036,540.813,1980
263093466160011,99,55,57036,540.813,1980
263093516261995,96,54,57036,560.383,1980
263093566360073,96,54,57036,560.383,1980
263093616457301,96,54,57036,585.465,1980
263093666559651,96,54,57036,585.465,1980
263093716658452,97,53,57036,594.261,1980
263093766755135,97,53,57036,594.261,1980
263093816891276,97,53,57036,587.059,1980
263093867009145,97,53,57036,587.059,1980
263093918386861,96,54,57036,581.956,1980
263093969373365,96,54,57036,581.956,1980
263094020319045,96,54,57036,560.153,1980
263094070992947,96,54,57036,560.153,1980
263094127270641,2,2,57036,517.385,1980
263094177427734,2,2,57036,517.385,1980
263094229220023,2,2,57036,475.182,1980
263094280690417,74,36,57036,451.122,1980
263094330850876,74,36,57036,451.122,1980
263094381035416,74,36,57036,427.656,1980
263094432088182,74,36,57036,427.656,1980
263094482289450,77,38,57036,404.973,1980
263094533599490,77,38,57036,404.973,1980
263094584874868,77,38,57036,386.689,1980
263094635654175,77,38,57036,386.689,1980
263094685801640,92,45,57036,362.138,1980
263094736571646,92,45,57036,362.138,1980
263094786855222,92,45,57036,347.962,1980
263094837033054,92,45,57036,347.962,1980
263094887164225,100,49,57036,321.711,1980
263094937273839,100,49,57036,321.711,1980
263094987384856,100,49,57036,338.414,1980
263095037494695,100,49,57036,338.414,1980
263095087611731,98,50,57036,384.656,1980
263095137719011,98,50,57036,384.656,1980
263095187821433,98,50,57036,422.562,1980
263095237937329,98,50,57036,422.562,1980
263095288046950,91,46,57036,446.169,1980
263095338164317,91,46,57036,446.169,1980
263095388266962,91,46,57036,474.023,1980
263095438374377,91,46,57036,474.023,1980
263095488481838,98,55,57036,492.905,1980
263095538592504,98,55,57036,492.905,1980
263095588695017,98,55,57036,518.373,1980
263095638797281,98,55,57036,518.373,1980
263095688899520,96,54,57036,536.035,1980
263095739012979,96,54,57036,536.035,1980
263095789119548,96,54,57036,559.833,1980
263095839227311,96,54,57036,559.833,1980
263095889329865,96,55,57036,575.76,1980
263095939429466,96,55,57036,575.76,1980
263095989541457,96,55,57036,591.004,1980
263096039640008,96,55,57036,591.004,1980
263096089736719,96,54,57036,589.896,1980
263096139849246,96,54,57036,589.896,1980
263096189946177,96,54,57036,585.368,1980
263096240069356,96,54,57036,585.368,1980
263096291106227,91,62,57036,571.727,1980
263096341959871,91,62,57036,571.727,1980
263096392743181,91,62,57036,532.628,1980
263096443864759,91,62,57036,532.628,1980
263096495370703,2,2,57036,482.868,1980
263096545667015,2,2,57036,482.868,1980
263096596829987,2,2,57036,456.343,1980
263096648352426,2,2,57036,456.343,1980
263096699132923,75,37,57036,433.773,1980
263096749296870,75,37,57036,433.773,1980
263096800597178,75,37,57036,412.89,1980
263096851589354,75,37,57036,412.89,1980
263096901769531,88,43,57036,396.812,1980
263096952426421,88,43,57036,396.812,1980
263097003178435,88,43,57036,376.351,1980
263097053302028,88,43,57036,376.351,1980
263097103419986,100,49,57036,350.576,1980
263097153556528,100,49,57036,350.576,1980
263097203938983,100,49,57036,327.751,1980
263097255425088,100,49,57036,327.751,1980
263097305537940,81,40,57036,321.92,1980
263097355650069,81,40,57036,321.92,1980
263097405762771,81,40,57036,366.24,1980
263097455867708,81,40,57036,366.24,1980
263097505976665,99,48,57036,411.368,1980
263097556085095,99,48,57036,411.368,1980
263097606200105,99,48,57036,436.36,1980
263097656326496,99,48,57036,436.36,1980
263097706443438,98,52,57036,459.464,1980
263097756620542,98,52,57036,459.464,1980
263097806820821,98,52,57036,481.941,1980
263097857032532,98,52,57036,481.941,1980
263097907204402,95,53,57036,505.37,1980
263097957326420,95,53,57036,505.37,1980
263098007447910,95,53,57036,521.655,1980
263098057564150,95,53,57036,521.655,1980
263098107695834,97,54,57036,541.768,1980
263098157804817,97,54,57036,541.768,1980
263098207913154,97,54,57036,566.315,1980
263098258016926,97,54,57036,566.315,1980
263098308120579,95,53,57036,591.728,1980
263098358226236,95,53,57036,591.728,1980
263098408327740,95,53,57036,590.294,1980
263098458461313,95,53,57036,590.294,1980
263098508601105,96,51,57036,585.533,1980
263098558717000,96,51,57036,585.533,1980
263098609347489,96,51,57036,574.277,1980
263098660326416,96,51,57036,574.277,1980
263098711283094,13,13,57036,532.947,1980
263098762090375,13,13,57036,532.947,1980
263098813673137,13,13,57036,486.39,1980
263098863816715,13,13,57036,486.39,1980
263098915125568,49,23,57036,461.404,1980
263098965557911,49,23,57036,461.404,1980
263099017244541,49,23,57036,442.673,1980
263099068489816,49,23,57036,442.673,1980
263099118625050,75,37,57036,424.5,1980
263099169579658,75,37,57036,424.5,1980
263099219699546,75,37,57036,397.74,1980
263099269860537,75,37,57036,397.74,1980
263099320144550,92,45,57036,378.341,1980
263099370346789,92,45,57036,378.341,1980
263099420454156,92,45,57036,355.902,1980
263099470601763,92,45,57036,355.902,1980
263099520926274,100,50,57036,333.112,1980
263099571041883,100,50,57036,333.112,1980
263099621147632,100,50,57036,322.696,1980
263099671250693,100,50,57036,322.696,1980
263099721354939,91,45,57036,371.907,1980
263099771464355,91,45,57036,371.907,1980
263099821566405,91,45,57036,419.142,1980
263099871674144,91,45,57036,419.142,1980
263099921784534,99,48,57036,446.513,1980
263099971891684,99,48,57036,446.513,1980
263100021999057,99,48,57036,479.546,1980
263100072111697,99,48,57036,479.546,1980
263100122235385,96,52,57036,496.48,1980
263100172341906,96,52,57036,496.48,1980
263100222448152,96,52,57036,517.927,1980
263100272549526,96,52,57036,517.927,1980
263100322652140,97,54,57036,535.654,1980
263100372753875,97,54,57036,535.654,1980
263100422869206,97,54,57036,555.456,1980
263100472973364,97,54,57036,555.456,1980
263100523077543,96,53,57036,573.504,1980
263100573178825,96,53,57036,573.504,1980
263100623286207,96,53,57036,599.853,1980
263100673394341,96,53,57036,599.853,1980
263100723496831,96,53,57036,595.659,1980
263100773600199,96,53,57036,595.659,1980
263100823706824,96,53,57036,585.565,1980
263100873809398,96,53,57036,585.565,1980
263100924516305,99,54,57036,577.721,1980
263100975582979,99,54,57036,577.721,1980
263101026355478,99,54,57036,531.037,1980
263101077374128,99,54,57036,531.037,1980
263101127869340,2,2,57036,489.426,1980
263101178917790,2,2,57036,489.426,1980
263101229043141,2,2,57036,467.375,1980
263101280530127,2,2,57036,467.375,1980
263101331017646,74,36,57036,447.337,1980
263101381414520,74,36,57036,447.337,1980
263101431583798,74,36,57036,423.716,1980
263101481687537,74,36,57036,423.716,1980
263101532580438,79,39,57036,402.021,1980
263101583136524,79,39,57036,379.601,1980
263101633346428,79,39,57036,379.601,1980
263101683458597,99,48,57036,357.707,1980
263101733634810,99,48,57036,357.707,1980
263101783742343,99,48,57036,343.252,1980
263101833868152,99,48,57036,343.252,1980
263101883996517,100,50,57036,312.182,1980
263101934130348,100,50,57036,312.182,1980
263101984236305,100,50,57036,344.31,1980
263102034341700,100,50,57036,344.31,1980
263102084446565,98,51,57036,390.893,1980
263102134550293,98,51,57036,390.893,1980
263102184657000,98,51,57036,425.824,1980
263102234774668,98,51,57036,425.824,1980
263102284877940,91,47,57036,447.179,1980
263102334981356,91,47,57036,447.179,1980
263102385087197,91,47,57036,469.035,1980
263102435191338,91,47,57036,469.035,1980
263102485292815,98,56,57036,490.724,1980
263102535395191,98,56,57036,490.724,1980
263102585496287,98,56,57036,512.561,1980
263102635598936,98,56,57036,512.561,1980
263102685707511,96,55,57036,539.802,1980
263102735811763,96,55,57036,539.802,1980
263102785922886,96,55,57036,561.691,1980
263102836034672,96,55,57036,561.691,1980
263102886136574,99,57,57036,583.063,1980
263102936239589,99,57,57036,583.063,1980
263102986340170,99,57,57036,594.678,1980
263103036447875,99,57,57036,594.678,1980
263103086549519,96,55,57036,592.474,1980
263103136651675,96,55,57036,592.474,1980
263103186757989,96,55,57036,589.726,1980
263103236859966,96,55,57036,589.726,1980
263103290593305,96,58,57036,588.618,1980
263103341698007,96,58,57036,588.618,1980
263103392357230,96,58,57036,544.816,1980
263103443035755,96,58,57036,544.816,1980
263103493232405,2,2,57036,501.267,1980
263103544422821,2,2,57036,501.267,1980
263103594531783,2,2,57036,473.653,1980
263103645681357,2,2,57036,473.653,1980
263103697141344,75,37,57036,447.221,1980
263103748511857,75,37,57036,447.221,1980
263103798668215,75,37,57036,425.314,1980
263103849746042,75,37,57036,425.314,1980
263103900147020,89,44,57036,403.547,1980
263103950310854,89,44,57036,403.547,1980
263104000742451,89,44,57036,378.953,1980
263104051328814,89,44,57036,378.953,1980
263104101717435,100,50,57036,360.471,1980
263104152051584,100,50,57036,360.471,1980
263104202185101,100,50,57036,328.745,1980
263104252346792,100,50,57036,328.745,1980
263104302447864,83,42,57036,319.478,1980
263104352555345,83,42,57036,319.478,1980
263104402663956,83,42,57036,362.469,1980
263104452801654,83,42,57036,362.469,1980
263104502911214,98,53,57036,413.613,1980
263104553021792,98,53,57036,413.613,1980
263104603124896,98,53,57036,437.54,1980
263104653226736,98,53,57036,437.54,1980
263104703331763,97,52,57036,459.357,1980
263104753441165,97,52,57036,459.357,1980
263104803548095,97,52,57036,472.575,1980
263104853670302,97,52,57036,472.575,1980
263104903777600,96,56,57036,493.163,1980
263104953880645,96,56,57036,493.163,1980
263105003987195,96,56,57036,516.415,1980
263105054094029,96,56,57036,516.415,1980
263105104267179,96,56,57036,541.204,1980
263105154423015,96,56,57036,541.204,1980
263105204563623,96,56,57036,568.147,1980
263105254680930,96,56,57036,568.147,1980
263105304788073,96,56,57036,576.51,1980
263105354894262,96,56,57036,576.51,1980
263105405015183,96,56,57036,568.157,1980
263105455121714,96,56,57036,568.157,1980
263105505982880,97,66,57036,549.849,1980
263105556704369,97,66,57036,549.849,1980
263105607728978,97,66,57036,505.904,1980
263105658808304,97,66,57036,505.904,1980
263105710008787,2,2,57036,465.825,1980
263105760172807,2,2,57036,465.825,1980
263105811803200,2,2,57036,449.922,1980
263105863916262,2,2,57036,449.922,1980
263105915068030,75,37,57036,426.462,1980
263105966225113,75,37,57036,426.462,1980
263106017577571,75,37,57036,403.065,1980
263106067798039,75,37,57036,403.065,1980
263106119027735,86,42,57036,387.413,1980
263106169766747,86,42,57036,387.413,1980
263106219958790,86,42,57036,363.577,1980
263106270069011,86,42,57036,363.577,1980
263106320206867,100,49,57036,341.062,1980
263106370359249,100,49,57036,341.062,1980
263106428368963,100,49,57036,322.773,1980
263106478483295,100,49,57036,322.773,1980
263106528616418,81,40,57036,320.25,1980
263106578720310,81,40,57036,320.25,1980
263106628837174,81,40,57036,366.653,1980
263106678949715,81,40,57036,366.653,1980
263106729054326,99,49,57036,413.67,1980
263106779162462,99,49,57036,413.67,1980
263106829270056,99,49,57036,434.405,1980
263106879374640,99,49,57036,434.405,1980
263106929487320,96,52,57036,453.658,1980
263106979591307,96,52,57036,453.658,1980
263107029699126,96,52,57036,476.091,1980
263107079807427,96,52,57036,476.091,1980
263107129912593,96,54,57036,497.759,1980
263107180028842,96,54,57036,497.759,1980
263107230139653,96,54,57036,511.093,1980
263107280248597,96,54,57036,511.093,1980
263107330357452,97,52,57036,534.16,1980
263107380467038,97,52,57036,534.16,1980
263107430573696,97,52,57036,553.403,1980
263107480688073,97,52,57036,553.403,1980
263107530793936,99,55,57036,571.805,1980
263107580899395,99,55,57036,571.805,1980
263107631008965,99,55,57036,570.29,1980
263107681111693,99,55,57036,570.29,1980
263107731227770,96,54,57036,565.316,1980
263107781869275,96,54,57036,565.316,1980
263107832773715,96,54,57036,545.434,1980
263107883821325,96,54,57036,545.434,1980
263107934922896,2,2,57036,503.874,1980
263107986761399,2,2,57036,468.048,1980
263108036950048,2,2,57036,468.048,1980
263108088384420,70,34,57036,445.058,1980
263108139944809,70,34,57036,445.058,1980
263108190197339,70,34,57036,427.399,1980
263108241348341,70,34,57036,427.399,1980
263108292645681,80,39,57036,412.432,1980
263108343490150,80,39,57036,412.432,1980
263108394229682,80,39,57036,395.472,1980
263108444726275,80,39,57036,395.472,1980
263108494928319,99,49,57036,374.669,1980
263108545054447,99,49,57036,374.669,1980
263108595182648,99,49,57036,352.638,1980
263108645591943,99,49,57036,352.638,1980
263108699373348,100,50,57036,329.702,1980
263108749486937,100,50,57036,329.702,1980
263108799613486,100,50,57036,336.036,1980
263108849722625,100,50,57036,336.036,1980
263108899830796,98,50,57036,384.247,1980
263108949941540,98,50,57036,384.247,1980
263109000044829,98,50,57036,429.619,1980
263109050150453,98,50,57036,429.619,1980
263109100254627,91,46,57036,449.227,1980
263109150367885,91,46,57036,449.227,1980
263109200470431,91,46,57036,469.753,1980
263109250574155,91,46,57036,469.753,1980
263109300675554,98,56,57036,487.309,1980
263109350782604,98,56,57036,487.309,1980
263109400883136,98,56,57036,506.686,1980
263109450988963,98,56,57036,506.686,1980
263109501089257,96,54,57036,528.776,1980
263109551192345,96,54,57036,528.776,1980
263109601293887,96,54,57036,550.889,1980
263109651405381,96,54,57036,550.889,1980
263109701510542,97,53,57036,572.987,1980
263109751614842,97,53,57036,572.987,1980
263109801714811,97,53,57036,581.184,1980
263109851815780,97,53,57036,581.184,1980
263109901916019,96,54,57036,576.076,1980
263109952022211,96,54,57036,576.076,1980
263110002124155,96,54,57036,572.024,1980
263110052228582,96,54,57036,572.024,1980
263110103282785,73,52,57036,550.449,1980
263110154402897,73,52,57036,550.449,1980
263110205340087,73,52,57036,509.65,1980
263110255490686,73,52,57036,509.65,1980
263110306096319,2,1,57036,478.292,1980
263110356243437,2,1,57036,478.292,1980
263110407469072,2,1,57036,455.455,1980
263110458830604,2,1,57036,455.455,1980
263110510318192,75,37,57036,433.894,1980
263110561460852,75,37,57036,433.894,1980
263110612638831,75,37,57036,412.718,1980
263110662802542,75,37,57036,412.718,1980
263110713136907,87,43,57036,389.679,1980
263110763670083,87,43,57036,389.679,1980
263110813799276,87,43,57036,370.179,1980
263110864336408,87,43,57036,370.179,1980
263110914450782,100,49,57036,349.919,1980
263110964556017,100,49,57036,349.919,1980
263111014665195,100,49,57036,324.883,1980
263111064770404,100,49,57036,324.883,1980
263111114882118,79,39,57036,333.061,1980
263111164991434,79,39,57036,333.061,1980
263111215098341,79,39,57036,376.333,1980
263111265201408,79,39,57036,376.333,1980
263111315308091,98,48,57036,422.168,1980
263111365409689,98,48,57036,422.168,1980
263111415530782,98,48,57036,446.713,1980
263111465632813,98,48,57036,446.713,1980
263111515733169,96,49,57036,466.65,1980
263111565838323,96,49,57036,466.65,1980
263111615941104,96,49,57036,487.313,1980
263111666048191,96,49,57036,487.313,1980
263111716159492,96,55,57036,506.435,1980
263111766264517,96,55,57036,506.435,1980
263111816364451,96,55,57036,526.307,1980
263111866464438,96,55,57036,526.307,1980
263111916565817,96,54,57036,547.293,1980
263111966670734,96,54,57036,547.293,1980
263112016771476,96,54,57036,578.278,1980
263112066878516,96,54,57036,578.278,1980
263112116977876,96,54,57036,589.894,1980
263112167081652,96,54,57036,589.894,1980
263112217181922,96,54,57036,584.279,1980
263112268750601,96,54,57036,584.279,1980
263112319827146,95,61,57036,572.845,1980
263112370885847,95,61,57036,572.845,1980
263112421987720,95,61,57036,530.308,1980
263112473603927,95,61,57036,530.308,1980
263112523763978,2,2,57036,489.329,1980
263112579478147,2,2,57036,489.329,1980
263112629643581,2,2,57036,464.625,1980
263112681144807,2,2,57036,464.625,1980
263112732224268,71,35,57036,446.733,1980
263112782788496,71,35,57036,446.733,1980
263112832923310,71,35,57036,424.947,1980
263112883093786,71,35,57036,424.947,1980
263112933242849,88,43,57036,403.872,1980
263112983390323,88,43,57036,403.872,1980
263113033701675,88,43,57036,381.784,1980
263113083916229,88,43,57036,381.784,1980
263113134022366,100,50,57036,351.876,1980
263113184207669,100,50,57036,351.876,1980
263113234313627,100,50,57036,332.882,1980
263113284448940,100,50,57036,332.882,1980
263113334558504,82,41,57036,319.527,1980
263113384665852,82,41,57036,319.527,1980
263113434776911,82,41,57036,367.464,1980
263113484894418,82,41,57036,367.464,1980
263113534999446,98,49,57036,415.921,1980
263113585103270,98,49,57036,415.921,1980
263113635211269,98,49,57036,436.007,1980
263113685313107,98,49,57036,436.007,1980
263113735416744,97,51,57036,461.203,1980
263113785519696,97,51,57036,461.203,1980
263113835625002,97,51,57036,479.882,1980
263113885725634,97,51,57036,479.882,1980
263113935830501,99,55,57036,500.629,1980
263113985932122,99,55,57036,500.629,1980
263114036037526,99,55,57036,519.14,1980
263114086138311,99,55,57036,519.14,1980
263114136244235,96,54,57036,541.972,1980
263114186344882,96,54,57036,541.972,1980
263114236446417,96,54,57036,566.044,1980
263114286548733,96,54,57036,566.044,1980
263114336656387,96,54,57036,576.973,1980
263114386757948,96,54,57036,576.973,1980
263114436861347,96,54,57036,572.237,1980
263114486964397,96,54,57036,572.237,1980
263114537691316,96,59,57036,560.954,1980
263114588563540,96,59,57036,560.954,1980
263114639286206,96,59,57036,518.782,1980
263114690867428,2,2,57036,478.126,1980
263114742193914,2,2,57036,478.126,1980
263114792305988,2,2,57036,454.274,1980
263114842416254,2,2,57036,454.274,1980
263114893788503,74,36,57036,431.197,1980
263114943905937,74,36,57036,431.197,1980
263114994058784,74,36,57036,410.75,1980
263115045136838,74,36,57036,410.75,1980
263115095274278,82,40,57036,391.539,1980
263115146246796,82,40,57036,391.539,1980
263115197020954,82,40,57036,375.716,1980
263115247138163,82,40,57036,375.716,1980
263115297257486,100,49,57036,355.69,1980
263115347720164,100,49,57036,355.69,1980
263115397904590,100,49,57036,331.026,1980
263115452274790,100,49,57036,331.026,1980
263115502387139,91,45,57036,313.37,1980
263115552499279,91,45,57036,313.37,1980
263115602601114,91,45,57036,358.601,1980
263115652710599,91,45,57036,358.601,1980
263115702821647,98,49,57036,404.555,1980
263115752925475,98,49,57036,404.555,1980
263115803032184,98,49,57036,438.005,1980
263115853135245,98,49,57036,438.005,1980
263115903242251,90,47,57036,459.94,1980
263115953344356,90,47,57036,459.94,1980
263116003448342,90,47,57036,476.099,1980
263116053557504,90,47,57036,476.099,1980
263116103662741,96,54,57036,494.289,1980
263116153766471,96,54,57036,494.289,1980
263116203869176,96,54,57036,509.327,1980
263116253987730,96,54,57036,509.327,1980
263116304102992,96,55,57036,527.822,1980
263116354205767,96,55,57036,527.822,1980
263116404308034,96,55,57036,550.58,1980
263116454412061,96,55,57036,550.58,1980
263116504519550,96,53,57036,572.226,1980
263116554617077,96,53,57036,572.226,1980
263116604716937,96,53,57036,568.143,1980
263116654816473,96,53,57036,568.143,1980
263116704915150,96,53,57036,561.239,1980
263116755015032,96,53,57036,561.239,1980
263116817874679,96,53,57036,545.538,1980
263116868913358,96,53,57036,545.538,1980
263116919623908,2,2,57036,503.98,1980
263116970307533,2,2,57036,503.98,1980
263117021314470,2,2,57036,465.629,1980
263117071436763,2,2,57036,465.629,1980
263117122699500,50,24,57036,447.277,1980
263117174133057,50,24,57036,447.277,1980
263117225749121,50,24,57036,424.886,1980
263117275895659,50,24,57036,424.886,1980
263117326629577,76,38,57036,405.915,1980
263117376751958,76,38,57036,405.915,1980
263117426942724,76,38,57036,389.266,1980
263117477748132,76,38,57036,389.266,1980
263117528506086,91,45,57036,369.576,1980
263117578613067,91,45,57036,369.576,1980
263117628724859,91,45,57036,351.911,1980
263117678866085,91,45,57036,351.911,1980
263117729036365,100,50,57036,330.575,1980
263117779146834,100,50,57036,330.575,1980
263117829265790,100,50,57036,317.732,1980
263117879368848,100,50,57036,317.732,1980
263117929470945,92,47,57036,367.494,1980
263117979575131,92,47,57036,367.494,1980
263118029676154,92,47,57036,414.374,1980
263118079800554,92,47,57036,414.374,1980
263118130940638,95,48,57036,434.64,1980
263118181047124,95,48,57036,434.64,1980
263118231148768,95,48,57036,455.41,1980
263118281257529,95,48,57036,455.41,1980
263118331360708,96,53,57036,474.307,1980
263118381467979,96,53,57036,474.307,1980
263118431580273,96,53,57036,491.865,1980
263118481685316,96,53,57036,491.865,1980
263118531791297,97,53,57036,510.93,1980
263118581892531,97,53,57036,510.93,1980
263118631998019,97,53,57036,531.095,1980
263118682127760,97,53,57036,531.095,1980
263118732242124,99,55,57036,549.897,1980
263118782344831,99,55,57036,549.897,1980
263118832447974,99,55,57036,577.608,1980
263118882548662,99,55,57036,577.608,1980
263118932650196,96,54,57036,573.521,1980
263118982750855,96,54,57036,573.521,1980
263119032856806,96,54,57036,569.625,1980
263119083675909,96,54,57036,569.625,1980
263119134354753,95,64,57036,556.466,1980
263119185453467,95,64,57036,556.466,1980
263119236095309,95,64,57036,517.221,1980
263119289188723,95,64,57036,517.221,1980
263119339316452,2,2,57036,475.63,1980
263119389460216,2,2,57036,475.63,1980
263119440920135,2,2,57036,456.137,1980
263119492544577,2,2,57036,438.516,1980
263119542714072,74,36,57036,438.516,1980
263119594191298,74,36,57036,414.975,1980
263119645044519,74,36,57036,414.975,1980
263119695148891,84,41,57036,397.633,1980
263119745315235,84,41,57036,397.633,1980
263119795420174,84,41,57036,372.712,1980
263119845567029,84,41,57036,372.712,1980
263119895693830,100,50,57036,352.7,1980
263119945808000,100,50,57036,352.7,1980
263119995972938,100,50,57036,327.618,1980
263120046092378,100,50,57036,327.618,1980
263120096220842,82,40,57036,320.577,1980
263120146335038,82,40,57036,320.577,1980
263120196450649,82,40,57036,372.839,1980
263120246568480,82,40,57036,372.839,1980
263120296670600,98,48,57036,420.291,1980
263120346779090,98,48,57036,420.291,1980
263120396881866,98,48,57036,441.054,1980
263120446985875,98,48,57036,441.054,1980
263120497098624,96,51,57036,462.876,1980
263120547203498,96,51,57036,462.876,1980
263120597304248,96,51,57036,481.062,1980
263120647404727,96,51,57036,481.062,1980
263120697504115,98,54,57036,504.604,1980
263120747603458,98,54,57036,504.604,1980
263120797701110,98,54,57036,523.474,1980
263120847867189,98,54,57036,523.474,1980
263120898027601,96,54,57036,547.972,1980
263120948141347,96,54,57036,547.972,1980
263120998256336,96,54,57036,575.289,1980
263121048368934,96,54,57036,575.289,1980
263121098479402,97,52,57036,588.113,1980
263121148586459,97,52,57036,588.113,1980
263121198702897,97,52,57036,579.4,1980
263121248809756,97,52,57036,579.4,1980
263121301090764,99,55,57036,569.486,1980
263121351996047,99,55,57036,569.486,1980
263121402859166,99,55,57036,532.776,1980
263121453517346,99,55,57036,532.776,1980
263121505185355,2,2,57036,491.118,1980
263121555322382,2,2,57036,491.118,1980
263121607307509,2,2,57036,466.909,1980
263121658925838,2,2,57036,466.909,1980
263121709074415,74,36,57036,443.604,1980
263121759699414,74,36,57036,443.604,1980
263121810812247,74,36,57036,420.083,1980
263121860960630,74,36,57036,420.083,1980
263121911087362,78,39,57036,394.545,1980
263121961242321,78,39,57036,394.545,1980
263122011366650,78,39,57036,378.563,1980
263122062416549,78,39,57036,378.563,1980
263122112582133,95,47,57036,359.352,1980
263122163071999,95,47,57036,359.352,1980
263122213525799,95,47,57036,341.544,1980
263122263714013,95,47,57036,341.544,1980
263122313831519,100,50,57036,316.597,1980
263122363945786,100,50,57036,316.597,1980
263122414055209,100,50,57036,346.971,1980
263122464186236,100,50,57036,346.971,1980
263122514380620,99,57,57036,400.164,1980
263122564489319,99,57,57036,400.164,1980
263122615446038,99,57,57036,432.916,1980
263122665553108,99,57,57036,432.916,1980
263122715657514,91,52,57036,456.924,1980
263122765765353,91,52,57036,456.924,1980
263122815867670,91,52,57036,481.937,1980
263122865973782,91,52,57036,481.937,1980
263122916076566,99,58,57036,499.047,1980
263122966182508,99,58,57036,499.047,1980
263123016289020,99,58,57036,525.639,1980
263123066395997,99,58,57036,525.639,1980
263123116497215,96,57,57036,547.346,1980
263123166604949,96,57,57036,547.346,1980
263123216709730,96,57,57036,570.39,1980
263123266813698,96,57,57036,570.39,1980
263123316920448,99,58,57036,594.703,1980
263123367025163,99,58,57036,594.703,1980
263123417127380,99,58,57036,597.478,1980
263123467229364,99,58,57036,597.478,1980
263123517346871,96,58,57036,594.436,1980
263123567454098,96,58,57036,594.436,1980
263123617555114,96,58,57036,587.014,1980
263123667706689,96,58,57036,587.014,1980
263123718624154,95,61,57036,579.205,1980
263123769770758,95,61,57036,579.205,1980
263123820566306,95,61,57036,535.588,1980
263123871333922,95,61,57036,535.588,1980
263123921638083,2,2,57036,493.165,1980
263123973071351,2,2,57036,493.165,1980
263124023213079,2,2,57036,464.94,1980
263124074508774,2,2,57036,464.94,1980
263124124626982,75,37,57036,441.297,1980
263124175650909,75,37,57036,441.297,1980
263124226158979,75,37,57036,419.77,1980
263124277521226,75,37,57036,419.77,1980
263124329071486,77,39,57036,401.936,1980
263124379342265,77,39,57036,401.936,1980
263124430133037,77,39,57036,379.817,1980
263124480661382,77,39,57036,379.817,1980
263124530769259,98,48,57036,353.472,1980
263124583942171,98,48,57036,353.472,1980
263124634059050,98,48,57036,337.422,1980
263124684178247,98,48,57036,337.422,1980
263124734289353,100,50,57036,314.109,1980
263124784394195,100,50,57036,314.109,1980
263124834502267,100,50,57036,361.503,1980
263124884605192,100,50,57036,361.503,1980
263124934710251,98,49,57036,410.438,1980
263124984820083,98,49,57036,410.438,1980
263125034930679,98,49,57036,440.201,1980
263125085058343,98,49,57036,440.201,1980
263125135168179,90,48,57036,459.674,1980
263125185270493,90,48,57036,459.674,1980
263125235371877,90,48,57036,481.234,1980
263125285478742,90,48,57036,481.234,1980
263125335588026,96,54,57036,499.811,1980
263125385692488,96,54,57036,499.811,1980
263125435800576,96,54,57036,516.916,1980
263125485902766,96,54,57036,516.916,1980
263125536007509,97,54,57036,538.282,1980
263125586109469,97,54,57036,538.282,1980
263125636213224,97,54,57036,559.32,1980
263125686330402,97,54,57036,559.32,1980
263125736433139,99,54,57036,586.948,1980
263125787372250,99,54,57036,586.948,1980
263125837474260,99,54,57036,586.107,1980
263125887578415,99,54,57036,586.107,1980
263125939396056,96,53,57036,580.12,1980
263125990279667,96,53,57036,580.12,1980
263126041338930,96,53,57036,554.127,1980
263126091960918,96,53,57036,554.127,1980
263126151234451,2,2,57036,512.108,1980
263126201403141,2,2,57036,476.524,1980
263126251558004,2,2,57036,476.524,1980
263126303245723,71,34,57036,453.856,1980
263126353480921,71,34,57036,453.856,1980
263126404333254,71,34,57036,432.78,1980
263126454459113,71,34,57036,432.78,1980
263126504578079,76,38,57036,410.603,1980
263126554705482,76,38,57036,410.603,1980
263126605157341,76,38,57036,394.631,1980
263126656053323,76,38,57036,394.631,1980
263126706165079,93,45,57036,373.1,1980
263126756306804,93,45,57036,373.1,1980
263126806518516,93,45,57036,344.4,1980
263126856720861,93,45,57036,344.4,1980
263126906828213,100,50,57036,319.145,1980
263126956953494,100,50,57036,319.145,1980
263127007062558,100,50,57036,323.151,1980
263127057170906,100,50,57036,323.151,1980
263127107279514,98,49,57036,372.653,1980
263127157386942,98,49,57036,372.653,1980
263127207508093,98,49,57036,415.863,1980
263127257810416,98,49,57036,415.863,1980
263127307921081,90,45,57036,434.77,1980
263127358209692,90,45,57036,434.77,1980
263127408318262,90,45,57036,458.348,1980
263127458430428,90,45,57036,458.348,1980
263127508535744,96,53,57036,479.3,1980
263127558644234,96,53,57036,479.3,1980
263127609295891,96,53,57036,505.235,1980
263127659405534,96,53,57036,505.235,1980
263127709508949,96,53,57036,524.005,1980
263127759616502,96,53,57036,524.005,1980
263127809720128,96,53,57036,541.704,1980
263127859866784,96,53,57036,541.704,1980
263127909974996,99,55,57036,562.237,1980
263127960080280,99,55,57036,562.237,1980
263128010184604,99,55,57036,586.38,1980
263128060292322,99,55,57036,586.38,1980
263128110401076,96,53,57036,578.351,1980
263128160508753,96,53,57036,578.351,1980
263128210610374,96,53,57036,575.891,1980
263128260754926,96,53,57036,575.891,1980
263128311583678,96,62,57036,569.154,1980
263128362437981,96,62,57036,569.154,1980
263128413505381,96,62,57036,524.975,1980
263128464168951,96,62,57036,524.975,1980
263128514331708,2,2,57036,481.63,1980
263128565753939,2,2,57036,481.63,1980
263128615883564,2,2,57036,457.764,1980
263128667257807,2,2,57036,457.764,1980
263128717415339,74,36,57036,437.851,1980
263128767973671,74,36,57036,437.851,1980
263128818108252,74,36,57036,417.646,1980
263128869438218,74,36,57036,417.646,1980
263128920241041,79,39,57036,397.984,1980
263128970356919,79,39,57036,397.984,1980
263129021178450,79,39,57036,378.238,1980
263129071758710,79,39,57036,378.238,1980
263129121871324,100,49,57036,357.732,1980
263129171976425,100,49,57036,357.732,1980
263129222331507,100,49,57036,336.513,1980
263129272462947,100,49,57036,336.513,1980
263129322573651,83,42,57036,318.852,1980
263129372678489,83,42,57036,318.852,1980
263129422792170,83,42,57036,362.981,1980
263129472902107,83,42,57036,362.981,1980
263129523010304,98,51,57036,415.38,1980
263129573127714,98,51,57036,415.38,1980
263129623245487,98,51,57036,437.894,1980
263129673350570,98,51,57036,437.894,1980
263129723458213,90,49,57036,463.442,1980
263129773560887,90,49,57036,463.442,1980
263129823680687,90,49,57036,479.115,1980
263129873783154,90,49,57036,479.115,1980
263129923885736,97,53,57036,498.418,1980
263129973987344,97,53,57036,498.418,1980
263130024053481,97,53,57036,514.394,1980
263130074341529,97,53,57036,514.394,1980
263130124441609,99,56,57036,529.789,1980
263130174542342,99,56,57036,529.789,1980
263130224645324,99,56,57036,555.352,1980
263130274753591,99,56,57036,555.352,1980
263130324850286,96,55,57036,578.833,1980
263130374953154,96,55,57036,578.833,1980
263130425041751,96,55,57036,573.75,1980
263130475148243,96,55,57036,573.75,1980
263130525247564,99,56,57036,565.504,1980
263130575349045,99,56,57036,565.504,1980
263130627060742,99,56,57036,561.979,1980
263130677724945,99,56,57036,561.979,1980
263130728784368,55,43,57036,529.437,1980
263130779567164,55,43,57036,529.437,1980
263130832331879,55,43,57036,489.019,1980
263130884030620,55,43,57036,489.019,1980
263130934567767,13,6,57036,455.259,1980
263130984711153,13,6,57036,455.259,1980
263131035948025,13,6,57036,434.807,1980
263131086050371,13,6,57036,434.807,1980
263131137289065,74,37,57036,418.284,1980
263131188694181,74,37,57036,418.284,1980
263131239629609,74,37,57036,401.263,1980
263131290266703,74,37,57036,401.263,1980
263131340392386,86,42,57036,380.683,1980
263131390526769,86,42,57036,380.683,1980
263131441099983,86,42,57036,355.832,1980
263131492739799,86,42,57036,355.832,1980
263131543169988,100,50,57036,342.707,1980
263131595671189,100,50,57036,342.707,1980
263131645789961,100,50,57036,322.063,1980
263131695899081,100,50,57036,322.063,1980
263131746020920,79,39,57036,345.267,1980
263131796136914,79,39,57036,345.267,1980
263131846245828,79,39,57036,389.636,1980
263131896360514,79,39,57036,389.636,1980
263131946468682,98,49,57036,431.412,1980
263131996573933,98,49,57036,431.412,1980
263132046683951,98,49,57036,451.677,1980
263132096785860,98,49,57036,451.677,1980
263132146900484,96,51,57036,476.669,1980
263132197005475,96,51,57036,476.669,1980
263132247117454,96,51,57036,495.517,1980
263132297220197,96,51,57036,495.517,1980
263132347326951,96,55,57036,521.489,1980
263132397435830,96,55,57036,521.489,1980
263132447545342,96,55,57036,539.16,1980
263132497658313,96,55,57036,539.16,1980
263132547767622,96,54,57036,563.481,1980
263132597923127,96,54,57036,563.481,1980
263132648031388,96,54,57036,583.871,1980
263132698136617,96,54,57036,583.871,1980
263132748243000,96,54,57036,586.398,1980
263132798346540,96,54,57036,586.398,1980
263132848452791,96,54,57036,578.782,1980
263132899308097,93,60,57036,560.734,1980
263132950087177,93,60,57036,560.734,1980
263133001221922,93,60,57036,517.97,1980
263133052193860,93,60,57036,517.97,1980
263133102350910,2,2,57036,479.018,1980
263133152554567,2,2,57036,479.018,1980
263133203424302,2,2,57036,454.719,1980
263133253560121,2,2,57036,454.719,1980
263133303986984,74,36,57036,429.032,1980
263133355134913,74,36,57036,429.032,1980
263133406695128,74,36,57036,408.421,1980
263133457124979,74,36,57036,408.421,1980
263133507231924,84,41,57036,386.96,1980
263133557364220,84,41,57036,386.96,1980
263133607489303,84,41,57036,366.926,1980
263133657599735,84,41,57036,366.926,1980
263133707743322,100,50,57036,348.831,1980
263133757858095,100,50,57036,348.831,1980
263133809139564,100,50,57036,325.74,1980
263133859250573,100,50,57036,325.74,1980
263133909355718,74,36,57036,325.44,1980
263133959468323,74,36,57036,325.44,1980
263134009570673,74,36,57036,374.187,1980
263134059745216,74,36,57036,374.187,1980
263134109855873,98,48,57036,419.726,1980
263134159961782,98,48,57036,419.726,1980
263134210070618,98,48,57036,436.908,1980
263134260172616,98,48,57036,436.908,1980
263134310273094,94,47,57036,462.155,1980
263134360374902,94,47,57036,462.155,1980
263134410480280,94,47,57036,479.215,1980
263134460601481,94,47,57036,479.215,1980
263134510706949,96,54,57036,499.913,1980
263134560808583,96,54,57036,499.913,1980
263134610914414,96,54,57036,521.954,1980
263134661019102,96,54,57036,521.954,1980
263134711124298,96,53,57036,541.666,1980
263134761233759,96,53,57036,541.666,1980
263134811335213,96,53,57036,564.679,1980
263134861438412,96,53,57036,564.679,1980
263134911543471,96,53,57036,574.063,1980
263134961658911,96,53,57036,574.063,1980
263135011765160,96,53,57036,566.658,1980
263135061873146,96,53,57036,566.658,1980
263135112950356,86,58,57036,538.041,1980
263135163678284,86,58,57036,538.041,1980
263135214804635,86,58,57036,500.664,1980
263135264916235,86,58,57036,500.664,1980
263135315041782,2,2,57036,468.141,1980
263135365157272,2,2,57036,468.141,1980
263135416308572,2,2,57036,445.076,1980
263135467737008,2,2,57036,445.076,1980
263135518911181,74,36,57036,421.615,1980
263135569076825,74,36,57036,421.615,1980
263135619209260,74,36,57036,401.695,1980
263135669893822,74,36,57036,401.695,1980
263135720066422,83,41,57036,388.074,1980
263135770190958,83,41,57036,388.074,1980
263135820315712,83,41,57036,366.446,1980
263135870423526,83,41,57036,366.446,1980
263135920534617,100,49,57036,348.849,1980
263135970696042,100,49,57036,348.849,1980
263136021629485,100,49,57036,320.87,1980
263136071740348,100,49,57036,320.87,1980
263136121850772,80,40,57036,337.679,1980
263136171962510,80,40,57036,337.679,1980
263136222062981,80,40,57036,385.139,1980
263136272170585,80,40,57036,385.139,1980
263136322291323,98,50,57036,422.478,1980
263136372395447,98,50,57036,422.478,1980
263136422497735,98,50,57036,445.237,1980
263136472600299,98,50,57036,445.237,1980
263136522705787,96,52,57036,468.345,1980
263136572816826,96,52,57036,468.345,1980
263136622930714,96,52,57036,489.88,1980
263136673036461,96,52,57036,489.88,1980
263136723140501,96,54,57036,505.05,1980
263136773248833,96,54,57036,505.05,1980
263136823367688,96,54,57036,523.198,1980
263136873470247,96,54,57036,523.198,1980
263136923571356,96,54,57036,548.152,1980
263136973673034,96,54,57036,548.152,1980
263137023776539,96,54,57036,571.17,1980
263137073887615,96,54,57036,571.17,1980
263137123997153,98,57,57036,575.701,1980
263137174099947,98,57,57036,575.701,1980
263137224204701,98,57,57036,569.834,1980
263137274307122,98,57,57036,569.834,1980
263137324416216,96,54,57036,562.392,1980
263137375162804,96,54,57036,562.392,1980
263137426301001,96,54,57036,529.334,1980
263137477317770,96,54,57036,529.334,1980
263137527926863,2,2,57036,484.489,1980
263137579185477,2,2,57036,484.489,1980
263137629313465,2,2,57036,454.017,1980
263137679633192,2,2,57036,454.017,1980
263137729769852,69,33,57036,432.381,1980
263137781531438,69,33,57036,432.381,1980
263137831693781,69,33,57036,414.222,1980
263137882321533,69,33,57036,414.222,1980
263137932423069,74,37,57036,394.674,1980
263137982791387,74,37,57036,394.674,1980
263138033691600,74,37,57036,371.654,1980
263138084181951,74,37,57036,371.654,1980
263138134547606,86,42,57036,355.164,1980
263138184671588,86,42,57036,355.164,1980
263138234977416,86,42,57036,334.139,1980
263138285099367,86,42,57036,334.139,1980
263138335655778,100,50,57036,316.001,1980
263138385763169,100,50,57036,316.001,1980
263138435871745,100,50,57036,333.521,1980
263138485976160,100,50,57036,333.521,1980
263138536044429,98,48,57036,384.864,1980
263138586152897,98,48,57036,384.864,1980
263138636254031,98,48,57036,420.706,1980
263138686388095,98,48,57036,420.706,1980
263138736503669,93,46,57036,444.71,1980
263138786608812,93,46,57036,444.71,1980
263138836711230,93,46,57036,463.263,1980
263138886822930,93,46,57036,463.263,1980
263138936944562,96,51,57036,484.777,1980
263138987051649,96,51,57036,484.777,1980
263139037153250,96,51,57036,505.605,1980
263139087264415,96,51,57036,505.605,1980
263139137365244,97,51,57036,527.077,1980
263139187467222,97,51,57036,527.077,1980
263139237568486,97,51,57036,549.531,1980
263139287691902,97,51,57036,549.531,1980
263139337801360,99,53,57036,570.378,1980
263139387901805,99,53,57036,570.378,1980
263139438008171,99,53,57036,591.515,1980
263139488109129,99,53,57036,591.515,1980
263139538225643,96,53,57036,583.643,1980
263139588332289,96,53,57036,583.643,1980
263139638434330,96,53,57036,578.234,1980
263139688536894,96,53,57036,578.234,1980
263139739505527,94,58,57036,564.802,1980
263139790173538,94,58,57036,564.802,1980
263139840887767,94,58,57036,523.658,1980
263139891048979,94,58,57036,523.658,1980
263139941188063,2,2,57036,484.332,1980
263139992599637,2,2,57036,484.332,1980
263140042746556,2,2,57036,459.943,1980
263140093633509,2,2,57036,459.943,1980
263140144507249,74,36,57036,436.791,1980
263140194847585,74,36,57036,436.791,1980
263140245529979,74,36,57036,414.294,1980
263140295851851,74,36,57036,414.294,1980
263140345973243,81,40,57036,398.097,1980
263140396119425,81,40,57036,398.097,1980
263140446266408,81,40,57036,375.235,1980
263140496388184,81,40,57036,375.235,1980
263140546545435,98,48,57036,353.448,1980
263140596784709,98,48,57036,353.448,1980
263140647211012,98,48,57036,330.548,1980
263140697331754,98,48,57036,330.548,1980
263140747484857,86,43,57036,323.235,1980
263140797608713,86,43,57036,323.235,1980
263140847724461,86,43,57036,370.872,1980
263140897836610,86,43,57036,370.872,1980
263140947944345,98,48,57036,415.249,1980
263140998062846,98,48,57036,415.249,1980
263141048170241,98,48,57036,440.244,1980
263141098274979,98,48,57036,440.244,1980
263141148376402,98,52,57036,461.372,1980
263141198479954,98,52,57036,461.372,1980
263141248583511,98,52,57036,476.526,1980
263141298700896,98,52,57036,476.526,1980
263141348805278,96,54,57036,495.026,1980
263141398906161,96,54,57036,495.026,1980
263141449009818,96,54,57036,518.087,1980
263141499126837,96,54,57036,518.087,1980
263141549228476,96,53,57036,537.616,1980
263141599329462,96,53,57036,537.616,1980
263141649429858,96,53,57036,559.321,1980
263141699556740,96,53,57036,559.321,1980
263141749660979,96,55,57036,581.314,1980
263141799766877,96,55,57036,581.314,1980
263141849867502,96,55,57036,572.951,1980
263141899973322,96,55,57036,572.951,1980
263141950620880,96,53,57036,564.295,1980
263142001355926,96,53,57036,564.295,1980
263142052485991,96,53,57036,519.801,1980
263142103195843,96,53,57036,482.182,1980
263142153431674,2,2,57036,482.182,1980
263142203549518,2,2,57036,457.796,1980
263142254691316,2,2,57036,457.796,1980
263142305141487,74,36,57036,435.709,1980
263142355269674,74,36,57036,435.709,1980
263142406416577,74,36,57036,414.811,1980
263142456559780,74,36,57036,414.811,1980
263142508225592,74,37,57036,391.583,1980
263142559016766,74,37,57036,391.583,1980
263142610305923,74,37,57036,372.087,1980
263142661186994,74,37,57036,372.087,1980
263142711678066,85,41,57036,352.316,1980
263142761810159,85,41,57036,352.316,1980
263142811963995,85,41,57036,339.647,1980
263142862182898,85,41,57036,339.647,1980
263142912337116,100,49,57036,318.146,1980
263142962453660,100,49,57036,318.146,1980
263143012558429,100,49,57036,341.625,1980
263143062667091,100,49,57036,341.625,1980
263143112770356,98,48,57036,391.587,1980
263143162873607,98,48,57036,391.587,1980
263143212985402,98,48,57036,428.04,1980
263143263105040,98,48,57036,428.04,1980
263143313211580,90,44,57036,450.587,1980
263143363333321,90,44,57036,450.587,1980
263143413435074,90,44,57036,478.362,1980
263143463534210,90,44,57036,478.362,1980
263143513630505,96,52,57036,497.693,1980
263143563730965,96,52,57036,497.693,1980
263143613845644,96,52,57036,521.076,1980
263143663983853,96,52,57036,521.076,1980
263143714100014,96,53,57036,542.812,1980
263143764212575,96,53,57036,542.812,1980
263143814320106,96,53,57036,563.864,1980
263143864432309,96,53,57036,563.864,1980
263143914537980,96,54,57036,585.146,1980
263143964638679,96,54,57036,585.146,1980
263144014747208,96,54,57036,602.484,1980
263144064860530,96,54,57036,602.484,1980
263144114969897,96,53,57036,594.111,1980
263144165078378,96,53,57036,594.111,1980
263144215194777,96,53,57036,590.633,1980
263144265848936,96,53,57036,590.633,1980
263144316783891,80,55,57036,560.804,1980
263144367585035,80,55,57036,560.804,1980
263144418200311,80,55,57036,513.751,1980
263144468323299,80,55,57036,513.751,1980
263144518509647,2,2,57036,477.261,1980
263144569987375,2,2,57036,477.261,1980
263144621845078,2,2,57036,454.302,1980
263144672325980,2,2,57036,454.302,1980
263144722499509,74,37,57036,430.584,1980
263144772787864,74,37,57036,430.584,1980
263144822915251,74,37,57036,408.564,1980
263144873660945,74,37,57036,408.564,1980
263144923773564,79,40,57036,385.266,1980
263144973913599,79,40,57036,385.266,1980
263145024389902,79,40,57036,364.932,1980
263145074509625,79,40,57036,364.932,1980
263145124824490,97,48,57036,344.189,1980
263145175221561,97,48,57036,344.189,1980
263145225337017,97,48,57036,316.096,1980
263145275490848,97,48,57036,316.096,1980
263145325598623,80,39,57036,325.412,1980
263145375709339,80,39,57036,325.412,1980
263145425817558,80,39,57036,375.906,1980
263145475921208,80,39,57036,375.906,1980
263145526026710,98,48,57036,420.237,1980
263145576129537,98,48,57036,420.237,1980
263145626232466,98,48,57036,442.294,1980
263145676348812,98,48,57036,442.294,1980
263145726454062,98,51,57036,466.883,1980
263145776553110,98,51,57036,466.883,1980
263145826655146,98,51,57036,486.229,1980
263145876753430,98,51,57036,486.229,1980
263145926851281,96,53,57036,505.455,1980
263145976955241,96,53,57036,505.455,1980
263146027108820,96,53,57036,526.655,1980
263146077211181,96,53,57036,526.655,1980
263146127309033,97,51,57036,552.353,1980
263146177430267,97,51,57036,552.353,1980
263146227538965,97,51,57036,574.638,1980
263146277647395,97,51,57036,574.638,1980
263146327754046,99,53,57036,595.023,1980
263146377858927,99,53,57036,595.023,1980
263146427968147,99,53,57036,587.051,1980
263146478075801,99,53,57036,587.051,1980
263146528182195,96,53,57036,583.373,1980
263146578658170,96,53,57036,583.373,1980
263146629719006,96,53,57036,553.959,1980
263146680512448,96,53,57036,553.959,1980
263146731407401,2,2,57036,510.022,1980
263146781523134,2,2,57036,510.022,1980
263146831645448,2,2,57036,471.442,1980
263146881792806,2,2,57036,471.442,1980
263146933149652,56,27,57036,448.63,1980
263146984369982,56,27,57036,448.63,1980
263147036064420,56,27,57036,427.929,1980
263147086297032,56,27,57036,427.929,1980
263147137379462,76,38,57036,405.032,1980
263147187512926,76,38,57036,405.032,1980
263147238305689,76,38,57036,380.212,1980
263147288654221,76,38,57036,380.212,1980
263147338992473,91,45,57036,359.628,1980
263147389170148,91,45,57036,359.628,1980
263147439311399,91,45,57036,338.274,1980
263147491266060,91,45,57036,338.274,1980
263147541374023,100,50,57036,311.486,1980
263147591493699,100,50,57036,311.486,1980
263147641603785,100,50,57036,328.481,1980
263147691709461,100,50,57036,328.481,1980
263147741816869,95,52,57036,374.103,1980
263147792695393,95,52,57036,374.103,1980
263147842804051,95,52,57036,417.258,1980
263147892909722,95,52,57036,417.258,1980
263147943026763,71,39,57036,432.929,1980
263147993137650,71,39,57036,432.929,1980
263148043244149,71,39,57036,454.068,1980
263148093348483,71,39,57036,454.068,1980
263148143451247,96,55,57036,477.631,1980
263148193554048,96,55,57036,477.631,1980
263148243655334,96,55,57036,497.862,1980
263148293770245,96,55,57036,497.862,1980
263148343871933,96,55,57036,516.381,1980
263148393979431,96,55,57036,516.381,1980
263148444088859,96,55,57036,539.209,1980
263148494191616,96,55,57036,539.209,1980
263148544299448,96,55,57036,562.419,1980
263148594404271,96,55,57036,562.419,1980
263148644504985,96,55,57036,574.382,1980
263148694607167,96,55,57036,574.382,1980
263148744707920,96,55,57036,566.342,1980
263148795481773,96,55,57036,566.342,1980
263148846508636,96,55,57036,543.325,1980
263148897470196,96,55,57036,543.325,1980
263148948247833,2,2,57036,511.363,1980
263148999953418,2,2,57036,511.363,1980
263149050077419,2,2,57036,470.387,1980
263149101147018,2,2,57036,470.387,1980
263149151340572,53,25,57036,447.621,1980
263149202694059,53,25,57036,447.621,1980
263149252843316,53,25,57036,422.263,1980
263149303019609,53,25,57036,422.263,1980
263149353919796,74,37,57036,401.483,1980
263149404751715,74,37,57036,401.483,1980
263149455826542,74,37,57036,381.638,1980
263149505950764,74,37,57036,381.638,1980
263149556059206,89,44,57036,363.051,1980
263149606168697,89,44,57036,363.051,1980
263149656427106,89,44,57036,343.48,1980
263149706575097,89,44,57036,322.008,1980
263149756699683,100,50,57036,322.008,1980
263149806834256,100,50,57036,316.608,1980
263149856950113,100,50,57036,316.608,1980
263149907065408,95,52,57036,363.974,1980
263149957180889,95,52,57036,363.974,1980
263150007302086,95,52,57036,411.113,1980
263150057438110,95,52,57036,411.113,1980
263150107572642,91,49,57036,434.148,1980
263150157690874,91,49,57036,434.148,1980
263150207801643,91,49,57036,459.599,1980
263150257916702,91,49,57036,459.599,1980
263150308024975,98,57,57036,481.781,1980
263150358128972,98,57,57036,481.781,1980
263150408231975,98,57,57036,507.105,1980
263150458335496,98,57,57036,507.105,1980
263150508439266,96,56,57036,530.108,1980
263150558547354,96,56,57036,530.108,1980
263150609221714,96,56,57036,553.698,1980
263150659328034,96,56,57036,553.698,1980
263150709429439,96,56,57036,579.867,1980
263150759536015,96,56,57036,579.867,1980
263150809637647,96,56,57036,598.037,1980
263150859741194,96,56,57036,598.037,1980
263150909852415,96,56,57036,591.579,1980
263150959959084,96,56,57036,591.579,1980
263151010064060,96,56,57036,582.155,1980
263151061038046,96,56,57036,582.155,1980
263151112135018,26,26,57036,541.477,1980
263151162847277,26,26,57036,541.477,1980
263151212964233,26,26,57036,500.089,1980
263151264406775,26,26,57036,500.089,1980
263151314530870,32,15,57036,476.281,1980
263151364719328,32,15,57036,476.281,1980
263151414828919,32,15,57036,443.646,1980
263151465932086,32,15,57036,443.646,1980
263151517609247,74,36,57036,418.6,1980
263151568312281,74,36,57036,418.6,1980
263151619287133,74,36,57036,399.501,1980
263151669423597,74,36,57036,399.501,1980
263151719851673,82,41,57036,383.816,1980
263151769983801,82,41,57036,383.816,1980
263151820044738,82,41,57036,359.809,1980
263151870149676,82,41,57036,359.809,1980
263151920248983,100,50,57036,334.602,1980
263151970358700,100,50,57036,334.602,1980
263152020465102,100,50,57036,320.373,1980
263152070764953,100,50,57036,320.373,1980
263152120869883,90,48,57036,362.529,1980
263152170972449,90,48,57036,362.529,1980
263152221050473,90,48,57036,410.25,1980
263152271157860,90,48,57036,410.25,1980
263152321265958,91,48,57036,436.576,1980
263152371374726,91,48,57036,436.576,1980
263152421485355,91,48,57036,460.365,1980
263152471591448,91,48,57036,460.365,1980
263152521705299,98,56,57036,477.236,1980
263152571807440,98,56,57036,477.236,1980
263152621915682,98,56,57036,492.718,1980
263152672020775,98,56,57036,492.718,1980
263152722125669,96,55,57036,513.119,1980
263152772227249,96,55,57036,513.119,1980
263152822334731,96,55,57036,529.331,1980
263152872441494,96,55,57036,529.331,1980
263152922543684,96,55,57036,553.268,1980
263152972645375,96,55,57036,553.268,1980
263153022750404,96,55,57036,569.903,1980
263153072852797,96,55,57036,569.903,1980
263153122959206,97,56,57036,563.04,1980
263153173138045,97,56,57036,563.04,1980
263153223997367,97,56,57036,542.212,1980
263153275112740,97,56,57036,542.212,1980
263153325781427,19,19,57036,498.339,1980
263153376702276,19,19,57036,498.339,1980
263153426989263,19,19,57036,457.202,1980
263153477130730,19,19,57036,457.202,1980
263153528710823,42,20,57036,435.61,1980
263153578873446,42,20,57036,435.61,1980
263153630220980,42,20,57036,417.096,1980
263153680350699,42,20,57036,417.096,1980
263153731359599,74,37,57036,397.982,1980
263153781481837,74,37,57036,397.982,1980
263153832566769,74,37,57036,382.598,1980
263153883095608,74,37,57036,382.598,1980
263153934066836,86,42,57036,364.308,1980
263153984666390,86,42,57036,364.308,1980
263154034815203,86,42,57036,342.626,1980
263154084925957,86,42,57036,342.626,1980
263154135164369,100,49,57036,322.599,1980
263154185271703,100,49,57036,322.599,1980
263154235396191,100,49,57036,315.633,1980
263154285502518,100,49,57036,315.633,1980
263154335615444,79,39,57036,365.06,1980
263154385728409,79,39,57036,365.06,1980
263154435840418,79,39,57036,404.688,1980
263154485949434,79,39,57036,404.688,1980
263154536052432,98,49,57036,432.079,1980
263154587498898,98,49,57036,432.079,1980
263154637602094,98,49,57036,453.858,1980
263154687706722,98,49,57036,453.858,1980
263154737834186,96,51,57036,471.915,1980
263154787945679,96,51,57036,471.915,1980
263154838062513,96,51,57036,495.978,1980
263154888183278,96,51,57036,495.978,1980
263154938289875,96,55,57036,513.96,1980
263154988406785,96,55,57036,513.96,1980
263155038525289,96,55,57036,526.401,1980
263155088629140,96,55,57036,526.401,1980
263155138734002,96,53,57036,552.337,1980
263155188840643,96,53,57036,552.337,1980
263155238962416,96,53,57036,573.343,1980
263155289065373,96,53,57036,573.343,1980
263155339165918,97,52,57036,568.909,1980
263155389267275,97,52,57036,568.909,1980
263155439373860,97,52,57036,565.22,1980
263155489477248,97,52,57036,565.22,1980
263155540398908,98,54,57036,556.281,1980
263155591040859,98,54,57036,556.281,1980
263155641915523,98,54,57036,518.115,1980
263155692695509,98,54,57036,518.115,1980
263155742833953,2,2,57036,478.92,1980
263155794718045,2,2,57036,478.92,1980
263155846102079,2,2,57036,453.293,1980
263155896996192,2,2,57036,453.293,1980
263155947127031,75,36,57036,432.662,1980
263155998235970,75,36,57036,432.662,1980
263156048639707,75,36,57036,411.923,1980
263156098772109,75,36,57036,411.923,1980
263156148904505,76,38,57036,393.852,1980
263156199037402,76,38,57036,393.852,1980
263156249156031,76,38,57036,374.307,1980
263156299730636,76,38,57036,374.307,1980
263156349860038,92,45,57036,355.484,1980
263156400195979,92,45,57036,355.484,1980
263156450674619,92,45,57036,329.435,1980
263156505866614,92,45,57036,329.435,1980
263156555969114,100,50,57036,316.853,1980
263156606043090,100,50,57036,316.853,1980
263156656149688,100,50,57036,345.101,1980
263156706250816,100,50,57036,345.101,1980
263156756349027,98,49,57036,391.874,1980
263156808789835,98,49,57036,391.874,1980
263156858892401,98,49,57036,427.775,1980
263156909008257,98,49,57036,427.775,1980
263156959109877,90,47,57036,448.407,1980
263157009212711,90,47,57036,448.407,1980
263157059314575,90,47,57036,473.265,1980
263157109442786,90,47,57036,473.265,1980
263157159555925,96,55,57036,496.017,1980
263157209690470,96,55,57036,496.017,1980
263157259795847,96,55,57036,514.307,1980
263157309928302,96,55,57036,534.788,1980
263157360039602,96,53,57036,534.788,1980
263157410614684,96,53,57036,560.057,1980
263157460718198,96,53,57036,560.057,1980
263157510817614,96,53,57036,586.911,1980
263157560920317,96,53,57036,586.911,1980
263157611032451,96,53,57036,591.571,1980
263157661134423,96,53,57036,591.571,1980
263157711245745,96,55,57036,584.43,1980
263157761350638,96,55,57036,584.43,1980
263157814257431,96,55,57036,578.279,1980
263157865271728,96,55,57036,578.279,1980
263157915987918,42,35,57036,537.27,1980
263157967477364,42,35,57036,537.27,1980
263158020332091,42,35,57036,495.172,1980
263158070467889,42,35,57036,495.172,1980
263158121810106,22,11,57036,470.672,1980
263158173233367,22,11,57036,470.672,1980
263158223370131,22,11,57036,445.116,1980
263158274351045,22,11,57036,445.116,1980
263158325720417,74,37,57036,422.648,1980
263158377081933,74,37,57036,422.648,1980
263158427274351,74,37,57036,399.105,1980
263158478363715,74,37,57036,399.105,1980
263158529188587,84,41,57036,381.632,1980
263158579296703,84,41,57036,381.632,1980
263158629400327,84,41,57036,358.956,1980
263158679590775,84,41,57036,358.956,1980
263158729696962,100,49,57036,345.147,1980
263158779811633,100,49,57036,345.147,1980
263158829917930,100,49,57036,321.822,1980
263158880049342,100,49,57036,321.822,1980
263158930164599,79,40,57036,358.243,1980
263158980267026,79,40,57036,358.243,1980
263159030369921,79,40,57036,403.65,1980
263159080483335,79,40,57036,403.65,1980
263159130594396,99,50,57036,438.227,1980
263159180699309,99,50,57036,438.227,1980
263159230802163,99,50,57036,458.153,1980
263159280908542,99,50,57036,458.153,1980
263159331013397,97,49,57036,480.45,1980
263159381174593,97,49,57036,480.45,1980
263159431274445,97,49,57036,503.549,1980
263159481376700,97,49,57036,503.549,1980
263159531474167,99,55,57036,522.451,1980
263159581574391,99,55,57036,522.451,1980
263159631675365,99,55,57036,536.633,1980
263159681776890,99,55,57036,536.633,1980
263159731901273,96,54,57036,560.248,1980
263159782006649,96,54,57036,560.248,1980
263159832118208,96,54,57036,578.75,1980
263159882226182,96,54,57036,578.75,1980
263159932327469,97,53,57036,581.822,1980
263159982429061,97,53,57036,581.822,1980
263160032532565,97,53,57036,575.153,1980
263160082633179,97,53,57036,575.153,1980
263160133442737,98,54,57036,566.629,1980
263160184533921,98,54,57036,566.629,1980
263160235396789,98,54,57036,528.239,1980
263160286364003,98,54,57036,528.239,1980
263160339385203,2,2,57036,486.503,1980
263160390689891,2,2,57036,486.503,1980
263160440804222,2,2,57036,458.504,1980
263160490948735,2,2,57036,458.504,1980
263160542514073,74,36,57036,433.4,1980
263160592653618,74,36,57036,433.4,1980
263160643789672,74,36,57036,413.19,1980
263160693903746,74,36,57036,413.19,1980
263160744016772,80,39,57036,392.751,1980
263160794379038,80,39,57036,392.751,1980
263160844526086,80,39,57036,369.604,1980
263160894632850,80,39,57036,369.604,1980
263160944842572,100,49,57036,348.85,1980
263160994992049,100,49,57036,348.85,1980
263161045114796,100,49,57036,330.792,1980
263161095234924,100,49,57036,330.792,1980
263161145345752,100,50,57036,304.734,1980
263161195447980,100,50,57036,304.734,1980
263161245550635,100,50,57036,349.59,1980
263161295652263,100,50,57036,349.59,1980
263161345758282,98,50,57036,400.252,1980
263161395863997,98,50,57036,400.252,1980
263161445970775,98,50,57036,431.263,1980
263161497786438,98,50,57036,431.263,1980
263161547899080,90,48,57036,453.332,1980
263161598007781,90,48,57036,453.332,1980
263161648124876,90,48,57036,477.827,1980
263161698230721,90,48,57036,477.827,1980
263161748435331,97,53,57036,495.81,1980
263161798541323,97,53,57036,495.81,1980
263161848645153,97,53,57036,514.862,1980
263161898748574,97,53,57036,514.862,1980
263161948851454,99,55,57036,533.036,1980
263161998964698,99,55,57036,533.036,1980
263162049070633,99,55,57036,557.107,1980
263162099172224,99,55,57036,557.107,1980
263162149274829,96,54,57036,581.961,1980
263162199377569,96,54,57036,581.961,1980
263162249478916,96,54,57036,574.647,1980
263162299587690,96,54,57036,574.647,1980
263162349692095,96,55,57036,568.97,1980
263162402435295,96,55,57036,568.97,1980
263162453484852,96,55,57036,557.798,1980
263162504383100,96,55,57036,557.798,1980
263162555112691,35,32,57036,516.67,1980
263162608855942,35,32,57036,516.67,1980
263162660122262,35,32,57036,475.008,1980
263162710289934,35,32,57036,475.008,1980
263162762724172,30,14,57036,451.135,1980
263162814920415,30,14,57036,433.379,1980
263162865115184,30,14,57036,433.379,1980
263162916488107,75,37,57036,411.181,1980
263162967034516,75,37,57036,411.181,1980
263163017209516,75,37,57036,391.083,1980
263163067340170,75,37,57036,391.083,1980
263163117498266,86,42,57036,373.009,1980
263163168305300,86,42,57036,373.009,1980
263163219113160,86,42,57036,360.089,1980
263163269273443,86,42,57036,360.089,1980
263163319424295,100,49,57036,338.299,1980
263163369617867,100,49,57036,338.299,1980
263163419734168,100,49,57036,314.631,1980
263163469853178,100,49,57036,314.631,1980
263163519969705,78,39,57036,362.808,1980
263163570079423,78,39,57036,362.808,1980
263163620193865,78,39,57036,410.493,1980
263163670328583,78,39,57036,410.493,1980
263163720438023,98,50,57036,436.539,1980
263163770545870,98,50,57036,436.539,1980
263163820650659,98,50,57036,457.889,1980
263163870758367,98,50,57036,457.889,1980
263163920860978,96,51,57036,480.253,1980
263163970963753,96,51,57036,480.253,1980
263164021068963,96,51,57036,496.598,1980
263164071171157,96,51,57036,496.598,1980
263164121276371,98,55,57036,511.587,1980
263164171386583,98,55,57036,511.587,1980
263164221490596,98,55,57036,527.932,1980
263164271597576,98,55,57036,527.932,1980
263164321701361,96,54,57036,550.33,1980
263164371802942,96,54,57036,550.33,1980
263164421904198,96,54,57036,573.914,1980
263164472013515,96,54,57036,573.914,1980
263164522116000,97,53,57036,574.227,1980
263164572246101,97,53,57036,574.227,1980
263164622355834,97,53,57036,567.33,1980
263164672460580,97,53,57036,567.33,1980
263164722563819,99,55,57036,559.855,1980
263164773365683,99,55,57036,559.855,1980
263164824341037,99,55,57036,520.278,1980
263164875380006,99,55,57036,520.278,1980
263164925505292,2,2,57036,479.663,1980
263164975695644,2,2,57036,479.663,1980
263165025809880,2,2,57036,455.524,1980
263165077028260,2,2,57036,455.524,1980
263165127169729,74,36,57036,436.586,1980
263165178436153,74,36,57036,436.586,1980
263165229205229,74,36,57036,418.06,1980
263165280503979,74,36,57036,418.06,1980
263165331610408,70,35,57036,395.381,1980
263165381747596,70,35,57036,395.381,1980
263165431884833,70,35,57036,375.836,1980
263165481992121,70,35,57036,375.836,1980
263165532610005,86,42,57036,357.223,1980
263165582718669,86,42,57036,357.223,1980
263165632841368,86,42,57036,336.616,1980
263165683131209,86,42,57036,336.616,1980
263165733400277,100,50,57036,320.429,1980
263165783527237,100,50,57036,320.429,1980
263165833630813,100,50,57036,341.559,1980
263165883734125,100,50,57036,341.559,1980
263165933834136,98,51,57036,394.495,1980
263165983934876,98,51,57036,394.495,1980
263166034041187,98,51,57036,426.677,1980
263166084145158,98,51,57036,426.677,1980
263166134253278,90,46,57036,448.422,1980
263166184356487,90,46,57036,448.422,1980
263166234468195,90,46,57036,469.823,1980
263166284570683,90,46,57036,469.823,1980
263166334670893,96,53,57036,491.408,1980
263166384772504,96,53,57036,491.408,1980
263166434878593,96,53,57036,511.119,1980
263166484984953,96,53,57036,511.119,1980
263166535089259,97,53,57036,533.478,1980
263166585191445,97,53,57036,533.478,1980
263166635292891,97,53,57036,553.048,1980
263166685397779,97,53,57036,553.048,1980
263166735521665,99,55,57036,580.84,1980
263166785621977,99,55,57036,580.84,1980
263166835719658,99,55,57036,591.089,1980
263166885825175,99,55,57036,591.089,1980
263166935923207,96,54,57036,587.028,1980
263166986036564,96,54,57036,587.028,1980
263167036137421,96,54,57036,582.166,1980
263167087707709,96,54,57036,582.166,1980
263167138507269,96,58,57036,567.978,1980
263167189395454,96,58,57036,567.978,1980
263167240477428,96,58,57036,523.265,1980
263167296524309,96,58,57036,523.265,1980
263167348119536,2,2,57036,482.359,1980
263167398688314,2,2,57036,482.359,1980
263167448844746,2,2,57036,457.618,1980
263167500010461,2,2,57036,457.618,1980
263167550164237,74,36,57036,433.009,1980
263167601205879,74,36,57036,433.009,1980
263167652938110,74,36,57036,411.77,1980
263167703057203,74,36,57036,411.77,1980
263167754058793,76,38,57036,394.094,1980
263167804173252,76,38,57036,394.094,1980
263167854288709,76,38,57036,373.439,1980
263167904400957,76,38,57036,373.439,1980
263167954698689,96,47,57036,351.398,1980
263168004839143,96,47,57036,351.398,1980
263168055095590,96,47,57036,329.777,1980
263168105224275,96,47,57036,329.777,1980
263168155331750,100,50,57036,319.272,1980
263168205442905,100,50,57036,319.272,1980
263168255577487,100,50,57036,363.287,1980
263168305692265,100,50,57036,363.287,1980
263168355795413,98,49,57036,416.002,1980
263168405907109,98,49,57036,416.002,1980
263168456026852,98,49,57036,440.754,1980
263168506131480,98,49,57036,440.754,1980
263168556238608,90,47,57036,464.731,1980
263168606340640,90,47,57036,464.731,1980
263168656447022,90,47,57036,486.584,1980
263168706548845,90,47,57036,486.584,1980
263168756651121,97,52,57036,505.493,1980
263168806764007,97,52,57036,505.493,1980
263168856927971,97,52,57036,527.652,1980
263168907038587,97,52,57036,527.652,1980
263168957141239,99,56,57036,542.712,1980
263169007244470,99,56,57036,542.712,1980
263169057348418,99,56,57036,567.037,1980
263169107456759,99,56,57036,567.037,1980
263169157559352,96,54,57036,588.715,1980
263169207660883,96,54,57036,588.715,1980
263169257762141,96,54,57036,586.374,1980
263169307863765,96,54,57036,586.374,1980
263169360749718,96,53,57036,580.993,1980
263169411714651,96,53,57036,580.993,1980
263169462445959,96,53,57036,555.888,1980
263169513387527,96,53,57036,555.888,1980
263169564224663,4,4,57036,513.229,1980
263169615427654,4,4,57036,513.229,1980
263169665554929,4,4,57036,472.994,1980
263169717900873,54,25,57036,451.097,1980
263169768046418,54,25,57036,451.097,1980
263169818842929,54,25,57036,429.304,1980
263169868970421,54,25,57036,429.304,1980
263169919086236,76,38,57036,409.481,1980
263169970217371,76,38,57036,409.481,1980
263170020333079,76,38,57036,392.491,1980
263170070498693,76,38,57036,392.491,1980
263170121134499,87,42,57036,372.198,1980
263170171426706,87,42,57036,372.198,1980
263170221570005,87,42,57036,352.656,1980
263170271680548,87,42,57036,352.656,1980
263170322212052,100,50,57036,327.345,1980
263170372315097,100,50,57036,327.345,1980
263170422422490,100,50,57036,322.349,1980
263170472520795,100,50,57036,322.349,1980
263170522696468,80,42,57036,372.164,1980
263170572825743,80,42,57036,372.164,1980
263170622938023,80,42,57036,416.396,1980
263170673054291,80,42,57036,416.396,1980
263170723176285,98,51,57036,440.776,1980
263170773293241,98,51,57036,440.776,1980
263170823408052,98,51,57036,463.5,1980
263170873521495,98,51,57036,463.5,1980
263170923625651,96,52,57036,484.413,1980
263170973732708,96,52,57036,484.413,1980
263171023841167,96,52,57036,505.092,1980
263171073953732,96,52,57036,505.092,1980
263171124058726,98,56,57036,523.803,1980
263171174166553,98,56,57036,523.803,1980
263171224279973,98,56,57036,537.862,1980
263171274384793,98,56,57036,537.862,1980
263171324529885,96,55,57036,565.429,1980
263171374633808,96,55,57036,565.429,1980
263171424740181,96,55,57036,586.699,1980
263171474844596,96,55,57036,586.699,1980
263171524950025,97,57,57036,577.127,1980
263171575051736,97,57,57036,577.127,1980
263171625154527,97,57,57036,570.618,1980
263171675258353,97,57,57036,570.618,1980
263171725359883,96,55,57036,566.36,1980
263171776129501,96,55,57036,566.36,1980
263171827177305,96,55,57036,538.967,1980
263171877787497,96,55,57036,538.967,1980
263171928749259,2,2,57036,497.762,1980
263171979871799,2,2,57036,497.762,1980
263172031452477,2,2,57036,465.638,1980
263172082096556,2,2,57036,465.638,1980
263172132477609,68,32,57036,442.375,1980
263172184160400,68,32,57036,442.375,1980
263172234289017,68,32,57036,423.692,1980
263172285003650,68,32,57036,423.692,1980
263172335625526,74,37,57036,402.906,1980
263172385761619,74,37,57036,402.906,1980
263172435902642,74,37,57036,384.863,1980
263172486034986,74,37,57036,384.863,1980
263172536155106,92,45,57036,365.955,1980
263172586297576,92,45,57036,365.955,1980
263172636511209,92,45,57036,345.544,1980
263172686842691,92,45,57036,345.544,1980
263172737370357,100,50,57036,319.601,1980
263172787479180,100,50,57036,319.601,1980
263172837582064,100,50,57036,335.743,1980
263172887690920,100,50,57036,335.743,1980
263172937792426,98,51,57036,387.416,1980
263172987894067,98,51,57036,387.416,1980
263173037996898,98,51,57036,423.528,1980
263173088112853,98,51,57036,423.528,1980
263173138214398,90,46,57036,443.298,1980
263173188317244,90,46,57036,443.298,1980
263173238419768,90,46,57036,469.089,1980
263173288518312,90,46,57036,469.089,1980
263173338620401,96,54,57036,486.535,1980
263173388717690,96,54,57036,486.535,1980
263173438837357,96,54,57036,508.244,1980
263173488965857,96,54,57036,508.244,1980
263173539082209,97,53,57036,530.222,1980
263173589191985,97,53,57036,530.222,1980
263173639300427,97,53,57036,554.241,1980
263173689408514,97,53,57036,554.241,1980
263173739529856,99,55,57036,572.714,1980
263173789632495,99,55,57036,572.714,1980
263173839739917,99,55,57036,584.856,1980
263173889842923,99,55,57036,584.856,1980
263173939954423,96,55,57036,578.816,1980
263173990060948,96,55,57036,578.816,1980
263174040168073,96,55,57036,578.239,1980
263174090276967,96,55,57036,578.239,1980
263174141188455,96,58,57036,566.444,1980
263174192239591,96,58,57036,566.444,1980
263174243387912,96,58,57036,521.429,1980
263174297517085,96,58,57036,521.429,1980
263174347712177,2,2,57036,480.256,1980
263174399332776,2,2,57036,480.256,1980
263174449502424,2,2,57036,457.754,1980
263174500971042,2,2,57036,457.754,1980
263174551373154,74,36,57036,436.464,1980
263174602850668,74,36,57036,436.464,1980
263174652975903,74,36,57036,411.016,1980
263174703824093,74,36,57036,411.016,1980
263174754850330,78,38,57036,388.597,1980
263174804976217,78,38,57036,388.597,1980
263174855141611,78,38,57036,367.484,1980
263174905633162,78,38,57036,367.484,1980
263174955738150,99,48,57036,345.703,1980
263175005855123,99,48,57036,345.703,1980
263175056156864,99,48,57036,319.025,1980
263175106278322,99,48,57036,319.025,1980
263175156400517,100,50,57036,317.089,1980
263175206507084,100,50,57036,317.089,1980
263175256613108,100,50,57036,366.691,1980
263175306717151,100,50,57036,366.691,1980
263175356817522,98,50,57036,417.89,1980
263175406936430,98,50,57036,417.89,1980
263175457063606,98,50,57036,436.228,1980
263175507178582,98,50,57036,436.228,1980
263175557284296,90,47,57036,454.186,1980
263175607393927,90,47,57036,454.186,1980
263175657510925,90,47,57036,476.612,1980
263175707618691,90,47,57036,476.612,1980
263175757724800,96,55,57036,497.833,1980
263175807831449,96,55,57036,497.833,1980
263175857936463,96,55,57036,516.139,1980
263175908072067,96,55,57036,516.139,1980
263175958176320,96,54,57036,536.983,1980
263176008279517,96,54,57036,536.983,1980
263176058382130,96,54,57036,561.183,1980
263176108491987,96,54,57036,561.183,1980
263176158605132,97,52,57036,582.31,1980
263176208726759,97,52,57036,582.31,1980
263176258830485,97,52,57036,575.993,1980
263176308933179,97,52,57036,575.993,1980
263176359039312,98,55,57036,561.351,1980
263176409143317,98,55,57036,561.351,1980
263176459984544,98,55,57036,560.994,1980
263176510600275,98,55,57036,560.994,1980
263176561333842,68,49,57036,532.921,1980
263176612420205,68,49,57036,532.921,1980
263176662579983,68,49,57036,484.964,1980
263176714461675,68,49,57036,484.964,1980
263176765956072,6,3,57036,460.839,1980
263176816092280,6,3,57036,460.839,1980
263176866604849,6,3,57036,438.681,1980
263176917373717,6,3,57036,438.681,1980
263176967539751,74,37,57036,420.382,1980
263177017649588,74,37,57036,420.382,1980
263177068154744,74,37,57036,398.297,1980
263177118281886,74,37,57036,398.297,1980
263177168860704,78,39,57036,377.042,1980
263177218971796,78,39,57036,377.042,1980
263177272258619,78,39,57036,354.448,1980
263177323230909,96,47,57036,343.333,1980
263177373417546,96,47,57036,343.333,1980
263177423529210,96,47,57036,325.711,1980
263177473641566,96,47,57036,325.711,1980
263177523746970,81,40,57036,347.063,1980
263177573854094,81,40,57036,347.063,1980
263177623955983,81,40,57036,396.131,1980
263177674058722,81,40,57036,396.131,1980
263177724170101,98,50,57036,430.592,1980
263177774284963,98,50,57036,430.592,1980
263177824385715,98,50,57036,451.171,1980
263177874488296,98,50,57036,451.171,1980
263177924586864,97,51,57036,475.134,1980
263177974686210,97,51,57036,475.134,1980
263178024784676,97,51,57036,495.902,1980
263178074881784,97,51,57036,495.902,1980
263178125044696,96,54,57036,512.811,1980
263178175180194,96,54,57036,512.811,1980
263178225293507,96,54,57036,534.017,1980
263178275403077,96,54,57036,534.017,1980
263178325510188,97,55,57036,545.762,1980
263178375619197,97,55,57036,545.762,1980
263178425743490,97,55,57036,566.602,1980
263178475847856,97,55,57036,566.602,1980
263178525955261,96,54,57036,578.471,1980
263178576059765,96,54,57036,578.471,1980
263178626167334,96,54,57036,570.714,1980
263178676275420,96,54,57036,570.714,1980
263178726384236,96,54,57036,570.563,1980
