t_ns,util_gpu_pct,util_mem_pct,mem_used_mib,power_w,sm_clock_mhz
262629165100411,1,0,962,92.483,1980
262629221128946,1,0,962,98.062,1980
262629276422663,0,0,6852,103.065,1980
262629336941959,0,0,6852,103.065,1980
262629387114752,0,0,6852,108.62,1980
262629437237804,0,0,6852,108.62,1980
262629487420441,20,0,6852,113.983,1980
262629537627461,20,0,6852,113.983,1980
262629587843255,20,0,6852,119.397,1980
262629638063515,20,0,6852,119.397,1980
262629688355959,15,0,6852,124.11,1980
262629738587027,15,0,6852,124.11,1980
262629788812944,15,0,6852,129.315,1980
262629839051071,15,0,6852,129.315,1980
262629889264784,13,0,6852,134.24,1980
262629939489483,13,0,6852,134.24,1980
262629989721633,13,0,6852,136.99,1980
262630042838470,13,0,6852,136.99,1980
262630093056016,13,0,6852,136.895,1980
262630143286390,13,0,6852,136.895,1980
262630193506857,13,0,6852,136.954,1980
262630285257495,12,0,6872,136.93,1980
262630369385971,12,0,6872,136.93,1980
262630439545734,12,0,6872,136.892,1980
262630585352405,0,0,6872,136.844,1980
262630635470691,0,0,6872,136.844,1980
262630685581254,0,0,6872,136.587,1980
262630735700710,0,0,6872,136.587,1980
262630785861425,0,0,6872,136.473,1980
262630835970386,0,0,6872,136.473,1980
262630946603251,0,0,6872,136.494,1980
262631086710831,0,0,6872,136.224,1980
262631226948888,0,0,6872,136.061,1980
262631302709709,0,0,6872,136.05,1980
262631368024005,0,0,6872,136.05,1980
262631438383951,0,0,6872,136.154,1980
262631503677065,0,0,6872,136.052,1980
262631574032375,0,0,6872,135.958,1980
262631644384940,0,0,6872,135.958,1980
262631763763442,0,0,6872,136.034,1980
262632122963222,0,0,6872,135.973,1980
262632193331233,0,0,6872,136.104,1980
262632263687816,0,0,6872,136.104,1980
262632334030680,0,0,6872,136.118,1980
262632404385680,0,0,6872,135.931,1980
262632474738379,0,0,6872,135.939,1980
262632902509861,0,0,6872,135.884,1980
262632975407090,0,0,6872,135.998,1980
262633029996683,0,0,6872,135.998,1980
262633080126773,0,0,6872,136.118,1980
262633130235776,0,0,6872,136.118,1980
262633180618491,0,0,6872,135.97,1980
262633234745280,0,0,6872,135.97,1980
262633284855101,0,0,6872,135.915,1980
262633335080552,0,0,6872,135.915,1980
262633385187335,0,0,6872,135.984,1980
262633435293333,0,0,6872,135.984,1980
262633485401316,0,0,6872,136.106,1980
262633535508495,0,0,6872,136.106,1980
262633585614492,0,0,6872,136.003,1980
262633635721757,0,0,6872,136.003,1980
262633685849905,0,0,6872,135.904,1980
262633735964832,0,0,6872,135.904,1980
262633786106596,0,0,6872,135.937,1980
262633836954325,0,0,6872,135.937,1980
262633891508413,0,0,6872,136.125,1980
262633944529036,0,0,6872,136.125,1980
262633995338276,0,0,6872,136.081,1980
262634045446932,0,0,6872,136.081,1980
262634101418310,0,0,6872,135.933,1980
262634151636195,0,0,6872,135.933,1980
262634201765048,0,0,6872,135.916,1980
262634501194053,0,0,6872,135.985,1980
262634551488593,0,0,7036,135.985,1980
262634857381973,0,0,7036,136.172,1980
262634907595990,0,0,7520,136.021,1980
262634957723689,0,0,7520,136.021,1980
262635007890012,0,0,7520,135.935,1980
262635058058470,0,0,7520,135.935,1980
262635109548030,0,0,7520,136.038,1980
262635161503275,0,0,7520,136.038,1980
262635212641391,0,0,7520,136.176,1980
262635264233010,0,0,7520,136.176,1980
262635314344995,0,0,7520,136.083,1980
262635365810217,0,0,7520,136.083,1980
262635415920150,0,0,7520,135.962,1980
262635466068265,0,0,7520,135.962,1980
262635518272737,0,0,7520,136.016,1980
262635568381509,0,0,7520,136.016,1980
262635618547571,0,0,7520,136.15,1980
262635671756332,0,0,7520,136.15,1980
262635721967336,0,0,7520,136.081,1980
262635772146559,0,0,7520,135.927,1980
262635822697102,0,0,7520,135.927,1980
262635872814967,0,0,7520,135.985,1980
262635923113718,0,0,7520,135.985,1980
262635973264309,0,0,7520,136.15,1980
262636023422595,0,0,7520,136.15,1980
262636073556540,0,0,7520,136.11,1980
262636124184078,0,0,8624,136.11,1980
262636174425313,0,0,10136,135.948,1980
262636225025962,0,0,10136,135.948,1980
262636275164836,0,0,10136,135.96,1980
262636325598208,0,0,10582,135.96,1980
262636375722613,0,0,10582,136.135,1980
262636426917805,0,0,10582,136.135,1980
262636477047749,0,0,10582,136.146,1980
262636527172373,0,0,10582,136.146,1980
262636577320661,0,0,10582,136.068,1980
262636627436069,0,0,10582,136.068,1980
262636677548361,15,0,10582,136.183,1980
262636727656005,15,0,10582,136.183,1980
262636777758355,15,0,10582,136.42,1980
262636827858271,15,0,10582,136.42,1980
262636878044719,15,0,10582,136.589,1980
262636975119802,15,0,10582,136.478,1980
262637291986772,0,0,10582,136.635,1980
262637599918445,0,0,10116,136.422,1980
262637917006435,0,0,10156,136.007,1980
262637967146577,0,0,10156,136.007,1980
262638017269638,0,0,10156,135.935,1980
262638067383630,0,0,10156,135.935,1980
262638117496355,0,0,10156,136.101,1980
262638167600018,0,0,10156,136.101,1980
262638217711021,0,0,10156,136.042,1980
262638267817854,0,0,10156,136.042,1980
262638317924118,0,0,10156,135.925,1980
262638368029525,0,0,10156,135.925,1980
262638418138995,0,0,10156,135.902,1980
262638468252171,0,0,10156,135.902,1980
262638518362636,0,0,10156,136.078,1980
262638568463861,0,0,10156,136.078,1980
262638618562200,0,0,10156,136.084,1980
262638668661674,0,0,10156,136.084,1980
262638718758982,0,0,10156,135.916,1980
262638768859707,0,0,10156,135.916,1980
262638818963147,0,0,10156,135.921,1980
262638869097338,0,0,10156,135.921,1980
262638919214617,0,0,10156,136.072,1980
262638969324184,0,0,10156,136.072,1980
262639019435368,0,0,10156,136.092,1980
262639069544009,0,0,10156,136.092,1980
262639119648275,0,0,10156,135.945,1980
262639169754666,0,0,10156,135.945,1980
262639219861027,0,0,10156,135.874,1980
262639269964920,0,0,10156,135.874,1980
262639320068630,0,0,10156,135.997,1980
262639370173623,0,0,10156,135.997,1980
262639420278174,0,0,10156,136.089,1980
262639470381908,0,0,10156,136.089,1980
262639520485936,0,0,10156,135.934,1980
262639570589696,0,0,10156,135.934,1980
262639620695984,0,0,10156,135.855,1980
262639670809390,0,0,10156,135.855,1980
262639720915569,0,0,10156,136.004,1980
262639771024515,0,0,10156,136.004,1980
262639821131734,0,0,10156,136.124,1980
262639871236107,0,0,10156,136.124,1980
262639921340508,0,0,10156,136.008,1980
262639971442399,0,0,10156,136.008,1980
262640021549100,0,0,10156,135.89,1980
262640071667616,0,0,10156,135.89,1980
262640121788118,0,0,10156,135.988,1980
262640171893626,0,0,10156,135.988,1980
262640221996187,0,0,10156,136.152,1980
262640272110159,0,0,10156,136.152,1980
262640322216510,0,0,10156,136.046,1980
262640372320319,0,0,10156,136.046,1980
262640422427694,0,0,10156,135.92,1980
262640472531982,0,0,10156,135.92,1980
262640522637734,0,0,10156,135.98,1980
262640572738148,0,0,10156,135.98,1980
262640622842305,0,0,10156,136.112,1980
262640675446089,0,0,10156,136.041,1980
262640740767424,0,0,10156,136.041,1980
262640816728802,0,0,10156,135.873,1980
262640867622346,0,0,10156,135.873,1980
262640917853025,0,0,10156,135.876,1980
262640968066418,0,0,10282,135.876,1980
262641018248926,0,0,10282,136.012,1980
262641068384126,0,0,10574,136.012,1980
262641118517276,10,6,10574,144.361,1980
262641841276022,0,0,10574,146.816,1980
262642167926649,0,0,10254,146.684,1980
262642498918328,0,0,10282,135.871,1980
262642549138617,0,0,10342,135.871,1980
262642599268282,0,0,10368,136.853,1980
262642649487429,0,0,10348,136.853,1980
262642699693523,11,3,10370,138.621,1980
262642749880066,11,3,10376,138.621,1980
262642800029061,11,3,10378,140.25,1980
262642850196354,11,3,10366,140.25,1980
262642900324472,10,3,10380,141.189,1980
262642950462919,10,3,10372,141.189,1980
262643000599449,10,3,10374,142.585,1980
262643050768972,10,3,10378,142.585,1980
262643100961326,9,2,10402,143.632,1980
262643151090929,9,2,10386,143.632,1980
262643201238610,9,2,10392,144.472,1980
262643251378382,9,2,10396,144.472,1980
262643301507378,9,3,10398,144.917,1980
262643351655293,9,3,10416,144.917,1980
262643714548881,0,0,10406,144.392,1980
262644061649415,0,0,10320,140.35,1980
262644111817630,0,0,18718,139.289,1980
262644161935375,0,0,18718,139.289,1980
262644212778400,0,0,18718,139.127,1980
262644262899677,0,0,18718,139.127,1980
262644313702520,0,0,18718,138.744,1980
262644363863610,0,0,18718,138.744,1980
262644413999357,0,0,18718,137.794,1980
262644464128161,0,0,18718,137.794,1980
262644516302764,0,0,18718,136.557,1980
262644566491897,0,0,18718,136.557,1980
262644617670723,0,0,18718,136.472,1980
262644672750169,0,0,18718,136.472,1980
262644724005964,0,0,18718,136.608,1980
262644776606854,0,0,18718,136.662,1980
262644826745505,0,0,18718,136.662,1980
262644876856701,0,0,18718,136.497,1980
262644926968983,0,0,19038,136.497,1980
262644977964013,0,0,19038,146.371,1980
262645028192383,0,0,19040,146.371,1980
262645084417476,3,1,19040,147.548,1980
262645134526026,3,1,19042,147.548,1980
262645184662865,3,1,19042,147.234,1980
262645234781985,3,1,19042,147.234,1980
262645284892175,8,2,19042,148.412,1980
262645334997844,8,2,19042,148.412,1980
262645673135909,0,0,19042,149.307,1980
262645723255128,0,0,18874,149.431,1980
262645773517373,0,0,18870,149.431,1980
262645823664619,0,0,18848,150.38,1980
262645873948425,0,0,18866,150.38,1980
262645924096724,13,4,18848,152.288,1980
262645974234169,13,4,18864,152.288,1980
262646024381615,13,4,18860,143.471,1980
262646074618635,13,4,18860,143.471,1980
262646124739411,10,3,18848,144.284,1980
262646174910748,10,3,18868,144.284,1980
262646225127722,10,3,18868,145.341,1980
262646275261159,10,3,18848,145.341,1980
262646325419330,10,3,18848,145.304,1980
262646375538131,10,3,18848,145.449,1980
262646425664356,10,3,18848,145.449,1980
262646475804804,9,3,18870,147.074,1980
262646525940651,9,3,18852,147.074,1980
262646576079168,9,3,18874,148.674,1980
262646626237947,9,3,18856,148.674,1980
262646993042424,0,0,18858,146.754,1980
262647043204535,0,0,18858,146.754,1980
262647096045026,0,0,18858,144.941,1980
262647153595679,0,0,18858,144.941,1980
262647203715994,0,0,18858,143.691,1980
262647255724127,0,0,18858,143.691,1980
262647305849356,0,0,18858,142.641,1980
262647355965553,0,0,18858,142.641,1980
262647406083955,0,0,18858,141.607,1980
262647456309016,0,0,18858,141.607,1980
262647506432857,0,0,18858,140.315,1980
262647556540555,0,0,18858,140.315,1980
262647606646256,0,0,18858,138.005,1980
262647656751253,0,0,18858,138.005,1980
262647706855546,0,0,18858,136.323,1980
262647756960991,0,0,18858,136.323,1980
262647807069716,0,0,18858,135.884,1980
262647857174391,0,0,18858,135.884,1980
262647907279984,0,0,18858,135.84,1980
262647957669999,0,0,18858,135.84,1980
262648020795025,0,0,18858,135.944,1980
262648420556351,0,0,18858,135.875,1980
262648470685069,0,0,18858,135.875,1980
262648615207131,0,0,18858,135.777,1980
262648758204355,0,0,18858,135.744,1980
262648809278701,0,0,18858,135.867,1980
262648859997567,0,0,18858,135.867,1980
262648911142574,1,1,18858,136.03,1980
262648962198076,1,1,18858,136.03,1980
262649013245232,1,1,18858,136.352,1980
262649063352026,1,1,18858,136.352,1980
262649248363400,1,1,18894,143.221,1980
262649308546058,0,0,18894,143.3,1980
262649358673181,0,0,18894,143.3,1980
262649410071539,0,0,18894,161.59,1980
262649460580443,0,0,18894,161.59,1980
262649511151854,74,36,18894,182.468,1980
262649561861561,74,36,18894,182.468,1980
262649612835519,74,36,18894,202.198,1980
262649663082240,74,36,18894,202.198,1980
262649714374395,78,38,18894,223.903,1980
262649764479626,78,38,18894,223.903,1980
262649815497406,78,38,18894,246.121,1980
262649865635891,78,38,18894,246.121,1980
262649916027988,93,45,18894,265.297,1980
262649966597860,93,45,18894,265.297,1980
262650016714180,93,45,18894,290.777,1980
262650066826792,93,45,18894,290.777,1980
262650116942757,87,44,18894,309.019,1980
262650167056027,87,44,18916,309.019,1980
262650217174594,87,44,20500,299.878,1980
262650267280438,87,44,23894,299.878,1980
262650317381957,41,20,25086,325.124,1980
262650367482144,41,20,25086,325.124,1980
262650417583584,41,20,25086,354.487,1980
262650467688237,41,20,25086,354.487,1980
262650517792842,99,49,25086,378.167,1980
262650567914637,99,49,25086,378.167,1980
262650618093500,99,49,30920,382.038,1980
262650668197824,99,49,35580,382.038,1980
262650718306933,38,18,36836,375.743,1980
262650768435474,38,18,36836,375.743,1980
262650818569100,38,18,42810,387.568,1980
262650868701432,38,18,42810,387.568,1980
262650918819982,93,51,42810,408.026,1980
262650968935548,93,51,42810,408.026,1980
262651019045077,93,51,42810,425.158,1980
262651069153951,93,51,42810,425.158,1980
262651119256158,96,53,42810,446.382,1980
262651169361671,96,53,42810,446.382,1980
262651219478135,96,53,42810,486.232,1980
262651269583261,96,53,42810,486.232,1980
262651319693539,96,55,42810,513.043,1980
262651369804379,96,55,42810,513.043,1980
262651419912124,96,55,42810,513.031,1980
262651470024154,96,55,42810,513.031,1980
262651520129479,96,53,42810,506.547,1980
262651570235726,96,53,42810,506.547,1980
262651620341646,96,53,42810,516.493,1980
262651670472867,96,53,42810,516.493,1980
262651720591657,65,37,42810,527.31,1980
262651771839557,65,37,42810,527.31,1980
262651823176547,65,37,42810,515.691,1980
262651875362901,65,37,42810,515.691,1980
262651925512473,74,35,42810,492.292,1980
262651975624623,74,35,42810,492.292,1980
262652025798377,74,35,42810,471.567,1980
262652075938248,74,35,42810,471.567,1980
262652127085760,80,39,42810,449.695,1980
262652177385361,80,39,42810,449.695,1980
262652227674002,80,39,42810,433.645,1980
262652277828824,80,39,42810,433.645,1980
262652328115644,94,46,42810,411.716,1980
262652378255491,94,46,42810,393.699,1980
262652428392122,94,46,42810,393.699,1980
262652478865850,100,49,42810,372.686,1980
262652531290573,100,49,42810,372.686,1980
262652581400108,100,49,42812,348.28,1980
262652631504056,100,49,44004,348.28,1980
262652681613168,97,49,44004,370.896,1980
262652731714206,97,49,44004,370.896,1980
262652781813780,97,49,44004,411.306,1980
262652831916019,97,49,44004,411.306,1980
262652882071384,94,48,45180,431.474,1980
262652932174573,94,48,50242,431.474,1980
262652982275534,94,48,50242,446.938,1980
262653032376861,94,48,54856,446.938,1980
262653082476180,95,52,54856,467.215,1980
262653132576247,95,52,54856,467.215,1980
262653182677177,95,52,54856,488.767,1980
262653232779007,95,52,54856,488.767,1980
262653282877385,97,53,54856,506.386,1980
262653332977935,97,53,54856,506.386,1980
262653383077834,97,53,54856,524.276,1980
262653433180149,97,53,54856,524.276,1980
262653483322771,96,54,54856,544.857,1980
262653533422643,96,54,54856,544.857,1980
262653583524259,96,54,54856,569.417,1980
262653633624238,96,54,54856,569.417,1980
262653683723125,96,54,54856,564.891,1980
262653733837250,96,54,54856,564.891,1980
262653783957952,96,54,54856,557.402,1980
262653834067064,96,54,54856,557.402,1980
262653886569877,98,56,54856,553.106,1980
262653936704312,98,56,54856,553.106,1980
262653986861343,98,56,54856,529.686,1980
262654039077122,98,56,54856,529.686,1980
262654089459922,74,36,54856,507.405,1980
262654139606959,74,36,54856,507.405,1980
262654189741982,74,36,54856,487.951,1980
262654239857944,74,36,54856,487.951,1980
262654290208500,82,40,54856,466.688,1980
262654341290289,82,40,54856,466.688,1980
262654392020846,82,40,54856,450.773,1980
262654442536352,82,40,54856,450.773,1980
262654492655524,98,49,54856,431.333,1980
262654542855450,98,49,54856,431.333,1980
262654592979574,98,49,54856,407.03,1980
262654643091143,98,49,54856,407.03,1980
262654694473388,100,50,54856,383.691,1980
262654744580077,100,50,54860,383.691,1980
262654794686301,100,50,54860,378.467,1980
262654844805373,100,50,54860,378.467,1980
262654894913185,98,48,54860,385.853,1980
262654945042656,98,48,54860,385.853,1980
262654995144940,98,48,54860,419.147,1980
262655045249065,98,48,54860,419.147,1980
262655095352501,86,44,54860,437.628,1980
262655145454015,86,44,54860,437.628,1980
262655195557011,86,44,54860,458.185,1980
262655245658385,86,44,54860,458.185,1980
262655295775005,96,53,54860,476.14,1980
262655345877650,96,53,54860,476.14,1980
262655395980404,96,53,54860,497.526,1980
262655446088152,96,53,54860,497.526,1980
262655496196267,96,54,54860,517.2,1980
262655546324232,96,54,54860,517.2,1980
262655596431402,96,54,54860,532.024,1980
262655646549529,96,54,54860,532.024,1980
262655696658187,96,52,54860,549.436,1980
262655746758329,96,52,54860,549.436,1980
262655796864748,96,52,54860,563.925,1980
262655846968459,96,52,54860,563.925,1980
262655897072651,96,53,54860,559.588,1980
262655947176114,96,53,54860,559.588,1980
262655997940989,96,53,54860,535.099,1980
262656048109959,96,53,54860,535.099,1980
262656099227613,60,29,54860,513.861,1980
262656150570047,60,29,54860,513.861,1980
262656200833778,60,29,54860,493.579,1980
262656251626960,60,29,54860,493.579,1980
262656302279182,80,39,54860,473.461,1980
262656352404618,80,39,54860,473.461,1980
262656402864224,80,39,54860,454.107,1980
262656453610500,80,39,54860,454.107,1980
262656504271536,96,48,54860,437.276,1980
262656554410973,96,48,54860,437.276,1980
262656604567174,96,48,54860,416.592,1980
262656654772027,96,48,54860,416.592,1980
262656704870576,100,49,54860,399.832,1980
262656754978208,100,49,54860,399.832,1980
262656805042903,100,49,54860,382.95,1980
262656855146305,100,49,54860,382.95,1980
262656905244499,98,50,54860,387.995,1980
262656955352224,98,50,54860,387.995,1980
262657005451332,98,50,54860,415.133,1980
262657055553209,98,50,54860,415.133,1980
262657105653797,91,45,54860,438.292,1980
262657155759375,91,45,54860,438.292,1980
262657205860382,91,45,54860,457.724,1980
262657255966343,91,45,54860,457.724,1980
262657306073601,96,54,54860,477.119,1980
262657356181678,96,54,54860,477.119,1980
262657406285866,96,54,54860,495.081,1980
262657456394014,96,54,54860,495.081,1980
262657506504125,96,54,54860,514.743,1980
262657556620636,96,54,54860,514.743,1980
262657606734997,96,54,54860,531.568,1980
262657656836988,96,54,54860,531.568,1980
262657706935255,96,53,54860,553.065,1980
262657757040156,96,53,54860,553.065,1980
262657807147769,96,53,54860,575.167,1980
262657857247702,96,53,54860,575.167,1980
262657907348351,97,53,54860,567.996,1980
262657957450978,97,53,54860,567.996,1980
262658008297923,97,53,54860,557.217,1980
262658059333712,97,53,54860,557.217,1980
262658110035314,19,18,54860,516.261,1980
262658160742221,19,18,54860,516.261,1980
262658211132885,19,18,54860,482.18,1980
262658261256858,19,18,54860,482.18,1980
262658311389655,27,13,54860,446.439,1980
262658362965741,27,13,54860,446.439,1980
262658413094324,27,13,54860,425.979,1980
262658463975395,27,13,54860,425.979,1980
262658514483815,75,37,54860,405.872,1980
262658564634011,75,37,54860,405.872,1980
262658614764217,75,37,54860,384.062,1980
262658665351588,75,37,54860,384.062,1980
262658715547750,82,39,54860,369.112,1980
262658767014142,82,39,54860,369.112,1980
262658817178305,82,39,54860,342.567,1980
262658867287357,82,39,54860,342.567,1980
262658917396231,94,45,54860,328.565,1980
262658967524671,94,45,54860,328.565,1980
262659027040623,94,45,54860,310.14,1980
262659077149454,94,45,54860,310.14,1980
262659127261213,69,34,54860,329.301,1980
262659177369935,69,34,54860,329.301,1980
262659227474119,69,34,54860,379.727,1980
262659277574955,69,34,54860,379.727,1980
262659327690586,98,51,54860,418.903,1980
262659377813826,98,51,54860,418.903,1980
262659427937143,98,51,54860,442.825,1980
262659478042815,98,51,54860,442.825,1980
262659528141858,87,47,54860,462.384,1980
262659578247337,87,47,54860,462.384,1980
262659628417112,87,47,54860,483.934,1980
262659678573193,87,47,54860,483.934,1980
262659728683018,97,52,54860,508.724,1980
262659778789826,97,52,54860,508.724,1980
262659828895299,97,52,54860,526.145,1980
262659879012027,97,52,54860,526.145,1980
262659929119647,99,55,54860,545.604,1980
262659979221654,99,55,54860,545.604,1980
262660029340463,99,55,54860,566.756,1980
262660079450311,99,55,54860,566.756,1980
262660129559099,96,54,54860,591.575,1980
262660179677028,96,54,54860,591.575,1980
262660229786855,96,54,54860,582.358,1980
262660279904777,96,54,54860,582.358,1980
262660330017048,99,55,54860,576.939,1980
262660380120267,99,55,54860,576.939,1980
262660431664638,99,55,54860,578.287,1980
262660484163678,62,46,54860,558.316,1980
262660534273989,62,46,54860,558.316,1980
262660584446759,62,46,54860,532.937,1980
262660635229768,62,46,54860,532.937,1980
262660686701646,75,37,54860,509.021,1980
262660737824228,75,37,54860,509.021,1980
262660788247644,75,37,54860,490.086,1980
262660838432920,75,37,54860,490.086,1980
262660889159566,84,41,54860,468.244,1980
262660939274810,84,41,54860,468.244,1980
262660989406351,84,41,54860,446.632,1980
262661040069527,84,41,54860,446.632,1980
262661090219998,99,48,54860,428.806,1980
262661140375467,99,48,54860,428.806,1980
262661190538555,99,48,54860,405.741,1980
262661240654873,99,48,54860,405.741,1980
262661290763835,89,44,54860,385.982,1980
262661340872058,89,44,54860,385.982,1980
262661390982837,89,44,54860,391.015,1980
262661441088179,89,44,54860,391.015,1980
262661491192749,99,51,54860,414.178,1980
262661541296092,99,51,54860,414.178,1980
262661591398963,99,51,54860,439.204,1980
262661641504522,99,51,54860,439.204,1980
262661691607567,90,48,54860,461.496,1980
262661741712055,90,48,54860,461.496,1980
262661791814467,90,48,54860,487.161,1980
262661841916928,90,48,54860,487.161,1980
262661892027292,97,54,54860,505.353,1980
262661942132027,97,54,54860,505.353,1980
262661992232524,97,54,54860,526.38,1980
262662042338559,97,54,54860,526.38,1980
262662093221055,96,54,54860,545.22,1980
262662143329570,96,54,54860,545.22,1980
262662193430505,96,54,54860,563.042,1980
262662243531460,96,54,54860,563.042,1980
262662293636478,97,53,54860,589.113,1980
262662343742057,97,53,54860,589.113,1980
262662393843994,97,53,54860,582.131,1980
262662443943709,97,53,54860,582.131,1980
262662494046617,98,55,54860,576.32,1980
262662544156183,98,55,54860,576.32,1980
262662594255172,98,55,54860,576.996,1980
262662646784151,98,55,54860,576.996,1980
262662696980191,80,56,54860,557.558,1980
262662747135985,80,56,54860,557.558,1980
262662797242846,80,56,54860,533.416,1980
262662848665788,80,56,54860,533.416,1980
262662899950521,75,36,54860,511.518,1980
262662951279272,75,36,54860,511.518,1980
262663001406178,75,36,54860,489.372,1980
262663051517481,75,36,54860,489.372,1980
262663101664929,81,40,54860,464.175,1980
262663152820616,81,40,54860,464.175,1980
262663203761141,81,40,54860,446.485,1980
262663254504802,81,40,54860,446.485,1980
262663304639633,95,47,54860,426.878,1980
262663355125348,95,47,54860,426.878,1980
262663405779628,95,47,54860,408.839,1980
262663455897884,95,47,54860,408.839,1980
262663506037175,100,49,54860,384.678,1980
262663556153553,100,49,54860,384.678,1980
262663606268278,100,49,54860,380.388,1980
262663656374719,100,49,54860,380.388,1980
262663706477950,98,51,54860,399.283,1980
262663756585345,98,51,54860,399.283,1980
262663807257902,98,51,54860,427.854,1980
262663857365796,98,51,54860,427.854,1980
262663907476026,87,44,54860,445.959,1980
262663957591772,87,44,54860,445.959,1980
262664007698528,87,44,54860,472.917,1980
262664057800451,87,44,54860,472.917,1980
262664107903859,99,55,54860,492.726,1980
262664158011721,99,55,54860,492.726,1980
262664208119894,99,55,54860,514.019,1980
262664258226287,99,55,54860,514.019,1980
262664308327540,96,54,54860,530.871,1980
262664358428944,96,54,54860,530.871,1980
262664408525936,96,54,54860,554.145,1980
262664458653456,96,54,54860,554.145,1980
262664508750613,96,55,54860,581.284,1980
262664558852613,96,55,54860,581.284,1980
262664608949717,96,55,54860,588.321,1980
262664659054488,96,55,54860,588.321,1980
262664709158847,96,54,54860,581.841,1980
262664759262643,96,54,54860,581.841,1980
262664809361015,96,54,54860,576.576,1980
262664861260882,96,54,54860,576.576,1980
262664912855432,97,64,54860,569.885,1980
262664962970171,97,64,54860,569.885,1980
262665013090472,97,64,54860,543.628,1980
262665063270641,97,64,54860,543.628,1980
262665113419882,74,36,54860,516.028,1980
262665164903136,74,36,54860,516.028,1980
262665215062851,74,36,54860,493.242,1980
262665265689849,74,36,54860,493.242,1980
262665316636390,78,38,54860,472.074,1980
262665366831261,78,38,54860,472.074,1980
262665417994699,78,38,54860,452.133,1980
262665468174682,78,38,54860,452.133,1980
262665518293892,95,47,54860,429.585,1980
262665568659145,95,47,54860,429.585,1980
262665618762662,95,47,54860,411.674,1980
262665673050021,95,47,54860,411.674,1980
262665723155131,100,50,54860,384.926,1980
262665773260961,100,50,54860,384.926,1980
262665823372937,100,50,54860,383.274,1980
262665873474244,100,50,54860,383.274,1980
262665923574394,98,48,54860,398.599,1980
262665977045156,98,48,54860,398.599,1980
262666027150303,98,48,54860,426.455,1980
262666077253154,98,48,54860,426.455,1980
262666127359361,88,45,54860,450.961,1980
262666177462018,88,45,54860,450.961,1980
262666227564194,88,45,54860,472.46,1980
262666277679828,88,45,54860,472.46,1980
262666327783676,96,52,54860,495.018,1980
262666377884486,96,52,54860,495.018,1980
262666427983426,96,52,54860,513.407,1980
262666478084991,96,52,54860,513.407,1980
262666528186356,96,54,54860,528.865,1980
262666578297880,96,54,54860,528.865,1980
262666628407177,96,54,54860,550.852,1980
262666678508680,96,54,54860,550.852,1980
262666728610939,96,53,54860,570.166,1980
262666778710586,96,53,54860,570.166,1980
262666828816226,96,53,54860,580.714,1980
262666878920960,96,53,54860,580.714,1980
262666929035419,96,53,54860,573.391,1980
262666979775914,96,53,54860,573.391,1980
262667030835373,96,53,54860,554.721,1980
262667081679560,96,53,54860,554.721,1980
262667132481857,2,2,54860,515.233,1980
262667184136148,2,2,54860,515.233,1980
262667234260704,2,2,54860,473.325,1980
262667285588440,2,2,54860,473.325,1980
262667335697935,50,23,54860,449.462,1980
262667386886292,50,23,54860,428.089,1980
262667437908448,50,23,54860,428.089,1980
262667488031750,81,39,54860,405.036,1980
262667538886298,81,39,54860,405.036,1980
262667589223265,81,39,54860,388.051,1980
262667639371641,81,39,54860,388.051,1980
262667689529796,91,44,54860,368.111,1980
262667740015153,91,44,54860,368.111,1980
262667790908492,91,44,54860,347.3,1980
262667841802797,91,44,54860,347.3,1980
262667892587581,100,49,54860,323.325,1980
262667942737264,100,49,54860,323.325,1980
262667992844129,100,49,54860,311.187,1980
262668042946243,100,49,54860,311.187,1980
262668093059286,81,42,54860,361.056,1980
262668143177221,81,42,54860,361.056,1980
262668193279170,81,42,54860,404.108,1980
262668243380113,81,42,54860,404.108,1980
262668293509541,98,51,54860,435.2,1980
262668343611078,98,51,54860,435.2,1980
262668393713745,98,51,54860,459.706,1980
262668443816132,98,51,54860,459.706,1980
262668493922423,96,50,54860,477.583,1980
262668544031766,96,50,54860,477.583,1980
262668594135770,96,50,54860,499.562,1980
262668644236644,96,50,54860,499.562,1980
262668694348420,99,55,54860,523.475,1980
262668744458209,99,55,54860,523.475,1980
262668794565411,99,55,54860,543.457,1980
262668844670681,99,55,54860,543.457,1980
262668894769694,95,54,54860,561.834,1980
262668944877263,95,54,54860,561.834,1980
262668994977760,95,54,54860,589.024,1980
262669045086228,95,54,54860,589.024,1980
262669095185699,99,56,54860,584.101,1980
262669145288716,99,56,54860,584.101,1980
262669195388463,99,56,54860,580.911,1980
262669245499374,99,56,54860,580.911,1980
262669295600609,96,55,54860,576.688,1980
262669345762812,96,55,54860,576.688,1980
262669395908943,96,55,54860,560.605,1980
262669446073597,96,55,54860,560.605,1980
262669497412593,44,20,54860,536.253,1980
262669547549157,44,20,54860,536.253,1980
262669598968113,44,20,54860,512.466,1980
262669650269539,44,20,54860,512.466,1980
262669701585222,76,37,54860,486.342,1980
262669752580321,76,37,54860,486.342,1980
262669803364281,76,37,54860,466.197,1980
262669853487338,76,37,54860,466.197,1980
262669904448502,89,43,54860,444.515,1980
262669954774705,89,43,54860,444.515,1980
262670005832001,89,43,54860,423.649,1980
262670055942623,89,43,54860,423.649,1980
262670106146968,100,49,54860,405.027,1980
262670156284217,100,49,54860,405.027,1980
262670206401283,100,49,54860,379.691,1980
262670256524753,100,49,54860,379.691,1980
262670306632133,75,37,54860,379.457,1980
262670356738086,75,37,54860,379.457,1980
262670406839557,75,37,54860,399.673,1980
262670456951649,75,37,54860,399.673,1980
262670507056807,98,49,54860,426.979,1980
262670557163487,98,49,54860,426.979,1980
262670607269758,98,49,54860,452.946,1980
262670657381672,98,49,54860,452.946,1980
262670707486622,96,51,54860,477.832,1980
262670757588690,96,51,54860,477.832,1980
262670807689923,96,51,54860,501.364,1980
262670857797581,96,51,54860,501.364,1980
262670907902452,96,54,54860,522.59,1980
262670958012072,96,54,54860,522.59,1980
262671008113143,96,54,54860,542.803,1980
262671058213842,96,54,54860,542.803,1980
262671108319737,96,53,54860,559.551,1980
262671158422431,96,53,54860,559.551,1980
262671208522427,96,53,54860,588.315,1980
262671258623195,96,53,54860,588.315,1980
262671308728699,96,53,54860,587.56,1980
262671358831203,96,53,54860,587.56,1980
262671408936625,96,53,54860,585.057,1980
262671459264799,96,53,54860,585.057,1980
262671515603097,96,56,54860,577.034,1980
262671566833197,96,56,54860,577.034,1980
262671616965697,96,56,54860,547.994,1980
262671668559736,96,56,54860,547.994,1980
262671718716032,75,36,54860,523.273,1980
262671770343387,75,36,54860,523.273,1980
262671821686116,75,36,54860,499.65,1980
262671872941842,75,36,54860,499.65,1980
262671923103541,75,37,54860,479.606,1980
262671973800847,75,37,54860,479.606,1980
262672024656138,75,37,54860,457.125,1980
262672076073173,75,37,54860,457.125,1980
262672126843505,86,42,54860,434.954,1980
262672176976236,86,42,54860,434.954,1980
262672227190703,86,42,54860,417.124,1980
262672278061372,86,42,54860,417.124,1980
262672328917231,99,48,54860,394.93,1980
262672379033951,99,48,54860,394.93,1980
262672429144723,99,48,54860,371.372,1980
262672479254118,99,48,54860,371.372,1980
262672529374652,87,43,54860,383.585,1980
262672579480550,87,43,54860,383.585,1980
262672629581664,87,43,54860,414.803,1980
262672679712694,87,43,54860,414.803,1980
262672729828822,98,49,54860,436.239,1980
262672779930836,98,49,54860,436.239,1980
262672830033539,98,49,54860,458.729,1980
262672880134817,98,49,54860,458.729,1980
262672930235158,96,51,54860,482.641,1980
262672980335136,96,51,54860,482.641,1980
262673030437168,96,51,54860,507.254,1980
262673080542451,96,51,54860,507.254,1980
262673130642882,97,55,54860,525.488,1980
262673180778628,97,55,54860,525.488,1980
262673230880472,97,55,54860,549.256,1980
262673280986011,97,55,54860,549.256,1980
262673331087474,96,53,54860,566.991,1980
262673381190061,96,53,54860,566.991,1980
262673431290965,96,53,54860,593.092,1980
262673481393247,96,53,54860,593.092,1980
262673531492642,97,53,54860,585.402,1980
262673581593208,97,53,54860,585.402,1980
262673631692858,97,53,54860,581.415,1980
262673681798364,97,53,54860,581.415,1980
262673734996735,96,54,54860,582.55,1980
262673786304559,96,54,54860,582.55,1980
262673836608749,96,54,54860,560.062,1980
262673888230826,96,54,54860,560.062,1980
262673939063351,66,32,54860,535.654,1980
262673989512319,66,32,54860,535.654,1980
262674039626484,66,32,54860,513.256,1980
262674090809234,66,32,54860,491.305,1980
262674141424366,79,38,54860,491.305,1980
262674192030957,79,38,54860,470.109,1980
262674242148374,79,38,54860,470.109,1980
262674292562723,99,48,54860,447.426,1980
262674342830613,99,48,54860,447.426,1980
262674392965168,99,48,54860,426.531,1980
262674443091430,99,48,54860,426.531,1980
262674493203363,100,50,54860,402.486,1980
262674543313836,100,50,54860,402.486,1980
262674593419311,100,50,54860,389.78,1980
262674643530911,100,50,54860,389.78,1980
262674693644042,98,51,54860,390.705,1980
262674743753099,98,51,54860,390.705,1980
262674793853307,98,51,54860,417.548,1980
262674843971063,98,51,54860,417.548,1980
262674894080332,90,47,54860,443.527,1980
262674944184396,90,47,54860,443.527,1980
262674994287143,90,47,54860,464.21,1980
262675044388394,90,47,54860,464.21,1980
262675094488063,96,54,54860,488.578,1980
262675144595522,96,54,54860,488.578,1980
262675194694608,96,54,54860,510.794,1980
262675244799244,96,54,54860,510.794,1980
262675294925958,97,54,54860,530.804,1980
262675345030161,97,54,54860,530.804,1980
262675395131232,97,54,54860,548.209,1980
262675445234823,97,54,54860,548.209,1980
262675495357410,96,55,54860,568.44,1980
262675545463291,96,55,54860,568.44,1980
262675595562025,96,55,54860,585.305,1980
262675645661595,96,55,54860,585.305,1980
262675695762084,97,54,54860,581.42,1980
262675745861609,97,54,54860,581.42,1980
262675795961893,97,54,54860,576.209,1980
262675846060974,97,54,54860,576.209,1980
262675896160321,98,55,54860,572.728,1980
262675946833976,98,55,54860,572.728,1980
262675997949786,98,55,54860,541.072,1980
262676049150064,98,55,54860,541.072,1980
262676099832100,2,2,54860,498.891,1980
262676149963240,2,2,54860,498.891,1980
262676200105179,2,2,54860,460.917,1980
262676252077154,2,2,54860,460.917,1980
262676302207417,71,34,54860,440.338,1980
262676352321284,71,34,54860,440.338,1980
262676402818137,71,34,54860,419.258,1980
262676453836165,71,34,54860,419.258,1980
262676504453000,79,39,54860,400.318,1980
262676555509613,79,39,54860,400.318,1980
262676605972127,79,39,54860,382.016,1980
262676656546415,79,39,54860,382.016,1980
262676706665023,90,44,54860,361.7,1980
262676756916895,90,44,54860,361.7,1980
262676807272902,90,44,54860,337.447,1980
262676857375553,90,44,54860,337.447,1980
262676907482889,100,49,54860,316.472,1980
262676957591298,100,49,54860,316.472,1980
262677007708622,100,49,54860,332.004,1980
262677057838516,100,49,54860,332.004,1980
262677108026800,98,54,54860,381.849,1980
262677158128008,98,54,54860,381.849,1980
262677208228267,98,54,54860,419.834,1980
262677259728411,98,54,54860,419.834,1980
262677309837451,91,49,54860,444.877,1980
262677359942939,91,49,54860,444.877,1980
262677410049482,91,49,54860,467.473,1980
262677460158349,91,49,54860,467.473,1980
262677510283119,96,56,54860,485.425,1980
262677560387850,96,56,54860,485.425,1980
262677610489872,96,56,54860,504.903,1980
262677660595548,96,56,54860,504.903,1980
262677710696053,96,56,54860,522.452,1980
262677760802145,96,56,54860,522.452,1980
262677810903694,96,56,54860,542.222,1980
262677861014026,96,56,54860,542.222,1980
262677911117958,96,55,54860,568.665,1980
262677961226288,96,55,54860,568.665,1980
262678011327491,96,55,54860,593.541,1980
262678061428828,96,55,54860,593.541,1980
262678111536612,97,54,54860,588.913,1980
262678161648471,97,54,54860,588.913,1980
262678212672222,97,54,54860,576.526,1980
262678262833852,97,54,54860,576.526,1980
262678313250972,39,27,54860,544.758,1980
262678364904822,39,27,54860,544.758,1980
262678415552033,39,27,54860,522.632,1980
262678465720909,39,27,54860,522.632,1980
262678515845107,79,38,54860,501.03,1980
262678566059043,79,38,54860,501.03,1980
262678616197691,79,38,54860,480.903,1980
262678666367827,79,38,54860,480.903,1980
262678716861626,98,48,54860,463.832,1980
262678766965729,98,48,54860,463.832,1980
262678817068179,98,48,54860,439.288,1980
262678867559528,98,48,54860,439.288,1980
262678917695129,100,50,54860,412.677,1980
262678967803283,100,50,54860,412.677,1980
262679017908083,100,50,54860,386.155,1980
262679068015321,100,50,54860,386.155,1980
262679118118010,89,46,54860,392.383,1980
262679168224727,89,46,54860,392.383,1980
262679218325849,89,46,54860,406.013,1980
262679268426945,89,46,54860,406.013,1980
262679318528198,98,49,54860,434.442,1980
262679368629205,98,49,54860,434.442,1980
262679418736588,98,49,54860,460.728,1980
262679468845911,98,49,54860,460.728,1980
262679518949642,96,52,54860,481.758,1980
262679569052209,96,52,54860,481.758,1980
262679619155738,96,52,54860,504.402,1980
262679669257242,96,52,54860,504.402,1980
262679719363365,99,56,54860,520.248,1980
262679769464766,99,56,54860,520.248,1980
262679819568942,99,56,54860,537.823,1980
262679869670906,99,56,54860,537.823,1980
262679919775519,96,54,54860,559.228,1980
262679969880256,96,54,54860,559.228,1980
262680019987254,96,54,54860,582.497,1980
262680070092885,96,54,54860,582.497,1980
262680120193971,97,55,54860,577.085,1980
262680170307235,97,55,54860,577.085,1980
262680220408915,97,55,54860,568.892,1980
262680270512189,97,55,54860,568.892,1980
262680320665371,96,54,54860,569.882,1980
262680370906972,96,54,54860,569.882,1980
262680421030371,96,54,54860,545.856,1980
262680472420021,96,54,54860,545.856,1980
262680523680563,65,30,54860,521.32,1980
262680574144485,65,30,54860,521.32,1980
262680624290475,65,30,54860,501.254,1980
262680674395786,65,30,54860,501.254,1980
262680724571741,83,40,54860,479.82,1980
262680775679287,83,40,54860,479.82,1980
262680825793893,83,40,54860,462.446,1980
262680876055024,83,40,54860,462.446,1980
262680926177919,98,48,54860,441.874,1980
262680976293973,98,48,54860,441.874,1980
262681026432071,98,48,54860,422.196,1980
262681076586954,98,48,54860,422.196,1980
262681126705404,100,50,54860,405.986,1980
262681176828143,100,50,54860,405.986,1980
262681226943407,100,50,54860,396.551,1980
262681277060030,100,50,54860,396.551,1980
262681327161768,99,50,54860,400.157,1980
262681377263210,99,50,54860,400.157,1980
262681427364337,99,50,54860,428.171,1980
262681477466833,99,50,54860,428.171,1980
262681527571372,91,46,54860,456.437,1980
262681577681563,91,46,54860,456.437,1980
262681627791003,91,46,54860,477.454,1980
262681677903753,91,46,54860,477.454,1980
262681728017014,98,55,54860,497.418,1980
262681778123109,98,55,54860,497.418,1980
262681828231133,98,55,54860,516.733,1980
262681878343335,98,55,54860,516.733,1980
262681928472812,96,54,54860,535.816,1980
262681978580594,96,54,54860,535.816,1980
262682028686731,96,54,54860,554.281,1980
262682078788596,96,54,54860,554.281,1980
262682128892502,96,54,54860,578.303,1980
262682178994032,96,54,54860,578.303,1980
262682229117640,96,54,54860,587.33,1980
262682279218580,96,54,54860,587.33,1980
262682329323207,96,53,54860,580.774,1980
262682379425581,96,53,54860,580.774,1980
262682429527349,96,53,54860,575.499,1980
262682482200649,96,53,54860,575.499,1980
262682533613605,86,59,54860,556.404,1980
262682583729451,86,59,54860,556.404,1980
262682635329958,86,59,54860,532.63,1980
262682685454188,86,59,54860,532.63,1980
262682736133437,76,37,54860,509.521,1980
262682786279438,76,37,54860,509.521,1980
262682836866809,76,37,54860,486.664,1980
262682887482517,76,37,54860,486.664,1980
262682938345250,84,41,54860,467.138,1980
262682989198305,84,41,54860,467.138,1980
262683039303965,84,41,54860,452.643,1980
262683089429329,84,41,54860,452.643,1980
262683140020537,100,49,54860,429.05,1980
262683190516462,100,49,54860,429.05,1980
262683242040787,100,49,54860,408.051,1980
262683292158419,100,49,54860,408.051,1980
262683342266245,79,39,54860,389.759,1980
262683392370556,79,39,54860,389.759,1980
262683442475651,79,39,54860,395.712,1980
262683492598395,79,39,54860,395.712,1980
262683542695771,98,48,54860,413.147,1980
262683592799029,98,48,54860,413.147,1980
262683642899516,98,48,54860,437.768,1980
262683693003734,98,48,54860,437.768,1980
262683743104351,90,48,54860,461.285,1980
262683793210714,90,48,54860,461.285,1980
262683843313119,90,48,54860,483.58,1980
262683893414029,90,48,54860,483.58,1980
262683943541595,95,53,54860,504.187,1980
262683993643067,95,53,54860,504.187,1980
262684043739100,95,53,54860,520.601,1980
262684093844838,95,53,54860,520.601,1980
262684143945125,99,54,54860,539.108,1980
262684194058859,99,54,54860,539.108,1980
262684244161492,99,54,54860,560.055,1980
262684294268404,99,54,54860,560.055,1980
262684344367739,96,53,54860,583.549,1980
262684394470786,96,53,54860,583.549,1980
262684444579562,96,53,54860,579.467,1980
262684494679450,96,53,54860,579.467,1980
262684544782707,96,54,54860,576.219,1980
262684594890120,96,54,54860,576.219,1980
262684645593516,96,54,54860,571.517,1980
262684696424109,38,33,54860,537.434,1980
262684747356231,38,33,54860,537.434,1980
262684798135063,38,33,54860,494.224,1980
262684849071907,38,33,54860,494.224,1980
262684899337010,15,7,54860,461.589,1980
262684950739403,15,7,54860,461.589,1980
262685000886065,15,7,54860,442.327,1980
262685052436932,15,7,54860,442.327,1980
262685102929120,74,37,54860,416.367,1980
262685154235562,74,37,54860,416.367,1980
262685205273623,74,37,54860,397.605,1980
262685255471137,74,37,54860,397.605,1980
262685306373412,87,43,54860,376.743,1980
262685356978060,87,43,54860,376.743,1980
262685407704018,87,43,54860,357.876,1980
262685457839651,87,43,54860,357.876,1980
262685508011090,100,49,54860,332.688,1980
262685558165781,100,49,54860,332.688,1980
262685608291168,100,49,54860,315.439,1980
262685658414824,100,49,54860,315.439,1980
262685708520728,72,36,54860,332.549,1980
262685758628285,72,36,54860,332.549,1980
262685808728952,72,36,54860,382.619,1980
262685858828866,72,36,54860,382.619,1980
262685908936827,98,48,54860,418.187,1980
262685959046517,98,48,54860,418.187,1980
262686009147699,98,48,54860,440.969,1980
262686059252138,98,48,54860,440.969,1980
262686109357171,96,49,54860,463.022,1980
262686159464435,96,49,54860,463.022,1980
262686209566278,96,49,54860,484.428,1980
262686259669126,96,49,54860,484.428,1980
262686309771497,96,54,54860,504.235,1980
262686359871140,96,54,54860,504.235,1980
262686409971069,96,54,54860,523.59,1980
262686460070605,96,54,54860,523.59,1980
262686510176023,96,53,54860,542.459,1980
262686560277587,96,53,54860,542.459,1980
262686610383015,96,53,54860,566.615,1980
262686660488703,96,53,54860,566.615,1980
262686710591315,96,53,54860,579.034,1980
262686760691003,96,53,54860,579.034,1980
262686810796468,96,53,54860,573.57,1980
262686860940404,96,53,54860,573.57,1980
262686911531436,96,63,54860,559.337,1980
262686962926327,96,63,54860,559.337,1980
262687013036827,96,63,54860,530.339,1980
262687064419694,96,63,54860,530.339,1980
262687114728767,75,36,54860,509.173,1980
262687164836731,75,36,54860,509.173,1980
262687214993223,75,36,54860,487.022,1980
262687265165007,75,36,54860,487.022,1980
262687315290248,85,42,54860,469.319,1980
262687366018926,85,42,54860,469.319,1980
262687416155088,85,42,54860,446.577,1980
262687466296170,85,42,54860,446.577,1980
262687516611140,98,48,54860,427.209,1980
262687566733392,98,48,54860,427.209,1980
262687617179058,98,48,54860,406.557,1980
262687667285537,98,48,54860,406.557,1980
262687717398448,94,47,54860,382.728,1980
262687767507036,94,47,54860,382.728,1980
262687817609692,94,47,54860,391.355,1980
262687867710090,94,47,54860,391.355,1980
262687917820929,98,49,54860,407.118,1980
262687967945755,98,49,54860,407.118,1980
262688018048782,98,49,54860,432.804,1980
262688068166250,98,49,54860,432.804,1980
262688118273338,95,50,54860,456.29,1980
262688168378364,95,50,54860,456.29,1980
262688218484073,95,50,54860,475.29,1980
262688268588041,95,50,54860,475.29,1980
262688318686468,96,54,54860,497.011,1980
262688368784004,96,54,54860,497.011,1980
262688418883901,96,54,54860,520.521,1980
262688468986731,96,54,54860,520.521,1980
262688519041027,97,52,54860,534.468,1980
262688569182383,97,52,54860,534.468,1980
262688619309161,97,52,54860,550.633,1980
262688669420738,97,52,54860,550.633,1980
262688719549885,96,55,54860,572.428,1980
262688769668359,96,55,54860,572.428,1980
262688819772870,96,55,54860,574.207,1980
262688869879924,96,55,54860,574.207,1980
262688921044037,96,54,54860,566.306,1980
262688971417418,96,54,54860,566.306,1980
262689021673751,96,54,54860,543.897,1980
262689073442711,96,54,54860,543.897,1980
262689125037232,72,35,54860,521.438,1980
262689175810801,72,35,54860,521.438,1980
262689226930555,72,35,54860,498.438,1980
262689277995410,72,35,54860,498.438,1980
262689328431141,81,39,54860,479.652,1980
262689378568180,81,39,54860,479.652,1980
262689428690033,81,39,54860,457.188,1980
262689479256646,81,39,54860,457.188,1980
262689529741512,99,49,54860,438.803,1980
262689579929077,99,49,54860,438.803,1980
262689630043133,99,49,54860,420.754,1980
262689680144676,99,49,54860,420.754,1980
262689730249100,100,50,54860,400.812,1980
262689780353215,100,50,54860,400.812,1980
262689830468400,100,50,54860,396.469,1980
262689880587438,100,50,54860,396.469,1980
262689930691260,98,48,54860,400.696,1980
262689981909786,98,48,54860,400.696,1980
262690032020440,98,48,54860,427.754,1980
262690082122934,98,48,54860,427.754,1980
262690132229361,91,47,54860,451.737,1980
262690182330460,91,47,54860,451.737,1980
262690232434572,91,47,54860,465.776,1980
262690282546775,91,47,54860,465.776,1980
262690332666781,96,53,54860,490.688,1980
262690382768959,96,53,54860,490.688,1980
262690432874620,96,53,54860,505.651,1980
262690482975745,96,53,54860,505.651,1980
262690533076269,96,54,54860,528.548,1980
262690583180128,96,54,54860,528.548,1980
262690633286433,96,54,54860,552.903,1980
262690683403781,96,54,54860,552.903,1980
262690733509739,96,53,54860,576.718,1980
262690783612141,96,53,54860,576.718,1980
262690833709633,96,53,54860,570.761,1980
262690883810781,96,53,54860,570.761,1980
262690933914802,96,53,54860,563.196,1980
262690984046849,96,53,54860,563.196,1980
262691034263428,96,53,54860,540.55,1980
262691084416967,96,53,54860,540.55,1980
262691135731300,51,24,54860,515.928,1980
262691185856855,51,24,54860,515.928,1980
262691235972588,51,24,54860,498.176,1980
262691286504153,51,24,54860,498.176,1980
262691336619552,77,38,54860,481.374,1980
262691386735512,77,38,54860,481.374,1980
262691436915575,77,38,54860,460.033,1980
262691487099782,77,38,54860,460.033,1980
262691537962491,92,45,54860,437.927,1980
262691588067060,92,45,54860,437.927,1980
262691638170200,92,45,54860,423.33,1980
262691688606277,92,45,54860,423.33,1980
262691738711180,100,49,54860,400.306,1980
262691788818295,100,49,54860,400.306,1980
262691838924530,100,49,54860,384.637,1980
262691889059133,100,49,54860,384.637,1980
262691939162506,85,43,54860,390.215,1980
262691989266200,85,43,54860,390.215,1980
262692039377324,85,43,54860,418.878,1980
262692089497501,85,43,54860,418.878,1980
262692139594177,99,49,54860,442.747,1980
262692189691194,99,49,54860,442.747,1980
262692239789259,99,49,54860,465.259,1980
262692289885822,99,49,54860,465.259,1980
262692339982407,96,52,54860,490.283,1980
262692390042139,96,52,54860,490.283,1980
262692440207550,96,52,54860,510.172,1980
262692490336823,96,52,54860,510.172,1980
262692540450736,97,52,54860,531.015,1980
262692590575089,97,52,54860,531.015,1980
262692640687294,97,52,54860,552.203,1980
262692690798285,97,52,54860,552.203,1980
262692740911037,97,53,54860,566.097,1980
262692791020524,97,53,54860,566.097,1980
262692841132503,97,53,54860,588.899,1980
262692891239232,97,53,54860,588.899,1980
262692941354949,96,54,54860,584.725,1980
262692991459648,96,54,54860,584.725,1980
262693041565869,96,54,54860,582.703,1980
262693091681926,96,54,54860,582.703,1980
262693142352568,96,58,54860,566.683,1980
262693193029351,96,58,54860,566.683,1980
262693244192283,96,58,54860,522.992,1980
262693302497403,2,2,54860,476.987,1980
262693352640568,2,2,54860,476.987,1980
262693404495226,2,2,54860,454.058,1980
262693455873048,2,2,54860,454.058,1980
262693506436928,75,37,54860,427.542,1980
262693556630999,75,37,54860,427.542,1980
262693606741686,75,37,54860,406.63,1980
262693657193116,75,37,54860,406.63,1980
262693707335312,90,44,54860,392.63,1980
262693757528914,90,44,54860,392.63,1980
262693808078691,90,44,54860,368.596,1980
262693858591821,90,44,54860,368.596,1980
262693908776177,100,49,54860,349.943,1980
262693958909090,100,49,54860,349.943,1980
262694009163993,100,49,54860,325.692,1980
262694059276464,100,49,54860,325.692,1980
262694109381945,82,41,54860,321.585,1980
262694159486038,82,41,54860,321.585,1980
262694209587208,82,41,54860,363.767,1980
262694259695373,82,41,54860,363.767,1980
262694309805465,99,49,54860,409.223,1980
262694359933886,99,49,54860,409.223,1980
262694410038360,99,49,54860,438.227,1980
262694460151085,99,49,54860,438.227,1980
262694510259341,98,52,54860,458.854,1980
262694560360860,98,52,54860,458.854,1980
262694610466347,98,52,54860,475.727,1980
262694660567472,98,52,54860,475.727,1980
262694710667131,96,54,54860,496.77,1980
262694760780782,96,54,54860,496.77,1980
262694810890730,96,54,54860,514.384,1980
262694860994187,96,54,54860,514.384,1980
262694911102182,97,52,54860,536.121,1980
262694961225242,97,52,54860,536.121,1980
262695011361088,97,52,54860,557.856,1980
262695061463998,97,52,54860,557.856,1980
262695111570302,98,54,54860,574.698,1980
262695161671628,98,54,54860,574.698,1980
262695211774961,98,54,54860,568.456,1980
262695261874795,98,54,54860,568.456,1980
262695312262779,96,54,54860,564.112,1980
262695362934874,96,54,54860,564.112,1980
262695414202961,96,54,54860,541.21,1980
262695464386146,96,54,54860,541.21,1980
262695516675115,54,25,54860,519.797,1980
262695567848975,54,25,54860,519.797,1980
262695617968112,54,25,54860,500.274,1980
262695669247967,54,25,54860,500.274,1980
262695720386842,80,39,54860,482.061,1980
262695771851204,80,39,54860,482.061,1980
262695822047067,80,39,54860,462.191,1980
262695872385992,80,39,54860,462.191,1980
262695922709730,100,49,54860,439.3,1980
262695972841840,100,49,54860,439.3,1980
262696022964770,100,49,54860,413.818,1980
262696073078910,100,49,54860,413.818,1980
262696123206356,100,50,54860,390.195,1980
262696173328613,100,50,54860,390.195,1980
262696223436074,100,50,54860,389.097,1980
262696273556906,100,50,54860,389.097,1980
262696323668974,98,48,54860,396.533,1980
262696373775679,98,48,54860,396.533,1980
262696423885343,98,48,54860,423.669,1980
262696473997828,98,48,54860,423.669,1980
262696524115523,90,47,54860,445.294,1980
262696574227405,90,47,54860,445.294,1980
262696624324946,90,47,54860,463.522,1980
262696674430846,90,47,54860,463.522,1980
262696724529749,96,54,54860,480.929,1980
262696774629626,96,54,54860,480.929,1980
262696824729052,96,54,54860,499.341,1980
262696874844866,96,54,54860,499.341,1980
262696924961521,97,52,54860,519.598,1980
262696975071653,97,52,54860,519.598,1980
262697025174232,97,52,54860,541.819,1980
262697075277317,97,52,54860,541.819,1980
262697125381617,96,53,54860,566.014,1980
262697175482130,96,53,54860,566.014,1980
262697225585031,96,53,54860,575.104,1980
262697275687415,96,53,54860,575.104,1980
262697325787253,97,52,54860,569.393,1980
262697377526596,97,52,54860,569.393,1980
262697427670260,97,52,54860,551.206,1980
262697479162995,97,52,54860,551.206,1980
262697529301886,41,28,54860,520.815,1980
262697580973263,41,28,54860,520.815,1980
262697632252902,41,28,54860,500.662,1980
262697682411763,41,28,54860,500.662,1980
262697733466503,76,37,54860,483.611,1980
262697783962275,76,37,54860,483.611,1980
262697834129381,76,37,54860,464.683,1980
262697884312634,76,37,54860,464.683,1980
262697934971489,91,45,54860,446.916,1980
262697985087205,91,45,54860,446.916,1980
262698035237593,91,45,54860,427.937,1980
262698085558700,91,45,54860,427.937,1980
262698135668791,100,49,54860,409.943,1980
262698185775020,100,49,54860,409.943,1980
262698235908648,100,49,54860,378.911,1980
262698286020240,100,49,54860,378.911,1980
262698336136493,73,35,54860,384.522,1980
262698386243320,73,35,54860,384.522,1980
262698436347373,73,35,54860,401.969,1980
262698486447831,73,35,54860,401.969,1980
262698536554125,98,47,54860,430.183,1980
262698586655753,98,47,54860,430.183,1980
262698636758345,98,47,54860,452.808,1980
262698686859452,98,47,54860,452.808,1980
262698736970446,96,50,54860,474.696,1980
262698787074205,96,50,54860,474.696,1980
262698837176394,96,50,54860,492.509,1980
262698887276667,96,50,54860,492.509,1980
262698937373825,96,54,54860,510.336,1980
262698987472728,96,54,54860,510.336,1980
262699037569102,96,54,54860,528.641,1980
262699087670300,96,54,54860,528.641,1980
262699137767651,96,53,54860,550.376,1980
262699187877438,96,53,54860,550.376,1980
262699237986638,96,53,54860,572.817,1980
262699288104911,96,53,54860,572.817,1980
262699338222718,96,52,54860,572.7,1980
262699388334615,96,52,54860,572.7,1980
262699438439157,96,52,54860,570.02,1980
262699489828518,96,52,54860,570.02,1980
262699542046206,99,55,54860,556.502,1980
262699592256311,99,55,54860,556.502,1980
262699642369041,99,55,54860,529.605,1980
262699693579128,99,55,54860,529.605,1980
262699743710110,73,35,54860,507.63,1980
262699794342401,73,35,54860,507.63,1980
262699845591638,73,35,54860,487.371,1980
262699896272923,73,35,54860,487.371,1980
262699946385187,84,41,54860,466.68,1980
262699996523809,84,41,54860,466.68,1980
262700047015970,84,41,54860,448.047,1980
262700097369668,84,41,54860,448.047,1980
262700147584804,100,49,54860,430.106,1980
262700197691231,100,49,54860,430.106,1980
262700247867648,100,49,54860,409.339,1980
262700297994390,100,49,54860,409.339,1980
262700348106527,100,50,54860,387.173,1980
262700398212916,100,50,54860,387.173,1980
262700448324646,100,50,54860,390.846,1980
262700498427789,100,50,54860,390.846,1980
262700548533319,99,49,54860,405.579,1980
262700598644345,99,49,54860,405.579,1980
262700648759251,99,49,54860,430.598,1980
262700698883479,99,49,54860,430.598,1980
262700748992107,90,48,54860,449.654,1980
262700799096224,90,48,54860,449.654,1980
262700849203190,90,48,54860,471.673,1980
262700899304582,90,48,54860,471.673,1980
262700949419951,96,53,54860,491.328,1980
262700999523389,96,53,54860,491.328,1980
262701049629988,96,53,54860,506.605,1980
262701099729103,96,53,54860,506.605,1980
262701149828170,96,55,54860,526.981,1980
262701199924815,96,55,54860,526.981,1980
262701250030043,96,55,54860,548.969,1980
262701300134543,96,55,54860,548.969,1980
262701350239101,96,53,54860,572.573,1980
262701400336571,96,53,54860,572.573,1980
262701450445809,96,53,54860,566.034,1980
262701500545280,96,53,54860,566.034,1980
262701550645166,97,52,54860,556.827,1980
262701601783908,97,52,54860,556.827,1980
262701652876357,97,52,54860,539.968,1980
262701703608823,97,52,54860,539.968,1980
262701754566670,10,10,54860,500.226,1980
262701804673869,10,10,54860,460.398,1980
262701856009503,10,10,54860,460.398,1980
262701906141762,34,16,54860,439.134,1980
262701957831649,34,16,54860,439.134,1980
262702009251366,34,16,54860,416.103,1980
262702060833026,34,16,54860,416.103,1980
262702112205190,71,35,54860,395.491,1980
262702163734244,71,35,54860,395.491,1980
262702213912259,71,35,54860,374.976,1980
262702264389501,71,35,54860,374.976,1980
262702314605157,86,42,54860,356.183,1980
262702364937015,86,42,54860,356.183,1980
262702415091628,86,42,54860,341.991,1980
262702465219618,86,42,54860,341.991,1980
262702515343621,100,49,54860,320.482,1980
262702565530779,100,49,54860,320.482,1980
262702615644347,100,49,54860,314.011,1980
262702665755415,100,49,54860,314.011,1980
262702715858058,76,37,54860,355.634,1980
262702765972020,76,37,54860,355.634,1980
262702816081140,76,37,54860,408.226,1980
262702866185069,76,37,54860,408.226,1980
262702916295277,99,48,54860,436.293,1980
262702966409866,99,48,54860,436.293,1980
262703016516020,99,48,54860,455.228,1980
262703066621139,99,48,54860,455.228,1980
262703116729066,97,48,54860,478.005,1980
262703166841013,97,48,54860,478.005,1980
262703216949160,97,48,54860,499.386,1980
262703267654764,97,48,54860,499.386,1980
262703317756488,99,54,54860,519.697,1980
262703367861911,99,54,54860,519.697,1980
262703417963822,99,54,54860,539.56,1980
262703468066050,99,54,54860,539.56,1980
262703518173892,96,53,54860,562.508,1980
262703568282855,96,53,54860,562.508,1980
262703618384073,96,53,54860,581.883,1980
262703668490452,96,53,54860,581.883,1980
262703718591881,97,55,54860,584.101,1980
262703768697732,97,55,54860,584.101,1980
262703818799117,97,55,54860,575.523,1980
262703868898807,97,55,54860,575.523,1980
262703922452311,96,53,54860,568.05,1980
262703972742866,96,53,54860,568.05,1980
262704022914431,96,53,54860,540.131,1980
262704074406227,96,53,54860,540.131,1980
262704125299869,72,35,54860,516.689,1980
262704176656351,72,35,54860,516.689,1980
262704227634705,72,35,54860,495.75,1980
262704278601127,72,35,54860,495.75,1980
262704330487169,83,40,54860,474.148,1980
262704380731930,83,40,54860,474.148,1980
262704430868817,83,40,54860,453.831,1980
262704481054693,83,40,54860,453.831,1980
262704531157806,100,49,54860,430.503,1980
262704581366412,100,49,54860,430.503,1980
262704631473880,100,49,54860,413.765,1980
262704687461802,100,49,54860,413.765,1980
262704737575602,100,50,54860,388.567,1980
262704797680608,100,50,54860,388.567,1980
262704847850749,100,50,54860,397.326,1980
262704897963552,100,50,54860,397.326,1980
262704948065492,97,49,54860,405.466,1980
262705002529714,97,49,54860,405.466,1980
262705052634346,97,49,54860,437.37,1980
262705102743127,97,49,54860,437.37,1980
262705152846478,89,47,54860,463.052,1980
262705202946431,89,47,54860,463.052,1980
262705253047622,89,47,54860,484.574,1980
262705303148268,89,47,54860,484.574,1980
262705353248166,95,55,54860,507.972,1980
262705403354445,95,55,54860,507.972,1980
262705453473445,95,55,54860,528.394,1980
262705503597087,95,55,54860,528.394,1980
262705553703029,95,54,54860,545.475,1980
262705603803292,95,54,54860,545.475,1980
262705653907757,95,54,54860,570.877,1980
262705704014646,95,54,54860,570.877,1980
262705754227138,97,52,54860,597.22,1980
262705804330176,97,52,54860,597.22,1980
262705854432966,97,52,54860,589.019,1980
262705904533568,97,52,54860,589.019,1980
262705954634819,96,53,54860,584.001,1980
262706004735164,96,53,54860,584.001,1980
262706055295624,96,53,54860,578.436,1980
262706105991592,96,53,54860,578.436,1980
262706156192107,73,52,54860,551.063,1980
262706207984326,73,52,54860,526.241,1980
262706258506573,73,52,54860,526.241,1980
262706308672663,74,36,54860,507.301,1980
262706358840836,74,36,54860,507.301,1980
262706410031062,74,36,54860,486.25,1980
262706461141262,74,36,54860,486.25,1980
262706511266651,79,39,54860,468.519,1980
262706562453185,79,39,54860,468.519,1980
262706612948466,79,39,54860,444.12,1980
262706663103961,79,39,54860,444.12,1980
262706713561488,99,49,54860,424.54,1980
262706763832598,99,49,54860,424.54,1980
262706814292425,99,49,54860,405.452,1980
262706864398405,99,49,54860,405.452,1980
262706914505170,80,39,54860,394.283,1980
262706964614408,80,39,54860,394.283,1980
262707014719907,80,39,54860,393.739,1980
262707064827716,80,39,54860,393.739,1980
262707114934572,98,49,54860,420.393,1980
262707165041689,98,49,54860,420.393,1980
262707215158307,98,49,54860,444.907,1980
262707265276008,98,49,54860,444.907,1980
262707315382340,98,52,54860,466.169,1980
262707365487428,98,52,54860,466.169,1980
262707415595852,98,52,54860,483.315,1980
262707465701445,98,52,54860,483.315,1980
262707515808395,96,54,54860,507.5,1980
262707565910978,96,54,54860,507.5,1980
262707616015871,96,54,54860,522.325,1980
262707666121114,96,54,54860,522.325,1980
262707716223328,97,53,54860,541.312,1980
262707766333026,97,53,54860,541.312,1980
262707816443756,97,53,54860,566.284,1980
262707866545182,97,53,54860,566.284,1980
262707916651920,98,54,54860,577.852,1980
262707966752986,98,54,54860,577.852,1980
262708016853746,98,54,54860,567.962,1980
262708066975053,98,54,54860,567.962,1980
262708117081317,96,54,54860,561.852,1980
262708167186845,96,54,54860,561.852,1980
262708217905755,96,54,54860,540.029,1980
262708268081719,96,54,54860,540.029,1980
262708319905517,47,22,54860,517.861,1980
262708370220505,47,22,54860,517.861,1980
262708421598581,47,22,54860,496.422,1980
262708471765497,47,22,54860,496.422,1980
262708522712034,82,40,54860,476.369,1980
262708573186306,82,40,54860,476.369,1980
262708623371526,82,40,54860,456.991,1980
262708673540877,82,40,54860,456.991,1980
262708723656357,97,48,54860,438.015,1980
262708773839135,97,48,54860,438.015,1980
262708824134221,97,48,54860,417.486,1980
262708874238040,97,48,54860,417.486,1980
262708924389068,100,50,54860,396.026,1980
262708974504035,100,50,54860,396.026,1980
262709024606108,100,50,54860,389.762,1980
262709074734558,100,50,54860,389.762,1980
262709124930141,98,48,54860,395.374,1980
262709175053000,98,48,54860,395.374,1980
262709225163571,98,48,54860,418.774,1980
262709275276586,98,48,54860,418.774,1980
262709325377445,90,46,54860,440.51,1980
262709375477270,90,46,54860,440.51,1980
262709425577781,90,46,54860,463.979,1980
262709475681918,90,46,54860,463.979,1980
262709525781349,97,54,54860,484.318,1980
262709575896104,97,54,54860,484.318,1980
262709626004188,97,54,54860,499.396,1980
262709676113813,97,54,54860,499.396,1980
262709726222570,98,55,54860,519.276,1980
262709776336934,98,55,54860,519.276,1980
262709826439770,98,55,54860,541.627,1980
262709876544757,98,55,54860,541.627,1980
262709926643944,96,53,54860,564.756,1980
262709976748069,96,53,54860,564.756,1980
262710026846649,96,53,54860,574.755,1980
262710076956284,96,53,54860,574.755,1980
262710127064845,96,53,54860,570.867,1980
262710178167905,96,53,54860,570.867,1980
262710228861986,96,53,54860,534.652,1980
262710279574137,96,53,54860,534.652,1980
262710330516572,2,2,54860,494.213,1980
262710382307781,2,2,54860,494.213,1980
262710432446294,2,2,54860,459.887,1980
262710484039250,2,2,54860,459.887,1980
262710534148526,61,29,54860,440.007,1980
262710584437549,61,29,54860,440.007,1980
262710635191393,61,29,54860,421.1,1980
262710685303503,61,29,54860,421.1,1980
262710736236020,77,38,54860,399.039,1980
262710787045794,77,38,54860,399.039,1980
262710837246342,77,38,54860,380.844,1980
262710887416070,77,38,54860,380.844,1980
262710937686791,93,46,54860,360.952,1980
262710988325853,93,46,54860,360.952,1980
262711039070690,93,46,54860,339.91,1980
262711089198503,93,46,54860,339.91,1980
262711141268806,100,49,54860,317.831,1980
262711191373615,100,49,54860,317.831,1980
262711241491076,100,49,54860,335.933,1980
262711291670782,100,49,54860,335.933,1980
262711341827352,98,50,54860,385.645,1980
262711391941601,98,50,54860,385.645,1980
262711442070943,98,50,54860,423.97,1980
262711492828804,98,50,54860,423.97,1980
262711543172716,91,45,54860,445.347,1980
262711593282326,91,45,54860,445.347,1980
262711643399806,91,45,54860,470.672,1980
262711693505192,91,45,54860,470.672,1980
262711743610661,98,55,54860,486.815,1980
262711793716909,98,55,54860,486.815,1980
262711843821678,98,55,54860,504.653,1980
262711894012210,98,55,54860,504.653,1980
262711944127114,96,54,54860,521.391,1980
262711994246023,96,54,54860,521.391,1980
262712044353398,96,54,54860,543.27,1980
262712094454701,96,54,54860,543.27,1980
262712144568615,95,53,54860,562.692,1980
262712194674528,95,53,54860,562.692,1980
262712244820618,95,53,54860,580.137,1980
262712294928138,95,53,54860,580.137,1980
262712345033027,96,55,54860,576.063,1980
262712397039340,96,55,54860,576.063,1980
262712447195484,96,55,54860,561.659,1980
262712498634433,96,55,54860,561.659,1980
262712548826533,45,36,54860,535.436,1980
262712598988629,45,36,54860,535.436,1980
262712649971286,45,36,54860,509.351,1980
262712701274256,45,36,54860,509.351,1980
262712752806150,75,37,54860,493.927,1980
262712804150544,75,37,54860,493.927,1980
262712854597367,75,37,54860,474.059,1980
262712906067847,75,37,54860,474.059,1980
262712957196745,82,40,54860,454.018,1980
262713007357091,82,40,54860,454.018,1980
262713057980176,82,40,54860,432.268,1980
262713108093889,82,40,54860,432.268,1980
262713158380371,98,48,54860,412.832,1980
262713216450341,98,48,54860,393.366,1980
262713266556291,98,48,54860,393.366,1980
262713316672121,78,38,54860,381.989,1980
262713366772870,78,38,54860,381.989,1980
262713416873794,78,38,54860,396.612,1980
262713466975648,78,38,54860,396.612,1980
262713517081254,98,48,54860,428.37,1980
262713567182638,98,48,54860,428.37,1980
262713617288783,98,48,54860,450.965,1980
262713667394654,98,48,54860,450.965,1980
262713717495113,95,50,54860,474.82,1980
262713767597222,95,50,54860,474.82,1980
262713817703639,95,50,54860,496.925,1980
262713867811729,95,50,54860,496.925,1980
262713917920347,98,53,54860,517.035,1980
262713968027304,98,53,54860,517.035,1980
262714018126763,98,53,54860,537.101,1980
262714068226855,98,53,54860,537.101,1980
262714118329403,96,53,54860,556.698,1980
262714168451012,96,53,54860,556.698,1980
262714218558978,96,53,54860,577.45,1980
262714268660238,96,53,54860,577.45,1980
262714318759977,97,52,54860,589.533,1980
262714368867666,97,52,54860,589.533,1980
262714418974568,97,52,54860,585.97,1980
262714469074634,97,52,54860,585.97,1980
262714519180056,99,53,54860,576.171,1980
262714569341302,99,53,54860,576.171,1980
262714619492879,99,53,54860,546.908,1980
262714670469325,99,53,54860,546.908,1980
262714720658946,75,36,54860,524.149,1980
262714771488370,75,36,54860,524.149,1980
262714821594118,75,36,54860,498.892,1980
262714873322573,75,36,54860,498.892,1980
262714923440745,78,38,54860,478.247,1980
262714974475353,78,38,54860,478.247,1980
262715024701902,78,38,54860,458.512,1980
262715074883875,78,38,54860,458.512,1980
262715125011470,96,47,54860,435.421,1980
262715175472163,96,47,54860,435.421,1980
262715226025485,96,47,54860,412.598,1980
262715276274424,96,47,54860,412.598,1980
262715326381581,95,47,54860,385.045,1980
262715376488267,95,47,54860,385.045,1980
262715426608767,95,47,54860,387.082,1980
262715476708184,95,47,54860,387.082,1980
262715526807435,99,49,54860,391.708,1980
262715576913880,99,49,54860,391.708,1980
262715627031535,99,49,54860,427.174,1980
262715677137336,99,49,54860,427.174,1980
262715727243254,90,47,54860,447.185,1980
262715777350845,90,47,54860,447.185,1980
262715827452700,90,47,54860,470.135,1980
262715877564160,90,47,54860,470.135,1980
262715927666985,96,54,54860,491.769,1980
262715977775358,96,54,54860,491.769,1980
262716027877773,96,54,54860,508.825,1980
262716077977805,96,54,54860,508.825,1980
262716128083684,96,53,54860,528.069,1980
262716178183515,96,53,54860,528.069,1980
262716228282847,96,53,54860,548.946,1980
262716278382635,96,53,54860,548.946,1980
262716328486302,96,54,54860,574.218,1980
262716378586536,96,54,54860,574.218,1980
262716428686238,96,54,54860,582.054,1980
262716478785459,96,54,54860,582.054,1980
262716528890950,96,54,54860,577.353,1980
262716578997006,96,54,54860,577.353,1980
262716634587117,96,54,54860,569.114,1980
262716684778433,96,54,54860,569.114,1980
262716734894803,48,37,54860,538.275,1980
262716786045439,48,37,54860,538.275,1980
262716837869906,48,37,54860,516.645,1980
262716888471014,48,37,54860,516.645,1980
262716938574952,75,37,54860,494.509,1980
262716988708745,75,37,54860,494.509,1980
262717038821145,75,37,54860,477.051,1980
262717089901823,75,37,54860,477.051,1980
262717140033389,83,41,54860,459.125,1980
262717190228718,83,41,54860,459.125,1980
262717240333819,83,41,54860,440.53,1980
262717290783552,83,41,54860,440.53,1980
262717340902430,99,48,54860,417.04,1980
262717391163249,99,48,54860,417.04,1980
262717441291245,99,48,54860,399.544,1980
262717491404098,99,48,54860,399.544,1980
262717541503492,75,37,54860,390.324,1980
262717591620570,75,37,54860,390.324,1980
262717641723670,75,37,54860,393.714,1980
262717691823884,75,37,54860,393.714,1980
262717741938168,99,49,54860,425.58,1980
262717792041501,99,49,54860,425.58,1980
262717842141747,99,49,54860,449.652,1980
262717892242883,99,49,54860,449.652,1980
262717942343553,98,53,54860,470.475,1980
262717992444964,98,53,54860,470.475,1980
262718042556409,98,53,54860,489.929,1980
262718092657579,98,53,54860,489.929,1980
262718142757662,96,54,54860,513.126,1980
262718192864390,96,54,54860,513.126,1980
262718242964789,96,54,54860,532.646,1980
262718293047333,96,54,54860,532.646,1980
262718343146783,97,53,54860,550.567,1980
262718393249776,97,53,54860,550.567,1980
262718443350861,97,53,54860,568.123,1980
262718493451630,97,53,54860,568.123,1980
262718543556201,96,54,54860,584.957,1980
262718593657024,96,54,54860,584.957,1980
262718643756999,96,54,54860,587.059,1980
262718693859039,96,54,54860,587.059,1980
262718743998374,96,52,54860,584.175,1980
262718794919277,96,52,54860,584.175,1980
262718845757953,96,52,54860,566.66,1980
262718896657635,96,52,54860,566.66,1980
262718947375585,10,9,54860,520.831,1980
262718997597922,10,9,54860,520.831,1980
262719048982994,10,9,54860,478.072,1980
262719099043237,10,9,54860,478.072,1980
262719149184509,39,18,54860,454.088,1980
262719200576093,39,18,54860,454.088,1980
262719251104903,39,18,54860,434.714,1980
262719301539541,39,18,54860,434.714,1980
262719352267767,75,37,54860,417.413,1980
262719403525538,75,37,54860,417.413,1980
262719453946271,75,37,54860,392.646,1980
262719504649353,75,37,54860,392.646,1980
262719555619978,82,40,54860,368.687,1980
262719605804515,82,40,54860,368.687,1980
262719656019447,82,40,54860,347.925,1980
262719706164185,82,40,54860,347.925,1980
262719756297565,98,48,54860,322.066,1980
262719809198109,98,48,54860,322.066,1980
262719859310398,98,48,54860,316.789,1980
262719909428378,98,48,54860,316.789,1980
262719959534488,76,38,54860,353.86,1980
262720009639111,76,38,54860,353.86,1980
262720059745419,76,38,54860,396.016,1980
262720109849491,76,38,54860,396.016,1980
262720159952362,98,49,54860,426.257,1980
262720210060213,98,49,54860,426.257,1980
262720260163858,98,49,54860,448.423,1980
262720310264950,98,49,54860,448.423,1980
262720360376373,95,51,54860,464.998,1980
262720410477636,95,51,54860,464.998,1980
262720460578454,95,51,54860,482.354,1980
262720510681894,95,51,54860,482.354,1980
262720560782327,96,53,54860,503.927,1980
262720610890000,96,53,54860,503.927,1980
262720660990789,96,53,54860,521.994,1980
262720711091381,96,53,54860,521.994,1980
262720761191405,96,54,54860,542.796,1980
262720811294464,96,54,54860,542.796,1980
262720861393136,96,54,54860,572.444,1980
262720911496419,96,54,54860,572.444,1980
262720961613331,96,55,54860,578.911,1980
262721011719592,96,55,54860,578.911,1980
262721061822942,96,55,54860,573.058,1980
262721111934751,96,55,54860,573.058,1980
262721162289643,96,54,54860,569.302,1980
262721212659742,96,54,54860,569.302,1980
262721262814899,96,54,54860,545.386,1980
262721314835079,96,54,54860,523.872,1980
262721365327042,65,31,54860,523.872,1980
262721416179198,65,31,54860,509.077,1980
262721467080630,65,31,54860,509.077,1980
262721517207727,75,37,54860,487.38,1980
262721567345293,75,37,54860,487.38,1980
262721618311495,75,37,54860,464.863,1980
262721669665646,75,37,54860,464.863,1980
262721720730758,87,42,54860,443.59,1980
262721770878822,87,42,54860,443.59,1980
262721821624411,87,42,54860,422.354,1980
262721871970754,87,42,54860,422.354,1980
262721922074135,100,49,54860,402.093,1980
262721972180718,100,49,54860,402.093,1980
262722022305467,100,49,54860,383.332,1980
262722072416912,100,49,54860,383.332,1980
262722122526772,85,43,54860,384.587,1980
262722172648844,85,43,54860,384.587,1980
262722222752895,85,43,54860,413.59,1980
262722275546724,85,43,54860,413.59,1980
262722325648492,98,50,54860,433.864,1980
262722375754197,98,50,54860,433.864,1980
262722425854837,98,50,54860,461.185,1980
262722475960407,98,50,54860,461.185,1980
262722526068473,96,52,54860,485.19,1980
262722576173865,96,52,54860,485.19,1980
262722626272158,96,52,54860,503.836,1980
262722676377043,96,52,54860,503.836,1980
262722726479122,96,55,54860,527.148,1980
262722776580084,96,55,54860,527.148,1980
262722826690160,96,55,54860,542.738,1980
262722876790199,96,55,54860,542.738,1980
262722926890254,96,54,54860,563.444,1980
262722976994758,96,54,54860,563.444,1980
262723027105291,96,54,54860,595.104,1980
262723077206930,96,54,54860,595.104,1980
262723127313865,97,52,54860,590.39,1980
262723177414917,97,52,54860,590.39,1980
262723227515186,97,52,54860,590.03,1980
262723277615145,97,52,54860,590.03,1980
262723327719305,98,54,54860,589.443,1980
262723378993799,98,54,54860,589.443,1980
262723429158164,98,54,54860,554.631,1980
262723480681461,98,54,54860,554.631,1980
262723532169781,73,35,54860,532.41,1980
262723583509911,73,35,54860,532.41,1980
262723633661285,73,35,54860,512.324,1980
262723684713611,73,35,54860,512.324,1980
262723734847910,73,36,54860,487.798,1980
262723785647775,73,36,54860,487.798,1980
262723836125382,73,36,54860,467.842,1980
262723886462823,73,36,54860,467.842,1980
262723936571307,95,46,54860,447.237,1980
262723986700428,95,46,54860,447.237,1980
262724036811926,95,46,54860,419.721,1980
262724086937546,95,46,54860,419.721,1980
262724137054419,100,49,54860,395.621,1980
262724187162165,100,49,54860,395.621,1980
262724237295984,100,49,54860,393.564,1980
262724287399446,100,49,54860,393.564,1980
262724337506137,99,48,54860,397.196,1980
262724387611776,99,48,54860,397.196,1980
262724437720117,99,48,54860,430.275,1980
262724487823565,99,48,54860,430.275,1980
262724537944282,90,47,54860,452.899,1980
262724588073248,90,47,54860,452.899,1980
262724638280336,90,47,54860,473.165,1980
262724688385876,90,47,54860,473.165,1980
262724738487076,95,54,54860,492.567,1980
262724788588266,95,54,54860,492.567,1980
262724838690939,95,54,54860,510.282,1980
262724888790911,95,54,54860,510.282,1980
262724938894592,96,53,54860,530.118,1980
262724988996074,96,53,54860,530.118,1980
262725039100054,96,53,54860,550.507,1980
262725089199629,96,53,54860,550.507,1980
262725139299857,96,53,54860,574.711,1980
262725189405760,96,53,54860,574.711,1980
262725239513840,96,53,54860,583.781,1980
262725289616359,96,53,54860,583.781,1980
262725339717600,97,53,54860,580.133,1980
262725391290407,97,53,54860,580.133,1980
262725441445163,97,53,54860,564.192,1980
262725492880409,97,53,54860,564.192,1980
262725543031810,44,31,54860,535.435,1980
262725594537610,44,31,54860,535.435,1980
262725644783040,44,31,54860,511.327,1980
262725695863325,44,31,54860,511.327,1980
262725746035528,74,36,54860,491.633,1980
262725796574994,74,36,54860,491.633,1980
262725846729242,74,36,54860,469.798,1980
262725896902275,74,36,54860,469.798,1980
262725947651586,85,42,54860,450.25,1980
262725998127643,85,42,54860,450.25,1980
262726048308955,85,42,54860,432.533,1980
262726098460153,85,42,54860,432.533,1980
262726148578809,100,49,54860,412.121,1980
262726198686428,100,49,54860,412.121,1980
262726248812129,100,49,54860,383.823,1980
262726298915636,100,49,54860,383.823,1980
262726349018726,73,36,54860,387.145,1980
262726399119043,73,36,54860,387.145,1980
262726449242413,73,36,54860,399.526,1980
262726499371996,73,36,54860,399.526,1980
262726549495093,98,48,54860,433.991,1980
262726599615927,98,48,54860,433.991,1980
262726649732238,98,48,54860,456.387,1980
262726699842948,98,48,54860,456.387,1980
262726749945456,95,51,54860,482.0,1980
262726800052826,95,51,54860,482.0,1980
262726850160522,95,51,54860,504.269,1980
262726900264429,95,51,54860,504.269,1980
262726950369287,96,53,54860,522.996,1980
262727000475892,96,53,54860,522.996,1980
262727050592025,96,53,54860,548.045,1980
262727100712498,96,53,54860,548.045,1980
262727150834010,96,51,54860,570.312,1980
262727200940076,96,51,54860,570.312,1980
262727251048755,96,51,54860,588.435,1980
262727301152184,96,51,54860,588.435,1980
262727351257685,98,54,54860,598.124,1980
262727401368531,98,54,54860,598.124,1980
262727451474748,98,54,54860,588.397,1980
262727501576336,98,54,54860,588.397,1980
262727554974616,96,53,54860,587.756,1980
262727606167100,96,53,54860,587.756,1980
262727656854972,96,53,54860,563.039,1980
262727708037192,96,53,54860,563.039,1980
262727758897543,2,2,54860,519.851,1980
262727809028884,2,2,54860,519.851,1980
262727860291695,2,2,54860,479.239,1980
262727910464767,2,2,54860,479.239,1980
262727960605837,53,25,54860,454.247,1980
262728010770787,53,25,54860,454.247,1980
262728060880948,53,25,54860,431.833,1980
262728111040101,53,25,54860,431.833,1980
262728161191856,77,38,54860,410.271,1980
262728212456646,77,38,54860,410.271,1980
262728263247213,77,38,54860,389.725,1980
262728313823007,77,38,54860,389.725,1980
262728364300268,86,42,54860,361.643,1980
262728414418184,86,42,54860,361.643,1980
262728464547852,86,42,54860,339.304,1980
262728514688687,86,42,54860,339.304,1980
262728564792783,100,50,54860,312.249,1980
262728614907809,100,50,54860,312.249,1980
262728665022007,100,50,54860,316.754,1980
262728715124462,100,50,54860,316.754,1980
262728765242496,94,47,54860,365.577,1980
262728815356252,94,47,54860,365.577,1980
262728865467613,94,47,54860,409.892,1980
262728915572906,94,47,54860,409.892,1980
262728965681864,99,48,54860,436.901,1980
262729015794332,99,48,54860,436.901,1980
262729065896325,99,48,54860,459.316,1980
262729116005212,99,48,54860,459.316,1980
262729166116759,95,51,54860,483.273,1980
262729216220394,95,51,54860,483.273,1980
262729266324726,95,51,54860,500.59,1980
262729316426771,95,51,54860,500.59,1980
262729366531770,97,54,54860,518.016,1980
262729416650645,97,54,54860,518.016,1980
262729466749800,97,54,54860,541.145,1980
262729516850961,97,54,54860,541.145,1980
262729566954610,96,53,54860,561.928,1980
262729617051235,96,53,54860,561.928,1980
262729667161461,96,53,54860,581.35,1980
262729717261885,96,53,54860,581.35,1980
262729769461667,96,51,54860,571.575,1980
262729819562740,96,51,54860,568.233,1980
262729869663162,96,51,54860,568.233,1980
262729926858293,99,54,54860,557.518,1980
262729976990046,99,54,54860,557.518,1980
262730027769759,99,54,54860,529.869,1980
262730079138352,99,54,54860,529.869,1980
262730129290623,74,36,54860,506.763,1980
262730180159186,74,36,54860,506.763,1980
262730230285629,74,36,54860,486.401,1980
262730281429906,74,36,54860,486.401,1980
262730331843612,78,39,54860,468.763,1980
262730382886134,78,39,54860,468.763,1980
262730432992325,78,39,54860,453.097,1980
262730483890086,78,39,54860,453.097,1980
262730534074475,91,44,54860,430.709,1980
262730584180576,91,44,54860,430.709,1980
262730634284599,91,44,54860,408.955,1980
262730684391239,91,44,54860,408.955,1980
262730734499130,100,49,54860,384.368,1980
262730784631876,100,49,54860,384.368,1980
262730834745523,100,49,54860,384.306,1980
262730884856502,100,49,54860,384.306,1980
262730934956519,98,49,54860,401.75,1980
262730985082260,98,49,54860,401.75,1980
262731035194929,98,49,54860,428.904,1980
262731085302055,98,49,54860,428.904,1980
262731135413390,89,45,54860,450.128,1980
262731185520946,89,45,54860,450.128,1980
262731235629680,89,45,54860,469.221,1980
262731285735880,89,45,54860,469.221,1980
262731335848330,96,55,54860,485.934,1980
262731385966782,96,55,54860,485.934,1980
262731436071205,96,55,54860,503.229,1980
262731486171985,96,55,54860,503.229,1980
262731536279279,96,54,54860,522.349,1980
262731586380178,96,54,54860,522.349,1980
262731636479677,96,54,54860,539.599,1980
262731686580248,96,54,54860,539.599,1980
262731736685540,96,52,54860,562.592,1980
262731786788388,96,52,54860,562.592,1980
262731836890921,96,52,54860,562.147,1980
262731886991434,96,52,54860,562.147,1980
262731937094851,97,55,54860,553.106,1980
262731987201914,97,55,54860,553.106,1980
262732040348549,97,55,54860,540.655,1980
262732091914225,97,55,54860,540.655,1980
262732142472535,52,39,54860,516.13,1980
262732192620402,52,39,54860,516.13,1980
262732243187818,52,39,54860,495.074,1980
262732294165663,52,39,54860,495.074,1980
262732346010791,75,37,54860,476.912,1980
262732396762836,75,37,54860,476.912,1980
262732446969312,75,37,54860,459.084,1980
262732498167208,75,37,54860,459.084,1980
262732548651819,79,39,54860,444.071,1980
262732599399257,79,39,54860,444.071,1980
262732649960025,79,39,54860,426.508,1980
262732700103441,79,39,54860,426.508,1980
262732750255818,90,43,54860,408.341,1980
262732800400611,90,43,54860,408.341,1980
262732850512722,90,43,54860,388.624,1980
262732900632322,90,43,54860,388.624,1980
262732950743664,79,39,54860,385.889,1980
262733000861005,79,39,54860,385.889,1980
262733050964489,79,39,54860,397.853,1980
262733101069185,79,39,54860,397.853,1980
262733151172140,98,50,54860,428.362,1980
262733201277468,98,50,54860,428.362,1980
262733251381472,98,50,54860,453.512,1980
262733301490397,98,50,54860,453.512,1980
262733351601069,90,48,54860,479.384,1980
262733401702110,90,48,54860,479.384,1980
262733451803620,90,48,54860,501.272,1980
262733501907250,90,48,54860,501.272,1980
262733552009108,96,53,54860,522.462,1980
262733602110215,96,53,54860,522.462,1980
262733652211593,96,53,54860,541.865,1980
262733702316175,96,53,54860,541.865,1980
262733752417107,98,55,54860,561.345,1980
262733802523640,98,55,54860,561.345,1980
262733852624948,98,55,54860,577.616,1980
262733902730065,98,55,54860,577.616,1980
262733952830399,96,54,54860,594.224,1980
262734002934457,96,54,54860,594.224,1980
262734053141348,96,54,54860,590.122,1980
262734103268737,96,54,54860,590.122,1980
262734154350032,97,52,54860,587.715,1980
262734204457158,97,52,54860,587.715,1980
262734256225907,97,52,54860,567.049,1980
262734306385555,97,52,54860,567.049,1980
262734358085031,42,32,54860,539.901,1980
262734408224685,42,32,54860,539.901,1980
262734459728379,42,32,54860,517.713,1980
262734509856382,42,32,54860,517.713,1980
262734560185799,75,37,54860,493.844,1980
262734610300934,75,37,54860,493.844,1980
262734660496256,75,37,54860,472.65,1980
262734711073244,75,37,54860,472.65,1980
262734761178293,82,40,54860,456.253,1980
262734811284703,82,40,54860,456.253,1980
262734861545752,82,40,54860,433.212,1980
262734911653336,82,40,54860,433.212,1980
262734961762548,100,49,54860,411.134,1980
262735011904563,100,49,54860,411.134,1980
262735062017815,100,49,54860,379.744,1980
262735112141618,100,49,54860,379.744,1980
262735162253494,76,39,54860,387.404,1980
262735212356420,76,39,54860,387.404,1980
262735262470781,76,39,54860,402.871,1980
262735312575898,76,39,54860,402.871,1980
262735362681299,99,53,54860,436.278,1980
262735412790390,99,53,54860,436.278,1980
262735462897540,99,53,54860,459.699,1980
262735513000010,99,53,54860,459.699,1980
262735563107592,98,56,54860,482.484,1980
262735613209366,98,56,54860,482.484,1980
262735663313075,98,56,54860,502.325,1980
262735713414166,98,56,54860,502.325,1980
262735763514139,96,57,54860,525.57,1980
262735813616134,96,57,54860,525.57,1980
262735863719671,96,57,54860,549.538,1980
262735913834849,96,57,54860,549.538,1980
262735963934127,99,58,54860,569.041,1980
262736014044880,99,58,54860,569.041,1980
262736064156350,99,58,54860,594.862,1980
262736114263887,99,58,54860,594.862,1980
262736164378830,96,57,54860,598.338,1980
262736214482764,96,57,54860,598.338,1980
262736264584343,96,57,54860,592.632,1980
262736314691862,96,57,54860,592.632,1980
262736364790494,98,60,54860,586.592,1980
262736417525717,98,60,54860,586.592,1980
262736468194180,98,60,54860,575.704,1980
262736518871832,98,60,54860,575.704,1980
262736569712106,54,43,54860,532.765,1980
262736620401604,54,43,54860,532.765,1980
262736670798046,54,43,54860,493.018,1980
262736720913137,54,43,54860,493.018,1980
262736772278060,4,2,54860,460.036,1980
262736822403499,4,2,54860,438.318,1980
262736873849391,4,2,54860,438.318,1980
262736923954702,74,36,54860,416.436,1980
262736974626073,74,36,54860,416.436,1980
262737025043352,74,36,54860,390.78,1980
262737075869196,74,36,54860,390.78,1980
262737126625383,87,43,54860,374.528,1980
262737176795216,87,43,54860,374.528,1980
262737227157843,87,43,54860,349.792,1980
262737277265274,87,43,54860,349.792,1980
262737327375574,96,47,54860,321.745,1980
262737377480097,96,47,54860,321.745,1980
262737427597405,96,47,54860,303.234,1980
262737477726129,96,47,54860,303.234,1980
262737527831183,77,39,54860,345.635,1980
262737577944185,77,39,54860,345.635,1980
262737628056340,77,39,54860,396.944,1980
262737678164814,77,39,54860,396.944,1980
262737728270905,99,49,54860,425.626,1980
262737778378852,99,49,54860,425.626,1980
262737828490469,99,49,54860,444.202,1980
262737878600418,99,49,54860,444.202,1980
262737928706059,96,51,54860,462.587,1980
262737978812941,96,51,54860,462.587,1980
262738028913478,96,51,54860,484.371,1980
262738079023236,96,51,54860,484.371,1980
262738129126053,96,55,54860,500.417,1980
262738179228769,96,55,54860,500.417,1980
262738229332420,96,55,54860,526.588,1980
262738279469851,96,55,54860,526.588,1980
262738329644769,96,54,54860,549.474,1980
262738379747264,96,54,54860,549.474,1980
262738429847116,96,54,54860,567.96,1980
262738479948615,96,54,54860,567.96,1980
262738530050058,96,54,54860,564.672,1980
262738580150134,96,54,54860,564.672,1980
262738630966570,96,54,54860,561.012,1980
262738681720436,96,54,54860,561.012,1980
262738733610554,97,64,54860,534.178,1980
262738783769752,97,64,54860,534.178,1980
262738835322560,97,64,54860,514.181,1980
262738885437030,97,64,54860,514.181,1980
262738936998634,74,36,54860,494.229,1980
262738987976201,74,36,54860,494.229,1980
262739038490604,74,36,54860,475.234,1980
262739088619647,74,36,54860,475.234,1980
262739139030612,77,38,54860,454.722,1980
262739189500836,77,38,54860,454.722,1980
262739239634268,77,38,54860,436.845,1980
262739289750065,77,38,54860,436.845,1980
262739340028340,95,46,54860,418.633,1980
262739390148138,95,46,54860,418.633,1980
262739440294891,95,46,54860,399.273,1980
262739490399210,95,46,54860,399.273,1980
262739540513660,100,50,54860,376.549,1980
262739590618251,100,50,54860,376.549,1980
262739640728813,100,50,54860,383.68,1980
262739690871668,100,50,54860,383.68,1980
262739740973315,98,50,54860,413.271,1980
262739791082035,98,50,54860,413.271,1980
262739841190069,98,50,54860,439.468,1980
262739891292500,98,50,54860,439.468,1980
262739941399238,90,48,54860,464.329,1980
262739991500470,90,48,54860,464.329,1980
262740041612210,90,48,54860,486.032,1980
262740091712397,90,48,54860,486.032,1980
262740141816346,97,52,54860,503.019,1980
262740191921961,97,52,54860,503.019,1980
262740242032621,97,52,54860,522.275,1980
262740292140043,97,52,54860,522.275,1980
262740342239425,98,54,54860,544.595,1980
262740392339245,98,54,54860,544.595,1980
262740442438435,98,54,54860,565.2,1980
262740492543077,98,54,54860,565.2,1980
262740542650010,96,54,54860,587.412,1980
262740592752742,96,54,54860,587.412,1980
262740642853231,96,54,54860,580.2,1980
262740692955147,96,54,54860,580.2,1980
262740743054627,96,55,54860,577.981,1980
262740795515458,96,55,54860,577.981,1980
262740847420365,96,55,54860,561.056,1980
262740897544909,96,55,54860,561.056,1980
262740948764338,47,36,54860,533.637,1980
262740998925657,47,36,54860,533.637,1980
262741050225427,47,36,54860,509.159,1980
262741100375488,47,36,54860,509.159,1980
262741151343719,75,37,54860,488.698,1980
262741201685971,75,37,54860,488.698,1980
262741251817908,75,37,54860,469.337,1980
262741301990185,75,37,54860,469.337,1980
262741352632318,83,40,54860,452.951,1980
262741403592901,83,40,54860,452.951,1980
262741454150535,83,40,54860,435.811,1980
262741505058989,83,40,54860,435.811,1980
262741555503738,98,48,54860,414.743,1980
262741605637905,98,48,54860,414.743,1980
262741655751082,98,48,54860,389.368,1980
262741705866822,98,48,54860,389.368,1980
262741755986136,72,36,54860,384.121,1980
262741806095749,72,36,54860,384.121,1980
262741856201238,72,36,54860,405.718,1980
262741906309401,72,36,54860,405.718,1980
262741956415243,99,50,54860,435.908,1980
262742006538538,99,50,54860,435.908,1980
262742056650711,99,50,54860,456.868,1980
262742106758688,99,50,54860,456.868,1980
262742156865521,97,52,54860,476.459,1980
262742206963620,97,52,54860,476.459,1980
262742257076952,97,52,54860,493.789,1980
262742307176728,97,52,54860,493.789,1980
262742357275872,96,54,54860,515.917,1980
262742407377274,96,54,54860,515.917,1980
262742457475755,96,54,54860,537.091,1980
262742507578032,96,54,54860,537.091,1980
262742557678647,99,55,54860,559.811,1980
262742607778694,99,55,54860,559.811,1980
262742657882132,99,55,54860,576.874,1980
262742707980332,99,55,54860,576.874,1980
262742758133426,96,54,54860,585.259,1980
262742808260459,96,54,54860,585.259,1980
262742858383750,96,54,54860,580.451,1980
262742908493711,96,54,54860,580.451,1980
262742958603038,96,55,54860,573.769,1980
262743011405221,96,55,54860,573.769,1980
262743062120734,96,55,54860,568.413,1980
262743112262349,96,55,54860,568.413,1980
262743163987687,54,40,54860,542.235,1980
262743214062242,54,40,54860,542.235,1980
262743264197487,54,40,54860,521.081,1980
262743315276805,54,40,54860,521.081,1980
262743366846201,73,36,54860,496.087,1980
262743418089158,73,36,54860,496.087,1980
262743468257782,73,36,54860,475.201,1980
262743518388006,73,36,54860,475.201,1980
262743568510361,77,38,54860,454.147,1980
262743618621087,77,38,54860,454.147,1980
262743668993164,77,38,54860,435.466,1980
262743719333839,77,38,54860,435.466,1980
262743769439701,98,48,54860,416.911,1980
262743819580657,98,48,54860,416.911,1980
262743869688720,98,48,54860,390.941,1980
262743919797744,98,48,54860,390.941,1980
262743969907364,79,39,54860,389.062,1980
262744020014436,79,39,54860,389.062,1980
262744070117490,79,39,54860,397.284,1980
262744120225347,79,39,54860,397.284,1980
262744170346464,98,48,54860,424.539,1980
262744220447665,98,48,54860,424.539,1980
262744270548376,98,48,54860,443.167,1980
262744320673061,98,48,54860,443.167,1980
262744370774032,93,48,54860,462.539,1980
262744420888032,93,48,54860,462.539,1980
262744470990997,93,48,54860,480.813,1980
262744521096747,93,48,54860,480.813,1980
262744571194516,96,53,54860,501.639,1980
262744621295864,96,53,54860,501.639,1980
262744671399911,96,53,54860,523.613,1980
262744721508032,96,53,54860,523.613,1980
262744771604515,96,55,54860,543.788,1980
262744821711268,96,55,54860,543.788,1980
262744871840601,96,55,54860,562.489,1980
262744921973835,96,55,54860,562.489,1980
262744972081960,96,53,54860,568.826,1980
262745022187918,96,53,54860,568.826,1980
262745072294984,96,53,54860,566.537,1980
262745122407312,96,53,54860,566.537,1980
262745172516341,97,52,54860,565.042,1980
262745223227303,97,52,54860,565.042,1980
262745274489450,97,52,54860,552.644,1980
262745325334631,97,52,54860,511.954,1980
262745376114232,25,25,54860,511.954,1980
262745426369391,25,25,54860,472.417,1980
262745476496711,25,25,54860,472.417,1980
262745527904572,24,12,54860,448.018,1980
262745578019863,24,12,54860,448.018,1980
262745628146673,24,12,54860,425.949,1980
262745679024258,24,12,54860,425.949,1980
262745729498246,74,36,54860,402.332,1980
262745779710296,74,36,54860,402.332,1980
262745830876087,74,36,54860,386.739,1980
262745881579012,74,36,54860,386.739,1980
262745936516601,83,41,54860,367.652,1980
262745986655553,83,41,54860,367.652,1980
262746036767007,83,41,54860,346.465,1980
262746086870480,83,41,54860,346.465,1980
262746136976618,100,50,54860,314.992,1980
262746187080827,100,50,54860,314.992,1980
262746237182813,100,50,54860,322.955,1980
262746287290610,100,50,54860,322.955,1980
262746337398842,98,47,54860,366.236,1980
262746387501038,98,47,54860,366.236,1980
262746437603767,98,47,54860,409.357,1980
262746487717030,98,47,54860,409.357,1980
262746537819052,84,43,54860,435.833,1980
262746587923959,84,43,54860,435.833,1980
262746638043955,84,43,54860,458.758,1980
262746688150230,84,43,54860,458.758,1980
262746738252921,97,51,54860,478.246,1980
262746788363893,97,51,54860,478.246,1980
262746838511551,97,51,54860,501.43,1980
262746888624115,97,51,54860,501.43,1980
262746938724333,96,53,54860,519.887,1980
262746988826813,96,53,54860,519.887,1980
262747038930251,96,53,54860,537.283,1980
262747089040352,96,53,54860,537.283,1980
262747139150848,99,53,54860,559.498,1980
262747189250581,99,53,54860,559.498,1980
262747239350881,99,53,54860,570.758,1980
262747290738170,99,53,54860,570.758,1980
262747340855049,96,52,54860,558.68,1980
262747391021797,96,52,54860,558.68,1980
262747441588043,96,52,54860,529.61,1980
262747492304852,96,52,54860,529.61,1980
262747542419807,73,35,54860,507.889,1980
262747593904392,73,35,54860,507.889,1980
262747644035501,73,35,54860,487.066,1980
262747695325065,73,35,54860,487.066,1980
262747746999763,75,37,54860,466.404,1980
262747798168455,75,37,54860,466.404,1980
262747848293636,75,37,54860,449.281,1980
262747898691077,75,37,54860,449.281,1980
262747948845354,84,41,54860,428.954,1980
262747999472191,84,41,54860,428.954,1980
262748049762427,84,41,54860,409.881,1980
262748099935508,84,41,54860,409.881,1980
262748150071426,100,49,54860,392.766,1980
262748200192133,100,49,54860,392.766,1980
262748250321907,100,49,54860,377.609,1980
262748300432609,100,49,54860,377.609,1980
262748350537543,92,45,54860,393.646,1980
262748400642981,92,45,54860,393.646,1980
262748450750949,92,45,54860,422.905,1980
262748500867950,92,45,54860,422.905,1980
262748550971215,90,44,54860,445.752,1980
262748601076691,90,44,54860,445.752,1980
262748651180782,90,44,54860,469.419,1980
262748701297749,90,44,54860,469.419,1980
262748751406910,96,52,54860,495.652,1980
262748801508921,96,52,54860,495.652,1980
262748851612911,96,52,54860,514.906,1980
262748901717431,96,52,54860,514.906,1980
262748951818229,96,53,54860,539.194,1980
262749001920628,96,53,54860,539.194,1980
262749052041839,96,53,54860,560.994,1980
262749102149263,96,53,54860,560.994,1980
262749152251765,96,54,54860,580.55,1980
262749202358815,96,54,54860,580.55,1980
262749252461372,96,54,54860,600.019,1980
262749302566200,96,54,54860,600.019,1980
262749352669000,96,53,54860,597.427,1980
262749402778679,96,53,54860,597.427,1980
262749452881395,96,53,54860,593.15,1980
262749503148867,96,53,54860,593.15,1980
262749553268654,71,50,54860,565.556,1980
262749603816638,71,50,54860,565.556,1980
262749655723089,71,50,54860,540.45,1980
262749705851836,71,50,54860,540.45,1980
262749757287383,73,36,54860,516.521,1980
262749807914455,73,36,54860,516.521,1980
262749859449152,73,36,54860,493.082,1980
262749910373943,73,36,54860,493.082,1980
262749960942292,79,39,54860,473.158,1980
262750011667900,79,39,54860,473.158,1980
262750061775820,79,39,54860,447.919,1980
262750111922694,79,39,54860,447.919,1980
262750162055241,97,46,54860,428.718,1980
262750212160130,97,46,54860,428.718,1980
262750264568948,97,46,54860,402.161,1980
262750314690937,97,46,54860,402.161,1980
262750364801306,100,50,54860,384.513,1980
262750414909893,100,50,54860,384.513,1980
262750465013752,100,50,54860,387.732,1980
262750515122218,100,50,54860,387.732,1980
262750565230836,99,50,54860,420.39,1980
262750615336920,99,50,54860,420.39,1980
262750665443892,99,50,54860,446.902,1980
262750715571539,99,50,54860,446.902,1980
262750765680365,90,48,54860,465.412,1980
262750815782070,90,48,54860,465.412,1980
262750865882587,90,48,54860,490.749,1980
262750915983748,90,48,54860,490.749,1980
262750966091701,97,54,54860,507.922,1980
262751016197877,97,54,54860,507.922,1980
262751066305656,97,54,54860,530.77,1980
262751116405990,97,54,54860,530.77,1980
262751166511342,96,54,54860,555.801,1980
262751216614447,96,54,54860,555.801,1980
262751266723529,96,54,54860,578.423,1980
262751316826233,96,54,54860,578.423,1980
262751366927102,97,52,54860,598.796,1980
262751417034749,97,52,54860,598.796,1980
262751467138897,97,52,54860,597.204,1980
262751517246985,97,52,54860,597.204,1980
262751567365777,99,55,54860,591.002,1980
262751617471821,99,55,54860,591.002,1980
262751667612043,99,55,54860,586.947,1980
262751719194401,99,55,54860,586.947,1980
262751769347805,69,49,54860,560.66,1980
262751819458455,69,49,54860,560.66,1980
262751870933675,69,49,54860,535.795,1980
262751922109628,69,49,54860,535.795,1980
262751972299278,75,37,54860,514.504,1980
262752022407650,75,37,54860,514.504,1980
262752072981653,75,37,54860,492.24,1980
262752124023561,75,37,54860,492.24,1980
262752174398215,80,40,54860,470.69,1980
262752224530364,80,40,54860,470.69,1980
262752274645364,80,40,54860,451.994,1980
262752324762922,80,40,54860,451.994,1980
262752375116425,97,47,54860,429.427,1980
262752425222301,97,47,54860,429.427,1980
262752475326538,97,47,54860,401.69,1980
262752525434695,97,47,54860,401.69,1980
262752575549101,82,40,54860,395.598,1980
262752625658232,82,40,54860,395.598,1980
262752675816245,82,40,54860,395.031,1980
262752726013273,82,40,54860,395.031,1980
262752776124678,98,49,54860,423.937,1980
262752826229997,98,49,54860,423.937,1980
262752876348428,98,49,54860,444.006,1980
262752926449768,98,49,54860,444.006,1980
262752976550150,94,49,54860,464.693,1980
262753026651225,94,49,54860,464.693,1980
262753076753474,94,49,54860,484.773,1980
262753126854254,94,49,54860,484.773,1980
262753176959258,95,53,54860,501.693,1980
262753227063388,95,53,54860,501.693,1980
262753277179019,95,53,54860,523.705,1980
262753327289846,95,53,54860,523.705,1980
262753377413243,95,54,54860,546.321,1980
262753427521867,95,54,54860,546.321,1980
262753477622226,95,54,54860,564.827,1980
262753527722948,95,54,54860,564.827,1980
262753577821095,95,53,54860,580.876,1980
262753627928500,95,53,54860,580.876,1980
262753678036201,95,53,54860,576.073,1980
262753728136614,95,53,54860,576.073,1980
262753778238415,96,53,54860,574.417,1980
262753829427731,96,53,54860,551.203,1980
262753880216953,96,53,54860,551.203,1980
262753931286426,6,6,54860,508.715,1980
262753982474558,6,6,54860,508.715,1980
262754033671925,6,6,54860,474.041,1980
262754083822466,6,6,54860,474.041,1980
262754135296779,41,19,54860,450.063,1980
262754185480543,41,19,54860,450.063,1980
262754236085262,41,19,54860,428.967,1980
262754287686289,41,19,54860,428.967,1980
262754338060591,73,36,54860,405.263,1980
262754389234829,73,36,54860,405.263,1980
262754439814883,73,36,54860,378.488,1980
262754489955293,73,36,54860,378.488,1980
262754540929315,79,39,54860,356.88,1980
262754591070685,79,39,54860,356.88,1980
262754642060855,79,39,54860,341.707,1980
262754692839930,79,39,54860,341.707,1980
262754743442624,100,49,54860,320.813,1980
262754793553253,100,49,54860,320.813,1980
262754843662298,100,49,54860,312.581,1980
262754893768425,100,49,54860,312.581,1980
262754943872607,76,38,54860,360.697,1980
262754993977785,76,38,54860,360.697,1980
262755044079484,76,38,54860,402.975,1980
262755094188958,76,38,54860,402.975,1980
262755144296315,98,50,54860,428.915,1980
262755194405098,98,50,54860,428.915,1980
262755244520064,98,50,54860,451.327,1980
262755294621335,98,50,54860,451.327,1980
262755344735645,95,52,54860,475.033,1980
262755394837105,95,52,54860,475.033,1980
262755444939211,95,52,54860,495.321,1980
262755495043227,95,52,54860,495.321,1980
262755545148411,96,54,54860,518.687,1980
262755595250616,96,54,54860,518.687,1980
262755645375506,96,54,54860,541.805,1980
262755695486832,96,54,54860,541.805,1980
262755745591094,97,53,54860,559.735,1980
262755795692746,97,53,54860,559.735,1980
262755845798340,97,53,54860,589.61,1980
262755895920501,97,53,54860,589.61,1980
262755946030723,96,53,54860,589.124,1980
262755996133056,96,53,54860,589.124,1980
262756046242289,96,53,54860,586.811,1980
262756096344233,96,53,54860,586.811,1980
262756146444941,96,54,54860,586.898,1980
262756197656145,96,54,54860,586.898,1980
262756249138436,96,54,54860,563.721,1980
262756299302198,96,54,54860,563.721,1980
262756351019826,45,25,54860,537.982,1980
262756401129327,45,25,54860,537.982,1980
262756451254301,45,25,54860,519.055,1980
262756501958888,45,25,54860,519.055,1980
262756552073432,74,36,54860,494.227,1980
262756602191292,74,36,54860,494.227,1980
262756653041968,74,36,54860,469.963,1980
262756703194724,74,36,54860,469.963,1980
262756753311397,87,43,54860,448.355,1980
262756803983807,87,43,54860,448.355,1980
262756854089544,87,43,54860,427.575,1980
262756904242660,87,43,54860,427.575,1980
262756954360305,100,50,54860,407.003,1980
262757004475112,100,50,54860,407.003,1980
262757054606202,100,50,54860,386.362,1980
262757104715193,100,50,54860,386.362,1980
262757154818292,78,39,54860,392.971,1980
262757204922827,78,39,54860,392.971,1980
262757255042094,78,39,54860,416.098,1980
262757305155429,78,39,54860,416.098,1980
262757355261307,98,48,54860,439.303,1980
262757405379650,98,48,54860,439.303,1980
262757455482512,98,48,54860,464.178,1980
262757505587742,98,48,54860,464.178,1980
262757555721282,96,52,54860,477.682,1980
262757605821491,96,52,54860,477.682,1980
262757655926967,96,52,54860,497.64,1980
262757706030638,96,52,54860,497.64,1980
262757756137293,97,52,54860,516.059,1980
262757806240166,97,52,54860,516.059,1980
262757856340432,97,52,54860,536.942,1980
262757906442594,97,52,54860,536.942,1980
262757956545366,99,54,54860,561.46,1980
262758006651687,99,54,54860,561.46,1980
262758056753539,99,54,54860,576.692,1980
262758106855570,99,54,54860,576.692,1980
262758156955163,96,53,54860,567.048,1980
262758207062996,96,53,54860,567.048,1980
262758257164690,96,53,54860,565.037,1980
262758307285664,96,53,54860,565.037,1980
262758358324751,94,60,54860,539.282,1980
262758408440240,94,60,54860,539.282,1980
262758459955930,94,60,54860,514.661,1980
262758510119164,94,60,54860,514.661,1980
262758560705366,75,36,54860,497.032,1980
262758610843192,75,36,54860,497.032,1980
262758662333219,75,36,54860,474.698,1980
262758712457318,75,36,54860,474.698,1980
262758762842813,74,37,54860,457.123,1980
262758813392419,74,37,54860,457.123,1980
262758863549565,74,37,54860,436.349,1980
262758913664508,74,37,54860,436.349,1980
262758963807765,98,48,54860,419.153,1980
262759014287554,98,48,54860,419.153,1980
262759064666006,98,48,54860,398.35,1980
262759114779509,98,48,54860,398.35,1980
262759164887024,100,50,54860,378.257,1980
262759214989150,100,50,54860,378.257,1980
262759265106412,100,50,54860,385.642,1980
262759315209658,100,50,54860,385.642,1980
262759365316645,98,48,54860,409.435,1980
262759415452598,98,48,54860,409.435,1980
262759465565367,98,48,54860,432.965,1980
262759515673432,98,48,54860,432.965,1980
262759565773617,89,46,54860,456.841,1980
262759615877855,89,46,54860,456.841,1980
262759665987760,89,46,54860,483.069,1980
262759716097668,89,46,54860,483.069,1980
262759766196530,96,54,54860,502.87,1980
262759816301031,96,54,54860,502.87,1980
262759866399221,96,54,54860,519.468,1980
262759916504873,96,54,54860,519.468,1980
262759966605040,96,53,54860,542.263,1980
262760016710840,96,53,54860,542.263,1980
262760067981928,96,53,54860,562.138,1980
262760118087740,96,53,54860,562.138,1980
262760168191171,97,51,54860,584.755,1980
262760218297747,97,51,54860,584.755,1980
262760268399640,97,51,54860,582.15,1980
262760318507264,97,51,54860,582.15,1980
262760368609845,98,54,54860,577.105,1980
262760418717189,98,54,54860,577.105,1980
262760469436480,98,54,54860,570.757,1980
262760519917293,98,54,54860,570.757,1980
262760570028154,63,46,54860,541.551,1980
262760621404212,63,46,54860,541.551,1980
262760671529367,63,46,54860,518.56,1980
262760722796657,63,46,54860,518.56,1980
262760774438089,74,36,54860,497.548,1980
262760824574209,74,36,54860,497.548,1980
262760875993703,74,36,54860,478.542,1980
262760926389567,74,36,54860,478.542,1980
262760977109965,80,40,54860,460.067,1980
262761027243370,80,40,54860,460.067,1980
262761077603565,80,40,54860,438.45,1980
262761127723223,80,40,54860,438.45,1980
262761177833503,96,47,54860,415.669,1980
262761227986796,96,47,54860,415.669,1980
262761278100623,96,47,54860,392.646,1980
262761328205752,96,47,54860,392.646,1980
262761378309271,84,42,54860,386.984,1980
262761428417086,84,42,54860,386.984,1980
262761478536598,84,42,54860,392.243,1980
262761528647545,84,42,54860,392.243,1980
262761578772720,98,50,54860,425.55,1980
262761628878237,98,50,54860,425.55,1980
262761678985585,98,50,54860,451.997,1980
262761729087919,98,50,54860,451.997,1980
262761779191002,90,48,54860,472.849,1980
262761829295783,90,48,54860,472.849,1980
262761879398306,90,48,54860,492.622,1980
262761930440591,90,48,54860,492.622,1980
262761980544893,96,54,54860,515.71,1980
262762030646997,96,54,54860,515.71,1980
262762082099477,96,54,54860,535.963,1980
262762132205857,96,54,54860,535.963,1980
262762182308369,98,56,54860,552.506,1980
262762232413840,98,56,54860,552.506,1980
262762282515293,98,56,54860,569.77,1980
262762332622097,98,56,54860,569.77,1980
262762382724992,96,54,54860,583.019,1980
262762432827306,96,54,54860,583.019,1980
262762482930234,96,54,54860,578.041,1980
262762533038398,96,54,54860,578.041,1980
262762584876983,97,52,54860,571.432,1980
262762635781280,97,52,54860,551.702,1980
262762687025828,97,52,54860,551.702,1980
262762737943935,24,24,54860,510.86,1980
262762788974798,24,24,54860,510.86,1980
262762839046422,24,24,54860,468.864,1980
262762890351748,24,24,54860,468.864,1980
262762940507099,25,12,54860,445.085,1980
262762992353342,25,12,54860,445.085,1980
262763042495338,25,12,54860,421.975,1980
262763093878692,25,12,54860,421.975,1980
262763144041030,71,35,54860,401.483,1980
262763194571740,71,35,54860,401.483,1980
262763244902497,71,35,54860,380.886,1980
262763295010786,71,35,54860,380.886,1980
262763345133771,77,39,54860,363.063,1980
262763395941453,77,39,54860,363.063,1980
262763447002527,77,39,54860,348.187,1980
262763497842866,77,39,54860,348.187,1980
262763548027611,95,46,54860,329.102,1980
262763598651531,95,46,54860,329.102,1980
262763648760755,95,46,54860,319.629,1980
262763698931792,95,46,54860,319.629,1980
262763749041478,77,38,54860,358.154,1980
262763799167382,77,38,54860,358.154,1980
262763849278606,77,38,54860,402.562,1980
262763899382456,77,38,54860,402.562,1980
262763949486956,98,49,54860,433.265,1980
262763999588615,98,49,54860,433.265,1980
262764049717767,98,49,54860,451.22,1980
262764099821575,98,49,54860,451.22,1980
262764149924994,97,52,54860,473.327,1980
262764200034723,97,52,54860,473.327,1980
262764250137066,97,52,54860,492.818,1980
262764300257025,97,52,54860,492.818,1980
262764350361218,95,53,54860,508.128,1980
262764400461674,95,53,54860,508.128,1980
262764450562837,95,53,54860,525.412,1980
262764500671940,95,53,54860,525.412,1980
262764550799012,97,52,54860,548.159,1980
262764600916201,97,52,54860,548.159,1980
262764651501572,97,52,54860,567.355,1980
262764702175916,97,52,54860,567.355,1980
262764752277370,98,54,54860,580.276,1980
262764802383791,98,54,54860,580.276,1980
262764852490087,98,54,54860,571.397,1980
262764902590314,98,54,54860,571.397,1980
262764952689585,96,53,54860,564.432,1980
262765003676961,96,53,54860,564.432,1980
262765053856808,96,53,54860,541.553,1980
262765103989500,96,53,54860,541.553,1980
262765155684214,59,28,54860,517.984,1980
262765205816672,59,28,54860,517.984,1980
262765257159246,59,28,54860,500.205,1980
262765308644449,59,28,54860,500.205,1980
262765359927793,75,37,54860,482.658,1980
262765410053593,75,37,54860,482.658,1980
262765461271745,75,37,54860,461.985,1980
262765511389920,75,37,54860,461.985,1980
262765561512623,81,40,54860,444.095,1980
262765611658592,81,40,54860,444.095,1980
262765661837242,81,40,54860,419.713,1980
262765711979760,81,40,54860,419.713,1980
262765764930995,100,49,54860,396.482,1980
262765815034421,100,49,54860,396.482,1980
262765865159396,100,49,54860,386.094,1980
262765915262588,100,49,54860,386.094,1980
262765965372256,79,40,54860,392.448,1980
262766015474216,79,40,54860,392.448,1980
262766065576031,79,40,54860,422.944,1980
262766115678820,79,40,54860,422.944,1980
262766165829518,97,49,54860,444.778,1980
262766215959487,97,49,54860,444.778,1980
262766266089271,97,49,54860,464.098,1980
262766316193069,97,49,54860,464.098,1980
262766366300278,95,52,54860,489.333,1980
262766416409953,95,52,54860,489.333,1980
262766466517185,95,52,54860,509.745,1980
262766516618452,95,52,54860,509.745,1980
262766566725075,95,53,54860,531.223,1980
262766616825633,95,53,54860,531.223,1980
262766666928713,95,53,54860,552.378,1980
262766717032355,95,53,54860,552.378,1980
262766767142427,96,55,54860,571.978,1980
262766817246804,96,55,54860,571.978,1980
262766867348126,96,55,54860,594.502,1980
262766917449060,96,55,54860,594.502,1980
262766967548769,96,54,54860,583.889,1980
262767017649495,96,54,54860,583.889,1980
262767067784891,96,54,54860,574.939,1980
262767118959638,96,54,54860,574.939,1980
262767169099391,63,46,54860,547.967,1980
262767219255209,63,46,54860,547.967,1980
262767270734387,63,46,54860,523.659,1980
262767320852211,63,46,54860,523.659,1980
262767371014034,73,36,54860,502.278,1980
262767421913018,73,36,54860,502.278,1980
262767472509835,73,36,54860,481.222,1980
262767522958707,73,36,54860,481.222,1980
262767573291789,77,38,54860,459.138,1980
262767623410176,77,38,54860,459.138,1980
262767673558832,77,38,54860,440.649,1980
262767723716634,77,38,54860,440.649,1980
262767774135289,100,49,54860,412.868,1980
262767824242090,100,49,54860,412.868,1980
262767874350572,100,49,54860,393.201,1980
262767924473714,100,49,54860,393.201,1980
262767974576448,80,39,54860,388.002,1980
262768024705698,80,39,54860,388.002,1980
262768074815079,80,39,54860,393.459,1980
262768124926683,80,39,54860,393.459,1980
262768175055758,98,48,54860,426.468,1980
262768225171219,98,48,54860,426.468,1980
262768275350081,98,48,54860,447.751,1980
262768325498696,98,48,54860,447.751,1980
262768375607073,95,51,54860,472.286,1980
262768425722814,95,51,54860,472.286,1980
262768475824305,95,51,54860,494.17,1980
262768525925351,95,51,54860,494.17,1980
262768576032308,96,53,54860,510.835,1980
262768626149776,96,53,54860,510.835,1980
262768676256654,96,53,54860,532.603,1980
262768726405604,96,53,54860,532.603,1980
262768776509258,96,53,54860,549.057,1980
262768826609325,96,53,54860,549.057,1980
262768876710248,96,53,54860,571.13,1980
262768926812497,96,53,54860,571.13,1980
262768976914377,96,55,54860,580.288,1980
262769027016051,96,55,54860,580.288,1980
262769077116050,96,55,54860,574.5,1980
262769127218546,96,55,54860,574.5,1980
262769177351177,96,53,54860,561.406,1980
262769228984962,96,53,54860,561.406,1980
262769279694916,96,53,54860,535.164,1980
262769329855289,96,53,54860,535.164,1980
262769381504287,72,34,54860,510.075,1980
262769433388537,72,34,54860,510.075,1980
262769485173364,72,34,54860,490.101,1980
262769535752143,72,34,54860,490.101,1980
262769587203338,75,37,54860,470.961,1980
262769638980816,75,37,54860,451.033,1980
262769689956494,75,37,54860,451.033,1980
262769740071380,83,41,54860,432.277,1980
262769790760056,83,41,54860,432.277,1980
262769840896867,83,41,54860,410.732,1980
262769891040308,83,41,54860,410.732,1980
262769947162400,100,49,54860,390.551,1980
262769997285175,100,49,54860,390.551,1980
262770047388296,100,49,54860,384.437,1980
262770097498989,100,49,54860,384.437,1980
262770147601117,93,47,54860,395.728,1980
262770197702408,93,47,54860,395.728,1980
262770247806739,93,47,54860,428.015,1980
262770297916640,93,47,54860,428.015,1980
262770348023354,95,48,54860,447.097,1980
262770398124131,95,48,54860,447.097,1980
262770448224133,95,48,54860,469.756,1980
262770498324059,95,48,54860,469.756,1980
262770548428010,96,52,54860,489.363,1980
262770598528862,96,52,54860,489.363,1980
262770648629123,96,52,54860,505.98,1980
262770698731574,96,52,54860,505.98,1980
262770748837283,97,52,54860,526.982,1980
262770798937906,97,52,54860,526.982,1980
262770849041800,97,52,54860,543.793,1980
262770899143159,97,52,54860,543.793,1980
262770949244745,99,55,54860,565.742,1980
262770999351991,99,55,54860,565.742,1980
262771049463654,99,55,54860,583.317,1980
262771099565987,99,55,54860,583.317,1980
262771149668028,96,54,54860,574.034,1980
262771199767659,96,54,54860,574.034,1980
262771249869755,96,54,54860,568.64,1980
262771301080599,96,54,54860,568.64,1980
262771351950482,96,62,54860,543.78,1980
262771402935623,96,62,54860,543.78,1980
262771453811180,96,62,54860,503.065,1980
262771504834847,96,62,54860,503.065,1980
262771555699585,2,2,54860,462.919,1980
262771605811339,2,2,54860,462.919,1980
262771657331155,2,2,54860,440.031,1980
262771707544052,2,2,54860,440.031,1980
262771758793460,74,36,54860,422.256,1980
262771808966477,74,36,54860,422.256,1980
262771860026426,74,36,54860,397.846,1980
262771910948471,74,36,54860,397.846,1980
262771962435461,75,38,54860,381.414,1980
262772013440646,75,38,54860,381.414,1980
262772063620738,75,38,54860,362.085,1980
262772113724837,75,38,54860,362.085,1980
262772163877552,86,42,54860,344.103,1980
262772213998994,86,42,54860,344.103,1980
262772264601422,86,42,54860,322.844,1980
262772314711503,86,42,54860,322.844,1980
262772364834872,100,50,54860,317.494,1980
262772414940676,100,50,54860,317.494,1980
262772465043046,100,50,54860,369.809,1980
262772515162070,100,50,54860,369.809,1980
262772565278210,99,48,54860,411.893,1980
262772615385834,99,48,54860,411.893,1980
262772665488029,99,48,54860,444.792,1980
262772715591109,99,48,54860,444.792,1980
262772765692544,90,46,54860,470.834,1980
262772815792970,90,46,54860,470.834,1980
262772865892040,90,46,54860,485.763,1980
262772915995368,90,46,54860,485.763,1980
262772966110205,96,53,54860,511.665,1980
262773016210605,96,53,54860,511.665,1980
262773066311340,96,53,54860,526.332,1980
262773116411609,96,53,54860,526.332,1980
262773166510438,96,53,54860,550.824,1980
262773216630099,96,53,54860,550.824,1980
262773266731572,96,53,54860,572.174,1980
262773316844557,96,53,54860,572.174,1980
262773366951179,96,53,54860,591.025,1980
262773417051556,96,53,54860,591.025,1980
262773467150841,96,53,54860,584.813,1980
262773517251668,96,53,54860,584.813,1980
262773567351124,97,53,54860,581.395,1980
262773617491093,97,53,54860,581.395,1980
262773668097572,97,53,54860,553.813,1980
262773718220253,97,53,54860,553.813,1980
262773769450470,47,34,54860,529.664,1980
262773819557650,47,34,54860,529.664,1980
262773869691768,47,34,54860,506.53,1980
262773921073210,47,34,54860,506.53,1980
262773971205899,74,37,54860,484.503,1980
262774021341159,74,37,54860,484.503,1980
262774072933118,74,37,54860,467.23,1980
262774123063095,74,37,54860,467.23,1980
262774174164826,78,39,54860,447.816,1980
262774224302574,78,39,54860,447.816,1980
262774274415228,78,39,54860,427.886,1980
262774324530464,78,39,54860,427.886,1980
262774374645196,98,48,54860,408.033,1980
262774425297523,98,48,54860,408.033,1980
262774475422621,98,48,54860,376.722,1980
262774525533205,98,48,54860,376.722,1980
262774575634055,69,34,54860,378.481,1980
262774625736122,69,34,54860,378.481,1980
262774675924941,69,34,54860,407.769,1980
262774726030315,69,34,54860,407.769,1980
262774776133500,99,49,54860,431.178,1980
262774826244145,99,49,54860,431.178,1980
262774876345325,99,49,54860,457.103,1980
262774926449096,99,49,54860,457.103,1980
262774976569814,95,51,54860,476.594,1980
262775026680465,95,51,54860,476.594,1980
262775076781017,95,51,54860,498.834,1980
262775126884150,95,51,54860,498.834,1980
262775176986405,96,54,54860,517.593,1980
262775227090817,96,54,54860,517.593,1980
262775277193820,96,54,54860,536.826,1980
262775327296667,96,54,54860,536.826,1980
262775377397841,97,52,54860,556.217,1980
262775427500792,97,52,54860,556.217,1980
262775477604275,97,52,54860,589.229,1980
262775527731221,97,52,54860,589.229,1980
262775577831482,98,54,54860,586.496,1980
262775627934251,98,54,54860,586.496,1980
262775678043368,98,54,54860,578.374,1980
262775728147642,98,54,54860,578.374,1980
262775778277053,96,54,54860,575.627,1980
262775829558701,96,54,54860,575.627,1980
262775879719906,96,54,54860,543.701,1980
262775929884977,96,54,54860,543.701,1980
262775981233991,54,25,54860,521.087,1980
262776032725828,54,25,54860,521.087,1980
262776082949205,54,25,54860,499.377,1980
262776134725356,54,25,54860,499.377,1980
262776186045358,74,37,54860,482.084,1980
262776236155095,74,37,54860,482.084,1980
262776286901833,74,37,54860,463.419,1980
262776337550227,74,37,54860,463.419,1980
262776388026229,88,43,54860,439.241,1980
262776438159341,88,43,54860,439.241,1980
262776488282022,88,43,54860,420.213,1980
262776538409657,88,43,54860,420.213,1980
262776588519748,100,49,54860,393.566,1980
262776638623337,100,49,54860,393.566,1980
262776688729347,100,49,54860,392.171,1980
262776738846495,100,49,54860,392.171,1980
262776788947037,86,43,54860,398.15,1980
262776839056806,86,43,54860,398.15,1980
262776889157645,86,43,54860,432.789,1980
262776939260240,86,43,54860,432.789,1980
262776989365997,99,49,54860,453.482,1980
262777039467642,99,49,54860,453.482,1980
262777089568190,99,49,54860,468.094,1980
262777139687305,99,49,54860,468.094,1980
262777189790103,96,52,54860,486.048,1980
262777239915728,96,52,54860,486.048,1980
262777290935060,96,52,54860,501.012,1980
262777341045660,97,52,54860,514.484,1980
262777391153559,97,52,54860,514.484,1980
262777441255969,97,52,54860,529.975,1980
262777491379132,97,52,54860,529.975,1980
262777541482493,98,55,54860,550.316,1980
262777591584893,98,55,54860,550.316,1980
262777641690259,98,55,54860,549.692,1980
262777691793911,98,55,54860,549.692,1980
262777741900462,96,54,54860,539.237,1980
262777792012569,96,54,54860,539.237,1980
262777842151432,96,54,54860,527.994,1980
262777898570029,96,54,54860,527.994,1980
262777948717017,96,63,54860,502.289,1980
262778000014806,96,63,54860,502.289,1980
262778050181294,96,63,54860,485.179,1980
262778100292264,96,63,54860,485.179,1980
262778150436457,75,36,54860,463.895,1980
262778201854890,75,36,54860,463.895,1980
262778253281410,75,36,54860,446.501,1980
262778304754809,75,36,54860,446.501,1980
262778354903371,75,38,54860,432.231,1980
262778405029559,75,38,54860,432.231,1980
262778456303202,75,38,54860,417.068,1980
262778507281393,75,38,54860,417.068,1980
262778557399164,79,39,54860,401.825,1980
262778607506835,79,39,54860,401.825,1980
262778657610940,79,39,54860,387.07,1980
262778707932905,79,39,54860,387.07,1980
262778758045497,100,49,54860,362.855,1980
262778808160300,100,49,54860,362.855,1980
262778858281272,100,49,54860,373.916,1980
262778908398072,100,49,54860,373.916,1980
262778958508129,98,49,54860,407.957,1980
262779008639611,98,49,54860,407.957,1980
262779058743219,98,49,54860,431.738,1980
262779108846531,98,49,54860,431.738,1980
262779158962394,91,43,54860,455.878,1980
262779209065186,91,43,54860,455.878,1980
262779259168997,91,43,54860,479.21,1980
262779309268232,91,43,54860,479.21,1980
262779359371675,98,54,54860,503.441,1980
262779409472268,98,54,54860,503.441,1980
262779459576070,98,54,54860,523.974,1980
262779509677226,98,54,54860,523.974,1980
262779559776655,96,53,54860,541.149,1980
262779609876835,96,53,54860,541.149,1980
262779659981799,96,53,54860,561.821,1980
262779710080837,96,53,54860,561.821,1980
262779760182806,97,52,54860,593.857,1980
262779810283449,97,52,54860,593.857,1980
262779860398059,97,52,54860,592.512,1980
262779910506496,97,52,54860,592.512,1980
262779960605595,97,55,54860,584.352,1980
262780013144565,97,55,54860,584.352,1980
262780063872026,97,55,54860,561.028,1980
262780114961706,97,55,54860,561.028,1980
262780166155706,41,35,54860,517.632,1980
262780217113298,41,35,54860,517.632,1980
262780268666673,41,35,54860,474.115,1980
262780318780460,41,35,54860,474.115,1980
262780370503804,11,5,54860,450.378,1980
262780420628739,11,5,54860,450.378,1980
262780472363228,11,5,54860,427.69,1980
262780522520286,11,5,54860,427.69,1980
262780573363295,74,37,54860,407.977,1980
262780623507721,74,37,54860,407.977,1980
262780674635709,74,37,54860,387.699,1980
262780725085442,74,37,54860,387.699,1980
262780775585275,78,39,54860,366.441,1980
262780825755688,78,39,54860,366.441,1980
262780876111813,78,39,54860,341.505,1980
262780926267608,78,39,54860,341.505,1980
262780976501654,99,48,54860,324.835,1980
262781030611319,99,48,54860,324.835,1980
262781080721136,99,48,54860,316.082,1980
262781130832569,99,48,54860,316.082,1980
262781180934876,78,39,54860,357.101,1980
262781231041516,78,39,54860,357.101,1980
262781281154648,78,39,54860,408.776,1980
262781331264436,78,39,54860,408.776,1980
262781381367726,99,49,54860,436.188,1980
262781431470452,99,49,54860,436.188,1980
262781481598373,99,49,54860,458.956,1980
262781531703829,99,49,54860,458.956,1980
262781581858340,98,52,54860,478.334,1980
262781631962670,98,52,54860,478.334,1980
262781682064879,98,52,54860,499.568,1980
262781732164960,98,52,54860,499.568,1980
262781782264579,96,54,54860,522.191,1980
262781832387521,96,54,54860,522.191,1980
262781882497269,96,54,54860,538.186,1980
262781932599503,96,54,54860,538.186,1980
262781982764451,97,52,54860,563.046,1980
262782032902472,97,52,54860,563.046,1980
262782083021145,97,52,54860,579.062,1980
262782133136477,97,52,54860,579.062,1980
262782183249743,98,54,54860,582.701,1980
262782233358723,98,54,54860,582.701,1980
262782283472609,98,54,54860,575.311,1980
262782333580457,98,54,54860,575.311,1980
262782383892070,95,54,54860,566.913,1980
262782435291076,95,54,54860,566.913,1980
262782485409157,95,54,54860,538.315,1980
262782537489344,95,54,54860,538.315,1980
262782587616068,50,24,54860,514.758,1980
262782637823890,50,24,54860,514.758,1980
262782689099258,50,24,54860,490.429,1980
262782740767203,50,24,54860,490.429,1980
262782791558239,75,37,54860,472.836,1980
262782841671720,75,37,54860,472.836,1980
262782891814371,75,37,54860,451.01,1980
262782941921315,75,37,54860,451.01,1980
262782992037445,87,43,54860,430.343,1980
262783042474350,87,43,54860,430.343,1980
262783092603448,87,43,54860,407.47,1980
262783142709069,87,43,54860,407.47,1980
262783192824165,100,50,54860,384.25,1980
262783242933664,100,50,54860,384.25,1980
262783293039124,100,50,54860,378.848,1980
262783343143419,100,50,54860,378.848,1980
262783393250480,80,40,54860,387.946,1980
262783445539321,80,40,54860,419.845,1980
262783495642801,80,40,54860,419.845,1980
262783545750015,90,44,54860,438.051,1980
262783595853960,90,44,54860,438.051,1980
262783645954227,90,44,54860,453.391,1980
262783696054752,90,44,54860,453.391,1980
262783746155326,96,53,54860,469.306,1980
262783796286925,96,53,54860,469.306,1980
262783846392874,96,53,54860,485.447,1980
262783896495211,96,53,54860,485.447,1980
262783946601088,96,53,54860,504.801,1980
262783996703369,96,53,54860,504.801,1980
262784046803514,96,53,54860,522.276,1980
262784096904479,96,53,54860,522.276,1980
262784147008234,96,51,54860,541.419,1980
262784197110034,96,51,54860,541.419,1980
262784247226823,96,51,54860,554.918,1980
262784297334914,96,51,54860,554.918,1980
262784347434315,96,54,54860,548.268,1980
262784399715107,96,54,54860,548.268,1980
262784449883822,96,54,54860,522.059,1980
262784501252181,96,54,54860,522.059,1980
262784551430712,47,36,54860,500.552,1980
262784601626189,47,36,54860,500.552,1980
262784653409549,47,36,54860,484.36,1980
262784703544349,47,36,54860,484.36,1980
262784754733221,74,37,54860,468.37,1980
262784806213153,74,37,54860,468.37,1980
262784857245328,74,37,54860,451.459,1980
262784907606338,74,37,54860,451.459,1980
262784957743483,79,40,54860,434.75,1980
262785008103780,79,40,54860,434.75,1980
262785058219965,79,40,54860,423.678,1980
262785108339187,79,40,54860,423.678,1980
262785158481833,99,49,54860,399.728,1980
262785215727370,99,49,54860,399.728,1980
262785265850039,99,49,54860,376.403,1980
262785315953811,99,49,54860,376.403,1980
262785366054608,79,38,54860,384.974,1980
262785416158515,79,38,54860,384.974,1980
262785466259622,79,38,54860,409.189,1980
262785516362018,79,38,54860,409.189,1980
262785566464392,98,47,54860,434.741,1980
262785616572708,98,47,54860,434.741,1980
262785666675441,98,47,54860,458.456,1980
262785716779256,98,47,54860,458.456,1980
262785766882479,95,50,54860,479.242,1980
262785816984643,95,50,54860,479.242,1980
262785867084798,95,50,54860,501.765,1980
262785917185093,95,50,54860,501.765,1980
262785967286978,96,53,54860,521.757,1980
262786017412368,96,53,54860,521.757,1980
262786067514062,96,53,54860,539.692,1980
262786117614140,96,53,54860,539.692,1980
262786167715136,95,52,54860,561.663,1980
262786217814381,95,52,54860,561.663,1980
262786267914146,95,52,54860,593.415,1980
262786318020458,95,52,54860,593.415,1980
262786368121613,96,54,54860,587.933,1980
262786418226937,96,54,54860,587.933,1980
262786468325070,96,54,54860,584.897,1980
262786518425524,96,54,54860,584.897,1980
262786568578851,96,53,54860,570.453,1980
262786620080147,96,53,54860,570.453,1980
262786670204547,96,53,54860,541.284,1980
262786720366648,96,53,54860,541.284,1980
262786770495893,67,31,54860,518.333,1980
262786822010296,67,31,54860,518.333,1980
262786872643899,67,31,54860,497.697,1980
262786923886841,67,31,54860,497.697,1980
262786974007084,75,37,54860,478.379,1980
262787024574862,75,37,54860,478.379,1980
262787074688721,75,37,54860,454.84,1980
262787125286927,75,37,54860,454.84,1980
262787175403029,95,47,54860,436.294,1980
262787225546782,95,47,54860,436.294,1980
262787275894807,95,47,54860,411.666,1980
262787336311259,95,47,54860,411.666,1980
262787388864122,100,49,54860,385.21,1980
262787438970508,100,49,54860,385.21,1980
262787489071998,100,49,54860,389.121,1980
262787539170954,100,49,54860,389.121,1980
262787589278782,98,50,54860,402.285,1980
262787639385835,98,50,54860,402.285,1980
262787689489683,98,50,54860,432.024,1980
262787739590773,98,50,54860,432.024,1980
262787789690784,90,45,54860,456.152,1980
262787839791160,90,45,54860,456.152,1980
262787889917412,90,45,54860,478.961,1980
262787940028463,90,45,54860,478.961,1980
262787990128073,96,53,54860,501.774,1980
262788040230989,96,53,54860,501.774,1980
262788090334152,96,53,54860,518.275,1980
262788140435164,96,53,54860,518.275,1980
262788190553184,96,53,54860,534.095,1980
262788240658500,96,53,54860,534.095,1980
262788290766658,96,53,54860,552.99,1980
262788340868262,96,53,54860,552.99,1980
262788390968472,98,55,54860,571.584,1980
262788441069171,98,55,54860,571.584,1980
262788491177254,98,55,54860,578.405,1980
262788541278946,98,55,54860,578.405,1980
262788591378792,96,54,54860,571.943,1980
262788641479729,96,54,54860,571.943,1980
