t_ns,util_gpu_pct,util_mem_pct,mem_used_mib,power_w,sm_clock_mhz
263486337047859,2,0,962,124.501,1980
263486405051805,2,0,962,124.501,1980
263486465156677,2,0,6852,130.264,1980
263486515407550,2,0,6852,130.264,1980
263486565666505,0,0,6852,136.014,1980
263486615814784,0,0,6852,136.014,1980
263486665921038,0,0,6852,141.871,1980
263486716172610,0,0,6852,141.871,1980
263486766409041,20,0,6852,147.712,1980
263486819653182,20,0,6852,147.712,1980
263486869896951,20,0,6852,153.363,1980
263486920142939,20,0,6852,153.363,1980
263486970384731,12,0,6852,157.876,1980
263487020626644,12,0,6852,157.876,1980
263487077588186,12,0,6852,164.264,1980
263487127843219,12,0,6852,164.264,1980
263487178080021,13,0,6852,164.645,1980
263487228319157,13,0,6852,164.645,1980
263487278548453,13,0,6852,164.282,1980
263487328938267,13,0,6852,164.282,1980
263487379145886,13,0,6852,164.344,1980
263487429389418,13,0,6852,164.344,1980
263487482261598,13,0,6852,164.411,1980
263487532489992,13,0,6852,164.411,1980
263487604568367,12,0,6872,164.526,1980
263487744974113,12,0,6872,164.35,1980
263487905999646,0,0,6872,164.257,1980
263487956160888,0,0,6872,164.143,1980
263488006330282,0,0,6872,164.143,1980
263488057666690,0,0,6872,164.063,1980
263488108095662,0,0,6872,164.063,1980
263488230181343,0,0,6872,163.932,1980
263488394275179,0,0,6872,163.709,1980
263488466273142,0,0,6872,163.628,1980
263488614200250,0,0,6872,163.533,1980
263488684571044,0,0,6872,163.476,1980
263488754940477,0,0,6872,163.485,1980
263488820246318,0,0,6872,163.485,1980
263488890597735,0,0,6872,163.482,1980
263488955897258,0,0,6872,163.491,1980
263489079410740,0,0,6872,163.494,1980
263489450557687,0,0,6872,163.507,1980
263489520926508,0,0,6872,163.507,1980
263489586223841,0,0,6872,163.482,1980
263489646456751,0,0,6872,163.489,1980
263489716813038,0,0,6872,163.489,1980
263489787176285,0,0,6872,163.492,1980
263489857524182,0,0,6872,163.521,1980
263490315371403,0,0,6872,163.531,1980
263490371985621,0,0,6872,163.531,1980
263490423574553,0,0,6872,163.531,1980
263490475381657,0,0,6872,163.55,1980
263490525770445,0,0,6872,163.55,1980
263490575887174,0,0,6872,163.592,1980
263490626165564,0,0,6872,163.592,1980
263490676278923,0,0,6872,163.577,1980
263490726415806,0,0,6872,163.577,1980
263490776542092,0,0,6872,163.575,1980
263490827388571,0,0,6872,163.575,1980
263490877506476,0,0,6872,163.539,1980
263490927624147,0,0,6872,163.539,1980
263490977740613,0,0,6872,163.516,1980
263491027849654,0,0,6872,163.516,1980
263491080344965,0,0,6872,163.506,1980
263491130605463,0,0,6872,163.506,1980
263491180805270,0,0,6872,163.513,1980
263491232067759,0,0,6872,163.513,1980
263491282366818,0,0,6872,163.513,1980
263491333037855,0,0,6872,163.513,1980
263491386645399,0,0,6872,163.51,1980
263491440271878,0,0,6872,163.514,1980
263491490386464,0,0,6872,163.514,1980
263491540623284,0,0,6872,163.507,1980
263491590854897,0,0,6872,163.507,1980
263491641102724,0,0,6872,163.505,1980
263491974177533,0,0,6872,163.518,1980
263492025750285,0,0,7036,163.518,1980
263492340754688,0,0,7036,163.532,1980
263492391071265,0,0,7482,163.532,1980
263492443329701,0,0,7520,163.608,1980
263492495893573,0,0,7520,163.608,1980
263492546310558,1,0,7520,163.621,1980
263492596836733,1,0,7520,163.621,1980
263492652009784,1,0,7520,163.668,1980
263492704300480,1,0,7520,163.668,1980
263492754976598,0,0,7520,163.678,1980
263492814111587,0,0,7520,163.678,1980
263492864476446,0,0,7520,163.69,1980
263492914671811,0,0,7520,163.69,1980
263492964889418,0,0,7520,163.694,1980
263493015168382,0,0,7520,163.694,1980
263493065407535,0,0,7520,163.694,1980
263493115657167,0,0,7520,163.694,1980
263493167022530,0,0,7520,163.691,1980
263493217236056,0,0,7520,163.691,1980
263493269494623,0,0,7520,163.746,1980
263493319766850,0,0,7520,163.746,1980
263493370887980,0,0,7520,163.76,1980
263493421042831,0,0,7520,163.76,1980
263493471193211,0,0,7520,163.7,1980
263493521896235,0,0,7520,163.7,1980
263493572150430,0,0,7520,163.668,1980
263493623190953,0,0,9196,163.668,1980
263493673542288,0,0,10136,163.668,1980
263493723845815,0,0,10136,163.668,1980
263493774145974,1,0,10582,163.672,1980
263493828226956,1,0,10582,163.672,1980
263493878438517,1,0,10582,163.688,1980
263493928901787,1,0,10582,163.688,1980
263493979071968,0,0,10582,163.694,1980
263494029333163,0,0,10582,163.694,1980
263494079616015,0,0,10582,163.72,1980
263494129901251,0,0,10582,163.72,1980
263494180164306,9,0,10582,163.812,1980
263494230423629,9,0,10582,163.812,1980
263494280677745,9,0,10582,163.892,1980
263494330939434,9,0,10582,163.892,1980
263494381166405,13,0,10582,164.0,1980
263494431455487,13,0,10582,164.0,1980
263494481716020,13,0,10582,164.068,1980
263494531977295,13,0,10582,164.068,1980
263494615065544,10,0,10582,164.195,1980
263495052508899,0,0,10582,164.127,1980
263495477937083,0,0,10116,163.773,1980
263495911784116,0,0,10194,163.662,1980
263495962618195,0,0,10194,163.678,1980
263496012848776,0,0,10194,163.678,1980
263496063042872,0,0,10194,163.732,1980
263496113203668,0,0,10194,163.732,1980
263496163363400,0,0,10194,163.686,1980
263496213523048,0,0,10194,163.686,1980
263496263680243,0,0,10194,163.686,1980
263496313811163,0,0,10194,163.686,1980
263496363966972,0,0,10194,163.69,1980
263496414091516,0,0,10194,163.69,1980
263496464248150,0,0,10194,163.709,1980
263496514408384,0,0,10194,163.709,1980
263496564573772,0,0,10194,163.689,1980
263496615475085,0,0,10194,163.689,1980
263496665622680,0,0,10194,163.693,1980
263496715783741,0,0,10194,163.693,1980
263496765944939,0,0,10194,163.677,1980
263496816074365,0,0,10194,163.677,1980
263496866230941,0,0,10194,163.673,1980
263496916444370,0,0,10194,163.673,1980
263496966574372,0,0,10194,163.682,1980
263497016686282,0,0,10194,163.682,1980
263497066812318,0,0,10194,163.672,1980
263497116971414,0,0,10194,163.672,1980
263497167087551,0,0,10194,163.682,1980
263497217255491,0,0,10194,163.682,1980
263497267420216,0,0,10194,163.695,1980
263497317544488,0,0,10194,163.695,1980
263497367695285,0,0,10194,163.714,1980
263497417860707,0,0,10194,163.714,1980
263497468023393,0,0,10194,163.694,1980
263497518192628,0,0,10194,163.694,1980
263497568315946,0,0,10194,163.704,1980
263497618420545,0,0,10194,163.704,1980
263497668527248,0,0,10194,163.697,1980
263497718683189,0,0,10194,163.697,1980
263497768829489,0,0,10194,163.713,1980
263497821693611,0,0,10194,163.713,1980
263497887074536,0,0,10194,163.727,1980
263497947384403,0,0,10194,163.732,1980
263498004679639,0,0,10194,163.732,1980
263498055046954,0,0,10194,163.706,1980
263498105252670,0,0,10222,163.706,1980
263498155434884,0,0,10320,163.725,1980
263498205561417,0,0,10612,163.725,1980
263498255730900,0,0,10612,172.732,1980
263499001381614,0,0,10612,174.317,1980
263499362102645,0,0,10292,164.079,1980
263499723053616,0,0,10350,163.899,1980
263499773417004,0,0,10414,163.896,1980
263499823825400,0,0,10416,163.896,1980
263499874161607,0,0,10422,166.098,1980
263499924430246,0,0,10472,166.098,1980
263499974716405,16,4,10476,168.871,1980
263500024901021,16,4,10472,168.871,1980
263500075083218,16,4,10478,170.891,1980
263500125329458,16,4,10478,170.891,1980
263500175591982,13,3,10480,172.637,1980
263500225813282,13,3,10446,172.637,1980
263500276051862,13,3,10484,174.569,1980
263500326410767,13,3,10484,174.569,1980
263500376557209,15,4,10458,176.743,1980
263500426783080,15,4,10490,176.743,1980
263500477073639,15,4,10494,177.607,1980
263500527314228,15,4,10470,177.607,1980
263500577493646,12,3,10474,179.756,1980
263500627714264,12,3,10478,179.756,1980
263500677962461,12,3,10482,181.022,1980
263500728229130,12,3,10504,181.022,1980
263500778463476,12,3,10490,182.709,1980
263500828665234,12,3,10494,182.709,1980
263500878776443,12,3,10498,181.696,1980
263500928936949,12,3,10520,181.696,1980
263500979331364,9,2,10526,179.839,1980
263501029575702,9,2,10528,179.839,1980
263501079845663,9,2,10534,178.609,1980
263501130009207,9,2,10534,178.609,1980
263501180276147,10,3,10544,178.202,1980
263501230531154,10,3,10528,178.202,1980
263501280811070,10,3,10532,177.625,1980
263501333073345,10,3,10586,177.625,1980
263501731311052,0,0,10560,173.661,1980
263502114805917,0,0,10416,168.572,1980
263502165066866,0,0,18668,167.687,1980
263502215230160,0,0,18668,167.687,1980
263502265365189,0,0,18668,166.809,1980
263502317381648,0,0,18668,166.809,1980
263502368352938,0,0,18668,165.593,1980
263502418557127,0,0,18668,165.593,1980
263502474518404,0,0,18668,164.613,1980
263502525188652,0,0,18668,164.613,1980
263502575349619,0,0,18668,164.481,1980
263502625515715,0,0,18988,164.481,1980
263502677851761,0,0,18988,168.301,1980
263502740789898,0,0,19070,175.061,1980
263502791144936,18,9,19070,175.061,1980
263502841319991,18,9,19070,176.18,1980
263502891536978,18,9,19070,176.18,1980
263503264624823,0,0,18744,178.228,1980
263503314855074,0,0,18860,178.228,1980
263503365010848,0,0,18806,180.267,1980
263503415229341,0,0,18806,180.267,1980
263503465408079,0,0,18806,182.912,1980
263503515535087,0,0,18806,182.912,1980
263503565794068,18,5,18808,184.639,1980
263503615948507,18,5,18846,184.639,1980
263503666216991,18,5,18806,187.499,1980
263503716403333,18,5,18806,187.499,1980
263503766564098,15,4,18806,180.042,1980
263503816679535,15,4,18806,180.042,1980
263503866808963,15,4,18838,180.815,1980
263503916954876,15,4,18806,180.815,1980
263503967110413,13,3,18806,180.098,1980
263504017312885,13,3,18806,180.098,1980
263504068425569,13,3,18828,182.069,1980
263504118660817,13,3,18806,182.069,1980
263504168969281,11,3,18806,183.339,1980
263504219265372,11,3,18824,183.339,1980
263504269518110,11,3,18806,185.115,1980
263504319727048,11,3,18818,185.115,1980
263504369960212,10,3,18806,183.097,1980
263504420168971,10,3,18826,183.097,1980
263504470410650,10,3,18826,181.687,1980
263504520695453,10,3,18806,181.687,1980
263504570947102,10,3,18806,180.723,1980
263504621171171,10,3,18806,180.723,1980
263504671393331,10,3,18806,179.643,1980
263504721606488,10,3,18806,179.643,1980
263504771796902,11,3,18832,178.445,1980
263504821985380,11,3,18856,178.445,1980
263504872195294,11,3,18838,179.678,1980
263504922459835,11,3,18854,179.678,1980
263504972650073,14,5,18844,179.998,1980
263505022848470,14,5,18866,179.998,1980
263505073084735,14,5,18848,179.736,1980
263505591628182,0,0,18852,175.997,1980
263505642295502,0,0,18852,174.798,1980
263505692523560,0,0,18852,174.798,1980
263505743596412,0,0,18852,173.262,1980
263505794030238,0,0,18852,173.262,1980
263505844268065,0,0,18852,170.257,1980
263505894443783,0,0,18852,170.257,1980
263505944600044,0,0,18852,168.875,1980
263505995394136,0,0,18852,168.875,1980
263506045608933,0,0,18852,167.52,1980
263506095858448,0,0,18852,167.52,1980
263506146097442,0,0,18852,166.051,1980
263506196303268,0,0,18852,166.051,1980
263506251314545,0,0,18852,166.03,1980
263506301891757,0,0,18852,166.03,1980
263506352060597,0,0,18852,166.005,1980
263506417998944,0,0,18852,166.005,1980
263506858336332,0,0,18852,165.972,1980
263506908670254,0,0,18852,165.972,1980
263506958835802,0,0,18852,165.971,1980
263507063628486,0,0,18852,165.936,1980
263507213701530,0,0,18852,165.923,1980
263507265637004,0,0,18852,165.891,1980
263507315754350,0,0,18852,165.891,1980
263507366886302,0,0,18852,165.989,1980
263507417623584,0,0,18852,165.989,1980
263507468631788,0,0,18852,166.451,1980
263507518746842,0,0,18852,166.451,1980
263507568897151,2,2,18964,167.073,1980
263507758893195,2,2,18964,174.385,1980
263507815437337,13,6,18964,174.385,1980
263507868197720,13,6,18964,188.027,1980
263507920592798,13,6,18964,188.027,1980
263507973025907,51,23,18964,206.721,1980
263508025731289,51,23,18964,206.721,1980
263508076589321,51,23,18964,226.83,1980
263508129436883,51,23,18964,226.83,1980
263508179578106,58,27,18964,246.353,1980
263508229751597,58,27,18964,246.353,1980
263508279979091,58,27,18964,264.916,1980
263508330180478,58,27,18964,264.916,1980
263508382205197,61,28,18964,284.291,1980
263508432368075,61,28,18964,284.291,1980
263508482532893,61,28,18964,307.244,1980
263508533964019,61,28,18964,307.244,1980
263508584104761,69,33,18964,324.549,1980
263508634286008,69,33,18964,324.549,1980
263508685464216,69,33,18964,341.819,1980
263508735669659,69,33,18964,341.819,1980
263508785966981,74,38,18964,364.809,1980
263508837419630,74,38,18964,364.809,1980
263508887570709,74,38,18964,374.048,1980
263508938258214,74,38,18966,374.048,1980
263508988393412,77,37,18968,356.275,1980
263509038616600,77,37,20532,356.275,1980
263509088813595,77,37,25116,344.164,1980
263509138945693,77,37,25116,344.164,1980
263509189063750,34,16,25116,368.612,1980
263509239225651,34,16,25116,368.612,1980
263509289408528,34,16,25116,396.632,1980
263509339554374,34,16,25116,396.632,1980
263509389668160,98,49,25116,421.615,1980
263509439772759,98,49,25116,421.615,1980
263509489929859,98,49,25116,448.2,1980
263509540116317,98,49,25116,448.2,1980
263509590249299,98,49,25116,474.75,1980
263509640373629,98,49,25116,474.75,1980
263509690504531,98,49,25116,484.863,1980
263509740660640,98,49,34422,484.863,1980
263509790805758,56,28,36866,478.712,1980
263509840923733,56,28,36866,478.712,1980
263509891063309,56,28,36866,479.061,1980
263509941213146,56,28,42800,479.061,1980
263509991808769,65,34,42800,513.332,1980
263510041935655,65,34,42800,513.332,1980
263510092064144,65,34,42800,554.833,1980
263510142180289,65,34,42800,554.833,1980
263510192318625,95,53,42800,558.083,1980
263510242492401,95,53,42800,558.083,1980
263510292617744,95,53,42800,552.905,1980
263510342723134,95,53,42800,552.905,1980
263510392824016,97,53,42800,548.122,1980
263510442957590,97,53,42800,548.122,1980
263510493109275,97,53,42800,545.876,1980
263510543236107,97,53,42800,545.876,1980
263510593340638,95,53,42800,542.714,1980
263510643445443,95,53,42800,542.714,1980
263510693564355,95,53,42800,551.745,1980
263510743708164,95,53,42800,579.526,1980
263510793874278,96,53,42800,579.526,1980
263510843997741,96,53,42800,579.526,1980
263510894149138,96,53,42800,603.871,1980
263510944319850,95,54,42800,606.23,1980
263510994450454,95,54,42800,606.23,1980
263511044565933,95,54,42800,607.041,1980
263511094684501,95,54,42800,607.041,1980
263511144816816,95,53,42800,606.405,1980
263511194950939,95,53,42800,606.405,1980
263511245044503,95,53,42800,607.498,1980
263511295149908,95,53,42800,607.498,1980
263511345255647,95,53,42800,608.523,1980
263511395408734,95,53,42800,608.523,1980
263511445568215,95,53,42800,612.116,1980
263511495688741,95,53,42800,612.116,1980
263511545789063,97,55,42800,611.427,1980
263511595948604,97,55,42800,611.427,1980
263511646099650,97,55,42800,608.908,1980
263511696252863,97,55,42800,608.908,1980
263511746389736,95,53,42800,591.728,1980
263511799106348,95,53,42802,591.728,1980
263511849258955,95,53,42802,557.202,1980
263511900083293,95,53,42802,557.202,1980
263511950795386,19,18,42802,512.876,1980
263512001983591,19,18,42802,512.876,1980
263512060674743,19,18,42802,469.528,1980
263512111749314,19,18,42802,469.528,1980
263512164411118,2,1,42802,445.126,1980
263512217401733,2,1,42802,445.126,1980
263512269906518,2,1,42802,426.261,1980
263512321424856,2,1,42802,426.261,1980
263512372714693,58,26,42802,398.775,1980
263512422903823,58,26,42802,398.775,1980
263512474480442,58,26,42802,377.393,1980
263512525371284,58,26,42802,377.393,1980
263512575617441,62,28,42802,350.074,1980
263512625781498,62,28,42802,350.074,1980
263512675920137,62,28,42802,330.893,1980
263512727141885,62,28,42802,330.893,1980
263512778594863,68,32,42802,320.12,1980
263512830176872,68,32,42802,320.12,1980
263512881085703,68,32,42802,336.224,1980
263512931212182,68,32,42802,336.224,1980
263512981398592,77,39,42802,356.386,1980
263513031568246,77,39,42802,356.386,1980
263513081782382,77,39,42802,378.796,1980
263513134396824,77,39,42802,378.796,1980
263513184578675,96,47,42804,375.887,1980
263513234707908,96,47,43996,375.887,1980
263513284835046,96,47,43996,404.531,1980
263513334967059,96,47,43996,404.531,1980
263513385085087,98,50,43996,433.602,1980
263513435192532,98,50,43996,433.602,1980
263513485339836,98,50,43996,461.216,1980
263513535507868,98,50,43996,461.216,1980
263513585637059,99,49,43996,490.14,1980
263513635776296,99,49,43996,490.14,1980
263513685883464,99,49,43996,512.261,1980
263513736038287,99,49,43996,512.261,1980
263513786209049,98,50,48786,538.814,1980
263513836371966,98,50,48786,538.814,1980
263513886500146,98,50,52320,561.822,1980
263513936608507,98,50,54700,561.822,1980
263513986733756,95,51,54700,578.359,1980
263514036916162,95,51,54700,578.359,1980
263514087071107,95,51,54700,601.871,1980
263514137189804,95,51,54700,601.871,1980
263514187298650,95,53,54700,629.807,1980
263514237460256,95,53,54700,629.807,1980
263514287637854,95,53,54700,624.893,1980
263514337768560,95,53,54700,624.893,1980
263514387877178,97,52,54700,619.655,1980
263514438013467,97,52,54700,619.655,1980
263514488190736,97,52,54700,617.577,1980
263514538367683,97,52,54700,617.577,1980
263514588511186,98,54,54700,614.127,1980
263514638619747,98,54,54700,614.127,1980
263514688730529,98,54,54700,611.743,1980
263514738873389,98,54,54700,611.743,1980
263514788996399,95,53,54700,610.706,1980
263514839171929,95,53,54700,610.706,1980
263514889305920,95,53,54700,607.228,1980
263514939451479,95,53,54700,607.228,1980
263514989614299,97,52,54700,607.64,1980
263515039738592,97,52,54700,607.64,1980
263515089852909,97,52,54700,605.949,1980
263515139956482,97,52,54700,605.949,1980
263515190075994,95,52,54700,609.206,1980
263515240214067,95,52,54700,609.206,1980
263515290328489,95,52,54700,611.041,1980
263515340444778,95,52,54700,611.041,1980
263515390598447,95,53,54700,611.54,1980
263515440721389,95,53,54700,611.54,1980
263515490868855,95,53,54700,609.937,1980
263515540986658,95,53,54700,609.937,1980
263515591060559,95,54,54700,610.076,1980
263515641166341,95,54,54700,610.076,1980
263515691309409,95,54,54700,610.302,1980
263515744222748,95,54,54700,610.302,1980
263515794985995,96,53,54700,600.178,1980
263515845618856,96,53,54700,600.178,1980
263515896538949,96,53,54700,557.837,1980
263515947493318,2,2,54700,516.507,1980
263515998585516,2,2,54700,516.507,1980
263516051593693,2,2,54700,485.489,1980
263516101783643,2,2,54700,485.489,1980
263516153693477,29,13,54700,462.12,1980
263516205520857,29,13,54700,462.12,1980
263516257671287,29,13,54700,438.071,1980
263516309137315,29,13,54700,438.071,1980
263516359331745,59,27,54700,410.182,1980
263516411098507,59,27,54700,410.182,1980
263516461859463,59,27,54700,387.78,1980
263516513498279,59,27,54700,387.78,1980
263516564833457,63,29,54700,368.421,1980
263516615538150,63,29,54700,368.421,1980
263516667046678,63,29,54700,341.441,1980
263516717171383,63,29,54700,341.441,1980
263516767302965,74,35,54700,329.501,1980
263516817420584,74,35,54700,329.501,1980
263516867850427,74,35,54700,354.338,1980
263516918854387,74,35,54700,354.338,1980
263516969385936,96,46,54700,377.723,1980
263517026095702,96,46,54700,377.723,1980
263517076261262,96,46,54702,380.843,1980
263517126449309,96,46,54702,380.843,1980
263517176580423,41,20,54702,402.957,1980
263517226703583,41,20,54702,402.957,1980
263517276927726,41,20,54702,432.83,1980
263517327098648,41,20,54702,432.83,1980
263517377261678,99,48,54702,460.271,1980
263517427794432,99,48,54702,460.271,1980
263517477922828,99,48,54702,485.307,1980
263517528083967,99,48,54702,485.307,1980
263517578252327,98,48,54702,512.494,1980
263517629851901,98,48,54702,512.494,1980
263517680039159,98,48,54702,531.33,1980
263517730182957,98,48,54702,531.33,1980
263517780300349,80,41,54702,548.21,1980
263517830409369,80,41,54702,548.21,1980
263517880554192,80,41,54702,570.216,1980
263517930715323,80,41,54702,570.216,1980
263517980869749,95,54,54702,589.162,1980
263518031005437,95,54,54702,589.162,1980
263518081136840,95,54,54702,621.203,1980
263518131255483,95,54,54702,621.203,1980
263518181439059,96,52,54702,620.265,1980
263518231635475,96,52,54702,620.265,1980
263518281762334,96,52,54702,610.851,1980
263518331864596,96,52,54702,610.851,1980
263518382028629,95,53,54702,606.828,1980
263518432204993,95,53,54702,606.828,1980
263518482364464,95,53,54702,601.476,1980
263518532485710,95,53,54702,601.476,1980
263518582628337,96,51,54702,594.155,1980
263518632787655,96,51,54702,594.155,1980
263518682956982,96,51,54702,593.179,1980
263518733048489,96,51,54702,593.179,1980
263518783172352,95,54,54702,596.795,1980
263518833280890,95,54,54702,596.795,1980
263518883426549,95,54,54702,594.44,1980
263518933600667,95,54,54702,594.44,1980
263518983744635,95,53,54702,591.511,1980
263519033865252,95,53,54702,591.511,1980
263519083973000,95,53,54702,592.972,1980
263519134133592,95,53,54702,592.972,1980
263519184312515,95,53,54702,596.286,1980
263519234450378,95,53,54702,596.286,1980
263519284557319,95,53,54702,598.911,1980
263519334665466,95,53,54702,598.911,1980
263519384824153,97,52,54702,599.905,1980
263519434973308,97,52,54702,599.905,1980
263519485094952,97,52,54702,602.358,1980
263519535257428,97,52,54702,602.358,1980
263519586356404,98,54,54702,578.877,1980
263519637464331,98,54,54702,578.877,1980
263519688166206,98,54,54702,538.511,1980
263519739042941,98,54,54702,538.511,1980
263519792350056,2,2,54702,493.468,1980
263519845542173,2,2,54702,493.468,1980
263519897849453,2,2,54702,466.9,1980
263519950510134,54,24,54702,444.9,1980
263520000651262,54,24,54702,444.9,1980
263520052343656,54,24,54702,426.364,1980
263520105098626,54,24,54702,426.364,1980
263520157500239,59,27,54702,403.737,1980
263520209929082,59,27,54702,403.737,1980
263520262803540,59,27,54702,380.244,1980
263520313014882,59,27,54702,380.244,1980
263520363175191,60,28,54702,352.41,1980
263520413923428,60,28,54702,352.41,1980
263520464128232,60,28,54702,332.062,1980
263520515920221,60,28,54702,332.062,1980
263520566079702,60,29,54702,326.919,1980
263520616248366,60,29,54702,326.919,1980
263520666439878,60,29,54702,351.427,1980
263520717533883,60,29,54702,351.427,1980
263520768114491,77,39,54702,370.865,1980
263520818494993,77,39,54702,370.865,1980
263520886083354,77,39,54702,382.81,1980
263520936209430,77,39,54702,382.81,1980
263520986319980,96,47,54702,379.116,1980
263521036430871,96,47,54702,379.116,1980
263521086608059,96,47,54702,405.746,1980
263521136753693,96,47,54702,405.746,1980
263521186879060,99,51,54702,431.524,1980
263521237055306,99,51,54702,431.524,1980
263521287241065,99,51,54702,456.661,1980
263521337368078,99,51,54702,456.661,1980
263521387473988,99,51,54702,482.918,1980
263521437584759,99,51,54702,482.918,1980
263521487738447,99,51,54702,510.399,1980
263521537867843,99,51,54702,510.399,1980
263521587979549,99,51,54702,542.694,1980
263521638059924,99,51,54702,542.694,1980
263521688175648,99,51,54702,556.854,1980
263521738332508,99,51,54702,556.854,1980
263521788457816,95,51,54702,582.302,1980
263521838564147,95,51,54702,582.302,1980
263521888667323,95,51,54702,602.21,1980
263521938769859,95,51,54702,602.21,1980
263521988908622,95,52,54702,629.817,1980
263522039039633,95,52,54702,629.817,1980
263522089148275,95,52,54702,627.008,1980
263522139253702,95,52,54702,627.008,1980
263522189357083,98,55,54702,624.705,1980
263522239517931,98,55,54702,624.705,1980
263522289683869,98,55,54702,621.899,1980
263522339815071,98,55,54702,621.899,1980
263522389921283,95,54,54702,617.808,1980
263522440061983,95,54,54702,617.808,1980
263522490189163,95,54,54702,613.135,1980
263522540342294,95,54,54702,613.135,1980
263522590464510,98,56,54702,611.116,1980
263522640569754,98,56,54702,611.116,1980
263522690707270,98,56,54702,613.927,1980
263522740859363,98,56,54702,613.927,1980
263522790980495,96,54,54702,613.849,1980
263522841056050,96,54,54702,613.849,1980
263522891217775,96,54,54702,614.952,1980
263522941387877,96,54,54702,614.952,1980
263522991545361,98,57,54702,614.095,1980
263523041676092,98,57,54702,614.095,1980
263523091783550,98,57,54702,614.993,1980
263523141924009,98,57,54702,614.993,1980
263523192107841,95,54,54702,614.627,1980
263523242237077,95,54,54702,614.627,1980
263523292344778,95,54,54702,614.48,1980
263523342449221,95,54,54702,614.48,1980
263523392612055,95,56,54702,616.602,1980
263523442793921,95,56,54702,616.602,1980
263523492957692,95,56,54702,614.4,1980
263523543075284,95,56,54702,614.4,1980
263523593227078,95,54,54702,614.324,1980
263523643341922,95,54,54702,614.324,1980
263523697972014,95,54,54702,615.535,1980
263523748847312,95,54,54702,615.535,1980
263523799728342,96,61,54702,581.615,1980
263523850859505,96,61,54702,536.614,1980
263523902017465,96,61,54702,536.614,1980
263523952580459,2,2,54702,496.875,1980
263524002767988,2,2,54702,496.875,1980
263524054803575,2,2,54702,468.105,1980
263524107303691,2,2,54702,468.105,1980
263524157523203,57,26,54702,442.406,1980
263524209991744,57,26,54702,442.406,1980
263524262920237,57,26,54702,420.884,1980
263524315027457,57,26,54702,420.884,1980
263524365678625,54,25,54702,395.123,1980
263524417597236,54,25,54702,395.123,1980
263524470408657,54,25,54702,375.666,1980
263524520950071,54,25,54702,375.666,1980
263524571288676,64,30,54702,344.686,1980
263524622113028,64,30,54702,344.686,1980
263524672290275,64,30,54702,325.386,1980
263524723587335,64,30,54702,325.386,1980
263524775369337,69,33,54702,332.126,1980
263524825686116,69,33,54702,332.126,1980
263524877335936,69,33,54702,350.661,1980
263524927867850,69,33,54702,350.661,1980
263524978040422,76,39,54702,377.516,1980
263525029007650,76,39,54702,377.516,1980
263525084334203,76,39,54702,385.658,1980
263525134511614,76,39,54702,385.658,1980
263525184684952,94,46,54702,381.095,1980
263525234835886,94,46,54702,381.095,1980
263525285028693,94,46,54702,409.675,1980
263525335192214,94,46,54702,409.675,1980
263525385361158,98,49,54702,437.74,1980
263525435537717,98,49,54702,437.74,1980
263525485662372,98,49,54702,463.185,1980
263525535819655,98,49,54702,463.185,1980
263525585956158,98,49,54702,491.981,1980
263525636053648,98,49,54702,491.981,1980
263525686185155,98,49,54702,517.9,1980
263525736311773,98,49,54702,517.9,1980
263525786431687,98,49,54702,538.165,1980
263525836553099,98,49,54702,538.165,1980
263525886668512,98,49,54702,559.893,1980
263525937866574,98,49,54702,559.893,1980
263525988102059,92,49,54702,577.983,1980
263526038242279,92,49,54702,577.983,1980
263526088353426,92,49,54702,598.46,1980
263526138459425,92,49,54702,598.46,1980
263526188563088,95,53,54702,629.607,1980
263526238667273,95,53,54702,629.607,1980
263526288776459,95,53,54702,626.073,1980
263526338929245,95,53,54702,626.073,1980
263526389053916,97,51,54702,623.71,1980
263526439203566,97,51,54702,623.71,1980
263526489380894,97,51,54702,623.006,1980
263526539554023,97,51,54702,623.006,1980
263526589720632,98,54,54702,619.541,1980
263526639884916,98,54,54702,619.541,1980
263526690058368,98,54,54702,613.525,1980
263526740230127,98,54,54702,613.525,1980
263526790398860,95,53,54702,614.689,1980
263526840570748,95,53,54702,614.689,1980
263526890737966,95,53,54702,616.593,1980
263526940898636,95,53,54702,616.593,1980
263526991077267,95,54,54702,615.68,1980
263527041247378,95,54,54702,615.68,1980
263527091425357,95,54,54702,615.447,1980
263527141606885,95,54,54702,615.447,1980
263527191782744,95,53,54702,613.139,1980
263527241960663,95,53,54702,613.139,1980
263527292187478,95,53,54702,612.025,1980
263527342359939,95,53,54702,612.025,1980
263527392541308,97,52,54702,611.171,1980
263527442725279,97,52,54702,611.171,1980
263527492918008,97,52,54702,610.147,1980
263527543090790,97,52,54702,610.147,1980
263527593258240,98,54,54702,610.943,1980
263527643426801,98,54,54702,610.943,1980
263527693597004,98,54,54702,612.208,1980
263527743762397,98,54,54702,612.208,1980
263527796294420,95,53,54702,611.111,1980
263527851424218,95,53,54702,568.888,1980
263527902173572,95,53,54702,568.888,1980
263527953081238,1,1,54702,524.258,1980
263528004135115,1,1,54702,524.258,1980
263528054552854,1,1,54702,484.689,1980
263528106961850,1,1,54702,484.689,1980
263528161275647,16,8,54702,465.587,1980
263528214340850,16,8,54702,465.587,1980
263528267500958,16,8,54702,439.949,1980
263528320512282,16,8,54702,439.949,1980
263528373019111,59,27,54702,418.531,1980
263528424637430,59,27,54702,418.531,1980
263528476013184,59,27,54702,393.393,1980
263528526774513,59,27,54702,393.393,1980
263528579035539,60,27,54702,369.016,1980
263528630617230,60,27,54702,369.016,1980
263528680816638,60,27,54702,345.701,1980
263528731003919,60,27,54702,345.701,1980
263528781139366,69,32,54702,322.87,1980
263528831711506,69,32,54702,322.87,1980
263528882620483,69,32,54702,334.091,1980
263528932772014,69,32,54702,334.091,1980
263528983746476,77,39,54702,356.858,1980
263529034361250,77,39,54702,356.858,1980
263529106099208,77,39,54702,378.516,1980
263529156281943,100,49,54702,370.921,1980
263529206436630,100,49,54702,370.921,1980
263529256563644,100,49,54702,400.53,1965
263529306730909,100,49,54702,400.53,1965
263529356903501,98,51,54702,429.194,1965
263529407115507,98,51,54702,429.194,1965
263529457271457,98,51,54702,456.24,1965
263529507432796,98,51,54702,456.24,1965
263529557602696,99,50,54702,484.608,1980
263529607761870,99,50,54702,484.608,1980
263529657897034,99,50,54702,516.759,1980
263529708038653,99,50,54702,516.759,1980
263529758199414,99,50,54702,540.842,1980
263529808396344,99,50,54702,540.842,1980
263529858567195,99,50,54702,560.141,1980
263529908696189,99,50,54702,560.141,1980
263529958847923,98,52,54702,577.007,1980
263530009016692,98,52,54702,577.007,1980
263530059202382,98,52,54702,594.427,1980
263530109332467,98,52,54702,594.427,1980
263530159505529,95,54,54702,626.604,1980
263530209668034,95,54,54702,626.604,1980
263530259796269,95,54,54702,627.41,1980
263530309952085,95,54,54702,627.41,1980
263530360081689,95,55,54702,624.676,1980
263530410212455,95,55,54702,624.676,1980
263530460339751,95,55,54702,619.069,1980
263530510515159,95,55,54702,619.069,1980
263530560712418,95,54,54702,612.829,1980
263530610892221,95,54,54702,612.829,1980
263530661024857,95,54,54702,608.603,1980
263530711172315,95,54,54702,608.603,1980
263530761304503,96,53,54702,607.619,1980
263530811412399,96,53,54702,607.619,1980
263530861517602,96,53,54702,611.455,1980
263530911621110,96,53,54702,611.455,1980
263530961722520,97,54,54702,614.833,1980
263531011878101,97,54,54702,614.833,1980
263531062046914,97,54,54702,616.894,1980
263531112172262,97,54,54702,616.894,1980
263531162281584,95,54,54702,617.047,1980
263531212432779,95,54,54702,617.047,1980
263531262702769,95,54,54702,617.261,1980
263531312867426,95,54,54702,617.261,1980
263531363033172,98,55,54702,618.443,1980
263531413157450,98,55,54702,618.443,1980
263531463272885,98,55,54702,620.139,1980
263531513538292,98,55,54702,620.139,1980
263531563698300,95,54,54702,619.031,1980
263531613857919,95,54,54702,619.031,1980
263531664025637,95,54,54702,618.004,1980
263531714141386,95,54,54702,618.004,1980
263531764259811,97,55,54702,619.417,1980
263531818202833,97,55,54702,619.417,1980
263531868950154,97,55,54702,596.106,1980
263531919765243,97,55,54702,596.106,1980
263531970891911,34,30,54702,550.426,1980
263532022203139,34,30,54702,550.426,1980
263532072982201,34,30,54702,507.285,1980
263532123148381,34,30,54702,507.285,1980
263532175224260,2,2,54702,478.864,1980
263532227851214,2,2,54702,478.864,1980
263532280737027,2,2,54702,451.847,1980
263532330927401,2,2,54702,451.847,1980
263532382879310,57,26,54702,423.884,1980
263532434852838,57,26,54702,423.884,1980
263532485342131,57,26,54702,400.828,1980
263532537533340,57,26,54702,400.828,1980
263532587738510,59,27,54702,382.463,1980
263532638488882,59,27,54702,382.463,1980
263532690222482,59,27,54702,359.275,1980
263532742068472,59,27,54702,359.275,1980
263532793351967,68,32,54702,333.605,1980
263532844134276,68,32,54702,333.605,1980
263532894289084,68,32,54702,326.659,1980
263532944473328,68,32,54702,326.659,1980
263532994672014,79,40,54702,352.701,1980
263533044979043,79,40,54702,352.701,1980
263533096126454,79,40,54702,375.833,1980
263533148712486,79,40,54702,375.833,1980
263533198905001,99,48,54702,375.272,1980
263533249053961,99,48,54702,375.272,1980
263533299164489,99,48,54702,390.563,1980
263533349281806,99,48,54702,390.563,1980
263533399386503,86,46,54702,420.995,1980
263533449487163,86,46,54702,420.995,1980
263533499602242,86,46,54702,447.546,1980
263533549776119,86,46,54702,447.546,1980
263533599935746,98,53,54702,475.877,1980
263533650047022,98,53,54702,475.877,1980
263533700155390,98,53,54702,506.433,1980
263533750308516,98,53,54702,506.433,1980
263533800473409,98,53,54702,531.749,1980
263533850603037,98,53,54702,531.749,1980
263533900713025,98,53,54702,548.26,1980
263533950818558,98,53,54702,548.26,1980
263534000921158,87,48,54702,568.594,1980
263534052101755,87,48,54702,568.594,1980
263534102228790,87,48,54702,591.105,1980
263534152336624,87,48,54702,591.105,1980
263534202439295,95,55,54702,625.19,1980
263534252542813,95,55,54702,625.19,1980
263534302642473,95,55,54702,633.794,1980
263534352747652,95,55,54702,633.794,1980
263534402900026,95,55,54702,627.943,1980
263534453038910,95,55,54702,627.943,1980
263534503165411,95,55,54702,625.777,1980
263534553277506,95,55,54702,625.777,1980
263534603394265,95,55,54702,618.794,1980
263534653509445,95,55,54702,618.794,1980
263534703617251,95,55,54702,614.655,1980
263534753724362,95,55,54702,614.655,1980
263534803829237,95,55,54702,607.581,1980
263534853937066,95,55,54702,607.581,1980
263534904044701,95,55,54702,618.818,1980
263534954149348,95,55,54702,618.818,1980
263535004259967,95,55,54702,618.19,1980
263535054366074,95,55,54702,618.19,1980
263535104468843,95,55,54702,616.254,1980
263535154581029,95,55,54702,616.254,1980
263535204686011,97,53,54702,618.065,1980
263535254788891,97,53,54702,618.065,1980
263535304891272,97,53,54702,619.516,1980
263535354992513,97,53,54702,619.516,1980
263535405044651,98,56,54702,622.365,1980
263535455144243,98,56,54702,622.349,1980
263535505338627,98,56,54702,622.349,1980
263535555534341,98,56,54702,622.455,1980
263535605665459,95,55,54702,622.455,1980
263535657769020,95,55,54702,614.685,1980
263535708881205,95,55,54702,614.685,1980
263535759896453,81,56,54702,577.339,1980
263535810862048,81,56,54702,577.339,1980
263535861816317,81,56,54702,529.68,1980
263535917428636,81,56,54702,529.68,1980
263535968435861,2,2,54702,491.944,1980
263536020695402,2,2,54702,491.944,1980
263536070863368,2,2,54702,466.592,1980
263536122324002,2,2,54702,466.592,1980
263536174838763,56,25,54702,439.213,1980
263536225580585,56,25,54702,439.213,1980
263536275705871,56,25,54702,415.311,1980
263536327091418,56,25,54702,415.311,1980
263536377307334,63,29,54702,393.767,1980
263536428322500,63,29,54702,393.767,1980
263536480041013,63,29,54702,372.21,1980
263536531179912,63,29,54702,372.21,1980
263536583019379,75,35,54702,344.166,1980
263536633143670,75,35,54702,344.166,1980
263536684491553,75,35,54702,329.118,1980
263536734765460,75,35,54702,329.118,1980
263536785609609,85,42,54702,349.259,1980
263536835757403,85,42,54702,349.259,1980
263536886505571,85,42,54702,368.823,1980
263536957459055,85,42,54702,386.314,1980
263537007595481,98,48,54702,386.314,1980
263537057699646,98,48,54702,393.082,1980
263537107810371,98,48,54702,393.082,1980
263537157925028,99,50,54702,423.787,1980
263537208048654,99,50,54702,423.787,1980
263537258168888,99,50,54702,452.907,1980
263537308287684,99,50,54702,452.907,1980
263537358392635,98,49,54702,480.77,1980
263537408494540,98,49,54702,480.77,1980
263537458602392,98,49,54702,507.163,1980
263537508756174,98,49,54702,507.163,1980
263537563089571,98,49,54702,531.806,1980
263537613196443,98,49,54702,531.806,1980
263537663351415,98,49,54702,551.345,1980
263537713519346,98,49,54702,551.345,1980
263537763651093,87,45,54702,573.916,1980
263537813766080,87,45,54702,573.916,1980
263537863911536,87,45,54702,597.544,1980
263537914079820,87,45,54702,597.544,1980
263537964206331,95,53,54702,614.616,1980
263538014355724,95,53,54702,614.616,1980
263538064515022,95,53,54702,637.409,1980
263538114676975,95,53,54702,637.409,1980
263538164831211,98,54,54702,630.685,1980
263538214954214,98,54,54702,630.685,1980
263538265090272,98,54,54702,626.707,1980
263538315194044,98,54,54702,626.707,1980
263538365297944,96,53,54702,621.056,1980
263538415422322,96,53,54702,621.056,1980
263538465536862,96,53,54702,616.132,1980
263538515640432,96,53,54702,616.132,1980
263538565741211,97,51,54702,610.909,1980
263538615885397,97,51,54702,610.909,1980
263538666022394,97,51,54702,612.673,1980
263538716132472,97,51,54702,612.673,1980
263538766235123,97,52,54702,609.786,1980
263538816335995,97,52,54702,609.786,1980
263538866436732,97,52,54702,608.119,1980
263538916556395,97,52,54702,608.119,1980
263538966664056,95,53,54702,605.43,1980
263539016764912,95,53,54702,605.43,1980
263539066864744,95,53,54702,605.696,1980
263539116966415,95,53,54702,605.696,1980
263539167069173,95,54,54702,605.666,1980
263539217170898,95,54,54702,605.666,1980
263539267294312,95,54,54702,607.781,1980
263539317400467,95,54,54702,607.781,1980
263539367546265,96,53,54702,608.925,1980
263539417671802,96,53,54702,608.925,1980
263539467778635,96,53,54702,611.725,1980
263539517891350,96,53,54702,611.725,1980
263539569549986,73,51,54702,602.61,1980
263539620291852,73,51,54702,602.61,1980
263539671044447,73,51,54702,561.376,1980
263539722138489,73,51,54702,561.376,1980
263539773005639,2,2,54702,520.877,1980
263539823126431,2,2,54702,520.877,1980
263539876096828,2,2,54702,486.054,1980
263539929338291,2,2,54702,486.054,1980
263539981568849,57,26,54702,464.319,1980
263540032548385,57,26,54702,464.319,1980
263540083667795,57,26,54702,441.51,1980
263540136371655,57,26,54702,441.51,1980
263540189253782,58,27,54702,414.433,1980
263540241990639,58,27,54702,414.433,1980
263540292228229,58,27,54702,392.476,1980
263540344415916,58,27,54702,392.476,1980
263540395742429,61,28,54702,366.401,1980
263540446799709,61,28,54702,366.401,1980
263540497571367,61,28,54702,341.799,1980
263540549351506,61,28,54702,341.799,1980
263540599482600,76,37,54702,326.402,1980
263540649598225,76,37,54702,326.402,1980
263540699712814,76,37,54702,347.382,1980
263540750956558,76,37,54702,347.382,1980
263540801523250,85,43,54702,370.555,1980
263540852285354,85,43,54702,370.555,1980
263540912548952,85,43,54702,389.063,1980
263540962695333,94,47,54702,379.974,1980
263541012809265,94,47,54702,379.974,1980
263541062980699,94,47,54702,406.895,1980
263541113125191,94,47,54702,406.895,1980
263541163229990,99,51,54702,437.218,1980
263541213378569,99,51,54702,437.218,1980
263541263512102,99,51,54702,464.218,1980
263541313660308,99,51,54702,464.218,1980
263541363779716,99,50,54702,488.839,1980
263541413896339,99,50,54702,488.839,1980
263541464007879,99,50,54702,515.156,1980
263541514158915,99,50,54702,515.156,1980
263541569488135,99,51,54702,542.77,1980
263541619609375,99,51,54702,542.77,1980
263541669723056,99,51,54702,560.403,1980
263541719879051,99,51,54702,560.403,1980
263541770099634,95,52,54702,582.538,1980
263541820226919,95,52,54702,582.538,1980
263541870337067,95,52,54702,602.33,1980
263541920442385,95,52,54702,602.33,1980
263541970603403,97,56,54702,629.753,1980
263542020774053,97,56,54702,629.753,1980
263542070903255,97,56,54702,633.315,1980
263542121017391,97,56,54702,633.315,1980
263542171128626,95,54,54702,627.144,1980
263542221250722,95,54,54702,627.144,1980
263542271365177,95,54,54702,621.523,1980
263542321470246,95,54,54702,621.523,1980
263542371573886,95,55,54702,619.812,1980
263542421719663,95,55,54702,619.812,1980
263542471906075,95,55,54702,616.12,1980
263542522034923,95,55,54702,616.12,1980
263542572138747,95,54,54702,610.503,1980
263542622306141,95,54,54702,610.503,1980
263542672503093,95,54,54702,614.312,1980
263542722647840,95,54,54702,614.312,1980
263542772764488,97,54,54702,614.862,1980
263542822872834,97,54,54702,614.862,1980
263542872982817,97,54,54702,615.275,1980
263542923131691,97,54,54702,615.275,1980
263542973300161,95,54,54702,614.33,1980
263543023424184,95,54,54702,614.33,1980
263543073526397,95,54,54702,613.562,1980
263543123629621,95,54,54702,613.562,1980
263543173795878,97,53,54702,613.848,1980
263543223970639,97,53,54702,613.848,1980
263543274175890,97,53,54702,616.755,1980
263543324312363,97,53,54702,616.755,1980
263543374442431,95,54,54702,614.2,1980
263543424634627,95,54,54702,614.2,1980
263543474784165,95,54,54702,613.965,1980
263543524910723,95,54,54702,613.965,1980
263543575100164,96,52,54702,615.721,1980
263543625227560,96,52,54702,615.721,1980
263543675365526,96,52,54702,617.486,1980
263543726510002,96,52,54702,617.486,1980
263543777642720,20,20,54702,587.42,1980
263543828560523,20,20,54702,587.42,1980
263543879202356,20,20,54702,542.552,1980
263543929874452,20,20,54702,542.552,1980
263543984086261,2,1,54702,500.417,1980
263544037170919,2,1,54702,500.417,1980
263544087343607,2,1,54702,472.655,1980
263544139397600,2,1,54702,472.655,1980
263544191947812,58,26,54702,447.672,1980
263544243875318,58,26,54702,447.672,1980
263544295508537,58,26,54702,425.78,1980
263544346097946,58,26,54702,425.78,1980
263544396295304,62,28,54702,398.238,1980
263544448648430,62,28,54702,398.238,1980
263544499157059,62,28,54702,375.415,1980
263544549346474,62,28,54702,375.415,1980
263544599536802,66,31,54702,350.535,1980
263544649743241,66,31,54702,350.535,1980
263544700888872,66,31,54702,324.887,1980
263544751046331,66,31,54702,324.887,1980
263544802276480,67,34,54702,328.351,1980
263544853518980,67,34,54702,328.351,1980
263544903732530,67,34,54702,350.093,1980
263544954201807,67,34,54702,350.093,1980
263545004749018,96,47,54702,377.027,1980
263545057989704,96,47,54702,377.027,1980
263545108139313,96,47,54702,377.634,1980
263545158264646,96,47,54702,377.634,1980
263545208373517,90,47,54702,394.493,1980
263545258488026,90,47,54702,394.493,1980
263545308646274,90,47,54702,424.187,1980
263545358790919,90,47,54702,424.187,1980
263545408907513,99,50,54702,450.055,1980
263545459030786,99,50,54702,450.055,1980
263545509187130,99,50,54702,474.347,1980
263545559313933,99,50,54702,474.347,1980
263545609416914,99,51,54702,504.336,1980
263545659528939,99,51,54702,504.336,1980
263545709635090,99,51,54702,530.342,1980
263545759796446,99,51,54702,530.342,1980
263545809933980,84,45,54702,545.201,1980
263545872569154,84,45,54702,572.206,1980
263545922681098,84,45,54702,572.206,1980
263545972828853,97,53,54702,595.767,1980
263546023006531,97,53,54702,595.767,1980
263546073138384,97,53,54702,622.505,1980
263546123254785,97,53,54702,622.505,1980
263546173359802,95,54,54702,630.08,1980
263546223515967,95,54,54702,630.08,1980
263546273670838,95,54,54702,626.148,1980
263546323803840,95,54,54702,626.148,1980
263546373909020,96,53,54702,621.212,1980
263546424014823,96,53,54702,621.212,1980
263546474124338,96,53,54702,618.71,1980
263546524266326,96,53,54702,618.71,1980
263546574386184,98,55,54702,617.88,1980
263546624500655,98,55,54702,617.88,1980
263546674645911,98,55,54702,616.184,1980
263546724784947,98,55,54702,616.184,1980
263546774935571,95,54,54702,616.121,1980
263546825487032,95,54,54702,616.121,1980
263546875604899,95,54,54702,614.142,1980
263546925757184,95,54,54702,614.142,1980
263546975915945,95,55,54702,613.457,1980
263547026043956,95,55,54702,613.457,1980
263547076148993,95,55,54702,615.66,1980
263547126295220,95,55,54702,615.66,1980
263547176450506,95,54,54702,613.746,1980
263547226623252,95,54,54702,613.746,1980
263547276815016,95,54,54702,614.571,1980
263547326974689,95,54,54702,614.571,1980
263547377107794,97,53,54702,615.247,1980
263547427307381,97,53,54702,615.247,1980
263547477429364,97,53,54702,615.359,1980
263547527538358,97,53,54702,615.359,1980
263547577724664,95,54,54702,615.943,1980
263547630847048,95,54,54702,615.943,1980
263547681054315,95,54,54702,615.913,1980
263547731199543,95,54,54702,615.913,1980
263547783764774,84,58,54702,615.657,1980
263547834755321,84,58,54702,615.657,1980
263547885915423,84,58,54702,574.859,1980
263547937084827,84,58,54702,574.859,1980
263547987769618,2,2,54702,531.599,1980
263548037912996,2,2,54702,531.599,1980
263548090286630,2,2,54702,489.062,1980
263548140493537,2,2,54702,489.062,1980
263548193049535,56,25,54702,467.933,1980
263548245889845,56,25,54702,467.933,1980
263548298927146,56,25,54702,441.274,1980
263548351381453,56,25,54702,441.274,1980
263548402941758,58,27,54702,419.895,1980
263548453910773,58,27,54702,419.895,1980
263548505645471,58,27,54702,394.905,1980
263548557847623,58,27,54702,394.905,1980
263548609473861,57,27,54702,361.791,1980
263548661699396,57,27,54702,337.863,1980
263548713714139,57,27,54702,337.863,1980
263548763873947,73,35,54702,323.827,1980
263548814643337,73,35,54702,323.827,1980
263548866224075,73,35,54702,343.699,1980
263548917483419,73,35,54702,343.699,1980
263548968335259,88,44,54702,366.623,1980
263549018899639,88,44,54702,366.623,1980
263549069094155,88,44,54702,386.522,1980
263549119287178,88,44,54702,386.522,1980
263549169458741,50,26,54702,385.895,1980
263549219591948,50,26,54702,385.895,1980
263549269715904,50,26,54702,415.665,1980
263549319881206,50,26,54702,415.665,1980
263549370014393,99,53,54702,446.625,1980
263549420132039,99,53,54702,446.625,1980
263549470235732,99,53,54702,473.389,1980
263549520385618,99,53,54702,473.389,1980
263549570511203,99,53,54702,503.774,1980
263549620649839,99,53,54702,503.774,1980
263549670776904,99,53,54702,532.412,1980
263549720915268,99,53,54702,532.412,1980
263549771039448,99,53,54702,564.288,1980
263549821183125,99,53,54702,564.288,1980
263549871313340,99,53,54702,578.229,1980
263549921433826,99,53,54702,578.229,1980
263549971540646,97,53,57082,601.18,1980
263550021651849,97,53,57082,601.18,1980
263550071802443,97,53,57082,618.948,1980
263550121927668,97,53,57082,618.948,1980
263550172040407,98,57,57082,648.912,1980
263550222150316,98,57,57082,648.912,1980
263550272262161,98,57,57082,645.456,1980
263550322383534,98,57,57082,645.456,1980
263550372491932,97,55,57082,636.474,1980
263550422594163,97,55,57082,636.474,1980
263550472701723,97,55,57082,630.281,1980
263550522809430,97,55,57082,630.281,1980
263550572911537,98,57,57082,627.596,1980
263550623086270,98,57,57082,627.596,1980
263550673223264,98,57,57082,625.117,1980
263550723428005,98,57,57082,625.117,1980
263550773621623,97,55,57082,619.068,1980
263550823752705,97,55,57082,619.068,1980
263550874343331,97,55,57082,624.884,1980
263550924506511,97,55,57082,624.884,1980
263550974667755,98,57,57082,626.538,1980
263551024801995,98,57,57082,626.538,1980
263551074921418,98,57,57082,627.714,1980
263551125040051,98,57,57082,627.714,1980
263551175167450,96,55,57082,626.001,1980
263551225341392,96,55,57082,626.001,1980
263551275508962,96,55,57082,625.059,1980
263551325633022,96,55,57082,625.059,1980
263551375737545,98,57,57082,627.84,1980
263551425891366,98,57,57082,627.84,1980
263551476030494,98,57,57082,627.757,1980
263551526153278,98,57,57082,627.757,1980
263551576273432,95,55,57082,625.721,1980
263551626380171,95,55,57082,625.721,1980
263551676540402,95,55,57082,625.077,1980
263551726708257,95,55,57082,625.077,1980
263551777031033,98,57,57082,628.014,1980
263551827167069,98,57,57082,628.014,1980
263551877310459,98,57,57082,625.439,1980
263551927477781,98,57,57082,625.439,1980
263551982493528,77,54,57082,613.121,1980
263552033297346,77,54,57082,613.121,1980
263552084198034,77,54,57082,568.767,1980
263552135060991,77,54,57082,568.767,1980
263552186143585,2,2,57082,525.259,1980
263552237038723,2,2,57082,525.259,1980
263552289200284,2,2,57082,491.57,1980
263552339318689,2,2,57082,491.57,1980
263552391122606,57,26,57082,466.562,1980
263552444293484,57,26,57082,466.562,1980
263552494464753,57,26,57082,438.72,1980
263552545380055,57,26,57082,438.72,1980
263552597759795,55,25,57082,417.348,1980
263552647977033,55,25,57082,417.348,1980
263552700223858,55,25,57082,392.849,1980
263552752151362,55,25,57082,392.849,1980
263552804045219,63,29,57082,360.574,1980
263552854243809,63,29,57082,360.574,1980
263552904653991,63,29,57082,338.881,1980
263552954799322,63,29,57082,338.881,1980
263553005511214,71,34,57082,328.524,1980
263553057015590,71,34,57082,328.524,1980
263553107600725,71,34,57082,352.313,1980
263553158654201,71,34,57082,352.313,1980
263553208820340,83,42,57082,370.889,1980
263553259485000,83,42,57082,370.889,1980
263553318236728,83,42,57082,388.165,1980
263553368350124,52,25,57082,384.229,1980
263553418458320,52,25,57082,384.229,1980
263553468565767,52,25,57082,414.059,1980
263553518669597,52,25,57082,414.059,1980
263553568820655,98,49,57082,445.883,1980
263553618922321,98,49,57082,445.883,1980
263553669064874,98,49,57082,472.939,1980
263553719218545,98,49,57082,472.939,1980
263553769345583,98,49,57082,500.09,1980
263553819463614,98,49,57082,500.09,1980
263553869569817,98,49,57082,525.345,1980
263553922527357,98,49,57082,525.345,1980
263553972694355,85,42,57082,547.684,1980
263554022822873,85,42,57082,547.684,1980
263554072929236,85,42,57082,570.185,1980
263554123036432,85,42,57082,570.185,1980
263554173186463,98,54,57082,591.894,1980
263554223345647,98,54,57082,591.894,1980
263554273469425,98,54,57082,610.877,1980
263554323576217,98,54,57082,610.877,1980
263554373727123,96,53,57082,639.467,1980
263554423892327,96,53,57082,639.467,1980
263554474016504,96,53,57082,633.864,1980
263554524184177,96,53,57082,633.864,1980
263554574324690,97,53,57082,627.37,1980
263554624514188,97,53,57082,627.37,1980
263554674694314,97,53,57082,622.609,1980
263554724820103,97,53,57082,622.609,1980
263554774982108,95,53,57082,617.345,1980
263554825162591,95,53,57082,617.345,1980
263554875344805,95,53,57082,612.517,1980
263554925517944,95,53,57082,612.517,1980
263554975686477,95,53,57082,613.063,1980
263555026343163,95,53,57082,613.063,1980
263555076526400,95,53,57082,611.773,1980
263555126679761,95,53,57082,611.773,1980
263555176806374,95,54,57082,612.06,1980
263555226917962,95,54,57082,612.06,1980
263555277044786,95,54,57082,614.547,1980
263555327196486,95,54,57082,614.547,1980
263555377372134,95,53,57082,615.025,1980
263555427499423,95,53,57082,615.025,1980
263555477604424,95,53,57082,614.104,1980
263555527711768,95,53,57082,614.104,1980
263555577881747,95,52,57082,613.333,1980
263555628045215,95,52,57082,613.333,1980
263555678168727,95,52,57082,611.238,1980
263555728273945,95,52,57082,611.238,1980
263555778395738,98,54,57082,612.889,1980
263555828533821,98,54,57082,612.889,1980
263555878662422,98,54,57082,613.913,1980
263555933998765,98,54,57082,613.913,1980
263555984868675,48,38,57082,590.156,1980
263556035904907,48,38,57082,590.156,1980
263556086844206,48,38,57082,545.434,1980
263556137519192,48,38,57082,545.434,1980
263556195147742,2,2,57082,503.349,1980
263556246921185,2,2,57082,503.349,1980
263556299843161,2,2,57082,470.482,1980
263556350047878,2,2,57082,470.482,1980
263556402026562,56,25,57082,445.817,1980
263556454608916,56,25,57082,445.817,1980
263556506986185,56,25,57082,423.596,1980
263556558571341,56,25,57082,423.596,1980
263556610318085,60,27,57082,396.358,1980
263556662417973,60,27,57082,396.358,1980
263556713693282,60,27,57082,377.785,1980
263556765198104,60,27,57082,349.428,1980
263556816817713,73,35,57082,349.428,1980
263556867012666,73,35,57082,333.075,1980
263556917178806,73,35,57082,333.075,1980
263556967403355,91,45,57082,330.032,1980
263557017704034,91,45,57082,330.032,1980
263557068477305,91,45,57082,349.6,1980
263557118663850,91,45,57082,349.6,1980
263557171378344,95,47,57082,367.37,1980
263557221526941,95,47,57082,367.37,1980
263557271659105,95,47,57082,394.456,1980
263557321779353,95,47,57082,394.456,1980
263557371898427,97,48,57082,418.797,1980
263557422008049,97,48,57082,418.797,1980
263557472198096,97,48,57082,451.916,1980
263557522388261,97,48,57082,451.916,1980
263557572548944,98,47,57082,477.84,1980
263557622674335,98,47,57082,477.84,1980
263557672809433,98,47,57082,507.475,1980
263557722961313,98,47,57082,507.475,1980
263557773093701,88,43,57082,531.699,1980
263557823220501,88,43,57082,531.699,1980
263557873336358,88,43,57082,553.697,1980
263557923451415,88,43,57082,553.697,1980
263557973608955,95,52,57082,573.667,1980
263558023736070,95,52,57082,573.667,1980
263558073846041,95,52,57082,591.152,1980
263558123950673,95,52,57082,591.152,1980
263558174121614,95,53,57082,618.119,1980
263558224298084,95,53,57082,618.119,1980
263558274422149,95,53,57082,626.822,1980
263558324583537,95,53,57082,626.822,1980
263558374713915,95,54,57082,618.523,1980
263558424854956,95,54,57082,618.523,1980
263558474995189,95,54,57082,613.924,1980
263558525116169,95,54,57082,613.924,1980
263558575227815,98,53,57082,611.603,1980
263558625340325,98,53,57082,611.603,1980
263558675512009,98,53,57082,603.287,1980
263558725654446,98,53,57082,603.287,1980
263558775762004,95,53,57082,605.9,1980
263558825872824,95,53,57082,605.9,1980
263558875980385,95,53,57082,601.696,1980
263558926103783,95,53,57082,601.696,1980
263558976232899,97,52,57082,594.238,1980
263559026339145,97,52,57082,594.238,1980
263559076505219,97,52,57082,598.867,1980
263559126611584,97,52,57082,598.867,1980
263559176782656,98,55,57082,597.86,1980
263559226909969,98,55,57082,597.86,1980
263559277016871,98,55,57082,598.83,1980
263559327118063,98,55,57082,598.83,1980
263559377274410,95,53,57082,600.715,1980
263559427444093,95,53,57082,600.715,1980
263559477570914,95,53,57082,595.655,1980
263559527685411,95,53,57082,595.655,1980
263559577790525,95,53,57082,591.474,1980
263559627898314,95,53,57082,591.474,1980
263559681385111,95,53,57082,585.28,1980
263559732318659,95,53,57082,585.28,1980
263559783048485,1,1,57082,543.169,1980
263559834540244,1,1,57082,543.169,1980
263559885459880,1,1,57082,503.989,1980
263559935704921,1,1,57082,503.989,1980
263559986307004,13,6,57082,470.32,1980
263560039894093,13,6,57082,470.32,1980
263560092627148,13,6,57082,443.012,1980
263560145466151,13,6,57082,443.012,1980
263560197580930,58,26,57082,420.77,1980
263560247975972,58,26,57082,420.77,1980
263560298161585,58,26,57082,394.559,1980
263560350376826,58,26,57082,394.559,1980
263560400518266,61,28,57082,373.906,1980
263560450650022,61,28,57082,373.906,1980
263560500785981,61,28,57082,355.16,1980
263560551140145,61,28,57082,355.16,1980
263560601343299,67,32,57082,334.763,1980
263560652854040,67,32,57082,334.763,1980
263560703143290,67,32,57082,321.004,1980
263560753939201,67,32,57082,321.004,1980
263560804569902,79,40,57082,342.805,1980
263560854735451,79,40,57082,342.805,1980
263560904947669,79,40,57082,363.172,1980
263560955177306,79,40,57082,363.172,1980
263561005338942,100,50,57082,383.313,1980
263561055522588,100,50,57082,383.313,1980
263561105702837,100,50,57082,392.171,1980
263561155837267,100,50,57082,392.171,1980
263561205959698,98,49,57082,420.729,1980
263561256111781,98,49,57082,420.729,1980
263561306273696,98,49,57082,448.108,1980
263561356429700,98,49,57082,448.108,1980
263561406556267,98,48,57082,473.888,1980
263561456713682,98,48,57082,473.888,1980
263561506842011,98,48,57082,503.059,1980
263561557004912,98,48,57082,503.059,1980
263561607143912,98,49,57082,527.692,1980
263561657264987,98,49,57082,527.692,1980
263561707372109,98,49,57082,547.757,1980
263561757542744,98,49,57082,547.757,1980
263561807676038,95,50,57082,572.217,1980
263561857786630,95,50,57082,572.217,1980
263561907953767,95,50,57082,591.133,1980
263561958075020,95,50,57082,591.133,1980
263562008240398,95,54,57082,612.671,1980
263562058391185,95,54,57082,612.671,1980
263562108510870,95,54,57082,629.979,1980
263562158678064,95,54,57082,629.979,1980
263562208811232,95,53,57082,621.367,1980
263562258936587,95,53,57082,621.367,1980
263562309049277,95,53,57082,616.66,1980
263562359153583,95,53,57082,616.66,1980
263562409256982,97,51,57082,612.546,1980
263562459428508,97,51,57082,612.546,1980
263562509602845,97,51,57082,608.002,1980
263562559731916,97,51,57082,608.002,1980
263562609882862,98,54,57082,604.745,1980
263562660042119,98,54,57082,604.745,1980
263562710177358,98,54,57082,608.298,1980
263562760323024,98,54,57082,608.298,1980
263562810499597,95,53,57082,606.734,1980
263562860611650,95,53,57082,606.734,1980
263562910749637,95,53,57082,608.177,1980
263562960910351,95,53,57082,608.177,1980
263563011041160,97,52,57082,606.85,1980
263563061166054,97,52,57082,606.85,1980
263563111271157,97,52,57082,609.557,1980
263563161373811,97,52,57082,609.557,1980
263563211520219,98,53,57082,613.852,1980
263563261690880,98,53,57082,613.852,1980
263563311872531,98,53,57082,612.899,1980
263563361996187,98,53,57082,612.899,1980
263563412158125,95,53,57082,612.093,1980
263563462289647,95,53,57082,612.093,1980
263563512438108,95,53,57082,611.223,1980
263563562548411,95,53,57082,611.223,1980
263563614388750,95,60,57082,607.816,1980
263563665520619,95,60,57082,607.816,1980
263563716484528,95,60,57082,567.27,1980
263563767315621,95,60,57082,567.27,1980
263563818283468,2,2,57082,525.043,1980
263563868441151,2,2,57082,484.336,1980
263563919220157,2,2,57082,484.336,1980
263563972479309,53,24,57082,456.854,1980
263564025277366,53,24,57082,456.854,1980
263564077649076,53,24,57082,433.413,1980
263564129331124,53,24,57082,433.413,1980
263564179600751,59,26,57082,410.998,1980
263564231868094,59,26,57082,410.998,1980
263564281999897,59,26,57082,389.429,1980
263564332682534,59,26,57082,389.429,1980
263564383307337,71,33,57082,362.066,1980
263564433509976,71,33,57082,362.066,1980
263564484836902,71,33,57082,340.072,1980
263564535925907,71,33,57082,340.072,1980
263564586082908,87,42,57082,324.502,1980
263564636309009,87,42,57082,324.502,1980
263564686714992,87,42,57082,335.243,1980
263564737100108,87,42,57082,335.243,1980
263564787302554,100,50,57082,354.989,1980
263564837433735,100,50,57082,354.989,1980
263564887610654,100,50,57082,377.262,1980
263564937731903,100,50,57082,377.262,1980
263564987839482,98,48,57082,405.315,1980
263565037942836,98,48,57082,405.315,1980
263565088105788,98,48,57082,434.695,1980
263565138255713,98,48,57082,434.695,1980
263565188372764,98,48,57082,463.888,1980
263565238501801,98,48,57082,463.888,1980
263565288611728,98,48,57082,493.594,1980
263565338752209,98,48,57082,493.594,1980
263565388909944,98,48,57082,522.216,1980
263565439034687,98,48,57082,522.216,1980
263565489148295,98,48,57082,542.402,1980
263565539287600,98,48,57082,542.402,1980
263565589426319,96,48,57082,569.12,1980
263565639542599,96,48,57082,569.12,1980
263565689648594,96,48,57082,585.481,1980
263565739752980,96,48,57082,585.481,1980
263565789901711,98,54,57082,616.323,1980
263565840029904,98,54,57082,616.323,1980
263565890146684,98,54,57082,643.387,1980
263565940250203,98,54,57082,643.387,1980
263565990354681,96,53,57082,639.412,1980
263566040482017,96,53,57082,639.412,1980
263566090597199,96,53,57082,634.482,1980
263566140750616,96,53,57082,634.482,1980
263566190877770,97,52,57082,625.995,1980
263566241059595,97,52,57082,625.995,1980
263566291222335,97,52,57082,621.15,1980
263566341366232,97,52,57082,621.15,1980
263566391483932,98,55,57082,612.051,1980
263566441587876,98,55,57082,612.051,1980
263566491736031,98,55,57082,611.417,1980
263566541907128,98,55,57082,611.417,1980
263566592036997,95,52,57082,605.644,1980
263566642143587,95,52,57082,605.644,1980
263566692290099,95,52,57082,605.388,1980
263566742431564,95,52,57082,605.388,1980
263566792552925,95,51,57082,599.755,1980
263566842678685,95,51,57082,599.755,1980
263566892793443,95,51,57082,595.249,1980
263566942896252,95,51,57082,595.249,1980
263566992999985,96,54,57082,596.227,1980
263567043108740,96,54,57082,596.227,1980
263567093212258,96,54,57082,598.242,1980
263567143367553,96,54,57082,598.242,1980
263567193590655,95,53,57082,601.615,1980
263567243745169,95,53,57082,601.615,1980
263567293914798,95,53,57082,601.299,1980
263567346769207,95,53,57082,601.299,1980
263567396953178,78,54,57082,593.148,1980
263567448039262,78,54,57082,593.148,1980
263567498777592,78,54,57082,550.958,1980
263567549575280,78,54,57082,550.958,1980
263567620786040,2,2,57082,511.306,1980
263567672635753,2,2,57082,478.083,1980
263567726005116,2,2,57082,478.083,1980
263567776183062,54,24,57082,457.991,1980
263567827908381,54,24,57082,457.991,1980
263567880252577,54,24,57082,437.761,1980
263567930488992,54,24,57082,437.761,1980
263567981589815,59,27,57082,411.316,1980
263568032742128,59,27,57082,411.316,1980
263568083111335,59,27,57082,387.178,1980
263568133309913,59,27,57082,387.178,1980
263568183500646,62,29,57082,368.694,1980
263568233970316,62,29,57082,368.694,1980
263568284769743,62,29,57082,347.73,1980
263568334990662,62,29,57082,347.73,1980
263568386775083,66,32,57082,331.368,1980
263568438314609,66,32,57082,331.368,1980
263568488488504,66,32,57082,353.82,1980
263568538651537,66,32,57082,353.82,1980
263568589140995,78,40,57082,376.979,1980
263568640057312,78,40,57082,376.979,1980
263568690999070,78,40,57082,389.137,1980
263568750346678,78,40,57082,389.137,1980
263568800521570,64,32,57082,386.519,1980
263568850694794,64,32,57082,386.519,1980
263568900885101,64,32,57082,406.018,1980
263568951050546,64,32,57082,406.018,1980
263569001221783,99,48,57082,434.263,1980
263569051393124,99,48,57082,434.263,1980
263569101569651,99,48,57082,462.924,1980
263569151734321,99,48,57082,462.924,1980
263569201876392,98,48,57082,486.782,1980
263569252033498,98,48,57082,486.782,1980
263569302190142,98,48,57082,511.509,1980
263569352364658,98,48,57082,511.509,1980
263569402564200,98,48,57082,541.26,1980
263569452729193,98,48,57082,541.26,1980
263569502924032,98,48,57082,560.742,1980
263569553094570,98,48,57082,560.742,1980
263569603270289,95,50,57082,579.745,1980
263569653449944,95,50,57082,579.745,1980
263569703621983,95,50,57082,599.83,1980
263569753791508,95,50,57082,599.83,1980
263569803964609,98,54,57082,632.774,1980
263569854163475,98,54,57082,632.774,1980
263569904312154,98,54,57082,640.364,1965
263569954478165,98,54,57082,640.364,1965
263570004648885,95,52,57082,638.922,1965
263570054816103,95,52,57082,638.922,1965
263570104950311,95,52,57082,628.313,1965
263570155110688,95,52,57082,628.313,1965
263570205296810,95,54,57082,627.133,1980
263570255467769,95,54,57082,627.133,1980
263570305636974,95,54,57082,623.6,1980
263570355830077,95,54,57082,623.6,1980
263570406064113,95,52,57082,622.326,1980
263570456275329,95,52,57082,622.326,1980
263570506438053,95,52,57082,618.144,1980
263570556635686,95,52,57082,618.144,1980
263570606789957,96,51,57082,619.477,1980
263570656981163,96,51,57082,619.477,1980
263570707130444,96,51,57082,619.122,1980
263570757253575,96,51,57082,619.122,1980
263570807361722,98,53,57082,618.734,1980
263570857468419,98,53,57082,618.734,1980
263570907582464,98,53,57082,615.808,1980
263570957687220,98,53,57082,615.808,1980
263571007850542,95,52,57082,614.373,1980
263571058015145,95,52,57082,614.373,1980
263571108147171,95,52,57082,617.43,1980
263571159342837,95,52,57082,617.43,1980
263571209448193,98,55,57082,617.549,1980
263571259590705,98,55,57082,617.549,1980
263571309757128,98,55,57082,616.163,1980
263571359881693,98,55,57082,616.163,1980
263571410925212,95,52,57082,615.51,1980
263571461780574,95,52,57082,615.51,1980
263571512996821,95,52,57082,608.263,1980
263571564180876,95,52,57082,608.263,1980
263571615529548,1,1,57082,563.901,1980
263571666574580,1,1,57082,563.901,1980
263571716705838,1,1,57082,522.002,1980
263571769229145,1,1,57082,522.002,1980
263571819419941,21,10,57082,486.408,1980
263571872188478,21,10,57082,462.844,1980
263571925336561,21,10,57082,462.844,1980
263571976134468,58,26,57082,438.54,1980
263572026341323,58,26,57082,438.54,1980
263572078339581,58,26,57082,419.649,1980
263572129884777,58,26,57082,419.649,1980
263572182258177,65,30,57082,393.872,1980
263572232454880,65,30,57082,393.872,1980
263572282897102,65,30,57082,374.292,1980
263572334885925,65,30,57082,374.292,1980
263572385189661,75,36,57082,346.486,1980
263572435311478,75,36,57082,346.486,1980
263572486734632,75,36,57082,336.616,1980
263572537536425,75,36,57082,336.616,1980
263572588681065,84,42,57082,356.008,1980
263572638859625,84,42,57082,356.008,1980
263572689472218,84,42,57082,382.423,1980
263572752079878,84,42,57082,382.423,1980
263572802219851,60,30,57082,386.308,1980
263572852330062,60,30,57082,386.308,1980
263572902495369,60,30,57082,408.47,1980
263572952616732,60,30,57082,408.47,1980
263573002799025,98,49,57082,439.658,1980
263573052930557,98,49,57082,439.658,1980
263573103053881,98,49,57082,459.449,1980
263573153197016,98,49,57082,459.449,1980
263573203319692,98,49,57082,486.112,1980
263573253479935,98,49,57082,486.112,1980
263573303607249,98,49,57082,513.91,1980
263573353715074,98,49,57082,513.91,1980
263573403870949,99,50,57082,535.444,1980
263573454010465,99,50,57082,535.444,1980
263573504206656,99,50,57082,553.806,1980
263573554335505,99,50,57082,553.806,1980
263573604447779,95,52,57082,574.42,1980
263573654611056,95,52,57082,574.42,1980
263573704783083,95,52,57082,595.015,1980
263573754912783,95,52,57082,595.015,1980
263573805048855,97,52,57082,628.458,1980
263573855164137,97,52,57082,628.458,1980
263573905337036,97,52,57082,630.66,1980
263573955499288,97,52,57082,630.66,1980
263574005641456,95,52,57082,626.601,1980
263574055772836,95,52,57082,626.601,1980
263574105945284,95,52,57082,620.6,1980
263574156103955,95,52,57082,620.6,1980
263574206255634,95,53,57082,617.941,1980
263574256375680,95,53,57082,617.941,1980
263574306482189,95,53,57082,612.872,1980
263574356639066,95,53,57082,612.872,1980
263574406813445,95,55,57082,609.513,1980
263574456944068,95,55,57082,609.513,1980
263574507063149,95,55,57082,612.957,1980
263574557224740,95,55,57082,612.957,1980
263574607402289,96,53,57082,611.691,1980
263574657539857,96,53,57082,611.691,1980
263574707653835,96,53,57082,609.947,1980
263574757802110,96,53,57082,609.947,1980
263574807910065,97,52,57082,608.676,1980
263574858105471,97,52,57082,608.676,1980
263574908240401,97,52,57082,607.653,1980
263574958347839,97,52,57082,607.653,1980
263575008450096,98,54,57082,606.954,1980
263575058553608,98,54,57082,606.954,1980
263575108716817,98,54,57082,607.853,1980
263575158908148,98,54,57082,607.853,1980
263575209044683,95,53,57082,607.932,1980
263575259163754,95,53,57082,607.932,1980
263575309278788,95,53,57082,607.885,1980
263575359470135,95,53,57082,607.885,1980
263575410987781,96,62,57082,605.467,1980
263575461981364,96,62,57082,605.467,1980
263575513005511,96,62,57082,563.251,1980
263575564186107,96,62,57082,563.251,1980
263575615057421,2,2,57082,520.929,1980
263575666566985,2,2,57082,520.929,1980
263575719317688,2,2,57082,487.332,1980
263575769512070,2,2,57082,487.332,1980
263575821380118,56,25,57082,463.554,1980
263575873568773,56,25,57082,463.554,1980
263575926366733,56,25,57082,440.384,1980
263575976514362,58,27,57082,415.433,1980
263576028230620,58,27,57082,415.433,1980
263576078939410,58,27,57082,391.219,1980
263576131217450,58,27,57082,391.219,1980
263576181379558,62,29,57082,374.406,1980
263576231577116,62,29,57082,374.406,1980
263576281757920,62,29,57082,346.837,1980
263576331980585,62,29,57082,346.837,1980
263576383385120,71,33,57082,331.671,1980
263576433589869,71,33,57082,331.671,1980
263576483793421,71,33,57082,343.886,1980
263576534802056,71,33,57082,343.886,1980
263576585156175,95,46,57082,367.415,1980
263576635633018,95,46,57082,367.415,1980
263576714744113,95,46,57082,388.641,1980
263576766682927,95,46,57082,388.641,1980
263576816859572,41,20,57082,381.75,1980
263576867008592,41,20,57082,381.75,1980
263576917162646,41,20,57082,412.421,1980
263576967334631,41,20,57082,412.421,1980
263577017509874,99,50,57082,440.105,1980
263577067686798,99,50,57082,440.105,1980
263577117847773,99,50,57082,466.971,1980
263577167997280,99,50,57082,466.971,1980
263577218156617,99,50,57082,493.852,1980
263577268316405,99,50,57082,493.852,1980
263577318438920,99,50,57082,517.934,1980
263577370041618,99,50,57082,517.934,1980
263577420200816,90,46,57082,540.44,1980
263577470366020,90,46,57082,540.44,1980
263577520535418,90,46,57082,560.102,1980
263577570708609,90,46,57082,560.102,1980
263577627887875,95,52,57082,577.943,1980
263577678064254,95,52,57082,599.711,1980
263577728193230,95,52,57082,599.711,1980
263577778319696,96,55,57082,627.928,1980
263577828441825,96,55,57082,627.928,1980
263577878556408,96,55,57082,624.162,1980
263577928714175,96,55,57082,624.162,1980
263577978879485,95,54,57082,618.653,1980
263578029055259,95,54,57082,618.653,1980
263578079167465,95,54,57082,612.131,1980
263578129273794,95,54,57082,612.131,1980
263578179421140,96,55,57082,610.216,1980
263578229551689,96,55,57082,610.216,1980
263578279673509,96,55,57082,607.129,1980
263578329779827,96,55,57082,607.129,1980
263578379925340,95,54,57082,603.154,1980
263578430070162,95,54,57082,603.154,1980
263578480221120,95,54,57082,611.645,1980
263578531379694,95,54,57082,611.645,1980
263578581485653,97,53,57082,613.888,1980
263578631635600,97,53,57082,613.888,1980
263578681815905,97,53,57082,614.74,1980
263578731993900,97,53,57082,614.74,1980
263578782159067,95,54,57082,615.01,1980
263578832283240,95,54,57082,615.01,1980
263578882441624,95,54,57082,617.049,1980
263578932574749,95,54,57082,617.049,1980
263578982694264,97,53,57082,614.366,1980
263579032805516,97,53,57082,614.366,1980
263579082914459,97,53,57082,615.239,1980
263579133087393,97,53,57082,615.239,1980
263579183267589,98,55,57082,617.09,1980
263579233394620,98,55,57082,617.09,1980
263579283498187,98,55,57082,614.514,1980
263579333635467,98,55,57082,614.514,1980
263579383782886,95,54,57082,615.999,1980
263579433901576,95,54,57082,615.999,1980
263579486250206,95,54,57082,613.238,1980
263579537179337,95,54,57082,613.238,1980
263579587988516,6,6,57082,571.066,1980
263579638837966,6,6,57082,571.066,1980
263579689734569,6,6,57082,527.438,1980
263579740354862,6,6,57082,527.438,1980
263579792674737,11,5,57082,488.624,1980
263579844912835,11,5,57082,488.624,1980
263579895126692,11,5,57082,465.293,1980
263579947621004,11,5,57082,465.293,1980
263580000135855,57,26,57082,442.243,1980
263580052226314,57,26,57082,442.243,1980
263580102474391,57,26,57082,418.688,1980
263580152631389,57,26,57082,418.688,1980
263580204833758,63,29,57082,396.215,1980
263580256545316,63,29,57082,396.215,1980
263580306734942,63,29,57082,375.995,1980
263580358222865,63,29,57082,375.995,1980
263580409347360,77,38,57082,353.549,1980
263580459540814,77,38,57082,353.549,1980
263580509754450,77,38,57082,329.701,1980
263580559968066,77,38,57082,329.701,1980
263580610242368,100,49,57082,346.932,1980
263580660729364,100,49,57082,346.932,1980
263580711829827,100,49,57082,370.395,1980
263580762093191,100,49,57082,370.395,1980
263580812211029,53,26,57082,390.454,1980
263580862320153,53,26,57082,390.454,1980
263580912443127,53,26,57082,417.06,1980
263580962563017,53,26,57082,417.06,1980
263581012726971,98,48,57082,446.081,1980
263581062860955,98,48,57082,446.081,1980
263581113301780,98,48,57082,473.046,1980
263581163450266,98,48,57082,473.046,1980
263581213568181,98,48,57082,505.105,1980
263581263719116,98,48,57082,505.105,1980
263581313877761,98,48,57082,534.155,1980
263581364015144,98,48,57082,534.155,1980
263581414158800,86,42,57082,552.637,1980
263581464331574,86,42,57082,552.637,1980
263581514503295,86,42,57082,569.711,1980
263581564659406,86,42,57082,569.711,1980
263581614782285,95,52,57082,589.348,1980
263581664892076,95,52,57082,589.348,1980
263581715051035,95,52,57082,607.704,1980
263581765213264,95,52,57082,607.704,1980
263581815336310,95,52,57082,635.286,1980
263581865443351,95,52,57082,635.286,1980
263581915551700,95,52,57082,629.319,1980
263581965706481,95,52,57082,629.319,1980
263582015867069,98,55,57082,619.999,1980
263582065997403,98,55,57082,619.999,1980
263582116114755,98,55,57082,616.942,1980
263582166245829,98,55,57082,616.942,1980
263582216385523,95,53,57082,610.728,1980
263582266530315,95,53,57082,610.728,1980
263582316692336,95,53,57082,602.468,1980
263582366851804,95,53,57082,602.468,1980
263582417005102,97,52,57082,602.848,1980
263582467170618,97,52,57082,602.848,1980
263582517300093,97,52,57082,601.781,1980
263582567411265,97,52,57082,601.781,1980
263582617521950,95,53,57082,604.596,1980
263582667682755,95,53,57082,604.596,1980
263582717858637,95,53,57082,605.131,1980
263582767985730,95,53,57082,605.131,1980
263582818093548,95,52,57082,601.127,1980
263582868201457,95,52,57082,601.127,1980
263582918336141,95,52,57082,601.117,1980
263582968493446,95,52,57082,601.117,1980
263583018651500,98,54,57082,602.325,1980
263583068774762,98,54,57082,602.325,1980
263583118909966,98,54,57082,606.694,1980
263583169075535,98,54,57082,606.694,1980
263583219240568,95,53,57082,603.36,1980
263583269364053,95,53,57082,603.36,1980
263583319466234,95,53,57082,604.64,1980
263583374290234,95,53,57082,604.64,1980
263583424491864,97,62,57082,601.527,1980
263583475487945,97,62,57082,601.527,1980
263583526643719,97,62,57082,563.363,1980
263583577304078,97,62,57082,563.363,1980
263583647626219,2,2,57082,517.735,1980
263583699186174,2,2,57082,477.307,1980
263583751580722,2,2,57082,477.307,1980
263583804899011,55,24,57082,454.074,1980
263583855128858,55,24,57082,454.074,1980
263583907276867,55,24,57082,427.318,1980
263583960166420,55,24,57082,427.318,1980
263584013028979,59,27,57082,408.272,1980
263584063473063,59,27,57082,408.272,1980
263584113645705,59,27,57082,382.212,1980
263584164027619,59,27,57082,382.212,1980
263584215252611,62,29,57082,359.644,1980
263584265428388,62,29,57082,359.644,1980
263584316113434,62,29,57082,337.082,1980
263584366597125,62,29,57082,337.082,1980
263584416727071,73,36,57082,318.276,1980
263584467595382,73,36,57082,318.276,1980
263584518356382,73,36,57082,333.061,1980
263584569095535,73,36,57082,333.061,1980
263584619288354,96,46,57082,356.019,1980
263584699094865,96,46,57082,374.713,1980
263584749220848,96,46,57082,374.713,1980
263584799331183,44,22,57082,378.767,1980
263584849486700,44,22,57082,378.767,1980
263584899610828,44,22,57082,407.671,1980
263584949726067,44,22,57082,407.671,1980
263584999833757,98,49,57082,435.978,1980
263585049998424,98,49,57082,435.978,1980
263585100185276,98,49,57082,464.987,1980
263585150310778,98,49,57082,464.987,1980
263585200427544,98,49,57082,494.355,1980
263585250576092,98,49,57082,494.355,1980
263585300743719,98,49,57082,522.141,1980
263585350870023,98,49,57082,522.141,1980
263585400977334,85,45,57082,538.711,1980
263585451080948,85,45,57082,538.711,1980
263585501214631,85,45,57082,560.86,1980
263585551374803,85,45,57082,560.86,1980
263585601498524,97,52,57082,581.423,1980
263585651613328,97,52,57082,581.423,1980
263585701722552,97,52,57082,606.358,1980
263585751859998,97,52,57082,606.358,1980
263585801986394,98,54,57082,632.118,1980
263585852126005,98,54,57082,632.118,1980
263585902270369,98,54,57082,630.489,1980
263585952860889,98,54,57082,630.489,1980
263586002984833,95,53,57082,623.507,1980
263586053097473,95,53,57082,623.507,1980
263586103200689,95,53,57082,617.49,1980
263586153303202,95,53,57082,617.49,1980
263586203405002,95,52,57082,610.938,1980
263586253505501,95,52,57082,610.938,1980
263586303604909,95,52,57082,607.994,1980
263586353732428,95,52,57082,607.994,1980
263586403840713,96,54,57082,610.256,1980
263586453945712,96,54,57082,610.256,1980
263586504046350,96,54,57082,610.744,1980
263586554150019,96,54,57082,610.744,1980
263586604257549,96,53,57082,611.736,1980
263586654371827,96,53,57082,611.736,1980
263586704474532,96,53,57082,611.719,1980
263586754580643,96,53,57082,611.719,1980
263586804683726,95,53,57082,611.853,1980
263586854791169,95,53,57082,611.853,1980
263586904894135,95,53,57082,608.943,1980
263586954998436,95,53,57082,608.943,1980
263587005106668,95,54,57082,610.628,1980
263587055209864,95,54,57082,610.628,1980
263587105311072,95,54,57082,612.059,1980
263587155418224,95,54,57082,612.059,1980
263587208984164,96,53,57082,614.67,1980
263587259128221,96,53,57082,614.67,1980
263587310090436,96,53,57082,588.192,1980
263587360947543,96,53,57082,588.192,1980
263587412399655,43,36,57082,543.005,1980
263587480664202,43,36,57082,498.838,1980
263587530919041,43,36,57082,498.838,1980
263587584191169,44,20,57082,473.075,1980
263587636678184,44,20,57082,473.075,1980
263587686882108,44,20,57082,450.759,1980
263587738697804,44,20,57082,450.759,1980
263587792060468,58,27,57082,426.866,1980
263587842745283,58,27,57082,426.866,1980
263587892908154,58,27,57082,404.84,1980
263587943497385,58,27,57082,404.84,1980
263587993693646,63,29,57082,378.901,1980
263588043907867,63,29,57082,378.901,1980
263588094611534,63,29,57082,359.126,1980
263588144774197,63,29,57082,359.126,1980
263588194940925,74,37,57082,340.598,1980
263588245070947,74,37,57082,340.598,1980
263588296346286,74,37,57082,339.687,1980
263588346760634,74,37,57082,339.687,1980
263588397049590,100,49,57082,359.158,1980
263588447158974,100,49,57082,359.158,1980
263588498548837,100,49,57082,378.626,1980
263588548671196,100,49,57082,378.626,1980
263588598774338,49,24,57082,387.521,1980
263588648877640,49,24,57082,387.521,1980
263588698986050,49,24,57082,416.715,1980
263588749093962,49,24,57082,416.715,1980
263588799199167,98,49,57082,446.216,1980
263588849347731,98,49,57082,446.216,1980
263588899506718,98,49,57082,472.886,1980
263588949625753,98,49,57082,472.886,1980
263588999771220,98,49,57082,497.125,1980
263589049895331,98,49,57082,497.125,1980
263589105109990,98,49,57082,528.163,1980
263589155278468,98,49,57082,528.163,1980
263589205403532,84,45,57082,545.896,1980
263589255514855,84,45,57082,545.896,1980
263589305632286,84,45,57082,567.805,1980
263589355766209,84,45,57082,567.805,1980
263589405879071,95,54,57082,586.048,1980
263589455986050,95,54,57082,586.048,1980
263589506097923,95,54,57082,609.368,1980
263589556210212,95,54,57082,609.368,1980
263589606359369,95,53,57082,635.623,1980
263589656479885,95,53,57082,635.623,1980
263589706584829,95,53,57082,628.307,1980
263589756770512,95,53,57082,628.307,1980
263589806903561,96,52,57082,621.957,1980
263589857043005,96,52,57082,621.957,1980
263589907160306,96,52,57082,616.923,1980
263589957261988,96,52,57082,616.923,1980
263590007365194,98,55,57082,612.172,1980
263590057468705,98,55,57082,612.172,1980
263590107605472,98,55,57082,608.882,1980
263590157743224,98,55,57082,608.882,1980
263590207950716,95,53,57082,610.879,1980
263590258058486,95,53,57082,610.879,1980
263590308159892,95,53,57082,609.571,1980
263590358259465,95,53,57082,609.571,1980
263590408373523,97,52,57082,610.652,1980
263590458483156,97,52,57082,610.652,1980
263590508583980,97,52,57082,608.538,1980
263590558685101,97,52,57082,608.538,1980
263590608788154,98,53,57082,604.835,1980
263590658894142,98,53,57082,604.835,1980
263590709011420,98,53,57082,605.759,1980
263590759125261,98,53,57082,605.759,1980
263590809288986,95,54,57082,607.313,1980
263590859419159,95,54,57082,607.313,1980
263590909525729,95,54,57082,608.715,1980
263590959627294,95,54,57082,608.715,1980
263591009735080,95,55,57082,609.491,1980
263591059852229,95,55,57082,609.491,1980
263591111436418,95,55,57082,608.104,1980
263591161544604,95,55,57082,608.104,1980
263591212446239,35,31,57082,570.093,1980
263591263482085,35,31,57082,570.093,1980
263591314594086,35,31,57082,537.908,1980
263591377700058,35,31,57082,537.908,1980
263591429365812,2,2,57082,486.458,1980
263591482521756,2,2,57082,461.276,1980
263591535345648,2,2,57082,461.276,1980
263591588628135,57,26,57082,441.485,1980
263591640662955,57,26,57082,441.485,1980
263591691134418,57,26,57082,420.966,1980
263591741254758,57,26,57082,420.966,1980
263591791463217,62,28,57082,394.244,1980
263591842466335,62,28,57082,394.244,1980
263591892734199,62,28,57082,369.36,1980
263591943821738,62,28,57082,369.36,1980
263591994010899,72,34,57082,346.251,1980
263592044177768,72,34,57082,346.251,1980
263592095491554,72,34,57082,329.691,1980
263592145668502,72,34,57082,329.691,1980
263592195805777,79,40,57082,342.681,1980
263592246037602,79,40,57082,342.681,1980
263592296668117,79,40,57082,362.0,1980
263592346864079,79,40,57082,362.0,1980
263592405925204,99,49,57082,381.132,1980
263592456050754,99,49,57082,381.132,1980
263592506175573,99,49,57082,389.049,1980
263592556310099,99,49,57082,389.049,1980
263592606420748,97,48,57082,418.232,1980
263592656531625,97,48,57082,418.232,1980
263592706660589,97,48,57082,447.423,1980
263592756768853,97,48,57082,447.423,1980
263592806922578,98,48,57082,474.549,1980
263592857047065,98,48,57082,474.549,1980
263592907160944,98,48,57082,500.277,1980
263592957269813,98,48,57082,500.277,1980
263593007384707,98,48,57082,527.07,1980
263593057540363,98,48,57082,527.07,1980
263593107707310,98,48,57082,547.632,1980
263593157835603,98,48,57082,547.632,1980
263593207974812,93,50,57082,566.911,1980
263593258102936,93,50,57082,566.911,1980
263593308224346,93,50,57082,587.815,1980
263593358339418,93,50,57082,587.815,1980
263593408486158,93,51,57082,611.053,1980
263593458597210,93,51,57082,611.053,1980
263593508723426,93,51,57082,631.756,1980
263593558839789,93,51,57082,631.756,1980
263593608946727,95,50,57082,625.448,1980
263593659103733,95,50,57082,625.448,1980
263593709247487,95,50,57082,619.167,1980
263593759368467,95,50,57082,619.167,1980
263593809481178,98,53,57082,615.14,1980
263593859592349,98,53,57082,615.14,1980
263593909704865,98,53,57082,609.743,1980
263593959828087,98,53,57082,609.743,1980
263594009949087,93,51,57082,605.012,1980
263594060079192,93,51,57082,605.012,1980
263594110190417,93,51,57082,608.467,1980
263594160304791,93,51,57082,608.467,1980
263594210428321,95,54,57082,605.169,1980
263594260535665,95,54,57082,605.169,1980
263594310643549,95,54,57082,604.893,1980
263594360748949,95,54,57082,604.893,1980
263594410875909,93,52,57082,605.857,1980
263594461000038,93,52,57082,605.857,1980
263594511120479,93,52,57082,605.513,1980
263594561221958,93,52,57082,605.513,1980
263594611324768,95,51,57082,605.525,1980
263594661446239,95,51,57082,605.525,1980
263594711561630,95,51,57082,604.351,1980
263594761673186,95,51,57082,604.351,1980
263594811775652,95,51,57082,604.131,1980
263594861880820,95,51,57082,604.131,1980
263594911982083,95,51,57082,606.193,1980
263594962088014,95,51,57082,606.193,1980
263595012198476,93,52,57082,605.503,1980
263595062801137,93,52,57082,605.503,1980
263595112931474,93,52,57082,594.086,1980
263595163817959,93,52,57082,594.086,1980
263595214803446,3,3,57082,552.384,1980
263595265547404,3,3,57082,552.384,1980
263595316726517,3,3,57082,510.143,1980
263595367991999,3,3,57082,510.143,1980
263595418191178,9,4,57082,477.968,1980
263595470773015,9,4,57082,477.968,1980
263595520971113,9,4,57082,449.694,1980
263595573098671,9,4,57082,449.694,1980
263595625774777,58,26,57082,425.435,1980
263595675945445,58,26,57082,425.435,1980
263595726090458,58,26,57082,402.653,1980
263595776210514,58,26,57082,402.653,1980
263595828966738,61,28,57082,384.329,1980
263595880923275,61,28,57082,384.329,1980
263595932742973,61,28,57082,360.114,1980
263595982884438,61,28,57082,360.114,1980
263596033727289,68,32,57082,339.595,1980
263596083912582,68,32,57082,339.595,1980
263596135311196,68,32,57082,322.552,1980
263596185460259,77,38,57082,345.557,1980
263596235599546,77,38,57082,345.557,1980
263596285739924,77,38,57082,365.103,1980
263596336377286,77,38,57082,365.103,1980
263596413950796,99,49,57082,382.947,1980
263596464074716,99,49,57082,382.947,1980
263596514199012,99,49,57082,382.753,1980
263596564305738,99,49,57082,382.753,1980
263596614416848,97,50,57082,412.038,1980
263596664528810,97,50,57082,412.038,1980
263596714643445,97,50,57082,444.625,1980
263596764768321,97,50,57082,444.625,1980
263596814873835,97,49,57082,469.217,1980
263596864980628,97,49,57082,469.217,1980
263596915086629,97,49,57082,497.157,1980
263596965207416,97,49,57082,497.157,1980
263597015328298,98,49,57082,522.381,1980
263597065439051,98,49,57082,522.381,1980
263597115546486,98,49,57082,542.055,1980
263597165661720,98,49,57082,542.055,1980
263597215769117,94,50,57082,563.016,1980
263597265871581,94,50,57082,563.016,1980
263597315977699,94,50,57082,581.678,1980
263597366083323,94,50,57082,581.678,1980
263597416188219,93,52,57082,598.538,1980
263597466297125,93,52,57082,598.538,1980
263597516404615,93,52,57082,628.238,1980
263597566512460,93,52,57082,628.238,1980
263597616620924,95,51,57082,621.678,1980
263597666733796,95,51,57082,621.678,1980
263597716854684,95,51,57082,614.726,1980
263597766961465,95,51,57082,614.726,1980
263597817068845,97,53,57082,607.815,1980
263597867177519,97,53,57082,607.815,1980
263597917291205,97,53,57082,604.268,1980
263597967396530,97,53,57082,604.268,1980
263598017502069,94,52,57082,601.577,1980
263598067610018,94,52,57082,601.577,1980
263598117715112,94,52,57082,607.925,1980
263598167817758,94,52,57082,607.925,1980
263598217924822,94,53,57082,608.984,1980
263598268032052,94,53,57082,608.984,1980
263598318136492,94,53,57082,606.557,1980
263598368238837,94,53,57082,606.557,1980
263598418346967,93,52,57082,607.148,1980
263598468453273,93,52,57082,607.148,1980
263598518559873,93,52,57082,604.863,1980
263598568661147,93,52,57082,604.863,1980
263598618760790,95,51,57082,604.551,1980
263598668864223,95,51,57082,604.551,1980
263598718973382,95,51,57082,605.659,1980
263598769045728,95,51,57082,605.659,1980
263598819146291,98,54,57082,605.802,1980
263598869247433,98,54,57082,605.802,1980
263598919351517,98,54,57082,608.292,1980
263598969488087,98,54,57082,608.292,1980
263599020158497,93,52,57082,604.186,1980
263599070665010,93,52,57082,604.186,1980
263599123721770,93,52,57082,587.214,1980
263599174783884,93,52,57082,587.214,1980
263599225701595,1,1,57082,541.788,1980
263599276595278,1,1,57082,541.788,1980
263599334438916,1,1,57082,500.138,1980
263599387348344,14,7,57082,466.419,1980
263599437508243,14,7,57082,466.419,1980
263599490189576,14,7,57082,447.83,1980
263599542694950,14,7,57082,447.83,1980
263599592842873,56,26,57082,420.512,1980
263599645420266,56,26,57082,420.512,1980
263599697568487,56,26,57082,403.049,1980
263599748688287,56,26,57082,403.049,1980
263599799698730,61,27,57082,379.356,1980
263599849854355,61,27,57082,379.356,1980
263599900921828,61,27,57082,351.12,1980
263599952272777,61,27,57082,351.12,1980
263600003221548,64,30,57082,336.027,1980
263600054851870,64,30,57082,336.027,1980
263600104979892,64,30,57082,325.111,1980
263600155945818,64,30,57082,325.111,1980
263600206840403,77,38,57082,343.721,1980
263600257452199,77,38,57082,343.721,1980
263600308257443,77,38,57082,365.919,1980
263600358923681,77,38,57082,365.919,1980
263600415333810,100,49,57082,383.694,1980
263600465451331,100,49,57082,383.694,1980
263600515561983,100,49,57082,384.54,1980
263600565668740,100,49,57082,384.54,1980
263600615779424,98,53,57082,417.925,1935
263600665904669,98,53,57082,417.925,1935
263600716022127,98,53,57082,448.107,1965
263600766130704,98,53,57082,448.107,1965
263600816237421,98,52,57082,477.667,1965
263600866343013,98,52,57082,477.667,1965
263600916454497,98,52,57082,507.374,1980
263600966561653,98,52,57082,507.374,1980
263601016681828,98,52,57082,539.786,1980
263601066794669,98,52,57082,539.786,1980
263601117026142,98,52,57082,566.284,1980
263601167139717,98,52,57082,566.284,1980
263601217243964,84,45,57082,586.698,1980
263601267364172,84,45,57082,586.698,1980
263601317467476,84,45,57082,614.072,1980
263601367572082,84,45,57082,614.072,1980
263601417679102,98,56,57082,632.667,1980
263601467785463,98,56,57082,632.667,1980
263601517887018,98,56,57082,665.487,1980
263601567992488,98,56,57082,665.487,1980
263601618099965,95,54,57082,659.17,1980
263601668202489,95,54,57082,659.17,1980
263601718307437,95,54,57082,653.644,1980
263601768407744,95,54,57082,653.644,1980
263601818521556,93,54,57082,650.87,1980
263601868628934,93,54,57082,650.87,1980
263601918731817,93,54,57082,645.042,1980
263601968834815,93,54,57082,645.042,1980
263602018937951,95,54,57082,638.014,1980
263602069043956,95,54,57082,638.014,1980
263602119147586,95,54,57082,627.98,1980
263602169253757,95,54,57082,627.98,1980
263602219359827,93,54,57082,633.426,1980
263602269465062,93,54,57082,633.426,1980
263602319565053,93,54,57082,631.369,1980
263602369691174,93,54,57082,631.369,1980
263602419800709,94,56,57082,626.729,1980
263602469907673,94,56,57082,626.729,1980
263602520013674,94,56,57082,625.334,1980
263602570119402,94,56,57082,625.334,1980
263602620221139,93,54,57082,622.786,1980
263602670323325,93,54,57082,622.786,1980
263602720430079,93,54,57082,621.613,1980
263602770561405,93,54,57082,621.613,1980
263602820667281,98,56,57082,620.275,1980
263602870768636,98,56,57082,620.275,1980
263602920895002,98,56,57082,621.92,1980
263602971007563,98,56,57082,621.92,1980
263603021110242,93,55,57082,625.871,1980
263603071223153,93,55,57082,625.871,1980
263603121343671,93,55,57082,628.386,1980
263603171447112,93,55,57082,628.386,1980
263603221549666,98,56,57082,625.619,1980
263603271657043,98,56,57082,625.619,1980
263603321877270,98,56,57082,627.353,1980
263603375219836,98,56,57082,627.353,1980
263603425612082,88,60,57082,613.143,1980
263603476319648,88,60,57082,613.143,1980
263603526960019,88,60,57082,567.797,1980
263603578076501,88,60,57082,567.797,1980
263603635052176,2,2,57082,526.723,1980
263603685941694,2,2,57082,526.723,1980
263603736069277,2,2,57082,490.066,1980
263603789683094,55,25,57082,459.902,1980
263603842381587,55,25,57082,459.902,1980
263603892500364,55,25,57082,431.361,1980
263603943476080,55,25,57082,431.361,1980
263603995627335,60,27,57082,405.423,1980
263604046245401,60,27,57082,405.423,1980
263604098334873,60,27,57082,385.413,1980
263604149557304,60,27,57082,385.413,1980
263604201579653,63,30,57082,359.112,1980
263604253354369,63,30,57082,359.112,1980
263604303537765,63,30,57082,335.71,1980
263604353699431,63,30,57082,335.71,1980
263604404979596,74,37,57082,320.896,1980
263604455861290,74,37,57082,320.896,1980
263604506901211,74,37,57082,342.782,1980
263604557615013,74,37,57082,342.782,1980
263604608022073,99,48,57082,369.252,1980
263604676244176,99,48,57082,369.252,1980
263604732077954,99,48,57082,375.638,1980
263604782184603,99,48,57082,375.638,1980
263604832323564,51,27,57082,397.526,1980
263604882437994,51,27,57082,397.526,1980
263604932553963,51,27,57082,430.883,1980
263604982662537,51,27,57082,430.883,1980
263605032846870,96,52,57082,458.344,1980
263605082955172,96,52,57082,458.344,1980
263605133062936,96,52,57082,491.163,1980
263605183173056,96,52,57082,491.163,1980
263605233281209,98,53,57082,522.333,1980
263605283386360,98,53,57082,522.333,1980
263605333518066,98,53,57082,552.086,1980
263605383634409,98,53,57082,552.086,1980
263605433763885,98,52,57082,576.87,1980
263605483873495,98,52,57082,576.87,1980
263605533979096,98,52,57082,599.729,1980
263605584052092,98,52,57082,599.729,1980
263605634196676,93,52,57082,618.707,1980
263605684326814,93,52,57082,618.707,1980
263605734438436,93,52,57082,654.255,1980
263605785970989,93,52,57082,654.255,1980
263605836116031,98,56,57082,663.19,1980
263605888016900,98,56,57082,663.19,1980
263605939035619,98,56,57082,657.574,1980
263605989185973,98,56,57082,657.574,1980
263606039339217,95,53,57082,653.555,1980
263606089493125,95,53,57082,647.476,1980
263606139605955,95,53,57082,647.476,1980
263606189741625,95,53,57082,642.02,1980
263606239863363,93,54,57082,642.02,1980
263606289977643,93,54,57082,637.463,1980
263606340480239,93,54,57082,637.463,1980
263606390594659,95,54,57082,628.961,1980
263606440718073,95,54,57082,628.961,1980
263606490841390,95,54,57082,631.701,1980
263606540950993,95,54,57082,631.701,1980
263606591055671,93,54,57082,631.326,1980
263606641175256,93,54,57082,631.326,1980
263606691289733,93,54,57082,629.155,1980
263606741399807,93,54,57082,629.155,1980
263606791505934,96,57,57082,626.041,1980
263606841627594,96,57,57082,626.041,1980
263606891744116,96,57,57082,624.158,1980
263606941850214,96,57,57082,624.158,1980
263606991963282,93,54,57082,623.005,1980
263607042054021,93,54,57082,623.005,1980
263607092164174,93,54,57082,622.317,1980
263607142270356,93,54,57082,622.317,1980
263607192467540,98,56,57082,620.702,1980
263607242608338,98,56,57082,620.702,1980
263607292725156,98,56,57082,620.136,1980
263607342832766,98,56,57082,620.136,1980
263607392949774,93,53,57082,621.222,1980
263607443062909,93,53,57082,621.222,1980
263607493178631,93,53,57082,620.089,1980
263607543285297,93,53,57082,620.089,1980
263607593390113,98,56,57082,622.479,1980
263607644062292,98,56,57082,622.479,1980
263607695074713,98,56,57082,591.044,1980
263607745751232,98,56,57082,591.044,1980
263607796671193,2,2,57082,548.076,1980
263607847747044,2,2,57082,548.076,1980
263607898268020,2,2,57082,503.515,1980
263607950653508,2,2,57082,503.515,1980
263608001146129,32,14,57082,474.623,1980
263608053952032,32,14,57082,474.623,1980
263608104136708,32,14,57082,452.408,1980
263608157141763,32,14,57082,452.408,1980
263608208589139,58,26,57082,427.468,1980
263608258984095,58,26,57082,427.468,1980
263608311226037,58,26,57082,402.001,1980
263608361350099,58,26,57082,402.001,1980
263608411990988,64,29,57082,379.227,1980
263608462163589,64,29,57082,379.227,1980
263608513475721,64,29,57082,350.551,1980
263608564079714,64,29,57082,350.551,1980
263608614246434,78,39,57082,332.956,1980
263608664511333,78,39,57082,332.956,1980
263608714650642,78,39,57082,335.412,1980
263608764763867,78,39,57082,335.412,1980
263608814919523,100,49,57082,357.28,1980
263608875169617,100,49,57082,357.28,1980
263608929220491,100,49,57082,370.073,1980
263608979349467,100,49,57082,370.073,1980
263609029460559,58,31,57082,396.152,1980
263609079587631,58,31,57082,396.152,1980
263609129698100,58,31,57082,422.814,1980
263609179810313,58,31,57082,422.814,1980
263609229924676,97,52,57082,451.773,1980
263609280038069,97,52,57082,451.773,1980
263609330146253,97,52,57082,480.404,1980
263609380251860,97,52,57082,480.404,1980
263609430372572,97,52,57082,508.957,1980
263609480480570,97,52,57082,508.957,1980
263609530586454,97,52,57082,529.041,1980
263609580691613,97,52,57082,529.041,1980
263609630805320,85,46,57082,548.774,1980
263609680911681,85,46,57082,548.774,1980
263609731018657,85,46,57082,575.105,1980
263609781121037,85,46,57082,575.105,1980
263609831227766,93,54,57082,595.877,1980
263609881336697,93,54,57082,595.877,1980
263609931449154,93,54,57082,624.195,1980
263609981558411,93,54,57082,624.195,1980
263610031667904,95,55,57082,632.116,1980
263610081776209,95,55,57082,632.116,1980
263610131880464,95,55,57082,630.534,1980
263610181983166,95,55,57082,630.534,1980
263610232089854,96,55,57082,619.498,1980
263610282192746,96,55,57082,619.498,1980
263610332294360,96,55,57082,609.561,1980
263610382397317,96,55,57082,609.561,1980
263610432516604,93,53,57082,605.208,1980
263610482623330,93,53,57082,605.208,1980
263610532786426,93,53,57082,606.792,1980
263610582889493,93,53,57082,606.792,1980
263610632993514,95,53,57082,616.287,1980
263610683100284,95,53,57082,616.287,1980
263610733202634,95,53,57082,604.629,1980
263610783305103,95,53,57082,604.629,1980
263610833781623,98,55,57082,600.822,1980
263610883884002,98,55,57082,600.822,1980
263610933986723,98,55,57082,603.211,1980
263610984093629,98,55,57082,603.211,1980
263611034195873,94,54,57082,602.534,1980
263611084301426,94,54,57082,602.534,1980
263611134416930,94,54,57082,593.469,1980
263611184523227,94,54,57082,593.469,1980
263611234626502,95,52,57082,601.494,1980
263611284727897,95,52,57082,601.494,1980
263611334830814,95,52,57082,611.722,1980
263611384937586,95,52,57082,611.722,1980
263611436923618,98,55,57082,613.395,1980
263611487647139,98,55,57082,613.395,1980
263611539224442,98,55,57082,569.536,1980
263611590179379,98,55,57082,569.536,1980
263611641343748,2,2,57082,522.189,1980
263611697160134,2,2,57082,484.997,1980
263611748772603,2,2,57082,484.997,1980
263611798920460,45,21,57082,466.512,1980
263611851738498,45,21,57082,466.512,1980
263611904677486,45,21,57082,440.135,1980
263611954807130,45,21,57082,440.135,1980
263612006960266,58,26,57082,417.945,1980
263612057154624,58,26,57082,417.945,1980
263612108783848,58,26,57082,398.153,1980
263612159904139,58,26,57082,398.153,1980
263612210130675,61,27,57082,378.859,1980
263612260929197,61,27,57082,378.859,1980
263612311117809,61,27,57082,341.706,1980
263612362302791,61,27,57082,341.706,1980
263612412484359,66,31,57082,319.239,1980
263612463382738,66,31,57082,319.239,1980
263612514745289,66,31,57082,338.27,1980
263612564984265,66,31,57082,338.27,1980
263612615142907,75,38,57082,355.905,1980
263612665325355,75,38,57082,355.905,1980
263612715716670,75,38,57082,378.351,1980
263612766536775,75,38,57082,378.351,1980
263612821519974,99,48,57082,383.921,1980
263612871626130,99,48,57082,383.921,1980
263612921734000,99,48,57082,384.887,1980
263612971841811,99,48,57082,384.887,1980
263613021943062,97,49,57082,417.383,1980
263613072049624,97,49,57082,417.383,1980
263613122165059,97,49,57082,444.542,1965
263613172269694,97,49,57082,444.542,1965
263613222376533,97,49,57082,471.354,1965
263613272517026,97,49,57082,471.354,1965
263613322618501,97,49,57082,499.725,1980
263613372770468,97,49,57082,499.725,1980
263613422883105,98,49,57082,525.002,1980
263613472990374,98,49,57082,525.002,1980
263613523098634,98,49,57082,544.084,1980
263613573226154,98,49,57082,544.084,1980
263613623339533,98,51,57082,562.682,1980
263613673444737,98,51,57082,562.682,1980
263613723550827,98,51,57082,592.055,1980
263613773658852,98,51,57082,592.055,1980
263613824223240,93,52,57082,604.367,1980
263613874327368,93,52,57082,604.367,1980
263613924429217,93,52,57082,633.131,1980
263613974541809,93,52,57082,633.131,1980
263614024649380,93,53,57082,627.715,1980
263614074751400,93,53,57082,627.715,1980
263614124858553,93,53,57082,621.125,1980
263614174961171,93,53,57082,621.125,1980
263614225063372,93,52,57082,619.363,1980
263614275166341,93,52,57082,619.363,1980
263614325268321,93,52,57082,614.858,1980
263614375374738,93,52,57082,614.858,1980
263614425490728,95,51,57082,606.761,1980
263614475606520,95,51,57082,606.761,1980
263614525714839,95,51,57082,607.241,1980
263614575814453,95,51,57082,607.241,1980
263614625916010,93,52,57082,611.503,1980
263614676021940,93,52,57082,611.503,1980
263614726126152,93,52,57082,609.306,1980
263614776229700,93,52,57082,609.306,1980
263614826331902,94,50,57082,610.789,1980
263614876433916,94,50,57082,610.789,1980
263614926538611,94,50,57082,610.074,1980
263614976655608,94,50,57082,610.074,1980
263615026757228,98,54,57082,608.199,1980
263615076862438,98,54,57082,608.199,1980
263615126991577,98,54,57082,609.422,1980
263615177106955,98,54,57082,609.422,1980
263615227761779,93,51,57082,610.364,1980
263615277864842,93,51,57082,610.364,1980
263615327964694,93,51,57082,611.634,1980
263615378064961,93,51,57082,611.634,1980
263615428168874,96,55,57082,614.34,1980
263615478274908,96,55,57082,614.34,1980
263615529267496,96,55,57082,615.716,1980
263615579373175,96,55,57082,615.716,1980
263615630452845,50,39,57082,581.552,1980
263615681126644,50,39,57082,581.552,1980
263615732101522,50,39,57082,539.252,1980
263615798211993,2,2,57082,496.128,1980
263615848327502,2,2,57082,496.128,1980
263615898536761,2,2,57082,469.77,1980
263615951433699,2,2,57082,469.77,1980
263616001611084,56,25,57082,446.742,1980
263616054703927,56,25,57082,446.742,1980
263616107888279,56,25,57082,425.181,1980
263616158067062,56,25,57082,425.181,1980
263616209156841,59,27,57082,401.105,1980
263616261918392,59,27,57082,401.105,1980
263616313396853,59,27,57082,375.336,1980
263616363529212,59,27,57082,375.336,1980
263616415895541,55,26,57082,351.932,1980
263616466874449,55,26,57082,351.932,1980
263616518352637,55,26,57082,323.742,1980
263616568562724,55,26,57082,323.742,1980
263616619917347,68,32,57082,332.564,1980
263616671362982,68,32,57082,332.564,1980
263616722405267,68,32,57082,350.581,1980
263616772548592,68,32,57082,350.581,1980
263616822692358,83,42,57082,373.027,1980
263616873111826,83,42,57082,373.027,1980
263616933373921,83,42,57082,383.548,1980
263616983514704,83,42,57082,383.548,1980
263617033639036,52,26,57082,377.963,1980
263617083745272,52,26,57082,377.963,1980
263617133864571,52,26,57082,407.539,1980
263617183981351,52,26,57082,407.539,1980
263617234101097,97,50,57082,435.111,1980
263617284213362,97,50,57082,435.111,1980
263617334320431,97,50,57082,461.539,1980
263617384425327,97,50,57082,461.539,1980
263617434557868,97,50,57082,493.675,1980
263617484669103,97,50,57082,493.675,1980
263617534808933,97,50,57082,518.565,1980
263617585390725,97,50,57082,518.565,1980
263617635497060,97,49,57082,544.702,1980
263617685605856,97,49,57082,544.702,1980
263617735710747,97,49,57082,563.257,1980
263617785821388,97,49,57082,563.257,1980
263617836074631,93,50,57082,586.543,1980
263617886185231,93,50,57082,586.543,1980
263617936316904,93,50,57082,602.834,1980
263617986439700,93,50,57082,602.834,1980
263618036548679,98,56,57082,628.457,1980
263618087773670,98,56,57082,628.457,1980
263618137880705,98,56,57082,623.821,1980
263618187982470,98,56,57082,623.821,1980
263618238097567,93,52,57082,621.36,1980
263618289499339,93,52,57082,621.36,1980
263618339608178,93,52,57082,610.333,1980
263618389709296,93,52,57082,610.333,1980
263618439815318,93,53,57082,604.432,1980
263618489921506,93,53,57082,604.432,1980
263618540032073,93,53,57082,596.938,1980
263618590140201,93,53,57082,596.938,1980
263618640248818,93,52,57082,595.255,1980
263618690358792,93,52,57082,595.255,1980
263618740478789,93,52,57082,596.155,1980
263618790586873,93,52,57082,596.155,1980
263618840691103,95,51,57082,594.416,1980
263618890794681,95,51,57082,594.416,1980
263618940899373,95,51,57082,596.626,1980
263618991007086,95,51,57082,596.626,1980
263619041126397,95,52,57082,602.817,1980
263619091230430,95,52,57082,602.817,1980
263619141333808,95,52,57082,600.483,1980
263619191438219,95,52,57082,600.483,1980
263619241544603,93,52,57082,600.016,1980
263619291653187,93,52,57082,600.016,1980
263619341753630,93,52,57082,604.925,1980
263619391855850,93,52,57082,604.925,1980
263619441975352,98,55,57082,607.624,1980
263619492078347,98,55,57082,607.624,1980
263619542179610,98,55,57082,604.464,1980
263619592288903,98,55,57082,604.464,1980
263619642401357,93,53,57082,601.422,1980
263619694029301,93,53,57082,601.422,1980
263619745191150,93,53,57082,587.465,1980
263619796318080,93,53,57082,587.465,1980
263619847394277,1,1,57082,544.444,1980
263619898515476,1,1,57082,503.617,1980
263619949479998,1,1,57082,503.617,1980
263620001689054,14,7,57082,468.132,1980
263620054236591,14,7,57082,468.132,1980
263620105947221,14,7,57082,449.987,1980
263620158757190,14,7,57082,449.987,1980
263620208957649,53,24,57082,421.37,1980
263620261292342,53,24,57082,421.37,1980
263620314239955,53,24,57082,396.934,1980
263620364384594,53,24,57082,396.934,1980
263620415735900,58,27,57082,371.862,1980
263620466126979,58,27,57082,371.862,1980
263620518792249,58,27,57082,351.068,1980
263620570632361,58,27,57082,351.068,1980
263620622085671,63,30,57082,331.684,1980
263620673903628,63,30,57082,331.684,1980
263620724065796,63,30,57082,321.978,1980
263620775923728,63,30,57082,321.978,1980
263620826762805,73,35,57082,340.256,1980
263620877066085,73,35,57082,340.256,1980
263620927657193,73,35,57082,362.173,1980
263620977818793,73,35,57082,362.173,1980
263621027944772,86,42,57082,381.082,1980
263621087873577,86,42,57082,381.082,1980
263621137988724,86,42,57082,376.439,1980
263621188102078,86,42,57082,376.439,1980
263621238224670,45,22,57082,393.091,1980
263621288343070,45,22,57082,393.091,1980
263621338453299,45,22,57082,422.479,1980
263621388566331,45,22,57082,422.479,1980
263621438674183,97,47,57082,451.289,1980
263621488810384,97,47,57082,451.289,1980
263621538943299,97,47,57082,475.716,1980
263621589055310,97,47,57082,475.716,1980
263621639242726,98,48,57082,503.697,1980
263621689417411,98,48,57082,503.697,1980
263621846359034,98,48,57082,555.351,1980
263621896484603,84,40,57082,555.351,1980
263621946594221,84,40,57082,580.146,1965
263621996705494,84,40,57082,580.146,1965
263622046812833,98,53,57082,598.874,1965
263622096921451,98,53,57082,598.874,1965
263622147031217,98,53,57082,626.631,1965
263622197139158,98,53,57082,626.631,1980
263622247250034,93,51,57082,634.927,1980
263622297365380,93,51,57082,634.927,1980
263622347476640,93,51,57082,625.626,1980
263622397583163,93,51,57082,625.626,1980
263622447687203,98,54,57082,622.353,1980
263622497807005,98,54,57082,617.929,1980
263622547913063,98,54,57082,617.929,1980
263622598022216,98,54,57082,611.592,1980
263622648143637,93,51,57082,611.592,1980
263622698250367,93,51,57082,608.013,1980
263622749077630,93,51,57082,608.013,1980
263622799180238,93,53,57082,610.053,1980
263622849284644,93,53,57082,610.053,1980
263622899392560,93,53,57082,604.214,1980
263622949500858,93,53,57082,604.214,1980
263622999604348,93,51,57082,602.486,1980
263623049706191,93,51,57082,602.486,1980
263623099805872,93,51,57082,601.801,1980
263623149910608,93,51,57082,601.801,1980
263623200030650,95,51,57082,602.711,1980
263623250134512,95,51,57082,602.711,1980
263623300272313,95,51,57082,605.354,1980
263623350378109,95,51,57082,605.354,1980
263623400480641,93,52,57082,605.919,1980
263623450588261,93,52,57082,605.919,1980
263623500694041,93,52,57082,605.776,1980
263623550798201,93,52,57082,605.776,1980
263623600904201,95,50,57082,606.851,1980
263623651038123,95,50,57082,606.851,1980
263623701142105,95,50,57082,608.245,1980
263623751242996,95,50,57082,608.245,1980
263623801343267,98,53,57082,609.657,1980
263623851738763,98,53,57082,609.657,1980
263623902454167,98,53,57082,577.619,1980
263623953327104,98,53,57082,577.619,1980
263624004061185,2,2,57082,532.36,1980
263624054985951,2,2,57082,532.36,1980
263624105165138,2,2,57082,494.427,1980
263624157703322,2,2,57082,494.427,1980
263624207850470,36,16,57082,471.217,1980
263624258029979,36,16,57082,471.217,1980
263624310540839,36,16,57082,448.804,1980
263624363458093,36,16,57082,448.804,1980
263624413602587,57,26,57082,422.32,1980
263624465922126,57,26,57082,422.32,1980
263624519146766,57,26,57082,399.312,1980
263624570782374,57,26,57082,399.312,1980
263624621766878,60,27,57082,381.829,1980
263624674240090,60,27,57082,381.829,1980
263624725182843,60,27,57082,350.407,1980
263624775430802,60,27,57082,350.407,1980
263624826944221,65,31,57082,328.724,1980
263624878184786,65,31,57082,328.724,1980
263624928305973,65,31,57082,332.27,1980
263624979333139,65,31,57082,332.27,1980
263625030290803,82,41,57082,354.033,1980
263625080446210,82,41,57082,354.033,1980
263625130598993,82,41,57082,376.945,1980
263625194038102,82,41,57082,376.945,1980
263625244146027,93,46,57082,376.913,1980
263625294280920,93,46,57082,376.913,1980
263625344393567,93,46,57082,386.982,1980
263625394498819,93,46,57082,386.982,1980
263625444632972,98,48,57082,420.109,1980
263625494740774,98,48,57082,420.109,1980
263625544843878,98,48,57082,447.223,1965
263625594949070,98,48,57082,447.223,1965
263625645054259,98,48,57082,475.037,1965
263625695258988,98,48,57082,475.037,1965
263625745368928,98,48,57082,503.439,1965
263625795471517,98,48,57082,503.439,1965
263625845595395,97,48,57082,530.149,1980
263625895703240,97,48,57082,530.149,1980
263625945805298,97,48,57082,552.507,1980
263625995909149,97,48,57082,552.507,1980
263626046016233,98,52,57082,575.321,1980
263626096133567,98,52,57082,575.321,1980
263626146235240,98,52,57082,596.862,1980
263626196336031,98,52,57082,596.862,1980
263626246436131,93,52,57082,626.073,1980
263626296539079,93,52,57082,626.073,1980
263626346641961,93,52,57082,634.416,1980
263626396745564,93,52,57082,634.416,1980
263626446846265,93,53,57082,624.334,1980
263626496948266,93,53,57082,624.334,1980
263626547043147,93,53,57082,616.843,1980
263626597144420,93,53,57082,616.843,1980
263626647243134,93,52,57082,612.792,1980
263626697345402,93,52,57082,612.792,1980
263626747450621,93,52,57082,612.423,1980
263626797552499,93,52,57082,612.423,1980
263626847651477,95,51,57082,609.123,1980
263626897754796,95,51,57082,609.123,1980
263626947857644,95,51,57082,605.445,1980
263626997965284,95,51,57082,605.445,1980
263627048045210,93,51,57082,601.089,1980
263627098145856,93,51,57082,601.089,1980
263627148245952,93,51,57082,601.26,1980
263627198347424,93,51,57082,601.26,1980
263627248448420,93,50,57082,598.822,1980
263627298553807,93,50,57082,598.822,1980
263627348653340,93,50,57082,602.7,1980
263627398754838,93,50,57082,602.7,1980
263627448857102,98,54,57082,604.054,1980
263627499533567,98,54,57082,604.054,1980
263627549635134,98,54,57082,605.532,1980
263627599732610,98,54,57082,605.532,1980
263627649864285,93,52,57082,604.451,1980
263627699972873,93,52,57082,604.451,1980
263627750076423,93,52,57082,601.806,1980
263627800175602,93,52,57082,601.806,1980
263627850274298,95,54,57082,600.246,1980
263627900375266,95,54,57082,600.246,1980
263627950652311,95,54,57082,604.066,1980
263628001647460,48,38,57082,572.904,1980
263628052450046,48,38,57082,572.904,1980
263628103375243,48,38,57082,527.846,1980
263628154383726,48,38,57082,527.846,1980
263628204508865,2,2,57082,484.904,1980
263628256113279,2,2,57082,484.904,1980
263628306276126,2,2,57082,458.574,1980
263628359460893,2,2,57082,458.574,1980
263628409613228,57,26,57082,438.967,1980
263628462096797,57,26,57082,438.967,1980
263628514883205,57,26,57082,416.156,1980
263628565038057,57,26,57082,416.156,1980
263628617993377,57,26,57082,390.071,1980
263628670827163,57,26,57082,390.071,1980
263628723247314,57,26,57082,367.976,1980
263628773803181,57,26,57082,367.976,1980
263628823975054,62,28,57082,346.702,1980
263628874116000,62,28,57082,346.702,1980
263628924330161,62,28,57082,328.211,1980
263628976061260,62,28,57082,328.211,1980
263629027777934,65,31,57082,332.656,1980
263629078537220,65,31,57082,332.656,1980
263629129656437,65,31,57082,350.74,1980
263629179810210,65,31,57082,350.74,1980
263629229982679,83,41,57082,373.764,1980
263629280874180,83,41,57082,373.764,1980
263629341178705,83,41,57082,383.963,1980
263629397107611,83,41,57082,383.963,1980
263629447220590,50,25,57082,373.534,1980
263629497326240,50,25,57082,373.534,1980
263629547447712,50,25,57082,401.142,1980
263629597552512,50,25,57082,401.142,1980
263629647655590,98,51,57082,430.947,1980
263629697777199,98,51,57082,430.947,1980
263629747900113,98,51,57082,458.885,1980
263629798086765,98,51,57082,458.885,1980
263629848222112,98,51,57082,487.407,1980
263629898336640,98,51,57082,487.407,1980
263629948449229,98,51,57082,513.729,1980
263629998563438,98,51,57082,513.729,1980
263630048678976,98,51,57082,540.764,1980
263630098800245,98,51,57082,540.764,1980
263630150305834,98,51,57082,564.151,1980
263630200416845,98,51,57082,564.151,1980
263630250524658,93,51,57082,583.474,1980
263630300640301,93,51,57082,583.474,1980
263630350755217,93,51,57082,604.814,1980
263630400860715,93,51,57082,604.814,1980
263630450967116,93,53,57082,640.333,1980
263630501049179,93,53,57082,640.333,1980
263630552266073,93,53,57082,634.608,1980
263630602370005,93,55,57082,628.646,1980
263630652470962,93,55,57082,628.646,1980
263630702572532,93,55,57082,622.928,1980
263630752680053,93,55,57082,622.928,1980
263630802782896,93,54,57082,617.25,1980
263630852890420,93,54,57082,617.25,1980
263630902993772,93,54,57082,611.287,1980
263630953101528,93,54,57082,611.287,1980
263631003203765,93,55,57082,606.841,1980
263631053311267,93,55,57082,606.841,1980
263631103415515,93,55,57082,610.913,1980
263631153520304,93,55,57082,610.913,1980
263631203624098,93,53,57082,611.716,1980
263631253725428,93,53,57082,611.716,1980
263631303827008,93,53,57082,607.488,1980
263631353939005,93,53,57082,607.488,1980
263631404042179,93,55,57082,605.203,1980
263631454154434,93,55,57082,605.203,1980
263631504268504,93,55,57082,605.368,1980
263631554384029,93,55,57082,605.368,1980
263631604488880,93,54,57082,606.271,1980
263631654589645,93,54,57082,606.271,1980
263631704693799,93,54,57082,605.43,1980
263631754795899,93,54,57082,605.43,1980
263631804903357,93,55,57082,605.429,1980
263631855010417,93,55,57082,605.429,1980
263631905141473,93,55,57082,607.059,1980
263631955246888,93,55,57082,607.059,1980
263632005351298,94,53,57082,610.085,1980
263632055455017,94,53,57082,610.085,1980
263632105560355,94,53,57082,608.459,1980
263632155664462,94,53,57082,608.459,1980
263632206824870,94,57,57082,596.732,1980
263632260096010,94,57,57082,596.732,1980
263632311193309,94,57,57082,555.563,1980
263632362310838,94,57,57082,555.563,1980
263632412990983,2,2,57082,513.917,1980
263632463523551,2,2,57082,513.917,1980
263632515826010,2,2,57082,479.833,1980
263632569040403,2,2,57082,479.833,1980
263632619211538,58,27,57082,453.609,1980
263632671680351,58,27,57082,453.609,1980
263632723499697,58,27,57082,431.247,1980
263632775290025,58,27,57082,431.247,1980
263632826376009,59,26,57082,406.505,1980
263632876797787,59,26,57082,406.505,1980
263632926920806,59,26,57082,388.465,1980
263632977076614,59,26,57082,388.465,1980
263633027193205,62,29,57082,357.98,1980
263633078422857,62,29,57082,357.98,1980
263633128547844,62,29,57082,341.554,1980
263633178658493,62,29,57082,341.554,1980
263633228813023,76,38,57082,324.911,1980
263633278990504,76,38,57082,324.911,1980
263633329165025,76,38,57082,347.375,1980
263633379306381,76,38,57082,347.375,1980
263633429477138,100,49,57082,363.975,1980
263633483939269,100,49,57082,363.975,1980
263633534065727,100,49,57082,366.336,1980
263633584201944,100,49,57082,366.336,1980
263633634309176,58,31,57082,396.194,1980
263633684426340,58,31,57082,396.194,1980
263633734536069,58,31,57082,426.958,1980
263633784640361,58,31,57082,426.958,1980
263633834745452,97,53,57082,456.657,1980
263633884864349,97,53,57082,456.657,1980
263633934992644,97,53,57082,482.013,1980
263633985122376,97,53,57082,482.013,1980
263634035268542,97,53,57082,513.639,1980
263634085377957,97,53,57082,513.639,1980
263634135483396,97,53,57082,535.8,1980
263634185598457,97,53,57082,535.8,1980
263634235707893,87,47,57082,550.871,1980
263634285810044,87,47,57082,550.871,1980
263634335909829,87,47,57082,569.498,1980
263634386012602,87,47,57082,569.498,1980
263634436150532,93,54,57082,590.155,1980
263634486278561,93,54,57082,590.155,1980
263634536453576,93,54,57082,626.188,1980
263634586561712,93,54,57082,626.188,1980
263634636669940,95,54,57082,618.25,1980
263634686780419,95,54,57082,618.25,1980
263634736892034,95,54,57082,615.392,1980
263634786999650,95,54,57082,615.392,1980
263634837114142,98,56,57082,606.011,1980
263634887227449,98,56,57082,606.011,1980
263634937330963,98,56,57082,597.075,1980
263634987442494,98,56,57082,597.075,1980
263635037546754,93,54,57082,593.799,1980
263635087678398,93,54,57082,593.799,1980
263635137808151,93,54,57082,597.392,1980
263635187928868,93,54,57082,597.392,1980
263635238047730,95,53,57082,600.003,1980
263635288160133,95,53,57082,600.003,1980
263635338270729,95,53,57082,595.436,1980
263635388378691,95,53,57082,595.436,1980
263635438501507,98,56,57082,598.676,1980
263635488618549,98,56,57082,598.676,1980
263635538732686,98,56,57082,606.77,1980
263635588839933,98,56,57082,606.77,1980
263635638944469,93,54,57082,611.833,1980
263635689044587,93,54,57082,611.833,1980
263635739159866,93,54,57082,606.217,1980
263635789267286,93,54,57082,606.217,1980
263635839368705,95,53,57082,608.234,1980
263635892704187,95,53,57082,608.234,1980
263635942820965,95,53,57082,609.358,1980
263635995752358,95,53,57082,609.358,1980
263636045863027,98,56,57082,603.153,1980
263636096755783,98,56,57082,603.153,1980
263636147714345,98,56,57082,558.897,1980
263636198495882,98,56,57082,558.897,1980
263636249348658,2,2,57082,514.364,1980
263636301537923,2,2,57082,514.364,1980
263636351796583,2,2,57082,483.612,1980
263636404164205,2,2,57082,483.612,1980
263636454290151,46,20,57082,463.988,1980
263636506823845,46,20,57082,429.222,1980
263636557070345,46,20,57082,429.222,1980
263636610213804,58,26,57082,404.932,1980
263636662433925,58,26,57082,404.932,1980
263636714312018,58,26,57082,383.119,1980
263636764460794,58,26,57082,383.119,1980
263636816841765,61,28,57082,360.671,1980
263636869042239,61,28,57082,360.671,1980
263636919666145,61,28,57082,339.008,1980
263636971652652,61,28,57082,339.008,1980
263637022710325,66,31,57082,322.751,1980
263637075586224,66,31,57082,322.751,1980
263637125747419,66,31,57082,337.435,1980
263637175883318,66,31,57082,337.435,1980
263637226045968,72,35,57082,359.723,1980
263637276291150,72,35,57082,359.723,1980
263637326408388,72,35,57082,376.442,1980
263637376523594,72,35,57082,376.442,1980
263637426636631,88,44,57082,369.976,1980
263637476758944,88,44,57082,369.976,1980
263637526870094,88,44,57082,396.472,1980
263637576976352,88,44,57082,396.472,1980
263637629513319,98,49,57082,425.901,1980
263637679650408,98,49,57082,425.901,1980
263637729764063,98,49,57082,454.165,1980
263637779883704,98,49,57082,454.165,1980
263637829985735,98,49,57082,479.702,1980
263637880044066,98,49,57082,479.702,1980
263637930154133,98,49,57082,506.501,1980
263637980262005,98,49,57082,506.501,1980
263638030370308,97,49,57082,525.796,1980
263638080478493,97,49,57082,525.796,1980
263638130592876,97,49,57082,554.814,1980
263638180697341,97,49,57082,554.814,1980
263638230799343,95,48,57082,573.697,1980
263638280904446,95,48,57082,573.697,1980
263638331015806,95,48,57082,592.681,1980
263638381120786,95,48,57082,592.681,1980
263638431223862,98,54,57082,629.275,1980
263638481327388,98,54,57082,629.275,1980
263638531428866,98,54,57082,623.568,1980
263638581531206,98,54,57082,623.568,1980
263638631635267,93,52,57082,620.786,1980
263638681745971,93,52,57082,620.786,1980
263638731850149,93,52,57082,614.677,1980
263638781952410,93,52,57082,614.677,1980
263638832055412,93,53,57082,611.02,1980
263638882160480,93,53,57082,611.02,1980
263638932276203,93,53,57082,607.265,1980
263638982377547,93,53,57082,607.265,1980
263639032482710,93,52,57082,606.512,1980
263639082586376,93,52,57082,606.512,1980
263639132699092,93,52,57082,607.747,1980
263639182801018,93,52,57082,607.747,1980
263639232901736,95,51,57082,608.257,1980
263639283007698,95,51,57082,608.257,1980
263639333133621,95,51,57082,607.916,1980
263639383250780,95,51,57082,607.916,1980
263639433367161,98,54,57082,607.915,1980
263639483482386,98,54,57082,607.915,1980
263639533593967,98,54,57082,607.08,1980
263639583703778,98,54,57082,607.08,1980
263639633813119,93,52,57082,607.959,1980
263639683925004,93,52,57082,607.959,1980
263639734037843,93,52,57082,609.146,1980
263639784148375,93,52,57082,609.146,1980
263639834293818,93,54,57082,607.031,1980
263639884414526,93,54,57082,607.031,1980
263639934527861,93,54,57082,607.208,1980
263639984638628,93,54,57082,607.208,1980
263640037105970,93,52,57082,608.829,1980
263640087217960,93,52,57082,608.829,1980
263640138140310,93,52,57082,573.683,1980
263640188829772,93,52,57082,573.683,1980
263640239195788,2,1,57082,530.101,1980
263640311184912,2,1,57082,486.485,1980
263640362883719,2,1,57082,486.485,1980
263640413135676,24,10,57082,461.028,1980
263640466294372,24,10,57082,461.028,1980
263640519135099,24,10,57082,438.351,1980
263640569351825,24,10,57082,438.351,1980
263640621745340,58,26,57082,412.896,1980
263640671867108,58,26,57082,412.896,1980
263640723884550,58,26,57082,390.169,1980
263640776460863,58,26,57082,390.169,1980
263640828828452,59,27,57082,367.716,1980
263640879356290,59,27,57082,367.716,1980
263640931170808,59,27,57082,347.541,1980
263640983341135,59,27,57082,347.541,1980
263641033523403,64,30,57082,318.48,1980
263641084159041,64,30,57082,318.48,1980
263641135386242,64,30,57082,329.906,1980
263641186870707,64,30,57082,329.906,1980
263641237031781,71,34,57082,348.566,1980
263641287231157,71,34,57082,348.566,1980
263641337711090,71,34,57082,371.062,1980
263641387822506,71,34,57082,371.062,1980
263641449759962,99,48,57082,379.62,1980
263641499870844,99,48,57082,379.62,1980
263641549980647,99,48,57082,376.761,1980
263641600116726,99,48,57082,376.761,1980
263641650226686,83,42,57082,404.178,1980
263641700334839,83,42,57082,404.178,1980
263641750468997,83,42,57082,431.039,1980
263641800579581,83,42,57082,431.039,1980
263641850697661,98,50,57082,457.953,1980
263641900826473,98,50,57082,457.953,1980
263641950943946,98,50,57082,487.837,1980
263642001049781,98,50,57082,487.837,1980
263642051165539,98,49,57082,517.309,1980
263642101276400,98,49,57082,517.309,1980
263642151382512,98,49,57082,536.876,1980
263642201486665,98,49,57082,536.876,1980
263642251588908,83,44,57082,556.548,1980
263642301691089,83,44,57082,556.548,1980
263642351795074,83,44,57082,578.599,1980
263642401904890,83,44,57082,578.599,1980
263642452010172,96,52,57082,598.738,1980
263642502111925,96,52,57082,598.738,1980
263642552214971,96,52,57082,625.925,1980
263642602337632,96,52,57082,625.925,1980
263642652444980,93,52,57082,622.567,1980
263642702547463,93,52,57082,622.567,1980
263642752649863,93,52,57082,618.316,1980
263642802755252,93,52,57082,618.316,1980
263642852863025,95,51,57082,615.414,1980
263642902974163,95,51,57082,615.414,1980
263642953045942,95,51,57082,610.623,1980
263643003147776,95,51,57082,610.623,1980
263643053267807,98,54,57082,600.272,1980
263643103822256,98,54,57082,600.272,1980
263643153957544,98,54,57082,599.137,1980
263643204097472,98,54,57082,599.137,1980
263643254211754,93,52,57082,601.957,1980
263643304318949,93,52,57082,601.957,1980
263643354420965,93,52,57082,603.625,1980
263643404525861,93,52,57082,603.625,1980
263643454627756,98,55,57082,604.515,1980
263643504728289,98,55,57082,604.515,1980
263643554841194,98,55,57082,601.806,1980
263643604942210,98,55,57082,601.806,1980
263643655044719,93,52,57082,600.475,1980
263643705151319,93,52,57082,600.475,1980
263643755273955,93,52,57082,600.146,1980
263643805376496,93,52,57082,600.146,1980
263643855477692,93,54,57082,601.665,1980
263643905578771,93,54,57082,601.665,1980
263643955681712,93,54,57082,600.517,1980
263644005784060,93,54,57082,600.517,1980
263644055888122,93,53,57082,602.508,1980
263644105993752,93,53,57082,602.508,1980
263644156209143,93,53,57082,604.067,1980
263644206770906,93,53,57082,604.067,1980
263644257517538,93,62,57082,582.251,1980
263644308622422,93,62,57082,582.251,1980
263644359710036,93,62,57082,539.989,1980
263644410646109,2,2,57082,500.146,1980
263644461640566,2,2,57082,500.146,1980
263644514723659,2,2,57082,468.478,1980
263644564849888,2,2,57082,468.478,1980
263644617369025,53,24,57082,441.066,1980
263644675094663,53,24,57082,441.066,1980
263644725211652,53,24,57082,422.292,1980
263644777516352,53,24,57082,422.292,1980
263644827664034,52,24,57082,391.838,1980
263644879541805,52,24,57082,391.838,1980
263644931629401,52,24,57082,373.653,1980
263644983468756,52,24,57082,373.653,1980
263645036044575,60,27,57082,347.634,1980
263645088917762,60,27,57082,347.634,1980
263645139878045,60,27,57082,323.063,1980
263645191086810,60,27,57082,323.063,1980
263645242657441,65,31,57082,319.315,1980
263645294177142,65,31,57082,319.315,1980
263645344641917,65,31,57082,342.82,1980
263645395553324,65,31,57082,342.82,1980
263645445904982,78,39,57082,364.746,1980
263645496020405,78,39,57082,364.746,1980
263645546915893,78,39,57082,376.271,1980
263645597541093,78,39,57082,376.271,1980
263645647654797,89,44,57082,368.767,1980
263645697764158,89,44,57082,368.767,1980
263645747869601,89,44,57082,396.558,1980
263645797993638,89,44,57082,396.558,1980
263645848107256,98,49,57082,426.913,1980
263645898224932,98,49,57082,426.913,1980
263645948794761,98,49,57082,455.335,1980
263645998914967,98,49,57082,455.335,1980
263646049035331,98,48,57082,483.425,1980
263646099146821,98,48,57082,483.425,1980
263646149264103,98,48,57082,512.901,1980
263646199398388,98,48,57082,512.901,1980
263646249513377,97,48,57082,531.654,1980
263646300594781,97,48,57082,531.654,1980
263646350705982,97,48,57082,558.637,1980
263646400811886,97,48,57082,558.637,1980
263646450921301,93,50,57082,576.368,1980
263646501035622,93,50,57082,576.368,1980
263646551154269,93,50,57082,602.137,1980
263646601262127,93,50,57082,602.137,1980
263646651370101,93,53,57082,627.038,1980
263646701477254,93,53,57082,627.038,1980
263646751586352,93,53,57082,633.828,1980
263646801699370,93,53,57082,633.828,1980
263646851807319,93,52,57082,628.922,1980
263646901912517,93,52,57082,628.922,1980
263646952018843,93,52,57082,624.73,1980
263647002122064,93,52,57082,624.73,1980
263647052235802,93,52,57082,621.821,1980
263647102418697,93,52,57082,621.821,1980
263647152576565,93,52,57082,618.615,1980
263647202709398,93,52,57082,618.615,1980
263647252827737,93,53,57082,616.199,1980
263647302944120,93,53,57082,616.199,1980
263647353057599,93,53,57082,613.737,1980
263647403181063,93,53,57082,613.737,1980
263647453304289,93,52,57082,614.786,1980
263647503412584,93,52,57082,614.786,1980
263647553527430,93,52,57082,616.07,1980
263647603636027,93,52,57082,616.07,1980
263647653772899,93,52,57082,615.981,1980
263647703882114,93,52,57082,615.981,1980
263647754646344,93,52,57082,614.663,1980
263647804749748,93,52,57082,614.663,1980
263647854860666,93,53,57082,609.859,1980
263647904971904,93,53,57082,609.859,1980
263647955044965,93,53,57082,605.556,1980
263648005146746,93,53,57082,605.556,1980
263648055257951,93,52,57082,602.014,1980
263648105360828,93,52,57082,602.014,1980
263648156579134,93,52,57082,600.939,1980
263648206689299,93,52,57082,600.939,1980
263648257791877,83,56,57082,575.604,1980
263648308548780,83,56,57082,575.604,1980
263648359511851,83,56,57082,534.691,1980
263648409686916,83,56,57082,534.691,1980
263648460989030,2,2,57082,490.554,1980
263648513453613,2,2,57082,462.964,1980
263648563672299,2,2,57082,462.964,1980
263648616586601,57,26,57082,435.33,1980
263648666882414,57,26,57082,435.33,1980
263648719396977,57,26,57082,412.111,1980
263648772100245,57,26,57082,412.111,1980
263648824720809,59,27,57082,392.936,1980
263648874890646,59,27,57082,392.936,1980
263648927222992,59,27,57082,372.159,1980
263648977959396,59,27,57082,372.159,1980
263649029389643,64,30,57082,351.097,1980
263649079550678,64,30,57082,351.097,1980
263649130396087,64,30,57082,326.657,1980
263649180562196,64,30,57082,326.657,1980
263649230696170,78,39,57082,330.018,1980
263649281102577,78,39,57082,330.018,1980
263649331478855,78,39,57082,350.788,1980
263649381646719,78,39,57082,350.788,1980
263649442121894,100,50,57082,368.435,1980
263649492243503,100,50,57082,368.435,1980
263649542377534,100,50,57082,376.225,1980
263649592492037,100,50,57082,376.225,1980
263649642610169,93,47,57082,406.501,1980
263649692800727,93,47,57082,406.501,1980
263649742941032,93,47,57082,434.168,1980
263649793091092,93,47,57082,434.168,1980
263649843194860,97,49,57082,464.285,1980
263649893304011,97,49,57082,464.285,1980
263649943410049,97,49,57082,491.306,1980
263649993516040,97,49,57082,491.306,1980
263650043640467,97,49,57082,517.911,1980
263650093750725,97,49,57082,517.911,1980
263650143854165,97,49,57082,539.611,1980
263650193956362,97,49,57082,539.611,1980
263650244060610,93,50,57082,558.542,1980
263650294164694,93,50,57082,558.542,1980
263650344269333,93,50,57082,581.715,1980
263650394386787,93,50,57082,581.715,1980
263650444491363,93,52,57082,599.786,1980
263650494599613,93,52,57082,599.786,1980
263650544708007,93,52,57082,629.962,1980
263650594812234,93,52,57082,629.962,1980
263650644916738,93,52,57082,623.081,1980
263650695029274,93,52,57082,623.081,1980
263650745137795,93,52,57082,617.034,1980
263650795241109,93,52,57082,617.034,1980
263650845344325,93,53,57082,610.927,1980
263650895464850,93,53,57082,610.927,1980
263650945575534,93,53,57082,606.158,1980
263650995693866,93,53,57082,606.158,1980
263651045797120,94,53,57082,602.957,1980
263651095898664,94,53,57082,602.957,1980
263651146005856,94,53,57082,607.124,1980
263651196115770,94,53,57082,607.124,1980
263651246233272,93,52,57082,605.174,1980
263651296348131,93,52,57082,605.174,1980
263651346455106,93,52,57082,607.978,1980
263651396555896,93,52,57082,607.978,1980
263651446656933,94,53,57082,608.235,1980
263651496776059,94,53,57082,608.235,1980
263651546880643,94,53,57082,606.193,1980
263651597017053,94,53,57082,606.193,1980
263651647128729,93,52,57082,605.343,1980
263651697233230,93,52,57082,605.343,1980
263651747335419,93,52,57082,608.525,1980
263651797440628,93,52,57082,608.525,1980
263651847557946,93,50,57082,606.315,1980
263651897660481,93,50,57082,606.315,1980
263651947770250,93,50,57082,602.491,1980
263652001327227,93,50,57082,602.491,1980
263652051443051,95,54,57082,589.943,1980
263652102239704,95,54,57082,589.943,1980
263652153158231,95,54,57082,548.374,1980
263652204314056,95,54,57082,548.374,1980
263652274050808,2,2,57082,505.478,1980
263652324232875,2,2,57082,467.883,1980
263652374368433,2,2,57082,467.883,1980
263652426595111,45,20,57082,448.574,1980
263652476976532,45,20,57082,448.574,1980
263652529485989,45,20,57082,421.659,1980
263652580422998,45,20,57082,421.659,1980
263652633411177,58,26,57082,399.735,1980
263652683556605,58,26,57082,399.735,1980
263652736516265,58,26,57082,372.569,1980
263652788154855,58,26,57082,372.569,1980
263652840823970,59,28,57082,353.764,1980
263652891580996,59,28,57082,353.764,1980
263652942367894,59,28,57082,333.103,1980
263652992506073,59,28,57082,333.103,1980
263653042680129,63,30,57082,320.833,1980
263653092877128,63,30,57082,320.833,1980
263653143066798,63,30,57082,338.028,1980
263653218680876,63,30,57082,359.972,1980
263653422819749,77,38,57082,377.062,1980
263653482622755,100,49,57082,377.062,1980
263653545373143,100,49,57082,391.794,1980
263653595825305,100,49,57082,391.794,1980
263653673330966,97,48,57082,423.766,1980
263653723900294,97,48,57082,449.869,1980
263653774216953,97,48,57082,449.869,1980
263653824328764,98,48,57082,478.659,1980
263653874708992,98,48,57082,478.659,1980
263653924828251,98,48,57082,507.252,1980
263653974938617,98,48,57082,507.252,1980
263654025062332,98,48,57082,531.947,1980
263654075200386,98,48,57082,531.947,1980
263654125324037,98,48,57082,550.45,1980
263654175433023,98,48,57082,550.45,1980
263654225553054,92,49,57082,575.854,1980
263654275694383,92,49,57082,575.854,1980
263654325836087,92,49,57082,589.562,1980
263654375966735,92,49,57082,589.562,1980
263654426115770,93,52,57082,612.247,1980
263654476251738,93,52,57082,612.247,1980
263654526382931,93,52,57082,630.97,1980
263654576537747,93,52,57082,630.97,1980
263654626667004,95,50,57082,624.462,1980
263654676806462,95,50,57082,624.462,1980
263654726933418,95,50,57082,620.399,1980
263654777098693,95,50,57082,620.399,1980
263654827234150,98,53,57082,614.102,1980
263654877367163,98,53,57082,614.102,1980
263654927502575,98,53,57082,608.591,1980
263654977634948,98,53,57082,608.591,1980
263655027770277,92,52,57082,602.971,1980
263655077895386,92,52,57082,602.971,1980
263655127998918,92,52,57082,607.579,1980
263655178112837,92,52,57082,607.579,1980
263655228229902,93,53,57082,605.917,1980
263655278335727,93,53,57082,605.917,1980
263655328489304,93,53,57082,606.024,1980
263655378608377,93,53,57082,606.024,1980
263655428714451,93,51,57082,606.984,1980
263655478827181,93,51,57082,606.984,1980
263655528951928,93,51,57082,606.885,1980
263655579060701,93,51,57082,606.885,1980
263655629162837,95,51,57082,605.492,1980
263655679265798,95,51,57082,605.492,1980
263655729370439,95,51,57082,604.849,1980
263655779488163,95,51,57082,604.849,1980
263655829609701,98,53,57082,605.858,1980
263655879712837,98,53,57082,605.858,1980
263655929814747,98,53,57082,604.194,1980
263655979920143,98,53,57082,604.194,1980
263656030030844,93,52,57082,604.424,1980
263656082023296,93,52,57082,604.424,1980
263656132998057,93,52,57082,579.581,1980
263656183813453,93,52,57082,579.581,1980
263656235358557,1,1,57082,536.636,1980
263656286443266,1,1,57082,536.636,1980
263656340334227,1,1,57082,495.039,1980
263656391567543,1,1,57082,495.039,1980
263656443878203,14,7,57082,466.841,1980
263656494288249,14,7,57082,466.841,1980
263656546864819,14,7,57082,442.015,1980
263656597020109,14,7,57082,442.015,1980
263656649112887,55,26,57082,422.085,1980
263656700085344,55,26,57082,422.085,1980
263656751543405,55,26,57082,399.343,1980
263656801713424,55,26,57082,399.343,1980
263656851836706,59,27,57082,379.676,1980
263656904019052,59,27,57082,379.676,1980
263656954927698,59,27,57082,356.163,1980
263657006134241,59,27,57082,356.163,1980
263657056335874,61,30,57082,329.664,1980
263657107377824,61,30,57082,329.664,1980
263657158765704,61,30,57082,328.212,1980
263657208912888,61,30,57082,328.212,1980
263657260005170,72,38,57082,352.621,1980
263657310202909,72,38,57082,352.621,1980
263657360316165,72,38,57082,371.834,1980
263657427316766,96,50,57082,385.096,1980
263657482972706,96,50,57082,385.096,1980
263657533083015,96,50,57082,386.299,1980
263657583188678,96,50,57082,386.299,1980
263657633291368,97,49,57082,415.064,1980
263657683410125,97,49,57082,415.064,1980
263657733568551,97,49,57082,443.45,1980
263657783677369,97,49,57082,443.45,1980
263657833789818,97,49,57082,466.837,1980
263657883901665,97,49,57082,466.837,1980
263657934010919,97,49,57082,494.535,1980
263657984120456,97,49,57082,494.535,1980
263658034235010,97,49,57082,522.293,1980
263658084346624,97,49,57082,522.293,1980
263658134458793,97,49,57082,544.663,1980
263658184568478,97,49,57082,544.663,1980
263658234676320,97,51,57082,564.929,1980
263658284778272,97,51,57082,564.929,1980
263658334880249,97,51,57082,579.64,1980
263658384983156,97,51,57082,579.64,1980
263658435087284,93,53,57082,603.469,1980
263658485193096,93,53,57082,603.469,1980
263658535305471,93,53,57082,627.603,1980
263658585422430,93,53,57082,627.603,1980
263658635542498,93,53,57082,625.393,1980
263658685659770,93,53,57082,625.393,1980
263658735780246,93,53,57082,621.099,1980
263658785895489,93,53,57082,621.099,1980
263658836015074,93,53,57082,613.686,1980
263658886133230,93,53,57082,613.686,1980
263658936264773,93,53,57082,608.899,1980
263658986373792,93,53,57082,608.899,1980
263659036480191,95,51,57082,606.979,1980
263659086611161,95,51,57082,606.979,1980
263659136730247,95,51,57082,607.86,1980
263659186843952,95,51,57082,607.86,1980
263659236956834,98,54,57082,609.839,1980
263659287055101,98,54,57082,609.839,1980
263659337159789,98,54,57082,608.463,1980
263659387266276,98,54,57082,608.463,1980
263659437371447,93,52,57082,606.59,1980
263659487523740,93,52,57082,606.59,1980
263659537674749,93,52,57082,605.638,1980
263659587805478,93,52,57082,605.638,1980
263659637924692,93,54,57082,603.508,1980
263659688062449,93,54,57082,603.508,1980
263659738179444,93,54,57082,604.177,1980
263659788290181,93,54,57082,604.177,1980
263659838400783,93,53,57082,604.336,1980
263659888517069,93,53,57082,604.336,1980
263659938630155,93,53,57082,604.181,1980
263659988743659,93,53,57082,604.181,1980
263660038857385,95,51,57082,600.149,1980
263660091986686,95,51,57082,600.149,1980
263660142682109,95,51,57082,586.625,1980
263660193757534,95,51,57082,586.625,1980
263660244831943,16,16,57082,546.003,1980
263660295664944,16,16,57082,546.003,1980
263660352807129,16,16,57082,503.868,1980
263660403677803,16,16,57082,503.868,1980
263660453820544,14,7,57082,472.227,1980
263660506673518,14,7,57082,472.227,1980
263660556796273,14,7,57082,448.029,1980
263660609477850,14,7,57082,448.029,1980
263660662398744,54,26,57082,424.365,1980
263660712587114,54,26,57082,424.365,1980
263660764909768,54,26,57082,399.272,1980
263660817802731,54,26,57082,380.253,1980
263660869868037,54,26,57082,380.253,1980
263660920136455,54,26,57082,352.863,1980
263660971228047,54,26,57082,352.863,1980
263661022798349,60,29,57082,332.728,1980
263661072942927,60,29,57082,332.728,1980
263661123340401,60,29,57082,324.918,1980
263661173510590,60,29,57082,324.918,1980
263661224217644,79,41,57082,347.676,1980
263661274383006,79,41,57082,347.676,1980
263661324494392,79,41,57082,366.029,1980
263661397198881,79,41,57082,366.029,1980
263661459821721,100,52,57082,375.675,1980
263661509969597,100,52,57082,375.675,1980
263661560139881,100,52,57082,390.406,1980
263661610312876,100,52,57082,390.406,1980
263661660456134,96,48,57082,419.905,1980
263661710602172,96,48,57082,419.905,1980
263661760741117,96,48,57082,451.31,1980
263661811076119,96,48,57082,451.31,1980
263661861220778,97,48,57082,478.264,1980
263661911378725,97,48,57082,478.264,1980
263661961503266,97,48,57082,509.693,1980
263662011609360,97,48,57082,509.693,1980
263662061719073,97,48,57082,536.842,1980
263662111826569,97,48,57082,536.842,1980
263662161935674,97,48,57082,554.958,1980
263662212051696,97,48,57082,554.958,1980
263662262167777,95,50,57082,572.146,1980
263662312282016,95,50,57082,572.146,1980
263662362422611,95,50,57082,592.492,1980
263662412553445,95,50,57082,592.492,1980
263662462677105,98,54,57082,615.28,1980
263662512811085,98,54,57082,615.28,1980
263662562922128,98,54,57082,630.832,1980
263662613031467,98,54,57082,630.832,1980
263662663138290,92,52,57082,623.433,1980
263662713243085,92,52,57082,623.433,1980
263662763345399,92,52,57082,613.946,1980
263662813455885,92,52,57082,613.946,1980
263662863565377,93,53,57082,604.818,1980
263662913670035,93,53,57082,604.818,1980
263662963773166,93,53,57082,598.966,1980
263663013884240,93,53,57082,598.966,1980
263663063996083,93,52,57082,594.767,1980
263663114105947,93,52,57082,594.767,1980
263663164210950,93,52,57082,600.231,1980
263663214316578,93,52,57082,600.231,1980
263663264440355,92,52,57082,604.419,1980
263663314576324,92,52,57082,604.419,1980
263663364695918,92,52,57082,603.982,1980
263663414805171,92,52,57082,603.982,1980
263663464909935,93,53,57082,603.792,1980
263663515016147,93,53,57082,603.792,1980
263663565120922,93,53,57082,607.918,1980
263663615224957,93,53,57082,607.918,1980
263663665331902,92,52,57082,607.63,1980
263663715441171,92,52,57082,607.63,1980
263663765546843,92,52,57082,615.254,1980
263663815651969,92,52,57082,615.254,1980
263663865755779,92,52,57082,616.685,1980
263663915862792,92,52,57082,616.685,1980
263663965970553,92,52,57082,616.14,1980
263664017637919,92,52,57082,616.14,1980
263664068807193,94,55,57082,605.128,1980
263664119680988,94,55,57082,561.005,1980
263664170532885,94,55,57082,561.005,1980
263664221299486,2,2,57082,513.2,1980
263664271871032,2,2,57082,513.2,1980
263664324368723,2,2,57082,478.623,1980
263664374508620,2,2,57082,478.623,1980
263664426777070,48,23,57082,458.111,1980
263664477159552,48,23,57082,458.111,1980
263664529959265,48,23,57082,433.229,1980
263664582622079,48,23,57082,433.229,1980
263664632761131,56,27,57082,404.849,1980
263664684441279,56,27,57082,404.849,1980
263664736787803,56,27,57082,384.446,1980
263664788807508,56,27,57082,384.446,1980
263664838936897,58,28,57082,363.809,1980
263664889080599,58,28,57082,363.809,1980
263664941675283,58,28,57082,341.261,1980
263664992275791,58,28,57082,341.261,1980
263665043766078,60,30,57082,325.86,1980
263665095771825,60,30,57082,325.86,1980
263665145910052,60,30,57082,341.553,1980
263665196058264,60,30,57082,341.553,1980
263665246374509,71,37,57082,362.874,1980
263665296534977,71,37,57082,362.874,1980
263665346686898,71,37,57082,376.249,1980
263665397966386,71,37,57082,376.249,1980
263665448066832,100,52,57082,371.421,1980
263665498217722,100,52,57082,371.421,1980
263665548351445,100,52,57082,390.354,1980
263665598477835,100,52,57082,390.354,1980
263665648597506,98,56,57082,421.329,1980
263665698922518,98,56,57082,421.329,1980
263665749050702,98,56,57082,448.233,1980
263665799191819,98,56,57082,448.233,1980
263665849322747,98,56,57082,476.918,1980
263665899476493,98,56,57082,476.918,1980
263665949616044,98,56,57082,507.799,1980
263665999732890,98,56,57082,507.799,1980
263666054667289,98,56,57082,538.433,1980
263666104832880,98,56,57082,538.433,1980
263666154966483,98,56,57082,560.309,1980
263666205061994,98,56,57082,560.309,1980
263666255171513,93,53,57082,583.526,1980
263666305284152,93,53,57082,583.526,1980
263666355393992,93,53,57082,608.49,1980
263666405502469,93,53,57082,608.49,1980
263666455609898,95,55,57082,633.601,1980
263666505725153,95,55,57082,633.601,1980
263666555828855,95,55,57082,649.116,1980
263666605937793,95,55,57082,649.116,1980
263666656063808,98,58,57082,642.456,1980
263666706178256,98,58,57082,642.456,1980
263666756289461,98,58,57082,639.847,1980
263666806392380,98,58,57082,639.847,1980
263666856501362,93,56,57082,636.685,1980
263666906627529,93,56,57082,636.685,1980
263666956749801,93,56,57082,633.72,1980
263667006867059,93,56,57082,633.72,1980
263667057020690,98,57,57082,628.401,1980
263667107225804,98,57,57082,628.401,1980
263667157337822,98,57,57082,629.884,1980
263667207446335,98,57,57082,629.884,1980
263667257573507,93,56,57082,629.783,1980
263667307690086,93,56,57082,629.783,1980
263667357810780,93,56,57082,624.736,1980
263667407928100,93,56,57082,624.736,1980
263667458048390,98,58,57082,627.013,1980
263667508159736,98,58,57082,627.013,1980
263667558266563,98,58,57082,624.916,1980
263667608372409,98,58,57082,624.916,1980
263667658477327,93,56,57082,627.962,1980
263667708585669,93,56,57082,627.962,1980
263667760073995,93,56,57082,625.793,1980
263667810186830,93,56,57082,625.793,1980
263667860291939,98,58,57082,624.301,1980
263667910400083,98,58,57082,624.301,1980
263667960506630,98,58,57082,621.942,1980
263668010612177,98,58,57082,621.942,1980
263668060725417,93,56,57082,622.782,1980
263668110836472,93,56,57082,622.782,1980
263668160949509,93,56,57082,622.396,1980
263668214823446,93,56,57082,622.396,1980
263668265973775,94,56,57082,609.951,1980
263668317160730,94,56,57082,609.951,1980
263668367876182,94,56,57082,569.207,1980
263668418723163,94,56,57082,569.207,1980
263668468842504,2,2,57082,523.158,1980
263668521785281,2,2,57082,488.197,1980
263668571933954,2,2,57082,488.197,1980
263668624241408,46,22,57082,459.988,1980
263668674422547,46,22,57082,459.988,1980
263668727466610,46,22,57082,433.306,1980
263668778598629,46,22,57082,433.306,1980
263668831711901,54,26,57082,408.21,1980
263668881897094,54,26,57082,408.21,1980
263668934758344,54,26,57082,384.928,1980
263668987400401,54,26,57082,384.928,1980
263669037578865,56,27,57082,357.572,1980
263669087744105,56,27,57082,357.572,1980
263669139578340,56,27,57082,332.877,1980
263669189726910,56,27,57082,332.877,1980
263669239935353,63,31,57082,320.476,1980
263669291349331,63,31,57082,320.476,1980
263669342175886,63,31,57082,341.03,1980
263669392846348,63,31,57082,341.03,1980
263669443050426,82,42,57082,363.434,1980
263669493231913,82,42,57082,363.434,1980
263669553480838,82,42,57082,377.698,1980
263669615087392,82,42,57082,377.698,1980
263669665211307,78,41,57082,373.387,1980
263669715333632,78,41,57082,373.387,1980
263669765440558,78,41,57082,404.966,1980
263669815549129,78,41,57082,404.966,1980
263669865686508,97,48,57082,433.429,1980
263669915810861,97,48,57082,433.429,1980
263669965927958,97,48,57082,460.056,1980
263670016057484,97,48,57082,460.056,1980
263670066189688,98,48,57082,492.318,1980
263670116310863,98,48,57082,492.318,1980
263670166901378,98,48,57082,521.964,1980
263670217014213,98,48,57082,521.964,1980
263670267121391,95,47,57082,548.522,1980
263670317233786,95,47,57082,548.522,1980
263670367340266,95,47,57082,567.339,1980
263670417453587,95,47,57082,567.339,1980
263670467562192,93,51,57082,585.731,1980
263670517725871,93,51,57082,585.731,1980
263670567831140,93,51,57082,606.04,1980
263670617935776,93,51,57082,606.04,1980
263670668044127,95,51,57082,633.595,1980
263670718164238,95,51,57082,633.595,1980
263670768270625,95,51,57082,628.945,1980
263670818379726,95,51,57082,628.945,1980
263670868486603,98,54,57082,625.111,1980
263670918628488,98,54,57082,625.111,1980
263670968733167,98,54,57082,622.855,1980
263671018859257,98,54,57082,622.855,1980
263671068965310,93,52,57082,618.367,1980
263671119048539,93,52,57082,618.367,1980
263671169150361,93,52,57082,612.266,1980
263671219253817,93,52,57082,612.266,1980
263671269358200,95,51,57082,616.027,1980
263671319426695,95,51,57082,616.027,1980
263671369533028,95,51,57082,617.127,1980
263671419651224,95,51,57082,617.127,1980
263671469775551,98,54,57082,619.843,1980
263671519890369,98,54,57082,619.843,1980
263671570005370,98,54,57082,621.657,1980
263671620116635,98,54,57082,621.657,1980
263671670225664,94,52,57082,623.922,1980
263671720331225,94,52,57082,623.922,1980
263671770445427,94,52,57082,621.592,1980
263671820558893,94,52,57082,621.592,1980
263671870705176,95,51,57082,619.886,1980
263671920830678,95,51,57082,619.886,1980
263671971036809,95,51,57082,619.421,1980
263672021154996,95,51,57082,619.421,1980
263672071274002,98,54,57082,617.196,1980
263672121723630,98,54,57082,617.196,1980
263672171838551,98,54,57082,613.777,1980
263672222929233,98,54,57082,570.712,1980
263672273605472,55,42,57082,570.712,1980
263672324520157,55,42,57082,527.687,1980
263672375525660,55,42,57082,527.687,1980
263672426492717,2,2,57082,488.297,1980
263672476675741,2,2,57082,488.297,1980
263672529070996,2,2,57082,463.623,1980
263672579430793,2,2,57082,463.623,1980
263672629569261,53,25,57082,434.34,1980
263672682061163,53,25,57082,434.34,1980
263672732246911,53,25,57082,413.423,1980
263672783232374,53,25,57082,413.423,1980
263672833372822,50,24,57082,389.648,1980
263672884253886,50,24,57082,389.648,1980
263672935284255,50,24,57082,360.095,1980
263672986039196,50,24,57082,360.095,1980
263673036165446,61,30,57082,342.377,1980
263673086331404,61,30,57082,342.377,1980
263673138065716,61,30,57082,316.551,1980
263673188810521,61,30,57082,316.551,1980
263673239041835,69,34,57082,333.396,1980
263673290322728,69,34,57082,333.396,1980
263673341326403,69,34,57082,358.893,1980
263673391470025,69,34,57082,358.893,1980
263673441657684,88,45,57082,378.703,1980
263673496885956,88,45,57082,378.703,1980
263673547017011,88,45,57082,372.71,1980
263673597148876,88,45,57082,372.71,1980
263673647260630,49,25,57082,401.259,1980
263673697373864,49,25,57082,401.259,1980
263673747484602,49,25,57082,430.76,1980
263673797626624,49,25,57082,430.76,1980
263673847749230,98,49,57082,461.157,1980
263673897870729,98,49,57082,461.157,1980
263673948015284,98,49,57082,490.025,1980
263673998127639,98,49,57082,490.025,1980
263674048268151,98,48,57082,519.744,1980
263674098424017,98,48,57082,519.744,1980
263674148542045,98,48,57082,542.644,1980
263674198657364,98,48,57082,542.644,1980
263674248767111,84,41,57082,566.906,1980
263674298878795,84,41,57082,566.906,1980
263674348986601,84,41,57082,588.103,1965
263674399094465,84,41,57082,588.103,1965
263674449206776,98,53,57082,607.68,1965
263674499320812,98,53,57082,607.68,1965
263674549435241,98,53,57082,630.543,1965
263674599548898,98,53,57082,630.543,1965
263674649663915,93,52,57082,635.17,1980
263674699783956,93,52,57082,635.17,1980
263674749891870,93,52,57082,625.791,1980
263674800015503,93,52,57082,625.791,1980
263674850150502,98,55,57082,621.267,1980
263674900268061,98,55,57082,621.267,1980
263674950399055,98,55,57082,613.178,1980
263675000505357,98,55,57082,613.178,1980
263675050608365,93,52,57082,609.156,1980
263675100714173,93,52,57082,609.156,1980
263675150819293,93,52,57082,603.169,1980
263675200923987,93,52,57082,603.169,1980
263675251051357,93,54,57082,604.678,1980
263675301185692,93,54,57082,604.678,1980
263675351300592,93,54,57082,605.443,1980
263675401435441,93,54,57082,605.443,1980
263675451541907,93,52,57082,605.687,1980
263675501645618,93,52,57082,605.687,1980
263675551760694,93,52,57082,607.627,1980
263675601897916,93,52,57082,607.627,1980
263675651983956,95,51,57082,608.717,1980
263675702089389,95,51,57082,608.717,1980
263675752194703,95,51,57082,610.929,1980
263675802303823,95,51,57082,610.929,1980
263675852413023,96,53,57082,611.705,1980
263675902522620,96,53,57082,611.705,1980
263675952738119,96,53,57082,611.958,1980
263676002864004,96,53,57082,611.958,1980
263676053051767,93,52,57082,615.022,1980
263676103196262,93,52,57082,615.022,1980
263676153309882,93,52,57082,614.845,1980
263676204197875,93,52,57082,614.845,1980
263676254310329,98,54,57082,600.876,1980
263676305103499,98,54,57082,600.876,1980
263676356277519,98,54,57082,555.644,1980
263676407759144,98,54,57082,555.644,1980
263676479518935,2,2,57082,513.091,1980
263676530154463,2,2,57082,477.013,1980
263676583226504,2,2,57082,477.013,1980
263676633357042,38,17,57082,452.756,1980
263676684418563,38,17,57082,452.756,1980
263676735456139,38,17,57082,425.687,1980
263676788572366,38,17,57082,425.687,1980
263676838748073,51,24,57082,399.933,1980
263676891462643,51,24,57082,399.933,1980
263676943918430,51,24,57082,375.66,1980
263676994518302,51,24,57082,375.66,1980
263677044817782,57,27,57082,354.246,1980
263677094964743,57,27,57082,354.246,1980
263677146084969,57,27,57082,331.878,1980
263677198031334,57,27,57082,331.878,1980
263677248166932,60,30,57082,315.082,1980
263677298313579,60,30,57082,315.082,1980
263677348474003,60,30,57082,337.824,1980
263677399020579,60,30,57082,337.824,1980
263677449138235,84,42,57082,357.601,1980
263677499468294,84,42,57082,357.601,1980
263677563652349,84,42,57082,374.955,1980
263677613770899,84,42,57082,374.955,1980
263677663886483,78,41,57082,374.818,1980
263677714027225,78,41,57082,374.818,1980
263677764147463,78,41,57082,408.733,1980
263677814254384,78,41,57082,408.733,1980
263677864383766,98,51,57082,438.36,1980
263677914497362,98,51,57082,438.36,1980
263677964615202,98,51,57082,467.698,1980
263678014719979,98,51,57082,467.698,1980
263678064877321,98,50,57082,494.155,1980
263678115021992,98,50,57082,494.155,1980
263678165149654,98,50,57082,526.639,1980
263678215260606,98,50,57082,526.639,1980
263678265373779,98,50,57082,548.172,1980
263678315485132,98,50,57082,548.172,1980
263678365609876,98,50,57082,566.7,1980
263678415721737,98,50,57082,566.7,1980
263678465830814,93,51,57082,589.335,1980
263678515944126,93,51,57082,589.335,1980
263678566062507,93,51,57082,604.507,1980
263678616202921,93,51,57082,604.507,1980
263678666327275,93,53,57082,631.76,1980
263678716446367,93,53,57082,631.76,1980
263678766561655,93,53,57082,624.686,1980
263678816672539,93,53,57082,624.686,1980
263678866790354,95,53,57082,616.843,1980
263678916904014,95,53,57082,616.843,1980
263678967012199,95,53,57082,612.402,1980
263679017137677,95,53,57082,612.402,1980
263679067253609,93,53,57082,608.643,1980
263679117360993,93,53,57082,608.643,1980
263679167466398,93,53,57082,604.171,1980
263679217572572,93,53,57082,604.171,1980
263679267684064,95,52,57082,601.504,1980
263679317795564,95,52,57082,601.504,1980
263679367896448,95,52,57082,605.831,1980
263679417999329,95,52,57082,605.831,1980
263679468108740,98,55,57082,606.52,1980
263679518227526,98,55,57082,606.52,1980
263679568338574,98,55,57082,609.433,1980
263679618445558,98,55,57082,609.433,1980
263679668552608,93,53,57082,611.635,1980
263679718663101,93,53,57082,611.635,1980
263679768771653,93,53,57082,610.723,1980
263679818872856,93,53,57082,610.723,1980
263679868972730,98,55,57082,609.299,1980
263679919084686,98,55,57082,609.299,1980
263679969190330,98,55,57082,607.633,1980
263680019291911,98,55,57082,607.633,1980
263680069393552,93,53,57082,605.838,1980
263680119496731,93,53,57082,605.838,1980
263680169612032,93,53,57082,602.596,1980
263680219720066,93,53,57082,602.596,1980
263680269826425,98,56,57082,601.606,1980
263680319942429,98,56,57082,601.606,1980
263680372092100,98,56,57082,600.333,1980
263680422768382,98,56,57082,600.333,1980
263680473506134,58,44,57082,560.954,1980
263680524570775,58,44,57082,560.954,1980
263680575420200,58,44,57082,515.02,1980
263680628499822,2,2,57082,476.045,1980
263680678632935,2,2,57082,476.045,1980
263680728864626,2,2,57082,453.127,1980
263680781336644,2,2,57082,453.127,1980
263680831525834,54,25,57082,431.973,1980
263680884462423,54,25,57082,431.973,1980
263680935299329,54,25,57082,410.438,1980
263680985419519,54,25,57082,410.438,1980
263681038072748,54,26,57082,387.06,1980
263681090487131,54,26,57082,387.06,1980
263681141875876,54,26,57082,363.575,1980
263681192036249,54,26,57082,363.575,1980
263681243152551,58,28,57082,339.875,1980
263681293275814,58,28,57082,339.875,1980
263681344727951,58,28,57082,323.249,1980
263681395531494,58,28,57082,323.249,1980
263681446937693,67,33,57082,339.308,1980
263681497518198,67,33,57082,339.308,1980
263681548451141,67,33,57082,357.893,1980
263681598608424,67,33,57082,357.893,1980
263681648921931,92,47,57082,381.5,1980
263681704334738,92,47,57082,381.5,1980
263681754444479,92,47,57082,375.734,1980
263681804558056,92,47,57082,375.734,1980
263681854680415,47,23,57082,402.152,1980
263681904805813,47,23,57082,402.152,1980
263681954951908,47,23,57082,432.635,1980
263682005070238,47,23,57082,432.635,1980
263682055199277,98,48,57082,461.63,1980
263682105336485,98,48,57082,461.63,1980
263682155449894,98,48,57082,486.788,1980
263682205561720,98,48,57082,486.788,1980
263682255680481,97,49,57082,517.872,1980
263682305797572,97,49,57082,517.872,1980
263682355915879,97,49,57082,538.944,1980
263682406031086,97,49,57082,538.944,1980
263682456135101,82,43,57082,559.676,1980
263682506242937,82,43,57082,559.676,1980
263682556345875,82,43,57082,581.106,1980
263682606461393,82,43,57082,581.106,1980
263682656568630,93,53,57082,597.815,1980
263682706675256,93,53,57082,597.815,1980
263682756784752,93,53,57082,625.527,1980
263682806917297,93,53,57082,625.527,1980
263682857032112,93,52,57082,621.454,1980
263682907139130,93,52,57082,621.454,1980
263682957247264,93,52,57082,615.708,1980
263683007355248,93,52,57082,615.708,1980
263683057462498,93,52,57082,610.575,1980
263683107575019,93,52,57082,610.575,1980
263683157701813,93,52,57082,606.703,1980
263683207859639,93,52,57082,606.703,1980
263683257967225,93,53,57082,602.353,1980
263683308073163,93,53,57082,602.353,1980
263683358182297,93,53,57082,600.786,1980
263683408315289,93,53,57082,600.786,1980
263683458431347,93,52,57082,599.879,1980
263683508568635,93,52,57082,599.879,1980
263683558681923,93,52,57082,601.014,1980
263683608791835,93,52,57082,601.014,1980
263683658897807,93,52,57082,602.926,1980
263683709011693,93,52,57082,602.926,1980
263683759135490,93,52,57082,605.551,1980
263683809255025,93,52,57082,605.551,1980
263683859362841,93,53,57082,605.857,1980
263683909476179,93,53,57082,605.857,1980
263683959586540,93,53,57082,606.284,1980
263684009691433,93,53,57082,606.284,1980
263684059803566,93,52,57082,605.215,1980
263684111297686,93,52,57082,605.215,1980
263684161409810,93,52,57082,603.417,1980
263684211524099,93,52,57082,603.417,1980
263684262317424,93,52,57082,601.609,1980
263684315696894,93,52,57082,601.609,1980
263684366728820,93,52,57082,573.692,1980
263684417539961,93,52,57082,573.692,1980
263684468207080,3,3,57082,534.017,1980
263684519404239,3,3,57082,534.017,1980
263684571697057,3,3,57082,489.052,1980
263684624652415,3,3,57082,489.052,1980
263684674790699,9,4,57082,462.367,1980
263684727619251,9,4,57082,462.367,1980
263684777758482,9,4,57082,443.667,1980
263684830663396,53,25,57082,418.423,1980
263684880821687,53,25,57082,418.423,1980
263684933017166,53,25,57082,400.264,1980
263684986012063,53,25,57082,400.264,1980
263685037498500,56,27,57082,379.172,1980
263685087648916,56,27,57082,379.172,1980
263685139925248,56,27,57082,354.848,1980
263685190117634,56,27,57082,354.848,1980
263685240584539,63,31,57082,326.751,1980
263685291141056,63,31,57082,326.751,1980
263685341543838,63,31,57082,336.858,1980
263685392392638,63,31,57082,336.858,1980
263685442518302,87,45,57082,359.151,1980
263685492646241,87,45,57082,359.151,1980
263685552920588,87,45,57082,376.242,1980
263685603042724,87,45,57082,376.242,1980
263685653153088,83,43,57082,384.384,1980
263685703277745,83,43,57082,384.384,1980
263685753384263,83,43,57082,413.432,1980
263685803491881,83,43,57082,413.432,1980
263685853607790,98,48,57082,441.653,1980
263685903717056,98,48,57082,441.653,1980
263685953826168,98,48,57082,468.975,1980
263686003944547,98,48,57082,468.975,1980
263686054061626,97,48,57082,494.736,1980
263686104171210,97,48,57082,494.736,1980
263686154304406,97,48,57082,524.106,1980
263686204424897,97,48,57082,524.106,1980
263686254537976,84,41,57082,543.069,1980
263686304649047,84,41,57082,543.069,1980
263686354763171,84,41,57082,564.21,1980
263686404905589,84,41,57082,564.21,1980
263686455028271,93,52,57082,579.959,1980
263686505155017,93,52,57082,579.959,1980
263686555271853,93,52,57082,597.747,1980
263686605381556,93,52,57082,597.747,1980
263686655497462,94,52,57082,619.742,1980
263686705613781,94,52,57082,619.742,1980
263686755737140,94,52,57082,609.786,1980
263686805856433,94,52,57082,609.786,1980
263686855982094,95,53,57082,602.038,1980
263686906092834,95,53,57082,602.038,1980
263686956207184,95,53,57082,595.177,1980
263687006320045,95,53,57082,595.177,1980
263687056434229,97,53,57082,591.976,1980
263687106547346,97,53,57082,591.976,1980
263687156659418,97,53,57082,583.864,1980
263687207961582,97,53,57082,583.864,1980
263687258068448,93,52,57082,583.298,1980
263687308179105,93,52,57082,583.298,1980
263687358287874,93,52,57082,583.625,1980
263687408398488,93,52,57082,583.625,1980
263687458516795,95,51,57082,586.477,1980
263687508629407,95,51,57082,586.477,1980
263687558738674,95,51,57082,590.752,1980
263687608847839,95,51,57082,590.752,1980
263687658960866,98,55,57082,593.626,1980
263687709068318,98,55,57082,593.626,1980
263687759179877,98,55,57082,589.734,1980
263687809307076,98,55,57082,589.734,1980
263687859418189,93,52,57082,590.727,1980
263687909527249,93,52,57082,590.727,1980
263687959632361,93,52,57082,586.295,1980
263688009749705,93,52,57082,586.295,1980
263688059865170,94,52,57082,586.333,1980
263688111699201,94,52,57082,586.333,1980
263688162574347,94,52,57082,563.758,1980
263688213358772,94,52,57082,563.758,1980
263688263990543,5,5,57082,521.266,1980
263688314834626,5,5,57082,521.266,1980
263688370595307,5,5,57082,478.648,1980
263688423619515,5,5,57082,478.648,1980
263688473768633,8,4,57082,456.091,1980
263688523920841,8,4,57082,456.091,1980
263688576669078,8,4,57082,436.749,1980
263688626806487,8,4,57082,436.749,1980
263688679573142,54,25,57082,411.856,1980
263688732367415,54,25,57082,395.069,1980
263688784593843,54,25,57082,395.069,1980
263688836862792,55,26,57082,371.678,1980
263688887147871,55,26,57082,371.678,1980
263688939401447,55,26,57082,355.667,1980
263688989871499,55,26,57082,355.667,1980
263689041771395,60,29,57082,338.438,1980
263689091893546,60,29,57082,338.438,1980
263689142004647,60,29,57082,333.202,1980
263689193023609,60,29,57082,333.202,1980
263689243198926,69,36,57082,358.08,1980
263689293367338,69,36,57082,358.08,1980
263689343507059,69,36,57082,379.066,1980
263689393665037,69,36,57082,379.066,1980
263689449268384,98,51,57082,383.139,1980
263689499384895,98,51,57082,383.139,1980
263689549524168,98,51,57082,385.793,1980
263689599654332,98,51,57082,385.793,1980
263689649769961,84,42,57082,415.332,1980
263689699890829,84,42,57082,415.332,1980
263689750008797,84,42,57082,444.296,1980
263689800117707,84,42,57082,444.296,1980
263689850241400,98,50,57082,471.265,1980
263689900372287,98,50,57082,471.265,1980
263689950499810,98,50,57082,497.386,1980
263690000640725,98,50,57082,497.386,1980
263690050754628,98,50,57082,527.43,1980
263690100863447,98,50,57082,527.43,1980
263690151014366,98,50,57082,547.698,1980
263690201152369,98,50,57082,547.698,1980
263690251264242,87,46,57082,568.466,1980
263690301368985,87,46,57082,568.466,1980
263690351471534,87,46,57082,588.96,1980
263690401579493,87,46,57082,588.96,1980
263690451707752,93,53,57082,614.11,1980
263690501818661,93,53,57082,614.11,1980
263690551925215,93,53,57082,633.523,1980
263690602036922,93,53,57082,633.523,1980
263690652149366,96,55,57082,625.382,1980
263690702264428,96,55,57082,625.382,1980
263690752378954,96,55,57082,618.183,1980
263690803841977,96,55,57082,618.183,1980
263690853949688,93,53,57082,613.26,1980
263690904054835,93,53,57082,613.26,1980
263690954161113,93,53,57082,609.041,1980
263691004277298,93,53,57082,609.041,1980
263691054417567,95,52,57082,603.165,1980
263691104526478,95,52,57082,603.165,1980
263691154632468,95,52,57082,604.333,1980
263691204743546,95,52,57082,604.333,1980
263691254857840,98,54,57082,601.647,1980
263691304997344,98,54,57082,601.647,1980
263691355134877,98,54,57082,596.16,1980
263691405259243,98,54,57082,596.16,1980
263691455372118,93,53,57082,596.929,1980
263691505487447,93,53,57082,596.929,1980
263691555624570,93,53,57082,598.613,1980
263691605738864,93,53,57082,598.613,1980
263691655855341,93,54,57082,601.432,1980
263691705983822,93,54,57082,601.432,1980
263691756102771,93,54,57082,602.647,1980
263691806223901,93,54,57082,602.647,1980
263691856339735,93,53,57082,599.16,1980
263691906458886,93,53,57082,599.16,1980
263691956588761,93,53,57082,594.813,1980
263692006719491,93,53,57082,594.813,1980
263692056849135,95,52,57082,594.206,1980
263692112179927,95,52,57082,594.206,1980
263692163240438,95,52,57082,572.195,1980
263692214363065,95,52,57082,572.195,1980
263692265313293,14,14,57082,529.498,1980
263692316277165,14,14,57082,529.498,1980
263692366416750,14,14,57082,493.532,1980
263692416981058,14,14,57082,493.532,1980
263692467100017,11,5,57082,462.908,1980
263692520196010,11,5,57082,462.908,1980
263692570357698,11,5,57082,433.768,1980
263692622671094,11,5,57082,433.768,1980
263692673597774,56,26,57082,413.522,1980
263692725897429,56,26,57082,413.522,1980
263692778136997,56,26,57082,387.039,1980
263692828299113,56,26,57082,387.039,1980
263692879150688,57,27,57082,372.771,1980
263692929329044,57,27,57082,372.771,1980
263692980784393,57,27,57082,350.706,1980
263693032552809,57,27,57082,325.021,1980
263693084317700,59,29,57082,325.021,1980
263693134491756,59,29,57082,326.301,1980
263693184642560,59,29,57082,326.301,1980
263693236106774,68,34,57082,344.066,1980
263693286249211,68,34,57082,344.066,1980
263693336407427,68,34,57082,368.599,1980
263693386574881,68,34,57082,368.599,1980
263693437194553,86,43,57082,379.409,1980
263693498809073,86,43,57082,379.409,1980
263693548942845,86,43,57082,371.586,1980
263693599060130,86,43,57082,371.586,1980
263693649180626,29,14,57082,399.918,1980
263693699299686,29,14,57082,399.918,1980
263693749408333,29,14,57082,429.483,1980
263693799525633,29,14,57082,429.483,1980
263693849637809,98,48,57082,457.181,1980
263693899755663,98,48,57082,457.181,1980
263693949870075,98,48,57082,486.448,1980
263693999982438,98,48,57082,486.448,1980
263694050114515,98,48,57082,512.444,1980
263694100224666,98,48,57082,512.444,1980
263694150340811,98,48,57082,541.218,1980
263694200455083,98,48,57082,541.218,1980
263694250567285,84,41,57082,560.909,1980
263694300674588,84,41,57082,560.909,1980
263694350783271,84,41,57082,580.685,1980
263694400889693,84,41,57082,580.685,1980
263694451005525,93,51,57082,599.871,1980
263694501114357,93,51,57082,599.871,1980
263694551222212,93,51,57082,632.755,1980
263694601305929,93,51,57082,632.755,1980
263694651435872,93,51,57082,630.772,1980
263694701554276,93,51,57082,630.772,1980
263694751659750,93,51,57082,624.662,1980
263694801765410,93,51,57082,624.662,1980
263694851871904,98,54,57082,619.853,1980
263694901981165,98,54,57082,619.853,1980
263694952087769,98,54,57082,615.734,1980
263695002195662,98,54,57082,615.734,1980
263695052314741,93,51,57082,610.068,1980
263695102434237,93,51,57082,610.068,1980
263695152539762,93,51,57082,606.294,1980
263695202656739,93,51,57082,606.294,1980
263695252773251,95,52,57082,610.813,1980
263695302883918,95,52,57082,610.813,1980
263695352996173,95,52,57082,615.777,1980
263695403131741,95,52,57082,615.777,1980
263695453243212,93,52,57082,617.209,1980
263695503351436,93,52,57082,617.209,1980
263695553459338,93,52,57082,613.839,1980
263695603568833,93,52,57082,613.839,1980
263695653689837,94,50,57082,613.419,1980
263695703798639,94,50,57082,613.419,1980
263695753902935,94,50,57082,616.385,1980
263695804016739,94,50,57082,616.385,1980
263695854124012,98,54,57082,616.712,1980
263695908979986,98,54,57082,616.712,1980
263695959055699,98,54,57082,616.505,1980
263696009171483,98,54,57082,616.505,1980
263696059283946,93,51,57082,613.583,1980
263696109424029,93,51,57082,613.583,1980
263696159587286,93,51,57082,614.916,1980
263696211602759,93,51,57082,614.916,1980
263696262398238,93,57,57082,593.783,1980
263696313507990,93,57,57082,593.783,1980
263696365057168,93,57,57082,548.701,1980
263696416081120,93,57,57082,548.701,1980
263696466288967,2,2,57082,503.552,1980
263696516418548,2,2,57082,503.552,1980
263696568724884,2,2,57082,472.812,1980
263696618905460,2,2,57082,472.812,1980
263696670937165,52,24,57082,452.299,1980
263696721065534,52,24,57082,452.299,1980
263696773362725,52,24,57082,426.221,1980
263696826450168,52,24,57082,426.221,1980
263696879379636,56,27,57082,401.502,1980
263696930243534,56,27,57082,401.502,1980
263696982494445,56,27,57082,373.512,1980
263697034184359,56,27,57082,373.512,1980
263697084368024,60,29,57082,349.821,1980
263697136585295,60,29,57082,325.104,1980
263697186754653,60,29,57082,325.104,1980
263697238993015,64,32,57082,327.63,1980
263697289197451,64,32,57082,327.63,1980
263697339333818,64,32,57082,346.646,1980
263697389470869,64,32,57082,346.646,1980
263697439616400,71,37,57082,365.286,1980
263697489773779,71,37,57082,365.286,1980
263697549538198,71,37,57082,375.694,1980
263697599650513,71,37,57082,375.694,1980
263697649770943,56,29,57082,381.025,1980
263697699886210,56,29,57082,381.025,1980
263697750014316,56,29,57082,411.345,1980
263697800164192,56,29,57082,411.345,1980
263697850287325,98,48,57082,441.817,1980
263697900407617,98,48,57082,441.817,1980
263697950517709,98,48,57082,469.204,1980
263698000627141,98,48,57082,469.204,1980
263698050737529,98,48,57082,498.847,1980
263698100847321,98,48,57082,498.847,1980
263698150961172,98,48,57082,524.118,1980
263698201047274,98,48,57082,524.118,1980
263698251161820,84,41,57082,542.785,1980
263698301275520,84,41,57082,542.785,1980
263698351400153,84,41,57082,562.349,1980
263698401511955,84,41,57082,562.349,1980
263698451626489,97,53,57082,580.058,1980
263698501743815,97,53,57082,580.058,1980
263698551860692,97,53,57082,602.116,1980
263698601971245,97,53,57082,602.116,1980
263698652063342,93,52,57082,627.588,1980
263698702182737,93,52,57082,627.588,1980
263698752303464,93,52,57082,622.079,1980
263698802420187,93,52,57082,622.079,1980
263698853883303,95,51,57082,618.105,1980
263698903992658,95,51,57082,618.105,1980
263698954102083,95,51,57082,613.613,1980
263699004207339,95,51,57082,613.613,1980
263699054316827,98,54,57082,605.876,1980
263699104426474,98,54,57082,605.876,1980
263699154537138,98,54,57082,601.12,1980
263699204643551,98,54,57082,601.12,1980
263699254749467,94,52,57082,595.701,1980
263699304854196,94,52,57082,595.701,1980
263699354960178,94,52,57082,601.128,1980
263699405049848,94,52,57082,601.128,1980
263699455158796,95,51,57082,603.08,1980
263699505300884,95,51,57082,603.08,1980
263699555408371,95,51,57082,607.552,1980
263699605512225,95,51,57082,607.552,1980
263699655619641,98,54,57082,610.366,1980
263699705740002,98,54,57082,610.366,1980
263699755855844,98,54,57082,609.059,1980
263699805960506,98,54,57082,609.059,1980
263699856047555,93,52,57082,614.273,1980
263699906158511,93,52,57082,614.273,1980
263699956265468,93,52,57082,616.512,1980
263700006379588,93,52,57082,616.512,1980
263700056487902,95,51,57082,619.768,1980
263700109230922,95,51,57082,619.768,1980
263700160308387,95,51,57082,598.135,1980
263700211209243,95,51,57082,598.135,1980
263700261927365,18,18,57082,562.685,1980
263700312598871,18,18,57082,562.685,1980
263700362724159,18,18,57082,518.367,1980
263700414502528,18,18,57082,518.367,1980
263700467535831,2,1,57082,486.221,1980
263700517780185,2,1,57082,486.221,1980
263700570318852,2,1,57082,462.448,1980
263700621053568,2,1,57082,462.448,1980
263700673562768,54,25,57082,436.253,1980
263700723751556,54,25,57082,436.253,1980
263700773923808,54,25,57082,411.416,1980
263700826083154,54,25,57082,411.416,1980
263700876274825,54,26,57082,381.822,1980
263700929194261,54,26,57082,381.822,1980
263700981407419,54,26,57082,355.979,1980
263701033947842,54,26,57082,355.979,1980
263701084083359,50,25,57082,328.559,1980
263701136321585,50,25,57082,326.884,1980
263701187407213,50,25,57082,326.884,1980
263701237581052,60,30,57082,346.425,1980
263701288625395,60,30,57082,346.425,1980
263701338757443,60,30,57082,367.883,1980
263701389296967,60,30,57082,367.883,1980
263701440224764,71,38,57082,378.618,1980
263701490361091,71,38,57082,378.618,1980
263701550598161,71,38,57082,382.878,1980
263701605814734,71,38,57082,382.878,1980
263701655929552,65,34,57082,378.163,1980
263701706046681,65,34,57082,378.163,1980
263701756186149,65,34,57082,408.829,1980
263701806298770,65,34,57082,408.829,1980
263701856426745,98,48,57082,435.369,1980
263701906548823,98,48,57082,435.369,1980
263701956661060,98,48,57082,465.439,1980
263702006795177,98,48,57082,465.439,1980
263702056914348,98,48,57082,491.767,1980
263702107048566,98,48,57082,491.767,1980
263702157170515,98,48,57082,519.251,1980
263702207280544,98,48,57082,519.251,1980
263702257398466,98,48,57082,538.771,1980
263702307513531,98,48,57082,538.771,1980
263702357623767,98,48,57082,560.851,1980
263702407734404,98,48,57082,560.851,1980
263702457842982,93,49,57082,583.193,1980
263702507956378,93,49,57082,583.193,1980
263702558065367,93,49,57082,609.269,1980
263702608174771,93,49,57082,609.269,1980
263702658283069,93,53,57082,637.935,1980
263702708389495,93,53,57082,637.935,1980
263702758499314,93,53,57082,632.544,1980
263702808606063,93,53,57082,632.544,1980
263702858713899,93,51,57082,627.293,1980
263702908823168,93,51,57082,627.293,1980
263702958933426,93,51,57082,622.742,1980
263703009064027,93,51,57082,622.742,1980
263703059184405,95,50,57082,619.392,1980
263703109347355,95,50,57082,619.392,1980
263703159452626,95,50,57082,613.592,1980
263703209555813,95,50,57082,613.592,1980
263703259660062,98,54,57082,617.211,1980
263703309769046,98,54,57082,617.211,1980
263703359878278,98,54,57082,617.385,1980
263703409986138,98,54,57082,617.385,1980
263703460090360,93,52,57082,615.527,1980
263703510192659,93,52,57082,615.527,1980
263703560299024,93,52,57082,614.974,1980
263703610411411,93,52,57082,614.974,1980
263703660518417,95,53,57082,610.987,1980
263703710623907,95,53,57082,610.987,1980
263703760727047,95,53,57082,611.376,1980
263703810843214,95,53,57082,611.376,1980
263703860949950,93,51,57082,614.266,1980
263703911947333,93,51,57082,614.266,1980
263703962052402,93,51,57082,611.97,1980
263704012165991,93,51,57082,611.97,1980
263704062288926,93,51,57082,614.564,1980
263704112396234,93,51,57082,614.564,1980
263704162510476,93,51,57082,612.764,1980
263704214825861,93,51,57082,612.764,1980
263704265597393,98,55,57082,595.304,1980
263704316304848,98,55,57082,595.304,1980
263704367333863,98,55,57082,550.916,1980
263704418083808,98,55,57082,550.916,1980
263704469878399,2,2,57082,507.513,1980
263704520012376,2,2,57084,507.513,1980
263704570137456,2,2,57084,471.834,1980
263704623076974,2,2,57084,471.834,1980
263704673234038,39,18,57084,448.018,1980
263704726055231,39,18,57084,448.018,1980
263704776172665,39,18,57084,424.905,1980
263704829310326,39,18,57084,424.905,1980
263704882011370,55,26,57084,399.093,1980
263704932621517,55,26,57084,399.093,1980
263704982988651,55,26,57084,372.354,1980
263705033205015,55,26,57084,372.354,1980
263705084084874,56,27,57084,352.916,1980
263705136255876,56,27,57084,352.916,1980
263705187704453,56,27,57084,332.308,1980
263705237824987,56,27,57084,332.308,1980
263705289703655,61,30,57084,320.057,1980
263705339872645,61,30,57084,342.329,1980
263705390263237,61,30,57084,342.329,1980
263705440402115,72,38,57084,362.368,1980
263705490619528,72,38,57084,362.368,1980
263705541078988,72,38,57084,379.829,1980
263705591301739,72,38,57084,379.829,1980
263705641427779,97,50,57084,375.993,1980
263705691556575,97,50,57084,375.993,1980
263705741695042,97,50,57084,406.157,1980
263705791809981,97,50,57084,406.157,1980
263705841929822,98,48,57084,434.728,1980
263705892044955,98,48,57084,434.728,1980
263705942568326,98,48,57084,460.419,1980
263705992700340,98,48,57084,460.419,1980
263706042812196,98,48,57084,485.732,1980
263706092920686,98,48,57084,485.732,1980
263706143045766,98,48,57084,514.74,1980
263706195921007,98,48,57084,514.74,1980
263706246034716,98,48,57084,536.488,1980
263706296149018,98,48,57084,536.488,1980
263706346265571,98,48,57084,557.913,1980
263706396376580,98,48,57084,557.913,1980
263706446646137,95,47,57084,578.595,1980
263706496756753,95,47,57084,578.595,1980
263706546870921,95,47,57084,597.752,1980
263706596986821,95,47,57084,597.752,1980
263706647101607,98,53,57084,632.523,1980
263706697209448,98,53,57084,632.523,1980
263706747322087,98,53,57084,626.635,1980
263706797438928,98,53,57084,626.635,1980
263706847548139,93,52,57084,619.533,1980
263706897660520,93,52,57084,619.533,1980
263706947781900,93,52,57084,614.752,1980
263706997894555,93,52,57084,614.752,1980
263707048005223,95,53,57084,608.72,1980
263707098126200,95,53,57084,608.72,1980
263707148234072,95,53,57084,603.273,1980
263707198378120,95,53,57084,603.273,1980
263707248488613,93,51,57084,604.872,1980
263707298596284,93,51,57084,604.872,1980
263707348701722,93,51,57084,603.865,1980
263707398809296,93,51,57084,603.865,1980
263707448931252,93,51,57084,607.302,1980
263707499043721,93,51,57084,607.302,1980
263707549149080,93,51,57084,603.53,1980
263707599260594,93,51,57084,603.53,1980
263707649374685,96,55,57084,600.966,1980
263707699492814,96,55,57084,600.966,1980
263707749600673,96,55,57084,601.987,1980
263707799712783,96,55,57084,601.987,1980
263707849818696,93,52,57084,600.482,1980
263707899926078,93,52,57084,600.482,1980
263707950044748,93,52,57084,606.722,1980
263708000151651,93,52,57084,606.722,1980
263708051605753,95,50,57084,608.98,1980
263708101713028,95,50,57084,608.98,1980
263708151817753,95,50,57084,608.642,1980
263708201957895,95,50,57084,608.642,1980
